date,onchain_lstm,onchain_transformer,model4_signal
2018-03-02,-0.028617367,2.48383,0.9763616
2018-03-03,-0.2661289,2.4933631,0.83766794
2018-03-04,0.5854335,2.50591,1.3536241
2018-03-05,0.94692427,2.5294368,1.5799294
2018-03-06,0.4508121,2.5227225,1.2795763
2018-03-07,-0.20608418,2.5527472,0.8974485
2018-03-08,-0.2187834,2.5671253,0.89558005
2018-03-09,-0.7310309,2.58912,0.59702945
2018-03-10,0.2024057,2.5995657,1.1612697
2018-03-11,-0.27456546,2.6193104,0.8829849
2018-03-12,0.70115495,2.6181698,1.4679608
2018-03-13,0.57387906,2.6379106,1.3994917
2018-03-14,0.7485456,2.637955,1.5043094
2018-03-15,-0.6548791,2.64177,0.6637805
2018-03-16,0.03465472,2.6446793,1.0786645
2018-03-17,-0.11948834,2.643821,0.9858354
2018-03-18,0.521683,2.6480374,1.3722248
2018-03-19,0.1613316,2.643782,1.1543118
2018-03-20,0.65238065,2.6577377,1.4545236
2018-03-21,-0.6293032,2.6604018,0.68657875
2018-03-22,0.3499758,2.6573315,1.2729181
2018-03-23,-0.094419554,2.6554053,1.0055104
2018-03-24,0.5329583,2.6559236,1.3821445
2018-03-25,0.19651814,2.6547256,1.1798011
2018-03-26,0.55044955,2.651693,1.3909471
2018-03-27,-0.21505527,2.6503117,0.9310916
2018-03-28,0.19026634,2.6508725,1.1745088
2018-03-29,0.40110135,2.6476967,1.2997395
2018-03-30,0.34556073,2.6478689,1.266484
2018-03-31,0.27351713,2.6417806,1.2208226
2018-04-01,-0.52670515,2.6445262,0.74178743
2018-04-02,0.5754939,2.6390026,1.4008973
2018-04-03,0.08802791,2.6460764,1.1112473
2018-04-04,0.47432172,2.6480308,1.3438053
2018-04-05,-0.71879554,2.6466331,0.6273759
2018-04-06,0.23684065,2.644935,1.2000784
2018-04-07,-0.20838337,2.645825,0.9332999
2018-04-08,0.7677714,2.6429706,1.5178511
2018-04-09,0.039641514,2.64167,1.0804529
2018-04-10,0.4855355,2.6439383,1.3488966
2018-04-11,-0.2707786,2.6459816,0.89592546
2018-04-12,-0.010953024,2.6436028,1.0508693
2018-04-13,-0.87715423,2.6396358,0.52956176
2018-04-14,0.5858585,2.6459942,1.4099128
2018-04-15,0.023638785,2.6526496,1.0752431
2018-04-16,0.77056295,2.6615245,1.5269477
2018-04-17,1.1245073,2.6571288,1.737556
2018-04-18,0.0810779,2.6495008,1.1084471
2018-04-19,0.16884045,2.6528223,1.1624333
2018-04-20,0.9559655,2.5857625,1.6078843
2018-04-21,0.6769385,2.6142094,1.4518468
2018-04-22,0.2888543,2.6101787,1.2173841
2018-04-23,0.77405477,2.6178992,1.5115925
2018-04-24,0.5475726,2.6103954,1.3727018
2018-04-25,1.140603,2.6267323,1.7350547
2018-04-26,-0.7200974,2.5873091,0.6028652
2018-04-27,1.1029783,2.5954416,1.6999637
2018-04-28,2.2205374,2.5952845,2.3704362
2018-04-29,0.52079946,2.5816877,1.3451548
2018-04-30,0.06282647,2.5970843,1.0765296
2018-05-01,1.922357,2.604486,2.1952085
2018-05-02,-0.9509264,2.610584,0.4736778
2018-05-03,1.2750072,2.5928402,1.8021405
2018-05-04,1.7745512,2.5925407,2.101747
2018-05-05,0.15492584,2.5892766,1.1286662
2018-05-06,-0.6152316,2.6026723,0.67192996
2018-05-07,1.8468418,2.607814,2.1512308
2018-05-08,0.21330805,2.590254,1.1640866
2018-05-09,0.37495512,2.5975418,1.2639898
2018-05-10,1.3249488,2.5907867,1.831284
2018-05-11,1.6306473,2.5875888,2.013424
2018-05-12,-0.1383994,2.6024222,0.95792925
2018-05-13,0.65039176,2.605868,1.4325824
2018-05-14,1.36488,2.61801,1.866132
2018-05-15,0.75397325,2.5894284,1.4881554
2018-05-16,-0.82251173,2.6073797,0.5494449
2018-05-17,2.0097024,2.6141863,2.251496
2018-05-18,0.74470454,2.587369,1.4817704
2018-05-19,-0.93417156,2.5798845,0.47145087
2018-05-20,0.46894222,2.6198895,1.3293211
2018-05-21,1.0776862,2.6201742,1.6946814
2018-05-22,1.4855022,2.6163664,1.937848
2018-05-23,0.25860283,2.6138895,1.2007176
2018-05-24,-0.19498704,2.6066058,0.9256501
2018-05-25,-0.2868681,2.611801,0.87259954
2018-05-26,0.54566044,2.6107159,1.3716826
2018-05-27,0.34512216,2.6206133,1.2553186
2018-05-28,1.1533083,2.618756,1.7394874
2018-05-29,0.922204,2.6043599,1.5950664
2018-05-30,0.2788921,2.6165712,1.2139637
2018-05-31,-0.35754585,2.6089792,0.82906425
2018-06-01,-0.37500238,2.6167831,0.8217118
2018-06-02,-0.15266381,2.616038,0.95481694
2018-06-03,0.14010067,2.6265776,1.1346915
2018-06-04,0.8474113,2.6250298,1.5584588
2018-06-05,1.4686294,2.6160562,1.9276001
2018-06-06,1.0253385,2.6164477,1.6617823
2018-06-07,0.32186234,2.6458824,1.2514703
2018-06-08,0.082360044,2.639439,1.1051917
2018-06-09,0.17933108,2.6227677,1.1567057
2018-06-10,1.2029517,2.6340296,1.7753829
2018-06-11,0.4662261,2.6302073,1.3318186
2018-06-12,1.1814252,2.62026,1.7569592
2018-06-13,0.10088675,2.623543,1.1099494
2018-06-14,1.7785877,2.6134074,2.1125154
2018-06-15,0.29296577,2.6227982,1.2248988
2018-06-16,1.3163989,2.6223326,1.8387723
2018-06-17,0.46470326,2.630613,1.3310672
2018-06-18,0.9199134,2.6283586,1.6032915
2018-06-19,0.73975974,2.6250782,1.4938872
2018-06-20,0.48898953,2.6227841,1.3425074
2018-06-21,-0.32267833,2.6278234,0.85752237
2018-06-22,-0.03876874,2.6195705,1.024567
2018-06-23,-0.06744777,2.6188412,1.0070678
2018-06-24,0.4563282,2.6450486,1.3318164
2018-06-25,0.27230048,2.6372788,1.2182918
2018-06-26,1.2798703,2.6426837,1.8249958
2018-06-27,0.8239689,2.649342,1.5541182
2018-06-28,-0.06571321,2.6483674,1.0199192
2018-06-29,-0.5244196,2.644168,0.74301535
2018-06-30,-0.18141495,2.6488173,0.95067793
2018-07-01,0.17713909,2.6502635,1.1663889
2018-07-02,0.016348585,2.629173,1.0614784
2018-07-03,0.79292953,2.644774,1.5336673
2018-07-04,0.5023866,2.647557,1.3604548
2018-07-05,-0.31271005,2.649339,0.87210965
2018-07-06,1.5589913,2.6474304,1.9943671
2018-07-07,0.06531231,2.6336849,1.0926614
2018-07-08,0.67263925,2.6479707,1.4627718
2018-07-09,0.26935333,2.637828,1.2167434
2018-07-10,0.5704934,2.64735,1.401236
2018-07-11,-0.16158728,2.6368468,0.9577864
2018-07-12,0.38179314,2.6448276,1.287007
2018-07-13,-0.67172027,2.6435797,0.65439975
2018-07-14,0.14488949,2.6447563,1.1448363
2018-07-15,-0.24793099,2.6502707,0.9113497
2018-07-16,0.26818395,2.644498,1.2187096
2018-07-17,1.6391743,2.6450033,2.041506
2018-07-18,0.06777619,2.6394923,1.0964627
2018-07-19,0.18649627,2.6379502,1.1670778
2018-07-20,-0.054789945,2.6154468,1.0133047
2018-07-21,-0.67643726,2.6355965,0.64837635
2018-07-22,-0.15559195,2.644142,0.9643016
2018-07-23,0.45961636,2.6380384,1.3309852
2018-07-24,0.7117245,2.6207778,1.4753458
2018-07-25,-0.12578084,2.6348267,0.97846216
2018-07-26,1.3305694,2.647242,1.8572385
2018-07-27,1.2507584,2.6254747,1.8006449
2018-07-28,1.282289,2.62002,1.8173814
2018-07-29,0.64879376,2.639865,1.4452223
2018-07-30,0.95136803,2.6194465,1.6185994
2018-07-31,-0.071375296,2.6388357,1.012709
2018-08-01,-1.0364947,2.6861348,0.4525571
2018-08-02,0.8602097,2.6348488,1.5700655
2018-08-03,2.4322424,2.6869063,2.5341082
2018-08-04,0.5643451,2.6818414,1.4113437
2018-08-05,0.4477467,2.6297593,1.3205518
2018-08-06,1.074203,2.6322565,1.6974244
2018-08-07,0.7144725,2.6252115,1.4787681
2018-08-08,0.09660047,2.6268284,1.1086917
2018-08-09,0.26929522,2.6155145,1.207783
2018-08-10,0.09048511,2.604773,1.0962002
2018-08-11,1.2206467,2.6086318,1.7758408
2018-08-12,0.43189895,2.6248288,1.309071
2018-08-13,0.40273225,2.6324816,1.2946321
2018-08-14,0.5813656,2.606948,1.3915986
2018-08-15,-0.3654487,2.597727,0.81982166
2018-08-16,0.2613811,2.6509,1.2171886
2018-08-17,0.9587275,2.6181865,1.6225111
2018-08-18,0.71504927,2.6089528,1.4726107
2018-08-19,-0.42592758,2.6379082,0.7996067
2018-08-20,0.6370187,2.6363635,1.4367566
2018-08-21,1.3992198,2.6213586,1.8880754
2018-08-22,-0.630337,2.597964,0.66098344
2018-08-23,-0.1844018,2.6594298,0.9531309
2018-08-24,0.9735607,2.5817304,1.6168287
2018-08-25,0.4634027,2.6056907,1.3203179
2018-08-26,0.34371966,2.616964,1.2530175
2018-08-27,1.1434907,2.6205542,1.7343161
2018-08-28,1.1917675,2.668946,1.7826389
2018-08-29,-0.36633158,2.6520247,0.84101105
2018-08-30,-0.2625211,2.587518,0.8774946
2018-08-31,1.8325068,2.5905483,2.1357236
2018-09-01,0.542786,2.607619,1.3687193
2018-09-02,0.698678,2.6150184,1.4652143
2018-09-03,1.40792,2.6166186,1.8913994
2018-09-04,1.4951129,2.6002953,1.9371859
2018-09-05,-0.49331295,2.5949075,0.74197525
2018-09-06,0.55908954,2.5847485,1.3693532
2018-09-07,1.3616215,2.6041734,1.8586423
2018-09-08,-0.33863556,2.5925725,0.8338477
2018-09-09,0.16208439,2.6164355,1.1438248
2018-09-10,1.2132169,2.6078503,1.7710704
2018-09-11,-0.33623993,2.5998435,0.8381934
2018-09-12,1.4861574,2.5973046,1.9306164
2018-09-13,0.87882817,2.5961006,1.5657371
2018-09-14,-0.15523963,2.6112478,0.9513554
2018-09-15,-1.5870864,2.5745237,0.077557564
2018-09-16,0.646715,2.5918937,1.4247864
2018-09-17,1.1659633,2.5918322,1.736311
2018-09-18,0.33583182,2.5872934,1.2364165
2018-09-19,-0.0062785298,2.5849895,1.0302287
2018-09-20,1.1851461,2.5721607,1.739952
2018-09-21,0.08828121,2.5749748,1.0829587
2018-09-22,0.15750481,2.5609848,1.1188968
2018-09-23,0.5561441,2.5868368,1.3684212
2018-09-24,0.5752531,2.58883,1.3806839
2018-09-25,1.0708306,2.5861204,1.6769465
2018-09-26,0.4294021,2.568043,1.2848586
2018-09-27,0.44038135,2.5727818,1.2933415
2018-09-28,0.62763387,2.5680048,1.4037824
2018-09-29,-0.49006903,2.5584743,0.7293483
2018-09-30,0.06125842,2.587175,1.0716251
2018-10-01,1.3912083,2.5864928,1.8693222
2018-10-02,0.5371527,2.5785432,1.3537089
2018-10-03,-0.5552323,2.5741012,0.69650114
2018-10-04,0.9867896,2.5771513,1.6229343
2018-10-05,0.64466804,2.579298,1.4185201
2018-10-06,0.1961218,2.5844328,1.1514462
2018-10-07,-0.45120335,2.590336,0.76541245
2018-10-08,1.158919,2.5935075,1.7327545
2018-10-09,0.5854051,2.5827205,1.3843312
2018-10-10,-0.48378086,2.578202,0.74101233
2018-10-11,0.8534616,2.5730517,1.5412977
2018-10-12,0.98865867,2.5604568,1.6173779
2018-10-13,-1.5552292,2.573259,0.096166134
2018-10-14,0.2970351,2.5899897,1.214217
2018-10-15,0.999377,2.5787923,1.6311431
2018-10-16,1.9105201,2.6069205,2.1890802
2018-10-17,-1.3369794,2.5489867,0.21740699
2018-10-18,0.622372,2.5560396,1.3958391
2018-10-19,0.81146073,2.5485497,1.5062964
2018-10-20,0.2361035,2.5509973,1.1620611
2018-10-21,-0.24816023,2.5548117,0.8730286
2018-10-22,1.1171312,2.569875,1.6982288
2018-10-23,0.47992897,2.5606341,1.3122112
2018-10-24,-0.16772924,2.560287,0.9234773
2018-10-25,-0.7414484,2.5361698,0.5695989
2018-10-26,0.56324613,2.5590363,1.3615623
2018-10-27,0.020415321,2.5443265,1.0299798
2018-10-28,-0.17534055,2.5678306,0.9219279
2018-10-29,-0.042454258,2.5638182,1.0000548
2018-10-30,0.93798053,2.5411124,1.5792334
2018-10-31,0.02937688,2.5633414,1.0429628
2018-11-01,0.97831154,2.5361907,1.6014633
2018-11-02,1.018143,2.548348,1.6302251
2018-11-03,0.70476174,2.5480177,1.4420642
2018-11-04,1.1551231,2.5708148,1.7213998
2018-11-05,-0.07467686,2.5545774,0.9770248
2018-11-06,-0.18329664,2.5718696,0.91876996
2018-11-07,-0.08788033,2.581019,0.97967947
2018-11-08,-0.60390544,2.5693152,0.66538274
2018-11-09,-0.11768131,2.5640936,0.9550287
2018-11-10,-0.5473383,2.57701,0.70240104
2018-11-11,0.15459819,2.581441,1.1253353
2018-11-12,-0.1278929,2.5857944,0.9575821
2018-11-13,0.11765905,2.5923257,1.1075257
2018-11-14,-1.3005797,2.5828915,0.2528088
2018-11-15,1.4980794,2.569872,1.9267964
2018-11-16,0.91718,2.6316893,1.6029837
2018-11-17,-0.7569609,2.5053506,0.54796374
2018-11-18,-0.60442317,2.5543873,0.65910107
2018-11-19,-0.8783568,2.5647278,0.49887705
2018-11-20,-1.6399769,2.5452907,0.034130216
2018-11-21,-1.9841789,2.5350287,-0.17649591
2018-11-22,-2.0382435,2.5518389,-0.20221055
2018-11-23,-1.4555875,2.5584767,0.15003812
2018-11-24,-1.117292,2.5552523,0.3517257
2018-11-25,-1.0196681,2.5669725,0.41498816
2018-11-26,-0.9409578,2.5631456,0.46068358
2018-11-27,-1.0419625,2.563402,0.40018332
2018-11-28,-1.1183707,2.555979,0.35136926
2018-11-29,-1.4530592,2.5576375,0.15121943
2018-11-30,-1.148321,2.554391,0.3327638
2018-12-01,-1.8174281,2.5291474,-0.07879794
2018-12-02,-1.3937062,2.555275,0.1858862
2018-12-03,-0.8844625,2.5649014,0.49528307
2018-12-04,-0.95941734,2.554161,0.44601405
2018-12-05,-1.5812887,2.5647514,0.07712734
2018-12-06,-1.3897482,2.5453284,0.18428242
2018-12-07,-1.2598761,2.5420177,0.26088136
2018-12-08,-1.1502342,2.5447996,0.32777935
2018-12-09,-0.9739083,2.5458252,0.4339851
2018-12-10,-1.0789218,2.5456505,0.37090713
2018-12-11,-1.2897928,2.5425107,0.24312866
2018-12-12,-1.3476225,2.5389235,0.2069959
2018-12-13,-1.2400519,2.541181,0.27244133
2018-12-14,-1.2224457,2.5380044,0.28173435
2018-12-15,-1.0851966,2.5841224,0.382531
2018-12-16,-0.90402853,2.5868075,0.49230587
2018-12-17,-0.718614,2.5852757,0.6029419
2018-12-18,-0.7021827,2.5845532,0.6125117
2018-12-19,-0.91773593,2.5806837,0.48163193
2018-12-20,-0.54965127,2.5820897,0.70304507
2018-12-21,-0.36873317,2.5826757,0.8118304
2018-12-22,-0.11844899,2.5813873,0.96148556
2018-12-23,0.4027502,2.5856931,1.2759274
2018-12-24,0.42470193,2.5805395,1.287037
2018-12-25,0.03144154,2.5783477,1.0502039
2018-12-26,0.2630493,2.58307,1.1910577
2018-12-27,0.2042867,2.5847826,1.1564851
2018-12-28,0.09069978,2.5815957,1.0870582
2018-12-29,-0.17394172,2.582046,0.9284534
2018-12-30,-0.088880494,2.5853612,0.98081625
2018-12-31,0.11564033,2.588239,1.1046798
2019-01-01,0.18875591,2.5749567,1.1432363
2019-01-02,0.24401847,2.5704784,1.1746025
2019-01-03,0.25210947,2.5725052,1.1802678
2019-01-04,-0.23276721,2.5697367,0.8882344
2019-01-05,-0.47542852,2.5493317,0.7344756
2019-01-06,0.2649681,2.5483654,1.178327
2019-01-07,0.42631698,2.5509772,1.2761811
2019-01-08,-0.034221783,2.5391772,0.9951378
2019-01-09,-0.47173572,2.606635,0.75961256
2019-01-10,0.00011779368,2.6073956,1.043029
2019-01-11,-0.49317086,2.6064339,0.7466711
2019-01-12,0.11609568,2.6085901,1.1130935
2019-01-13,-0.37925953,2.5639684,0.7980317
2019-01-14,0.3851177,2.6196208,1.278919
2019-01-15,0.07130052,2.6946132,1.1206256
2019-01-16,-0.011907861,2.6862078,1.0673385
2019-01-17,-0.6449518,2.6350615,0.66705346
2019-01-18,0.8993726,2.636552,1.5942445
2019-01-19,0.11313929,2.6423545,1.1248255
2019-01-20,-0.007564351,2.6396348,1.0513153
2019-01-21,0.101369694,2.6608238,1.1251513
2019-01-22,0.57492083,2.6886706,1.4204209
2019-01-23,-0.19949521,2.6323948,0.93326074
2019-01-24,0.48995394,2.6517289,1.354664
2019-01-25,0.39027703,2.6895623,1.3099912
2019-01-26,0.09899326,2.643653,1.116857
2019-01-27,0.29224586,2.6521485,1.236207
2019-01-28,0.33711702,2.6402032,1.2583516
2019-01-29,0.045432106,2.6654587,1.0934427
2019-01-30,0.0877132,2.6893647,1.1283739
2019-01-31,0.042418495,2.6842659,1.0991575
2019-02-01,0.6358665,2.6906998,1.4577999
2019-02-02,0.59643614,2.685908,1.432225
2019-02-03,0.03347428,2.6805341,1.0922983
2019-02-04,0.5832486,2.668593,1.4173863
2019-02-05,0.28136528,2.691597,1.245458
2019-02-06,0.50424623,2.6922834,1.379461
2019-02-07,0.3675294,2.6822553,1.2934197
2019-02-08,0.6359384,2.6750476,1.4515822
2019-02-09,0.37152016,2.669884,1.2908657
2019-02-10,-0.2904055,2.6677778,0.8928678
2019-02-11,0.11859982,2.6636155,1.1366061
2019-02-12,0.20176305,2.6699517,1.1890385
2019-02-13,-0.237137,2.6580608,0.9209421
2019-02-14,0.5058049,2.65949,1.367279
2019-02-15,0.7069374,2.660986,1.4885569
2019-02-16,0.5906506,2.6465278,1.4130015
2019-02-17,1.0100266,2.6636453,1.6714742
2019-02-18,0.30517977,2.670141,1.2511643
2019-02-19,0.58154535,2.6267393,1.399623
2019-02-20,0.6587189,2.6158235,1.4415607
2019-02-21,0.2548831,2.6252942,1.2030476
2019-02-22,0.53317994,2.6306994,1.3721879
2019-02-23,1.2340766,2.6104486,1.7846254
2019-02-24,0.75426644,2.6235912,1.5019963
2019-02-25,0.54158795,2.6259859,1.3753471
2019-02-26,0.74756014,2.6082213,1.4918246
2019-02-27,0.21621557,2.6149805,1.1757216
2019-02-28,0.15775879,2.6187403,1.1421515
2019-03-01,1.3901602,2.6143558,1.8798385
2019-03-02,0.5090239,2.6201637,1.3534799
2019-03-03,0.29432374,2.6236472,1.2260531
2019-03-04,1.8924595,2.630848,2.187815
2019-03-05,1.3794817,2.6147816,1.8736017
2019-03-06,0.923181,2.6050828,1.5959418
2019-03-07,0.8079345,2.610801,1.5290812
2019-03-08,0.23052591,2.5964653,1.1769017
2019-03-09,0.1677418,2.5939815,1.1382377
2019-03-10,-0.45393515,2.6165113,0.7742434
2019-03-11,0.44260293,2.6167643,1.3122675
2019-03-12,0.5113198,2.6027694,1.3478997
2019-03-13,-0.87075806,2.5969825,0.5163381
2019-03-14,-1.226822,2.606249,0.30640644
2019-03-15,0.763709,2.585171,1.4922938
2019-03-16,0.1859612,2.599412,1.1513414
2019-03-17,1.359862,2.6111443,1.8603749
2019-03-18,1.6953136,2.6152148,2.0632741
2019-03-19,2.267374,2.5910575,2.3968477
2019-03-20,0.9942297,2.6270971,1.6473767
2019-03-21,0.9214522,2.601874,1.593621
2019-03-22,-0.49342978,2.5913448,0.7404801
2019-03-23,1.9850909,2.595229,2.229146
2019-03-24,1.5615252,2.6083565,1.9802577
2019-03-25,1.6074425,2.6056118,2.0067103
2019-03-26,0.29110372,2.5958664,1.2130089
2019-03-27,-0.9707966,2.5970314,0.45633453
2019-03-28,-1.247943,2.6645668,0.31706095
2019-03-29,2.1153817,2.6608953,2.3335872
2019-03-30,0.5731815,2.7235403,1.433325
2019-03-31,0.6205392,2.5818975,1.4050826
2019-04-01,1.1431891,2.5757515,1.7162141
2019-04-02,0.5133264,2.5592077,1.3316789
2019-04-03,-0.033687398,2.6933565,1.0571302
2019-04-04,0.4339621,2.649796,1.3202957
2019-04-05,0.84042645,2.6127293,1.5493476
2019-04-06,1.8422815,2.6187775,2.15288
2019-04-07,1.969894,2.4712026,2.1704175
2019-04-08,1.7835255,2.4689548,2.0576973
2019-04-09,0.6105498,2.609285,1.410044
2019-04-10,0.1767709,2.485106,1.1001049
2019-04-11,1.9309195,2.537289,2.1734674
2019-04-12,1.29502,2.6005166,1.8172188
2019-04-13,0.44449288,2.4402413,1.2427924
2019-04-14,1.7945843,2.4112852,2.0412648
2019-04-15,2.2467422,2.4122508,2.3129456
2019-04-16,1.345153,2.464329,1.7928234
2019-04-17,1.58448,2.3992307,1.9103804
2019-04-18,2.1347747,2.4424145,2.2578306
2019-04-19,0.36414278,2.4081266,1.1817364
2019-04-20,1.1074648,2.412522,1.6294878
2019-04-21,1.2141554,2.404589,1.6903288
2019-04-22,1.3496066,2.3810894,1.7621999
2019-04-23,0.6895265,2.41209,1.378552
2019-04-24,2.0556967,2.4173305,2.2003503
2019-04-25,1.79192,2.624477,2.1249428
2019-04-26,-0.3561905,2.3734975,0.7356847
2019-04-27,1.2758529,2.4836853,1.758986
2019-04-28,1.4673554,2.3624253,1.8253834
2019-04-29,1.2614558,2.3597445,1.7007713
2019-04-30,1.0041953,2.4138083,1.5680406
2019-05-01,1.3393663,2.3630834,1.7488532
2019-05-02,0.335257,2.4107292,1.1654459
2019-05-03,0.036879435,2.3807056,0.97440994
2019-05-04,-0.14115076,2.3586192,0.85875726
2019-05-05,1.9557306,2.3268678,2.1041856
2019-05-06,3.2736187,2.310614,2.888417
2019-05-07,2.1358705,2.3798995,2.2334821
2019-05-08,2.135824,2.4025967,2.2425332
2019-05-09,1.8408529,2.509522,2.1083207
2019-05-10,0.8248526,2.5599403,1.5188878
2019-05-11,0.11053099,2.4322155,1.0392048
2019-05-12,2.699094,2.2471526,2.5183177
2019-05-13,1.7312382,2.5270603,2.0495672
2019-05-14,0.4435919,2.629629,1.3180068
2019-05-15,0.03636165,2.5896747,1.0576869
2019-05-16,0.7710087,2.565021,1.4886137
2019-05-17,0.9730177,2.5433886,1.601166
2019-05-18,1.9829766,2.3318498,2.122526
2019-05-19,2.3812292,1.7426147,2.1257834
2019-05-20,2.2133863,1.8005213,2.0482402
2019-05-21,1.3836445,2.1949239,1.7081563
2019-05-22,0.9865716,1.9037608,1.3534473
2019-05-23,1.284536,2.107398,1.6136808
2019-05-24,0.7896819,1.9705713,1.2620376
2019-05-25,1.6064621,2.0790048,1.7954793
2019-05-26,1.9286957,1.5530679,1.7784448
2019-05-27,2.8238537,1.5249181,2.3042796
2019-05-28,0.7604621,2.2453768,1.354428
2019-05-29,1.1318929,2.2871983,1.5940151
2019-05-30,0.5520596,2.523422,1.3406045
2019-05-31,1.3939471,1.6603318,1.5005012
2019-06-01,1.9446372,2.4688385,2.1543179
2019-06-02,1.6767694,1.6487072,1.6655445
2019-06-03,1.3027962,0.8084675,1.1050647
2019-06-04,1.4896892,1.5284908,1.5052099
2019-06-05,2.1190019,2.4595916,2.2552378
2019-06-06,-0.2286083,2.4709475,0.85121405
2019-06-07,0.543171,2.199506,1.205705
2019-06-08,0.46938783,1.1695868,0.74946743
2019-06-09,1.2644175,1.0559405,1.1810267
2019-06-10,2.386425,1.0016384,1.8325105
2019-06-11,2.5589104,0.97308016,1.9245783
2019-06-12,1.5856743,1.2458774,1.4497555
2019-06-13,0.82229245,1.0817534,0.9260768
2019-06-14,1.0778567,1.0391035,1.0623554
2019-06-15,-0.067551255,1.1665541,0.4260909
2019-06-16,-0.7846824,1.1080158,-0.02760315
2019-06-17,1.1722955,1.1493865,1.163132
2019-06-18,1.546506,2.3411078,1.8643467
2019-06-19,0.51315147,2.1190503,1.155511
2019-06-20,1.5461258,1.892169,1.6845431
2019-06-21,1.0241253,0.9758462,1.0048137
2019-06-22,1.9422519,1.0005733,1.5655805
2019-06-23,1.0278393,1.8734717,1.3660923
2019-06-24,0.52631843,1.0674957,0.7427894
2019-06-25,0.2846801,1.7708743,0.8791578
2019-06-26,1.0820829,1.2469658,1.148036
2019-06-27,0.4040752,2.3782492,1.1937448
2019-06-28,1.4904574,2.0473006,1.7131947
2019-06-29,1.8048592,2.2225614,1.97194
2019-06-30,1.6257235,1.2687817,1.4829469
2019-07-01,1.6937422,0.92648876,1.3868408
2019-07-02,1.9293247,0.82655156,1.4882156
2019-07-03,-0.32030725,1.0948904,0.2457718
2019-07-04,0.6236348,1.1576315,0.83723354
2019-07-05,1.7151047,1.371392,1.5776197
2019-07-06,0.67580986,0.78987765,0.721437
2019-07-07,0.93924105,0.77385056,0.8730849
2019-07-08,2.2388134,0.8824774,1.696279
2019-07-09,1.3675741,1.6447287,1.478436
2019-07-10,0.0021867007,1.5141374,0.606967
2019-07-11,1.2619234,2.2565649,1.65978
2019-07-12,-0.036291406,1.0976361,0.4172796
2019-07-13,0.5890744,1.2848052,0.86736673
2019-07-14,0.17885984,0.7546605,0.4091801
2019-07-15,0.5008145,0.7732638,0.60979426
2019-07-16,0.52311796,0.770785,0.62218475
2019-07-17,0.5659318,1.1127434,0.7846564
2019-07-18,0.27564543,0.89435345,0.5231286
2019-07-19,-0.029946104,0.9095493,0.34585205
2019-07-20,0.8724984,0.98464614,0.91735756
2019-07-21,0.68321097,0.8883041,0.76524824
2019-07-22,-0.13280188,1.0366619,0.33498362
2019-07-23,0.644578,0.9909433,0.7831241
2019-07-24,0.37511718,1.0717446,0.6537681
2019-07-25,-0.013402358,1.10711,0.4348026
2019-07-26,-0.15170695,1.0633829,0.33432895
2019-07-27,0.8774814,1.1170521,0.97330964
2019-07-28,-0.24917303,1.2618158,0.35522252
2019-07-29,0.04804723,1.2023872,0.5097832
2019-07-30,0.15311883,2.3866355,1.0465255
2019-07-31,-1.5885245,1.3886939,-0.39763713
2019-08-01,-0.29999828,1.7583557,0.5233433
2019-08-02,0.7897806,1.7695708,1.1816968
2019-08-03,1.2514035,1.8113931,1.4753994
2019-08-04,0.49741167,1.8977757,1.0575573
2019-08-05,1.6212918,1.9905629,1.7690003
2019-08-06,-0.78194094,2.0627844,0.3559492
2019-08-07,-0.0955202,2.173387,0.8120427
2019-08-08,0.9831007,2.0005245,1.3900702
2019-08-09,0.71469593,2.02632,1.2393456
2019-08-10,0.77012193,2.0363677,1.2766203
2019-08-11,2.182272,2.0555437,2.1315808
2019-08-12,0.7963098,2.0646985,1.3036653
2019-08-13,2.0296972,2.0724092,2.046782
2019-08-14,0.57669127,2.0708673,1.1743617
2019-08-15,-0.60807836,2.080274,0.4672626
2019-08-16,-0.9200975,2.08995,0.28392154
2019-08-17,1.5215126,2.1460814,1.7713401
2019-08-18,-0.027997002,2.1783218,0.8545306
2019-08-19,1.2679913,2.2312386,1.6532903
2019-08-20,3.202079,2.2255561,2.81147
2019-08-21,0.7002168,2.2297907,1.3120464
2019-08-22,-0.20296489,2.264159,0.78388464
2019-08-23,0.843331,2.2665403,1.4126148
2019-08-24,-0.79165775,2.3075953,0.44804347
2019-08-25,-0.812707,2.2995663,0.43220228
2019-08-26,0.4754765,2.3542423,1.2269828
2019-08-27,0.7178862,2.3905652,1.3869578
2019-08-28,2.0275767,1.9782258,2.0078363
2019-08-29,1.7092386,2.0566094,1.848187
2019-08-30,0.31098354,2.1066327,1.0292432
2019-08-31,-1.3646438,2.0993695,0.020961523
2019-09-01,0.47156346,2.1354656,1.1371243
2019-09-02,-0.20094006,2.195021,0.7574443
2019-09-03,1.3956496,2.2431703,1.7346579
2019-09-04,0.070088014,2.2390304,0.937665
2019-09-05,1.039212,2.2579358,1.5267016
2019-09-06,0.53164583,2.2834206,1.2323557
2019-09-07,0.9883847,2.5234196,1.6023986
2019-09-08,-0.9065285,2.35386,0.39762688
2019-09-09,1.2812068,2.4894433,1.7645015
2019-09-10,0.74201447,2.4991844,1.4448825
2019-09-11,1.8007619,2.5485718,2.099886
2019-09-12,0.43673354,2.501229,1.2625318
2019-09-13,-0.68828773,2.4968257,0.5857576
2019-09-14,0.006937772,2.5080826,1.0073957
2019-09-15,0.6003308,2.5260746,1.3706284
2019-09-16,0.11690593,2.5288527,1.0816847
2019-09-17,1.0394721,2.5136375,1.6291382
2019-09-18,-1.0516747,2.517983,0.37618834
2019-09-19,1.2434587,2.5452409,1.7641716
2019-09-20,0.88338256,2.5154202,1.5361977
2019-09-21,0.8153632,2.5056765,1.4914886
2019-09-22,-0.5267421,2.5116081,0.68859804
2019-09-23,-0.3149346,2.5256069,0.821282
2019-09-24,0.29113024,2.519709,1.1825619
2019-09-25,0.42417902,2.593264,1.2918131
2019-09-26,-1.5648596,2.4775882,0.052119493
2019-09-27,0.9748701,2.4871714,1.5797906
2019-09-28,0.071526065,2.5375056,1.0579178
2019-09-29,1.0695789,2.5439444,1.6593251
2019-09-30,1.0431572,2.545303,1.6440156
2019-10-01,2.146514,2.5412867,2.304423
2019-10-02,1.176398,2.539976,1.7218292
2019-10-03,0.33301258,2.5443447,1.2175454
2019-10-04,-0.43181217,2.5412755,0.7574229
2019-10-05,0.6607989,2.5490532,1.4161006
2019-10-06,-0.2527303,2.5607088,0.8726453
2019-10-07,0.4790058,2.5579526,1.3105845
2019-10-08,0.6803225,2.5549738,1.4301832
2019-10-09,0.8221515,2.5531025,1.514532
2019-10-10,-0.23778819,2.5543795,0.87907887
2019-10-11,1.869566,2.549745,2.1416378
2019-10-12,-0.03438662,2.5547993,1.0012877
2019-10-13,0.36195415,2.5678315,1.2443051
2019-10-14,0.9711235,2.5654619,1.608859
2019-10-15,0.6472119,2.5417979,1.4050463
2019-10-16,-0.9126189,2.5593464,0.47616726
2019-10-17,1.6351384,2.560935,2.0054572
2019-10-18,-0.74960846,2.5516312,0.57088745
2019-10-19,0.13225321,2.5558171,1.1016787
2019-10-20,0.5580533,2.568039,1.3620477
2019-10-21,0.8872249,2.566812,1.5590599
2019-10-22,-0.7962997,2.5597994,0.54613996
2019-10-23,0.16173606,2.5567448,1.1197395
2019-10-24,-0.3775202,2.5491862,0.7931624
2019-10-25,0.2369646,2.560442,1.1663556
2019-10-26,-0.25078154,2.5509603,0.86991525
2019-10-27,0.9488244,2.5497983,1.589214
2019-10-28,-0.5762399,2.5631106,0.6795003
2019-10-29,1.7060207,2.5394661,2.0393991
2019-10-30,0.6501126,2.5533156,1.4113939
2019-10-31,0.21191461,2.559551,1.1509691
2019-11-01,-0.35895175,2.541736,0.80132335
2019-11-02,0.109567925,2.5376794,1.0808125
2019-11-03,-1.876388,2.5615036,-0.10123134
2019-11-04,0.5686835,2.5607603,1.3655143
2019-11-05,0.5231247,2.5483692,1.3332225
2019-11-06,0.6309507,2.6258729,1.4289196
2019-11-07,-0.8205852,2.5383537,0.52299035
2019-11-08,1.1230389,2.539272,1.6895322
2019-11-09,-0.41951078,2.5548263,0.7702241
2019-11-10,0.32823235,2.5616956,1.2216177
2019-11-11,0.57813054,2.5665326,1.3734915
2019-11-12,1.3198447,2.5671325,1.8187599
2019-11-13,-1.0066063,2.5527828,0.4171493
2019-11-14,1.1529137,2.557252,1.7146491
2019-11-15,0.035388783,2.5592706,1.0449415
2019-11-16,-0.9782363,2.5522985,0.4339776
2019-11-17,-1.7588463,2.5409942,-0.03891015
2019-11-18,1.3147017,2.5580447,1.8120389
2019-11-19,0.82910657,2.5617266,1.5221546
2019-11-20,0.90834546,2.5671735,1.5718768
2019-11-21,-0.28202516,2.5719035,0.8595463
2019-11-22,-1.158538,2.5663857,0.3314315
2019-11-23,-1.9223439,2.5417693,-0.1366986
2019-11-24,-0.85996366,2.5857236,0.51831126
2019-11-25,-1.7298353,2.5941386,-0.00024569035
2019-11-26,0.087881014,2.576606,1.083371
2019-11-27,-0.6166807,2.5907407,0.66628784
2019-11-28,-0.34944063,2.5911996,0.8268154
2019-11-29,-0.15629475,2.5966773,0.9448941
2019-11-30,0.25464898,2.6008432,1.1931267
2019-12-01,-1.2545618,2.5941837,0.28493637
2019-12-02,1.0286815,2.5976186,1.6562564
2019-12-03,0.37126124,2.6026263,1.2638073
2019-12-04,-0.17757075,2.594129,0.9311092
2019-12-05,-1.6278739,2.5776289,0.05432713
2019-12-06,-0.4258089,2.595269,0.7826223
2019-12-07,-0.88451576,2.5950234,0.5072999
2019-12-08,-0.11965151,2.5963476,0.9667481
2019-12-09,0.1593573,2.597323,1.1345437
2019-12-10,0.9470382,2.5947628,1.606128
2019-12-11,-0.7231444,2.591655,0.60277534
2019-12-12,0.69384885,2.5859466,1.450688
2019-12-13,-0.7766352,2.5799713,0.5660074
2019-12-14,-0.27923536,2.6013606,0.87300307
2019-12-15,-0.5679789,2.5963051,0.6977348
2019-12-16,0.33097517,2.6046088,1.2404287
2019-12-17,-0.07350235,2.603747,0.99739736
2019-12-18,-1.4934791,2.5571632,0.12677777
2019-12-19,-1.9701253,2.5658188,-0.15574777
2019-12-20,-0.5128542,2.597843,0.7314247
2019-12-21,-1.900747,2.5986464,-0.10098958
2019-12-22,-0.14834027,2.6030464,0.9522145
2019-12-23,0.7056942,2.6058657,1.4657629
2019-12-24,0.6509725,2.5782874,1.4218985
2019-12-25,0.3506853,2.6017535,1.2511126
2019-12-26,0.8273488,2.5914154,1.5329754
2019-12-27,0.08549988,2.6031268,1.0925506
2019-12-28,-1.2608972,2.603021,0.28467005
2019-12-29,-2.0832212,2.6094053,-0.20617068
2019-12-30,-0.037330404,2.6070828,1.020435
2019-12-31,0.004704848,2.6047962,1.0447414
2020-01-01,-0.39435065,2.5965307,0.80200183
2020-01-02,0.14444688,2.6123757,1.1316185
2020-01-03,1.1129469,2.6101913,1.7118447
2020-01-04,-0.3802387,2.6951282,0.8499081
2020-01-05,-1.3271495,2.6052163,0.24579674
2020-01-06,1.0494074,2.6188962,1.6772029
2020-01-07,-0.31898767,2.6050456,0.8506257
2020-01-08,0.12085642,2.673284,1.1418275
2020-01-09,1.0810714,2.607036,1.6914573
2020-01-10,1.3720981,2.6315289,1.8758705
2020-01-11,1.2013713,2.6028411,1.7619593
2020-01-12,0.9771422,2.6322956,1.6392037
2020-01-13,-0.09448509,2.6308067,0.9956317
2020-01-14,1.2368568,2.6200297,1.7901261
2020-01-15,-0.3401127,2.7140563,0.88155496
2020-01-16,-0.449273,2.7955387,0.84865165
2020-01-17,0.7631124,2.6543522,1.5196084
2020-01-18,2.4510808,2.6488128,2.5301738
2020-01-19,0.34815848,2.4001434,1.1689525
2020-01-20,2.110928,2.3872201,2.2214448
2020-01-21,2.5558968,2.419183,2.5012114
2020-01-22,0.6965865,2.376089,1.3683876
2020-01-23,0.36443362,2.4340017,1.1922609
2020-01-24,2.2511506,2.4702232,2.3387797
2020-01-25,-1.1248164,2.3699186,0.2730776
2020-01-26,1.021161,2.3867629,1.5674018
2020-01-27,1.9438635,2.4037561,2.1278207
2020-01-28,1.572973,2.4001396,1.9038396
2020-01-29,0.15070255,2.3329237,1.023591
2020-01-30,1.5528492,2.4736688,1.9211771
2020-01-31,-1.6863357,2.6334343,0.041572213
2020-02-01,0.6675016,2.6433883,1.4578563
2020-02-02,0.8461622,2.1631846,1.3729713
2020-02-03,0.44126523,2.1825337,1.1377727
2020-02-04,1.0861164,2.651976,1.7124603
2020-02-05,0.6473241,2.1055007,1.2305948
2020-02-06,2.2493467,1.8351878,2.0836833
2020-02-07,0.6886165,2.58447,1.4469581
2020-02-08,0.0067839175,2.251168,0.90453756
2020-02-09,1.698038,2.0291786,1.8304942
2020-02-10,0.51424813,1.9129678,1.0737361
2020-02-11,0.202739,2.0452259,0.9397338
2020-02-12,1.1615211,2.4697254,1.6848028
2020-02-13,0.69168997,2.2561064,1.3174566
2020-02-14,0.65289176,2.2284167,1.2831018
2020-02-15,2.1960986,1.9106915,2.081936
2020-02-16,1.7238592,1.8676765,1.7813861
2020-02-17,0.98390776,1.9931154,1.3875909
2020-02-18,1.8449659,2.4102206,2.0710678
2020-02-19,0.7034347,1.8772734,1.1729703
2020-02-20,0.22136162,2.0055764,0.9350475
2020-02-21,0.6512321,1.8796592,1.1426029
2020-02-22,2.4475708,1.8256767,2.1988132
2020-02-23,0.17508136,1.8509821,0.8454417
2020-02-24,2.5015025,1.8438567,2.2384443
2020-02-25,1.9825959,1.8332345,1.9228513
2020-02-26,0.5161952,1.8327479,1.0428163
2020-02-27,-0.5682201,1.853066,0.4002943
2020-02-28,1.4217181,1.9300976,1.62507
2020-02-29,-0.7733883,1.8477235,0.27505642
2020-03-01,-0.28823626,1.906427,0.58962905
2020-03-02,1.1004695,1.9153032,1.426403
2020-03-03,0.3723928,1.9184226,0.99080473
2020-03-04,-0.7936224,1.9596001,0.30766663
2020-03-05,1.6432348,1.9149001,1.7519009
2020-03-06,2.1881008,1.9244547,2.0826423
2020-03-07,0.9762807,1.9804634,1.3779538
2020-03-08,0.64079654,1.9545641,1.1663036
2020-03-09,0.9078022,1.9596949,1.3285594
2020-03-10,-0.24538,1.9870508,0.6475923
2020-03-11,-0.7209684,1.9426904,0.34449512
2020-03-12,-0.77971303,1.9353838,0.3063257
2020-03-13,0.62934834,2.3613155,1.3221352
2020-03-14,-0.9887918,1.8611858,0.15119922
2020-03-15,-1.0404961,1.7140154,0.061308503
2020-03-16,-1.2527356,1.7182856,-0.06432718
2020-03-17,-0.14923005,1.8019861,0.6312564
2020-03-18,-0.15711178,1.9841561,0.6993954
2020-03-19,-0.55897427,2.0076408,0.46767178
2020-03-20,-0.7922467,1.9920542,0.3214737
2020-03-21,-0.57036346,2.2399924,0.5537789
2020-03-22,-1.106805,2.0594542,0.15969867
2020-03-23,-0.5993088,2.0438485,0.4579541
2020-03-24,-1.0231036,2.0798738,0.21808738
2020-03-25,-1.115754,2.2794034,0.24230897
2020-03-26,-1.2174289,2.0757868,0.09985739
2020-03-27,-0.8467082,2.0099857,0.29596937
2020-03-28,-2.0418715,2.0347009,-0.41124254
2020-03-29,-1.1625332,2.1131825,0.14775312
2020-03-30,-0.32574618,2.2928617,0.721697
2020-03-31,-0.2890371,2.16558,0.69280976
2020-04-01,-0.40463412,2.2500885,0.65725493
2020-04-02,-0.40330714,2.2665317,0.6646284
2020-04-03,-0.730258,2.2536075,0.4632882
2020-04-04,-0.67455685,2.3864174,0.5498328
2020-04-05,0.16748124,2.3851793,1.0545604
2020-04-06,0.0068398267,2.4308674,0.97645086
2020-04-07,-0.9677652,2.5145316,0.4251535
2020-04-08,-0.80392134,2.5119042,0.52240884
2020-04-09,-1.2946211,2.538688,0.23870248
2020-04-10,-0.6669819,2.584247,0.63350976
2020-04-11,-0.8738903,2.5144916,0.48146248
2020-04-12,0.027035162,2.5617862,1.0409355
2020-04-13,0.3316555,2.5836396,1.2324492
2020-04-14,0.71564543,2.576712,1.460072
2020-04-15,-1.0838541,2.5924761,0.38667804
2020-04-16,-0.028333679,2.5876865,1.0180744
2020-04-17,-0.40532982,2.5888846,0.7923559
2020-04-18,0.17653029,2.594041,1.1435347
2020-04-19,0.460912,2.5997367,1.3164419
2020-04-20,0.9544766,2.612139,1.6175416
2020-04-21,-1.1903449,2.6024733,0.3267823
2020-04-22,-0.20544942,2.625472,0.9269192
2020-04-23,-1.2819811,2.6324446,0.28378922
2020-04-24,0.6146647,2.6230538,1.4180204
2020-04-25,-0.6073182,2.6073477,0.6785481
2020-04-26,-0.17687337,2.6329246,0.9470458
2020-04-27,-0.2149633,2.6316574,0.92368495
2020-04-28,0.9853983,2.6222973,1.6401579
2020-04-29,-0.4339279,2.6230063,0.7888458
2020-04-30,1.0318766,2.6383555,1.6744682
2020-05-01,0.055110864,2.6047058,1.0749489
2020-05-02,1.4996628,2.5993755,1.9395479
2020-05-03,1.6352912,2.6208613,2.0295193
2020-05-04,0.5241135,2.6085703,1.3578963
2020-05-05,-0.18314196,2.5753896,0.92027074
2020-05-06,0.2793256,2.5693278,1.1953266
2020-05-07,0.08757566,2.5800369,1.0845602
2020-05-08,0.3134348,2.5750096,1.2180648
2020-05-09,0.13417529,2.651218,1.1409923
2020-05-10,1.4694711,2.5525663,1.9027092
2020-05-11,1.9017198,2.5586307,2.1644843
2020-05-12,1.0305696,2.6119976,1.6631408
2020-05-13,0.1070832,2.6151488,1.1103094
2020-05-14,-0.015673772,2.59323,1.0278877
2020-05-15,-1.0855662,2.604655,0.3905223
2020-05-16,-0.6334823,2.6284037,0.67127204
2020-05-17,-1.3834711,2.612477,0.21490818
2020-05-18,-0.9329225,2.617039,0.4870621
2020-05-19,-0.5662939,2.6207788,0.70853525
2020-05-20,-0.9802849,2.6034877,0.45322406
2020-05-21,-1.3452564,2.5836892,0.22632188
2020-05-22,-1.5859072,2.5715861,0.077090085
2020-05-23,-0.94001806,2.5988588,0.47553265
2020-05-24,-0.6188039,2.6112719,0.6732265
2020-05-25,0.36932188,2.5976799,1.260665
2020-05-26,0.024959855,2.5460668,1.0334027
2020-05-27,-0.49688768,2.6059167,0.7442341
2020-05-28,-0.56077576,2.5732286,0.69282603
2020-05-29,-1.1266733,2.585664,0.3582616
2020-05-30,-1.3242465,2.570637,0.23370689
2020-05-31,-2.162989,2.5931604,-0.26052916
2020-06-01,-0.9459734,2.5617518,0.45711672
2020-06-02,-1.4538394,2.608155,0.17095834
2020-06-03,-1.0433835,2.601694,0.41464758
2020-06-04,-0.3324232,2.5783422,0.83188295
2020-06-05,0.39548677,2.566423,1.2638613
2020-06-06,0.49630165,2.5638053,1.3233031
2020-06-07,0.2372676,2.5902221,1.1784494
2020-06-08,-0.02161993,2.599505,1.02683
2020-06-09,-0.15031661,2.5898166,0.9457367
2020-06-10,-0.29008263,2.5966947,0.8646283
2020-06-11,0.22492768,2.5949702,1.1729447
2020-06-12,0.54544157,2.6070542,1.3700867
2020-06-13,0.24199006,2.5887105,1.1806782
2020-06-14,0.8031072,2.59663,1.5205164
2020-06-15,0.9064053,2.5956426,1.5821002
2020-06-16,0.23106547,2.5780563,1.1698619
2020-06-17,-0.26847053,2.6125014,0.8839182
2020-06-18,-0.26882708,2.602513,0.879709
2020-06-19,0.23412497,2.613311,1.1857995
2020-06-20,0.72176915,2.580483,1.4652547
2020-06-21,-1.3800853,2.6145396,0.21776456
2020-06-22,0.18228273,2.611087,1.1538045
2020-06-23,0.40027398,2.60337,1.2815124
2020-06-24,-0.67641485,2.5787523,0.625652
2020-06-25,-1.059077,2.5992923,0.4042707
2020-06-26,1.4586009,2.5952032,1.9132419
2020-06-27,0.82726085,2.583233,1.5296497
2020-06-28,0.073510066,2.6116016,1.0887467
2020-06-29,0.040991977,2.624889,1.0745507
2020-06-30,0.5716569,2.6280293,1.3942058
2020-07-01,0.10346916,2.6292255,1.1137717
2020-07-02,0.9011436,2.6249764,1.5906768
2020-07-03,0.58786565,2.6225698,1.4017473
2020-07-04,0.6478566,2.6253188,1.4388415
2020-07-05,0.065163836,2.6289861,1.0906928
2020-07-06,0.5672911,2.620052,1.3883955
2020-07-07,0.5673525,2.611365,1.3849576
2020-07-08,0.04566963,2.6378465,1.0825404
2020-07-09,-0.5591649,2.6364577,0.71908414
2020-07-10,0.44191533,2.640934,1.3215228
2020-07-11,1.1787423,2.6532571,1.7685483
2020-07-12,0.20692308,2.6542137,1.1858393
2020-07-13,-0.028698549,2.6504714,1.0429695
2020-07-14,0.3467154,2.6689293,1.275601
2020-07-15,0.050307125,2.7680714,1.1374129
2020-07-16,0.4200397,2.7765696,1.3626517
2020-07-17,0.7372023,2.7822084,1.5552049
2020-07-18,0.2732272,2.6871395,1.2387922
2020-07-19,0.32281083,2.706999,1.2764862
2020-07-20,0.6837174,2.6811168,1.4826772
2020-07-21,0.0071537346,2.7149684,1.0902797
2020-07-22,-0.1182812,2.7109287,1.0134027
2020-07-23,0.357311,2.800169,1.3344542
2020-07-24,-0.27901828,2.7690933,0.9402263
2020-07-25,0.16592054,2.7033572,1.1808952
2020-07-26,0.1894037,2.650489,1.1738379
2020-07-27,1.4623114,2.6451876,1.935462
2020-07-28,1.1008966,2.7379916,1.7557346
2020-07-29,0.7352785,2.7131793,1.5264388
2020-07-30,0.55844665,2.5574617,1.3580527
2020-07-31,0.5985794,2.5433807,1.3765
2020-08-01,0.06219949,2.6416757,1.09399
2020-08-02,1.3300642,2.5636327,1.8234916
2020-08-03,2.0635018,2.5670068,2.264904
2020-08-04,0.84783715,2.6638565,1.574245
2020-08-05,-0.6646391,2.548022,0.62042534
2020-08-06,1.5719062,2.5587633,1.966649
2020-08-07,0.7195029,2.620507,1.4799047
2020-08-08,0.09327109,2.5687535,1.0834641
2020-08-09,0.63835657,2.5745513,1.4128345
2020-08-10,1.8314807,2.5740328,2.1285017
2020-08-11,0.2457808,2.5732427,1.1767656
2020-08-12,0.33700544,2.6238177,1.2517303
2020-08-13,1.0044019,2.5905278,1.6388524
2020-08-14,0.4906656,2.557265,1.3173054
2020-08-15,0.48795098,2.619671,1.3406391
2020-08-16,1.5455666,2.5466483,1.9459994
2020-08-17,1.5197049,2.5487704,1.9313312
2020-08-18,1.8746177,2.5332427,2.1380677
2020-08-19,1.0358876,2.584488,1.6553278
2020-08-20,1.2556096,2.5295975,1.7652049
2020-08-21,0.27415037,2.5324938,1.1774877
2020-08-22,0.6793672,2.5318623,1.4203652
2020-08-23,0.35874724,2.5458295,1.2335802
2020-08-24,1.464293,2.5438526,1.896117
2020-08-25,0.28332967,2.535198,1.184077
2020-08-26,1.1710324,2.5329592,1.7158031
2020-08-27,1.155137,2.5322008,1.7059625
2020-08-28,0.90504223,2.5361292,1.5574771
2020-08-29,-0.79721904,2.575802,0.55198944
2020-08-30,0.28482312,2.5384104,1.1862581
2020-08-31,0.7697358,2.5381126,1.4770865
2020-09-01,2.1565714,2.5573614,2.3168874
2020-09-02,-0.67614865,2.5745678,0.6241379
2020-09-03,0.7861781,2.5165124,1.4783119
2020-09-04,1.1380594,2.505539,1.6850512
2020-09-05,1.2473556,2.5100598,1.7524374
2020-09-06,-0.20196633,2.5184,0.88618016
2020-09-07,0.8313426,2.5176036,1.505847
2020-09-08,1.0032248,2.5036616,1.6033996
2020-09-09,-0.64208853,2.5082855,0.6180611
2020-09-10,-0.76121527,2.5121553,0.548133
2020-09-11,1.6059393,2.503798,1.9650829
2020-09-12,0.45718127,2.5060616,1.2767334
2020-09-13,1.1606923,2.5081213,1.699664
2020-09-14,1.672761,2.5066087,2.0063
2020-09-15,1.4725261,2.4906318,1.8797684
2020-09-16,-1.2994034,2.4967306,0.21905011
2020-09-17,0.054778993,2.4928007,1.0299877
2020-09-18,0.9978962,2.4904454,1.5949159
2020-09-19,0.564454,2.4897344,1.3345662
2020-09-20,0.54564273,2.5021303,1.3282378
2020-09-21,1.4460148,2.488474,1.8629985
2020-09-22,-0.17603134,2.4570107,0.87718546
2020-09-23,-0.41226327,2.401765,0.7133481
2020-09-24,0.015478924,2.536939,1.024063
2020-09-25,0.42631853,2.4557602,1.2380953
2020-09-26,-0.24734019,2.6009142,0.8919616
2020-09-27,-0.18955131,2.4908593,0.88261294
2020-09-28,1.4553351,2.4915965,1.8698397
2020-09-29,1.8986229,2.4809632,2.1315591
2020-09-30,1.9796821,2.479796,2.1797278
2020-10-01,2.2149997,2.4893975,2.324759
2020-10-02,0.01789163,2.4900622,1.0067599
2020-10-03,0.5753341,2.4987113,1.344685
2020-10-04,1.5795923,2.52014,1.9558115
2020-10-05,0.49818778,2.5191493,1.3065724
2020-10-06,1.2760893,2.518572,1.7730825
2020-10-07,2.8723207,2.5234218,2.7327614
2020-10-08,0.21984883,2.5094764,1.1356999
2020-10-09,0.262164,2.51074,1.1615945
2020-10-10,1.0253235,2.5072842,1.6181078
2020-10-11,-0.9153286,2.531061,0.46322715
2020-10-12,0.0034275204,2.5380833,1.0172899
2020-10-13,2.517311,2.52373,2.5198789
2020-10-14,0.8354794,2.5458012,1.519608
2020-10-15,1.1124907,2.529169,1.679162
2020-10-16,0.12879123,2.530042,1.0892916
2020-10-17,-0.6155504,2.5268166,0.6413964
2020-10-18,-1.2844794,2.5549667,0.25129908
2020-10-19,1.2209789,2.5499585,1.7525707
2020-10-20,1.2025598,2.5475929,1.740573
2020-10-21,1.3889077,2.5436838,1.8508182
2020-10-22,0.5206558,2.544792,1.3303103
2020-10-23,0.6056333,2.6878855,1.4385343
2020-10-24,-1.3056424,2.580928,0.24898583
2020-10-25,0.8253063,2.4444103,1.472948
2020-10-26,0.5990174,2.4633813,1.3447629
2020-10-27,1.9342955,2.4497383,2.1404727
2020-10-28,2.074339,2.46159,2.2292395
2020-10-29,2.127677,2.458221,2.2598946
2020-10-30,1.2742351,2.4551396,1.7465969
2020-10-31,1.8884362,2.4589417,2.1166384
2020-11-01,1.0773492,2.4874604,1.6413937
2020-11-02,2.2378728,2.485819,2.3370514
2020-11-03,0.32141435,2.4874647,1.1878345
2020-11-04,1.6701986,2.6623528,2.0670605
2020-11-05,-0.10343604,2.4395068,0.9137411
2020-11-06,-0.44626832,2.6932197,0.8095269
2020-11-07,0.13929315,2.5688179,1.111103
2020-11-08,1.2370845,2.3332276,1.6755419
2020-11-09,1.2955935,2.2338219,1.6708848
2020-11-10,1.5403627,2.4842436,1.9179151
2020-11-11,1.3819474,2.3673801,1.7761205
2020-11-12,1.785932,2.3611906,2.0160356
2020-11-13,2.0740578,2.4199145,2.2124004
2020-11-14,1.4313849,2.349201,1.7985114
2020-11-15,1.1871911,2.2150042,1.5983164
2020-11-16,0.86224735,2.2191858,1.4050227
2020-11-17,0.91483116,2.3576229,1.4919479
2020-11-18,0.4955426,2.4177449,1.2644235
2020-11-19,0.2759223,2.6078496,1.2086933
2020-11-20,1.1313759,2.3038728,1.6003747
2020-11-21,1.9057269,2.5701807,2.1715083
2020-11-22,2.3059888,2.3015573,2.3042164
2020-11-23,1.8341054,2.311416,2.0250297
2020-11-24,1.6537467,2.3382032,1.9275293
2020-11-25,1.0492098,2.4725254,1.618536
2020-11-26,1.5834167,2.4621682,1.9349173
2020-11-27,1.4313862,2.4392617,1.8345364
2020-11-28,1.0092688,2.433656,1.5790236
2020-11-29,1.5820601,2.3990262,1.9088466
2020-11-30,1.1038244,2.3972836,1.6212081
2020-12-01,0.6516495,2.3998773,1.3509406
2020-12-02,1.3012058,2.6525743,1.8417532
2020-12-03,0.62922823,2.3660312,1.3239495
2020-12-04,1.0359703,2.3960469,1.580001
2020-12-05,2.0557036,2.3817208,2.1861105
2020-12-06,1.339242,2.3364222,1.7381141
2020-12-07,1.2040287,2.341259,1.6589208
2020-12-08,1.7321078,2.3497589,1.9791682
2020-12-09,0.20176236,2.4233744,1.0904073
2020-12-10,-0.1899475,2.34438,0.82378346
2020-12-11,0.6179951,2.3776972,1.3218759
2020-12-12,0.50397927,2.346382,1.2409403
2020-12-13,0.81911176,2.3410769,1.4278978
2020-12-14,1.550361,2.403552,1.8916376
2020-12-15,0.6275245,2.3514876,1.3171098
2020-12-16,0.91725755,2.357727,1.4934454
2020-12-17,0.23496066,2.414647,1.1068352
2020-12-18,1.0148226,2.5265186,1.6195011
2020-12-19,0.55826,2.6646826,1.4008291
2020-12-20,1.188433,2.2996404,1.632916
2020-12-21,1.9037253,2.2938902,2.0597913
2020-12-22,2.201657,2.2898583,2.2369375
2020-12-23,1.4150453,2.6393359,1.9047616
2020-12-24,0.9026437,2.6232104,1.5908704
2020-12-25,1.2963018,2.305074,1.6998107
2020-12-26,1.7062646,2.2687712,1.9312673
2020-12-27,0.86371166,2.2718241,1.4269567
2020-12-28,0.98680043,2.4256017,1.562321
2020-12-29,0.32556912,2.6584876,1.2587365
2020-12-30,0.49701458,2.4776223,1.2892578
2020-12-31,1.9723481,2.5936472,2.2208676
2021-01-01,2.6101425,2.5334249,2.5794554
2021-01-02,2.4831502,2.2267182,2.3805776
2021-01-03,2.378932,2.4639728,2.4129484
2021-01-04,1.5995232,2.524769,1.9696215
2021-01-05,1.5702604,2.630531,1.9943688
2021-01-06,1.4575938,2.5250905,1.8845925
2021-01-07,2.7435389,2.6141987,2.691803
2021-01-08,2.2405543,2.6436384,2.4017882
2021-01-09,1.8633081,2.5739453,2.147563
2021-01-10,2.3974028,2.300574,2.3586714
2021-01-11,2.2373998,2.2890916,2.2580767
2021-01-12,1.2710339,2.5506108,1.7828648
2021-01-13,0.651911,2.543087,1.4083815
2021-01-14,1.8447957,2.1625214,1.9718859
2021-01-15,1.4427941,2.5547853,1.8875906
2021-01-16,0.78926235,2.3549757,1.4155477
2021-01-17,1.8771796,0.9684348,1.5136818
2021-01-18,2.3391376,1.2097541,1.8873842
2021-01-19,1.4455732,1.1857795,1.3416557
2021-01-20,1.4969277,2.4040318,1.8597693
2021-01-21,0.005617723,1.295536,0.52158505
2021-01-22,0.19082703,1.2335811,0.60792863
2021-01-23,1.2062217,1.2821429,1.2365901
2021-01-24,1.0131017,1.1891118,1.0835057
2021-01-25,0.8928405,1.2519184,1.0364717
2021-01-26,2.067306,1.2217038,1.7290652
2021-01-27,0.96752816,1.1514001,1.041077
2021-01-28,0.84724736,1.2863979,1.0229077
2021-01-29,0.17226766,1.1500802,0.5633927
2021-01-30,2.6387668,2.4199178,2.5512273
2021-01-31,0.43302238,1.1207733,0.70812273
2021-02-01,0.93608123,1.1565276,1.0242598
2021-02-02,1.587044,1.2544813,1.4540191
2021-02-03,1.4039553,0.95731175,1.2252979
2021-02-04,0.83548355,1.1382749,0.95660007
2021-02-05,1.5641894,1.9498643,1.7184594
2021-02-06,0.10844852,1.949868,0.84501636
2021-02-07,0.97629,1.2730163,1.0949805
2021-02-08,1.4305209,0.8862095,1.2127963
2021-02-09,1.7257072,2.4604053,2.0195866
2021-02-10,-0.78435206,2.5224001,0.5383489
2021-02-11,1.3305261,2.008845,1.6018537
2021-02-12,2.747195,0.96236515,2.0332632
2021-02-13,1.7812933,2.0901756,1.9048462
2021-02-14,0.9358288,0.47277194,0.7506061
2021-02-15,2.062684,0.45740783,1.4205736
2021-02-16,1.2415001,0.60345995,0.9862841
2021-02-17,0.953773,0.75320673,0.87354654
2021-02-18,0.38781306,1.6408595,0.88903165
2021-02-19,1.1097114,1.7628756,1.3709772
2021-02-20,-0.0654964,2.2840822,0.87433505
2021-02-21,1.5918703,1.7893229,1.6708515
2021-02-22,1.9235905,1.7032161,1.8354409
2021-02-23,1.9470638,1.6632662,1.8335447
2021-02-24,1.480937,2.2449744,1.786552
2021-02-25,1.2990348,2.145883,1.6377742
2021-02-26,0.89493227,1.7708048,1.2452813
2021-02-27,0.6060655,0.7037571,0.6451422
2021-02-28,0.9617811,0.6104656,0.8212549
2021-03-01,0.58941245,0.87554836,0.70386684
2021-03-02,0.151022,0.9019066,0.45137584
2021-03-03,1.2125049,0.908243,1.0908002
2021-03-04,0.036966197,0.97978383,0.41409326
2021-03-05,-0.7994497,0.9987788,-0.08015829
2021-03-06,1.9990815,1.5738612,1.8289934
2021-03-07,0.43138486,1.2297648,0.75073683
2021-03-08,2.3571663,1.423039,1.9835155
2021-03-09,2.3811555,1.6062939,2.0712109
2021-03-10,0.8263045,1.7284243,1.1871524
2021-03-11,-0.025017723,1.7628337,0.69012284
2021-03-12,1.3102778,2.0699692,1.6141543
2021-03-13,-0.18046395,2.211624,0.7763712
2021-03-14,1.2632698,2.1574419,1.6209387
2021-03-15,1.4669574,2.1801178,1.7522216
2021-03-16,1.5259098,2.2572281,1.8184371
2021-03-17,0.5866641,2.3038564,1.273541
2021-03-18,2.0952234,2.25383,2.1586661
2021-03-19,0.22235607,2.253198,1.0346928
2021-03-20,1.0116196,2.2542934,1.5086892
2021-03-21,1.7063318,2.2824848,1.9367931
2021-03-22,1.3109947,2.2921875,1.7034719
2021-03-23,0.6534809,2.2859755,1.3064787
2021-03-24,0.030422196,2.3231344,0.9475071
2021-03-25,-1.640787,2.2926593,-0.0674085
2021-03-26,-0.16480587,2.2934735,0.8185059
2021-03-27,0.5247697,2.278948,1.2264411
2021-03-28,0.4528166,2.2810194,1.1840978
2021-03-29,0.46622133,2.2914069,1.1962955
2021-03-30,2.073091,2.2934291,2.1612263
2021-03-31,-0.67296755,2.3207953,0.52453756
2021-04-01,0.8226057,2.3272355,1.4244577
2021-04-02,1.4592987,2.3205068,1.803782
2021-04-03,0.6493636,2.2926214,1.3066667
2021-04-04,-0.7077782,2.2945101,0.49313712
2021-04-05,1.7717587,2.3004072,1.9832182
2021-04-06,0.6081448,2.3160286,1.2912984
2021-04-07,1.5165249,2.599357,1.9496578
2021-04-08,-0.64699984,2.2889442,0.5273778
2021-04-09,0.4246559,2.0122392,1.0596893
2021-04-10,-0.19707875,2.3158393,0.8080885
2021-04-11,0.9073843,2.1645803,1.4102628
2021-04-12,0.7344792,2.1605134,1.3048929
2021-04-13,3.295126,2.2829738,2.8902652
2021-04-14,0.26243925,2.5039225,1.1590326
2021-04-15,0.312127,2.4826994,1.180356
2021-04-16,1.371309,2.556816,1.8455119
2021-04-17,0.34618044,2.4464798,1.1863002
2021-04-18,0.83094335,2.4638367,1.4841007
2021-04-19,3.522408,2.5298228,3.1253738
2021-04-20,0.73608655,2.4482508,1.4209523
2021-04-21,3.4420142,2.4748082,3.055132
2021-04-22,1.4998549,2.4810846,1.8923469
2021-04-23,2.0275738,2.4889958,2.2121427
2021-04-24,0.5140932,2.518115,1.315702
2021-04-25,0.49209285,2.5029562,1.2964382
2021-04-26,-0.18307994,2.517808,0.89727527
2021-04-27,1.8524926,2.5238578,2.121039
2021-04-28,0.37343425,2.515922,1.2304294
2021-04-29,0.41527623,2.522836,1.2583002
2021-04-30,-0.17550968,2.523761,0.90419865
2021-05-01,1.2521,2.5095181,1.7550673
2021-05-02,-0.9217864,2.5370352,0.46174228
2021-05-03,1.4340193,2.5474036,1.8793731
2021-05-04,1.644681,2.571142,2.0152655
2021-05-05,1.5006818,2.5667531,1.9271104
2021-05-06,0.57020867,2.5304396,1.3543011
2021-05-07,0.8026959,2.5658524,1.5079585
2021-05-08,-0.1827458,2.5583718,0.9137012
2021-05-09,0.42895633,2.5306191,1.2696215
2021-05-10,0.55527705,2.5630417,1.3583829
2021-05-11,1.1038555,2.5591452,1.6859715
2021-05-12,0.0405214,2.5656073,1.0505558
2021-05-13,0.42147678,2.5569005,1.2756463
2021-05-14,-0.20981203,2.5237715,0.8836214
2021-05-15,0.1499774,2.524981,1.0999789
2021-05-16,-0.81837225,2.5594113,0.5327411
2021-05-17,0.14185731,2.5518708,1.1058627
2021-05-18,-0.6768285,2.5418935,0.61066025
2021-05-19,-1.3633579,2.5461771,0.20045608
2021-05-20,-2.7444274,2.5368657,-0.6319102
2021-05-21,-2.7310243,2.5388649,-0.6230687
2021-05-22,-2.4785862,2.553351,-0.46581137
2021-05-23,-2.1546817,2.558159,-0.26954532
2021-05-24,-1.8653659,2.5195324,-0.111406565
2021-05-25,-1.8319088,2.5535772,-0.07771444
2021-05-26,-2.0485024,2.5576465,-0.20604289
2021-05-27,-1.8117005,2.558825,-0.06349027
2021-05-28,-1.5086466,2.5605285,0.11902338
2021-05-29,-1.0875419,2.560072,0.3715036
2021-05-30,-0.6664423,2.5306263,0.61238515
2021-05-31,-0.2000679,2.5661952,0.90643746
2021-06-01,-0.5214814,2.566809,0.71383476
2021-06-02,-0.84517705,2.555516,0.5151002
2021-06-03,-1.4711374,2.5596325,0.14117056
2021-06-04,-1.4447068,2.5648468,0.15911466
2021-06-05,-1.4666635,2.5718596,0.14874572
2021-06-06,-0.4965278,2.5997956,0.74200165
2021-06-07,0.5194986,2.598032,1.350912
2021-06-08,0.5198125,2.5958657,1.3502338
2021-06-09,-0.19397043,2.5883577,0.9189608
2021-06-10,0.051069453,2.5952737,1.0687512
2021-06-11,-0.13874783,2.5985303,0.95616347
2021-06-12,-0.40421683,2.6011024,0.7979108
2021-06-13,-0.33982575,2.6041493,0.83776426
2021-06-14,-0.34615445,2.6051953,0.83438545
2021-06-15,-0.5889176,2.2534244,0.5480192
2021-06-16,-1.0707545,2.2594516,0.26132792
2021-06-17,-1.0491698,2.2607331,0.27479136
2021-06-18,-1.2858387,2.4352248,0.20258665
2021-06-19,-1.2851087,2.4343984,0.20269412
2021-06-20,-0.64590573,2.4819274,0.6052275
2021-06-21,-0.07183385,2.4831088,0.9501432
2021-06-22,-0.24963965,2.4166043,0.81685793
2021-06-23,-0.3330403,2.5029383,0.8013511
2021-06-24,-0.7832776,2.5258431,0.5403707
2021-06-25,-0.94759905,2.5269237,0.44221002
2021-06-26,-1.4586776,2.5240452,0.13441151
2021-06-27,-1.1017858,2.541066,0.35535496
2021-06-28,-0.7771012,2.5507305,0.5540314
2021-06-29,-0.87807894,2.5480192,0.49236035
2021-06-30,-1.2877753,2.4762423,0.21783173
2021-07-01,-1.6971062,2.4748647,-0.028317928
2021-07-02,-1.8623661,2.4732063,-0.12813717
2021-07-03,-2.1451638,2.4709058,-0.29873598
2021-07-04,-1.613141,2.4791188,0.023762941
2021-07-05,-1.2013539,2.4984848,0.27858156
2021-07-06,-1.2852193,2.4973633,0.22781372
2021-07-07,-1.4855397,2.4944012,0.10643661
2021-07-08,-1.21214,2.4909234,0.26908535
2021-07-09,-1.090202,2.4883506,0.34121907
2021-07-10,-0.9327332,2.4863803,0.4349122
2021-07-11,-0.32029462,2.484175,0.8014932
2021-07-12,-0.14073388,2.6153686,0.9617071
2021-07-13,-0.5421239,2.611566,0.7193521
2021-07-14,-0.95376825,2.5945141,0.4655447
2021-07-15,-0.86577225,2.622403,0.5294978
2021-07-16,-1.2778383,2.6293015,0.28501755
2021-07-17,-0.46322477,2.6305356,0.77427936
2021-07-18,-0.6341326,2.6207933,0.66783774
2021-07-19,-0.1631938,2.5865128,0.93668884
2021-07-20,-0.20177366,2.6375353,0.93394995
2021-07-21,-0.9338114,2.6404042,0.49587488
2021-07-22,-0.5816972,2.639652,0.70684254
2021-07-23,-0.8439646,2.6413748,0.55017114
2021-07-24,-0.7456573,2.6409428,0.6089828
2021-07-25,-0.7618173,2.63946,0.5986937
2021-07-26,-0.298405,2.6353493,0.87509674
2021-07-27,-1.2468026,2.6215513,0.30053902
2021-07-28,-1.2693123,2.6273084,0.28933597
2021-07-29,-0.5438554,2.6629236,0.7388562
2021-07-30,0.22861119,2.6683252,1.2044969
2021-07-31,0.19720976,2.682708,1.1914091
2021-08-01,0.36816657,2.6805725,1.293129
2021-08-02,0.08926201,2.6763701,1.1241052
2021-08-03,0.1285478,2.6856713,1.1513972
2021-08-04,-0.2905901,2.699421,0.90541434
2021-08-05,-0.20976491,2.6854346,0.94831485
2021-08-06,0.18216412,2.7051122,1.1913434
2021-08-07,0.31795895,2.6828487,1.263915
2021-08-08,0.35333925,2.6767552,1.2827057
2021-08-09,0.6040737,2.6666434,1.4291017
2021-08-10,0.9075043,2.6698499,1.6124426
2021-08-11,0.88330406,2.6710002,1.5983826
2021-08-12,1.1010828,2.6654801,1.7268417
2021-08-13,1.2769107,2.6732602,1.8354505
2021-08-14,1.3427445,2.6723266,1.8745773
2021-08-15,1.0996628,2.661743,1.7244948
2021-08-16,0.8234821,2.6589894,1.557685
2021-08-17,1.0113149,2.6626759,1.6718593
2021-08-18,0.51014096,2.6705806,1.3743169
2021-08-19,0.13133603,2.6606655,1.1430678
2021-08-20,1.3071629,2.6647115,1.8501823
2021-08-21,1.0043854,2.635932,1.657004
2021-08-22,0.09217723,2.6443152,1.1130325
2021-08-23,0.8355136,2.6582463,1.5646068
2021-08-24,1.7580951,2.653984,2.1164508
2021-08-25,0.67168397,2.6495063,1.4628129
2021-08-26,1.1557059,2.6270812,1.744256
2021-08-27,1.885202,2.6302364,2.1832159
2021-08-28,0.55406094,2.6533136,1.393762
2021-08-29,0.57686466,2.6553035,1.4082402
2021-08-30,1.762628,2.6508245,2.1179066
2021-08-31,1.2478528,2.6424708,1.8057001
2021-09-01,0.0633001,2.6389353,1.0935543
2021-09-02,0.56175673,2.624336,1.3867885
2021-09-03,0.82733274,2.6272123,1.5472846
2021-09-04,-0.25731683,2.6102645,0.8897158
2021-09-05,0.8791512,2.6271544,1.5783525
2021-09-06,1.7758868,2.6210387,2.1139476
2021-09-07,1.6076632,2.6084223,2.007967
2021-09-08,1.3673493,2.6442397,1.8781054
2021-09-09,1.3902851,2.6003318,1.8743038
2021-09-10,1.5221661,2.5834413,1.9466763
2021-09-11,0.1694908,2.5823157,1.1346208
2021-09-12,0.20513155,2.6068141,1.1658046
2021-09-13,1.4977373,2.6057024,1.9409235
2021-09-14,1.7350898,2.5851393,2.0751095
2021-09-15,-0.40013444,2.5869625,0.7947044
2021-09-16,0.41281217,2.5965471,1.2863063
2021-09-17,2.2893436,2.584159,2.40727
2021-09-18,0.79255307,2.5909226,1.5119009
2021-09-19,1.2486057,2.5932891,1.7864792
2021-09-20,1.1363877,2.587204,1.7167143
2021-09-21,0.79003245,2.5952713,1.5121281
2021-09-22,-0.6789916,2.5789118,0.6241697
2021-09-23,0.0100706965,2.580845,1.0383804
2021-09-24,1.0408902,2.5646079,1.6503773
2021-09-25,0.14588809,2.550249,1.1076325
2021-09-26,0.072058424,2.5740333,1.0728484
2021-09-27,1.3145491,2.5671089,1.815573
2021-09-28,1.0200869,2.563116,1.6372986
2021-09-29,0.22100483,2.5620089,1.1574064
2021-09-30,-0.30576098,2.5690498,0.84416336
2021-10-01,1.075318,2.5904193,1.6813586
2021-10-02,0.41148388,2.5633566,1.272233
2021-10-03,0.88685626,2.6208835,1.5804672
2021-10-04,0.35476968,2.5827625,1.2459668
2021-10-05,1.1586845,2.5679162,1.7223772
2021-10-06,0.54262495,2.6123936,1.3705325
2021-10-07,1.0317407,2.5763562,1.6495869
2021-10-08,0.70896196,2.6281402,1.4766333
2021-10-09,1.0677849,2.5261319,1.6511238
2021-10-10,0.68149966,2.5367262,1.4235903
2021-10-11,1.5784911,2.5344899,1.9608907
2021-10-12,0.066261396,2.5716321,1.0684098
2021-10-13,0.47307795,2.552374,1.3047965
2021-10-14,1.5641192,2.5910738,1.9749011
2021-10-15,1.2353367,2.547698,1.7602812
2021-10-16,0.35661542,2.6332405,1.2672654
2021-10-17,1.7649506,2.5050812,2.061003
2021-10-18,2.1743898,2.504631,2.3064864
2021-10-19,1.746008,2.5762205,2.078093
2021-10-20,0.13413425,2.6302688,1.1325881
2021-10-21,0.23848592,2.6241071,1.1927345
2021-10-22,0.84869546,2.6446857,1.5670917
2021-10-23,1.3967062,2.5488648,1.8575697
2021-10-24,1.6593405,2.3337493,1.9291041
2021-10-25,2.3135777,2.336735,2.3228407
2021-10-26,1.5138782,2.5415504,1.9249471
2021-10-27,0.14110468,2.4345634,1.0584882
2021-10-28,1.0595361,2.4683752,1.6230718
2021-10-29,1.3217508,2.48712,1.7878984
2021-10-30,0.9474237,2.6083434,1.6117916
2021-10-31,0.85619414,2.3984952,1.4731146
2021-11-01,2.4993038,2.403795,2.4611003
2021-11-02,1.0092233,2.4945903,1.6033702
2021-11-03,0.7089651,2.5848482,1.4593184
2021-11-04,1.2323767,2.5480697,1.7586539
2021-11-05,1.7156591,2.2882707,1.9447038
2021-11-06,0.17675437,2.4009016,1.0664133
2021-11-07,1.5661603,2.3014405,1.8602724
2021-11-08,2.5830903,2.3055027,2.4720554
2021-11-09,1.3700773,2.4052129,1.7841315
2021-11-10,-0.08300628,2.5364683,0.9647835
2021-11-11,2.082997,2.3773003,2.2007184
2021-11-12,1.1997274,2.241517,1.6164434
2021-11-13,1.0244133,2.258666,1.5181144
2021-11-14,1.3117536,2.247022,1.685861
2021-11-15,1.8185513,2.227812,1.9822557
2021-11-16,0.42919296,2.2882285,1.1728072
2021-11-17,0.6241757,2.5549166,1.3964722
2021-11-18,-0.82084775,2.3233216,0.43681994
2021-11-19,0.82015467,2.4617755,1.4768031
2021-11-20,0.69291925,2.117902,1.2629124
2021-11-21,0.9251432,2.1248329,1.405019
2021-11-22,0.68994033,2.1428537,1.2711058
2021-11-23,1.3292555,2.141536,1.6541677
2021-11-24,-1.0120276,2.1240654,0.24240959
2021-11-25,1.4053446,2.088813,1.678732
2021-11-26,0.78866845,2.181958,1.3459842
2021-11-27,1.1082214,2.3440683,1.6025602
2021-11-28,-0.29451936,2.1368232,0.6780177
2021-11-29,1.4674586,2.156217,1.7429621
2021-11-30,0.4081735,2.1658127,1.1112292
2021-12-01,-0.08130629,2.149574,0.8110458
2021-12-02,-1.329865,2.183466,0.07546735
2021-12-03,1.6088064,2.1706135,1.8335292
2021-12-04,-0.60064965,2.1450415,0.4976268
2021-12-05,0.9858269,2.1827898,1.4646121
2021-12-06,1.0550743,2.1683357,1.5003788
2021-12-07,1.8384937,2.2234647,1.9924822
2021-12-08,-0.6655122,2.1984024,0.48005363
2021-12-09,0.7275681,2.2006204,1.316789
2021-12-10,0.6151944,2.2044272,1.2508875
2021-12-11,0.17690583,2.189609,0.9819871
2021-12-12,-0.7809895,2.1812713,0.40391478
2021-12-13,0.37077016,2.1954768,1.1006528
2021-12-14,0.7938509,2.1869433,1.3510878
2021-12-15,0.45387733,2.2276008,1.1633668
2021-12-16,0.15918995,2.2317588,0.98821753
2021-12-17,1.3135728,2.2158873,1.6744986
2021-12-18,-0.40034616,2.2298079,0.6517154
2021-12-19,0.37513563,2.2813742,1.137631
2021-12-20,0.948727,2.3258557,1.4995785
2021-12-21,0.25932598,2.3798275,1.1075265
2021-12-22,-1.5013548,2.3849738,0.05317658
2021-12-23,-0.09411974,2.3979368,0.9027029
2021-12-24,-1.0942632,2.395324,0.30157167
2021-12-25,0.42400634,2.3171923,1.1812809
2021-12-26,0.6437109,2.32713,1.3170786
2021-12-27,1.2637386,2.3624113,1.7032077
2021-12-28,1.7261603,2.3646169,1.9815431
2021-12-29,0.5984381,2.4052603,1.321167
2021-12-30,-0.70845306,2.3934028,0.53228927
2021-12-31,-1.117232,2.37607,0.28008878
2022-01-01,-0.9735725,2.4036427,0.37731355
2022-01-02,-1.2543715,2.4512491,0.22787672
2022-01-03,-0.012649357,2.4842803,0.9861225
2022-01-04,0.789943,2.4862542,1.4684675
2022-01-05,0.31539643,2.4812481,1.1817372
2022-01-06,0.36970395,2.4888153,1.2173486
2022-01-07,0.6462708,2.4830132,1.3809677
2022-01-08,-1.5518526,2.4971118,0.06773317
2022-01-09,-0.098147124,2.4397812,0.91702425
2022-01-10,0.5193756,2.4580472,1.2948443
2022-01-11,-0.101397514,2.4991705,0.9388297
2022-01-12,-1.1841568,2.4865017,0.2841066
2022-01-13,-0.44472766,2.5018613,0.73390794
2022-01-14,-1.3912996,2.4828215,0.1583488
2022-01-15,-1.3300682,2.5269737,0.21274853
2022-01-16,-0.44659817,2.5309842,0.74443483
2022-01-17,0.23895337,2.547445,1.16235
2022-01-18,-0.07231842,2.5851545,0.99067074
2022-01-19,-0.062931046,2.5912967,0.99876004
2022-01-20,0.02672033,2.5655792,1.0422639
2022-01-21,-1.1658995,2.5766768,0.33113104
2022-01-22,-1.8953947,2.5616372,-0.11258197
2022-01-23,-0.7263806,2.5795333,0.59598505
2022-01-24,1.054586,2.5784416,1.6641283
2022-01-25,0.9813059,2.5552294,1.6108754
2022-01-26,-1.1328055,2.60552,0.36252475
2022-01-27,-0.9740938,2.61555,0.46176374
2022-01-28,0.034964696,2.6105435,1.0651963
2022-01-29,-0.6118907,2.6112523,0.6773665
2022-01-30,0.041948453,2.6032522,1.0664699
2022-01-31,1.3447454,2.5887039,1.8423288
2022-02-01,0.066443756,2.6116927,1.0845433
2022-02-02,0.108958974,2.6228945,1.1145332
2022-02-03,0.9270313,2.6370473,1.6110377
2022-02-04,0.29040927,2.6284788,1.2256371
2022-02-05,-0.67310536,2.6271102,0.6469809
2022-02-06,2.572983,2.6342251,2.5974798
2022-02-07,0.50390357,2.6308756,1.3546925
2022-02-08,1.6720299,2.6209667,2.0516047
2022-02-09,0.91353303,2.612981,1.5933123
2022-02-10,-1.0727237,2.6355906,0.41060203
2022-02-11,-0.46020865,2.6165183,0.7704822
2022-02-12,0.14626212,2.608966,1.1313437
2022-02-13,0.34860796,2.6296039,1.2610064
2022-02-14,0.5753638,2.632548,1.3982376
2022-02-15,2.0174077,2.6280446,2.2616625
2022-02-16,0.19840962,2.6273248,1.1699756
2022-02-17,-0.7574438,2.6213322,0.59406656
2022-02-18,-0.73549896,2.619125,0.60635054
2022-02-19,-0.43162596,2.6243393,0.79076016
2022-02-20,0.9741881,2.6226244,1.6335626
2022-02-21,0.50942475,2.6211996,1.3541348
2022-02-22,2.275972,2.6175928,2.4126203
2022-02-23,0.2847495,2.6137023,1.2163306
2022-02-24,0.13263999,2.6172533,1.1264853
2022-02-25,-0.4133783,2.597602,0.79101384
2022-02-26,0.30796343,2.6047714,1.2266867
2022-02-27,-0.5260449,2.623962,0.73395777
2022-02-28,0.8895853,2.6228926,1.5829082
2022-03-01,1.8063937,2.5867343,2.11853
2022-03-02,-1.0530417,2.6548066,0.43009764
2022-03-03,0.21806523,2.5929253,1.1680093
2022-03-04,0.5542814,2.5972536,1.3714703
2022-03-05,-0.41925442,2.5918663,0.7851938
2022-03-06,-0.92930925,2.6161807,0.4888867
2022-03-07,1.327826,2.6164365,1.8432703
2022-03-08,0.86555684,2.5977585,1.5584376
2022-03-09,-0.09485684,2.603211,0.98437035
2022-03-10,0.18262886,2.5836852,1.1430514
2022-03-11,0.16454189,2.5897136,1.1346105
2022-03-12,-1.2232571,2.5888877,0.30160087
2022-03-13,-0.0009612143,2.608071,1.0426518
2022-03-14,0.9753839,2.6069272,1.6280012
2022-03-15,1.3798082,2.6015923,1.8685219
2022-03-16,2.1916416,2.6053169,2.357112
2022-03-17,1.6548977,2.5893822,2.0286915
2022-03-18,-0.37425572,2.571484,0.8040402
2022-03-19,-0.7136928,2.5807538,0.60408586
2022-03-20,-1.0384513,2.6035159,0.41833556
2022-03-21,-0.00977616,2.6051407,1.0361906
2022-03-22,1.7786189,2.572621,2.09622
2022-03-23,1.0668734,2.590568,1.6763513
2022-03-24,0.5785718,2.5957448,1.3854411
2022-03-25,-0.75828475,2.5935645,0.58245504
2022-03-26,1.0972276,2.6290014,1.7099371
2022-03-27,-0.25785547,2.590562,0.88151157
2022-03-28,0.8163091,2.5824075,1.5227485
2022-03-29,1.3028772,2.6258433,1.8320637
2022-03-30,-0.15455614,2.6086297,0.9507182
2022-03-31,0.39304262,2.5591328,1.2594787
2022-04-01,1.1419111,2.5858653,1.7194928
2022-04-02,-0.9087857,2.5562456,0.4772268
2022-04-03,-0.024551854,2.569362,1.0130136
2022-04-04,1.2389485,2.5658717,1.7697178
2022-04-05,0.6850047,2.5979862,1.4501973
2022-04-06,-1.2618119,2.566375,0.26946288
2022-04-07,0.78242236,2.5576968,1.4925323
2022-04-08,1.5499471,2.5627618,1.9550731
2022-04-09,1.2780911,2.5710282,1.7952659
2022-04-10,1.0688267,2.5709665,1.6696826
2022-04-11,1.8394773,2.5692523,2.1313872
2022-04-12,1.289996,2.5574615,1.7969823
2022-04-13,-0.0072497576,2.5668468,1.0223889
2022-04-14,-0.43257356,2.5674117,0.76742053
2022-04-15,-1.0138692,2.5500672,0.41170537
2022-04-16,-1.2895309,2.5690114,0.25388604
2022-04-17,-0.33529288,2.5704873,0.82701916
2022-04-18,0.6082164,2.5667245,1.3916197
2022-04-19,0.61851543,2.5688734,1.3986586
2022-04-20,1.7941233,2.5712514,2.1049747
2022-04-21,1.5417725,2.5512888,1.945579
2022-04-22,-0.21749507,2.6439378,0.92707807
2022-04-23,-1.4457613,2.5487757,0.15205342
2022-04-24,1.0880456,2.546654,1.671489
2022-04-25,0.89279675,2.5417516,1.5523787
2022-04-26,0.7004781,2.5372772,1.4351978
2022-04-27,0.28448838,2.5363097,1.1852169
2022-04-28,1.2559378,2.5326684,1.7666302
2022-04-29,-0.44119185,2.51436,0.74102885
2022-04-30,1.1641117,2.52307,1.7076952
2022-05-01,1.9822192,2.5439534,2.206913
2022-05-02,0.6717847,2.533095,1.4163088
2022-05-03,-0.15571706,2.551641,0.92722625
2022-05-04,1.2090174,2.5323539,1.7383521
2022-05-05,-0.8770987,2.5219352,0.48251492
2022-05-06,1.310747,2.6235158,1.8358546
2022-05-07,0.9563792,2.4717188,1.562515
2022-05-08,0.09553681,2.5068924,1.0600791
2022-05-09,-0.6390234,2.4855065,0.6107886
2022-05-10,0.6100883,2.642635,1.423107
2022-05-11,-0.43908024,2.4972212,0.7354404
2022-05-12,-0.31554908,2.6623378,0.87560564
2022-05-13,-1.1102754,2.5457013,0.35211527
2022-05-14,-0.5704485,2.2157621,0.54403573
2022-05-15,-0.37733823,2.2099915,0.65759367
2022-05-16,0.00819096,2.2595818,0.9087473
2022-05-17,0.84362656,2.2099736,1.3901653
2022-05-18,-0.52385473,2.218306,0.5730096
2022-05-19,-0.8052486,2.258537,0.42026564
2022-05-20,0.4534024,2.260983,1.1764346
2022-05-21,0.6618869,2.2648742,1.3030819
2022-05-22,-0.18650638,2.2758136,0.7984216
2022-05-23,0.90314305,2.272933,1.4510591
2022-05-24,0.5143487,2.2530613,1.2098337
2022-05-25,-1.2785088,2.2981257,0.15214503
2022-05-26,-0.4853933,2.2973244,0.6276938
2022-05-27,0.48675162,2.310992,1.2164478
2022-05-28,-0.3463443,2.267377,0.6991442
2022-05-29,-0.38728893,2.2468178,0.66635376
2022-05-30,0.89009607,2.2404747,1.4302475
2022-05-31,1.153741,2.341617,1.6288915
2022-06-01,1.0838532,2.3418846,1.5870658
2022-06-02,0.31110168,2.3540952,1.1282991
2022-06-03,-0.45084566,2.2629445,0.6346704
2022-06-04,-0.07739301,2.3621187,0.8984117
2022-06-05,0.09665653,2.2843554,0.97173613
2022-06-06,-0.068831876,2.2822053,0.87158304
2022-06-07,1.6029283,2.3652165,1.9078436
2022-06-08,-0.20094196,2.365989,0.8258304
2022-06-09,0.0585849,2.365282,0.98126376
2022-06-10,-0.8533571,2.369381,0.43573815
2022-06-11,-1.2259709,2.3700335,0.2124309
2022-06-12,-0.5750167,2.3695838,0.6028235
2022-06-13,0.5792793,2.2555408,1.249784
2022-06-14,0.03325273,2.4050229,0.9819608
2022-06-15,-1.265401,2.3710828,0.18919247
2022-06-16,-1.8639928,2.3621323,-0.17354274
2022-06-17,-1.5460995,2.175449,-0.057480156
2022-06-18,-1.1321392,2.1817636,0.1934219
2022-06-19,-1.1195832,2.3261237,0.25869954
2022-06-20,-0.8525361,2.2405293,0.38469005
2022-06-21,0.36238724,2.2462995,1.1159521
2022-06-22,-1.028571,2.369701,0.33073777
2022-06-23,-0.6302929,2.247604,0.5208658
2022-06-24,0.15682748,2.2652419,1.0001932
2022-06-25,0.13978647,2.2453244,0.98200166
2022-06-26,-0.18319462,2.2623417,0.79502
2022-06-27,1.1250695,2.3092384,1.5987371
2022-06-28,0.15951149,2.2784073,1.0070698
2022-06-29,-0.35981017,2.3151212,0.71016234
2022-06-30,-0.8735931,2.3024528,0.39682525
2022-07-01,-1.5868831,2.4134827,0.013263166
2022-07-02,-1.7814767,2.382383,-0.11593276
2022-07-03,-1.4996858,2.4071157,0.06303477
2022-07-04,-0.5941938,2.4021928,0.6043608
2022-07-05,0.014318809,2.4555306,0.99080354
2022-07-06,-0.60790026,2.465713,0.6215451
2022-07-07,0.20641313,2.4589508,1.1074282
2022-07-08,0.34944642,2.456,1.1920679
2022-07-09,-1.5729156,2.5245833,0.06608397
2022-07-10,-1.1370236,2.5560672,0.34021282
2022-07-11,-0.84821963,2.4251342,0.46112186
2022-07-12,-0.032122016,2.5646434,1.0065842
2022-07-13,0.25558937,2.6196477,1.2012126
2022-07-14,-0.3042773,2.636263,0.8719388
2022-07-15,0.31755447,2.639298,1.246252
2022-07-16,-0.714997,2.6298673,0.62294877
2022-07-17,-1.5137737,2.6318097,0.14445966
2022-07-18,-0.9161655,2.6307454,0.5025989
2022-07-19,-0.5554509,2.6309755,0.71911967
2022-07-20,-0.6020291,2.6287568,0.6902852
2022-07-21,-1.4212309,2.6347568,0.20116419
2022-07-22,-1.4960355,2.6119444,0.14715642
2022-07-23,-1.5387121,2.638826,0.13230312
2022-07-24,-0.7288621,2.6361303,0.6171349
2022-07-25,-0.439947,2.6333563,0.78937435
2022-07-26,-0.57779646,2.6374013,0.7082827
2022-07-27,-0.8210828,2.6351628,0.56141543
2022-07-28,-0.41842377,2.6339755,0.8025359
2022-07-29,-1.0376865,2.6360245,0.43179798
2022-07-30,-0.9502133,2.6362488,0.48437148
2022-07-31,-0.72872907,2.6368425,0.6174995
2022-08-01,-0.15751733,2.6303575,0.9576326
2022-08-02,-0.7272773,2.6334987,0.61703306
2022-08-03,-0.7317757,2.6339815,0.6145271
2022-08-04,-1.3450234,2.6359723,0.24737483
2022-08-05,-0.95157695,2.640062,0.4850787
2022-08-06,-0.82392615,2.636551,0.5602647
2022-08-07,-0.481601,2.6318967,0.7637981
2022-08-08,0.44248533,2.625772,1.3158001
2022-08-09,0.5972493,2.6401043,1.4143913
2022-08-10,-0.38010204,2.6410286,0.8283503
2022-08-11,0.15783311,2.6331606,1.1479641
2022-08-12,0.053989843,2.6492705,1.0921022
2022-08-13,-0.4710188,2.6665835,0.7840222
2022-08-14,-0.4988947,2.664295,0.76638126
2022-08-15,0.08189048,2.6509557,1.1095165
2022-08-16,0.13108103,2.6505296,1.1388605
2022-08-17,-0.14561476,2.6590056,0.9762335
2022-08-18,-0.664974,2.648395,0.66037357
2022-08-19,0.15528412,2.664924,1.1591401
2022-08-20,0.3910526,2.6601584,1.298695
2022-08-21,-0.7355066,2.6517737,0.6194055
2022-08-22,0.4181623,2.6489918,1.3104942
2022-08-23,0.66217595,2.6524384,1.458281
2022-08-24,0.06341381,2.6644568,1.103831
2022-08-25,-0.6444038,2.6572397,0.67625356
2022-08-26,0.76498437,2.6557186,1.5212781
2022-08-27,-0.14397,2.663593,0.97905517
2022-08-28,-0.04510276,2.6480718,1.0321671
2022-08-29,0.24108042,2.6432512,1.2019486
2022-08-30,0.65740037,2.6516035,1.4550817
2022-08-31,-0.69834507,2.6621096,0.64583683
2022-09-01,-0.8002504,2.700072,0.59987867
2022-09-02,-0.49634707,2.7866075,0.8168347
2022-09-03,0.69259924,2.7403705,1.5117078
2022-09-04,0.8361732,2.7279296,1.5928757
2022-09-05,0.8635879,2.750562,1.6183777
2022-09-06,0.5884662,2.7765458,1.4636981
2022-09-07,-0.34449917,2.7545455,0.8951187
2022-09-08,-1.3793837,2.7233994,0.26172954
2022-09-09,-0.10955255,2.6927974,1.0113875
2022-09-10,-0.82479036,2.7797205,0.61701405
2022-09-11,-0.44758707,2.751404,0.8320094
2022-09-12,-0.04321991,2.6739357,1.0436423
2022-09-13,0.050970152,2.6604726,1.0947711
2022-09-14,-0.8372201,2.648758,0.5571711
2022-09-15,1.1035047,2.6681902,1.7293789
2022-09-16,0.7864177,2.6836672,1.5453175
2022-09-17,0.56763107,2.6677186,1.4076662
2022-09-18,1.201797,2.7084668,1.804465
2022-09-19,1.4427005,2.6754327,1.9357934
2022-09-20,-0.2817831,2.6561987,0.8934096
2022-09-21,1.6906583,2.6697161,2.0822816
2022-09-22,0.27345026,2.6718018,1.2327908
2022-09-23,1.2615267,2.6663167,1.8234428
2022-09-24,0.81565344,2.6567566,1.5520947
2022-09-25,1.5594296,2.66207,2.000486
2022-09-26,0.8071301,2.6598084,1.5482014
2022-09-27,1.8355689,2.6590726,2.1649704
2022-09-28,-1.232168,2.6455832,0.31893247
2022-09-29,0.51476514,2.6460357,1.3672734
2022-09-30,1.0491921,2.6279075,1.6806784
2022-10-01,0.023504853,2.6385624,1.069528
2022-10-02,-0.45238328,2.654021,0.7901784
2022-10-03,0.49704778,2.6529927,1.3594258
2022-10-04,0.908738,2.642841,1.6023793
2022-10-05,0.9400071,2.640443,1.6201816
2022-10-06,0.24484447,2.6222434,1.1958041
2022-10-07,0.2968505,2.6473882,1.2370656
2022-10-08,0.7235706,2.622028,1.4829537
2022-10-09,0.86594045,2.653033,1.5807775
2022-10-10,1.2014468,2.6493552,1.7806102
2022-10-11,1.4550172,2.6700122,1.9410152
2022-10-12,0.27538514,2.6854298,1.239403
2022-10-13,-0.6321358,2.6523688,0.681666
2022-10-14,1.3759989,2.6567552,1.8883014
2022-10-15,0.8290109,2.7699256,1.6053768
2022-10-16,1.150285,2.6486084,1.7496144
2022-10-17,1.247747,2.6421576,1.8055112
2022-10-18,1.9586891,2.6368997,2.2299733
2022-10-19,-0.21414016,2.626743,0.9222131
2022-10-20,1.2952327,2.6329892,1.8303354
2022-10-21,0.54318345,2.636126,1.3803605
2022-10-22,0.8243545,2.63841,1.5499767
2022-10-23,-0.18329506,2.6392977,0.94574213
2022-10-24,1.5481349,2.6372457,1.9837792
2022-10-25,0.14443769,2.6346865,1.1405373
2022-10-26,0.19738959,2.6333394,1.1717695
2022-10-27,1.4578556,2.7629387,1.9798889
2022-10-28,-0.718491,2.5176656,0.5759716
2022-10-29,-0.3413369,2.5477061,0.8142803
2022-10-30,0.81463945,2.554913,1.510749
2022-10-31,-0.4468215,2.5658977,0.75826615
2022-11-01,2.114298,2.6339335,2.3221524
2022-11-02,-0.35560352,2.5100772,0.79066885
2022-11-03,0.85169286,2.5364258,1.5255861
2022-11-04,-0.33124542,2.5136948,0.8067306
2022-11-05,0.00049228966,2.5808592,1.0326391
2022-11-06,-1.2738638,2.519582,0.2435146
2022-11-07,1.4447759,2.527272,1.8777745
2022-11-08,1.4807117,2.541064,1.9048526
2022-11-09,1.0826796,2.6486313,1.7090603
2022-11-10,-0.13031577,2.5932767,0.9591212
2022-11-11,0.7485695,2.4924939,1.4461392
2022-11-12,-0.20423667,2.4154365,0.8436326
2022-11-13,0.27191395,2.394706,1.1210308
2022-11-14,-0.49226898,2.3367589,0.6393421
2022-11-15,0.45021033,2.4082913,1.2334428
2022-11-16,-0.21696721,2.380447,0.8219985
2022-11-17,-0.14981146,2.3812768,0.8626239
2022-11-18,-1.169206,2.3868694,0.25322413
2022-11-19,0.9413593,2.4971573,1.5636785
2022-11-20,-0.160839,2.3992946,0.8632145
2022-11-21,0.9930034,2.3974826,1.5547951
2022-11-22,-0.19993924,2.3964963,0.838635
2022-11-23,-0.5224865,2.3910198,0.6429161
2022-11-24,-1.2134707,2.3703883,0.22007293
2022-11-25,-0.029083475,2.3976793,0.94162166
2022-11-26,-1.5974644,2.394635,-0.0006247163
2022-11-27,0.55755186,2.3558075,1.2768542
2022-11-28,0.625169,2.3867352,1.3297955
2022-11-29,0.42488825,2.4270182,1.2257402
2022-11-30,-1.3427787,2.4314625,0.1669178
2022-12-01,0.27856445,2.419246,1.134837
2022-12-02,-1.682393,2.4085023,-0.046034813
2022-12-03,-0.9217727,2.4339693,0.42052406
2022-12-04,-1.002369,2.4374342,0.3735522
2022-12-05,0.3444695,2.4354544,1.1808635
2022-12-06,0.771632,2.4220474,1.4317982
2022-12-07,0.8484594,2.351153,1.4495368
2022-12-08,0.77579486,2.4394636,1.4412624
2022-12-09,0.95597696,2.4399734,1.5495756
2022-12-10,-0.76722133,2.4221804,0.5085394
2022-12-11,-0.44572514,2.4198887,0.7005204
2022-12-12,0.28784162,2.4282932,1.1440222
2022-12-13,0.38249916,2.4178123,1.1966244
2022-12-14,-0.41582388,2.5002,0.7505857
2022-12-15,-0.37336725,2.517471,0.78296804
2022-12-16,-0.3524195,2.4508793,0.76890004
2022-12-17,0.66403913,2.452264,1.3793292
2022-12-18,0.33285528,2.4630256,1.1849234
2022-12-19,0.2672742,2.4716437,1.149022
2022-12-20,0.078638986,2.4612534,1.0316848
2022-12-21,0.047664985,2.51914,1.036255
2022-12-22,-1.5510279,2.5225847,0.07841712
2022-12-23,-0.9966705,2.460174,0.38606733
2022-12-24,-1.6275433,2.461162,0.007938802
2022-12-25,-0.82634676,2.503258,0.50549513
2022-12-26,-0.27307725,2.5478675,0.85530066
2022-12-27,0.8286331,2.5554893,1.5193756
2022-12-28,0.738695,2.5613015,1.4677377
2022-12-29,0.67208946,2.5833862,1.4366082
2022-12-30,-0.61448836,2.54099,0.64770305
2022-12-31,-1.0754842,2.5633166,0.38003612
2023-01-01,-1.813913,2.560024,-0.06433821
2023-01-02,-0.3327328,2.518189,0.8076359
2023-01-03,0.38486195,2.5582087,1.2542007
2023-01-04,0.37606192,2.5695813,1.2534697
2023-01-05,-0.39220023,2.5688758,0.7922302
2023-01-06,0.30312714,2.5683095,1.2092001
2023-01-07,0.22546335,2.6073577,1.1782211
2023-01-08,-0.08097081,2.5977964,0.99053615
2023-01-09,0.16010484,2.5800862,1.1280974
2023-01-10,0.4322306,2.6020055,1.3001406
2023-01-11,0.22925372,2.6206372,1.1858071
2023-01-12,-0.3502289,2.606459,0.8324462
2023-01-13,0.95904636,2.6182816,1.6227405
2023-01-14,0.6536542,2.6153262,1.438323
2023-01-15,0.9366868,2.609452,1.605793
2023-01-16,0.38033968,2.6139853,1.2737979
2023-01-17,0.7449939,2.6812985,1.5195158
2023-01-18,0.44832885,2.6402466,1.325096
2023-01-19,-0.10914843,2.6217208,0.98319924
2023-01-20,1.1653999,2.6178193,1.7463677
2023-01-21,1.4614488,2.6241293,1.9265211
2023-01-22,0.7874445,2.6232874,1.5217817
2023-01-23,0.81563604,2.6310987,1.5418212
2023-01-24,1.731353,2.6420503,2.095632
2023-01-25,-0.42378294,2.6350057,0.7997325
2023-01-26,0.88972133,2.660385,1.5979869
2023-01-27,0.13043241,2.6208646,1.1266054
2023-01-28,-0.21137927,2.6206195,0.9214202
2023-01-29,0.5393003,2.633413,1.3769455
2023-01-30,1.3537699,2.6377413,1.8673584
2023-01-31,0.7367226,2.660519,1.5062411
2023-02-01,0.6363346,2.6304483,1.4339801
2023-02-02,2.02881,2.6605291,2.281498
2023-02-03,1.1705025,2.6725888,1.771337
2023-02-04,0.26033208,2.6350656,1.2102255
2023-02-05,1.7840477,2.6480367,2.1296434
2023-02-06,1.350441,2.6485457,1.869683
2023-02-07,0.8222775,2.6406085,1.5496099
2023-02-08,1.5456187,2.6391804,1.9830434
2023-02-09,0.6287953,2.6400123,1.4332821
2023-02-10,0.96736616,2.6622725,1.6453288
2023-02-11,-0.08892731,2.627758,0.9977468
2023-02-12,1.0040718,2.6396751,1.6583132
2023-02-13,0.90825325,2.646655,1.6036141
2023-02-14,0.8767253,2.6263018,1.576556
2023-02-15,1.1853895,2.6221225,1.7600827
2023-02-16,0.71298033,2.644598,1.4856275
2023-02-17,0.05354035,2.6801956,1.1042024
2023-02-18,-0.26835698,2.625313,0.88911104
2023-02-19,1.1248436,2.607614,1.7179518
2023-02-20,1.19343,2.6120322,1.7608709
2023-02-21,1.2311186,2.603483,1.7800643
2023-02-22,2.2425268,2.5979576,2.384699
2023-02-23,0.6443449,2.5771863,1.4174815
2023-02-24,1.2369539,2.5889554,1.7777545
2023-02-25,1.8684279,2.568177,2.1483276
2023-02-26,1.0570011,2.599788,1.6741159
2023-02-27,1.9313575,2.5968225,2.1975436
2023-02-28,3.0113714,2.6187575,2.8543258
2023-03-01,-0.2779283,2.637445,0.888221
2023-03-02,0.4268542,2.6850834,1.3301458
2023-03-03,-1.3382977,2.4984877,0.19641638
2023-03-04,0.042679086,2.5652072,1.0516903
2023-03-05,0.14976454,2.519872,1.0978075
2023-03-06,0.7926341,2.517748,1.4826797
2023-03-07,1.3330612,2.508043,1.803054
2023-03-08,2.398314,2.5691586,2.466652
2023-03-09,0.9471698,2.4904916,1.5644987
2023-03-10,2.408815,2.4470038,2.4240906
2023-03-11,0.5802058,2.4446955,1.3260016
2023-03-12,0.1377903,2.4461467,1.0611329
2023-03-13,-0.77704847,2.4413524,0.51031184
2023-03-14,1.5265323,2.5824776,1.9489105
2023-03-15,-1.1483489,2.5883067,0.3463133
2023-03-16,0.93857145,2.4590547,1.5467649
2023-03-17,1.7883183,2.393074,2.0302205
2023-03-18,1.6704293,2.5638871,2.0278125
2023-03-19,0.52465916,2.2875805,1.2298276
2023-03-20,1.9067599,2.286626,2.0587063
2023-03-21,1.5123149,2.5185034,1.9147904
2023-03-22,0.22091015,2.2531664,1.0338126
2023-03-23,1.81561,2.4778829,2.0805192
2023-03-24,1.7799755,2.5402615,2.08409
2023-03-25,0.9430826,2.4068537,1.528591
2023-03-26,0.40304327,2.0647886,1.0677414
2023-03-27,1.3250539,2.1166503,1.6416925
2023-03-28,0.814149,2.1267197,1.3391774
2023-03-29,-0.15526961,2.1248803,0.7567904
2023-03-30,-0.39045465,2.2505157,0.6659335
2023-03-31,1.558392,2.561176,1.9595058
2023-04-01,0.8133504,2.1577282,1.3511015
2023-04-02,2.0721452,2.025678,2.0535583
2023-04-03,1.8487762,2.0417907,1.9259821
2023-04-04,1.4033538,2.1025994,1.6830521
2023-04-05,0.16539837,2.1050045,0.9412409
2023-04-06,0.43425173,2.22644,1.1511271
2023-04-07,0.5940991,2.0991013,1.1961
2023-04-08,1.2003373,2.066742,1.5468992
2023-04-09,0.94705606,2.0846975,1.4021127
2023-04-10,1.1554551,2.0948985,1.5312325
2023-04-11,1.9825786,2.0631998,2.014827
2023-04-12,1.7936262,2.548914,2.0957413
2023-04-13,-0.35093844,2.5389006,0.8049972
2023-04-14,0.90816337,1.8651652,1.2909641
2023-04-15,3.1232698,1.9480057,2.6531641
2023-04-16,0.68655443,1.8496177,1.1517798
2023-04-17,2.4271407,2.0334291,2.2696562
2023-04-18,2.548204,2.213103,2.4141636
2023-04-19,0.19669192,1.9976325,0.9170682
2023-04-20,-0.26902223,2.0406303,0.6548388
2023-04-21,1.043985,2.075475,1.4565811
2023-04-22,-1.18372,2.0364697,0.10435587
2023-04-23,-0.4681003,2.027524,0.5301494
2023-04-24,0.17902614,2.0297408,0.919312
2023-04-25,-0.080929354,2.0468388,0.7701779
2023-04-26,-0.17021136,2.051338,0.71840835
2023-04-27,1.0552665,2.0365984,1.4477993
2023-04-28,-0.6655234,2.037719,0.41577354
2023-04-29,0.8734366,1.9945612,1.3218865
2023-04-30,1.0806834,2.1319323,1.5011829
2023-05-01,0.95339596,1.8772737,1.322947
2023-05-02,1.816571,1.9222015,1.8588233
2023-05-03,-0.17102765,2.275957,0.80776626
2023-05-04,0.90933293,2.2713737,1.4541492
2023-05-05,1.8950771,2.240487,2.0332413
2023-05-06,0.39455777,2.2827804,1.1498468
2023-05-07,1.2093704,2.2693255,1.6333525
2023-05-08,1.4573641,2.60746,1.9174025
2023-05-09,0.54989904,1.6717796,0.99865127
2023-05-10,0.29508805,1.7838843,0.8906066
2023-05-11,0.4827295,1.9390402,1.0652539
2023-05-12,-0.58822274,2.0397964,0.46298492
2023-05-13,0.06634486,2.1224031,0.8887682
2023-05-14,2.0776448,2.1936543,2.1240487
2023-05-15,1.6785713,2.2001948,1.8872209
2023-05-16,1.0658003,2.236101,1.5339205
2023-05-17,1.7230598,2.2937467,1.9513346
2023-05-18,0.5415745,2.2966092,1.2435883
2023-05-19,0.41212726,2.2890322,1.1628892
2023-05-20,1.4068844,2.3267584,1.774834
2023-05-21,0.5616483,2.3403106,1.2731133
2023-05-22,0.9119346,2.3683927,1.4945179
2023-05-23,1.3008044,2.4027414,1.7415793
2023-05-24,0.5627046,2.4312346,1.3101166
2023-05-25,0.6452646,2.4323115,1.3600835
2023-05-26,1.0725596,2.4310205,1.615944
2023-05-27,0.5061618,2.4320219,1.276506
2023-05-28,-0.14876355,2.440679,0.8870135
2023-05-29,0.8036671,2.4521375,1.4630553
2023-05-30,0.033918247,2.4860272,1.0147619
2023-05-31,-0.4085558,2.4900215,0.7508751
2023-06-01,-0.11064805,2.484951,0.92759156
2023-06-02,0.53993446,2.4779725,1.3151497
2023-06-03,0.88970494,2.4819322,1.5265958
2023-06-04,0.03183724,2.495671,1.0173708
2023-06-05,0.7250886,2.500067,1.43508
2023-06-06,0.5439745,2.4936461,1.3238432
2023-06-07,0.13929427,2.4917367,1.0802712
2023-06-08,-0.23115598,2.4946008,0.8591468
2023-06-09,0.4739172,2.4918368,1.281085
2023-06-10,0.01847826,2.4938889,1.0086426
2023-06-11,0.42901593,2.5326402,1.2704657
2023-06-12,1.0737491,2.5664668,1.6708362
2023-06-13,0.69054186,2.5553203,1.4364532
2023-06-14,0.021071747,2.5591266,1.0362937
2023-06-15,-0.5761461,2.5687182,0.6817996
2023-06-16,0.18835731,2.5509362,1.1333889
2023-06-17,1.0120246,2.5575037,1.6302164
2023-06-18,-0.7294898,2.5786812,0.59377867
2023-06-19,0.25700945,2.5785413,1.1856222
2023-06-20,0.6996894,2.573084,1.4490473
2023-06-21,-0.7757611,2.5589523,0.5581242
2023-06-22,0.9708899,2.572917,1.6117008
2023-06-23,0.7492118,2.5653098,1.475651
2023-06-24,0.35308933,2.5550494,1.2338734
2023-06-25,0.28728652,2.564459,1.1981556
2023-06-26,1.4059833,2.5691047,1.8712319
2023-06-27,-0.9598832,2.5587327,0.44756323
2023-06-28,0.6278812,2.5571594,1.3995925
2023-06-29,-1.0439024,2.5661557,0.40012085
2023-06-30,1.0424336,2.553959,1.6470437
2023-07-01,-0.20435683,2.5636475,0.90284497
2023-07-02,0.43754756,2.563943,1.2881057
2023-07-03,1.502241,2.5589042,1.9249064
2023-07-04,1.8239721,2.5572472,2.1172824
2023-07-05,0.18443938,2.555152,1.1327244
2023-07-06,0.6030143,2.552264,1.3827143
2023-07-07,-1.1166536,2.5693464,0.35774642
2023-07-08,-0.033832178,2.5768433,1.010438
2023-07-09,1.9193307,2.5922005,2.1884787
2023-07-10,1.4240031,2.585394,1.8885596
2023-07-11,0.5666406,2.5630863,1.365219
2023-07-12,0.28353894,2.5684643,1.197509
2023-07-13,-0.26368278,2.5958333,0.8801236
2023-07-14,-0.3082053,2.5611308,0.83952916
2023-07-15,-0.35568535,2.6216679,0.835256
2023-07-16,1.5652677,2.526533,1.9497738
2023-07-17,0.32450968,2.434952,1.1686866
2023-07-18,-0.40631998,2.4446597,0.7340719
2023-07-19,0.23685959,2.5982246,1.1814055
2023-07-20,0.22147861,2.5415947,1.149525
2023-07-21,1.2112081,2.5268347,1.7374588
2023-07-22,1.1257885,2.5267718,1.6861818
2023-07-23,1.5340201,2.540592,1.9366488
2023-07-24,0.82436764,2.5491455,1.5142788
2023-07-25,0.30427924,2.524483,1.1923608
2023-07-26,0.0023448616,2.5334773,1.0147978
2023-07-27,-0.84436613,2.532574,0.5064099
2023-07-28,-0.12868457,2.52927,0.9344973
2023-07-29,0.3938458,2.5326355,1.2493618
2023-07-30,0.2606488,2.54104,1.1728052
2023-07-31,1.6083056,2.5490751,1.9846134
2023-08-01,-0.20117421,2.5371206,0.8941437
2023-08-02,0.08193399,2.5311782,1.0616317
2023-08-03,1.2264605,2.525241,1.7459728
2023-08-04,-0.9352766,2.5362446,0.4533319
2023-08-05,-0.40289724,2.5114717,0.7628504
2023-08-06,1.713658,2.5520499,2.0490148
2023-08-07,0.77717733,2.5565598,1.4889303
2023-08-08,0.30071467,2.5394945,1.1962266
2023-08-09,-0.20593183,2.4937148,0.8739268
2023-08-10,2.0464237,2.542051,2.2446747
2023-08-11,-0.9349648,2.4997876,0.43893617
2023-08-12,-0.59987783,2.545205,0.6581553
2023-08-13,0.07227157,2.5556362,1.0656174
2023-08-14,-0.28554583,2.5556924,0.8509495
2023-08-15,0.12782414,2.5390866,1.0923291
2023-08-16,0.09041317,2.5400958,1.0702862
2023-08-17,0.32353747,2.5502174,1.2142096
2023-08-18,1.284712,2.534308,1.7845504
2023-08-19,1.445274,2.541041,1.8835809
2023-08-20,1.2333342,2.5447247,1.7578905
2023-08-21,-0.2944759,2.574065,0.85294044
2023-08-22,-0.5243585,2.5661428,0.71184206
2023-08-23,-0.01884909,2.5628903,1.0138466
2023-08-24,1.9231508,2.567654,2.180952
2023-08-25,0.5467031,2.5650349,1.3540359
2023-08-26,0.50232226,2.5604825,1.3255864
2023-08-27,0.72365373,2.5810788,1.4666238
2023-08-28,0.83219707,2.5776737,1.5303878
2023-08-29,0.14588796,2.5716205,1.116181
2023-08-30,0.35074705,2.5865357,1.2450626
2023-08-31,-1.5801281,2.570247,0.08002192
2023-09-01,-0.5230826,2.5672586,0.71305394
2023-09-02,-0.8564584,2.5614803,0.5107171
2023-09-03,-0.3475237,2.5984328,0.83085895
2023-09-04,-0.22605191,2.6038983,0.9059282
2023-09-05,0.65063745,2.5986273,1.4298335
2023-09-06,0.6501663,2.5926406,1.4271561
2023-09-07,1.7153343,2.5932314,2.0664933
2023-09-08,1.6380454,2.591485,2.0194213
2023-09-09,-0.3720429,2.5933802,0.8141264
2023-09-10,0.09332563,2.6001308,1.0960476
2023-09-11,0.8597639,2.6019654,1.5566444
2023-09-12,-1.4288596,2.590609,0.1789279
2023-09-13,-0.90119016,2.6047409,0.5011822
2023-09-14,-0.026049957,2.6079786,1.0275614
2023-09-15,-0.26757997,2.6039767,0.8810427
2023-09-16,0.13934676,2.5906684,1.1198754
2023-09-17,0.22075564,2.626686,1.1831279
2023-09-18,0.31642193,2.6295736,1.2416826
2023-09-19,1.1786262,2.6186025,1.7546167
2023-09-20,0.16518132,2.6139283,1.1446801
2023-09-21,0.62129897,2.6307175,1.4250664
2023-09-22,0.9950851,2.6143556,1.6427934
2023-09-23,0.44075805,2.6233354,1.313789
2023-09-24,0.14249474,2.6478145,1.1446226
2023-09-25,-0.0042960644,2.6338332,1.0509557
2023-09-26,0.27053076,2.6063895,1.2048743
2023-09-27,0.14289548,2.614994,1.1317348
2023-09-28,0.7225196,2.604883,1.4754649
2023-09-29,0.3125497,2.5961266,1.2259804
2023-09-30,0.15219845,2.5972118,1.1302038
2023-10-01,-0.23604564,2.6176436,0.90543014
2023-10-02,-0.14684902,2.6281466,0.96314925
2023-10-03,0.059779152,2.6405432,1.0920848
2023-10-04,-0.25067353,2.6074448,0.89257383
2023-10-05,-0.5415802,2.6020076,0.71585494
2023-10-06,0.16640626,2.6148126,1.1457688
2023-10-07,1.5563699,2.6111186,1.9782693
2023-10-08,1.4976687,2.619244,1.946299
2023-10-09,0.3719982,2.6311297,1.2756509
2023-10-10,0.27259868,2.60769,1.2066352
2023-10-11,0.6523651,2.635536,1.4456334
2023-10-12,-0.19892077,2.6198087,0.928571
2023-10-13,-0.73735833,2.5843928,0.5913421
2023-10-14,-0.05348514,2.6002836,1.0080223
2023-10-15,0.15839525,2.609227,1.1387279
2023-10-16,0.3799826,2.608782,1.2715024
2023-10-17,-0.17445163,2.6142268,0.9410198
2023-10-18,-0.3276418,2.7253826,0.89356804
2023-10-19,-0.81871617,2.6291664,0.5604369
2023-10-20,-0.87440073,2.5256371,0.48561442
2023-10-21,-0.37603414,2.6220968,0.8232182
2023-10-22,0.2791631,2.5273094,1.1784216
2023-10-23,0.97569036,2.5299106,1.5973785
2023-10-24,1.8641491,2.6803403,2.1906257
2023-10-25,0.5100627,2.6902487,1.3821372
2023-10-26,0.8713068,2.6764657,1.5933704
2023-10-27,0.8332211,2.6579764,1.5631232
2023-10-28,1.166678,2.6460724,1.7584357
2023-10-29,0.8230064,2.0201728,1.301873
2023-10-30,1.2859577,2.1181672,1.6188415
2023-10-31,1.4795083,2.566526,1.9143155
2023-11-01,1.9812988,2.36784,2.1359153
2023-11-02,-0.18809597,2.5251555,0.89720464
2023-11-03,1.1003969,2.422217,1.6291249
2023-11-04,1.1691896,2.302407,1.6224766
2023-11-05,1.338238,1.483609,1.3963864
2023-11-06,0.58594334,1.4745479,0.94138515
2023-11-07,1.0462979,2.1041512,1.4694393
2023-11-08,1.063705,2.0866206,1.4728713
2023-11-09,2.1497755,2.4407308,2.2661576
2023-11-10,-0.81437624,2.6054618,0.55355895
2023-11-11,0.07929774,2.5278494,1.0587184
2023-11-12,1.4071279,1.0632404,1.2695729
2023-11-13,0.2427528,0.94486976,0.52359957
2023-11-14,0.6921996,1.5076401,1.0183759
2023-11-15,1.2256998,1.6991515,1.4150805
2023-11-16,1.5756923,1.9944271,1.7431862
2023-11-17,1.036384,2.2153325,1.5079634
2023-11-18,0.82983834,2.0036926,1.2993801
2023-11-19,1.4087576,0.5680302,1.0724666
2023-11-20,1.2344829,0.5450931,0.958727
2023-11-21,1.2818701,1.9338659,1.5426686
2023-11-22,1.2922735,2.126701,1.6260446
2023-11-23,1.8293797,1.883848,1.8511671
2023-11-24,1.7811217,1.0240117,1.4782778
2023-11-25,0.7700838,1.9314756,1.2346406
2023-11-26,0.9734198,0.66144073,0.84862816
2023-11-27,1.4003066,0.66530186,1.1063048
2023-11-28,2.4408212,1.7020262,2.1453032
2023-11-29,2.1007044,1.1446912,1.7182992
2023-11-30,2.7353354,1.0769957,2.0719995
2023-12-01,2.8653378,1.5416286,2.3358543
2023-12-02,1.377,2.2225528,1.7152212
2023-12-03,0.8307058,0.7911459,0.8148819
2023-12-04,2.6120543,0.45844907,1.7506124
2023-12-05,-0.30033422,2.3400233,0.75580883
2023-12-06,-0.32521248,2.3285024,0.73627347
2023-12-07,0.1258641,2.3424833,1.0125117
2023-12-08,1.0300467,0.91333336,0.98336136
2023-12-09,1.0314308,0.95515984,1.0009224
2023-12-10,0.9354441,0.4523306,0.7421987
2023-12-11,1.1319215,0.66769505,0.946231
2023-12-12,1.5195012,2.2708075,1.8200238
2023-12-13,-0.18482636,1.5964763,0.5276947
2023-12-14,0.77541006,0.6493749,0.72499603
2023-12-15,0.9853503,0.7359015,0.88557076
2023-12-16,0.45299816,1.666328,0.9383301
2023-12-17,0.71408105,0.7164954,0.7150468
2023-12-18,1.7537223,0.57012504,1.2802835
2023-12-19,0.8982513,0.78939784,0.85471
2023-12-20,0.7277992,1.284548,0.9504987
2023-12-21,1.2358316,1.8838844,1.4950528
2023-12-22,1.8487293,0.7519157,1.4100039
2023-12-23,1.4331063,1.3080161,1.3830702
2023-12-24,1.148511,0.8528652,1.0302527
2023-12-25,2.355576,0.6895972,1.6891845
2023-12-26,0.78884983,1.0761684,0.90377724
2023-12-27,1.6791586,1.2434986,1.5048946
2023-12-28,2.125916,1.6089218,1.9191184
2023-12-29,0.8644168,1.0720993,0.94748986
2023-12-30,1.6593312,2.1589732,1.8591881
2023-12-31,1.2865087,1.1476278,1.2309563
2024-01-01,-0.61466146,1.7699676,0.33919013
2024-01-02,0.18309955,1.2946196,0.6277076
2024-01-03,0.25279796,1.3103757,0.6758291
2024-01-04,0.40311074,1.153436,0.7032408
2024-01-05,0.7428292,1.8890865,1.2013321
2024-01-06,1.0737549,1.1025842,1.0852866
2024-01-07,1.3767949,1.1046889,1.2679526
2024-01-08,2.4705381,1.5770391,2.1131387
2024-01-09,2.0921543,1.7723576,1.9642358
2024-01-10,1.6107944,2.181986,1.8392711
2024-01-11,-0.44178152,2.152015,0.5957371
2024-01-12,-1.5511978,2.5312045,0.08176309
2024-01-13,1.2139766,2.5693278,1.7561171
2024-01-14,0.60207057,1.8764757,1.1118326
2024-01-15,1.0652635,1.9308679,1.4115052
2024-01-16,1.7337946,1.0159296,1.4466486
2024-01-17,2.514752,2.0356367,2.3231058
2024-01-18,0.6615342,1.3234917,0.9263172
2024-01-19,1.8395483,1.2826903,1.6168051
2024-01-20,0.17136681,1.0741651,0.53248614
2024-01-21,0.09753418,1.0604063,0.48268306
2024-01-22,-0.4539323,1.2047682,0.2095479
2024-01-23,1.244208,1.581223,1.379014
2024-01-24,-1.141101,1.4786391,-0.093204975
2024-01-25,1.1868716,1.5368927,1.3268801
2024-01-26,0.6654421,1.6068188,1.0419929
2024-01-27,1.5868394,1.5169736,1.5588932
2024-01-28,-1.3536193,1.3009953,-0.2917735
2024-01-29,0.43040895,1.3158689,0.784593
2024-01-30,-0.09279011,1.5707992,0.5726456
2024-01-31,-0.39001304,1.6849384,0.43996757
2024-02-01,-0.6252091,1.6435126,0.2822796
2024-02-02,1.2010921,1.3215545,1.2492771
2024-02-03,0.33162504,1.2815871,0.7116099
2024-02-04,0.9559923,1.1929829,1.0507886
2024-02-05,1.4583551,1.8570377,1.6178281
2024-02-06,1.5396185,1.8742268,1.6734619
2024-02-07,-0.5144699,1.9232329,0.46061122
2024-02-08,-0.018791333,1.8912898,0.7452411
2024-02-09,0.20381899,1.946266,0.90079784
2024-02-10,0.6375543,2.1195838,1.2303662
2024-02-11,0.29104555,2.0623727,0.99957645
2024-02-12,1.2533644,2.085122,1.5860676
2024-02-13,1.9944218,2.4370162,2.1714597
2024-02-14,1.0003526,2.1256294,1.4504634
2024-02-15,0.31520754,2.450634,1.1693782
2024-02-16,0.25282258,2.3169196,1.0784614
2024-02-17,-0.4670366,2.3792384,0.6714734
2024-02-18,-1.0931678,1.598458,-0.01651746
2024-02-19,-0.23410831,1.9596391,0.64339066
2024-02-20,0.08221902,1.8402944,0.7854492
2024-02-21,0.7146438,2.1538808,1.2903386
2024-02-22,0.923354,2.0486739,1.373482
2024-02-23,0.54797643,2.2028954,1.209944
2024-02-24,0.84289324,2.2421122,1.4025809
2024-02-25,1.180691,2.1407888,1.5647302
2024-02-26,1.6843015,2.1332343,1.8638747
2024-02-27,1.3264223,2.1682324,1.6631465
2024-02-28,0.94761324,2.441839,1.5453036
2024-02-29,-0.21485607,2.649619,0.9309341
2024-03-01,-0.8279085,2.5573955,0.52621305
2024-03-02,-1.487035,2.5296743,0.119648755
2024-03-03,0.055750623,1.53224,0.6463464
2024-03-04,1.9348547,1.2157412,1.6472094
2024-03-05,2.5403585,2.3605106,2.4684196
2024-03-06,2.0296595,2.648354,2.2771373
2024-03-07,1.2969903,2.5689113,1.8057587
2024-03-08,1.3262167,2.5940783,1.8333614
2024-03-09,-0.077390686,2.4784172,0.94493246
2024-03-10,1.0290525,2.188234,1.4927251
2024-03-11,1.5362369,2.2162554,1.8082443
2024-03-12,2.205052,2.5876932,2.3581085
2024-03-13,-0.2949714,2.433637,0.79647195
2024-03-14,1.818905,2.5618105,2.1160674
2024-03-15,1.3789345,2.417896,1.7945192
2024-03-16,0.87722963,2.2686472,1.4337966
2024-03-17,-0.37345076,2.1937037,0.65341103
2024-03-18,1.10909,2.1979005,1.5446143
2024-03-19,-0.25372696,2.2664244,0.7543336
2024-03-20,0.97582793,2.3834403,1.538873
2024-03-21,0.7535763,2.2032216,1.3334345
2024-03-22,1.8327459,2.1869807,1.9744399
2024-03-23,0.42738438,2.2065156,1.1390369
2024-03-24,1.097491,2.1854308,1.5326669
2024-03-25,0.62862647,2.190547,1.2533947
2024-03-26,0.5553673,2.2102602,1.2173245
2024-03-27,-0.40349966,2.2794771,0.669691
2024-03-28,1.1026317,2.2178078,1.5487021
2024-03-29,0.04965782,2.2406886,0.92607015
2024-03-30,1.3012085,2.1963944,1.6592829
2024-03-31,1.4429213,2.2055929,1.7479899
2024-04-01,1.4797984,2.2608616,1.7922237
2024-04-02,1.2818909,2.2817981,1.6818538
2024-04-03,1.6505996,2.261088,1.894795
2024-04-04,0.23174153,2.2423456,1.0359832
2024-04-05,-0.15808459,2.237909,0.8003129
2024-04-06,0.51211923,2.2366915,1.2019482
2024-04-07,-0.25906003,2.2399395,0.7405397
2024-04-08,0.4231099,2.211053,1.1382871
2024-04-09,1.0257169,2.2761753,1.5259004
2024-04-10,0.73617834,2.2637718,1.3472157
2024-04-11,0.9981741,2.2525406,1.4999207
2024-04-12,0.32467592,2.235702,1.0890864
2024-04-13,0.68698096,2.256821,1.314917
2024-04-14,0.5849914,1.8476589,1.0900584
2024-04-15,0.16961144,2.056293,0.9242841
2024-04-16,0.63412225,2.045426,1.1986437
2024-04-17,0.21364777,2.087019,0.96299624
2024-04-18,0.12926032,2.1277668,0.92866296
2024-04-19,0.80393445,2.1203914,1.3305173
2024-04-20,1.3095838,2.1064944,1.6283481
2024-04-21,0.8980136,1.9386002,1.3142483
2024-04-22,0.20600066,2.2577822,1.0267133
2024-04-23,-0.002350077,2.2514377,0.89916503
2024-04-24,0.8231142,2.1942592,1.3715723
2024-04-25,0.18812074,2.2578766,1.0160232
2024-04-26,0.6547367,2.2403853,1.2889961
2024-04-27,1.5960732,2.2649162,1.8636104
2024-04-28,1.2844216,2.2821476,1.683512
2024-04-29,1.394534,2.346704,1.7754021
2024-04-30,0.8163618,2.393062,1.447042
2024-05-01,0.9304719,2.4158244,1.5246129
2024-05-02,-0.3734902,2.4272501,0.7468059
2024-05-03,0.09335907,2.4166284,1.0226668
2024-05-04,-0.55560017,2.441915,0.6434059
2024-05-05,-0.106949314,2.5039725,0.9374195
2024-05-06,-0.7814912,2.5313873,0.5436603
2024-05-07,-0.687474,2.5529506,0.60869586
2024-05-08,-0.1733237,2.559766,0.9199122
2024-05-09,0.92418766,2.5609596,1.5788965
2024-05-10,0.3959626,2.5451381,1.2556329
2024-05-11,0.7488614,2.573654,1.4787785
2024-05-12,0.08988692,2.6008132,1.0942575
2024-05-13,0.12924388,2.5987155,1.1170326
2024-05-14,0.08637257,2.5932045,1.0891054
2024-05-15,0.704286,2.6031513,1.4638321
2024-05-16,0.052938238,2.5962021,1.0702438
2024-05-17,-0.28584886,2.5983634,0.86783606
2024-05-18,-0.6669142,2.625333,0.6499847
2024-05-19,-0.34235686,2.6098142,0.8385115
2024-05-20,-0.105470136,2.609292,0.9804347
2024-05-21,-0.65516484,2.6241121,0.6565459
2024-05-22,-1.0930275,2.5874155,0.37914973
2024-05-23,-0.19893472,2.6233463,0.9299778
2024-05-24,-0.14292724,2.6201918,0.9623204
2024-05-25,-1.0114396,2.6233737,0.4424858
2024-05-26,-0.14219837,2.6318014,0.9674015
2024-05-27,0.34985292,2.6295545,1.2617335
2024-05-28,-0.48114944,2.6143475,0.7570494
2024-05-29,0.4173332,2.6055334,1.2926133
2024-05-30,-0.5313215,2.629821,0.73313546
2024-05-31,0.46107137,2.5987236,1.3161323
2024-06-01,-0.5490339,2.6243222,0.72030854
2024-06-02,-0.15712582,2.6193123,0.9534495
2024-06-03,-0.1720969,2.6187165,0.94422853
2024-06-04,0.64888173,2.6223474,1.4382681
2024-06-05,-0.8429595,2.601506,0.5348267
2024-06-06,0.9005599,2.5957298,1.5786278
2024-06-07,0.6992966,2.6023424,1.4605149
2024-06-08,0.028460085,2.5806704,1.0493442
2024-06-09,-0.6472417,2.6276577,0.66271806
2024-06-10,-0.031657234,2.617875,1.0281557
2024-06-11,-0.26682103,2.6030295,0.88111925
2024-06-12,-0.48210835,2.600046,0.7507534
2024-06-13,-0.3049301,2.5974538,0.8560235
2024-06-14,0.029231384,2.6084864,1.0609334
2024-06-15,-0.059995398,2.6027148,1.0050887
2024-06-16,0.041284516,2.6085556,1.068193
2024-06-17,0.19977933,2.6044774,1.1616585
2024-06-18,0.023437127,2.5949953,1.0520604
2024-06-19,0.082445845,2.5881813,1.08474
2024-06-20,-0.36887354,2.6155741,0.8249056
2024-06-21,0.049760237,2.6043136,1.0715816
2024-06-22,-0.6096533,2.6085677,0.67763513
2024-06-23,-0.24350427,2.612429,0.89886904
2024-06-24,-0.63833684,2.61185,0.6617379
2024-06-25,0.2050976,2.5799396,1.1550344
2024-06-26,-1.2426282,2.5928614,0.29156756
2024-06-27,0.16851808,2.5963035,1.1396322
2024-06-28,-0.6486107,2.5756598,0.6410974
2024-06-29,-0.47801512,2.5873663,0.7481375
2024-06-30,-0.709086,2.6045523,0.61636925
2024-07-01,-0.527236,2.6036015,0.72509897
2024-07-02,-0.4762125,2.5898478,0.7502116
2024-07-03,-0.49843365,2.5942028,0.7386209
2024-07-04,0.05661656,2.590523,1.0701792
2024-07-05,0.21312653,2.5844777,1.161667
2024-07-06,0.044834122,2.5890126,1.0625056
2024-07-07,0.061764672,2.5959542,1.0754405
2024-07-08,-0.27747518,2.5991693,0.8731826
2024-07-09,-0.20022656,2.5846617,0.9137288
2024-07-10,-0.3368796,2.586879,0.8326239
2024-07-11,-0.31054318,2.5859487,0.8480536
2024-07-12,-0.07760246,2.5865834,0.9880719
2024-07-13,0.22927791,2.5848312,1.1714993
2024-07-14,0.4819461,2.592842,1.3263046
2024-07-15,0.5257383,2.5895114,1.3512475
2024-07-16,0.52233356,2.578399,1.3447597
2024-07-17,0.40903062,2.5743582,1.2751617
2024-07-18,0.49122566,2.5778837,1.325889
2024-07-19,0.21644312,2.5776308,1.1609182
2024-07-20,0.13885066,2.564215,1.1089964
2024-07-21,-0.17627214,2.6227455,0.94333494
2024-07-22,-0.11787535,2.6356192,0.98352253
2024-07-23,0.7751926,2.6080801,1.5083476
2024-07-24,0.7580453,2.625779,1.5051388
2024-07-25,0.78585565,2.6012232,1.5120027
2024-07-26,1.172507,2.6435878,1.7609394
2024-07-27,1.1549163,2.6380825,1.7481828
2024-07-28,0.82133263,2.6257675,1.5431067
2024-07-29,0.4064731,2.663268,1.3091911
2024-07-30,0.81033885,2.6147285,1.5320947
2024-07-31,-0.05059676,2.6352084,1.0237253
2024-08-01,0.33842677,2.631892,1.2558129
2024-08-02,2.1658583,2.5552323,2.321608
2024-08-03,0.18324393,2.6438782,1.1674976
2024-08-04,-0.10139029,2.5070276,0.9419769
2024-08-05,-0.19068192,2.589385,0.92134494
2024-08-06,-0.35052156,2.8674138,0.93665254
2024-08-07,-0.990659,2.556768,0.42831182
2024-08-08,0.7656281,2.5455317,1.4775896
2024-08-09,1.2953311,2.5318787,1.7899501
2024-08-10,0.9573126,2.543936,1.591962
2024-08-11,-0.27258146,2.5058076,0.83877414
2024-08-12,0.27697045,2.2544923,1.0679792
2024-08-13,-0.43786573,2.5414507,0.7538609
2024-08-14,0.2650723,2.544399,1.1768031
2024-08-15,0.35404533,2.5409796,1.2288191
2024-08-16,1.2676744,2.532477,1.7735956
2024-08-17,0.426816,2.5410707,1.2725179
2024-08-18,2.6123297,2.5061038,2.5698395
2024-08-19,0.96866065,2.4919243,1.5779662
2024-08-20,1.556229,2.5538075,1.9552605
2024-08-21,1.2224293,2.5255618,1.7436823
2024-08-22,0.7182812,2.5288897,1.4425247
2024-08-23,-0.7407726,2.486965,0.5503224
2024-08-24,0.36140794,2.5225298,1.2258568
2024-08-25,-1.1259035,2.526177,0.33492863
2024-08-26,0.3241598,2.50558,1.1967279
2024-08-27,1.2007145,2.5422738,1.7373382
2024-08-28,1.897352,2.5413158,2.1549377
2024-08-29,0.12946418,2.513515,1.0830846
2024-08-30,-0.18295793,2.530685,0.90249926
2024-08-31,-1.659746,2.5309546,0.016534269
2024-09-01,0.18621387,2.4506633,1.0919937
2024-09-02,-1.274605,2.4916258,0.23188728
2024-09-03,0.56450516,2.4017215,1.2993917
2024-09-04,-0.50858235,2.54979,0.7147665
2024-09-05,0.8176805,2.5485795,1.5100402
2024-09-06,0.42486227,2.537052,1.2697382
2024-09-07,0.67072445,2.5400908,1.4184711
2024-09-08,-0.73232174,2.5232441,0.5699047
2024-09-09,0.08786084,2.5096579,1.0565797
2024-09-10,-0.08993806,2.540177,0.962108
2024-09-11,0.73144287,2.542837,1.4560006
2024-09-12,0.202549,2.462417,1.1064961
2024-09-13,1.394888,2.5449793,1.8549247
2024-09-14,-0.3976755,2.5407991,0.7777143
2024-09-15,0.55793786,2.5473626,1.3537078
2024-09-16,-0.1660157,2.538357,0.9157334
2024-09-17,-0.68415886,2.534081,0.6031371
2024-09-18,-0.7585701,2.5366607,0.5595223
2024-09-19,0.51457524,2.5310657,1.3211714
2024-09-20,0.1901076,2.5286334,1.125518
2024-09-21,1.9457507,2.6109946,2.2118483
2024-09-22,0.9062763,2.537578,1.558797
2024-09-23,1.5740452,2.5466743,1.9630969
2024-09-24,0.09488915,2.5359023,1.0712944
2024-09-25,0.5001379,2.569111,1.3277273
2024-09-26,-1.8186091,2.5302677,-0.07905841
2024-09-27,0.6338436,2.5299535,1.3922875
2024-09-28,0.39265645,2.5088341,1.2391276
2024-09-29,1.7143039,2.5110903,2.0330186
2024-09-30,2.246517,2.5279577,2.3590932
2024-10-01,1.6361142,2.4893107,1.9773929
2024-10-02,-0.30378175,2.5143604,0.8234752
2024-10-03,0.40109926,2.5181558,1.247922
2024-10-04,-1.0735601,2.5036778,0.3573351
2024-10-05,-0.55403906,2.6118023,0.71229756
2024-10-06,0.44838184,2.6280377,1.3202442
2024-10-07,-0.1480472,2.626936,0.9619461
2024-10-08,0.79622257,2.6058016,1.5200541
2024-10-09,0.4237709,2.6373413,1.3091991
2024-10-10,-0.46038258,2.599026,0.7633808
2024-10-11,1.5517074,2.5855544,1.9652462
2024-10-12,1.1441358,2.5923452,1.7234197
2024-10-13,-0.4594481,2.620125,0.7723812
2024-10-14,0.30507183,2.6141143,1.2286888
2024-10-15,1.0487674,2.5921144,1.6661062
2024-10-16,-0.39122427,2.6309485,0.81764495
2024-10-17,-0.38589227,2.6006181,0.80871195
2024-10-18,1.5700735,2.6234682,1.9914315
2024-10-19,1.5631648,2.5537448,1.9593968
2024-10-20,1.9740542,2.5803483,2.2165718
2024-10-21,2.2246146,2.5836256,2.368219
2024-10-22,2.3308153,2.62359,2.447925
2024-10-23,1.8305022,2.562183,2.1231744
2024-10-24,1.3957192,2.5899575,1.8734145
2024-10-25,1.5872781,2.626996,2.0031652
2024-10-26,-0.50039613,2.6004648,0.7399483
2024-10-27,0.7049671,2.566543,1.4495976
2024-10-28,1.6035748,2.5712733,1.9906542
2024-10-29,-0.082873374,2.664899,1.0162357
2024-10-30,-0.5482712,2.680733,0.7433305
2024-10-31,0.8761854,2.6717694,1.5944191
2024-11-01,1.0862917,2.6602876,1.71589
2024-11-02,1.3294041,2.5355906,1.8118789
2024-11-03,1.9039505,2.4523723,2.1233191
2024-11-04,2.131375,2.4563472,2.261364
2024-11-05,1.2171465,2.4626346,1.7153418
2024-11-06,0.5993135,2.5874689,1.3945757
2024-11-07,1.3916328,2.7100027,1.9189808
2024-11-08,-0.5466174,2.6914139,0.7485952
2024-11-09,0.4644724,2.651476,1.3392738
2024-11-10,1.1048315,2.17082,1.5312269
2024-11-11,1.359933,2.463852,1.8015007
2024-11-12,1.2279333,2.5599625,1.760745
2024-11-13,2.6141508,2.6534874,2.6298857
2024-11-14,1.5217847,2.5959015,1.9514315
2024-11-15,1.7605075,2.5679648,2.0834904
2024-11-16,0.7656695,2.5797355,1.4912959
2024-11-17,0.3138559,1.4682558,0.7756159
2024-11-18,0.72767204,1.6110926,1.0810403
2024-11-19,1.2373517,1.2432303,1.2397032
2024-11-20,0.6517437,2.6030388,1.4322618
2024-11-21,0.49826264,2.507948,1.3021368
2024-11-22,1.0799376,2.5366788,1.6626341
2024-11-23,2.0347857,2.4030826,2.1821046
2024-11-24,1.4985993,2.0020328,1.6999727
2024-11-25,0.9219632,1.9595704,1.3370061
2024-11-26,2.007217,2.4827626,2.1974354
2024-11-27,0.19104865,2.2594984,1.0184286
2024-11-28,0.4260767,1.881084,1.0080796
2024-11-29,1.0931941,1.8511932,1.3963938
2024-11-30,1.3869816,1.8938048,1.589711
2024-12-01,-0.26879025,1.7307073,0.5310088
2024-12-02,1.3889343,1.8099318,1.5573334
2024-12-03,0.92279834,1.9585702,1.3371072
2024-12-04,1.2865268,1.9688938,1.5594736
2024-12-05,1.6073763,1.9157255,1.730716
2024-12-06,1.1462785,2.3856964,1.6420457
2024-12-07,-0.39247227,1.9329107,0.5376809
2024-12-08,1.0212165,1.8040566,1.3343525
2024-12-09,1.0331235,1.8265427,1.3504913
2024-12-10,1.2346165,2.2014227,1.6213391
2024-12-11,0.6683156,1.8897183,1.1568767
2024-12-12,1.1636431,2.0452192,1.5162736
2024-12-13,-1.0027822,1.9289261,0.16990107
2024-12-14,1.1784471,2.1229959,1.5562667
2024-12-15,0.90704304,1.7794666,1.2560126
2024-12-16,0.55176187,1.8143055,1.0567794
2024-12-17,0.3701011,2.0712614,1.0505652
2024-12-18,1.3212428,1.8283072,1.5240686
2024-12-19,-0.58371246,1.8448757,0.3877228
2024-12-20,0.72792995,1.9484127,1.2161231
2024-12-21,0.11068213,1.8565912,0.8090458
2024-12-22,-0.06061299,1.7550399,0.6656482
2024-12-23,0.007943109,1.7529947,0.70596373
2024-12-24,1.0405961,1.7959188,1.3427253
2024-12-25,0.0025043339,1.8073145,0.7244284
2024-12-26,0.8894012,1.766854,1.2403824
2024-12-27,0.035664096,1.7708926,0.7297555
2024-12-28,0.043353155,1.82144,0.7545879
2024-12-29,-0.20416908,1.8846037,0.6313401
2024-12-30,0.4166426,1.9428287,1.027117
2024-12-31,-0.5894728,2.0315747,0.4589462
2025-01-01,0.29903382,2.0132086,0.9847038
2025-01-02,-0.31958967,2.0033882,0.6096015
2025-01-03,0.07101695,1.9849406,0.8365864
2025-01-04,-0.94127524,1.9912319,0.2317276
2025-01-05,-0.33742267,2.0227635,0.6066518
2025-01-06,0.36447138,2.1066346,1.0613368
2025-01-07,0.18969573,2.1885314,0.98923004
2025-01-08,-0.7979622,2.2294953,0.41302082
2025-01-09,0.5094194,2.2354915,1.1998483
2025-01-10,-0.9089693,2.2446418,0.3524751
2025-01-11,-0.25092477,2.2712772,0.757956
2025-01-12,0.04226385,2.3812263,0.9778488
2025-01-13,0.67199826,2.412882,1.3683518
2025-01-14,-0.7828042,2.4514844,0.5109112
2025-01-15,0.87971133,2.4711592,1.5162905
2025-01-16,-0.117098525,2.4768124,0.9204659
2025-01-17,0.35836172,2.4733171,1.2043439
2025-01-18,-0.6229172,2.4657233,0.612539
2025-01-19,0.7292751,2.4146488,1.4034246
2025-01-20,-0.017782822,2.4474087,0.9682938
2025-01-21,1.0575736,2.4805996,1.6267841
2025-01-22,-0.59720135,2.5047424,0.64357615
2025-01-23,0.76146793,2.4999554,1.4568629
2025-01-24,0.15508898,2.5002558,1.0931557
2025-01-25,0.8658045,2.4166958,1.486161
2025-01-26,-0.10563263,2.4753966,0.9267791
2025-01-27,1.3563447,2.4761891,1.8042824
2025-01-28,-0.4669459,2.4609654,0.7042186
2025-01-29,0.07541709,2.472952,1.034431
2025-01-30,-0.5860406,2.4495971,0.6282145
2025-01-31,0.35283095,2.4974456,1.2106768
2025-02-01,-0.88815033,2.5072954,0.47002792
2025-02-02,0.7787109,2.5086796,1.4706984
2025-02-03,-0.20828749,2.5131989,0.880307
2025-02-04,0.35556865,2.528386,1.2246957
2025-02-05,-1.3626981,2.5276413,0.19343764
2025-02-06,0.4361223,2.5476477,1.2807324
2025-02-07,-0.15910663,2.5538175,0.92606306
2025-02-08,0.7167869,2.5587294,1.4535639
2025-02-09,0.0103375465,2.5725427,1.0352197
2025-02-10,-0.022953793,2.579528,1.018039
2025-02-11,-0.7847874,2.5711358,0.55758184
2025-02-12,0.6263088,2.5562155,1.3982716
2025-02-13,0.66981727,2.5621428,1.4267476
2025-02-14,0.62844723,2.5499194,1.3970362
2025-02-15,-0.7834404,2.555977,0.55232656
2025-02-16,0.18397324,2.5846894,1.1442598
2025-02-17,-0.5373257,2.6066072,0.7202475
2025-02-18,0.27240086,2.6318095,1.2161644
2025-02-19,-0.6316644,2.6476471,0.68006027
2025-02-20,-0.19255765,2.646671,0.9431339
2025-02-21,-0.030023858,2.6503181,1.042113
2025-02-22,1.1257755,2.6361117,1.7299099
2025-02-23,-0.60609007,2.6514027,0.69690704
2025-02-24,-0.57010156,2.659668,0.7218063
2025-02-25,-1.1181251,2.644883,0.38707817
2025-02-26,-0.64093965,2.5931923,0.6527132
2025-02-27,-1.275235,2.6000915,0.2748955
2025-02-28,-0.34601432,2.6172605,0.8392956
2025-03-01,0.063865975,2.6130273,1.0835305
2025-03-02,0.3126576,2.6250885,1.2376299
2025-03-03,1.5949166,2.6210942,2.0053878
2025-03-04,2.6240094,2.616978,2.6211967
2025-03-05,-0.092860505,2.6041367,0.98593843
2025-03-06,1.0342257,2.6156204,1.6667836
2025-03-07,0.1733236,2.6262536,1.1544956
2025-03-08,-1.9256641,2.6035314,-0.113985896
2025-03-09,-1.7130591,2.6281197,0.023412466
2025-03-10,0.5539459,2.6343083,1.3860909
2025-03-11,-0.2787041,2.624763,0.8826827
2025-03-12,-0.5942056,2.6281197,0.69472456
2025-03-13,0.030743554,2.624675,1.0683161
2025-03-14,-0.55863535,2.6256905,0.7150949
2025-03-15,-2.2979102,2.6369793,-0.32395434
2025-03-16,-0.3978085,2.6425574,0.8183378
2025-03-17,0.45949054,2.651163,1.3361596
2025-03-18,-1.1695516,2.6347682,0.3521763
2025-03-19,-1.4530447,2.634277,0.18188399
2025-03-20,0.14372063,2.6356006,1.1404727
2025-03-21,-1.1822265,2.6243904,0.34042025
2025-03-22,0.6322638,2.6265693,1.429986
2025-03-23,1.7170469,2.6399653,2.0862143
2025-03-24,0.6196387,2.6555712,1.4340118
2025-03-25,-1.0237389,2.6431577,0.4430198
2025-03-26,0.4208548,2.6337755,1.3060231
2025-03-27,-0.035134897,2.637099,1.0337586
2025-03-28,-0.5684676,2.639497,0.71471834
2025-03-29,-0.030804023,2.6136496,1.0269774
2025-03-30,0.52443546,2.6338365,1.3681959
2025-03-31,0.76255965,2.6373906,1.5124922
2025-04-01,1.8290101,2.619637,2.1452608
2025-04-02,0.46846837,2.6354773,1.3352721
2025-04-03,1.017977,2.6233566,1.6601288
2025-04-04,-0.46901244,2.611093,0.7630298
2025-04-05,-1.0144094,2.6106002,0.43559444
2025-04-06,-0.31969208,2.6426075,0.8652277
2025-04-07,1.284856,2.538202,1.7861944
2025-04-08,1.1891088,2.9200137,1.8814708
2025-04-09,0.32816273,2.8171983,1.323777
2025-04-10,0.3576784,2.6300063,1.2666097
2025-04-11,0.25600636,2.6355228,1.2078129
2025-04-12,0.43337315,2.9133093,1.4253476
2025-04-13,-0.4401716,2.2443278,0.63362813
2025-04-14,1.1109332,2.7399576,1.762543
2025-04-15,-0.13043867,2.6496007,0.9815771
2025-04-16,0.8024727,2.651227,1.5419745
2025-04-17,0.90076435,2.6451373,1.5985136
2025-04-18,0.8813549,2.6509805,1.5892053
2025-04-19,0.99246776,2.655902,1.6578414
2025-04-20,2.418799,2.6621196,2.516127
2025-04-21,2.3275976,2.6541622,2.4582236
2025-04-22,0.40239847,2.6469212,1.3002076
2025-04-23,3.1763363,2.8099144,3.0297675
2025-04-24,0.7949007,2.5834458,1.5103188
2025-04-25,-0.6795131,2.6336186,0.6457396
2025-04-26,1.369683,2.6476376,1.8808649
2025-04-27,-1.1307002,2.5330844,0.3348136
2025-04-28,1.8861576,2.5350869,2.1457295
2025-04-29,1.4860438,2.5205479,1.8998454
2025-04-30,0.5868196,2.5667691,1.3787994
2025-05-01,-0.2817061,2.510648,0.8352356
2025-05-02,0.9066081,2.506469,1.5465525
2025-05-03,-1.6703085,2.6010566,0.03823757
2025-05-04,0.19113807,2.4691958,1.1023612
2025-05-05,-0.6436327,2.516093,0.6202575
2025-05-06,0.035448715,2.6038063,1.0627917
2025-05-07,-0.8422488,2.5149434,0.5006281
2025-05-08,1.0286412,2.4472547,1.5960866
2025-05-09,0.25674593,2.4912329,1.1505407
2025-05-10,0.8897854,2.479865,1.5258174
2025-05-11,0.093977585,2.5077617,1.0594913
2025-05-12,1.5525414,2.5062835,1.9340383
2025-05-13,0.23206717,2.5045733,1.1410697
2025-05-14,-0.09106079,2.4986885,0.94483894
2025-05-15,0.12598391,2.474222,1.0652791
2025-05-16,1.1381861,2.505934,1.6852853
2025-05-17,-0.059313253,2.468504,0.95181364
2025-05-18,0.40021062,2.463096,1.2253648
2025-05-19,0.38174593,2.5888703,1.2645956
2025-05-20,-0.94301045,2.5741944,0.46387148
2025-05-21,-0.4006853,2.5915873,0.79622376
2025-05-22,1.0401613,2.601269,1.6646044
2025-05-23,1.0194627,2.615411,1.657842
2025-05-24,0.96575713,2.6062646,1.6219602
2025-05-25,1.1855191,2.4253724,1.6814604
2025-05-26,2.32582,2.4140794,2.3611238
2025-05-27,1.5327421,2.4238384,1.8891807
2025-05-28,0.34820294,2.434537,1.1827365
2025-05-29,1.3530825,2.4802506,1.8039498
2025-05-30,-0.43452275,2.406102,0.70172715
2025-05-31,-0.051572368,2.4184957,0.9364549
2025-06-01,1.6197804,2.2356,1.8661083
2025-06-02,1.7822367,2.3212411,1.9978385
2025-06-03,2.3656902,2.370106,2.3674564
2025-06-04,1.9239663,2.391177,2.1108506
2025-06-05,1.2082255,2.3328443,1.658073
2025-06-06,-0.94059765,2.2944932,0.35343868
2025-06-07,1.0704137,2.3912685,1.5987556
2025-06-08,-0.6780334,2.4172866,0.5600946
2025-06-09,1.2141703,2.4067266,1.6911929
2025-06-10,1.3585795,2.4006162,1.7753942
2025-06-11,1.3883843,2.5867958,1.867749
2025-06-12,0.36387867,2.4866593,1.2129909
2025-06-13,2.5326366,2.5189407,2.5271583
2025-06-14,-0.09059855,2.5093613,0.94938534
2025-06-15,0.89973724,2.5227091,1.548926
2025-06-16,1.2319214,2.5288393,1.7506887
2025-06-17,1.0576918,2.5049152,1.6365812
2025-06-18,-1.4958938,2.5079274,0.10563463
2025-06-19,1.4471737,2.4959776,1.8666954
2025-06-20,-0.59259427,2.5105374,0.6486584
2025-06-21,1.0051606,2.49544,1.6012723
2025-06-22,1.1106255,2.5287848,1.6778893
2025-06-23,1.1403643,2.4915066,1.6808212
2025-06-24,0.08221246,2.5196328,1.0571806
2025-06-25,1.6929717,2.541962,2.032568
2025-06-26,-0.17412625,2.5305037,0.9077258
2025-06-27,-1.0955397,2.5462644,0.36118197
2025-06-28,-2.0169368,2.5342033,-0.19648087
2025-06-29,-0.7458425,2.5531983,0.5737738
2025-06-30,-0.4671622,2.5488522,0.73924357
2025-07-01,0.12164363,2.5221746,1.081856
2025-07-02,0.4945622,2.5550978,1.3187765
2025-07-03,0.78953993,2.5336707,1.4871923
2025-07-04,0.66500115,2.5294948,1.4107985
2025-07-05,1.1806388,2.5811837,1.7408568
2025-07-06,0.39852798,2.5676057,1.266159
2025-07-07,1.0155466,2.5983832,1.6486812
2025-07-08,1.2494875,2.5390556,1.7653148
2025-07-09,0.69996727,2.5511484,1.4404398
2025-07-10,0.80458724,2.5904446,1.5189302
2025-07-11,0.72797656,2.5789707,1.4683743
2025-07-12,0.123723105,2.5785227,1.105643
2025-07-13,0.9236451,2.5844042,1.5879488
2025-07-14,2.1498997,2.5935774,2.327371
2025-07-15,1.0761752,2.706309,1.7282288
2025-07-16,-0.20496337,2.6913335,0.9535554
2025-07-17,1.5621936,2.4206884,1.9055916
2025-07-18,1.9019145,2.6233432,2.190486
2025-07-19,-0.60715526,2.4380205,0.61091506
2025-07-20,0.95348537,2.4284992,1.5434909
2025-07-21,1.9008267,2.4411757,2.1169662
2025-07-22,1.1169406,2.4515483,1.6507838
2025-07-23,0.1726519,2.4680758,1.0908215
2025-07-24,0.8360561,2.473796,1.491152
2025-07-25,0.30927855,2.4680908,1.1728034
2025-07-26,0.78373104,2.6286592,1.5217024
2025-07-27,-0.020806655,2.4487028,0.96699715
2025-07-28,0.52645653,2.4672868,1.3027887
2025-07-29,0.84162366,2.428759,1.4764779
2025-07-30,0.565287,2.4655664,1.3253988
2025-07-31,1.0359532,2.4506981,1.6018512
2025-08-01,1.4637998,2.4415593,1.8549037
2025-08-02,-0.16347258,2.4543126,0.8836415
2025-08-03,0.052053943,2.4714816,1.019825
2025-08-04,1.972795,2.464532,2.1694899
2025-08-05,0.56786966,2.4670177,1.3275288
2025-08-06,-0.44351465,2.4599755,0.7178814
2025-08-07,1.2204483,2.4629622,1.7174538
2025-08-08,1.4643853,2.4184182,1.8459985
2025-08-09,-0.83331037,2.4572282,0.48290503
2025-08-10,0.4878174,2.4978378,1.2918255
2025-08-11,2.7422009,2.4932842,2.6426342
2025-08-12,0.27285922,2.447224,1.1426051
2025-08-13,0.16121532,2.4616716,1.0813979
2025-08-14,0.8750015,2.450703,1.5052822
2025-08-15,-0.7756244,2.4975111,0.53362983
2025-08-16,-0.7782068,2.4599357,0.51705015
2025-08-17,1.2924386,2.47995,1.7674432
2025-08-18,1.0223308,2.4831011,1.6066389
2025-08-19,0.983881,2.4572926,1.5732456
2025-08-20,0.87627137,2.4651701,1.5118309
2025-08-21,2.0464017,2.4688585,2.2153845
2025-08-22,1.8390813,2.4553988,2.0856085
2025-08-23,-0.10965575,2.4556923,0.91648346
2025-08-24,0.016568586,2.474311,0.9996656
2025-08-25,1.132777,2.4137,1.6451463
2025-08-26,-1.7722373,2.471595,-0.07470441
2025-08-27,1.0508672,2.4616816,1.615193
2025-08-28,2.160763,2.4722307,2.28535
2025-08-29,0.61393595,2.4380143,1.3435674
2025-08-30,0.62593275,2.5971906,1.414436
2025-08-31,1.6194457,2.4538949,1.9532254
2025-09-01,1.0909979,2.4795468,1.6464175
2025-09-02,1.7575655,2.4180758,2.0217695
2025-09-03,1.45111,2.4036534,1.8321273
2025-09-04,-0.09096305,2.473868,0.93496937
2025-09-05,1.7849559,2.4736106,2.0604177
2025-09-06,2.3960094,2.413442,2.4029825
2025-09-07,0.51289743,2.434691,1.2816149
2025-09-08,0.8302932,2.293519,1.4155836
2025-09-09,-0.63218963,2.100434,0.46085986
2025-09-10,-0.2477658,2.2200258,0.73935086
2025-09-11,-0.0320767,2.2427328,0.8778471
2025-09-12,-0.8990842,2.3757105,0.41083366
2025-09-13,0.32441634,2.4684157,1.1820161
2025-09-14,2.4891064,2.545397,2.5116227
2025-09-15,1.8514242,2.5480864,2.1300893
2025-09-16,2.4882338,2.5934134,2.5303056
2025-09-17,2.2160676,2.5660522,2.3560615
2025-09-18,1.9386003,2.5675945,2.190198
2025-09-19,0.5699468,2.5914638,1.3785536
2025-09-20,0.7278179,2.60397,1.4782789
2025-09-21,-0.13851066,2.5632946,0.9422115
2025-09-22,0.67055,2.568211,1.4296145
2025-09-23,0.08501135,2.5598524,1.0749477
2025-09-24,0.5380287,2.5721743,1.351687
2025-09-25,1.0612507,2.57961,1.6685945
2025-09-26,1.0180396,2.5665824,1.6374568
2025-09-27,0.79272217,2.5624058,1.5005956
2025-09-28,0.34458897,2.582457,1.2397362
2025-09-29,0.4293462,2.5872507,1.292508
2025-09-30,-0.06000422,2.5659595,0.99038124
2025-10-01,0.4752999,2.6176343,1.3322337
2025-10-02,0.27155083,2.5910192,1.1993382
2025-10-03,-1.0682675,2.579969,0.39102703
2025-10-04,0.32149065,2.5366032,1.2075357
2025-10-05,0.76704925,2.5667198,1.4869175
2025-10-06,1.1818656,2.6050456,1.7511377
2025-10-07,-0.7734671,2.5432935,0.5532371
2025-10-08,2.613678,2.5785341,2.5996206
2025-10-09,-0.57054603,2.5948236,0.6956018
2025-10-10,-0.4700135,2.5341632,0.7316572
2025-10-11,1.3101286,2.5340931,1.7997146
2025-10-12,1.7038345,2.537383,2.0372539
2025-10-13,0.092955306,2.5535288,1.0771847
2025-10-14,0.122399226,2.5525336,1.0944531
2025-10-15,1.9316186,2.6368499,2.2137113
2025-10-16,-0.97709,2.5721114,0.4425906
2025-10-17,0.39137477,2.509024,1.2384344
2025-10-18,1.015725,2.5038443,1.6109726
2025-10-19,0.92935324,2.5292761,1.5693225
2025-10-20,0.33018553,2.5350447,1.2121292
2025-10-21,1.387495,2.520364,1.8406427
2025-10-22,-0.44115734,2.513351,0.740646
2025-10-23,-0.028912708,2.5127218,0.98774105
2025-10-24,0.07340874,2.5235476,1.0534643
2025-10-25,0.6772391,2.5615847,1.4309773
2025-10-26,0.19263075,2.5342977,1.1292975
2025-10-27,0.6583433,2.5307155,1.4072921
2025-10-28,1.5504774,2.5105941,1.934524
2025-10-29,1.2975363,2.537794,1.7936394
2025-10-30,0.5155975,2.5526364,1.3304131
2025-10-31,-1.2548224,2.5719378,0.27588165
2025-11-01,-0.8772037,2.530662,0.4859426
2025-11-02,-1.4061916,2.5541198,0.17793292
2025-11-03,1.6793946,2.5599508,2.0316172
2025-11-04,1.1755854,2.5345361,1.7191657
2025-11-05,-1.1736054,2.5376112,0.31088126
2025-11-06,0.9450439,2.5414844,1.5836202
2025-11-07,0.39242923,2.530666,1.247724
2025-11-08,-0.46979725,2.5170248,0.7249316
2025-11-09,-1.2936889,2.5468466,0.24252528
2025-11-10,-0.45296717,2.5757346,0.7585135
2025-11-11,-0.78051895,2.562185,0.55656266
2025-11-12,-2.0639145,2.5573134,-0.21542335
2025-11-13,-1.9693326,2.5645797,-0.15576768
2025-11-14,0.61704415,2.558418,1.3935938
2025-11-15,-0.6373695,2.5345297,0.6313902
2025-11-16,-0.2668754,2.5721886,0.8687502
2025-11-17,1.2371432,2.5710506,1.7707062
2025-11-18,1.0923673,2.4869065,1.650183
2025-11-19,-0.56518316,2.4811075,0.6533331
2025-11-20,1.2335203,2.4979,1.7392721
2025-11-21,-0.54377675,2.4932773,0.6710449
2025-11-22,-0.49674624,2.5414205,0.7185204
2025-11-23,-1.2918258,2.5484695,0.24429232
2025-11-24,-0.9350461,2.1927464,0.3160709
2025-11-25,-1.237692,2.2240152,0.1469909
2025-11-26,-0.5609438,2.3017466,0.5841324
2025-11-27,-0.29195994,2.4261177,0.7952711
2025-11-28,-1.081163,2.290131,0.2673546
2025-11-29,0.11658402,2.4319603,1.0427346
2025-11-30,-0.8549801,2.360132,0.43106472
2025-12-01,-0.36342305,2.4739962,0.77154464
2025-12-02,-1.3582443,2.3666606,0.13171768
2025-12-03,0.33487844,2.3900056,1.1569293
2025-12-04,-0.051307634,2.37406,0.9188394
2025-12-05,0.3582374,2.4797633,1.2068478
2025-12-06,-0.5243499,2.4860866,0.6798247
2025-12-07,-0.38529497,2.5518205,0.78955126
2025-12-08,-1.1720196,2.5624678,0.32177532
2025-12-09,-1.2864224,2.5589595,0.25173032
2025-12-10,-1.184919,2.5090675,0.2926756
2025-12-11,-0.68388486,2.5608153,0.6139953
2025-12-12,-1.2887053,2.5607157,0.25106305
2025-12-13,-0.2282642,2.492957,0.8602243
2025-12-14,-0.31955922,2.5279496,0.8194443
2025-12-15,-0.15791677,2.5614796,0.92984176
2025-12-16,0.39458972,2.550822,1.2570827
2025-12-17,0.8799279,2.5386958,1.5434351
2025-12-18,-0.9687983,2.542451,0.43570143
2025-12-19,-1.0254033,2.5494838,0.4045515
2025-12-20,-1.6986134,2.5510445,0.001249671
2025-12-21,-1.2925979,2.564126,0.2500916
2025-12-22,-1.0988656,2.576021,0.37108898
2025-12-23,-0.13941817,2.5620058,0.94115144
2025-12-24,-1.4447416,2.5388415,0.14869165
2025-12-25,-0.47983634,2.6027172,0.7531851
2025-12-26,-1.6281252,2.5640676,0.04875189
2025-12-27,-0.23967259,2.607672,0.8992652
2025-12-28,-1.1650908,2.5698948,0.32890344
2025-12-29,-0.18727534,2.5652297,0.91372675
2025-12-30,-0.5240764,2.5902894,0.7216699
2025-12-31,-0.60148835,2.5687797,0.66661894
2026-01-01,-1.1684248,2.5529268,0.3201158
2026-01-02,-0.39931482,2.564397,0.78616995
2026-01-03,-0.26444077,2.5603034,0.86545694
2026-01-04,-0.044349805,2.5760193,1.0037979
2026-01-05,-0.15906204,2.5751288,0.93461436
2026-01-06,0.3733651,2.5584629,1.2474042
2026-01-07,0.052927688,2.5742052,1.0614387
2026-01-08,0.2416594,2.5685341,1.1724094
2026-01-09,-0.25818187,2.5751436,0.8751483
2026-01-10,0.5586205,2.5686204,1.3626205
2026-01-11,-0.42117715,2.5638824,0.7728467
2026-01-12,-0.29048914,2.5461922,0.8441833
2026-01-13,-0.6270387,2.5394118,0.6395415
2026-01-14,-0.5015395,2.591116,0.73552275
2026-01-15,-0.54777646,2.5954819,0.7095269
2026-01-16,0.2954083,2.594339,1.2149806
2026-01-17,-0.34120083,2.604133,0.83693266
2026-01-18,0.49403584,2.6088336,1.339955
2026-01-19,0.35130334,2.607627,1.2538328
2026-01-20,0.3143674,2.6023085,1.2295439
2026-01-21,-1.2046434,2.5979695,0.31640172
2026-01-22,-0.6845785,2.6431696,0.6465208
2026-01-23,-0.34661877,2.6477559,0.85113114
2026-01-24,-0.23138483,2.6272352,0.91206324
2026-01-25,-0.5981704,2.6653104,0.707222
2026-01-26,-0.16163985,2.6639085,0.96857953
2026-01-27,0.010371938,2.6652465,1.0723218
2026-01-28,-0.9535786,2.664278,0.49356407
2026-01-29,-1.6108868,2.6603024,0.0975889
2026-01-30,-1.3480417,2.6652136,0.25726044
2026-01-31,-2.2591276,2.6490722,-0.29584777
2026-02-01,-1.8292465,2.6646302,-0.031695962
2026-02-02,-1.3404766,2.6595557,0.25953627
2026-02-03,-0.9832729,2.646982,0.46882904
2026-02-04,-1.2613639,2.6549835,0.30517513
2026-02-05,-1.0525947,2.653829,0.42997485
2026-02-06,-0.9826454,2.6398342,0.46634644
2026-02-07,-0.61162853,2.6429954,0.6902211
2026-02-08,-0.4790169,2.663645,0.7780479
2026-02-09,-0.5053528,2.6386857,0.7522626
2026-02-10,-0.451541,2.6318352,0.7818095
2026-02-11,-0.7411371,2.6477416,0.61441445
2026-02-12,-1.159735,2.651653,0.36482018
2026-02-13,-1.1771462,2.6534054,0.3550744
2026-02-14,-1.7365297,2.6581125,0.021327138
2026-02-15,-1.0195258,2.6682792,0.45559615
2026-02-16,0.48351055,2.6903784,1.3662577
2026-02-17,0.42375106,2.6692064,1.3219333
2026-02-18,-0.083309606,2.6713815,1.0185668
2026-02-19,-0.3976431,2.6615105,0.82601833
2026-02-20,-0.21853037,2.668725,0.93637174
2026-02-21,-0.35963792,2.6642745,0.84992707
2026-02-22,-0.408172,2.6829252,0.82826686
2026-02-23,-0.29514962,2.7162097,0.909394
2026-02-24,-0.6753287,2.6704767,0.66299343
2026-02-25,-0.24483226,2.711454,0.9376823
2026-02-26,0.34880435,2.675492,1.2794795
2026-02-27,0.6218225,2.6654131,1.4392588
2026-02-28,0.19247802,2.6773999,1.1864468
2026-03-01,-0.21124138,2.683919,0.94682276
2026-03-02,0.9713936,2.6913855,1.6593903
2026-03-03,0.38433057,2.6665852,1.2972324
2026-03-04,0.038102508,2.6577637,1.085967
2026-03-05,0.13880445,2.6368816,1.1380354
2026-03-06,-0.65362716,2.698182,0.6870966
2026-03-07,-1.6009156,2.7024708,0.12043893
2026-03-08,-1.0522536,2.7063062,0.45117033
2026-03-09,0.49071288,2.709809,1.3783514
2026-03-10,0.039550625,2.6909583,1.1001137
2026-03-11,-0.05645819,2.685221,1.0402136
2026-03-12,0.9885127,2.687708,1.6681907
2026-03-13,-0.88826776,2.7029126,0.5482044
2026-03-14,-1.0880084,2.6934078,0.42455804
2026-03-15,-0.34191322,2.7189252,0.88242215
2026-03-16,-0.39765257,2.7038147,0.84293437
2026-03-17,-1.3146945,2.6983292,0.290515
2026-03-18,-0.23302232,2.6908214,0.9365152
2026-03-19,-0.79637873,2.7030623,0.60339767
2026-03-20,-0.3966387,2.7024739,0.8430064
2026-03-21,-0.45876932,2.7025359,0.80575275
2026-03-22,0.555543,2.6907103,1.40961
2026-03-23,-0.19741718,2.7004712,0.9617382
2026-03-24,-0.6571989,2.6832561,0.67898315
2026-03-25,-1.303466,2.667857,0.2850632
2026-03-26,-0.3849746,2.6610963,0.83345383
2026-03-27,-1.2916337,2.6971042,0.30386144
2026-03-28,-1.3972236,2.6944807,0.23945808
2026-03-29,-0.56503403,2.7045577,0.7428027
2026-03-30,-0.3875779,2.6884348,0.84282726
2026-03-31,-0.2857654,2.6670203,0.89534885
2026-04-01,-0.5648222,2.664091,0.7267432
2026-04-02,0.092655376,2.696462,1.134178
2026-04-03,-0.039250895,2.6639552,1.0420316
2026-04-04,-0.8121885,2.6787956,0.58420515
2026-04-05,-0.5374556,2.6861649,0.7519926
2026-04-06,-0.8161767,2.7217524,0.598995
2026-04-07,-0.44976664,2.6807146,0.80242586
2026-04-08,-0.3300202,2.687195,0.876866
2026-04-09,1.0648948,2.7072754,1.721847
2026-04-10,-0.4416219,2.7065587,0.8176503
2026-04-11,0.3712008,2.679306,1.2944429
2026-04-12,0.42165887,2.6814153,1.3255615
2026-04-13,0.70646596,2.698746,1.503378
2026-04-14,-0.336977,2.6857975,0.8721328
2026-04-15,0.7803478,2.6426685,1.5252761
2026-04-16,-0.03115949,2.636696,1.0359827
2026-04-17,0.8656502,2.6518016,1.5801108
2026-04-18,0.5405024,2.6534264,1.3856721
2026-04-19,0.7325649,2.667013,1.5063442
2026-04-20,1.1552553,2.6523364,1.7540877
2026-04-21,0.13297153,2.6092181,1.1234702
2026-04-22,-0.057902694,2.6466355,1.0239125
2026-04-23,0.20386535,2.633921,1.1758876
2026-04-24,-0.050369784,2.6194806,1.0175705
2026-04-25,0.2352889,2.6229322,1.1903462
2026-04-26,0.1590083,2.6524692,1.1563927
2026-04-27,0.54872775,2.6512802,1.3897487
2026-04-28,0.9753988,2.6382344,1.6405331
2026-04-29,0.39040172,2.639048,1.2898602
2026-04-30,0.33114672,2.615106,1.2447305
2026-05-01,1.5733452,2.6271784,1.9948785
2026-05-02,1.2183824,2.6211126,1.7794745
2026-05-03,0.1477287,2.6343048,1.1423591
2026-05-04,0.7935013,2.6402533,1.5322021
2026-05-05,0.82909095,2.6249428,1.5474317
2026-05-06,0.0046465844,2.6156113,1.0490324
2026-05-07,0.25021178,2.6248913,1.2000836
2026-05-08,1.5620762,2.6235893,1.9866815
2026-05-09,1.6310081,2.619754,2.0265064
2026-05-10,1.0116974,2.6336198,1.6604664
2026-05-11,0.99714136,2.6354935,1.6524823
2026-05-12,1.016092,2.6146593,1.655519
2026-05-13,0.13213013,2.6073616,1.1222228
2026-05-14,0.6862453,2.6116126,1.4563923
2026-05-15,1.3499407,2.6083443,1.8533021
2026-05-16,0.02749075,2.5994937,1.0562919
2026-05-17,0.71760315,2.6238708,1.4801103
2026-05-18,1.1660208,2.6250365,1.7496271
2026-05-19,0.15966973,2.6052086,1.1378853
2026-05-20,1.1084511,2.600006,1.7050731
2026-05-21,1.5693127,2.5967298,1.9802794
2026-05-22,0.2383296,2.5983465,1.1823363
2026-05-23,0.845564,2.607329,1.55027
2026-05-24,0.84019667,2.6096296,1.5479698
2026-05-25,-0.1801544,2.609429,0.93567896
2026-05-26,0.77951837,2.609591,1.5115476
2026-05-27,0.4536757,2.6055865,1.31444
2026-05-28,0.29659754,2.5990493,1.2175783
2026-05-29,0.69152343,2.6150565,1.4609368
2026-05-30,-0.46818018,2.5859952,0.75349
2026-05-31,0.1950944,2.5942113,1.1547412
2026-06-01,1.8341644,2.6086333,2.143952
2026-06-02,-0.1564083,2.5825074,0.93915796
2026-06-03,0.33680952,2.5212724,1.2105948
2026-06-04,-0.568266,2.542942,0.67621726
2026-06-05,-0.58045465,2.5719092,0.68049085
2026-06-06,-1.6418529,2.5764663,0.045474827
2026-06-07,-0.8998115,2.5907307,0.49640536
2026-06-08,-0.6566781,2.5988674,0.6455401
2026-06-09,-0.64219594,2.5786448,0.64614034
2026-06-10,-1.6066943,2.5986586,0.075446784
2026-06-11,-0.21515702,2.5884078,0.90626884
2026-06-12,-0.86298513,2.6061604,0.52467304
2026-06-13,-0.63007474,2.6015012,0.6625557
2026-06-14,-1.4441489,2.6147256,0.17940086
2026-06-15,0.59370834,2.63153,1.4088371
2026-06-16,-0.7226512,2.6164734,0.6129986
2026-06-17,-0.53613394,2.6207068,0.7266024
2026-06-18,-0.6012112,2.622059,0.688097
2026-06-19,0.126325,2.6244485,1.1255745
2026-06-20,0.30914497,2.6242108,1.2351714
2026-06-21,0.26216662,2.6334333,1.2106733
2026-06-22,-0.08522941,2.6305885,1.0010978
2026-06-23,-0.073112115,2.6247752,1.0060428
2026-06-24,0.40098965,2.6199768,1.2885845
2026-06-25,0.019052371,2.6132286,1.0567229
2026-06-26,0.44166118,2.586575,1.2996268
2026-06-27,0.65674263,2.5931818,1.4313184
2026-06-28,0.556735,2.6609209,1.3984094
2026-06-29,0.28694624,2.6537664,1.2336744
2026-06-30,0.20928587,2.611023,1.1699806
2026-07-01,0.6704623,2.629243,1.4539745
2026-07-02,-0.3567245,2.6125233,0.8309747
2026-07-03,-0.48969555,2.5798738,0.7381322
2026-07-04,-0.6202561,2.6434321,0.6852192
2026-07-05,-0.21249,2.6670842,0.93933976
2026-07-06,-0.3491096,2.663087,0.85576904
2026-07-07,-0.07726236,2.636372,1.0081915
2026-07-08,-0.035968676,2.6564157,1.0409851
2026-07-09,-0.18258648,2.6496181,0.9502953
2026-07-10,-0.07237759,2.6481075,1.0158166
2026-07-11,0.10436869,2.6454952,1.1208193
2026-07-12,0.1776378,2.6703656,1.1747289
2026-07-13,-0.6948069,2.655257,0.6452186
2026-07-14,-1.0603693,2.6274116,0.41474313
2026-07-15,-0.45053113,2.6277003,0.7807614
2026-07-16,-0.30587518,2.633047,0.86969376
2026-07-17,-0.08012812,2.6424985,1.0089226
2026-07-18,-0.076612994,2.6387856,1.0095464
2026-07-19,0.106153324,2.6777797,1.1348039
2026-07-20,-0.8316299,2.6786606,0.5724864
2026-07-21,-0.61141336,2.64931,0.6928761
2026-07-22,-0.10376392,2.6287901,0.9892577
2026-07-23,-0.36921066,2.6436625,0.8359386
2026-07-24,-0.33851856,2.6413372,0.8534237
2026-07-25,-0.034364566,2.6503193,1.0395089
2026-07-26,-0.4043954,2.659331,0.8210952
2026-07-27,-0.16872834,2.665743,0.9650603
2026-07-28,0.43874574,2.6186912,1.310724
2026-07-29,0.087053865,2.6234274,1.1016033
2026-07-30,-0.0017633736,2.6227512,1.0480425
2026-07-31,-0.11046113,2.6422532,0.99062467
2026-08-01,-0.05276929,2.6708193,1.0366662
2026-08-02,-0.11850707,2.6268642,0.9796415
2026-08-03,0.18348971,2.593626,1.1475443
2026-08-04,0.08325717,2.5879967,1.085153
2026-08-05,0.100599684,2.5960035,1.0987613
2026-08-06,0.2283818,2.5768147,1.1677549
2026-08-07,-0.31281745,2.5953841,0.85046315
2026-08-08,0.021129519,2.6374393,1.0676534
2026-08-09,-0.035690203,2.6222303,1.027478
2026-08-10,0.22056867,2.6278307,1.1834736
2026-08-11,0.26958263,2.6064832,1.204343
2026-08-12,-0.14922021,2.6147273,0.9563588
2026-08-13,-0.062433943,2.5968223,1.0012686
2026-08-14,0.13733546,2.6318638,1.1351469
2026-08-15,0.008779004,2.6273868,1.0562221
2026-08-16,-0.022166476,2.652525,1.0477101
2026-08-17,0.9766424,2.6580799,1.6492174
2026-08-18,0.043842956,2.648301,1.0856261
2026-08-19,0.35891247,2.6452897,1.2734634
2026-08-20,0.52854073,2.5849588,1.3511081
2026-08-21,0.7073281,2.5753396,1.4545327
2026-08-22,0.712581,2.7380617,1.5227734
2026-08-23,0.36004937,2.6021807,1.256902
2026-08-24,0.36477244,2.6045365,1.2606782
2026-08-25,0.7567086,2.6216,1.5026652
2026-08-26,0.8818002,2.6147416,1.5749768
2026-08-27,0.90115297,2.622875,1.5898418
2026-08-28,0.9697444,2.6229596,1.6310306
2026-08-29,0.7121084,2.6198032,1.4751863
2026-08-30,0.9343771,2.633627,1.6140771
2026-08-31,1.2692765,2.6433806,1.8189182
2026-09-01,0.38037592,2.6273067,1.2791483
2026-09-02,0.53930634,2.610379,1.3677355
2026-09-03,1.4084641,2.61136,1.8896226
2026-09-04,1.8358225,2.6351037,2.155535
2026-09-05,0.5455438,2.6204011,1.3754867
2026-09-06,1.1872777,2.6403143,1.7684925
2026-09-07,1.6947055,2.6463146,2.0753493
2026-09-08,0.261586,2.6307747,1.2092614
2026-09-09,0.3864448,2.625612,1.2821116
2026-09-10,1.7751008,2.6201694,2.1131282
2026-09-11,0.21024378,2.618665,1.1736124
2026-09-12,0.8073496,2.6180472,1.5316287
2026-09-13,1.3889409,2.6301827,1.8854377
2026-09-14,0.45749992,2.6293204,1.3262281
2026-09-15,0.66486716,2.616551,1.4455407
2026-09-16,1.2283313,2.606506,1.7796012
2026-09-17,-0.55709577,2.604254,0.7074442
2026-09-18,0.90408075,2.5979962,1.5816469
2026-09-19,2.2021482,2.5966663,2.3599555
2026-09-20,0.86559,2.6146321,1.5652069
2026-09-21,1.0428126,2.695648,1.7039468
2026-09-22,1.661909,2.7694771,2.1049361
2026-09-23,0.08420923,2.7247796,1.1404374
2026-09-24,0.5065579,2.5163171,1.3104615
2026-09-25,2.3210654,2.481794,2.385357
2026-09-26,1.311359,2.6611469,1.8512743
2026-09-27,0.9155531,2.4449646,1.5273178
2026-09-28,1.984779,2.478198,2.1821465
2026-09-29,0.047368884,2.6727722,1.0975301
2026-09-30,0.051545992,2.630047,1.0829464
