date,hash_rate,tx_count
2010-07-01,0.0002035343257518,76
2010-07-02,0.0001610911488178,80
2010-07-03,0.0002044989434094,66
2010-07-04,0.0001601265311602,58
2010-07-05,0.0001726665607089,71
2010-07-06,0.0001953985360524,40
2010-07-07,0.0001822475979769,66
2010-07-08,0.000176406328811,68
2010-07-09,0.0002324825128039,68
2010-07-10,0.0002313142589707,42
2010-07-11,0.0002091174361402,238
2010-07-12,0.0007698792760694,1581
2010-07-13,0.0012185652901107,796
2010-07-14,0.0013040497673099,5548
2010-07-15,0.0014078322747429,711
2010-07-16,0.0015996042993473,675
2010-07-17,0.0015612498944264,248
2010-07-18,0.0015522253285627,248
2010-07-19,0.0015702744602902,334
2010-07-20,0.0016334464213363,423
2010-07-21,0.0018680851337935,247
2010-07-22,0.0015883235920176,221
2010-07-23,0.0017507657775649,220
2010-07-24,0.0017056429482462,700
2010-07-25,0.0020846747145232,1591
2010-07-26,0.002192969504888,227
2010-07-27,0.0019903015433026,259
2010-07-28,0.0019302449215598,2860
2010-07-29,0.0021851829300677,619
2010-07-30,0.0022094627404018,141
2010-07-31,0.0024644007489096,94
2010-08-01,0.0029014373349232,124
2010-08-02,0.0029378570504243,155
2010-08-03,0.0027557584729187,424
2010-08-04,0.0029499969555914,193
2010-08-05,0.0028343136485242,301
2010-08-06,0.0025733862124124,213
2010-08-07,0.0027134344416594,113
2010-08-08,0.0034836997025175,191
2010-08-09,0.0033261454446147,235
2010-08-10,0.0033436514732706,151
2010-08-11,0.004078904676817,184
2010-08-12,0.0037988082183231,220
2010-08-13,0.0037637961610114,247
2010-08-14,0.0049191940522987,156
2010-08-15,0.0040522040047167,130
2010-08-16,0.003739738855449,298
2010-08-17,0.0032818116486593,188
2010-08-18,0.0033835732501681,231
2010-08-19,0.0034344540509225,190
2010-08-20,0.0049099972728004,230
2010-08-21,0.0044011892652563,168
2010-08-22,0.0053933648799672,153
2010-08-23,0.0054188052803444,157
2010-08-24,0.0054696860810989,166
2010-08-25,0.0054951264814761,149
2010-08-26,0.0054201607479535,158
2010-08-27,0.0052990734898342,121
2010-08-28,0.0052680847559755,170
2010-08-29,0.005020174885106,111
2010-08-30,0.0046173213449432,175
2010-08-31,0.005701927029997,254
2010-09-01,0.0048652312158127,235
2010-09-02,0.004834242481954,146
2010-09-03,0.0050821523528234,155
2010-09-04,0.005608960828421,96
2010-09-05,0.0051131410866821,143
2010-09-06,0.0048962199496713,125
2010-09-07,0.0049581974173887,120
2010-09-08,0.0057359961829143,174
2010-09-09,0.0047840893422885,204
2010-09-10,0.0062724726932227,171
2010-09-11,0.0056700318130826,141
2010-09-12,0.0062724726932227,199
2010-09-13,0.0060598465002321,267
2010-09-14,0.0071938528628486,227
2010-09-15,0.0059889711025685,261
2010-09-16,0.0077608560441568,211
2010-09-17,0.0073710413570074,155
2010-09-18,0.0083987346231286,165
2010-09-19,0.0093319949516584,149
2010-09-20,0.0092619995657655,275
2010-09-21,0.0078476055434072,631
2010-09-22,0.0079388567706562,520
2010-09-23,0.0106763935881238,399
2010-09-24,0.0104026399063771,268
2010-09-25,0.0094445020202633,332
2010-09-26,0.0093532507930144,206
2010-09-27,0.0104482655200015,350
2010-09-28,0.0104098858028698,284
2010-09-29,0.010750436774287,812
2010-09-30,0.0095705107868652,215
2010-10-01,0.0100949223368305,445
2010-10-02,0.0065551443745652,404
2010-10-03,0.0079972761369695,235
2010-10-04,0.0100293708930848,258
2010-10-05,0.0082594819119522,244
2010-10-06,0.0112092968805066,231
2010-10-07,0.0104882309993044,184
2010-10-08,0.0100949223368305,207
2010-10-09,0.0103571281118131,245
2010-10-10,0.0116681569867261,186
2010-10-11,0.0104226795555587,184
2010-10-12,0.0105175094359409,195
2010-10-13,0.0120563786888564,187
2010-10-14,0.014042941086452,159
2010-10-15,0.0121248808404976,152
2010-10-16,0.0176735551234372,185
2010-10-17,0.018495580943132,186
2010-10-18,0.0170570357586661,328
2010-10-19,0.0175365508201548,671
2010-10-20,0.0180845680332846,475
2010-10-21,0.018337040329349,350
2010-10-22,0.0164515818945875,439
2010-10-23,0.0186949794256676,341
2010-10-24,0.0218998330414963,344
2010-10-25,0.0216861761337744,209
2010-10-26,0.0257456573804908,280
2010-10-27,0.022754460672384,353
2010-10-28,0.0233954313955498,276
2010-10-29,0.0238227452109936,234
2010-10-30,0.0276237096817406,174
2010-10-31,0.0275107023258776,129
2010-11-01,0.0272033201769851,180
2010-11-02,0.0270496291025389,101
2010-11-03,0.0292013041447863,157
2010-11-04,0.030891905963695,157
2010-11-05,0.0336583453037274,221
2010-11-06,0.0335046542292811,165
2010-11-07,0.0370395489415447,210
2010-11-08,0.042265045472717,241
2010-11-09,0.0399576940439629,193
2010-11-10,0.0457771834440332,196
2010-11-11,0.0493852373115432,172
2010-11-12,0.0381100689755745,117
2010-11-13,0.0502872507784207,118
2010-11-14,0.0577288618801601,164
2010-11-15,0.0451006733438751,5457
2010-11-16,0.044424163243717,8121
2010-11-17,0.0556993315796857,186
2010-11-18,0.063399410028978,1846
2010-11-19,0.0512033075039661,9313
2010-11-20,0.0395972244697338,9227
2010-11-21,0.0477897536703684,9857
2010-11-22,0.0556409274876431,199
2010-11-23,0.0477897536703684,184
2010-11-24,0.0604199028546799,3844
2010-11-25,0.061785324388119,4745
2010-11-26,0.066222944371796,1089
2010-11-27,0.0614439690047592,265
2010-11-28,0.0587131259378811,281
2010-11-29,0.0713432751221925,247
2010-11-30,0.0722655508954609,261
2010-12-01,0.0754950217057436,324
2010-12-02,0.0754950217057436,259
2010-12-03,0.0758965909701358,198
2010-12-04,0.0919593615458261,190
2010-12-05,0.0959750541897487,192
2010-12-06,0.0967781927185332,228
2010-12-07,0.0959750541897487,330
2010-12-08,0.0955734849253564,282
2010-12-09,0.092247198273048,273
2010-12-10,0.0895303811037848,229
2010-12-11,0.106583787028315,367
2010-12-12,0.104147586181954,482
2010-12-13,0.0858760798342426,510
2010-12-14,0.104147586181954,470
2010-12-15,0.119373841471713,443
2010-12-16,0.105365686605134,358
2010-12-17,0.101102335124002,294
2010-12-18,0.09805708406605,348
2010-12-19,0.112065238932629,371
2010-12-20,0.0968389836428693,769
2010-12-21,0.123479413447296,433
2010-12-22,0.113041823764728,516
2010-12-23,0.104401684368698,362
2010-12-24,0.106561719217705,379
2010-12-25,0.120961951544422,465
2010-12-26,0.104401684368698,439
2010-12-27,0.119521928311751,378
2010-12-28,0.121681963160758,473
2010-12-29,0.118801916695415,383
2010-12-30,0.121681963160758,396
2010-12-31,0.116641881846407,382
2011-01-01,0.130322102556788,473
2011-01-02,0.126002032858773,418
2011-01-03,0.123832415934612,997
2011-01-04,0.114301127146323,842
2011-01-05,0.124839528939956,1161
2011-01-06,0.114301127146323,519
2011-01-07,0.132945991858135,887
2011-01-08,0.137809869609042,1219
2011-01-09,0.132135345566317,1065
2011-01-10,0.131324699274499,1167
2011-01-11,0.139431162192678,1188
2011-01-12,0.135377930733588,988
2011-01-13,0.152401502861764,1102
2011-01-14,0.146726978819039,1080
2011-01-15,0.134789940555296,799
2011-01-16,0.159478007688148,731
2011-01-17,0.165893789606637,655
2011-01-18,0.129232178643844,708
2011-01-19,0.154895306317799,730
2011-01-20,0.170476490976986,749
2011-01-21,0.159478007688148,976
2011-01-22,0.151229145221519,1256
2011-01-23,0.155811846591869,914
2011-01-24,0.172309571525125,1156
2011-01-25,0.142980282754891,714
2011-01-26,0.164977249332567,827
2011-01-27,0.164238856456947,683
2011-01-28,0.1728901430173,961
2011-01-29,0.176172867251806,1156
2011-01-30,0.170701660194296,2612
2011-01-31,0.186021039955323,1055
2011-02-01,0.179455591486312,854
2011-02-02,0.1728901430173,727
2011-02-03,0.175078625840304,641
2011-02-04,0.212282833831369,714
2011-02-05,0.19586921265884,697
2011-02-06,0.193680729835836,684
2011-02-07,0.222131006534886,685
2011-02-08,0.209786304584443,711
2011-02-09,0.248133431243539,1054
2011-02-10,0.240379261517178,1852
2011-02-11,0.240379261517178,2163
2011-02-12,0.253302877727779,1735
2011-02-13,0.255887600969899,1605
2011-02-14,0.253302877727779,1824
2011-02-15,0.290781364738522,1956
2011-02-16,0.299827896085942,1872
2011-02-17,0.298535534464882,2042
2011-02-18,0.361872356546793,1815
2011-02-19,0.291801360363519,1436
2011-02-20,0.358861300322836,1753
2011-02-21,0.351611577083991,1804
2011-02-22,0.382422900849083,1944
2011-02-23,0.440420686759845,2042
2011-02-24,0.375173177610238,1886
2011-02-25,0.407796932185041,1847
2011-02-26,0.500230903480318,1639
2011-02-27,0.548738299564689,2058
2011-02-28,0.414505490200174,1549
2011-03-01,0.359238091506817,2697
2011-03-02,0.464246149024195,1758
2011-03-03,0.513986807848217,3011
2011-03-04,0.610704755561592,1767
2011-03-05,0.765453471902993,1738
2011-03-06,0.757163362098989,1775
2011-03-07,0.583071056214914,1719
2011-03-08,0.516750177782885,2270
2011-03-09,0.503590332559942,1653
2011-03-10,0.41663112167079,1596
2011-03-11,0.492382234701844,1718
2011-03-12,0.530257791217371,2872
2011-03-13,0.443144011231659,2549
2011-03-14,0.424206232973896,2543
2011-03-15,0.424206232973896,2725
2011-03-16,0.51510756861116,3202
2011-03-17,0.534045346868923,3073
2011-03-18,0.454506678186317,2631
2011-03-19,0.435568899928554,2901
2011-03-20,0.518895124262713,3728
2011-03-21,0.560558236429792,5783
2011-03-22,0.450719122534764,2220
2011-03-23,0.594646237293766,4225
2011-03-24,0.575708459036003,2036
2011-03-25,0.59678695292035,1829
2011-03-26,0.473188789594268,3192
2011-03-27,0.490333310956379,2343
2011-03-28,0.576055917766935,2977
2011-03-29,0.558911396404824,2373
2011-03-30,0.534909066497868,1537
2011-03-31,0.689209758756868,1885
2011-04-01,0.603487151946312,1387
2011-04-02,0.617202769036001,1622
2011-04-03,0.60005824767389,1617
2011-04-04,0.610344960491157,2190
2011-04-05,0.677833306935831,1881
2011-04-06,0.605826777408803,1701
2011-04-07,0.601733353237122,1537
2011-04-08,0.679508412499063,1617
2011-04-09,0.638574170782252,1556
2011-04-10,0.708162381700831,1572
2011-04-11,0.66722813998402,1802
2011-04-12,0.66722813998402,1889
2011-04-13,0.794124289306135,2220
2011-04-14,0.654947867468977,2913
2011-04-15,0.55670568734863,1874
2011-04-16,0.708162381700831,1743
2011-04-17,0.736816350902599,2109
2011-04-18,0.660518719570172,2947
2011-04-19,0.706956041464806,3399
2011-04-20,0.661049805006052,2809
2011-04-21,0.674821675943678,1759
2011-04-22,0.807949761674064,1907
2011-04-23,0.789587267090563,2145
2011-04-24,0.743681030631809,2291
2011-04-25,0.88139974000807,2342
2011-04-26,0.895171610945696,3203
2011-04-27,0.840084127195192,4394
2011-04-28,0.75286227792356,2819
2011-04-29,0.918124729175073,3432
2011-04-30,1.01573848814116,4208
2011-05-01,0.97586000943528,3735
2011-05-02,1.07399118356844,2894
2011-05-03,1.06853945167215,2776
2011-05-04,1.07399118356844,2574
2011-05-05,1.19392928528674,3273
2011-05-06,1.18847755339045,3112
2011-05-07,1.16667062580531,3598
2011-05-08,1.19392928528674,2772
2011-05-09,1.38366223925104,3240
2011-05-10,1.43201375569862,2920
2011-05-11,1.49461544993681,2920
2011-05-12,1.32246079078179,3196
2011-05-13,1.6198188384132,3861
2011-05-14,1.89370125070529,4203
2011-05-15,1.72154659155026,3600
2011-05-16,1.93282730960416,4040
2011-05-17,2.0110794274019,4182
2011-05-18,2.34847408033875,5368
2011-05-19,2.07506748741494,4422
2011-05-20,2.66967746918881,4619
2011-05-21,2.66967746918881,4689
2011-05-22,3.05799419197991,5058
2011-05-23,3.47058070994546,5480
2011-05-24,3.62833437857935,5532
2011-05-25,3.72541355927713,6094
2011-05-26,4.13245826911418,6543
2011-05-27,3.61018181654882,4699
2011-05-28,3.35076755428184,4831
2011-05-29,3.89121393400471,4675
2011-05-30,3.32914969909293,5149
2011-05-31,3.24267827833727,5927
2011-06-01,4.06415677551603,6353
2011-06-02,4.10739248589386,6915
2011-06-03,4.36680674816084,8168
2011-06-04,4.84239956231696,8717
2011-06-05,4.49651387929433,8292
2011-06-06,5.64243674096539,9533
2011-06-07,4.79385062049806,8989
2011-06-08,5.21683743995377,11468
2011-06-09,6.26020492794452,12118
2011-06-10,6.28840404924157,11116
2011-06-11,7.10617856685594,10625
2011-06-12,6.57039526221204,12330
2011-06-13,6.40120053442976,10722
2011-06-14,6.96518296037071,13971
2011-06-15,9.62253046711673,12362
2011-06-16,7.84685597858517,12478
2011-06-17,8.10841784453801,11270
2011-06-18,8.58794793211821,11213
2011-06-19,9.7213826845805,11419
2011-06-20,10.2009127721607,10713
2011-06-21,11.0291920143447,9627
2011-06-22,11.334347524623,11221
2011-06-23,10.4624746381135,10114
2011-06-24,11.5883019031324,10834
2011-06-25,9.80408293420605,9580
2011-06-26,10.2154430573196,10154
2011-06-27,11.5866434676981,11360
2011-06-28,10.9696032830277,10515
2011-06-29,11.7923235292548,9765
2011-06-30,13.0949639191144,9348
2011-07-01,11.8608835497737,10569
2011-07-02,11.5866434676981,7720
2011-07-03,11.3124033856224,8215
2011-07-04,11.655203488217,9601
2011-07-05,9.52984285213036,8938
2011-07-06,11.0198018544578,10249
2011-07-07,10.1785091494532,8901
2011-07-08,12.8202596157235,8372
2011-07-09,11.577082925714,7587
2011-07-10,10.6447004082068,8541
2011-07-11,12.1986712707187,10166
2011-07-12,10.9554945807092,8155
2011-07-13,14.840421736989,8874
2011-07-14,11.188590210086,8647
2011-07-15,12.5871639863467,8082
2011-07-16,12.1986712707187,8548
2011-07-17,13.2087523313515,8179
2011-07-18,13.2087523313515,8712
2011-07-19,11.2111707323077,9031
2011-07-20,12.5241780565162,8682
2011-07-21,12.7763427153722,7961
2011-07-22,12.6922878290869,8920
2011-07-23,12.2720133976602,7194
2011-07-24,13.953111123367,8338
2011-07-25,13.8690562370817,9155
2011-07-26,14.7936599862205,8044
2011-07-27,14.6255502136498,7851
2011-07-28,13.0285073742283,8022
2011-07-29,13.7850013507964,7111
2011-07-30,12.7763427153722,5948
2011-07-31,14.7096050999351,8112
2011-08-01,14.8724516683645,8296
2011-08-02,14.4593828449778,8336
2011-08-03,14.7410591341657,7656
2011-08-04,12.1120804350788,8195
2011-08-05,13.1448934954344,7557
2011-08-06,11.4548357603071,6266
2011-08-07,11.830404145891,6618
2011-08-08,12.7693251098506,7254
2011-08-09,13.7082460738102,9020
2011-08-10,14.2715986521859,8050
2011-08-11,12.8632172062465,7476
2011-08-12,12.2998646278708,7116
2011-08-13,12.2059725314748,7464
2011-08-14,12.3937567242667,7262
2011-08-15,12.0831688883706,8028
2011-08-16,13.1949956893324,9539
2011-08-17,12.2076150595184,7579
2011-08-18,12.9257100630195,7497
2011-08-19,11.7588056823302,7369
2011-08-20,13.6438050665206,6944
2011-08-21,14.3619000700216,7412
2011-08-22,15.1697569489604,7743
2011-08-23,13.9130906928335,7054
2011-08-24,12.0280913086431,7367
2011-08-25,12.1178531840808,7035
2011-08-26,13.1949956893324,7313
2011-08-27,10.9509488033915,6289
2011-08-28,10.4123775507657,5376
2011-08-29,12.3871388103937,8146
2011-08-30,12.9344819425046,7537
2011-08-31,13.69791557035,7143
2011-09-01,11.4002007004848,6926
2011-09-02,13.786289219191,7037
2011-09-03,12.8141790819403,5738
2011-09-04,11.8420689446897,7113
2011-09-05,13.786289219191,6841
2011-09-06,13.3444209749861,7852
2011-09-07,12.0188162423716,6814
2011-09-08,11.4002007004848,6407
2011-09-09,13.609541921509,7096
2011-09-10,11.7536952958487,5933
2011-09-11,11.046706105121,6463
2011-09-12,11.7536952958487,6154
2011-09-13,12.4546245929338,6434
2011-09-14,12.74034923428,6165
2011-09-15,13.6129758941622,6240
2011-09-16,10.384257252598,6142
2011-09-17,11.6931972424213,5264
2011-09-18,13.7875012261386,5862
2011-09-19,11.0823585805038,6676
2011-09-20,12.2167732383506,7890
2011-09-21,12.74034923428,7670
2011-09-22,12.9148745662564,5935
2011-09-23,11.6059345764331,6139
2011-09-24,11.2568839124802,5621
2011-09-25,11.954985240386,5654
2011-09-26,11.6931972424213,5459
2011-09-27,11.5763660012633,5979
2011-09-28,12.3446585058284,5885
2011-09-29,10.4971585933915,5263
2011-09-30,10.2452267871501,5835
2011-10-01,12.0087494308399,5316
2011-10-02,10.161249518403,4957
2011-10-03,12.1767039683341,6407
2011-10-04,9.40545409967877,5442
2011-10-05,12.1767039683341,5644
2011-10-06,10.7490903996329,5792
2011-10-07,11.5888630871042,5604
2011-10-08,9.99329498090869,5240
2011-10-09,10.6651131308857,5430
2011-10-10,10.3292040558972,5729
2011-10-11,7.80988599348326,5979
2011-10-12,10.0772722496558,5692
2011-10-13,8.14579506847179,4818
2011-10-14,10.166816043685,5973
2011-10-15,9.77990833452232,5443
2011-10-16,8.68514247618027,4839
2011-10-17,8.61215808562414,5701
2011-10-18,8.75812686673641,4919
2011-10-19,9.70692394396618,4832
2011-10-20,8.39320491395573,4532
2011-10-21,8.83111125729255,5090
2011-10-22,7.15247027450141,5333
2011-10-23,7.88231418006277,5480
2011-10-24,9.26901760062936,5530
2011-10-25,9.41498638174164,5078
2011-10-26,8.539173695068,5276
2011-10-27,7.29843905561368,4644
2011-10-28,7.66336100839436,4754
2011-10-29,8.24723613284346,5685
2011-10-30,8.10126735173118,4627
2011-10-31,7.9817583180385,5106
2011-11-01,8.97366252740125,5704
2011-11-02,9.21296019479862,5890
2011-11-03,7.4780521061677,6266
2011-11-04,8.79418927685322,6180
2011-11-05,8.73436486000388,5646
2011-11-06,8.6147160263052,4891
2011-11-07,7.89682302411309,5502
2011-11-08,8.91383811055191,5819
2011-11-09,9.63173111274402,6543
2011-11-10,8.43524277575717,6214
2011-11-11,7.11910560507164,5070
2011-11-12,8.55489160945586,4677
2011-11-13,8.6147160263052,5577
2011-11-14,8.49929832916981,5407
2011-11-15,9.7810984737963,6239
2011-11-16,8.00271693310608,5878
2011-11-17,8.23983447186477,4882
2011-11-18,7.88415816372673,4941
2011-11-19,7.29136431682999,4587
2011-11-20,8.47695201062347,4893
2011-11-21,6.99496739338162,4856
2011-11-22,8.29911385655445,5267
2011-11-23,7.94343754841641,5386
2011-11-24,6.69857046993325,4934
2011-11-25,8.00271693310608,5280
2011-11-26,7.11352616276097,4570
2011-11-27,6.75784985462292,4979
2011-11-28,7.52848185558868,5801
2011-11-29,7.86179939603625,6412
2011-11-30,8.78360282822736,6603
2011-12-01,9.86799823911963,6330
2011-12-02,7.91608649951354,5890
2011-12-03,8.24140512278123,5707
2011-12-04,7.37388879406741,5085
2011-12-05,8.5667237460489,6176
2011-12-06,9.27158076312888,7805
2011-12-07,7.48232833515664,6097
2011-12-08,8.89204236931658,5588
2011-12-09,7.97030627005816,5426
2011-12-10,7.80764695842432,5555
2011-12-11,8.24140512278123,5047
2011-12-12,6.96904576736711,4898
2011-12-13,7.57907924583361,5080
2011-12-14,8.78484185312531,5553
2011-12-15,6.4307339055558,5030
2011-12-16,6.77523750763915,4943
2011-12-17,8.61259005208364,4591
2011-12-18,8.2680864500003,4600
2011-12-19,9.12934545520865,5606
2011-12-20,7.69391377986139,6292
2011-12-21,8.55517278506975,5393
2011-12-22,8.49775551805586,5723
2011-12-23,8.15325191597251,5356
2011-12-24,8.32550371701418,4523
2011-12-25,9.99060446041701,5138
2011-12-26,10.1742838905499,5538
2011-12-27,8.36075916846583,4989
2011-12-28,8.93736324904968,4967
2011-12-29,7.95713631205714,4968
2011-12-30,8.18777794429067,4892
2011-12-31,8.70672161681614,5027
2012-01-01,8.82204243293291,4831
2012-01-02,8.70672161681614,5390
2012-01-03,9.16800488128322,5517
2012-01-04,8.59140080069937,5778
2012-01-05,8.4760799845826,6717
2012-01-06,9.85992977798385,6362
2012-01-07,10.6095150827429,5955
2012-01-08,9.57473527320661,6116
2012-01-09,10.196782731553,6016
2012-01-10,8.76674612895719,6309
2012-01-11,9.51285218248546,7085
2012-01-12,9.63720319140684,6662
2012-01-13,8.7045706244965,6554
2012-01-14,9.32632566910339,6794
2012-01-15,8.64239512003582,6017
2012-01-16,10.8807132806206,6812
2012-01-17,9.76155420032821,6829
2012-01-18,7.95846457096824,6399
2012-01-19,9.32632566910339,6720
2012-01-20,9.01544814679995,6576
2012-01-21,10.196782731553,6164
2012-01-22,8.79571160032404,5238
2012-01-23,11.0512799993501,6092
2012-01-24,9.03604658770391,7218
2012-01-25,9.62111435237539,7866
2012-01-26,8.97103905829597,6181
2012-01-27,9.16606164651979,6122
2012-01-28,9.42609176415156,5899
2012-01-29,10.8562574111263,6203
2012-01-30,11.181295058166,5881
2012-01-31,9.75112941119127,6933
2012-02-01,9.16606164651979,6378
2012-02-02,10.3361971758628,6870
2012-02-03,10.2711896464548,7006
2012-02-04,10.5243675112882,7073
2012-02-05,9.73873575999821,6565
2012-02-06,10.0130663447869,6074
2012-02-07,9.39582252901235,6793
2012-02-08,9.94448369858972,6984
2012-02-09,9.94448369858972,7258
2012-02-10,9.46440517520953,8496
2012-02-11,10.2873969295756,7447
2012-02-12,10.8360580991529,6790
2012-02-13,9.39582252901235,8028
2012-02-14,9.46440517520953,9476
2012-02-15,9.19007459042084,9392
2012-02-16,9.46440517520953,9040
2012-02-17,10.4245622219699,6532
2012-02-18,11.7103384053747,6283
2012-02-19,10.8097843789034,5764
2012-02-20,9.57828995599037,6430
2012-02-21,8.82571003087685,6091
2012-02-22,10.8782007357319,6992
2012-02-23,11.3571152335314,8044
2012-02-24,10.1940371674469,6744
2012-02-25,11.2886988767029,6029
2012-02-26,10.2624535242754,5600
2012-02-27,10.5361189515894,6752
2012-02-28,10.9466170925604,6473
2012-02-29,12.246527872302,6632
2012-03-01,10.3308698811039,6661
2012-03-02,9.65969774133957,7501
2012-03-03,8.40891868350108,5223
2012-03-04,10.1948837136252,6202
2012-03-05,10.7902053903333,6857
2012-03-06,10.1948837136252,6299
2012-03-07,11.4599422766298,6466
2012-03-08,11.6087726958068,6386
2012-03-09,12.5017552108689,6419
2012-03-10,12.2785095821034,5208
2012-03-11,9.97163808485969,4897
2012-03-12,12.3529247916919,6280
2012-03-13,11.9064335341608,7170
2012-03-14,10.1948837136252,6742
2012-03-15,9.00424036020913,6188
2012-03-16,11.392852670267,6631
2012-03-17,12.6617048492277,6872
2012-03-18,11.9168986816261,5888
2012-03-19,10.6507281967033,6620
2012-03-20,11.9168986816261,6384
2012-03-21,11.7679374481057,6818
2012-03-22,11.7679374481057,6463
2012-03-23,9.38455771178052,6013
2012-03-24,13.70443348387,6176
2012-03-25,11.6934568313456,6055
2012-03-26,11.2465731307846,6660
2012-03-27,11.6189762145854,6410
2012-03-28,11.1720925140244,6895
2012-03-29,11.2031044531912,7638
2012-03-30,12.4518874670767,6632
2012-03-31,13.7455900610586,6047
2012-04-01,11.4816105215902,5424
2012-04-02,9.37934380636944,6396
2012-04-03,10.7539028124753,7548
2012-04-04,11.0773284609708,7076
2012-04-05,9.46020021849331,6897
2012-04-06,10.9964720488469,6593
2012-04-07,10.4304771639798,5828
2012-04-08,12.1284618185812,5697
2012-04-09,11.8050361700857,6533
2012-04-10,11.8858925822095,8345
2012-04-11,11.4007541094663,7994
2012-04-12,10.1744659550845,7840
2012-04-13,9.64793609350192,7186
2012-04-14,10.9029521707054,7885
2012-04-15,8.39292001629841,7082
2012-04-16,11.7657757237828,8371
2012-04-17,10.5891981514045,7776
2012-04-18,10.1970056272785,8396
2012-04-19,12.3148452575594,7639
2012-04-20,12.0795297430837,8095
2012-04-21,12.0795297430837,7180
2012-04-22,10.9813906755306,6080
2012-04-23,10.5891981514045,7218
2012-04-24,10.8245136658802,7455
2012-04-25,9.9616901128028,7366
2012-04-26,12.1579682479089,10049
2012-04-27,10.2376953938086,6873
2012-04-28,11.3988447025059,7303
2012-04-29,13.4236394851879,7661
2012-04-30,13.4236394851879,9138
2012-05-01,12.7487078909606,10211
2012-05-02,11.2488599037887,9777
2012-05-03,11.7738066992989,13786
2012-05-04,12.0737762967332,14435
2012-05-05,12.5237306928848,12393
2012-05-06,12.298753494809,11029
2012-05-07,12.7487078909606,18309
2012-05-08,13.1986622871121,17280
2012-05-09,13.3085059314025,17387
2012-05-10,11.1144094560379,13336
2012-05-11,12.320624435763,16983
2012-05-12,11.0282512432004,18144
2012-05-13,12.0621497972505,15185
2012-05-14,11.975991584413,28372
2012-05-15,11.2005676688754,22976
2012-05-16,10.4251437533379,16700
2012-05-17,9.99435268915038,17558
2012-05-18,12.492940861438,24246
2012-05-19,12.837573712788,36838
2012-05-20,11.8898333715755,29021
2012-05-21,10.8559348175254,31704
2012-05-22,9.90819447631288,23837
2012-05-23,11.2005676688754,26490
2012-05-24,10.5224859427787,27026
2012-05-25,9.57022460788025,28930
2012-05-26,11.2311726803223,22572
2012-05-27,12.5757496913468,26589
2012-05-28,11.2311726803223,29730
2012-05-29,9.96568843465216,30163
2012-05-30,10.3611522614241,25386
2012-05-31,10.9148016189047,20325
2012-06-01,12.0221003338661,26690
2012-06-02,12.6548424567012,12938
2012-06-03,12.1011930992205,34668
2012-06-04,12.2593786299292,45794
2012-06-05,11.6266365070942,42459
2012-06-06,12.1011930992205,17186
2012-06-07,10.9793693798666,32767
2012-06-08,11.0967278712018,23931
2012-06-09,13.4577338012448,33081
2012-06-10,13.0642328129043,39755
2012-06-11,11.0180276735337,32626
2012-06-12,12.2772308362233,19904
2012-06-13,11.8050296502147,54952
2012-06-14,12.2772308362233,61850
2012-06-15,12.5133314292276,55702
2012-06-16,12.2772308362233,42429
2012-06-17,12.9068324175681,43477
2012-06-18,13.7725345919172,38035
2012-06-19,11.5689290572104,36798
2012-06-20,11.7465395634511,32390
2012-06-21,11.6726201299774,26539
2012-06-22,11.8442763083594,22303
2012-06-23,14.0758066273256,22288
2012-06-24,11.2434796840223,22145
2012-06-25,13.2175257354155,28753
2012-06-26,12.7883852894605,30324
2012-06-27,13.9899785381346,30153
2012-06-28,11.7584482191684,26980
2012-06-29,12.5309010218875,23076
2012-06-30,11.3293077732133,22016
2012-07-01,12.1875886651234,19380
2012-07-02,13.0458695570335,25297
2012-07-03,13.7324942705616,21483
2012-07-04,12.9793743590605,22996
2012-07-05,12.5373999161985,22021
2012-07-06,13.4951179653525,24275
2012-07-07,14.4528360145065,25224
2012-07-08,13.3209874109609,20324
2012-07-09,14.1916401829191,25585
2012-07-10,13.0597915793734,34925
2012-07-11,11.6667471442402,30678
2012-07-12,13.0597915793734,24401
2012-07-13,14.1916401829191,24416
2012-07-14,14.0175096285274,22094
2012-07-15,12.1891388074152,26420
2012-07-16,13.0597915793734,31205
2012-07-17,15.3751753244013,35090
2012-07-18,14.3807163259464,32359
2012-07-19,12.5251400258242,31374
2012-07-20,13.7312646209036,36266
2012-07-21,13.0818129158609,34801
2012-07-22,14.3807163259464,36295
2012-07-23,13.0818129158609,30831
2012-07-24,14.937389215983,28962
2012-07-25,14.8446104009769,25971
2012-07-26,15.6796197360319,30352
2012-07-27,16.5146290710868,27153
2012-07-28,14.1951586959342,35261
2012-07-29,15.4012832910135,34002
2012-07-30,17.107819605368,34268
2012-07-31,13.1616509655561,42334
2012-08-01,13.5666248414194,30125
2012-08-02,16.7051723793597,32700
2012-08-03,16.4014419724622,27161
2012-08-04,15.7939811586673,29498
2012-08-05,14.0728421862485,33661
2012-08-06,14.1740856552143,35256
2012-08-07,16.6039289103939,28891
2012-08-08,16.8064158483255,39210
2012-08-09,17.2113897241888,30722
2012-08-10,15.7939811586673,27804
2012-08-11,17.0089027862571,32867
2012-08-12,16.7492424416468,35435
2012-08-13,17.4253660953909,48327
2012-08-14,17.0986404811023,34764
2012-08-15,18.1877258620642,53290
2012-08-16,16.7719148668137,45271
2012-08-17,15.0293782572746,40937
2012-08-18,16.4451892525251,36612
2012-08-19,19.8213539335071,36477
2012-08-20,18.9500856287376,36124
2012-08-21,18.8411770906414,43951
2012-08-22,16.9897319430061,35809
2012-08-23,17.9699087858718,31347
2012-08-24,16.1184636382365,31774
2012-08-25,16.6683515004119,33245
2012-08-26,21.7171753686244,29534
2012-08-27,17.5921252986064,33439
2012-08-28,18.3200753109625,29880
2012-08-29,20.3826003459715,33639
2012-08-30,18.6840503171406,33891
2012-08-31,16.9855002883096,41055
2012-09-01,19.533325331556,39830
2012-09-02,19.8973003377341,33159
2012-09-03,19.0480253233186,39211
2012-09-04,18.5627253150812,38664
2012-09-05,21.8385003706838,41167
2012-09-06,21.23785242716,42634
2012-09-07,22.4988708229396,33412
2012-09-08,19.4186682697991,31125
2012-09-09,21.2935741717107,31477
2012-09-10,20.0882775204818,33327
2012-09-11,19.4186682697991,38563
2012-09-12,20.7578867711645,27125
2012-09-13,17.4098405177509,28981
2012-09-14,21.6953397221203,36349
2012-09-15,19.2847464196625,27311
2012-09-16,21.5614178719838,27407
2012-09-17,22.4988708229396,25027
2012-09-18,22.3649489728031,31836
2012-09-19,19.0351771110027,32089
2012-09-20,21.641333928865,31563
2012-09-21,24.0617462761722,29815
2012-09-22,22.3532199133671,21921
2012-09-23,22.4955971102675,27780
2012-09-24,21.7837111257654,28779
2012-09-25,19.7904303691594,26055
2012-09-26,19.9328075660599,30884
2012-09-27,22.9227287009688,27590
2012-09-28,22.4955971102675,34556
2012-09-29,23.9193690792718,22315
2012-09-30,22.637974307168,20957
2012-10-01,18.651412793956,24494
2012-10-02,20.7870707474624,32678
2012-10-03,20.1292814841239,26832
2012-10-04,19.8918728957344,33436
2012-10-05,20.6511046856479,34792
2012-10-06,23.5361854873193,33917
2012-10-07,18.9807947478382,33485
2012-10-08,27.0286517209215,38551
2012-10-09,21.5621828335441,35043
2012-10-10,22.6251073394231,31581
2012-10-11,20.9547974016133,26482
2012-10-12,22.6251073394231,28480
2012-10-13,22.4732609814404,33302
2012-10-14,19.2844874638036,27306
2012-10-15,25.6620344990772,31199
2012-10-16,23.5467404917795,33553
2012-10-17,21.6870837196566,32300
2012-10-18,23.9779728449724,27712
2012-10-19,20.6180021278425,25751
2012-10-20,24.1306987866601,29772
2012-10-21,24.5888766117233,41108
2012-10-22,23.9779728449724,42997
2012-10-23,19.8543724194039,31441
2012-10-24,24.741602553411,32943
2012-10-25,21.8398096613443,25872
2012-10-26,25.1997803784741,21618
2012-10-27,26.7270397953514,16174
2012-10-28,25.3525063201619,17839
2012-10-29,24.1883713144612,21919
2012-10-30,23.4892439564555,30953
2012-10-31,23.6535044037035,26449
2012-11-01,22.5036812729679,23910
2012-11-02,23.4892439564555,28868
2012-11-03,23.9820252981993,24300
2012-11-04,25.7888902179267,23645
2012-11-05,26.2816715596705,32304
2012-11-06,22.175160378472,32441
2012-11-07,25.7888902179267,35733
2012-11-08,25.2961088761829,32099
2012-11-09,24.967587981687,24823
2012-11-10,23.6535044037035,26680
2012-11-11,24.1462857454473,23595
2012-11-12,21.8104540618236,24030
2012-11-13,23.444725202546,26168
2012-11-14,23.9471121711719,31028
2012-11-15,22.7748759110446,37125
2012-11-16,24.2820368169226,40017
2012-11-17,23.444725202546,31626
2012-11-18,24.4494991397979,34839
2012-11-19,24.4494991397979,36140
2012-11-20,24.6169614626732,37735
2012-11-21,25.4542730770499,38101
2012-11-22,24.1145744940473,31476
2012-11-23,27.2963586286785,31844
2012-11-24,25.2868107541746,29035
2012-11-25,24.4494991397979,35780
2012-11-26,26.5705261927011,37296
2012-11-27,25.3004655629064,26952
2012-11-28,29.4032437622967,37791
2012-11-29,28.3775492124491,36379
2012-11-30,21.3686364551574,30667
2012-12-01,28.5484983040904,32424
2012-12-02,24.4457201047001,20126
2012-12-03,25.1295164712651,22198
2012-12-04,19.1462982638211,33167
2012-12-05,20.8557891802337,33896
2012-12-06,23.4200255548525,35536
2012-12-07,22.0524328217225,32724
2012-12-08,23.5909746464938,32212
2012-12-09,21.5395855467987,31759
2012-12-10,24.3124787224669,36380
2012-12-11,24.1247010157879,36881
2012-12-12,21.7792439725863,36866
2012-12-13,21.9467766185293,41627
2012-12-14,17.758460469955,38621
2012-12-15,19.4337869293847,33047
2012-12-16,18.5961236996699,36128
2012-12-17,22.4493745563582,40656
2012-12-18,20.9415807428715,49679
2012-12-19,23.789635723902,45891
2012-12-20,17.758460469955,34903
2012-12-21,21.1091133888144,44152
2012-12-22,25.6324948292747,50132
2012-12-23,20.4389828050426,38035
2012-12-24,22.1143092644723,34867
2012-12-25,20.7740480969285,29856
2012-12-26,24.2663130762012,36121
2012-12-27,23.1064921817042,43520
2012-12-28,25.0320331968462,46980
2012-12-29,21.3290697061885,38629
2012-12-30,24.5876775779673,42863
2012-12-31,23.4027292609568,30885
2013-01-01,23.995203419462,32892
2013-01-02,22.6621365628253,37619
2013-01-03,23.995203419462,43533
2013-01-04,22.6621365628253,47370
2013-01-05,20.8847140873096,39811
2013-01-06,21.4771882458148,32928
2013-01-07,24.8839146572199,40421
2013-01-08,20.6792393570174,38840
2013-01-09,20.9996781825623,42664
2013-01-10,23.7457899448973,52584
2013-01-11,18.899710364306,52534
2013-01-12,19.7073902944046,46201
2013-01-13,21.4842861406214,49785
2013-01-14,25.3611498050944,43449
2013-01-15,19.5458543083849,46107
2013-01-16,21.161214168582,51800
2013-01-17,17.9304944481878,48901
2013-01-18,19.5458543083849,49385
2013-01-19,24.8765418470353,55187
2013-01-20,20.9996781825623,41242
2013-01-21,21.3227501546017,40642
2013-01-22,23.2611819868382,42397
2013-01-23,19.8929412333321,47359
2013-01-24,23.0222650674502,45616
2013-01-25,20.2182712451325,49506
2013-01-26,23.0222650674502,52709
2013-01-27,22.2843719563139,53733
2013-01-28,21.694057467405,52736
2013-01-29,23.3174223119047,50452
2013-01-30,22.5795292007684,40937
2013-01-31,28.4826740898582,52467
2013-02-01,21.694057467405,57518
2013-02-02,22.5795292007684,54523
2013-02-03,27.4496237342675,60479
2013-02-04,24.2028940452681,55759
2013-02-05,25.9415063822749,53843
2013-02-06,23.7723372530301,41890
2013-02-07,25.0749310751139,63170
2013-02-08,24.5864583918325,59812
2013-02-09,23.2838645697486,57464
2013-02-10,26.2147006694373,56098
2013-02-11,25.8890522139163,57751
2013-02-12,22.6325676587067,58519
2013-02-13,27.8429429470421,58195
2013-02-14,24.5864583918325,51465
2013-02-15,29.1455367691259,54430
2013-02-16,30.7737790467307,52351
2013-02-17,30.6109548189702,49459
2013-02-18,29.2203363858104,50096
2013-02-19,28.857350840645,53424
2013-02-20,35.0281051084559,60243
2013-02-21,31.9427279745505,56355
2013-02-22,30.8537713390544,61599
2013-02-23,29.7648147035584,57701
2013-02-24,28.312872522897,56644
2013-02-25,37.0245256068653,67290
2013-02-26,30.1278002487237,63191
2013-02-27,35.0281051084559,60970
2013-02-28,30.4907857938891,62763
2013-03-01,29.2261354044535,64459
2013-03-02,31.4836025880449,55804
2013-03-03,34.9576552874153,53108
2013-03-04,38.8659645742071,63982
2013-03-05,30.1808328257809,56147
2013-03-06,33.6548855251514,63234
2013-03-07,34.7405269937047,67209
2013-03-08,34.7405269937047,55188
2013-03-09,36.6946816371006,55639
2013-03-10,39.7344777490498,72926
2013-03-11,35.6090401685473,58554
2013-03-12,29.3123196509383,49817
2013-03-13,34.0891421125727,56209
2013-03-14,41.6325127555959,58402
2013-03-15,41.44818968374,62880
2013-03-16,42.1711232247355,32987
2013-03-17,50.3643700226841,35248
2013-03-18,45.7857909297128,43324
2013-03-19,40.966233989743,45817
2013-03-20,50.8463257166811,46102
2013-03-21,52.5331706456705,55782
2013-03-22,55.1839269626538,60259
2013-03-23,52.292192798672,52173
2013-03-24,52.8946917149168,51811
2013-03-25,47.9305915057468,47614
2013-03-26,50.260550815054,50068
2013-03-27,43.6035242170336,52012
2013-03-28,60.9117933718867,61796
2013-03-29,57.9161314027775,61081
2013-03-30,57.5832800728765,60659
2013-03-31,56.2518747532724,43434
2013-04-01,65.9045633204021,52545
2013-04-02,60.2460907120847,62511
2013-04-03,58.2489827326785,65382
2013-04-04,51.259104804757,65513
2013-04-05,55.2621661992767,60816
2013-04-06,62.172583868616,51734
2013-04-07,62.5540107635155,63215
2013-04-08,59.1211687094201,62215
2013-04-09,67.1311335023093,67877
2013-04-10,72.8525369258016,62747
2013-04-11,61.0283031839176,67827
2013-04-12,65.9868528176109,58476
2013-04-13,63.698291448214,53126
2013-04-14,58.3583149196212,56672
2013-04-15,62.5540107635155,53610
2013-04-16,67.5125603972088,67263
2013-04-17,68.652451353857,56489
2013-04-18,65.5788571715191,48902
2013-04-19,61.1177104251573,57525
2013-04-20,68.7016598939724,47182
2013-04-21,78.5161827359685,44244
2013-04-22,68.2555452193363,46971
2013-04-23,74.947265338879,61812
2013-04-24,72.2705772910619,65508
2013-04-25,76.7317240374237,61207
2013-04-26,76.2856093627876,55401
2013-04-27,65.5788571715191,42987
2013-04-28,78.9622974106047,42688
2013-04-29,77.6239533866961,51922
2013-04-30,73.2638761425357,46575
2013-05-01,75.6351806513814,56714
2013-05-02,67.1199616376496,54340
2013-05-03,68.6226473459552,50991
2013-05-04,79.6423425401963,50588
2013-05-05,82.6477139568075,49862
2013-05-06,83.1486091929094,52785
2013-05-07,84.1503996651131,57354
2013-05-08,82.6477139568075,50453
2013-05-09,82.1468187207056,67022
2013-05-10,86.1539806095206,67509
2013-05-11,91.1629329705392,73410
2013-05-12,86.304227265133,64714
2013-05-13,96.7651557587372,60566
2013-05-14,85.6427240623307,67020
2013-05-15,78.4131434596665,62834
2013-05-16,82.3059945534088,61152
2013-05-17,89.535575156073,59200
2013-05-18,82.8621161382291,52066
2013-05-19,86.7549672319714,47001
2013-05-20,71.7396844418226,48652
2013-05-21,83.9743593078697,53953
2013-05-22,86.7549672319714,51896
2013-05-23,96.7651557587372,59647
2013-05-24,93.9845478346356,54659
2013-05-25,94.161450904981,50763
2013-05-26,98.4763478010956,40723
2013-05-27,106.330289650263,53158
2013-05-28,95.4556009360313,58222
2013-05-29,101.49709466616,54168
2013-05-30,108.142737769301,56337
2013-05-31,105.72614027725,54306
2013-06-01,128.683816451739,53613
2013-06-02,120.225725229558,49967
2013-06-03,128.683816451739,56421
2013-06-04,128.683816451739,56427
2013-06-05,124.034297282977,57092
2013-06-06,140.41259770731,54281
2013-06-07,124.897393540757,52059
2013-06-08,140.41259770731,47330
2013-06-09,123.345873124101,44753
2013-06-10,134.982276249017,45143
2013-06-11,139.636837498983,48715
2013-06-12,157.479322290519,45916
2013-06-13,144.291398748949,43686
2013-06-14,139.636837498983,48983
2013-06-15,134.206516040689,35845
2013-06-16,147.598828306875,43150
2013-06-17,139.397162757821,46511
2013-06-18,134.590364042034,44976
2013-06-19,130.744925069405,46996
2013-06-20,148.049400446238,53645
2013-06-21,161.508436850441,45795
2013-06-22,169.1993147957,44378
2013-06-23,158.624357620969,38075
2013-06-24,144.203961473608,44521
2013-06-25,150.93347967571,43987
2013-06-26,167.276595309385,46920
2013-06-27,160.547077107284,44877
2013-06-28,162.469796593598,49996
2013-06-29,170.010913293504,36048
2013-06-30,162.269499322626,30124
2013-07-01,166.511839174198,38911
2013-07-02,162.269499322626,39542
2013-07-03,195.147633172309,35054
2013-07-04,174.996518877342,35320
2013-07-05,197.268803098095,36700
2013-07-06,198.329388060988,32727
2013-07-07,197.268803098095,30743
2013-07-08,203.632312875453,39175
2013-07-09,196.208218135202,40664
2013-07-10,207.534003688854,39510
2013-07-11,226.298067177263,43449
2013-07-12,200.286795087923,49231
2013-07-13,204.188485901324,37197
2013-07-14,223.696939968329,33438
2013-07-15,213.292431132593,37389
2013-07-16,213.292431132593,39999
2013-07-17,239.303703221934,39582
2013-07-18,209.390740319192,40944
2013-07-19,222.396376363862,36483
2013-07-20,241.904830430868,34103
2013-07-21,258.812157288939,34746
2013-07-22,224.215671699358,39744
2013-07-23,219.084664326799,38373
2013-07-24,247.052919347242,42718
2013-07-25,226.8536240547,41480
2013-07-26,254.821879075142,37751
2013-07-27,281.236342150005,35941
2013-07-28,261.037046857463,38638
2013-07-29,276.574966313264,40392
2013-07-30,306.097013279287,43611
2013-07-31,295.220469660226,48569
2013-08-01,275.021174367684,50984
2013-08-02,298.328053551386,52012
2013-08-03,290.070696755868,44128
2013-08-04,332.726003144689,43835
2013-08-05,351.314048013107,49802
2013-08-06,353.172852499949,54586
2013-08-07,345.737634552582,57855
2013-08-08,381.054919802577,56892
2013-08-09,362.466874934158,50425
2013-08-10,390.348942236786,50367
2013-08-11,401.501769157837,38470
2013-08-12,401.501769157837,50040
2013-08-13,365.506885446451,53870
2013-08-14,424.333669882539,50866
2013-08-15,429.385261190664,57170
2013-08-16,424.333669882539,71128
2013-08-17,479.901174271919,57694
2013-08-18,490.00435688817,56575
2013-08-19,447.065830769104,70058
2013-08-20,479.901174271919,62577
2013-08-21,495.055948196296,61952
2013-08-22,545.571861277551,65300
2013-08-23,495.055948196296,54838
2013-08-24,514.206634181364,51936
2013-08-25,493.536435944482,45140
2013-08-26,542.563234217112,55116
2013-08-27,552.368593871638,61838
2013-08-28,581.784672835216,65524
2013-08-29,617.737658235144,58633
2013-08-30,670.03290972595,61739
2013-08-31,728.865067653106,46466
2013-09-01,722.328161216755,46591
2013-09-02,702.717441907703,51932
2013-09-03,634.079924326021,52252
2013-09-04,667.543223035941,51616
2013-09-05,773.542011809099,61074
2013-09-06,799.47079432784,62299
2013-09-07,626.612244202902,50469
2013-09-08,678.469809240383,45566
2013-09-09,877.257141884062,58296
2013-09-10,825.399576846581,52594
2013-09-11,864.292750624692,48436
2013-09-12,920.471779415297,53334
2013-09-13,881.578605637186,44619
2013-09-14,951.020420564436,42218
2013-09-15,1013.38198951784,54017
2013-09-16,862.21451041849,53238
2013-09-17,1002.18439847344,68040
2013-09-18,923.801261162668,58643
2013-09-19,1063.77114921762,60342
2013-09-20,1119.7591044396,57538
2013-09-21,1058.17235369542,52298
2013-09-22,1136.55549100619,51323
2013-09-23,1175.74705966158,65141
2013-09-24,1186.94465070597,62127
2013-09-25,1297.27563966709,55484
2013-09-26,1198.45049283705,56857
2013-09-27,1316.81597361108,46171
2013-09-28,1309.4181310627,42643
2013-09-29,1257.63323322407,40260
2013-09-30,1205.84833538543,46872
2013-10-01,1383.39655654647,58336
2013-10-02,1412.98792673998,60461
2013-10-03,1472.17066712699,59974
2013-10-04,1331.61165870783,50935
2013-10-05,1620.12751809453,45100
2013-10-06,1519.45432564095,43229
2013-10-07,1467.83862226455,45722
2013-10-08,1524.29395389011,43999
2013-10-09,1674.8415048916,51194
2013-10-10,1806.57061201791,56673
2013-10-11,1740.70605845476,51064
2013-10-12,2013.57349464497,49316
2013-10-13,2079.43804820812,50663
2013-10-14,2352.30548439833,57224
2013-10-15,2446.39770377427,56110
2013-10-16,2315.21665452822,49914
2013-10-17,2222.60176420815,48197
2013-10-18,2555.32657920937,58134
2013-10-19,2967.90534981089,56808
2013-10-20,2648.48952740972,47771
2013-10-21,2808.1974386103,60385
2013-10-22,3260.70318701196,64705
2013-10-23,2941.28736461079,55738
2013-10-24,2861.4334090105,62908
2013-10-25,3127.61326101147,57306
2013-10-26,3408.23009035624,47337
2013-10-27,3478.53840366574,43681
2013-10-28,3400.80570190785,50915
2013-10-29,3109.30807031575,50035
2013-10-30,3789.46921069732,48900
2013-10-31,4100.4000177289,56611
2013-11-01,4042.10049141048,44891
2013-11-02,3925.50143877364,39677
2013-11-03,3731.1696843789,34787
2013-11-04,3789.46921069732,46469
2013-11-05,3596.12259203618,52113
2013-11-06,4139.94817128837,55598
2013-11-07,3657.37752555537,59323
2013-11-08,3403.39297516958,59787
2013-11-09,3758.97134570968,54988
2013-11-10,4343.13581159701,56423
2013-11-11,4749.51109221428,56797
2013-11-12,5105.08946275439,58112
2013-11-13,4266.94044648127,65821
2013-11-14,4647.91727205996,69027
2013-11-15,4216.14353640411,60207
2013-11-16,4927.30027748433,46401
2013-11-17,5042.5537025376,52361
2013-11-18,4726.41754288692,82186
2013-11-19,4877.90528464612,90607
2013-11-20,4968.79792970164,75413
2013-11-21,4544.63225277589,73091
2013-11-22,5211.17831651635,77157
2013-11-23,5150.58321981267,70791
2013-11-24,5089.98812310899,60636
2013-11-25,5241.47586486819,71456
2013-11-26,4817.31018794244,87387
2013-11-27,5241.47586486819,92612
2013-11-28,5483.8562516829,98832
2013-11-29,5480.00336357551,89638
2013-11-30,6189.12034201531,73916
2013-12-01,6857.26401530105,72087
2013-12-02,5591.30758170701,76173
2013-12-03,7033.09129774466,76685
2013-12-04,6013.29305957169,80693
2013-12-05,5978.12760308297,84082
2013-12-06,7314.41494965444,70222
2013-12-07,6857.26401530105,65963
2013-12-08,6857.26401530105,47735
2013-12-09,6189.12034201531,63552
2013-12-10,7450.99133192782,69013
2013-12-11,7450.47043785842,66722
2013-12-12,7360.16170527832,56680
2013-12-13,7856.85973446887,61005
2013-12-14,8940.56452543008,53014
2013-12-15,7992.32283333902,52714
2013-12-16,9076.02762430024,69955
2013-12-17,9166.33635688034,66328
2013-12-18,8985.71889172013,81215
2013-12-19,10204.8867815515,70022
2013-12-20,8037.47719962908,67421
2013-12-21,8611.26774435102,54866
2013-12-22,9920.97776573908,52236
2013-12-23,10038.3857866354,53612
2013-12-24,9920.97776573908,55951
2013-12-25,9510.04969260196,54394
2013-12-26,10566.7218806688,52162
2013-12-27,10801.5379224615,53496
2013-12-28,8805.60156722404,46692
2013-12-29,9862.27375529092,51159
2013-12-30,10155.7938075317,54952
2013-12-31,10801.5379224615,48534
2014-01-01,12034.3221418728,42383
2014-01-02,9425.136247148,55196
2014-01-03,11352.6079123221,61335
2014-01-04,9942.34605985975,51901
2014-01-05,13609.0268762619,57487
2014-01-06,13115.4352279001,68483
2014-01-07,12480.817394292,62183
2014-01-08,13609.0268762619,60865
2014-01-09,14596.2101729856,59047
2014-01-10,13185.9483205232,54712
2014-01-11,14807.7494508549,55926
2014-01-12,14596.2101729856,49258
2014-01-13,14628.2406711142,54504
2014-01-14,14411.3355551816,55869
2014-01-15,16368.4305071198,62751
2014-01-16,16457.3893685716,55602
2014-01-17,13521.7469406642,59146
2014-01-18,15478.8418926025,51185
2014-01-19,15034.0475853438,47424
2014-01-20,17346.977983089,63512
2014-01-21,14767.1710009886,73070
2014-01-22,17080.1013987337,64796
2014-01-23,15745.7184769577,62655
2014-01-24,18340.6657996556,66566
2014-01-25,17994.3669102041,52913
2014-01-26,16576.6289112183,53290
2014-01-27,18975.8778325788,64355
2014-01-28,16794.7424495238,66013
2014-01-29,16576.6289112183,59521
2014-01-30,19193.9913708843,60940
2014-01-31,20066.4455241063,58927
2014-02-01,20611.7293698701,55715
2014-02-02,20284.5590624119,51119
2014-02-03,19739.2752166481,59417
2014-02-04,18757.7642942733,68066
2014-02-05,20723.2339086288,67380
2014-02-06,23716.5514349681,69722
2014-02-07,20198.1619363739,72424
2014-02-08,23716.5514349681,63163
2014-02-09,17982.8796594812,57564
2014-02-10,20328.472658544,65855
2014-02-11,21370.9584359053,67222
2014-02-12,23195.3085462874,60833
2014-02-13,23195.3085462874,69166
2014-02-14,24889.3479344994,73697
2014-02-15,24368.1050458188,61457
2014-02-16,25486.3744356631,57435
2014-02-17,24113.6485813296,61436
2014-02-18,25358.2239919788,64161
2014-02-19,31114.3852662318,72495
2014-02-20,27536.2309606151,68604
2014-02-21,23646.9328023361,70573
2014-02-22,28002.9467396085,57544
2014-02-23,26136.0836236346,59341
2014-02-24,29714.2379292513,74409
2014-02-25,25047.0801393165,79446
2014-02-26,28625.2344449332,72156
2014-02-27,29247.5221502578,72340
2014-02-28,31125.9783969294,71210
2014-03-01,27314.0148774629,61950
2014-03-02,26555.2922419778,57645
2014-03-03,28072.737512948,81290
2014-03-04,28262.4181718192,83167
2014-03-05,29590.1827839181,72579
2014-03-06,32814.7539847296,69266
2014-03-07,31486.9893726308,72245
2014-03-08,31866.3506903733,64794
2014-03-09,33952.8379379573,61341
2014-03-10,28262.4181718192,71589
2014-03-11,31866.3506903733,76932
2014-03-12,34521.8799145711,75743
2014-03-13,34076.0838232155,73111
2014-03-14,28100.1706779259,69334
2014-03-15,34861.1139989306,60354
2014-03-16,36128.7908716189,59542
2014-03-17,34015.996083805,64647
2014-03-18,30846.803902084,55702
2014-03-19,33804.7166050236,72825
2014-03-20,37396.4677443073,72682
2014-03-21,39297.9830533399,70606
2014-03-22,35917.5113928376,67390
2014-03-23,45213.808459219,58394
2014-03-24,40096.6711219624,69060
2014-03-25,39076.1052123166,73053
2014-03-26,39573.8899920914,67123
2014-03-27,43058.3834505145,73681
2014-03-28,43307.2758404019,64037
2014-03-29,43556.1682302893,54656
2014-03-30,34844.9345842314,54831
2014-03-31,44800.6301797261,65788
2014-04-01,42560.5986707398,65002
2014-04-02,49031.8008078114,65082
2014-04-03,50774.047537023,67888
2014-04-04,48534.0160280367,64956
2014-04-05,47539.4746363803,54863
2014-04-06,45936.198326456,50897
2014-04-07,45936.198326456,66490
2014-04-08,40764.5733493053,66995
2014-04-09,48978.3306659564,64373
2014-04-10,47153.0512622562,69256
2014-04-11,51412.0365375568,64123
2014-04-12,48978.3306659564,47751
2014-04-13,56887.8747486575,50628
2014-04-14,58713.1541523577,69890
2014-04-15,55366.8085789073,73776
2014-04-16,48369.9041980563,68176
2014-04-17,53376.5546672988,66046
2014-04-18,55507.2239702395,55995
2014-04-19,55160.3038204255,53001
2014-04-20,61751.7866668914,48228
2014-04-21,59323.3456181934,60964
2014-04-22,53425.7030713555,75836
2014-04-23,57241.8247193095,75715
2014-04-24,52384.9426219135,70139
2014-04-25,63139.4672661473,73487
2014-04-26,56547.9844196815,50499
2014-04-27,61404.8665170774,52823
2014-04-28,52731.8627717276,64986
2014-04-29,59983.8153155768,64537
2014-04-30,54488.3950277099,63995
2014-05-01,69999.6899626057,59587
2014-05-02,64033.8072953381,60396
2014-05-03,56477.0225834658,53815
2014-05-04,60056.5521838263,54062
2014-05-05,49715.6888938959,64714
2014-05-06,77158.7491633268,76114
2014-05-07,63238.3562730357,70058
2014-05-08,66420.1603622451,68496
2014-05-09,67613.3368956986,66448
2014-05-10,71192.8664960592,56457
2014-05-11,60454.2776949775,53956
2014-05-12,68363.1186819926,73765
2014-05-13,71297.1253229566,67817
2014-05-14,66015.8567805154,69339
2014-05-15,75258.0767297874,74735
2014-05-16,79659.1338484884,65511
2014-05-17,76138.2881535276,53789
2014-05-18,75698.1824416575,51089
2014-05-19,73937.7595941772,61672
2014-05-20,77898.711001008,71852
2014-05-21,77018.4995772678,69798
2014-05-22,75698.1824416575,72411
2014-05-23,72617.4424585669,74305
2014-05-24,73989.0541480983,51548
2014-05-25,83680.823428221,57626
2014-05-26,82121.5534264529,65293
2014-05-27,70686.9067468202,69953
2014-05-28,87838.8767662692,72168
2014-05-29,73285.6900831003,63818
2014-05-30,86799.3634317572,65812
2014-05-31,76404.2300866365,51139
2014-06-01,90957.4167698054,55721
2014-06-02,100313.036780414,64830
2014-06-03,92516.6867715735,68434
2014-06-04,94075.9567733416,66528
2014-06-05,80296.3073918768,65823
2014-06-06,81234.569832861,61731
2014-06-07,90585.3116841256,52993
2014-06-08,79481.3057357488,47064
2014-06-09,91169.7330498296,58213
2014-06-10,97598.3680725741,65062
2014-06-11,85325.5193927892,62177
2014-06-12,100520.474901094,63429
2014-06-13,95260.6826097579,64953
2014-06-14,104027.003095318,53486
2014-06-15,111040.059483767,54739
2014-06-16,109871.216752359,67803
2014-06-17,107533.531289543,69331
2014-06-18,103872.344332371,63028
2014-06-19,111761.157396392,62474
2014-06-20,124476.49865706,57135
2014-06-21,124476.49865706,51083
2014-06-22,120461.127732638,50597
2014-06-23,117784.213783024,60115
2014-06-24,125814.955631867,64075
2014-06-25,125145.727144463,64056
2014-06-26,114438.071346006,61079
2014-06-27,131838.012018499,62724
2014-06-28,121799.584707445,54720
2014-06-29,121250.583447258,50174
2014-06-30,110358.632936103,69802
2014-07-01,111194.683185619,69748
2014-07-02,114538.884183682,65850
2014-07-03,116210.984682714,61838
2014-07-04,138784.341419644,59708
2014-07-05,127079.637926421,48881
2014-07-06,118719.135431262,52464
2014-07-07,125407.53742739,65833
2014-07-08,125407.53742739,69343
2014-07-09,138784.341419644,69653
2014-07-10,124571.487177874,62823
2014-07-11,130423.838924485,58631
2014-07-12,131517.316592705,53816
2014-07-13,137886.878621816,51752
2014-07-14,116342.053837157,63947
2014-07-15,137025.08563043,71208
2014-07-16,124098.190759634,65933
2014-07-17,148228.394518452,65617
2014-07-18,148228.394518452,63793
2014-07-19,152537.359475384,58470
2014-07-20,133577.913664884,53542
2014-07-21,133577.913664884,63367
2014-07-22,122374.604776862,67264
2014-07-23,125821.776742407,65840
2014-07-24,123236.397768248,65859
2014-07-25,141655.467292385,62203
2014-07-26,124806.737276296,56869
2014-07-27,142503.2149498,51250
2014-07-28,139709.03426451,64903
2014-07-29,138777.640702747,62541
2014-07-30,160199.692623305,65495
2014-07-31,143434.608511564,69650
2014-08-01,146228.789196854,66047
2014-08-02,151817.150567434,55208
2014-08-03,143434.608511564,54294
2014-08-04,119218.375905715,67849
2014-08-05,125738.130838059,74637
2014-08-06,152748.544129197,77201
2014-08-07,149022.969882144,69305
2014-08-08,153677.347167073,67797
2014-08-09,178499.415531386,61115
2014-08-10,173595.585434369,58924
2014-08-11,178499.415531386,73128
2014-08-12,170653.28737616,78838
2014-08-13,142211.072813467,75082
2014-08-14,176537.883492579,80916
2014-08-15,161826.393201531,73530
2014-08-16,154961.031065708,65307
2014-08-17,166730.223298547,60043
2014-08-18,194191.671841837,72355
2014-08-19,189172.925205021,74860
2014-08-20,200319.92108908,72909
2014-08-21,195578.621181646,73090
2014-08-22,186096.021366778,66760
2014-08-23,192022.646251071,57747
2014-08-24,173057.446621335,57066
2014-08-25,162389.521829609,69534
2014-08-26,205061.220996514,72342
2014-08-27,200319.92108908,75503
2014-08-28,205061.220996514,67833
2014-08-29,201505.246065938,67775
2014-08-30,215729.14578824,61204
2014-08-31,224266.372936306,58486
2014-09-01,185433.910730305,69351
2014-09-02,200432.241745256,73278
2014-09-03,230428.903775158,69430
2014-09-04,215430.572760207,71310
2014-09-05,197705.27246981,70511
2014-09-06,244063.750152386,60225
2014-09-07,211340.118847038,60251
2014-09-08,196341.787832087,76646
2014-09-09,199068.757107533,81139
2014-09-10,214067.088122484,75019
2014-09-11,231792.388412881,64288
2014-09-12,209976.634209315,67281
2014-09-13,250729.580909984,60474
2014-09-14,234289.364098999,68210
2014-09-15,234289.364098999,77918
2014-09-16,253566.337094486,89544
2014-09-17,275808.998243125,78526
2014-09-18,265429.089707094,76357
2014-09-19,253566.337094486,70093
2014-09-20,260980.557477366,64168
2014-09-21,243186.428558455,57668
2014-09-22,249117.804864759,73709
2014-09-23,222426.611486392,76923
2014-09-24,231323.675945848,75302
2014-09-25,261293.984719224,78696
2014-09-26,230885.863009396,72617
2014-09-27,230885.863009396,61019
2014-09-28,223993.747695683,63418
2014-09-29,236054.949494681,79158
2014-09-30,263623.410749534,77225
2014-10-01,267069.468406391,79127
2014-10-02,237777.97832311,73147
2014-10-03,251562.208950536,74077
2014-10-04,265346.439577962,66820
2014-10-05,291191.872004387,66118
2014-10-06,277407.641376961,78947
2014-10-07,230885.863009396,77172
2014-10-08,248116.151293679,79002
2014-10-09,255805.104174852,82611
2014-10-10,269697.336979929,79459
2014-10-11,250557.52596845,65585
2014-10-12,257517.457245351,64996
2014-10-13,269697.336979929,77486
2014-10-14,229677.732137746,82942
2014-10-15,262737.405703027,74701
2014-10-16,257517.457245351,75699
2014-10-17,247077.560329999,68154
2014-10-18,285357.182352957,66863
2014-10-19,231417.714956971,65258
2014-10-20,238377.646233873,82251
2014-10-21,266217.371341478,80753
2014-10-22,276657.26825683,79124
2014-10-23,267771.331001111,80410
2014-10-24,284428.084979115,81413
2014-10-25,277272.661457628,68922
2014-10-26,223606.985046474,70568
2014-10-27,284428.084979115,85089
2014-10-28,246862.111491307,87975
2014-10-29,277272.661457628,94358
2014-10-30,304105.499663205,91615
2014-10-31,336304.905509897,84518
2014-11-01,284428.084979115,69360
2014-11-02,277272.661457628,76525
2014-11-03,302316.643782833,90284
2014-11-04,289794.652620231,90476
2014-11-05,268264.624126884,89108
2014-11-06,303181.174870355,90820
2014-11-07,295306.339159437,83898
2014-11-08,301212.465942625,74699
2014-11-09,295306.339159437,72914
2014-11-10,289400.212376248,89325
2014-11-11,253963.451677116,84570
2014-11-12,289400.212376248,97750
2014-11-13,285462.794520789,90507
2014-11-14,303181.174870355,85478
2014-11-15,275619.249882141,72643
2014-11-16,295306.339159437,75533
2014-11-17,283494.085593059,88054
2014-11-18,303873.503789399,87534
2014-11-19,282468.877689125,89108
2014-11-20,276458.90156808,86184
2014-11-21,254422.322457581,80671
2014-11-22,308512.107546988,75577
2014-11-23,284472.203062807,78174
2014-11-24,294488.829931216,86052
2014-11-25,264438.949325989,83050
2014-11-26,274455.576194398,87328
2014-11-27,282468.877689125,83862
2014-11-28,296492.155304897,84822
2014-11-29,314522.083668033,80030
2014-11-30,320532.059789078,84409
2014-12-01,260432.298578626,100563
2014-12-02,300382.460137881,99828
2014-12-03,230698.727588578,95844
2014-12-04,290362.191620107,99396
2014-12-05,310250.01296395,90109
2014-12-06,272463.152410648,79713
2014-12-07,250586.548932421,74469
2014-12-08,324171.48790464,91051
2014-12-09,282407.06308257,90913
2014-12-10,284395.845216954,89230
2014-12-11,294339.755888875,83996
2014-12-12,280418.280948185,79502
2014-12-13,290362.191620107,75125
2014-12-14,280418.280948185,81604
2014-12-15,280418.280948185,96978
2014-12-16,284395.845216954,99237
2014-12-17,251585.071833534,97273
2014-12-18,253027.240872936,94900
2014-12-19,268718.852710017,94533
2014-12-20,262834.498271112,86304
2014-12-21,258911.595311842,79552
2014-12-22,321678.042660167,96522
2014-12-23,294217.721945275,100084
2014-12-24,300102.07638418,80385
2014-12-25,309909.333782356,67726
2014-12-26,298140.624904545,77254
2014-12-27,298140.624904545,78014
2014-12-28,331485.300058343,72602
2014-12-29,321678.042660167,85863
2014-12-30,306495.476137719,83018
2014-12-31,307081.470445709,75829
2015-01-01,333345.017260144,60177
2015-01-02,333345.017260144,83050
2015-01-03,327284.198764505,81404
2015-01-04,347486.927083302,82769
2015-01-05,315162.561773228,95721
2015-01-06,319203.107436987,88848
2015-01-07,282838.196463153,92569
2015-01-08,296980.106286311,105611
2015-01-09,282838.196463153,100397
2015-01-10,296980.106286311,106342
2015-01-11,313142.288941348,89751
2015-01-12,291349.141441684,100751
2015-01-13,277602.083462638,98240
2015-01-14,316947.260646319,106993
2015-01-15,330062.319707546,119661
2015-01-16,303832.201585092,104742
2015-01-17,301646.358408221,88416
2015-01-18,334434.006061289,83765
2015-01-19,314761.417469448,99008
2015-01-20,257929.494870797,100182
2015-01-21,325690.633353804,93268
2015-01-22,295088.828877607,95488
2015-01-23,271044.553932025,94078
2015-01-24,275416.240285767,80633
2015-01-25,273230.397108896,85829
2015-01-26,277602.083462638,107895
2015-01-27,317507.026636064,99265
2015-01-28,336476.453109996,85087
2015-01-29,336476.453109996,92284
2015-01-30,283132.625177924,79736
2015-01-31,340579.824489386,86631
2015-02-01,318011.28190274,78157
2015-02-02,326218.024661521,87190
2015-02-03,260564.082591277,91378
2015-02-04,326218.024661521,88890
2015-02-05,326218.024661521,87548
2015-02-06,363148.367076033,84709
2015-02-07,326218.024661521,85768
2015-02-08,270822.511039753,83307
2015-02-09,340604.722619783,104895
2015-02-10,318224.262813905,102102
2015-02-11,349162.732809701,98560
2015-02-12,262976.994964268,88258
2015-02-13,322644.044241876,113789
2015-02-14,353582.514237672,100479
2015-02-15,309384.699957963,82100
2015-02-16,346952.842095716,103452
2015-02-17,329273.716383832,104074
2015-02-18,369051.74923557,103957
2015-02-19,366841.858521585,93715
2015-02-20,349162.732809701,99228
2015-02-21,313804.481385934,88178
2015-02-22,334358.311133104,84628
2015-02-23,329538.396656716,104512
2015-02-24,299369.388512087,103153
2015-02-25,368990.176538154,103255
2015-02-26,348103.940130334,101222
2015-02-27,352745.325998738,103585
2015-02-28,329538.396656716,87971
2015-03-01,324897.010788311,87940
2015-03-02,366669.483603951,107024
2015-03-03,366669.483603951,110488
2015-03-04,324897.010788311,98822
2015-03-05,306331.467314693,97524
2015-03-06,343462.554261929,93661
2015-03-07,324897.010788311,91134
2015-03-08,363358.067705216,90034
2015-03-09,339499.662403796,106792
2015-03-10,358360.754759563,101987
2015-03-11,363076.027848504,103305
2015-03-12,308850.387325676,93481
2015-03-13,344214.935492738,97080
2015-03-14,308850.387325676,91210
2015-03-15,337142.025859325,83260
2015-03-16,327711.479681442,105590
2015-03-17,301777.477692263,99700
2015-03-18,360718.391304033,98308
2015-03-19,322996.2065925,104914
2015-03-20,320638.57004803,104055
2015-03-21,356003.118215092,96199
2015-03-22,334537.327428476,90009
2015-03-23,336739.588444724,102332
2015-03-24,401765.164144395,92642
2015-03-25,376219.402262381,98232
2015-03-26,343706.614412546,101438
2015-03-27,397120.480165847,98363
2015-03-28,343706.614412546,88943
2015-03-29,355318.324358916,91895
2015-03-30,329772.562476902,104131
2015-03-31,348351.298391094,114677
2015-04-01,306549.142584163,120748
2015-04-02,385508.770219477,109756
2015-04-03,339061.930433998,105958
2015-04-04,355318.324358916,87605
2015-04-05,361069.996691013,96521
2015-04-06,309707.170078885,105277
2015-04-07,373614.998825321,113215
2015-04-08,307249.17666556,109348
2015-04-09,326913.123972156,116464
2015-04-10,373614.998825321,109637
2015-04-11,344119.077865427,100196
2015-04-12,314623.156905534,86603
2015-04-13,383446.972478619,116290
2015-04-14,366241.018585348,108751
2015-04-15,299875.196425587,107977
2015-04-16,339203.091038779,99527
2015-04-17,309707.170078885,100988
2015-04-18,358867.038345374,97580
2015-04-19,351846.074225004,93417
2015-04-20,364477.035874265,116476
2015-04-21,362110.301875082,110257
2015-04-22,359743.567875898,113336
2015-04-23,307675.41989386,109934
2015-04-24,293475.015898758,105601
2015-04-25,385777.641866917,100598
2015-04-26,340809.69588243,93522
2015-04-27,324242.557888145,113365
2015-04-28,362110.301875082,113542
2015-04-29,300575.217896309,117554
2015-04-30,317142.355890594,110679
2015-05-01,350276.631879164,101452
2015-05-02,347909.89787998,92909
2015-05-03,333776.412541361,83855
2015-05-04,303150.868676707,104511
2015-05-05,364728.388876663,115789
2015-05-06,381306.952007421,111252
2015-05-07,333939.628776685,110385
2015-05-08,355254.924230516,110150
2015-05-09,305519.234838243,96017
2015-05-10,305519.234838243,87291
2015-05-11,374201.85352281,110147
2015-05-12,355254.924230516,109607
2015-05-13,383675.318168957,110562
2015-05-14,364728.388876663,102057
2015-05-15,348149.825745906,104527
2015-05-16,312624.333322854,89300
2015-05-17,410256.527852824,89084
2015-05-18,349377.602526406,96958
2015-05-19,315410.335614117,108963
2015-05-20,351803.835877284,104816
2015-05-21,376066.169386062,97997
2015-05-22,334820.202421139,103038
2015-05-23,271738.135298316,87197
2015-05-24,354230.069228162,91128
2015-05-25,342098.902473773,107497
2015-05-26,349377.602526406,110959
2015-05-27,334820.202421139,106238
2015-05-28,320262.802315872,110526
2015-05-29,373639.936035185,130305
2015-05-30,329967.735719384,122222
2015-05-31,356781.94209336,97356
2015-06-01,312271.265830991,132668
2015-06-02,354853.71117158,125717
2015-06-03,335928.179909096,129398
2015-06-04,333562.488501286,114685
2015-06-05,326465.414277854,108893
2015-06-06,421093.070590275,93591
2015-06-07,352488.01976377,82502
2015-06-08,371413.551026254,111670
2015-06-09,357219.402579391,121137
2015-06-10,399801.847919981,129616
2015-06-11,319368.340054422,120640
2015-06-12,335928.179909096,125402
2015-06-13,376144.933841875,105230
2015-06-14,361934.276712658,105380
2015-06-15,355711.957090776,128569
2015-06-16,291486.187060497,120372
2015-06-17,390295.064030157,132006
2015-06-18,385354.620181674,125830
2015-06-19,363122.6228635,126014
2015-06-20,331009.737848361,100545
2015-06-21,306307.518605946,96769
2015-06-22,377943.954408949,118897
2015-06-23,345831.06939381,126676
2015-06-24,385354.620181674,113349
2015-06-25,375473.732484708,109193
2015-06-26,380414.176333191,117718
2015-06-27,318658.628227153,103789
2015-06-28,346814.543816443,100641
2015-06-29,343810.247546963,124779
2015-06-30,356089.184959355,155748
2015-07-01,331531.310134572,142709
2015-07-02,378191.27230166,142954
2015-07-03,395381.784679008,129344
2015-07-04,373279.697336703,103718
2015-07-05,348721.82251192,114726
2015-07-06,444497.534328574,180882
2015-07-07,329075.522652093,190910
2015-07-08,395381.784679008,195582
2015-07-09,326619.735169615,194989
2015-07-10,378191.27230166,190131
2015-07-11,365703.823777367,186958
2015-07-12,342767.691987456,208628
2015-07-13,375774.951215878,158460
2015-07-14,365618.871453287,124862
2015-07-15,388470.050919117,112163
2015-07-16,340228.672046808,116060
2015-07-17,373235.93127523,114852
2015-07-18,378313.971156526,134042
2015-07-19,385931.03097847,117660
2015-07-20,396087.110741061,125270
2015-07-21,322455.532462274,134200
2015-07-22,391009.070859765,128982
2015-07-23,355462.791690696,110507
2015-07-24,429094.369969483,108126
2015-07-25,395370.72515724,100567
2015-07-26,374222.682670225,93547
2015-07-27,387216.525818497,114211
2015-07-28,353432.53363299,121880
2015-07-29,395012.83170746,140018
2015-07-30,348234.996373682,125022
2015-07-31,392414.063077805,145443
2015-08-01,402809.137596423,148454
2015-08-02,392414.063077805,103972
2015-08-03,408006.674855731,119397
2015-08-04,353432.53363299,132986
2015-08-05,345636.227744027,131314
2015-08-06,371623.914040571,134811
2015-08-07,356031.302262645,115384
2015-08-08,420413.404985863,100950
2015-08-09,372000.719336283,88144
2015-08-10,437493.803726473,115928
2015-08-11,424395.186848435,115981
2015-08-12,330085.145326561,116970
2015-08-13,385099.336214321,115808
2015-08-14,372000.719336283,110518
2015-08-15,358902.102458245,96407
2015-08-16,361521.825833852,88617
2015-08-17,385099.336214321,120631
2015-08-18,369380.995960675,117676
2015-08-19,408676.846594789,116441
2015-08-20,392958.506341144,119447
2015-08-21,432254.356975258,112811
2015-08-22,426143.652201538,104345
2015-08-23,361412.970854469,94037
2015-08-24,418052.317033154,126407
2015-08-25,364110.082577264,122964
2015-08-26,434234.987369922,123779
2015-08-27,369504.306022853,117058
2015-08-28,418052.317033154,120019
2015-08-29,431537.875647127,109044
2015-08-30,404566.758419182,96776
2015-08-31,423446.540478743,129082
2015-09-01,415355.20531036,131180
2015-09-02,431537.875647127,151003
2015-09-03,393778.311528004,125273
2015-09-04,434444.799372061,102134
2015-09-05,416212.869138725,127522
2015-09-06,407718.72895222,105924
2015-09-07,430369.769449566,124388
2015-09-08,385067.688454875,127806
2015-09-09,421875.629263061,124005
2015-09-10,484165.990630761,123230
2015-09-11,447358.049822575,182060
2015-09-12,382236.308392706,136766
2015-09-13,427538.389387398,144629
2015-09-14,430369.769449566,169000
2015-09-15,453020.809946911,161744
2015-09-16,402055.968827884,169119
2015-09-17,410910.027600594,256980
2015-09-18,433587.717335429,162145
2015-09-19,368697.038550535,114319
2015-09-20,377545.767475748,107742
2015-09-21,389344.072709365,133015
2015-09-22,463083.480419472,135214
2015-09-23,466033.056727876,132602
2015-09-24,412940.683176599,125773
2015-09-25,483730.514578302,126477
2015-09-26,433587.717335429,116096
2015-09-27,439486.869952237,108836
2015-09-28,421789.412101812,136065
2015-09-29,513226.277662345,141219
2015-09-30,436537.293643833,140556
2015-10-01,444776.382758561,136279
2015-10-02,417179.763438577,140746
2015-10-03,438341.05578691,115341
2015-10-04,462525.389899291,102050
2015-10-05,462525.389899291,129445
2015-10-06,429271.930494767,144666
2015-10-07,402064.554618338,135767
2015-10-08,423225.846966672,134073
2015-10-09,380903.262270005,119845
2015-10-10,483686.682247624,123713
2015-10-11,441364.097550958,104828
2015-10-12,429271.930494767,135172
2015-10-13,414156.721674529,134743
2015-10-14,459502.348135244,143317
2015-10-15,502137.288713881,151601
2015-10-16,435823.398820657,143758
2015-10-17,411610.987775065,140784
2015-10-18,438849.950201356,113308
2015-10-19,499380.977815336,146674
2015-10-20,387398.576729473,147549
2015-10-21,435823.398820657,145239
2015-10-22,447929.604343453,152044
2015-10-23,450956.155724152,138354
2015-10-24,438849.950201356,143796
2015-10-25,469115.464008346,130520
2015-10-26,496354.426434637,115817
2015-10-27,444903.052962754,153539
2015-10-28,420690.641917162,161025
2015-10-29,466068.004514329,160480
2015-10-30,529187.24527939,163703
2015-10-31,454915.351205088,155851
2015-11-01,473483.324723664,153010
2015-11-02,473483.324723664,174085
2015-11-03,479672.649229855,185118
2015-11-04,479672.649229855,205457
2015-11-05,451820.688951993,181730
2015-11-06,448726.026698897,166618
2015-11-07,470388.662470568,150863
2015-11-08,430158.053180322,135361
2015-11-09,461104.67571128,156149
2015-11-10,451820.688951993,160462
2015-11-11,537055.796106772,161943
2015-11-12,527006.857659411,159916
2015-11-13,523733.523139787,153174
2015-11-14,464813.50178656,149141
2015-11-15,523733.523139787,140003
2015-11-16,566286.871894895,160506
2015-11-17,487726.843423926,158577
2015-11-18,500820.181502421,166493
2015-11-19,445173.494668818,148816
2015-11-20,546646.864777153,157775
2015-11-21,569560.206414519,148752
2015-11-22,563013.537375271,129856
2015-11-23,533553.526698658,146876
2015-11-24,560533.42415402,152287
2015-11-25,535030.217025699,152916
2015-11-26,636252.149976506,163281
2015-11-27,480804.181516337,161840
2015-11-28,556720.631229443,163866
2015-11-29,538645.286059656,130482
2015-11-30,585641.183501102,184974
2015-12-01,603716.528670889,176727
2015-12-02,582026.114467145,182865
2015-12-03,513339.802821954,163822
2015-12-04,553105.562195486,171379
2015-12-05,632637.080942549,188759
2015-12-06,577650.161239677,176858
2015-12-07,578033.500385697,193821
2015-12-08,688135.119506783,198694
2015-12-09,660609.714726512,217675
2015-12-10,849355.347505516,212096
2015-12-11,629152.109263344,210641
2015-12-12,637016.510629136,204106
2015-12-13,558372.496971217,188060
2015-12-14,766779.133164702,231777
2015-12-15,719592.724969951,224712
2015-12-16,640948.711312032,222651
2015-12-17,609491.105848864,213352
2015-12-18,684510.337699163,217534
2015-12-19,729321.303625075,208041
2015-12-20,766484.172599601,196417
2015-12-21,692158.434650549,233218
2015-12-22,696803.793272365,218030
2015-12-23,729321.303625075,219943
2015-12-24,641059.489810576,213360
2015-12-25,752548.096734154,173868
2015-12-26,794356.324330496,179227
2015-12-27,952298.517472232,160526
2015-12-28,701449.151894181,174759
2015-12-29,738612.020868707,184447
2015-12-30,766484.172599601,177403
2015-12-31,702681.498032921,153350
2016-01-01,697129.166405806,124427
2016-01-02,748768.363917347,147864
2016-01-03,748768.363917347,145029
2016-01-04,934669.474958895,178576
2016-01-05,810735.400931196,183659
2016-01-06,728112.684912731,171808
2016-01-07,759096.203419655,191087
2016-01-08,893358.116949662,179603
2016-01-09,779751.882424272,185614
2016-01-10,903685.95645197,155959
2016-01-11,877866.357696199,192900
2016-01-12,877866.357696199,194437
2016-01-13,813710.194014571,192477
2016-01-14,749438.083305595,181837
2016-01-15,687454.482430696,179113
2016-01-16,800151.938566876,197424
2016-01-17,850865.793828157,196195
2016-01-18,974832.995577956,216659
2016-01-19,749438.083305595,188008
2016-01-20,856500.666634966,209638
2016-01-21,771977.574532831,217274
2016-01-22,991737.613998384,216124
2016-01-23,1008642.23241881,188043
2016-01-24,963563.249964338,204384
2016-01-25,912849.394703057,224278
2016-01-26,928141.002810171,228799
2016-01-27,924867.907889316,230341
2016-01-28,871165.900334451,221571
2016-01-29,1008404.36408577,223009
2016-01-30,1115808.3791955,195106
2016-01-31,1080007.04082559,177814
2016-02-01,960669.246259225,226436
2016-02-02,1074040.15109727,238194
2016-02-03,1068073.26136895,187411
2016-02-04,1002437.47435745,202021
2016-02-05,1121775.26892382,222655
2016-02-06,1193377.94566364,228552
2016-02-07,1234537.96602865,210537
2016-02-08,1060281.98712231,228610
2016-02-09,1260875.87657788,232957
2016-02-10,1174907.06681121,229228
2016-02-11,1375500.95626678,221125
2016-02-12,1225055.5391751,201608
2016-02-13,1117594.52696676,184733
2016-02-14,1189235.20177232,189676
2016-02-15,1088938.25704454,220619
2016-02-16,988641.312316752,216248
2016-02-17,1110430.45948621,224099
2016-02-18,1210727.40421399,213696
2016-02-19,1106210.05838203,218073
2016-02-20,1219082.13715781,216020
2016-02-21,1040283.423708,208504
2016-02-22,1032156.20946028,236206
2016-02-23,1105301.13768975,249004
2016-02-24,959011.28123081,219789
2016-02-25,1259718.20839641,217622
2016-02-26,1137809.99468062,203801
2016-02-27,1194700.49441466,176879
2016-02-28,1089046.70919431,239755
2016-02-29,1080919.49494659,264062
2016-03-01,1145937.20892834,275555
2016-03-02,1275972.63689184,265637
2016-03-03,1097173.92344203,228219
2016-03-04,1257200.65607867,200730
2016-03-05,1181318.8523918,235769
2016-03-06,1165567.93435991,161087
2016-03-07,1047436.04912073,187221
2016-03-08,1212820.68845558,197505
2016-03-09,1323077.11467881,186674
2016-03-10,1220696.14747152,190661
2016-03-11,1260073.44255125,195406
2016-03-12,1134066.09829613,166468
2016-03-13,1047436.04912073,147901
2016-03-14,1197069.77042369,189108
2016-03-15,1267948.9015672,204228
2016-03-16,1197069.77042369,211838
2016-03-17,1110439.72124829,206792
2016-03-18,1099528.52189976,204309
2016-03-19,1118857.35233453,180638
2016-03-20,1201126.2753003,174786
2016-03-21,1143538.02922426,199753
2016-03-22,1217580.05989345,203183
2016-03-23,1225806.95219003,189934
2016-03-24,1209353.16759688,189092
2016-03-25,1201126.2753003,170642
2016-03-26,1258714.52137634,159417
2016-03-27,1159991.81381741,158725
2016-03-28,1398571.69041816,199341
2016-03-29,1291622.09056265,200627
2016-03-30,1209353.16759688,198494
2016-03-31,1020134.6447756,209977
2016-04-01,1266862.83281171,203564
2016-04-02,1152898.4861624,189597
2016-04-03,1177781.1873026,171837
2016-04-04,1376842.79642417,209091
2016-04-05,1285606.22557678,219126
2016-04-06,1302194.69300358,219170
2016-04-07,1152898.4861624,221115
2016-04-08,1194369.6547294,210165
2016-04-09,1343665.86157057,197534
2016-04-10,1434902.43241796,186313
2016-04-11,1269017.75814998,234053
2016-04-12,1227546.58958299,233733
2016-04-13,1360254.32899737,224860
2016-04-14,1425512.68730726,228546
2016-04-15,1234618.41233425,213187
2016-04-16,1225736.26548292,180596
2016-04-17,1403379.20250943,193251
2016-04-18,1190207.67807762,222012
2016-04-19,1332322.02769883,225653
2016-04-20,1465554.23046871,211920
2016-04-21,1341204.17455015,215427
2016-04-22,1270146.99973955,209575
2016-04-23,1279029.14659088,184000
2016-04-24,1172443.38437497,182596
2016-04-25,1128032.65011834,221427
2016-04-26,1341204.17455015,250305
2016-04-27,1145796.94382099,244862
2016-04-28,1199003.65014719,245630
2016-04-29,1403229.58036089,258516
2016-04-30,1296655.18185247,217887
2016-05-01,1376585.98073378,184944
2016-05-02,1394348.38048519,224725
2016-05-03,1341061.18123098,232184
2016-05-04,1483160.37924221,239128
2016-05-05,1376585.98073378,228717
2016-05-06,1438754.3798637,238949
2016-05-07,1332179.98135528,196121
2016-05-08,1492041.57911791,184689
2016-05-09,1518685.17874501,228993
2016-05-10,1403229.58036089,246893
2016-05-11,1263377.10291735,236434
2016-05-12,1342247.86954719,227185
2016-05-13,1467781.84295808,230934
2016-05-14,1390530.16701292,208146
2016-05-15,1342247.86954719,205289
2016-05-16,1361560.78853348,235248
2016-05-17,1361560.78853348,244451
2016-05-18,1477438.30245123,234837
2016-05-19,1158775.13917743,212191
2016-05-20,1438812.46447864,212260
2016-05-21,1361560.78853348,186149
2016-05-22,1776788.54673873,185673
2016-05-23,1738162.70876615,228956
2016-05-24,1424527.48797779,241161
2016-05-25,1367284.21320355,249524
2016-05-26,1337560.6433513,221744
2016-05-27,1377192.06982096,215751
2016-05-28,1317744.93011646,187879
2016-05-29,1456454.9227603,186986
2016-05-30,1426731.35290805,205995
2016-05-31,1258297.79041196,218981
2016-06-01,1416823.49629063,229927
2016-06-02,1367284.21320355,234060
2016-06-03,1406915.63967322,229138
2016-06-04,1179034.93747262,195593
2016-06-05,1684335.62496089,189529
2016-06-06,1684335.62496089,222496
2016-06-07,1387099.92643838,237323
2016-06-08,1405239.8337768,230863
2016-06-09,1608133.9309215,230568
2016-06-10,1403462.33971331,227239
2016-06-11,1520417.53468942,213728
2016-06-12,1422954.87220933,214242
2016-06-13,1569148.86592946,252195
2016-06-14,1286507.1447372,243818
2016-06-15,1481432.46969738,261069
2016-06-16,1452193.67095336,268010
2016-06-17,1452193.67095336,249935
2016-06-18,1539910.06718544,237493
2016-06-19,1725089.12589761,213422
2016-06-20,1598387.66467349,250874
2016-06-21,1531412.7730782,251553
2016-06-22,1343144.51552347,237433
2016-06-23,1457676.21839756,234209
2016-06-24,1343144.51552347,237560
2016-06-25,1686739.62414575,209400
2016-06-26,1520148.05632888,179209
2016-06-27,1530560.02931744,218747
2016-06-28,1540972.00230599,212946
2016-06-29,1520148.05632888,225124
2016-06-30,1561795.9482831,227705
2016-07-01,1613855.81322587,209840
2016-07-02,1551383.97529455,193271
2016-07-03,1603443.84023732,180924
2016-07-04,1573973.22742671,213768
2016-07-05,1538177.12694953,214613
2016-07-06,1485136.53636507,220805
2016-07-07,1453312.18201439,209782
2016-07-08,1538177.12694953,210222
2016-07-09,1580609.59941711,182408
2016-07-10,1654866.42623536,162504
2016-07-11,1516960.89071575,220081
2016-07-12,1516960.89071575,218015
2016-07-13,1368447.23707924,217382
2016-07-14,1495744.65448196,223467
2016-07-15,1432095.9457806,211191
2016-07-16,1665474.54435225,182111
2016-07-17,1580609.59941711,170401
2016-07-18,1570047.99807086,222469
2016-07-19,1358434.53362668,221724
2016-07-20,1591915.46909377,225390
2016-07-21,1411498.38259648,222195
2016-07-22,1369047.30342064,220460
2016-07-23,1390272.84300856,196748
2016-07-24,1315983.45445085,184404
2016-07-25,1390272.84300856,238338
2016-07-26,1369047.30342064,237031
2016-07-27,1358434.53362668,230119
2016-07-28,1443336.69197835,239806
2016-07-29,1560077.15971189,229385
2016-07-30,1262919.60548106,199444
2016-07-31,1634366.5482696,192596
2016-08-01,1623753.77847564,223058
2016-08-02,1611302.39442715,250439
2016-08-03,1666003.54735094,241845
2016-08-04,1535533.39002827,232028
2016-08-05,1696112.04519463,230143
2016-08-06,1666003.54735094,195177
2016-08-07,1485352.56028879,190474
2016-08-08,1485352.56028879,234045
2016-08-09,1244484.57753925,231091
2016-08-10,1515461.05813248,249818
2016-08-11,1505424.89218458,251317
2016-08-12,1495388.72623668,233837
2016-08-13,1635895.04950725,217616
2016-08-14,1635895.04950725,195131
2016-08-15,1480672.78660971,205074
2016-08-16,1458782.17092898,255416
2016-08-17,1329112.64462418,235185
2016-08-18,1664092.25424491,237773
2016-08-19,1664092.25424491,245627
2016-08-20,1674898.04810365,215706
2016-08-21,1761344.39897351,182112
2016-08-22,1707315.42967985,223281
2016-08-23,1588451.69723378,238968
2016-08-24,1642480.66652745,239697
2016-08-25,1404753.20163532,232049
2016-08-26,1426364.78935278,225084
2016-08-27,1556034.31565758,192507
2016-08-28,1642480.66652745,172790
2016-08-29,1618801.46201982,230540
2016-08-30,1799709.0589716,248618
2016-08-31,1470493.9872085,226351
2016-09-01,1536337.00156112,233329
2016-09-02,1678996.8659918,228902
2016-09-03,1382703.30140501,179340
2016-09-04,1964316.59485315,179857
2016-09-05,1536337.00156112,234920
2016-09-06,1492441.65865938,227334
2016-09-07,1668023.03026636,253235
2016-09-08,1580232.34446287,225530
2016-09-09,1558284.673012,217460
2016-09-10,1700944.53744267,196056
2016-09-11,1799709.0589716,179546
2016-09-12,1821039.51020144,212412
2016-09-13,1852325.13960032,238121
2016-09-14,1751289.22289484,227706
2016-09-15,1728836.7969603,233885
2016-09-16,1560443.60245118,216580
2016-09-17,1829872.71366577,212263
2016-09-18,1627800.88025482,191175
2016-09-19,1493086.32464753,225146
2016-09-20,1695158.15805847,241330
2016-09-21,1863551.35256759,237941
2016-09-22,1582896.02838572,229627
2016-09-23,1526764.96354935,230152
2016-09-24,1863551.35256759,203096
2016-09-25,2162558.09313961,196599
2016-09-26,1834694.78231133,231682
2016-09-27,2002575.3506274,243713
2016-09-28,1774737.43648416,234090
2016-09-29,1714780.09065699,241142
2016-09-30,1702788.62149156,248141
2016-10-01,1882660.65897306,215905
2016-10-02,1690797.15232613,189450
2016-10-03,1810711.84398046,262768
2016-10-04,1894652.1281385,261797
2016-10-05,2002575.3506274,269389
2016-10-06,1930626.5356348,271559
2016-10-07,1714780.09065699,267487
2016-10-08,2109095.85982046,246198
2016-10-09,2056197.68457302,214311
2016-10-10,1593553.20554409,224750
2016-10-11,1786321.73847281,262242
2016-10-12,1850577.91611572,233717
2016-10-13,1644958.14765842,230741
2016-10-14,1747768.03188707,237833
2016-10-15,1824875.44505855,209799
2016-10-16,1670660.61871558,199250
2016-10-17,1606404.44107267,238183
2016-10-18,1991941.50693011,249735
2016-10-19,1606404.44107267,193769
2016-10-20,1722065.5608299,277747
2016-10-21,2107602.62668734,259442
2016-10-22,1906300.95008226,218408
2016-10-23,1815470.1249901,192661
2016-10-24,1802862.69356655,224654
2016-10-25,1752432.96787238,238454
2016-10-26,1739825.53644884,221774
2016-10-27,2042403.89061386,332576
2016-10-28,1916329.57637844,244692
2016-10-29,1878507.28210781,231604
2016-10-30,2118048.47915512,205720
2016-10-31,1853292.41926072,244943
2016-11-01,1815470.1249901,248580
2016-11-02,1676788.37933113,266408
2016-11-03,1954151.87064906,273399
2016-11-04,1462462.04513091,246796
2016-11-05,1856081.59672813,236443
2016-11-06,1936557.43909685,224122
2016-11-07,1847956.77194863,277860
2016-11-08,2139073.24972136,293470
2016-11-09,1860614.01011266,272305
2016-11-10,2126416.01155733,265908
2016-11-11,2063129.82073717,258625
2016-11-12,2126416.01155733,231859
2016-11-13,1797327.8192925,213970
2016-11-14,2177044.96421346,273607
2016-11-15,1974529.15358895,279913
2016-11-16,2164387.72604942,292039
2016-11-17,2012500.86808104,274309
2016-11-18,2011089.71225163,274958
2016-11-19,1989192.7397282,250952
2016-11-20,1793075.14567049,245259
2016-11-21,1947167.54100154,285455
2016-11-22,1877125.54312379,284460
2016-11-23,2059234.73760595,270755
2016-11-24,2269360.73123921,334765
2016-11-25,2129276.7354837,314930
2016-11-26,2143285.13505925,271985
2016-11-27,2017209.5388793,243962
2016-11-28,2297377.53039031,296689
2016-11-29,2087251.53675705,289360
2016-11-30,1989192.7397282,292055
2016-12-01,2045226.3380304,234502
2016-12-02,2035532.46509142,320261
2016-12-03,2451895.01734189,287254
2016-12-04,2109770.13120116,245198
2016-12-05,2166790.94555795,278799
2016-12-06,2138280.53837956,321714
2016-12-07,2480405.42452028,308216
2016-12-08,2238066.96350393,285072
2016-12-09,1924452.4845416,265642
2016-12-10,1881686.87377401,246301
2016-12-11,2665723.07117984,227763
2016-12-12,2223811.75991474,272264
2016-12-13,2537426.23887707,294754
2016-12-14,1981473.29889839,287634
2016-12-15,1952251.49677579,281682
2016-12-16,2050571.62856036,279272
2016-12-17,2220167.77829091,235904
2016-12-18,2173914.28290985,237674
2016-12-19,2328092.60084672,284694
2016-12-20,2127660.78752879,294641
2016-12-21,2451435.25519621,322738
2016-12-22,2451435.25519621,316500
2016-12-23,2343510.4326404,302701
2016-12-24,2112242.9557351,239590
2016-12-25,2543942.24595833,196752
2016-12-26,2189332.11470354,249168
2016-12-27,2405181.75981515,294098
2016-12-28,2546127.99373219,305997
2016-12-29,2368856.40597071,305721
2016-12-30,2479403.03824934,285492
2016-12-31,2337271.6538911,246244
2017-01-01,2463610.66220954,178054
2017-01-02,2510987.79032895,289705
2017-01-03,2589949.67052797,309610
2017-01-04,2416233.53409012,326406
2017-01-05,2210932.64557266,290836
2017-01-06,2542572.54240856,344354
2017-01-07,2179347.89349305,281650
2017-01-08,2637326.79864739,256747
2017-01-09,2147763.14141344,274558
2017-01-10,2545880.37552233,321863
2017-01-11,2562350.134115,305027
2017-01-12,2880550.47756719,287002
2017-01-13,2512107.97462255,279226
2017-01-14,2880550.47756719,244189
2017-01-15,2796813.54507977,228460
2017-01-16,2830308.31807474,273717
2017-01-17,2646087.06660242,287927
2017-01-18,2512107.97462255,300621
2017-01-19,2914045.25056216,301202
2017-01-20,3165256.04802441,297795
2017-01-21,3031276.95604454,259231
2017-01-22,2950275.25252868,238139
2017-01-23,2695734.74214349,232043
2017-01-24,2910612.14912595,281463
2017-01-25,2910612.14912595,307727
2017-01-26,3027818.00748001,311685
2017-01-27,3320832.65336517,261285
2017-01-28,2969215.07830298,247025
2017-01-29,3262229.72418814,240802
2017-01-30,2812940.60049756,252820
2017-01-31,2832474.91022324,310555
2017-02-01,3750587.46733008,344963
2017-02-02,3066886.62693136,258254
2017-02-03,2910612.14912595,323167
2017-02-04,2824555.82436805,285173
2017-02-05,3336807.82080876,293960
2017-02-06,2623276.58868614,227270
2017-02-07,3168918.11913285,329143
2017-02-08,3063987.05558541,308637
2017-02-09,3546669.94790366,342842
2017-02-10,3084973.26829489,304305
2017-02-11,2917083.56661898,259144
2017-02-12,2938069.77932847,233606
2017-02-13,3420752.67164672,292905
2017-02-14,3546669.94790366,315969
2017-02-15,2917083.56661898,288117
2017-02-16,3168918.11913285,291591
2017-02-17,3168918.11913285,320136
2017-02-18,3254025.02653876,282844
2017-02-19,2936112.56385841,251635
2017-02-20,3242870.59291824,282397
2017-02-21,3023757.71501836,279162
2017-02-22,3023757.71501836,279252
2017-02-23,3286693.16849821,328502
2017-02-24,3571539.90976806,343931
2017-02-25,3659185.06092801,321609
2017-02-26,3900209.22661788,271193
2017-02-27,3155225.44175829,283200
2017-02-28,3352427.03186818,327840
2017-03-01,3155225.44175829,313728
2017-03-02,3440072.18302813,330853
2017-03-03,3349345.38703688,335165
2017-03-04,3023455.91166441,267483
2017-03-05,3367030.44708082,278466
2017-03-06,3252505.60194202,287019
2017-03-07,3504460.26124739,327507
2017-03-08,3252505.60194202,298430
2017-03-09,3389935.41610858,304802
2017-03-10,3573175.16833067,307987
2017-03-11,3412840.38513634,278371
2017-03-12,3550270.19930291,221735
2017-03-13,3321220.5090253,270973
2017-03-14,3573175.16833067,313365
2017-03-15,3252505.60194202,291717
2017-03-16,3504460.26124739,323892
2017-03-17,3600869.26330221,294408
2017-03-18,3712647.13922961,263681
2017-03-19,3901826.61129226,265099
2017-03-20,3216051.02506514,281905
2017-03-21,3357935.62911213,285044
2017-03-22,3759942.00724527,316577
2017-03-23,3499820.23315912,288453
2017-03-24,4161948.38537841,287687
2017-03-25,3145108.72304164,245888
2017-03-26,3925474.04530009,214093
2017-03-27,3121461.28903381,239466
2017-03-28,3665352.27121395,294201
2017-03-29,3263345.8930808,281428
2017-03-30,3942417.72740472,286076
2017-03-31,3352999.96635802,264354
2017-04-01,3278488.85599451,255318
2017-04-02,3924251.81247828,239768
2017-04-03,4371318.47465935,291271
2017-04-04,3104629.59847965,255190
2017-04-05,4023599.95962963,318285
2017-04-06,3651044.40781207,288456
2017-04-07,4023599.95962963,295790
2017-04-08,3402674.03993369,228220
2017-04-09,3949088.84926612,235725
2017-04-10,3651044.40781207,275186
2017-04-11,4147785.14356882,308804
2017-04-12,3526859.22387288,276453
2017-04-13,3274289.42119579,228734
2017-04-14,3598646.52693503,286708
2017-04-15,3883431.50388672,268816
2017-04-16,3779873.33044974,212360
2017-04-17,3572756.98357579,249157
2017-04-18,3779873.33044974,306095
2017-04-19,3702204.70037201,309186
2017-04-20,3572756.98357579,266967
2017-04-21,4323553.74099389,323583
2017-04-22,3753983.7870905,272882
2017-04-23,3961100.13396446,241154
2017-04-24,3210303.37654636,228745
2017-04-25,3831652.41716823,323754
2017-04-26,3961100.13396446,333528
2017-04-27,3813586.2247299,298425
2017-04-28,3528859.19852578,305139
2017-04-29,4488916.48047764,342279
2017-04-30,3918071.61012788,277080
2017-05-01,3892124.11602107,298563
2017-05-02,4099704.06887553,331695
2017-05-03,3425069.22209855,295724
2017-05-04,4359179.0099436,355309
2017-05-05,3347226.73977813,267934
2017-05-06,4359179.0099436,359458
2017-05-07,4333231.5158368,318416
2017-05-08,4670548.93922529,364313
2017-05-09,4021861.58655511,333631
2017-05-10,4093329.66292194,310417
2017-05-11,3757901.04949698,295913
2017-05-12,4286790.8268336,314538
2017-05-13,4398136.04311499,330132
2017-05-14,4565153.86753708,369462
2017-05-15,4732171.69195917,329004
2017-05-16,3674392.13728594,231042
2017-05-17,4314627.13090395,320079
2017-05-18,3952755.17798942,291987
2017-05-19,4565153.86753708,316411
2017-05-20,4592990.17160743,354493
2017-05-21,4091936.69834116,320625
2017-05-22,4064100.39427081,331686
2017-05-23,4887381.02634698,368715
2017-05-24,4562009.63318436,337146
2017-05-25,4828620.58577306,350534
2017-05-26,4532386.19400784,333093
2017-05-27,4976737.78165567,330950
2017-05-28,4887867.46412611,303645
2017-05-29,4473139.3156548,326916
2017-05-30,5302595.61259742,348103
2017-05-31,4858244.02494958,320406
2017-06-01,5035984.66000872,319348
2017-06-02,4325022.11977219,263831
2017-06-03,5687700.3218922,306209
2017-06-04,5049391.51326877,271578
2017-06-05,5533581.08611424,289269
2017-06-06,5094943.56099544,299724
2017-06-07,5567322.43420031,338421
2017-06-08,5567322.43420031,307355
2017-06-09,5094943.56099544,280990
2017-06-10,4757530.08013481,252722
2017-06-11,4926236.82056512,225018
2017-06-12,4959978.16865119,270146
2017-06-13,4757530.08013481,291856
2017-06-14,4723788.73204875,284904
2017-06-15,5162426.25716756,293498
2017-06-16,4993719.51673725,271022
2017-06-17,4907231.27624732,233555
2017-06-18,5129905.64430105,209445
2017-06-19,5342177.60199627,268231
2017-06-20,4882255.02698997,272588
2017-06-21,4953012.34622171,279662
2017-06-22,4917633.68660584,267507
2017-06-23,5660585.53853909,263398
2017-06-24,5165284.30391692,220439
2017-06-25,4316196.47313606,185434
2017-06-26,5023769.66545344,261094
2017-06-27,4634604.40967888,261113
2017-06-28,5554449.55969148,277158
2017-06-29,4245439.15390432,232122
2017-06-30,5448313.58084387,266457
2017-07-01,5801798.16405462,220267
2017-07-02,6622798.79067703,196813
2017-07-03,5988701.03412285,250562
2017-07-04,5389830.93071056,256743
2017-07-05,5248920.31814296,235034
2017-07-06,5002326.74614967,229220
2017-07-07,5213692.66500107,243553
2017-07-08,5812562.76841335,217777
2017-07-09,4861416.13358208,185614
2017-07-10,6939847.66895412,254337
2017-07-11,6094383.99354854,269057
2017-07-12,6235294.60611614,255592
2017-07-13,5530741.54327816,243905
2017-07-14,5287415.70544483,231329
2017-07-15,5079131.87191812,216276
2017-07-16,6518885.78836735,205409
2017-07-17,5918988.32318017,232141
2017-07-18,6598872.11705897,260132
2017-07-19,5958981.48752598,253602
2017-07-20,6478892.62402153,230755
2017-07-21,6158947.30925504,269668
2017-07-22,6398906.29532991,214900
2017-07-23,6878824.26747965,183120
2017-07-24,7118783.25355452,243957
2017-07-25,5918988.32318017,242360
2017-07-26,5878995.15883436,236393
2017-07-27,6416436.63634687,225488
2017-07-28,6414280.01814893,249112
2017-07-29,6713613.08566255,207797
2017-07-30,6285994.41778595,193936
2017-07-31,6200470.68421063,220968
2017-08-01,6371518.15136127,131368
2017-08-02,6499803.75172425,214635
2017-08-03,5901137.61669702,212356
2017-08-04,7654374.15499106,234256
2017-08-05,7568850.42141574,235105
2017-08-06,5986661.35027234,203085
2017-08-07,6542565.61851191,250307
2017-08-08,7012946.15317617,275494
2017-08-09,6107869.28310813,257449
2017-08-10,6149818.07832045,262413
2017-08-11,6608759.7259563,278906
2017-08-12,6195712.24308403,261652
2017-08-13,6792336.38501064,263937
2017-08-14,5966241.41926611,258450
2017-08-15,6975913.04406499,309155
2017-08-16,5966241.41926611,276520
2017-08-17,8215055.49268179,348484
2017-08-18,6838230.54977423,306485
2017-08-19,6930018.8793014,264904
2017-08-20,5966241.41926611,215808
2017-08-21,5277828.94781232,238146
2017-08-22,4084580.6639591,196446
2017-08-23,7297172.19741008,313788
2017-08-24,4467992.01920994,201411
2017-08-25,4459277.50765201,212865
2017-08-26,4635882.55746001,224662
2017-08-27,6843445.68006004,257198
2017-08-28,5695512.85630802,227603
2017-08-29,6578538.10534803,276967
2017-08-30,7417412.09193603,275731
2017-08-31,7196655.77967604,281321
2017-09-01,7682319.66664803,275267
2017-09-02,7240807.04212804,241028
2017-09-03,6799294.41760804,195123
2017-09-04,7726470.92910003,270702
2017-09-05,8697798.70304403,277339
2017-09-06,7283044.48578657,277211
2017-09-07,8072925.27664423,256625
2017-09-08,8027056.38302694,271237
2017-09-09,7751843.02132316,218820
2017-09-10,6329907.31918695,199466
2017-09-11,7981187.48940964,249732
2017-09-12,8623352.0000518,254127
2017-09-13,8715089.78728639,261808
2017-09-14,7981187.48940964,274235
2017-09-15,8256400.85111342,291839
2017-09-16,7751843.02132316,224435
2017-09-17,8072925.27664423,195890
2017-09-18,6687570.05931123,224367
2017-09-19,8556655.83040941,283774
2017-09-20,6417491.87280707,234110
2017-09-21,9653662.9881542,253479
2017-09-22,7624199.74632635,224128
2017-09-23,9105159.4092818,203754
2017-09-24,7953301.89364978,190216
2017-09-25,6856294.73590499,226331
2017-09-26,7569349.3884391,258284
2017-09-27,8063002.60942426,265442
2017-09-28,9708513.34604144,270458
2017-09-29,9269710.48294352,255919
2017-09-30,7569349.3884391,211916
2017-10-01,7133598.09247187,205006
2017-10-02,8380132.03962018,289356
2017-10-03,10223761.0883366,283080
2017-10-04,7486251.28872736,239021
2017-10-05,6983443.36635015,272044
2017-10-06,8882939.96199739,284714
2017-10-07,8827072.41506659,223629
2017-10-08,10167893.5414058,243087
2017-10-09,8994675.05585899,296123
2017-10-10,8938807.50892819,304468
2017-10-11,7765589.02338137,294651
2017-10-12,8547734.68041258,293950
2017-10-13,7597986.38258896,307306
2017-10-14,7877324.11724297,291820
2017-10-15,11485102.1666364,285265
2017-10-16,10351762.4275094,312096
2017-10-17,9756833.55236517,337105
2017-10-18,8983426.0146777,330289
2017-10-19,10589733.9775671,354271
2017-10-20,10649226.8650815,313394
2017-10-21,9102411.78970654,309587
2017-10-22,10827705.5276248,290846
2017-10-23,10173283.7649661,316323
2017-10-24,9935312.21490844,346088
2017-10-25,11006184.190168,310122
2017-10-26,11103293.0112987,272615
2017-10-27,7510989.9435995,246216
2017-10-28,6138789.8577496,208616
2017-10-29,11122042.8010992,330193
2017-10-30,10616495.4010493,316082
2017-10-31,9966505.88669932,280319
2017-11-01,11266484.9153992,351487
2017-11-02,10833158.5724993,341608
2017-11-03,8594305.80084942,277903
2017-11-04,9388737.42949936,290835
2017-11-05,10183169.0581493,251752
2017-11-06,9605400.60094935,273071
2017-11-07,11266484.9153992,332632
2017-11-08,10399832.2295993,303382
2017-11-09,11049821.7439492,339565
2017-11-10,8468739.81561046,274118
2017-11-11,5426063.16330811,192216
2017-11-12,5426063.16330811,187788
2017-11-13,9495610.5357892,308819
2017-11-14,8681701.06129298,272441
2017-11-15,10309520.0102854,319586
2017-11-16,10309520.0102854,311127
2017-11-17,11326906.8534057,305425
2017-11-18,9224307.3776238,268902
2017-11-19,10852126.3266162,267096
2017-11-20,11869513.1697365,332821
2017-11-21,11733861.5906538,373326
2017-11-22,10038216.85212,311835
2017-11-23,10648648.9579922,352980
2017-11-24,10083527.0255049,307294
2017-11-25,10445729.4715118,332515
2017-11-26,10244850.0585982,330936
2017-11-27,11383166.7317757,381576
2017-11-28,10445729.4715118,365153
2017-11-29,11584046.1446894,398873
2017-11-30,11182287.318862,383941
2017-12-01,12253644.187735,412472
2017-12-02,10780528.4930347,325296
2017-12-03,11784925.5576031,347132
2017-12-04,12119724.5791259,407287
2017-12-05,11918845.1662122,404804
2017-12-06,13218896.9761819,442897
2017-12-07,12020755.1114562,374945
2017-12-08,12337090.772284,385493
2017-12-09,13760601.2460091,401509
2017-12-10,12969762.0939396,336561
2017-12-11,13523349.5003882,376572
2017-12-12,12337090.772284,372599
2017-12-13,14709608.2284925,417596
2017-12-14,14630524.3132855,498142
2017-12-15,13365181.6699743,400877
2017-12-16,13523349.5003882,366938
2017-12-17,14630524.3132855,389211
2017-12-18,15613766.2496263,398048
2017-12-19,13035760.9505203,378510
2017-12-20,12663310.6376483,370374
2017-12-21,12290860.3247763,334454
2017-12-22,14432449.6237903,380012
2017-12-23,12942648.3723023,307204
2017-12-24,14153111.8891363,274389
2017-12-25,12570198.0594303,229330
2017-12-26,13221986.1069563,247416
2017-12-27,14525562.2020083,311934
2017-12-28,13873774.1544823,303032
2017-12-29,15363575.4059704,356789
2017-12-30,13687548.9980463,338045
2017-12-31,15177350.2495343,292987
2018-01-01,14923655.7184224,241625
2018-01-02,16415540.6673567,343664
2018-01-03,15071578.273538,396942
2018-01-04,16127548.7258241,424762
2018-01-05,13727615.8797194,339441
2018-01-06,16127548.7258241,356470
2018-01-07,15551564.842759,372566
2018-01-08,15935554.0981357,345855
2018-01-09,15743559.4704474,354874
2018-01-10,15935554.0981357,347701
2018-01-11,18527481.5719289,334581
2018-01-12,17087521.864266,304727
2018-01-13,15881806.2094572,264304
2018-01-14,17165770.5545811,236042
2018-01-15,16612036.0205623,272139
2018-01-16,17608758.1817961,306170
2018-01-17,18494733.4362261,314242
2018-01-18,19159214.8770486,307893
2018-01-19,18273239.6226186,242661
2018-01-20,19712949.4110673,236313
2018-01-21,20709671.572301,217475
2018-01-22,18494733.4362261,250083
2018-01-23,19602202.5042636,266082
2018-01-24,19491455.5974598,251628
2018-01-25,19419246.3436515,238459
2018-01-26,20056949.5413983,218851
2018-01-27,20315748.8903196,192395
2018-01-28,20445148.5647802,213698
2018-01-29,19151151.8201739,230013
2018-01-30,21609745.6349259,239554
2018-01-31,15139761.9118942,208360
2018-02-01,20703947.9137015,252498
2018-02-02,21739145.3093865,237739
2018-02-03,20445148.5647802,190833
2018-02-04,23033142.0539929,172621
2018-02-05,23938939.7752173,221421
2018-02-06,22105953.9129441,245035
2018-02-07,20149017.2119133,207672
2018-02-08,18720008.8990117,177469
2018-02-09,19291612.2241723,178845
2018-02-10,20434818.8744937,176305
2018-02-11,21578025.524815,147871
2018-02-12,23721537.9941675,185649
2018-02-13,23435736.3315871,188299
2018-02-14,25579248.8009396,197735
2018-02-15,18720008.8990117,195903
2018-02-16,22435430.512556,185173
2018-02-17,21292223.8622346,172015
2018-02-18,23149934.6690068,160325
2018-02-19,23149934.6690068,191633
2018-02-20,20835108.4972582,194005
2018-02-21,25265138.8267234,208330
2018-02-22,22275181.569123,182712
2018-02-23,22125683.706243,180733
2018-02-24,21677190.1176029,153121
2018-02-25,25564134.5524835,143945
2018-02-26,21079198.6660828,191999
2018-02-27,23919658.0608032,215369
2018-02-28,23172168.7464031,190181
2018-03-01,24667147.3752033,236700
2018-03-02,23321666.6092831,192887
2018-03-03,26909615.3184037,179832
2018-03-04,22125683.706243,154847
2018-03-05,24020983.5292903,205776
2018-03-06,25517998.1075581,208778
2018-03-07,25681575.018504,212833
2018-03-08,26499459.5732334,189879
2018-03-09,23882228.9980992,202179
2018-03-10,22900767.5324239,149505
2018-03-11,25027267.3747204,157234
2018-03-12,26335882.6622875,185230
2018-03-13,25845151.9294498,199201
2018-03-14,23555075.1762074,193089
2018-03-15,23555075.1762074,201087
2018-03-16,25517998.1075581,188256
2018-03-17,24372959.7309369,151432
2018-03-18,25426608.9713916,164511
2018-03-19,26679206.959874,193494
2018-03-20,21859737.3155097,193222
2018-03-21,26162835.2122636,199262
2018-03-22,24613719.9694322,180421
2018-03-23,22892480.8107306,177341
2018-03-24,26851330.8757442,159401
2018-03-25,23236728.6424709,137632
2018-03-26,25818587.3805233,187477
2018-03-27,26162835.2122636,185428
2018-03-28,23236728.6424709,181035
2018-03-29,26162835.2122636,189556
2018-03-30,27884074.3709651,183947
2018-03-31,22031861.2313799,149294
2018-04-01,28151789.8209148,133901
2018-04-02,27227579.616214,167141
2018-04-03,28449329.9836082,203600
2018-04-04,25656757.7152785,183926
2018-04-05,27227579.616214,181407
2018-04-06,24085935.8143431,169899
2018-04-07,31416438.0187084,155865
2018-04-08,28100258.450067,139770
2018-04-09,25656757.7152785,174115
2018-04-10,28623865.7503788,188256
2018-04-11,28100258.450067,179955
2018-04-12,26878508.0826727,216526
2018-04-13,28798401.5171494,213311
2018-04-14,25934796.2703183,165043
2018-04-15,31109116.9538305,170677
2018-04-16,26910340.4324546,194303
2018-04-17,30918263.4755861,204094
2018-04-18,30536556.5190974,200441
2018-04-19,33971919.1274958,215282
2018-04-20,26146926.5194772,210669
2018-04-21,30345703.0408531,191121
2018-04-22,30536556.5190974,168980
2018-04-23,29200582.1713869,227377
2018-04-24,30345703.0408531,253956
2018-04-25,23474977.8240562,217684
2018-04-26,26910340.4324546,217258
2018-04-27,27882432.4329455,212647
2018-04-28,25592018.8297845,194970
2018-04-29,31590148.2430152,183812
2018-04-30,30990335.3016921,215603
2018-05-01,31590148.2430152,198167
2018-05-02,27991270.5950767,210896
2018-05-03,30190584.7132614,227954
2018-05-04,27591395.3008614,224579
2018-05-05,32189961.1843383,195965
2018-05-06,27391457.6537537,172671
2018-05-07,29990647.0661537,204816
2018-05-08,27791332.9479691,219628
2018-05-09,31990023.5372306,204710
2018-05-10,30790397.6545844,215367
2018-05-11,26155095.4999563,207053
2018-05-12,33988897.1882542,181270
2018-05-13,30487010.8112825,159530
2018-05-14,27191117.7506033,211328
2018-05-15,30075024.1786976,208197
2018-05-16,36872803.6163485,213978
2018-05-17,27191117.7506033,190427
2018-05-18,30487010.8112825,216419
2018-05-19,31722970.7090372,167502
2018-05-20,29663037.5461127,159863
2018-05-21,32340950.6579146,201185
2018-05-22,31104990.7601599,207023
2018-05-23,33370917.2393768,222546
2018-05-24,30032592.1199289,202902
2018-05-25,37681533.9302757,198774
2018-05-26,34684139.1858219,155834
2018-05-27,35112338.4350296,143384
2018-05-28,33399541.4381989,192951
2018-05-29,29759847.8199336,204915
2018-05-30,37253334.681068,204891
2018-05-31,36396936.1826526,206264
2018-06-01,35540537.6842373,201858
2018-06-02,32543142.9397835,175813
2018-06-03,34898238.8104258,167198
2018-06-04,39180231.3025025,205524
2018-06-05,38570079.4652277,214242
2018-06-06,36103754.4868986,207161
2018-06-07,35121339.3988197,207335
2018-06-08,35612546.9428592,197681
2018-06-09,35121339.3988197,176022
2018-06-10,31191679.0465042,178072
2018-06-11,34384528.0827606,213701
2018-06-12,35612546.9428592,216723
2018-06-13,35121339.3988197,212718
2018-06-14,37577377.119017,212115
2018-06-15,37577377.119017,201252
2018-06-16,40770226.1552733,155858
2018-06-17,38559792.2070958,145540
2018-06-18,40279018.6112339,194397
2018-06-19,38748592.0678864,192770
2018-06-20,39122596.1405431,199288
2018-06-21,42908653.8315634,200306
2018-06-22,38112980.756271,202454
2018-06-23,40384615.3708832,159934
2018-06-24,43161057.6776314,160718
2018-06-25,39627403.8326791,202227
2018-06-26,36850961.5259309,189209
2018-06-27,30540865.3742304,189544
2018-06-28,39627403.8326791,195746
2018-06-29,38112980.756271,194630
2018-06-30,35588942.2955908,177709
2018-07-01,37103365.3719989,153443
2018-07-02,36328697.2314513,206702
2018-07-03,30929068.6931176,217338
2018-07-04,35728406.9386013,201935
2018-07-05,36528296.646182,202507
2018-07-06,42660784.4043001,200485
2018-07-07,41594264.7941926,164668
2018-07-08,42127524.5992464,157910
2018-07-09,36261666.7436551,206977
2018-07-10,39727855.4765045,215433
2018-07-11,35995036.8411282,201326
2018-07-12,37594816.2562895,207840
2018-07-13,38128076.0613432,206358
2018-07-14,35461777.0360745,175324
2018-07-15,35461777.0360745,158295
2018-07-16,31995588.3032251,213849
2018-07-17,41051426.467194,232829
2018-07-18,44793365.5190134,233249
2018-07-19,44021066.1135132,225038
2018-07-20,39644702.8156786,226470
2018-07-21,35268339.5178439,186978
2018-07-22,46852830.6003474,167495
2018-07-23,42733900.4376795,229101
2018-07-24,40931868.4915123,259522
2018-07-25,45565664.9245137,248976
2018-07-26,42476467.3025127,230206
2018-07-27,42991333.5728462,232444
2018-07-28,37327804.5991779,181696
2018-07-29,47480188.0482407,172401
2018-07-30,39630250.2088987,231060
2018-07-31,43474975.9754336,243458
2018-08-01,44362220.3830956,238104
2018-08-02,45249464.7907575,222669
2018-08-03,49094190.5572924,232465
2018-08-04,52051671.9161655,192558
2018-08-05,47319701.7419686,171233
2018-08-06,38743005.8012368,219051
2018-08-07,44657968.5189829,236513
2018-08-08,46432457.3343067,229381
2018-08-09,44066472.2472083,224091
2018-08-10,52051671.9161655,224863
2018-08-11,52485702.5441051,192213
2018-08-12,49230273.0794214,168546
2018-08-13,47642199.7542788,217348
2018-08-14,43195594.4438794,252662
2018-08-15,51135961.0695926,246292
2018-08-16,50183117.074507,231430
2018-08-17,48277429.0843358,235627
2018-08-18,50818346.404564,189867
2018-08-19,46054126.4291361,160808
2018-08-20,47642199.7542788,219696
2018-08-21,47006970.4242217,219552
2018-08-22,50818346.404564,224396
2018-08-23,47324585.0892502,217634
2018-08-24,47295605.0753526,221813
2018-08-25,45145645.9144945,194213
2018-08-26,57853309.2089448,170466
2018-08-27,61866255.5124554,227920
2018-08-28,51165065.3697604,236793
2018-08-29,46483294.6823314,235130
2018-08-30,51499477.5617197,233686
2018-08-31,51833889.7536789,238587
2018-09-01,50496240.985842,211324
2018-09-02,48155355.6421275,184405
2018-09-03,48155355.6421275,224964
2018-09-04,42135936.1868616,239053
2018-09-05,44142409.3386169,239620
2018-09-06,50161828.7938828,251946
2018-09-07,52746513.6394839,230315
2018-09-08,52338942.9548858,204695
2018-09-09,56874984.6776426,189529
2018-09-10,47105048.6593973,222834
2018-09-11,49198606.3775927,235440
2018-09-12,58619616.1094721,234777
2018-09-13,51641090.382154,238597
2018-09-14,46058269.8002995,222661
2018-09-15,48849680.0912268,207837
2018-09-16,48500753.8048609,183118
2018-09-17,47105048.6593973,234503
2018-09-18,49547532.6639586,243846
2018-09-19,54432500.6730812,254819
2018-09-20,53860675.976615,256241
2018-09-21,51200543.8778614,271751
2018-09-22,55111696.535198,219158
2018-09-23,53333899.8727723,207166
2018-09-24,52622781.207802,232771
2018-09-25,60089527.1899902,252662
2018-09-26,49422747.2154357,244200
2018-09-27,50844984.5453763,251227
2018-09-28,54756137.2027129,248966
2018-09-29,54045018.5377426,222847
2018-09-30,57956171.1950792,202606
2018-10-01,56178374.5326535,246557
2018-10-02,48711628.5504654,240379
2018-10-03,51556103.2103466,243276
2018-10-04,54987108.4738221,248357
2018-10-05,48176505.2061282,241297
2018-10-06,46323562.6982002,211031
2018-10-07,52623567.2251554,227911
2018-10-08,50029447.7140562,248404
2018-10-09,48176505.2061282,227800
2018-10-10,53364744.2283266,248451
2018-10-11,58923571.7521107,262974
2018-10-12,48917682.2092994,241875
2018-10-13,52252978.7235698,203529
2018-10-14,42247089.1807586,189268
2018-10-15,60035337.2568675,275017
2018-10-16,50029447.7140562,253557
2018-10-17,51141213.218813,255908
2018-10-18,50884200.6681646,261959
2018-10-19,50702736.5834671,251721
2018-10-20,51059798.1087028,225898
2018-10-21,49274490.4825244,204835
2018-10-22,55344536.411531,258515
2018-10-23,54987474.8862954,259288
2018-10-24,40347952.3516322,249113
2018-10-25,48917428.9572887,258172
2018-10-26,51059798.1087028,252435
2018-10-27,48560367.432053,234281
2018-10-28,49988613.5329958,215502
2018-10-29,52130982.6844099,268291
2018-10-30,54987474.8862954,287764
2018-10-31,58201028.6134165,283381
2018-11-01,54989095.6997791,287126
2018-11-02,51070835.0767113,290925
2018-11-03,57499331.799654,247512
2018-11-04,43928060.9401084,227689
2018-11-05,51427973.7835415,295977
2018-11-06,45713754.4742591,287608
2018-11-07,46428031.8879194,296293
2018-11-08,43213783.5264481,276879
2018-11-09,45356615.767429,283042
2018-11-10,46785170.5947495,247175
2018-11-11,52142251.1972018,252172
2018-11-12,49999418.9562209,298929
2018-11-13,42856644.8196179,273801
2018-11-14,48213725.4220701,298332
2018-11-15,45356615.767429,291290
2018-11-16,44814668.5643965,281416
2018-11-17,47956936.4976081,261511
2018-11-18,40680711.6496951,238029
2018-11-19,41672924.128956,269543
2018-11-20,43657349.0874777,289046
2018-11-21,34727436.77413,256543
2018-11-22,40349974.1566082,264718
2018-11-23,41342186.635869,273038
2018-11-24,47295461.5114342,251955
2018-11-25,42003661.622043,241502
2018-11-26,36711861.7326517,255328
2018-11-27,43326611.5943908,262477
2018-11-28,39027024.1842604,262267
2018-11-29,34727436.77413,245371
2018-11-30,33404486.8017821,248304
2018-12-01,41011449.1427821,242745
2018-12-02,37704074.2119126,221524
2018-12-03,34851039.8061178,241785
2018-12-04,38734427.5898648,268150
2018-12-05,36488953.5266842,256736
2018-12-06,37892374.8161721,280512
2018-12-07,31998005.4003231,256146
2018-12-08,35646900.7529915,231269
2018-12-09,35927585.0108891,237071
2018-12-10,34804847.9792988,253368
2018-12-11,35085532.2371964,255759
2018-12-12,33682110.9477085,258638
2018-12-13,36769637.7845818,266702
2018-12-14,40979901.6530454,278774
2018-12-15,41821954.4267381,263117
2018-12-16,32278689.6582207,225399
2018-12-17,44909481.2636114,296295
2018-12-18,35632316.4387212,269609
2018-12-19,37822407.4037366,302963
2018-12-20,34268624.1577479,282826
2018-12-21,35537832.4598867,280679
2018-12-22,44422290.5748584,251236
2018-12-23,44676132.2352862,249032
2018-12-24,38583932.3850198,278193
2018-12-25,40360824.0080142,259581
2018-12-26,39853140.6871587,281142
2018-12-27,44168448.9144307,302098
2018-12-28,42391557.2914363,312462
2018-12-29,35030149.1390311,265401
2018-12-30,44676132.2352862,259817
2018-12-31,40567549.5659183,262001
2019-01-01,41615985.2733756,235813
2019-01-02,42174589.1025484,271103
2019-01-03,43291796.7608941,287081
2019-01-04,41615985.2733756,283490
2019-01-05,45526212.0775854,269637
2019-01-06,39381569.9566843,251485
2019-01-07,39381569.9566843,288254
2019-01-08,47202023.5651039,317666
2019-01-09,45805513.9921718,320698
2019-01-10,43571098.6754805,322365
2019-01-11,41336683.3587892,308638
2019-01-12,38543664.212925,288972
2019-01-13,38264362.2983386,273864
2019-01-14,43489353.9009638,328198
2019-01-15,38609293.9848548,303591
2019-01-16,38901788.6362552,300170
2019-01-17,37146820.7278527,301704
2019-01-18,40364261.8932572,301071
2019-01-19,38901788.6362552,278030
2019-01-20,45921660.2698651,298153
2019-01-21,43874197.7100622,317864
2019-01-22,38024304.6820539,293737
2019-01-23,42704219.1044605,294680
2019-01-24,47384133.5268671,304938
2019-01-25,40364261.8932572,301170
2019-01-26,43874197.7100622,291468
2019-01-27,40071767.2418568,269916
2019-01-28,42053315.6218028,314000
2019-01-29,42201068.2451955,322797
2019-01-30,39310584.1188122,326328
2019-01-31,44802503.9589404,355308
2019-02-01,45669649.1968553,336300
2019-02-02,41622971.4199188,326634
2019-02-03,39888680.9440889,296555
2019-02-04,42490116.6578338,333136
2019-02-05,42490116.6578338,355590
2019-02-06,47403939.6726853,349372
2019-02-07,50294423.7990685,348678
2019-02-08,47114891.260047,338602
2019-02-09,43357261.8957488,311894
2019-02-10,41080343.9102215,300848
2019-02-11,43691361.6410391,306149
2019-02-12,38568926.1382966,280287
2019-02-13,46101919.5246827,351610
2019-02-14,42486082.6992174,355246
2019-02-15,38267606.4028412,293872
2019-02-16,45197960.3183164,328238
2019-02-17,47909837.9374153,333183
2019-02-18,46704558.9955936,340577
2019-02-19,47005878.731049,350653
2019-02-20,39171565.6092075,314347
2019-02-21,35857048.5191977,294962
2019-02-22,48813797.1437817,348456
2019-02-23,43088722.1701283,332241
2019-02-24,41300825.1419887,319278
2019-02-25,43162133.9136362,336764
2019-02-26,48595129.7908771,366379
2019-02-27,42558467.7050539,346851
2019-02-28,45274965.6436743,363432
2019-03-01,48896962.8951683,358837
2019-03-02,39841969.7664334,333961
2019-03-03,44067633.2265097,355233
2019-03-04,41351135.2878892,298916
2019-03-05,44973132.5393832,286974
2019-03-06,38634637.3492687,276931
2019-03-07,42860300.809345,284201
2019-03-08,44067633.2265097,281209
2019-03-09,41652968.3921804,242010
2019-03-10,41044308.6239489,213175
2019-03-11,42839445.3543402,295205
2019-03-12,43141131.5892299,283351
2019-03-13,40727641.7101121,289611
2019-03-14,46761366.4079065,296141
2019-03-15,46157993.938127,296890
2019-03-16,49174856.2870242,257699
2019-03-17,44046190.293899,229399
2019-03-18,48571483.8172448,295707
2019-03-19,52493404.8708111,299996
2019-03-20,48571483.8172448,309808
2019-03-21,43141131.5892299,299110
2019-03-22,48571483.8172448,300913
2019-03-23,43744504.0590093,243553
2019-03-24,47567250.8442935,225704
2019-03-25,46933020.8330363,331828
2019-03-26,42493410.7542356,364225
2019-03-27,47250135.8386649,382838
2019-03-28,46298790.821779,391284
2019-03-29,46615905.8274077,372063
2019-03-30,44078985.7823787,380746
2019-03-31,44078985.7823787,380878
2019-04-01,43127640.7654928,368694
2019-04-02,49787055.8836939,399631
2019-04-03,45030330.7992646,359553
2019-04-04,44396100.7880073,355050
2019-04-05,50104170.8893225,389172
2019-04-06,44084457.1991955,358555
2019-04-07,44809649.5150318,350634
2019-04-08,47034242.0441469,371209
2019-04-09,41949459.1204553,346875
2019-04-10,47034242.0441469,396407
2019-04-11,49894432.4387234,402681
2019-04-12,47987638.842339,370652
2019-04-13,42902855.9186475,372612
2019-04-14,38771469.7931481,337631
2019-04-15,46080845.2459547,378373
2019-04-16,46080845.2459547,360057
2019-04-17,43856252.7168397,350486
2019-04-18,47352040.9768776,383772
2019-04-19,48305437.7750698,361175
2019-04-20,41631660.1877246,316867
2019-04-21,51189192.6714095,391493
2019-04-22,42318655.5416624,343644
2019-04-23,36634060.0211406,308585
2019-04-24,51477170.5469476,408325
2019-04-25,45160953.3019233,381671
2019-04-26,47687440.199933,382165
2019-04-27,43266088.128416,360931
2019-04-28,51477170.5469476,370571
2019-04-29,51477170.5469476,375559
2019-04-30,44213520.7151697,343390
2019-05-01,54003657.4449573,441332
2019-05-02,58109198.654223,453346
2019-05-03,48003251.0621842,380134
2019-05-04,43092854.4112328,355688
2019-05-05,42978500.6950409,329799
2019-05-06,50308167.4802416,379526
2019-05-07,42312167.3509317,331131
2019-05-08,50641334.1522962,392431
2019-05-09,49975000.808187,362109
2019-05-10,41645834.0068226,322692
2019-05-11,43311667.3670955,342753
2019-05-12,52640334.1846237,335831
2019-05-13,55638834.2331149,395478
2019-05-14,50641334.1522962,365699
2019-05-15,49641834.1361325,367621
2019-05-16,48642334.1199687,376258
2019-05-17,50308167.4802416,360950
2019-05-18,50987355.5821806,356335
2019-05-19,54326123.0260991,349207
2019-05-20,53659544.8294598,382185
2019-05-21,50993232.0429028,381653
2019-05-22,55659279.4193776,394258
2019-05-23,52659677.5345009,386213
2019-05-24,50993232.0429028,375098
2019-05-25,46660473.7647477,336585
2019-05-26,54992701.2227383,378005
2019-05-27,55659279.4193776,397195
2019-05-28,54659412.1244187,387999
2019-05-29,57992303.107615,405506
2019-05-30,53851726.7142329,380276
2019-05-31,43386260.5763855,297215
2019-06-01,55994233.7353351,332532
2019-06-02,48577778.935953,296672
2019-06-03,44127906.0563237,298454
2019-06-04,57106701.9552424,375104
2019-06-05,59331638.395057,372790
2019-06-06,58219170.1751497,364084
2019-06-07,58589992.9151188,350679
2019-06-08,45982019.7561692,289229
2019-06-09,54510942.7754586,303848
2019-06-10,58219170.1751497,353081
2019-06-11,53027651.8155822,342338
2019-06-12,48577778.935953,327686
2019-06-13,55994233.7353351,364181
2019-06-14,62251625.6357354,366631
2019-06-15,53775192.2320143,328798
2019-06-16,47882020.4805607,290875
2019-06-17,48986990.1839583,324974
2019-06-18,60036687.2179338,395670
2019-06-19,65193212.5004558,393499
2019-06-20,53038545.7630826,335359
2019-06-21,48986990.1839583,340137
2019-06-22,51933576.0596851,348735
2019-06-23,66666505.4383192,379617
2019-06-24,65193212.5004558,389565
2019-06-25,53775192.2320143,362627
2019-06-26,60773333.6868655,400110
2019-06-27,55670540.6800857,361594
2019-06-28,64293187.5738047,402045
2019-06-29,68631991.6432025,359234
2019-06-30,59954383.5044069,331336
2019-07-01,56404452.9021723,334925
2019-07-02,62321003.9058966,372380
2019-07-03,67843118.1760393,397650
2019-07-04,65870934.5081312,367092
2019-07-05,74548542.6469268,383936
2019-07-06,70209738.577529,343762
2019-07-07,60348820.2379885,317421
2019-07-08,70209738.577529,382393
2019-07-09,66020895.9353463,360758
2019-07-10,58125055.93338185,319829
2019-07-11,58125055.93338185,324853
2019-07-12,73895419.94631507,358858
2019-07-13,63532037.880673245,304776
2019-07-14,65334365.19643704,303453
2019-07-15,65784947.02537798,349052
2019-07-16,72994256.28843316,363942
2019-07-17,59927383.24914565,325893
2019-07-18,54520401.301854275,316059
2019-07-19,53168655.81503144,295703
2019-07-20,79752983.72254743,316713
2019-07-21,67136692.51220085,290166
2019-07-22,71191928.97266938,319856
2019-07-23,64200324.93722811,318384
2019-07-24,62282811.34553916,297882
2019-07-25,67211666.91964662,332671
2019-07-26,74380911.39107564,321796
2019-07-27,68107822.47857523,285151
2019-07-28,78413611.40625447,270123
2019-07-29,75277066.95000428,336634
2019-07-30,63627044.68393211,325262
2019-07-31,76621300.28839722,365194
2019-08-01,63627044.68393211,333913
2019-08-02,75725144.72946858,351743
2019-08-03,77517455.84732585,321871
2019-08-04,74828989.17053996,298741
2019-08-05,70546861.81990622,339296
2019-08-06,79916269.03403816,371039
2019-08-07,75945274.29942758,370946
2019-08-08,70485156.53933802,337539
2019-08-09,72967028.24846964,340632
2019-08-10,74952525.61577493,296009
2019-08-11,75945274.29942758,273676
2019-08-12,66017787.46290111,303296
2019-08-13,77930771.66673285,372239
2019-08-14,75448899.95760125,360140
2019-08-15,77930771.66673285,347508
2019-08-16,72967028.24846964,329465
2019-08-17,63535915.753769495,288730
2019-08-18,62789407.41868819,272544
2019-08-19,82514504.79037575,333840
2019-08-20,77452265.23268399,329880
2019-08-21,68846457.984608,310110
2019-08-22,71377577.76345386,321501
2019-08-23,77452265.23268399,341649
2019-08-24,80995832.92306823,302706
2019-08-25,78464713.14422233,288354
2019-08-26,69352681.94037716,320470
2019-08-27,68340234.02883881,324695
2019-08-28,76439817.32114564,339895
2019-08-29,83526952.7019141,346467
2019-08-30,80995832.92306823,353926
2019-08-31,84033176.65768328,334787
2019-09-01,76105398.3346369,286147
2019-09-02,79786349.93155265,332061
2019-09-03,87818532.81056806,370996
2019-09-04,72825124.76973927,324650
2019-09-05,88354011.66916907,354399
2019-09-06,84605659.65896188,361399
2019-09-07,80321828.79015365,313050
2019-09-08,94779757.97238144,288498
2019-09-09,78179913.35574953,316630
2019-09-10,97457152.26538657,338913
2019-09-11,98528109.9825886,335304
2019-09-12,84605659.65896188,339021
2019-09-13,81990003.47587636,304604
2019-09-14,91618125.62606,305924
2019-09-15,86889448.17439239,269747
2019-09-16,96346803.07772762,349425
2019-09-17,87480532.85585083,344330
2019-09-18,102848734.57377055,360321
2019-09-19,87480532.85585083,347535
2019-09-20,89253786.90022619,346533
2019-09-21,98120057.12210296,327703
2019-09-22,98120057.12210296,320368
2019-09-23,67383653.68626347,291156
2019-09-24,92800294.9889769,354704
2019-09-25,92209210.30751844,344325
2019-09-26,102371761.97619784,351788
2019-09-27,83726816.31844728,307940
2019-09-28,100852756.01994784,314444
2019-09-29,86263992.57052143,288605
2019-09-30,82458228.1924102,310433
2019-10-01,90704051.0116512,331458
2019-10-02,93875521.32674389,329482
2019-10-03,93241227.26372536,327406
2019-10-04,93241227.26372536,336945
2019-10-05,100218461.9569293,327164
2019-10-06,94509815.38976245,271853
2019-10-07,98315579.76787366,329430
2019-10-08,102755638.20900343,332738
2019-10-09,87532580.6965585,313118
2019-10-10,103742972.6980896,349406
2019-10-11,100875176.08460964,346995
2019-10-12,86002553.969571,294174
2019-10-13,91822275.66676004,286586
2019-10-14,87295825.4578352,304204
2019-10-15,98935268.85221332,343443
2019-10-16,92468911.41089214,333799
2019-10-17,96995361.61981696,335681
2019-10-18,103461719.06113812,336621
2019-10-19,91822275.66676004,309836
2019-10-20,94408818.6432885,281555
2019-10-21,102815083.317006,356016
2019-10-22,109281440.7583272,343436
2019-10-23,109314233.41859664,342228
2019-10-24,90520752.85884188,308626
2019-10-25,93923788.68060283,329616
2019-10-26,95285003.00930724,303527
2019-10-27,78269823.90050235,259835
2019-10-28,91201360.02319407,305938
2019-10-29,90520752.85884188,309538
2019-10-30,91201360.02319407,308902
2019-10-31,89840145.69448967,300632
2019-11-01,88478931.36578529,315875
2019-11-02,91201360.02319407,284358
2019-11-03,93923788.68060283,288785
2019-11-04,89840145.69448967,310329
2019-11-05,98007431.66671602,335704
2019-11-06,89840145.69448967,310101
2019-11-07,91495629.00498705,331125
2019-11-08,80936306.11613324,312840
2019-11-09,91053344.3806499,296119
2019-11-10,104964271.99436028,305653
2019-11-11,95479548.62137592,327772
2019-11-12,85362510.35685928,301363
2019-11-13,85362510.35685928,316690
2019-11-14,106861216.66895716,346544
2019-11-15,99905752.862102,328438
2019-11-16,93582603.94677904,280324
2019-11-17,97376493.2959728,267492
2019-11-18,88524084.81452073,306782
2019-11-19,92950289.05524676,325197
2019-11-20,89788714.59758532,320826
2019-11-21,87206195.79641934,326131
2019-11-22,85127203.65307556,303688
2019-11-23,111568229.0301672,312324
2019-11-24,84482300.59509772,264419
2019-11-25,80612882.24723066,283328
2019-11-26,78678173.07329711,319461
2019-11-27,89641525.05892047,312560
2019-11-28,105119198.45038874,316000
2019-11-29,87706815.88498695,305085
2019-11-30,81257785.3052085,284912
2019-12-01,89641525.05892047,268135
2019-12-02,93510943.40678756,318601
2019-12-03,101894683.16049951,333969
2019-12-04,107698810.68230017,332204
2019-12-05,93362398.66941904,319133
2019-12-06,92816137.37716064,311069
2019-12-07,99217250.29972345,282629
2019-12-08,94736471.25392948,278763
2019-12-09,94736471.25392948,316995
2019-12-10,94736471.25392948,321466
2019-12-11,84494690.57782899,288155
2019-12-12,85134801.87008528,310072
2019-12-13,97296916.4229546,329512
2019-12-14,96656805.13069834,291279
2019-12-15,79373800.23977876,258366
2019-12-16,100497472.884236,330126
2019-12-17,90255692.20813552,314849
2019-12-18,85774913.16234156,318200
2019-12-19,100640144.00517271,319162
2019-12-20,100413778.96363248,332107
2019-12-21,113287340.36922646,305042
2019-12-22,108781593.87726855,282133
2019-12-23,92045964.0499964,313917
2019-12-24,80459758.78496182,283750
2019-12-25,82390792.9958009,241535
2019-12-26,107494237.73670918,302825
2019-12-27,93333320.1905558,325259
2019-12-28,95908032.4716746,291276
2019-12-29,99770100.89335278,281440
2019-12-30,106850559.66642946,326626
2019-12-31,93333320.1905558,289968
2020-01-01,112929774.50430363,251867
2020-01-02,96717718.31238092,291935
2020-01-03,115924073.72193182,323153
2020-01-04,115238132.457305,282301
2020-01-05,111808426.13417092,288212
2020-01-06,92602070.72462,297843
2020-01-07,120725662.57431954,347212
2020-01-08,97403659.57700774,318633
2020-01-09,107692778.54641,322838
2020-01-10,102205248.42939548,332463
2020-01-11,111808426.13417092,303555
2020-01-12,103577130.9586491,278853
2020-01-13,98089600.84163456,299786
2020-01-14,99850250.9686384,346978
2020-01-15,110915119.3661842,328833
2020-01-16,116791417.08094886,326587
2020-01-17,116791417.08094886,323884
2020-01-18,96958912.29361787,290970
2020-01-19,110180582.1518386,282105
2020-01-20,111649656.58052978,312967
2020-01-21,112384193.79487535,311835
2020-01-22,114587805.43791208,326380
2020-01-23,116791417.08094886,337280
2020-01-24,111649656.58052978,311823
2020-01-25,120464103.15267676,283292
2020-01-26,105038821.65141945,256739
2020-01-27,94755300.65058112,285400
2020-01-28,107492950.68599442,339784
2020-01-29,123011831.71279211,340075
2020-01-30,119936535.91997232,332584
2020-01-31,110710648.541513,329369
2020-02-01,116092416.17894764,304884
2020-02-02,109941824.59330806,292383
2020-02-03,113785944.3343328,336226
2020-02-04,101484761.16305356,307816
2020-02-05,122243007.76458718,363153
2020-02-06,103791233.00766842,321928
2020-02-07,106866528.80048823,333319
2020-02-08,106866528.80048823,315526
2020-02-09,117630064.07535753,318974
2020-02-10,93796521.681004,295461
2020-02-11,114210895.7545908,361869
2020-02-12,109742275.1892226,350973
2020-02-13,108969442.26535484,336765
2020-02-14,104332444.72214828,329123
2020-02-15,109742275.1892226,316931
2020-02-16,109742275.1892226,299527
2020-02-17,121334769.04723918,337935
2020-02-18,115924938.5801648,327054
2020-02-19,108969442.26535484,340104
2020-02-20,97376948.40733844,311982
2020-02-21,119016270.27563588,341390
2020-02-22,114379272.73242924,300166
2020-02-23,109742275.1892226,289114
2020-02-24,108969442.26535484,328045
2020-02-25,111005384.3400511,339313
2020-02-26,104700775.42728595,328537
2020-02-27,113169220.49861053,338194
2020-02-28,121637665.56993525,361653
2020-02-29,107010351.35582905,309086
2020-03-01,136264979.78404152,312717
2020-03-02,114708937.78430596,341655
2020-03-03,117788372.35569674,346828
2020-03-04,128566393.35556456,350503
2020-03-05,125486958.78417374,350421
2020-03-06,119328089.64139213,338758
2020-03-07,120867806.92708752,313782
2020-03-08,121637665.56993525,304534
2020-03-09,120142063.4511651,347351
2020-03-10,108616241.39191228,329508
2020-03-11,97919187.31543608,290284
2020-03-12,124250397.34983888,346057
2020-03-13,102856289.19688664,279662
2020-03-14,105324840.13761193,276029
2020-03-15,97919187.31543608,224876
2020-03-16,97919187.31543608,269587
2020-03-17,101210588.56973644,279277
2020-03-18,82285031.35750929,233212
2020-03-19,88044983.55253497,265543
2020-03-20,89690684.17968515,282852
2020-03-21,102033438.88331154,238359
2020-03-22,104501989.82403682,215499
2020-03-23,92159235.12041044,256978
2020-03-24,108616241.39191228,280363
2020-03-25,75702228.84890854,219772
2020-03-26,111836546.3991491,286521
2020-03-27,107197274.86378048,273175
2020-03-28,93365368.42974424,241957
2020-03-29,104430893.57697324,234751
2020-03-30,101664512.29016598,278279
2020-03-31,109963656.15058772,288338
2020-04-01,105814084.22037683,285331
2020-04-02,105814084.22037683,300020
2020-04-03,91290582.4646388,276158
2020-04-04,108580465.50718407,255653
2020-04-05,121029181.2978167,237774
2020-04-06,88524201.17783155,282652
2020-04-07,116188014.04590404,310534
2020-04-08,103260704.52088556,283150
2020-04-09,112650577.8263946,289249
2020-04-10,119234053.15391116,286082
2020-04-11,116308064.11945938,249141
2020-04-12,111919080.56778164,232510
2020-04-13,125086031.2228148,281944
2020-04-14,122891539.44697596,303129
2020-04-15,123623036.70558888,309402
2020-04-16,112650577.8263946,321911
2020-04-17,92900151.8438449,287202
2020-04-18,115576566.86084642,285552
2020-04-19,111187583.3091687,254065
2020-04-20,117771058.63668528,307154
2020-04-21,116039619.81187668,311455
2020-04-22,103923467.23346885,283681
2020-04-23,112649865.24543951,327396
2020-04-24,114236483.06579782,317682
2020-04-25,107890011.7843646,278517
2020-04-26,108683320.69454376,257046
2020-04-27,111856556.33526036,311090
2020-04-28,122169572.16758937,326468
2020-04-29,115029791.97597696,330308
2020-04-30,107096702.87418544,320861
2020-05-01,111856556.33526036,330551
2020-05-02,117409718.70651443,292646
2020-05-03,133275896.91009754,283545
2020-05-04,125342807.80830598,324017
2020-05-05,126330903.87563804,327645
2020-05-06,123288445.65559772,334650
2020-05-07,117684425.39852506,343684
2020-05-08,109678682.17413558,324693
2020-05-09,108878107.85169664,310119
2020-05-10,136097634.81462088,283795
2020-05-11,125690168.62291455,311653
2020-05-12,116883851.07608612,342304
2020-05-13,95268344.37023447,299956
2020-05-14,91265472.75803976,268116
2020-05-15,100071790.3048682,311224
2020-05-16,100872364.62730716,295280
2020-05-17,81658580.88877237,236007
2020-05-18,102473513.27218504,275691
2020-05-19,92066047.08047871,272964
2020-05-20,86731596.76375672,276199
2020-05-21,98579623.70355073,302259
2020-05-22,83529299.47400093,278942
2020-05-23,89549429.16582084,267042
2020-05-24,87291880.53138837,216545
2020-05-25,94064526.43468578,267395
2020-05-26,93312010.2232083,286759
2020-05-27,103847237.18389316,299984
2020-05-28,98579623.70355073,299064
2020-05-29,95569558.85764076,282773
2020-05-30,117392528.99048796,284116
2020-05-31,112877431.72162303,258529
2020-06-01,100837172.3379832,302044
2020-06-02,97074591.28059576,308948
2020-06-03,104599753.39537065,311153
2020-06-04,108319274.22458892,315771
2020-06-05,122192367.72521374,331389
2020-06-06,133797229.46448,281291
2020-06-07,108539589.20842996,254724
2020-06-08,110587505.98594747,316297
2020-06-09,109222228.13426912,328115
2020-06-10,111952783.83762586,324907
2020-06-11,126288201.28024888,336672
2020-06-12,111270144.91178666,309817
2020-06-13,107856950.28259078,283164
2020-06-14,116048617.392661,279097
2020-06-15,94204171.7658072,292792
2020-06-16,106884937.53919552,343031
2020-06-17,108283617.57348618,330975
2020-06-18,96513659.14158548,283106
2020-06-19,112206937.0507864,345029
2020-06-20,107498953.67802612,281510
2020-06-21,114560928.73716654,256980
2020-06-22,112206937.0507864,307776
2020-06-23,123976895.48268712,351192
2020-06-24,109068281.46894622,311143
2020-06-25,110637609.25986633,315538
2020-06-26,128684878.8554474,328405
2020-06-27,108283617.57348618,272210
2020-06-28,117699584.31900674,265941
2020-06-29,113776264.8417065,314488
2020-06-30,115344545.21897344,306323
2020-07-01,127111309.03923196,378081
2020-07-02,128680584.45946936,339419
2020-07-03,127895946.74935064,327948
2020-07-04,123188120.4886384,292761
2020-07-05,127895946.74935064,273114
2020-07-06,120834207.3582823,337284
2020-07-07,126326671.32911325,349022
2020-07-08,118480294.22792618,347004
2020-07-09,128680584.45946936,360126
2020-07-10,126326671.32911325,345294
2020-07-11,122403482.7785197,310565
2020-07-12,119264931.93804488,280425
2020-07-13,121474836.12740123,311275
2020-07-14,124167138.54257391,357160
2020-07-15,118993507.76996668,318436
2020-07-16,117268964.1790976,347671
2020-07-17,101748071.86127588,290533
2020-07-18,112095333.40649036,313304
2020-07-19,112957605.20192488,274629
2020-07-20,121580323.1562703,312187
2020-07-21,107783974.42931764,313100
2020-07-22,124167138.54257391,362798
2020-07-23,117268964.1790976,336506
2020-07-24,138825759.0649611,369218
2020-07-25,122442594.95170484,290603
2020-07-26,136238943.6786575,301312
2020-07-27,128082098.07778554,325521
2020-07-28,121437040.3952344,354433
2020-07-29,123949530.88617031,348023
2020-07-30,113062072.09211469,329417
2020-07-31,128137015.03773022,355688
2020-08-01,114737065.75273862,292274
2020-08-02,118087053.07398652,287133
2020-08-03,135674486.51053798,334722
2020-08-04,121437040.3952344,331448
2020-08-05,108037091.11024292,291603
2020-08-06,130649505.52866612,355285
2020-08-07,127299518.20741823,327415
2020-08-08,118924549.9042985,277399
2020-08-09,130649505.52866612,275199
2020-08-10,114926419.49958968,307280
2020-08-11,129741892.84212302,348465
2020-08-12,132269332.31307349,342524
2020-08-13,123844534.076572,330257
2020-08-14,140694130.54957497,364429
2020-08-15,131426852.48942332,309355
2020-08-16,128056933.19482274,293129
2020-08-17,105309977.95626876,289826
2020-08-18,117947175.31102096,345122
2020-08-19,116262215.6637207,336660
2020-08-20,123002054.25292186,331546
2020-08-21,130584372.66577318,313078
2020-08-22,114577256.0164204,308966
2020-08-23,132269332.31307349,287940
2020-08-24,128593100.89647324,334304
2020-08-25,111720008.69546545,301021
2020-08-26,123939384.64653216,328396
2020-08-27,112592821.26339878,324735
2020-08-28,142268448.5731322,352344
2020-08-29,127430634.91826548,291205
2020-08-30,110847196.12753214,266126
2020-08-31,130921885.18999884,310357
2020-09-01,134413135.46173215,371778
2020-09-02,125685009.78239882,320017
2020-09-03,112592821.26339878,309835
2020-09-04,117829696.6709988,300021
2020-09-05,123066572.0785988,324594
2020-09-06,130921885.18999884,258964
2020-09-07,151709442.06778005,328020
2020-09-08,133652505.32879294,329714
2020-09-09,128478859.9612268,321941
2020-09-10,136239328.01257607,343183
2020-09-11,118993843.45402215,308280
2020-09-12,146586618.7477084,297027
2020-09-13,139688424.92428684,256977
2020-09-14,151760264.11527455,353963
2020-09-15,134514779.55672064,335248
2020-09-16,133652505.32879294,340027
2020-09-17,153484812.57112998,347774
2020-09-18,142275247.6080699,326660
2020-09-19,128478859.9612268,292875
2020-09-20,135654384.57842135,261651
2020-09-21,139219832.7594406,299730
2020-09-22,123857644.31701958,311008
2020-09-23,136339422.42648664,349540
2020-09-24,131538738.53823008,318555
2020-09-25,162263115.42307213,345399
2020-09-26,144020516.64769718,281747
2020-09-27,145940790.2029998,258919
2020-09-28,123857644.31701958,297685
2020-09-29,135379285.64883533,345931
2020-09-30,149781337.31360504,351403
2020-10-01,119056960.428763,304377
2020-10-02,130578601.76057877,315938
2020-10-03,144980653.4253485,303899
2020-10-04,151587945.74942547,274508
2020-10-05,134303836.4311297,295868
2020-10-06,124710705.2574776,318289
2020-10-07,144856280.72214702,369576
2020-10-08,155408725.0131643,329472
2020-10-09,136222462.66586015,339374
2020-10-10,137181775.7832253,294652
2020-10-11,134303836.4311297,257292
2020-10-12,142937654.4874166,315903
2020-10-13,159245977.48262516,330320
2020-10-14,142937654.4874166,318750
2020-10-15,144856280.72214702,337702
2020-10-16,148693533.19160783,319791
2020-10-17,152593470.69353917,278655
2020-10-18,119288755.69898535,234650
2020-10-19,124259120.5197764,303148
2020-10-20,143146506.83878234,331386
2020-10-21,129229485.34056744,308240
2020-10-22,136187996.0896749,341549
2020-10-23,130223558.30472566,321018
2020-10-24,151099090.55204803,304224
2020-10-25,116306536.80651072,242596
2020-10-26,109348026.05740324,255058
2020-10-27,98413223.45166296,255102
2020-10-28,99407296.41582118,259212
2020-10-29,107359880.12908688,277836
2020-10-30,110342099.02156147,267995
2020-10-31,112330244.9498779,274513
2020-11-01,124259120.5197764,276664
2020-11-02,94436931.59503014,225214
2020-11-03,123534519.48211516,330051
2020-11-04,132689483.09191573,319925
2020-11-05,122675182.48120517,319993
2020-11-06,127682332.7865603,334639
2020-11-07,121840657.43031262,273328
2020-11-08,115164457.02317227,243396
2020-11-09,154387134.41512182,320528
2020-11-10,122675182.48120517,308276
2020-11-11,122675182.48120517,318925
2020-11-12,133524008.14280824,329630
2020-11-13,115998982.3411126,301426
2020-11-14,118502557.09321824,272079
2020-11-15,125178757.6338828,248137
2020-11-16,135735925.23468184,312340
2020-11-17,137334451.1504863,350945
2020-11-18,147831351.5740522,362407
2020-11-19,119839616.50472264,309724
2020-11-20,146956610.2686377,346562
2020-11-21,147831351.5740522,308830
2020-11-22,152205060.20050347,273653
2020-11-23,128587033.61766668,301519
2020-11-24,118964874.63947392,330918
2020-11-25,135584967.55994713,362628
2020-11-26,131211259.21341324,321713
2020-11-27,134710225.69469845,323696
2020-11-28,134710225.69469845,292638
2020-11-29,135787629.27682322,259705
2020-11-30,107610727.91731204,262264
2020-12-01,144750713.6586849,378285
2020-12-02,124752259.7979457,327335
2020-12-03,149512250.29219425,343706
2020-12-04,137132255.04506996,315591
2020-12-05,137132255.04506996,283933
2020-12-06,129513796.43145505,256611
2020-12-07,142846099.0052812,305857
2020-12-08,137132255.04506996,329557
2020-12-09,132370718.71629883,323845
2020-12-10,123799952.47124384,311527
2020-12-11,131418411.08485878,304342
2020-12-12,125704567.12464756,296177
2020-12-13,148342069.0427936,274709
2020-12-14,134574370.80097473,313940
2020-12-15,129933875.82961448,322798
2020-12-16,132718173.76280424,313973
2020-12-17,119724785.58585908,308001
2020-12-18,145711560.75178188,377227
2020-12-19,146639659.56785923,339766
2020-12-20,140142965.92487437,282293
2020-12-21,126221478.78335664,274086
2020-12-22,132718173.76280424,322307
2020-12-23,142927263.4125759,337585
2020-12-24,116940488.24665304,271363
2020-12-25,133646272.28188916,298020
2020-12-26,127149578.49040844,277615
2020-12-27,137344635.42361856,304240
2020-12-28,147934525.66917643,314503
2020-12-29,140537799.38571763,334580
2020-12-30,159029615.0943647,340919
2020-12-31,153482070.67763954,338444
2021-01-01,137764026.73355144,261318
2021-01-02,139613208.60028526,297595
2021-01-03,146085344.09831175,359641
2021-01-04,159954206.02773148,370865
2021-01-05,145160753.60874835,355008
2021-01-06,163652569.02152643,398455
2021-01-07,155331252.39643875,402123
2021-01-08,136839436.2439882,358440
2021-01-09,134307072.19635198,318922
2021-01-10,162879650.92477036,332604
2021-01-11,157757649.32336253,333441
2021-01-12,151611247.72948113,336350
2021-01-13,155708849.33841553,320071
2021-01-14,150586847.08139154,338553
2021-01-15,158782049.8075481,345053
2021-01-16,150586846.5896793,308421
2021-01-17,136245242.43354535,268872
2021-01-18,148538046.4408284,313873
2021-01-19,152635647.7219547,326366
2021-01-20,144440445.15970212,315516
2021-01-21,132147640.82461096,288464
2021-01-22,144440445.15970212,326671
2021-01-23,160859266.69140872,303320
2021-01-24,143884925.71895775,254109
2021-01-25,144920068.40457904,312958
2021-01-26,166658079.04619855,335923
2021-01-27,146990355.43205088,323598
2021-01-28,150095785.47638997,325159
2021-01-29,157341788.91318125,339577
2021-01-30,140779494.68088105,313065
2021-01-31,149060642.12827694,287082
2021-02-01,123182058.42545108,283467
2021-02-02,158376932.26129428,363397
2021-02-03,155271502.21695518,345764
2021-02-04,165622935.5324627,367536
2021-02-05,174939225.66548,360061
2021-02-06,169173097.28623727,328082
2021-02-07,166219497.49211165,286807
2021-02-08,172612555.61907768,340919
2021-02-09,152367873.85185272,359788
2021-02-10,152367873.85185272,340736
2021-02-11,137450738.2222654,301861
2021-02-12,151302363.39685816,347247
2021-02-13,167285007.94710624,333184
2021-02-14,157695421.52382416,297041
2021-02-15,161957460.27513483,312281
2021-02-16,128926662.25397788,293716
2021-02-17,147040324.64554748,318209
2021-02-18,145974815.72488672,317446
2021-02-19,163253417.20803392,340244
2021-02-20,157667240.26214835,321732
2021-02-21,152267677.5909614,272006
2021-02-22,143628376.07300296,284119
2021-02-23,137148899.93453413,288011
2021-02-24,171706104.4512937,354258
2021-02-25,168466365.60452223,328850
2021-02-26,150107852.21147177,305149
2021-02-27,169546279.0718041,322758
2021-02-28,141468550.69351333,252499
2021-03-01,140388638.7813056,278708
2021-03-02,154427502.970451,340722
2021-03-03,164146716.40061715,332985
2021-03-04,138228813.401816,290966
2021-03-05,160906977.55384567,315193
2021-03-06,162185767.0079194,288073
2021-03-07,155665152.0772381,259265
2021-03-08,165260949.11257932,294249
2021-03-09,149267953.54190147,299423
2021-03-10,158863750.57724267,342661
2021-03-11,140738357.0301135,293471
2021-03-12,159929951.1007959,320069
2021-03-13,152466553.57723355,276253
2021-03-14,167393348.6243582,305716
2021-03-15,157797551.589017,295380
2021-03-16,158863750.57724267,319854
2021-03-17,145003154.51834372,290856
2021-03-18,162062350.61257476,335857
2021-03-19,158461331.28345832,315088
2021-03-20,167389188.3483424,281882
2021-03-21,169563074.09425303,240660
2021-03-22,164128360.5120752,295471
2021-03-23,174997789.2416285,316687
2021-03-24,165215304.16762933,301818
2021-03-25,167389188.3483424,320449
2021-03-26,147824218.20034403,293636
2021-03-27,172823903.49571785,286113
2021-03-28,172823903.49571785,244181
2021-03-29,164128360.5120752,307500
2021-03-30,158693646.92989737,323613
2021-03-31,170650017.74980718,330775
2021-04-01,157606703.2743432,315091
2021-04-02,160833893.90764642,302587
2021-04-03,150672055.36305547,278911
2021-04-04,167924581.38053048,247000
2021-04-05,179426264.28801888,289931
2021-04-06,165624244.46778432,310254
2021-04-07,180576433.57251316,318898
2021-04-08,154122561.56029594,280374
2021-04-09,174825592.118769,322101
2021-04-10,180576433.57251316,300140
2021-04-11,166774412.09603617,254567
2021-04-12,165624244.46778432,291473
2021-04-13,163323907.55503815,310996
2021-04-14,155272729.1885478,295564
2021-04-15,198624496.4285958,358905
2021-04-16,120743465.93956694,218612
2021-04-17,106676264.94260553,195677
2021-04-18,145361065.15215343,276174
2021-04-19,113709865.44108623,207290
2021-04-20,150050132.1511406,280365
2021-04-21,118398932.44007336,226747
2021-04-22,167634132.55331036,269958
2021-04-23,158255998.5553361,296653
2021-04-24,169978664.36473995,291934
2021-04-25,165289599.0538168,241657
2021-04-26,133638399.34274958,241837
2021-04-27,166461864.9595316,297541
2021-04-28,166461864.9595316,276370
2021-04-29,143016531.6526599,256358
2021-04-30,169978664.36473995,292939
2021-05-01,158215613.46069756,260173
2021-05-02,189527186.1724504,235137
2021-05-03,181331416.76498824,288071
2021-05-04,185429300.7311,300350
2021-05-05,160841991.0334749,309762
2021-05-06,174160117.98024437,310841
2021-05-07,176209059.22568092,306397
2021-05-08,175184588.60296264,275777
2021-05-09,190551658.27040732,246707
2021-05-10,184404830.10838172,305887
2021-05-11,176209059.22568092,309496
2021-05-12,176209059.22568092,301570
2021-05-13,186999513.86234707,274151
2021-05-14,166839066.08152363,267317
2021-05-15,153143321.7171525,231360
2021-05-16,164348930.5795564,219486
2021-05-17,150653186.21518525,252917
2021-05-18,124506764.34097786,220564
2021-05-19,155633457.21911976,264932
2021-05-20,139447577.35278136,226451
2021-05-21,136957441.8508141,225921
2021-05-22,144427848.35671583,221219
2021-05-23,148163050.713218,195260
2021-05-24,156878524.07365465,236897
2021-05-25,153143321.7171525,232254
2021-05-26,151898253.06972015,228063
2021-05-27,145672915.21125075,217523
2021-05-28,148163050.713218,217451
2021-05-29,144427848.35671583,192912
2021-05-30,150864303.39569443,182281
2021-05-31,147526659.5228379,229620
2021-06-01,148572947.21506172,231423
2021-06-02,173683868.40164092,252343
2021-06-03,153804388.68949127,253523
2021-06-04,137063775.06732357,235300
2021-06-05,137063775.06732357,192819
2021-06-06,156943254.7794732,188480
2021-06-07,139156351.95842645,237064
2021-06-08,155896965.58059415,245071
2021-06-09,131832333.59289402,213689
2021-06-10,123462026.02848256,252966
2021-06-11,109860278.49629676,212379
2021-06-12,138110064.26620263,223896
2021-06-13,136447345.8977942,182420
2021-06-14,133766696.21889952,248537
2021-06-15,129803238.23607774,242092
2021-06-16,121876323.69727892,254125
2021-06-17,128812374.45379467,236736
2021-06-18,122867187.479562,224077
2021-06-19,102059035.21001476,182467
2021-06-20,104040764.20142566,168027
2021-06-21,104040764.20142566,208474
2021-06-22,90168661.26154941,196802
2021-06-23,100077306.21860388,233460
2021-06-24,104040764.20142566,226845
2021-06-25,108995085.96653052,223011
2021-06-26,88186933.69698328,180868
2021-06-27,57470136.470381595,123967
2021-06-28,87196068.48785545,215492
2021-06-29,89177797.47926635,207236
2021-06-30,87196068.48785545,217133
2021-07-01,95122984.45349902,232056
2021-07-02,89177797.47926635,189904
2021-07-03,97321703.03432867,234315
2021-07-04,82108835.9632785,169312
2021-07-05,94246664.36212581,223372
2021-07-06,101386562.69452158,232857
2021-07-07,87820755.45171146,220912
2021-07-08,99244593.40043193,228850
2021-07-09,93532673.91199897,223467
2021-07-10,114952370.96547714,193966
2021-07-11,89248735.3238197,160653
2021-07-12,89962724.74580109,225239
2021-07-13,97102623.07819687,227411
2021-07-14,121378279.87589152,235584
2021-07-15,91390704.61790933,224713
2021-07-16,107098482.18295453,223179
2021-07-17,101825980.89464508,181727
2021-07-18,97872242.08868937,163158
2021-07-19,115543619.56746826,228590
2021-07-20,82919538.21875687,228207
2021-07-21,98551910.00153977,237007
2021-07-22,103989257.21923248,223683
2021-07-23,91755226.95814629,234138
2021-07-24,104668925.13208283,196325
2021-07-25,103989257.21923248,172110
2021-07-26,101950252.50195892,269826
2021-07-27,115543619.56746826,251334
2021-07-28,106707930.82807882,255513
2021-07-29,108746935.54535235,261353
2021-07-30,112824945.95862192,250833
2021-07-31,112670630.57380445,204354
2021-08-01,110975800.32998534,190234
2021-08-02,103048958.33872564,236019
2021-08-03,121785131.92177844,246833
2021-08-04,98004602.83491196,237723
2021-08-05,115299533.17424172,249454
2021-08-06,114578911.55238023,258639
2021-08-07,120343887.64035964,207621
2021-08-08,113858288.89282292,197270
2021-08-09,109534557.08626235,254532
2021-08-10,118902643.35894084,259626
2021-08-11,105931445.86386745,261571
2021-08-12,108813934.42670503,252677
2021-08-13,108438697.15589663,256053
2021-08-14,126820808.67061576,211657
2021-08-15,140740165.7062498,181221
2021-08-16,124500916.20252626,270372
2021-08-17,133007188.95670392,254546
2021-08-18,104395177.76725549,247197
2021-08-19,119087831.92106985,254656
2021-08-20,123727617.9707974,272396
2021-08-21,131460594.72034328,216018
2021-08-22,126820808.67061576,191939
2021-08-23,152339630.2737944,271010
2021-08-24,119087831.92106985,263660
2021-08-25,131199199.26766804,264966
2021-08-26,127844614.26004224,254481
2021-08-27,127844614.26004224,260937
2021-08-28,123466374.33066265,212867
2021-08-29,136601094.11880136,196139
2021-08-30,118212485.65884729,249956
2021-08-31,126093318.03610376,273720
2021-09-01,119963781.88278574,277500
2021-09-02,130471557.96548332,293611
2021-09-03,129595910.48398069,278164
2021-09-04,135725446.63729873,227677
2021-09-05,143606279.0145552,206820
2021-09-06,150611462.64937586,269949
2021-09-07,134093473.52179764,277913
2021-09-08,129989982.27183735,271871
2021-09-09,125412870.50778995,275020
2021-09-10,124497447.36405551,260963
2021-09-11,135482517.1796192,210848
2021-09-12,134567094.03588477,193569
2021-09-13,145552163.85144845,253041
2021-09-14,153790965.55401707,270910
2021-09-15,129989982.27183735,268455
2021-09-16,124497447.36405551,270023
2021-09-17,134567094.03588477,273808
2021-09-18,141890473.9129272,227894
2021-09-19,146467585.6769746,199632
2021-09-20,150129275.61549583,273371
2021-09-21,114073685.15409195,245996
2021-09-22,126546634.44445217,270233
2021-09-23,155822347.18556657,273598
2021-09-24,139767924.24494308,274940
2021-09-25,135990412.4848302,210070
2021-09-26,131268523.46464118,192460
2021-09-27,146378569.1451885,262162
2021-09-28,143545436.00505593,262395
2021-09-29,122769122.68433928,240916
2021-09-30,161488614.82573587,289577
2021-10-01,132212900.72471733,279255
2021-10-02,177543039.12626347,260972
2021-10-03,141656680.1249995,216090
2021-10-04,147634521.78479335,265740
2021-10-05,162177735.98974445,312571
2021-10-06,129544410.62214965,273475
2021-10-07,139433297.74445093,324741
2021-10-08,118666635.49961804,280844
2021-10-09,148333295.4425223,241705
2021-10-10,157233293.14059362,212316
2021-10-11,144377740.59360176,277496
2021-10-12,132511077.47083984,274993
2021-10-13,167122178.8388953,289461
2021-10-14,135477742.8955304,284115
2021-10-15,139433297.74445093,297755
2021-10-16,131522188.0466099,269680
2021-10-17,158222181.14082393,212511
2021-10-18,146581499.01401103,291260
2021-10-19,154737198.88886136,310438
2021-10-20,148747371.3620959,291740
2021-10-21,147749067.49308088,321169
2021-10-22,157732111.93346488,281476
2021-10-23,144754153.0109189,228432
2021-10-24,152740589.71327287,208278
2021-10-25,181691420.60296836,286798
2021-10-26,149745676.66866937,295695
2021-10-27,156733808.06444988,286086
2021-10-28,152740589.71327287,297884
2021-10-29,170710070.85601085,307314
2021-10-30,154737198.88886136,251998
2021-10-31,140567236.29171762,216741
2021-11-01,159350397.3506241,289324
2021-11-02,170117315.37816852,300911
2021-11-03,173347392.02678087,290879
2021-11-04,153966938.33685192,286047
2021-11-05,166887240.27999246,282446
2021-11-06,165810547.54697624,237201
2021-11-07,164733856.36439633,222930
2021-11-08,145353402.67446733,294064
2021-11-09,163657165.1818164,336872
2021-11-10,160427088.53320405,295892
2021-11-11,170117315.37816852,293052
2021-11-12,152890245.60383567,287476
2021-11-13,164733856.36439633,234794
2021-11-14,175346393.03899404,222847
2021-11-15,170197841.1880367,291313
2021-11-16,169070703.88709787,301154
2021-11-17,167943564.96308032,288569
2021-11-18,162307875.21222878,295608
2021-11-19,154417909.23642084,283868
2021-11-20,163435012.5131676,248520
2021-11-21,148782219.4855693,218828
2021-11-22,158926461.6863336,286930
2021-11-23,148782219.4855693,282832
2021-11-24,176960669.86290583,295032
2021-11-25,146527943.26061293,287824
2021-11-26,148782219.4855693,291679
2021-11-27,161180737.91128996,238622
2021-11-28,155140985.08780915,215317
2021-11-29,158774565.89045352,303388
2021-11-30,148781761.08892423,296340
2021-12-01,152112695.48981774,284941
2021-12-02,172098305.0928763,315565
2021-12-03,186532356.82816276,289452
2021-12-04,172098305.0928763,244342
2021-12-05,184311733.36128417,221615
2021-12-06,190973602.16307116,286268
2021-12-07,170987992.5600126,284544
2021-12-08,186532356.82816276,268196
2021-12-09,180980797.36154187,285532
2021-12-10,173208616.0268912,270853
2021-12-11,176623989.86056373,222133
2021-12-12,168385593.15527847,211066
2021-12-13,169588348.35705444,281785
2021-12-14,178007627.84162176,281921
2021-12-15,169588348.35705444,280841
2021-12-16,138316737.35840493,256019
2021-12-17,179210381.31143162,260119
2021-12-18,153952542.85772967,234236
2021-12-19,179210381.31143162,214374
2021-12-20,173196610.49845013,266803
2021-12-21,193643433.34094656,303464
2021-12-22,178007627.84162176,286626
2021-12-23,182818645.1847934,292194
2021-12-24,181615889.98301744,256631
2021-12-25,177168715.84969085,204665
2021-12-26,161682279.2989218,201930
2021-12-27,178574457.26635152,248198
2021-12-28,161682279.2989218,269681
2021-12-29,174954703.60370144,276509
2021-12-30,143583516.198115,245011
2021-12-31,179781040.6622474,262509
2022-01-01,207532476.14266497,188065
2022-01-02,190640298.17523527,194826
2022-01-03,168921783.14925957,241163
2022-01-04,177367872.13297442,274049
2022-01-05,180987625.79562452,274757
2022-01-06,176161288.73707852,258406
2022-01-07,168921783.14925957,255659
2022-01-08,174267690.69443852,226064
2022-01-09,170826077.22420472,203966
2022-01-10,172037608.9072826,269292
2022-01-11,191422128.04877573,285302
2022-01-12,168403012.11344224,266587
2022-01-13,216864310.8394785,276789
2022-01-14,192633661.47646037,262404
2022-01-15,201114388.49182567,234931
2022-01-16,212018180.61795348,217903
2022-01-17,195056726.58722284,258684
2022-01-18,164768413.57499513,267423
2022-01-19,209595115.507191,267790
2022-01-20,204748985.28566605,272287
2022-01-21,176007153.4708342,272514
2022-01-22,177474950.51551133,246984
2022-01-23,186746029.7638628,208492
2022-01-24,198665989.06991372,271583
2022-01-25,201314869.1276132,266941
2022-01-26,172177190.40011233,258696
2022-01-27,173501629.47536534,252850
2022-01-28,203963747.2781192,266473
2022-01-29,197341548.08746725,227066
2022-01-30,193368228.95451477,208908
2022-01-31,189394909.8215623,262993
2022-02-01,203963747.2781192,274556
2022-02-02,202639308.20286623,275434
2022-02-03,194692668.02976775,267726
2022-02-04,172457231.3989618,249753
2022-02-05,157888392.03489855,253867
2022-02-06,206979739.90370575,221803
2022-02-07,180443875.51955137,262908
2022-02-08,204326153.27423212,277455
2022-02-09,185751048.77849868,263940
2022-02-10,195038601.0263654,261192
2022-02-11,188404635.40797237,258085
2022-02-12,248110329.79467425,224735
2022-02-13,209633326.53317943,212378
2022-02-14,202999360.9147864,249689
2022-02-15,232188811.9284145,272685
2022-02-16,206979739.90370575,267496
2022-02-17,213573837.40352312,256201
2022-02-18,186294129.77324113,258376
2022-02-19,207147948.8360009,218004
2022-02-20,200196675.81508097,202691
2022-02-21,171001327.92603725,238620
2022-02-22,211318714.25012624,256251
2022-02-23,208538204.64136496,253563
2022-02-24,183513620.1644798,255800
2022-02-25,186294129.77324113,260990
2022-02-26,173781837.53479856,221994
2022-02-27,189074637.38003567,206112
2022-02-28,214099221.8569208,274389
2022-03-01,225221260.29196608,275460
2022-03-02,189074637.38003567,289957
2022-03-03,204804563.21490383,270823
2022-03-04,190365287.083752,257979
2022-03-05,168452736.32210043,226147
2022-03-06,179409010.7168614,205542
2022-03-07,202691097.01043913,255761
2022-03-08,202691097.01043913,258526
2022-03-09,188995751.55182588,272021
2022-03-10,198582492.38679036,259229
2022-03-11,188995751.55182588,252248
2022-03-12,213647371.40520012,222124
2022-03-13,206799699.66195828,206930
2022-03-14,209538768.7536809,263759
2022-03-15,190365287.083752,266692
2022-03-16,212277837.8454036,276789
2022-03-17,217498770.49195015,272685
2022-03-18,195149455.6100258,266839
2022-03-19,211525632.9748357,236675
2022-03-20,210160950.38143575,211211
2022-03-21,208796269.75317717,260248
2022-03-22,203337543.30986008,260695
2022-03-23,197878816.86654297,266381
2022-03-24,195149455.6100258,269340
2022-03-25,212890313.60309428,286600
2022-03-26,219713722.63981137,229765
2022-03-27,178773276.2800745,219139
2022-03-28,216984359.4181528,289835
2022-03-29,206066906.5315186,293194
2022-03-30,184232002.7233916,269490
2022-03-31,194529355.7761953,280038
2022-04-01,200371606.9667937,286454
2022-04-02,191845154.9534147,250576
2022-04-03,197529456.29566735,223619
2022-04-04,224529884.601845,276178
2022-04-05,206055906.26269805,276073
2022-04-06,213161283.963688,272206
2022-04-07,196108379.93693003,266096
2022-04-08,190424080.6410257,270556
2022-04-09,217424508.94720337,228357
2022-04-10,198950530.60805637,218201
2022-04-11,194687305.62454104,279217
2022-04-12,217424508.94720337,273114
2022-04-13,198950530.60805637,283767
2022-04-14,194402491.26414412,259632
2022-04-15,221692722.38403672,258904
2022-04-16,188017879.75639227,220729
2022-04-17,231514551.65214056,211027
2022-04-18,188017879.75639227,248528
2022-04-19,173986693.6444649,273229
2022-04-20,224498959.60642216,283298
2022-04-21,237127026.0969115,279919
2022-04-22,189420997.35733968,261784
2022-04-23,228708314.42975503,238246
2022-04-24,239933263.31929696,217733
2022-04-25,227305196.82880765,277416
2022-04-26,196436589.40305808,277059
2022-04-27,243520196.02683353,285596
2022-04-28,195503621.29393408,272681
2022-04-29,222163205.91889024,290674
2022-04-30,222163205.91889024,256188
2022-05-01,247341701.3242562,233382
2022-05-02,236974085.31819177,269678
2022-05-03,222163205.91889024,283138
2022-05-04,216238853.3060629,229490
2022-05-05,232530821.92495465,317562
2022-05-06,210314500.6932356,288758
2022-05-07,211795589.91282585,234267
2022-05-08,229568645.618541,223007
2022-05-09,229568645.618541,287708
2022-05-10,227185770.43526816,279809
2022-05-11,225257596.8970556,253805
2022-05-12,209722591.14017215,282227
2022-05-13,236132103.61132315,267948
2022-05-14,219043595.9365268,292088
2022-05-15,189527081.86659092,233949
2022-05-16,254774110.96699148,272399
2022-05-17,228364598.4958405,278212
2022-05-18,208169091.4593002,264173
2022-05-19,189527081.86659092,260343
2022-05-20,198848086.66294557,269360
2022-05-21,209722591.14017215,216560
2022-05-22,189527081.86659092,210953
2022-05-23,248560107.76942173,268759
2022-05-24,186420080.26780605,237379
2022-05-25,219464677.3862468,284400
2022-05-26,209555370.5705583,260517
2022-05-27,205096744.25322008,275683
2022-05-28,219958828.4107809,227772
2022-05-29,221445035.75646704,205693
2022-05-30,228876076.7651775,267947
2022-05-31,216986411.57926875,277824
2022-06-01,202124327.42170793,274630
2022-06-02,185776038.05860093,262596
2022-06-03,212527787.4020705,269049
2022-06-04,206582953.73904616,219811
2022-06-05,216986411.57926875,195813
2022-06-06,222931245.24229312,268569
2022-06-07,240765744.09122616,265801
2022-06-08,266501680.44994769,261456
2022-06-09,219787040.62041968,264597
2022-06-10,221292430.34450084,259531
2022-06-11,231830164.91635683,228805
2022-06-12,191184616.35301408,219703
2022-06-13,200216961.2007889,273372
2022-06-14,219787040.62041968,275578
2022-06-15,248389462.72006267,297032
2022-06-16,179141492.05707693,258005
2022-06-17,162582194.25337103,248214
2022-06-18,234840946.53228176,246705
2022-06-19,200216961.2007889,195875
2022-06-20,198711571.47670767,239275
2022-06-21,225808603.85226953,260657
2022-06-22,193096459.39267665,247129
2022-06-23,223431041.43862215,258973
2022-06-24,189622395.5064278,250666
2022-06-25,221961099.2067623,217926
2022-06-26,202851865.00959057,207474
2022-06-27,199911982.66258603,258934
2022-06-28,214611394.39760864,253741
2022-06-29,221961099.2067623,257517
2022-06-30,251359920.56009236,275120
2022-07-01,196972102.43229663,272893
2022-07-02,202851865.00959057,235532
2022-07-03,227840863.90077135,196946
2022-07-04,210201571.9354594,251379
2022-07-05,173453043.65626052,244533
2022-07-06,186599522.89308375,264360
2022-07-07,227523378.27089575,284162
2022-07-08,214480636.8679379,264779
2022-07-09,194191928.48263425,219088
2022-07-10,221726603.85028368,198306
2022-07-11,178250799.8693703,234215
2022-07-12,218828216.6399776,274945
2022-07-13,159411284.0458004,225738
2022-07-14,179699992.43110403,282646
2022-07-15,205785475.23701975,267630
2022-07-16,214480636.8679379,223950
2022-07-17,179699992.43110403,201095
2022-07-18,189844346.62375584,254873
2022-07-19,199988700.81640768,279366
2022-07-20,182598379.64141008,254748
2022-07-21,198824710.56678495,278928
2022-07-22,181711863.2994958,262220
2022-07-23,211997172.19748577,219584
2022-07-24,216126988.5789976,201963
2022-07-25,195477912.61837205,251613
2022-07-26,220256802.97819823,260791
2022-07-27,227139827.63763633,265290
2022-07-28,194101308.4794089,283820
2022-07-29,200984333.13884705,280447
2022-07-30,177582046.91798395,228995
2022-07-31,209243963.91955948,215224
2022-08-01,187218281.83765957,248469
2022-08-02,213373778.31876013,267917
2022-08-03,199607727.01757264,282580
2022-08-04,183293576.20328617,278115
2022-08-05,210085555.71182236,269270
2022-08-06,225491829.9721472,232291
2022-08-07,222690689.0141953,199770
2022-08-08,201682132.83796665,257482
2022-08-09,200281563.36740136,251924
2022-08-10,207284414.7538705,270675
2022-08-11,196079850.92206284,284126
2022-08-12,215687835.61090487,269215
2022-08-13,194679281.45149755,239894
2022-08-14,186275858.57764184,202156
2022-08-15,203082702.3085319,245572
2022-08-16,207284414.7538705,269531
2022-08-17,180673576.661738,255933
2022-08-18,202447354.27677864,292682
2022-08-19,250867150.56061095,276337
2022-08-20,209995535.8811957,226096
2022-08-21,205767438.51073447,201437
2022-08-22,204358071.36758935,250080
2022-08-23,242410953.7902015,257650
2022-08-24,205767438.51073447,260385
2022-08-25,224089197.16521153,255143
2022-08-26,248048418.3038078,265467
2022-08-27,204358071.36758935,221784
2022-08-28,226907929.42201468,204472
2022-08-29,221270464.90840837,253563
2022-08-30,228317294.53567272,263101
2022-08-31,220515247.03199777,258575
2022-09-01,212503107.41825655,270341
2022-09-02,198644209.06016544,270262
2022-09-03,226362005.77634776,235843
2022-09-04,258699436.75684297,206295
2022-09-05,235601272.08754975,253103
2022-09-06,218662618.29239127,267063
2022-09-07,224822129.16652593,264285
2022-09-08,195564453.62309808,266823
2022-09-09,226362005.77634776,286018
2022-09-10,241760782.96168444,240963
2022-09-11,281797599.2087124,225743
2022-09-12,235601272.08754975,269113
2022-09-13,212237771.6665518,259359
2022-09-14,202308898.9554361,269647
2022-09-15,234168568.49770647,277597
2022-09-16,203901883.69419256,260328
2022-09-17,270807189.9623499,245261
2022-09-18,245319452.49341664,212149
2022-09-19,207087850.8778092,255334
2022-09-20,242133487.6036962,268728
2022-09-21,224610669.24075273,263619
2022-09-22,203901883.69419256,246387
2022-09-23,215052767.68990272,276441
2022-09-24,232575586.05284625,226763
2022-09-25,234168568.49770647,208905
2022-09-26,238947520.42007953,264276
2022-09-27,205494866.13905275,275487
2022-09-28,234113533.83376324,258906
2022-09-29,222928607.6727852,266329
2022-09-30,263461080.36655265,292553
2022-10-01,282168375.28330106,236007
2022-10-02,244753785.44980425,216756
2022-10-03,240076960.03696057,268836
2022-10-04,254107431.78574073,280235
2022-10-05,272814728.9473646,267518
2022-10-06,247871668.31007487,276491
2022-10-07,266578963.22682327,270954
2022-10-08,272814728.9473646,235954
2022-10-09,246312725.75750184,214993
2022-10-10,282818946.6660149,253025
2022-10-11,277924882.76934755,272927
2022-10-12,242520438.89338887,260366
2022-10-13,253141772.82091248,275214
2022-10-14,276154659.1735337,284575
2022-10-15,269073772.43763787,241112
2022-10-16,254911993.86760643,214703
2022-10-17,265533327.79513,261168
2022-10-18,251371549.22509855,258490
2022-10-19,267303548.841824,260354
2022-10-20,256682214.9143004,268532
2022-10-21,276154659.1735337,266487
2022-10-22,240750215.297575,231911
2022-10-23,274810664.8495725,218227
2022-10-24,249031191.57743752,266297
2022-10-25,223395628.20390147,251891
2022-10-26,283822315.5587801,305561
2022-10-27,247200081.03795677,265430
2022-10-28,291146762.99030495,279384
2022-10-29,261848975.90100643,251735
2022-10-30,247200081.03795677,223333
2022-10-31,316782326.363841,290008
2022-11-01,263680086.4404872,273150
2022-11-02,223395628.20390147,258761
2022-11-03,300302320.96131057,294320
2022-11-04,236213409.89066952,281439
2022-11-05,276497868.12725526,253538
2022-11-06,250862304.7537192,223686
2022-11-07,263168681.007737,267661
2022-11-08,297875785.7478076,296138
2022-11-09,272291362.9163776,293667
2022-11-10,268636444.99309605,294575
2022-11-11,244879482.43907723,278829
2022-11-12,305185621.59437066,245106
2022-11-13,235742186.31510308,224942
2022-11-14,224777435.1767992,244858
2022-11-15,283256116.68622214,281221
2022-11-16,274118823.1937887,264899
2022-11-17,252189315.6540996,254924
2022-11-18,254016775.9315107,275776
2022-11-19,268636444.99309605,262900
2022-11-20,272422405.82229453,229629
2022-11-21,236949653.0891525,269034
2022-11-22,231439196.90173665,257097
2022-11-23,258991483.1288546,270971
2022-11-24,236949653.0891525,250821
2022-11-25,225928740.7143208,262820
2022-11-26,200213272.3346683,230269
2022-11-27,249807385.956469,223392
2022-11-28,255317844.78890425,259679
2022-11-29,240623291.4291028,271896
2022-11-30,253481024.29641935,272102
2022-12-01,281033310.52353734,286994
2022-12-02,229602379.05427116,271522
2022-12-03,240623291.4291028,249912
2022-12-04,257154662.6363697,216703
2022-12-05,268175577.6562208,273083
2022-12-06,230616963.69146737,264624
2022-12-07,292794731.64825046,266558
2022-12-08,284283257.4040977,270258
2022-12-09,258748834.6716393,268606
2022-12-10,262153422.4082566,231276
2022-12-11,250237357.97618172,220885
2022-12-12,243428180.05164233,264207
2022-12-13,280878667.2161756,286344
2022-12-14,251939654.2957951,279228
2022-12-15,236618999.6757982,271326
2022-12-16,221298345.05580127,258839
2022-12-17,234916703.3561848,261183
2022-12-18,246832767.78825969,207910
2022-12-19,234239565.5288072,262020
2022-12-20,246114014.5930937,270300
2022-12-21,251387888.03406775,268746
2022-12-22,237324228.9000814,276334
2022-12-23,232050357.99056575,275188
2022-12-24,156458196.4740352,215536
2022-12-25,247871973.2505712,196741
2022-12-26,226776484.54959163,227132
2022-12-27,202165083.59657395,241695
2022-12-28,295336819.03058743,269982
2022-12-29,247871973.2505712,266982
2022-12-30,277757245.1131045,286348
2022-12-31,274241330.3296079,243946
2023-01-01,272483374.2035889,189355
2023-01-02,274241330.3296079,228547
2023-01-03,261567697.33085105,273459
2023-01-04,242356483.09554735,279254
2023-01-05,266083690.58224788,274976
2023-01-06,305064103.230472,273358
2023-01-07,260999287.23473144,250336
2023-01-08,259304487.7459012,229074
2023-01-09,257609688.25707096,286289
2023-01-10,286421296.6507751,306036
2023-01-11,249135683.4913812,288569
2023-01-12,255914886.32772788,310585
2023-01-13,269473292.0004212,320370
2023-01-14,289810898.0689484,303624
2023-01-15,281119760.7470869,255156
2023-01-16,274688842.3501408,303811
2023-01-17,291506526.6305745,309004
2023-01-18,261608421.54211783,294539
2023-01-19,270951578.87773,298607
2023-01-20,246659370.34330428,303214
2023-01-21,257871158.06970707,286001
2023-01-22,282163369.29496235,249747
2023-01-23,295243790.10298526,296833
2023-01-24,241053473.78927335,288416
2023-01-25,327010528.27306205,306272
2023-01-26,289637896.2397839,297461
2023-01-27,287769263.1581638,305372
2023-01-28,313930107.46503913,268374
2023-01-29,311438925.8972278,258804
2023-01-30,269948141.5759668,311188
2023-01-31,224956785.116114,312359
2023-02-01,267991996.86764717,343824
2023-02-02,283641162.98475456,335421
2023-02-03,260167412.40066835,317695
2023-02-04,266035849.34247735,302062
2023-02-05,297334187.21039253,256347
2023-02-06,289509602.74341375,304492
2023-02-07,277772726.0429455,303225
2023-02-08,269948141.5759668,315120
2023-02-09,316895645.56098926,363668
2023-02-10,287553455.2182439,302716
2023-02-11,289509602.74341375,281958
2023-02-12,315851203.95835894,256348
2023-02-13,303650130.99469703,297879
2023-02-14,299757180.2739148,305330
2023-02-15,317275457.1159728,325059
2023-02-16,348419062.8822308,341817
2023-02-17,321168407.83675504,322140
2023-02-18,327007835.31939054,273988
2023-02-19,315328983.1570438,244509
2023-02-20,286131854.15263903,267205
2023-02-21,325061358.55753726,293613
2023-02-22,272506528.0313633,277803
2023-02-23,332847259.9991018,291650
2023-02-24,262774152.63086984,298377
2023-02-25,228809606.14131212,259206
2023-02-26,359556659.2106422,271471
2023-02-27,299630547.8012448,296912
2023-02-28,293209894.21813273,335341
2023-03-01,363837095.9600217,377754
2023-03-02,308191421.3000036,330024
2023-03-03,359556659.2106422,355066
2023-03-04,325313168.2975212,306924
2023-03-05,331733821.8806332,287178
2023-03-06,282508803.88564134,318245
2023-03-07,353136002.54561603,360867
2023-03-08,284649020.71937394,290018
2023-03-09,288929457.46875334,339133
2023-03-10,291688415.56457573,322995
2023-03-11,357219694.8827461,323403
2023-03-12,348559825.89122087,263955
2023-03-13,339899953.782142,335201
2023-03-14,316085307.0409517,327923
2023-03-15,318250273.5094446,343857
2023-03-16,290105693.8312686,295146
2023-03-17,318250273.5094446,339244
2023-03-18,350724792.35971373,293458
2023-03-19,320415243.0954912,271293
2023-03-20,333405048.1415559,337263
2023-03-21,313920337.4549051,331907
2023-03-22,344229889.8366814,296448
2023-03-23,398970829.72571325,292159
2023-03-24,377232885.4931153,294570
2023-03-25,337646717.00662136,287422
2023-03-26,335318120.43832463,266890
2023-03-27,344632513.417874,295339
2023-03-28,312032141.34263265,317587
2023-03-29,342303913.49639606,328588
2023-03-30,360932699.4554946,331354
2023-03-31,328332327.38025326,308895
2023-04-01,326003727.45877534,316521
2023-04-02,346961109.9861707,342161
2023-04-03,305046344.9313801,336905
2023-04-04,377232885.4931153,419443
2023-04-05,323675130.8904786,345029
2023-04-06,375586794.88083017,352346
2023-04-07,338032941.7856073,351639
2023-04-08,349935509.4099869,325340
2023-04-09,347554997.25628686,277152
2023-04-10,292803183.44178885,292988
2023-04-11,366599104.7697063,375758
2023-04-12,380882187.97572565,344791
2023-04-13,338032941.7856073,326572
2023-04-14,333271914.0502675,316304
2023-04-15,376121160.24038595,275326
2023-04-16,295183695.5954889,235578
2023-04-17,368979620.3513461,316549
2023-04-18,395165271.18174505,313000
2023-04-19,330891401.89656746,298359
2023-04-20,319518832.834664,297440
2023-04-21,351118489.414672,352999
2023-04-22,360804517.52650416,356615
2023-04-23,355961503.4705881,434101
2023-04-24,341432464.7898097,358615
2023-04-25,302688355.8294509,373152
2023-04-26,314795889.2257562,433927
2023-04-27,314795889.2257562,419005
2023-04-28,355961503.4705881,484327
2023-04-29,331746436.67797756,487346
2023-04-30,358383012.24203104,561448
2023-05-01,440714244.2186647,685711
2023-05-02,312374380.4543132,460621
2023-05-03,341432464.7898097,488518
2023-05-04,351712781.63476974,490738
2023-05-05,283977798.860469,411057
2023-05-06,355568839.3482855,603617
2023-05-07,331705160.33113664,614264
2023-05-08,326932423.8404329,573864
2023-05-09,360341575.83898926,592036
2023-05-10,405682570.78249,672910
2023-05-11,360341575.83898926,544837
2023-05-12,336477896.82184047,508450
2023-05-13,346023366.366878,581550
2023-05-14,415228040.3275275,626942
2023-05-15,350796102.85758173,526691
2023-05-16,365114312.329693,564700
2023-05-17,381818888.3289712,579967
2023-05-18,345151895.57295674,478050
2023-05-19,369469366.94369566,513521
2023-05-20,322669911.9767492,423450
2023-05-21,371932494.472369,487763
2023-05-22,354690591.130938,506455
2023-05-23,379321880.60529494,514901
2023-05-24,347301204.99801207,398061
2023-05-25,371932494.472369,466257
2023-05-26,376858753.0766216,533103
2023-05-27,357153718.65961134,469559
2023-05-28,394100656.4180526,499561
2023-05-29,399026915.0223052,548854
2023-05-30,379321880.60529494,511408
2023-05-31,350148490.60783935,421021
2023-06-01,336187210.7165766,351891
2023-06-02,417687139.4758991,485798
2023-06-03,331093464.71068186,380045
2023-06-04,376937175.09623784,357474
2023-06-05,351468445.06676406,363110
2023-06-06,384577792.2713316,468063
2023-06-07,343827827.89167035,429649
2023-06-08,392218409.44642526,403263
2023-06-09,430421502.6568876,387748
2023-06-10,392218409.44642526,364874
2023-06-11,415140264.63920337,401105
2023-06-12,399859030.2890158,371500
2023-06-13,374390300.2595421,405497
2023-06-14,312665624.1002991,333934
2023-06-15,385148460.99591213,421465
2023-06-16,398160232.46596813,521861
2023-06-17,364329623.64591026,468094
2023-06-18,392955523.1284677,442763
2023-06-19,369534332.9834107,412858
2023-06-20,353920204.9709093,446312
2023-06-21,314884890.5607413,363604
2023-06-22,356522561.5133547,390860
2023-06-23,325294309.2357422,373178
2023-06-24,379943751.6584117,360123
2023-06-25,398160232.46596813,384437
2023-06-26,379943751.6584117,405162
2023-06-27,364329623.64591026,433747
2023-06-28,280122385.0259662,331234
2023-06-29,367574940.7040657,435226
2023-06-30,397786578.4244694,446825
2023-07-01,334845664.3921468,320180
2023-07-02,430515854.7363883,307552
2023-07-03,344916211.5074136,333178
2023-07-04,354986758.6226805,377184
2023-07-05,392751304.8668361,494320
2023-07-06,349951485.065047,393611
2023-07-07,440586401.8516551,558253
2023-07-08,448139310.37540686,574664
2023-07-09,425480581.17875487,593770
2023-07-10,387716031.3092026,508406
2023-07-11,339880937.9497802,430012
2023-07-12,383801277.4233714,477324
2023-07-13,321592672.2254732,373263
2023-07-14,369831573.2522498,421261
2023-07-15,369831573.2522498,489697
2023-07-16,415390537.04825526,591972
2023-07-17,364471694.9315955,440009
2023-07-18,434150109.24098927,569852
2023-07-19,396630964.85552126,482668
2023-07-20,343032185.5080904,398519
2023-07-21,300153162.8019681,322339
2023-07-22,359111820.47005326,288229
2023-07-23,393951023.76563805,560423
2023-07-24,401990843.1761756,530301
2023-07-25,369831573.2522498,463976
2023-07-26,380796719.35454816,451236
2023-07-27,358973120.0187306,413776
2023-07-28,364175629.4388057,448372
2023-07-29,343365595.50431174,423912
2023-07-30,437010757.5740507,645339
2023-07-31,366776886.02174646,446746
2023-08-01,361574376.60167134,405391
2023-08-02,400593191.63352495,393762
2023-08-03,392789429.37631553,476666
2023-08-04,314751795.5668019,318338
2023-08-05,400593191.63352495,499440
2023-08-06,426605738.7339005,611086
2023-08-07,379783157.69903105,423178
2023-08-08,325156814.40695214,332667
2023-08-09,421665740.3548995,508817
2023-08-10,330756211.7722732,355773
2023-08-11,393261324.2234606,502936
2023-08-12,434931397.9408168,512116
2023-08-13,351591250.5061046,497535
2023-08-14,445348917.30773246,563322
2023-08-15,445348917.30773246,581895
2023-08-16,424513878.57390106,574119
2023-08-17,406283221.55695194,492845
2023-08-18,362008769.87302023,424283
2023-08-19,364613147.83959585,521811
2023-08-20,421909500.60732543,611930
2023-08-21,429722638.2573589,551541
2023-08-22,381739775.69656736,422819
2023-08-23,392623891.4787874,409372
2023-08-24,384329021.8498855,401881
2023-08-25,373269193.0236576,425953
2023-08-26,378799107.4367715,499325
2023-08-27,320735012.0713819,411227
2023-08-28,326264922.5029578,326485
2023-08-29,436863202.8021611,509039
2023-08-30,348384580.15541375,406652
2023-08-31,398153805.89190143,433684
2023-09-01,417508504.3470313,418665
2023-09-02,420273463.5443573,545957
2023-09-03,436863202.8021611,627700
2023-09-04,411978589.9339173,575666
2023-09-05,342854665.74229974,453308
2023-09-06,364053703.2546238,485735
2023-09-07,393005454.3704645,541513
2023-09-08,358011817.1993768,408954
2023-09-09,406464544.397431,599142
2023-09-10,395697270.82537055,557602
2023-09-11,427999091.5415522,463598
2023-09-12,379546364.34349793,461193
2023-09-13,395697270.82537055,513232
2023-09-14,436074544.78248847,574875
2023-09-15,506061819.12466383,708663
2023-09-16,417231817.9694916,591563
2023-09-17,401080907.6114008,616879
2023-09-18,419923634.4243977,625728
2023-09-19,386415687.751435,491377
2023-09-20,414558854.2037332,561350
2023-09-21,391843298.7563836,427398
2023-09-22,366288300.9225151,433758
2023-09-23,442953294.42412055,639336
2023-09-24,414558854.2037332,428059
2023-09-25,411719407.7284147,294377
2023-09-26,386164409.89454615,305251
2023-09-27,445792740.8994391,341149
2023-09-28,414558854.2037332,376671
2023-09-29,417398296.5902521,323661
2023-09-30,391843298.7563836,280334
2023-10-01,400361634.09353954,320190
2023-10-02,445792740.8994391,340200
2023-10-03,466801496.99817747,309334
2023-10-04,373280258.5727724,293693
2023-10-05,401774937.14888096,321037
2023-10-06,455914820.2886373,293272
2023-10-07,487258964.67074,242646
2023-10-08,421721210.10054034,243277
2023-10-09,444516948.8581938,280007
2023-10-10,461613756.003859,283755
2023-10-11,455914820.2886373,265623
2023-10-12,470162157.5250749,272350
2023-10-13,393226531.5244317,278419
2023-10-14,416022274.3853186,258882
2023-10-15,475861093.24029666,258142
2023-10-16,417078811.47604144,298000
2023-10-17,491483968.44434166,294069
2023-10-18,439908488.33259135,275052
2023-10-19,424739231.01810473,282274
2023-10-20,406536123.98821926,293330
2023-10-21,455077750.0158244,268430
2023-10-22,464179303.53076714,247456
2023-10-23,476314711.12985504,312741
2023-10-24,382265308.79004353,372695
2023-10-25,436874638.61719257,477890
2023-10-26,455077750.0158244,429794
2023-10-27,467213153.24616593,456280
2023-10-28,485416264.64479774,564578
2023-10-29,415637677.503162,403706
2023-10-30,482896145.81756824,461480
2023-10-31,481286783.3729944,437895
2023-11-01,462656325.7712218,461955
2023-11-02,447130946.6720661,410238
2023-11-03,422290336.5363694,450384
2023-11-04,521652772.607847,704138
2023-11-05,506127389.03738177,666535
2023-11-06,394344652.3693652,439013
2023-11-07,412975109.97113776,449873
2023-11-08,462656325.7712218,585167
2023-11-09,444025872.6407587,571031
2023-11-10,478181704.8703776,526138
2023-11-11,496812162.47215015,628048
2023-11-12,506634196.247056,706503
2023-11-13,389037995.7448952,418873
2023-11-14,443696223.8353265,525384
2023-11-15,475848126.79723346,569166
2023-11-16,475848126.79723346,628280
2023-11-17,482278507.3896148,532945
2023-11-18,479063314.77848727,629610
2023-11-19,546582308.683555,712264
2023-11-20,533721547.49879223,630519
2023-11-21,488708887.9819962,530112
2023-11-22,456556985.02008927,536770
2023-11-23,472632934.1861059,586979
2023-11-24,540151928.0911736,624489
2023-11-25,511704247.86252016,612626
2023-11-26,493217212.10255015,578192
2023-11-27,439166011.3759895,478456
2023-11-28,496595410.01969415,447781
2023-11-29,459435208.60806966,358838
2023-11-30,452678812.77378166,410936
2023-12-01,570915812.8429431,497410
2023-12-02,429031407.8953413,435763
2023-12-03,557403011.4451509,707186
2023-12-04,523621012.8152786,567712
2023-12-05,466191609.30696577,513549
2023-12-06,459435208.60806966,469800
2023-12-07,388493008.5665728,368965
2023-12-08,456057010.69092566,411806
2023-12-09,530377413.51417464,593873
2023-12-10,469156589.98176646,528723
2023-12-11,528635574.13248897,528218
2023-12-12,481794448.28640914,547067
2023-12-13,498523421.1145884,586126
2023-12-14,488486038.38126975,569840
2023-12-15,545364546.9606683,632050
2023-12-16,508560808.6658516,636141
2023-12-17,501869218.570991,621213
2023-12-18,562093524.6067922,641771
2023-12-19,542018754.3222102,662370
2023-12-20,485140240.9248672,580281
2023-12-21,488486038.38126975,589222
2023-12-22,562093524.6067922,623750
2023-12-23,561495983.9886068,609387
2023-12-24,612085087.5512701,724746
2023-12-25,497542850.09060687,531891
2023-12-26,497542850.09060687,556724
2023-12-27,461748397.6626491,541778
2023-12-28,433112840.8746837,417387
2023-12-29,540496187.8497554,579710
2023-12-30,519019516.3929808,540497
2023-12-31,558393411.4865339,724837
2024-01-01,554813968.8209385,655722
2024-01-02,468907288.14824075,364237
2024-01-03,565552301.9721254,502203
2024-01-04,608505644.8856747,482718
2024-01-05,493963402.27061075,416347
2024-01-06,509355148.231043,389306
2024-01-07,429363545.3243671,348435
2024-01-08,447556920.0629499,409400
2024-01-09,553078470.4920906,470829
2024-01-10,483943659.0607339,384427
2024-01-11,629490625.5312515,450822
2024-01-12,611297256.0323595,367870
2024-01-13,578549188.8384776,667027
2024-01-14,465750289.5618419,591106
2024-01-15,414808852.869068,401054
2024-01-16,454834268.91044486,469892
2024-01-17,440279571.21545494,455050
2024-01-18,516691726.25461584,480795
2024-01-19,480304987.2568318,461325
2024-01-20,512668948.5237081,565601
2024-01-21,489551346.64456606,593968
2024-01-22,559487254.0274163,451204
2024-01-23,538506480.3019456,368563
2024-01-24,524519302.8536838,368789
2024-01-25,632919954.5134856,347123
2024-01-26,531512894.0955074,496525
2024-01-27,597952003.3397532,603739
2024-01-28,559487254.0274163,629248
2024-01-29,545500071.5437692,580828
2024-01-30,503538529.1282132,524001
2024-01-31,458080188.5740528,437107
2024-02-01,535009687.1987265,410372
2024-02-02,677399664.675745,432087
2024-02-03,566738184.0279739,515129
2024-02-04,581751117.2721473,331515
2024-02-05,585504347.8808628,281772
2024-02-06,638049614.2354698,280196
2024-02-07,600517281.1250364,425025
2024-02-08,517946153.6867381,287438
2024-02-09,623036680.9912964,330447
2024-02-10,570491420.041345,406003
2024-02-11,514192923.07802254,323411
2024-02-12,671828711.3325322,413637
2024-02-13,506686456.45593584,305214
2024-02-14,521699389.7001092,298455
2024-02-15,606890743.6292629,309299
2024-02-16,544386619.0220116,306995
2024-02-17,609388005.4074552,330435
2024-02-18,491572990.7556747,346126
2024-02-19,552511787.2013328,366190
2024-02-20,572824725.2000104,396745
2024-02-21,560636961.2307789,369350
2024-02-22,548449203.1116723,366922
2024-02-23,645951285.6149,403218
2024-02-24,556574377.1411183,342157
2024-02-25,666264217.7634528,421219
2024-02-26,540324029.0822262,355313
2024-02-27,524073681.0233341,388230
2024-02-28,605325415.4676697,415406
2024-02-29,540324029.0822262,407609
2024-03-01,607463923.1349978,415081
2024-03-02,500960507.5972892,342086
2024-03-03,611408497.2364957,385135
2024-03-04,508849650.1201027,358771
2024-03-05,658743346.6931943,424703
2024-03-06,552239931.1554856,381467
2024-03-07,710022770.2513908,437969
2024-03-08,607463923.1349978,424558
2024-03-09,642965061.6475674,362520
2024-03-10,564073647.779797,363011
2024-03-11,670577063.3175056,393001
2024-03-12,556184505.2569835,344882
2024-03-13,631131350.7034383,387845
2024-03-14,580862770.2919041,330080
2024-03-15,529980319.0136911,311078
2024-03-16,600922569.4689919,355299
2024-03-17,609268716.934864,365645
2024-03-18,600922569.4689919,417117
2024-03-19,655172524.9925482,459004
2024-03-20,621787935.1290596,360623
2024-03-21,500768805.88775134,328692
2024-03-22,563364908.8771799,347556
2024-03-23,650999448.2549994,315648
2024-03-24,709422480.5161047,331993
2024-03-25,550845690.6829845,320633
2024-03-26,559191838.1488566,313314
2024-03-27,567537979.6055031,358499
2024-03-28,630471212.2216165,433584
2024-03-29,595046224.9834744,451776
2024-03-30,640501145.6086524,486300
2024-03-31,566120367.485718,315001
2024-04-01,619839819.6746067,330165
2024-04-02,611575288.1108959,358331
2024-04-03,586781693.4197637,369696
2024-04-04,570252630.2923422,324609
2024-04-05,611575288.1108959,346357
2024-04-06,640501145.6086524,433426
2024-04-07,702485129.3612517,526443
2024-04-08,652897939.9789873,454644
2024-04-09,603310756.5471851,450513
2024-04-10,627214744.5940204,538372
2024-04-11,566860611.5965838,479937
2024-04-12,584038201.0151991,441977
2024-04-13,704281364.049109,510750
2024-04-14,674220574.8366151,468144
2024-04-15,605510198.6103525,503794
2024-04-16,708575759.8577794,453968
2024-04-17,588332603.0078033,385424
2024-04-18,622687788.0289677,416810
2024-04-19,648454181.4327914,398632
2024-04-20,558271813.7953093,630654
2024-04-21,601215796.6177483,644793
2024-04-22,652748583.4253956,673406
2024-04-23,721458959.6516583,928131
2024-04-24,672198686.5397469,600768
2024-04-25,626294685.533232,525222
2024-04-26,582497851.0693291,440854
2024-04-27,613155632.0406892,459297
2024-04-28,613155632.0406892,480244
2024-04-29,573738484.1765486,400991
2024-04-30,617535318.6404513,501881
2024-05-01,578118170.7763107,477225
2024-05-02,635054046.1192688,563418
2024-05-03,564979117.283768,437975
2024-05-04,617535318.6404513,668343
2024-05-05,608775951.7476709,626139
2024-05-06,534321336.312408,507965
2024-05-07,534321336.312408,373579
2024-05-08,556219750.3909875,453934
2024-05-09,612635655.6510732,521126
2024-05-10,599332434.9336824,720578
2024-05-11,657199019.7430514,712455
2024-05-12,545599186.5386837,562310
2024-05-13,607599089.9064493,541770
2024-05-14,562132490.5322264,422749
2024-05-15,582799130.9401395,499145
2024-05-16,586932455.4505274,481822
2024-05-17,640665709.7975174,564502
2024-05-18,529065876.5931496,399736
2024-05-19,636532379.3351383,641786
2024-05-20,644799034.3079053,632582
2024-05-21,570399145.5049934,544407
2024-05-22,632399054.8247503,587003
2024-05-23,706501036.6485612,736406
2024-05-24,671140034.0912752,739561
2024-05-25,671140034.0912752,844733
2024-05-26,704697038.5139561,852881
2024-05-27,515938903.7370268,549315
2024-05-28,562079781.7980828,594169
2024-05-29,574663655.4364581,721240
2024-05-30,515938903.7370268,510008
2024-05-31,620804533.4975141,713689
2024-06-01,591442157.6477985,737521
2024-06-02,587247529.0748333,729457
2024-06-03,658556160.4529,758731
2024-06-04,562079781.7980828,636795
2024-06-05,515938903.7370268,562197
2024-06-06,554745618.7245225,602842
2024-06-07,590944002.2950455,250713
2024-06-08,715791324.8666921,529506
2024-06-09,636721355.3029393,761292
2024-06-10,578459271.8356823,661124
2024-06-11,511874032.7312927,469892
2024-06-12,607590313.5693108,690905
2024-06-13,603428732.7544087,729876
2024-06-14,532681918.82778853,599059
2024-06-15,557651385.7391865,447381
2024-06-16,678337127.4959309,452652
2024-06-17,582620846.6579129,465013
2024-06-18,632559780.4807088,605888
2024-06-19,570136116.1985496,635236
2024-06-20,553312848.2609437,528366
2024-06-21,582332777.6713909,592761
2024-06-22,632247019.8647388,681231
2024-06-23,465866224.5329962,497676
2024-06-24,632247019.8647388,525488
2024-06-25,515780460.7366355,550745
2024-06-26,503301903.1831528,465408
2024-06-27,540737581.8333095,427935
2024-06-28,561535179.7523502,595003
2024-06-29,653044617.7837795,703622
2024-06-30,503301903.1831528,518698
2024-07-01,586492300.8490242,596143
2024-07-02,615608939.1336229,608523
2024-07-03,603130375.5904316,536681
2024-07-04,582332777.6713909,535655
2024-07-05,480652547.19206446,493163
2024-07-06,652035051.0748852,656568
2024-07-07,557193592.6181126,684693
2024-07-08,628324689.305936,586774
2024-07-09,608566046.9111612,644607
2024-07-10,537434950.2233379,632748
2024-07-11,553241861.8629626,646591
2024-07-12,592759140.9620242,659272
2024-07-13,608566046.9111612,733907
2024-07-14,659938506.8946975,588547
2024-07-15,604614321.8464988,544485
2024-07-16,580903954.3870618,536502
2024-07-17,628324689.305936,617766
2024-07-18,515736551.86932254,435804
2024-07-19,599556359.5658232,507835
2024-07-20,672971424.2421772,696460
2024-07-21,689285884.3643016,858284
2024-07-22,730072034.6696123,827992
2024-07-23,689285884.3643016,827733
2024-07-24,571006057.2887083,601149
2024-07-25,664814194.1811152,708129
2024-07-26,652578352.0261246,458448
2024-07-27,628106661.8429382,454253
2024-07-28,603634977.5329568,756828
2024-07-29,725993416.7024788,821955
2024-07-30,611792207.594019,670957
2024-07-31,615358184.0246311,578053
2024-08-01,630987878.5179508,532152
2024-08-02,563382038.5632738,410307
2024-08-03,608452598.5330584,502369
2024-08-04,644509051.7010149,526479
2024-08-05,703100778.3637028,550851
2024-08-06,630987878.5179508,483465
2024-08-07,549860865.3802096,381999
2024-08-08,581410258.657091,485878
2024-08-09,585917318.548166,394215
2024-08-10,581410258.657091,556497
2024-08-11,725636064.838756,641944
2024-08-12,617466711.8250475,442326
2024-08-13,671551385.0868213,582647
2024-08-14,593799520.5910221,510189
2024-08-15,690944705.1107434,658114
2024-08-16,613213425.7080535,581170
2024-08-17,643442255.8959327,706066
2024-08-18,673671086.0838118,758170
2024-08-19,561392574.845761,560243
2024-08-20,647760663.7619168,715687
2024-08-21,634805446.3824669,684872
2024-08-22,690944705.1107434,797502
2024-08-23,708218324.137675,799006
2024-08-24,660715874.9228642,797698
2024-08-25,574347786.0067085,703385
2024-08-26,578666193.8726926,606871
2024-08-27,613213425.7080535,676465
2024-08-28,704440301.0132378,721912
2024-08-29,587091198.731184,525910
2024-08-30,631567801.6874318,548197
2024-08-31,653806103.1655557,695519
2024-09-01,631567801.6874318,656333
2024-09-02,742759315.4826823,739986
2024-09-03,662701425.0377314,592324
2024-09-04,671596746.9099072,728756
2024-09-05,689387390.6542588,714387
2024-09-06,644910781.2933798,665444
2024-09-07,702730370.2602069,794571
2024-09-08,742759315.4826823,906655
2024-09-09,644910781.2933798,570838
2024-09-10,609329500.2093079,556413
2024-09-11,496254188.9565946,408991
2024-09-12,700222817.5061857,561823
2024-09-13,566627674.5179347,422965
2024-09-14,640335338.4711611,637192
2024-09-15,695616084.7776585,730022
2024-09-16,575841133.3412993,486773
2024-09-17,691009358.6828212,551806
2024-09-18,635728605.742634,535050
2024-09-19,562020941.7894075,449403
2024-09-20,667975708.307565,524801
2024-09-21,621908420.8244321,564640
2024-09-22,626515146.9192694,629903
2024-09-23,672582441.036092,573531
2024-09-24,667975708.307565,531570
2024-09-25,655944699.4434932,504605
2024-09-26,571298869.5864017,483781
2024-09-27,602061115.6314254,434448
2024-09-28,566904259.3924077,521838
2024-09-29,681164035.8409815,685081
2024-09-30,602061115.6314254,593815
2024-10-01,689953249.9007359,624352
2024-10-02,681164035.8409815,599545
2024-10-03,694347853.7664963,574536
2024-10-04,742688527.9310288,571667
2024-10-05,663585607.7214726,759113
2024-10-06,667980217.9154667,744069
2024-10-07,681164035.8409815,717392
2024-10-08,733899313.8712744,711462
2024-10-09,575872986.8706377,534258
2024-10-10,709250576.1991408,759342
2024-10-11,640613421.5382025,631180
2024-10-12,654340856.4238901,732389
2024-10-13,631461800.4774662,643752
2024-10-14,636037614.3024176,609666
2024-10-15,713826383.4349256,648296
2024-10-16,645189235.3631539,722995
2024-10-17,718402197.2598771,637858
2024-10-18,622310179.41673,471530
2024-10-19,791615159.1566001,738236
2024-10-20,791615159.1566001,785369
2024-10-21,782463538.095864,837363
2024-10-22,639026240.6203892,696851
2024-10-23,718143297.5144315,655119
2024-10-24,699119632.4620647,700022
2024-10-25,727655130.0406147,503588
2024-10-26,694363719.6232326,603956
2024-10-27,765702460.1453482,695610
2024-10-28,798993870.5627304,713082
2024-10-29,746678795.0929815,617786
2024-10-30,803749783.4015626,674680
2024-10-31,751434707.9318137,562286
2024-11-01,727655130.0406147,547824
2024-11-02,670584141.7320336,540251
2024-11-03,627780898.7884681,455287
2024-11-04,722003987.1010513,462249
2024-11-05,702351990.309251,457869
2024-11-06,773092476.7620561,500965
2024-11-07,788251150.3516102,567009
2024-11-08,717510663.898805,481877
2024-11-09,702351990.309251,587132
2024-11-10,747828018.3540778,553582
2024-11-11,687193309.4435323,461089
2024-11-12,737722233.5356535,502742
2024-11-13,697299094.2619566,570985
2024-11-14,641717281.3987055,503550
2024-11-15,757933803.172502,559376
2024-11-16,793304046.3989047,608007
2024-11-17,757933803.172502,598836
2024-11-18,789337179.1728685,676948
2024-11-19,889845956.7430439,815851
2024-11-20,747470599.8566331,669311
2024-11-21,732216100.2096523,480041
2024-11-22,727131269.4347123,539627
2024-11-23,701707093.5935297,451335
2024-11-24,681367763.1716092,463815
2024-11-25,859336950.1269213,598037
2024-11-26,706791931.6906307,475347
2024-11-27,676282925.0745082,462955
2024-11-28,722046431.3376116,523444
2024-11-29,615264919.1644242,348672
2024-11-30,833912781.6078997,633055
2024-12-01,803403774.9917771,698852
2024-12-02,649987948.105684,310261
2024-12-03,811042072.28046,437755
2024-12-04,759383337.5345525,503460
2024-12-05,800710325.3312784,509543
2024-12-06,702558733.0334829,433339
2024-12-07,733553973.8810276,443750
2024-12-08,754217467.7793905,419481
2024-12-09,862700799.5875101,401306
2024-12-10,795544448.137259,441945
2024-12-11,733553973.8810276,482129
2024-12-12,764549214.7285719,471573
2024-12-13,878198423.7307109,527292
2024-12-14,821373819.2296414,523313
2024-12-15,707724610.2275023,370567
2024-12-16,797498864.7082182,412496
2024-12-17,733677846.6894214,417545
2024-12-18,776835370.7386128,415402
2024-12-19,782230057.3605849,437556
2024-12-20,814598200.3974782,391262
2024-12-21,782230057.3605849,334464
2024-12-22,836176962.422074,332182
2024-12-23,749861922.0920451,298335
2024-12-24,712099092.4331796,323103
2024-12-25,814598200.3974782,407080
2024-12-26,706704398.0428538,298230
2024-12-27,852361030.0563437,348548
2024-12-28,771440684.1166407,291855
2024-12-29,853362734.1174872,432661
2024-12-30,867710158.6044941,362074
2024-12-31,703991256.0098306,315699
2025-01-01,764021519.2467395,290700
2025-01-02,911368526.8668325,412640
2025-01-03,774936113.2769511,400483
2025-01-04,813137188.4534373,439080
2025-01-05,851338263.6299235,433093
2025-01-06,725820444.0702533,364707
2025-01-07,731277745.0146124,344525
2025-01-08,682162075.8079149,408966
2025-01-09,829509083.4280078,528450
2025-01-10,774936113.2769511,405326
2025-01-11,753106925.2165282,368077
2025-01-12,939920313.6991917,380129
2025-01-13,702796045.2561852,407646
2025-01-14,845551487.3779281,348098
2025-01-15,763192581.1983879,356513
2025-01-16,702796045.2561852,381403
2025-01-17,823589117.1405907,420369
2025-01-18,713777234.3280815,360806
2025-01-19,823589117.1405907,381533
2025-01-20,834570306.2124872,353367
2025-01-21,730249013.9826986,329282
2025-01-22,823589117.1405907,429325
2025-01-23,746720793.6373155,326782
2025-01-24,768683171.7811084,372822
2025-01-25,702796045.2561852,328968
2025-01-26,752211392.1264913,310325
2025-01-27,841019046.8641225,335928
2025-01-28,795344640.9204767,311149
2025-01-29,832962291.9147371,349802
2025-01-30,779222784.9668733,346376
2025-01-31,671743786.5481225,317922
2025-02-01,988806850.4558095,352449
2025-02-02,918945495.2928308,383886
2025-02-03,822214390.5251644,363728
2025-02-04,703987482.9783524,313377
2025-02-05,773848838.1413312,378194
2025-02-06,779222784.9668733,426147
2025-02-07,929693396.6824037,501276
2025-02-08,859832041.5194248,467968
2025-02-09,796800432.702752,382701
2025-02-10,788864729.4327155,364185
2025-02-11,703735439.5557053,331657
2025-02-12,754813011.8474292,389778
2025-02-13,896695156.1941718,375861
2025-02-14,862643446.7812971,341719
2025-02-15,908045728.7226008,310167
2025-02-16,856968156.4308769,306797
2025-02-17,777514156.9042867,327916
2025-02-18,794540011.6107242,429401
2025-02-19,715086012.0841341,448514
2025-02-20,737787157.1409917,482796
2025-02-21,732111866.7905716,454467
2025-02-22,788864729.4327155,558602
2025-02-23,727639381.136543,574133
2025-02-24,714530231.5962585,511496
2025-02-25,807968795.7163497,493632
2025-02-26,862932663.9471062,398655
2025-02-27,824457960.1429749,326363
2025-02-28,857436273.1666323,388679
2025-03-01,791479639.2045212,283151
2025-03-02,692544684.3039559,271285
2025-03-03,824457960.1429749,372983
2025-03-04,802472412.8506724,302840
2025-03-05,736515778.8885611,306253
2025-03-06,934385688.6896912,372699
2025-03-07,780486865.5583698,313867
2025-03-08,753004935.4003898,291511
2025-03-09,878405393.0064901,302935
2025-03-10,858547238.6202688,441520
2025-03-11,769347526.0381613,379790
2025-03-12,852972260.0961257,432621
2025-03-13,886422155.3249063,529277
2025-03-14,791647456.1906818,441947
2025-03-15,735897638.8373549,472408
2025-03-16,808372399.791085,468961
2025-03-17,780497491.1144215,382454
2025-03-18,791647456.1906818,367012
2025-03-19,847397281.5719827,438484
2025-03-20,791647456.1906818,341253
2025-03-21,808372399.791085,318682
2025-03-22,836247316.4957225,412886
2025-03-23,876971228.9099866,542672
2025-03-24,870857127.4297616,481825
2025-03-25,842582547.0624223,499703
2025-03-26,859547301.7972896,518025
2025-03-27,836927634.2461863,435123
2025-03-28,870857127.4297616,395973
2025-03-29,797343220.1032952,292760
2025-03-30,774723552.5521919,303321
2025-03-31,836927634.2461863,319360
2025-04-01,763413718.7766402,352343
2025-04-02,972645623.2666469,404621
2025-04-03,859547301.7972896,395213
2025-04-04,1017884958.3688536,422793
2025-04-05,950907688.4520772,294122
2025-04-06,875826844.1440289,272974
2025-04-07,875826844.1440289,315963
2025-04-08,924148329.2792509,360926
2025-04-09,791264253.8552574,320082
2025-04-10,869786662.8510596,315731
2025-04-11,893947405.4186704,412324
2025-04-12,869786662.8510596,413756
2025-04-13,1038911843.4286025,448011
2025-04-14,899987586.7116399,448201
2025-04-15,869786662.8510596,435581
2025-04-16,893947405.4186704,512698
2025-04-17,924148329.2792509,555992
2025-04-18,821465177.7158377,512005
2025-04-19,847825370.5576408,548341
2025-04-20,753499805.3802222,468036
2025-04-21,771877846.40168,437926
2025-04-22,949532272.3473085,514191
2025-04-23,698365673.494388,425004
2025-04-24,863768069.1518909,460328
2025-04-25,882146110.1733487,385154
2025-04-26,814759947.9993888,330013
2025-04-27,827011978.2875142,432684
2025-04-28,863768069.1518909,421997
2025-04-29,894398140.4614741,466125
2025-04-30,808633937.2660567,344716
2025-05-01,827011978.2875142,330132
2025-05-02,974036332.9235595,380180
2025-05-03,998934428.304872,389316
2025-05-04,823060872.6106743,345861
2025-05-05,1036227716.8248532,401820
2025-05-06,817139566.6454616,335143
2025-05-07,894116484.5065093,343041
2025-05-08,941486898.1215152,371373
2025-05-09,828982170.0492132,335574
2025-05-10,888195187.0679704,326973
2025-05-11,882273881.1027578,280245
2025-05-12,858588674.2952548,385997
2025-05-13,769769161.5571294,289432
2025-05-14,852667376.856716,325951
2025-05-15,864509980.2604675,373943
2025-05-16,805296963.2417101,365949
2025-05-17,853949349.7167878,293931
2025-05-18,979723251.2998109,641273
2025-05-19,852722091.9971637,583361
2025-05-20,895055811.7647128,559405
2025-05-21,870865112.2664986,424978
2025-05-22,907151161.5138197,471085
2025-05-23,937389531.532262,445109
2025-05-24,852722091.9971637,389251
2025-05-25,913198832.0340477,357724
2025-05-26,925294181.7831548,352991
2025-05-27,852722091.9971637,424640
2025-05-28,991818601.0489181,540056
2025-05-29,961580231.030476,390670
2025-05-30,938712777.7441467,389971
2025-05-31,1016284108.9276665,300176
2025-06-01,839539042.158194,254662
2025-06-02,839539042.158194,348163
2025-06-03,908974603.1294425,360069
2025-06-04,795352777.7382623,332769
2025-06-05,845851370.8408961,321208
2025-06-06,845851370.8408961,296656
2025-06-07,902662283.5364864,290519
2025-06-08,965785515.8250328,323313
2025-06-09,883725306.5781256,354588
2025-06-10,1066782692.9405544,421700
2025-06-11,890037635.2608279,349470
2025-06-12,934223899.6807597,424933
2025-06-13,915286922.7223988,347897
2025-06-14,949074580.5847822,271851
2025-06-15,854616739.0187659,281450
2025-06-16,917456210.4459593,366746
2025-06-17,741505699.4987009,359926
2025-06-18,879752527.5896434,434037
2025-06-19,798061219.2587334,307561
2025-06-20,948875941.6351144,353689
2025-06-21,886036479.2568041,310017
2025-06-22,672382294.5021127,264346
2025-06-23,672382294.5021127,291899
2025-06-24,735221756.8804231,279722
2025-06-25,898604373.5422429,387334
2025-06-26,986579624.4914305,506745
2025-06-27,722653862.5949843,337361
2025-06-28,911172258.7787983,389138
2025-06-29,992910582.8334957,368982
2025-06-30,843035675.6364994,342103
2025-07-01,779081252.2306603,330384
2025-07-02,889547992.7013456,361066
2025-07-03,877919913.435134,364594
2025-07-04,924432230.4999804,365649
2025-07-05,912804151.2337689,436219
2025-07-06,930246265.9469781,496239
2025-07-07,877919913.435134,374019
2025-07-08,825593560.9232903,342697
2025-07-09,953502424.4794011,452381
2025-07-10,994200697.7250333,434824
2025-07-11,872105877.9881365,409674
2025-07-12,920455694.528146,394126
2025-07-13,859946007.0619582,410972
2025-07-14,910161827.211625,450093
2025-07-15,1029424417.014924,421980
2025-07-16,822284135.1705718,402255
2025-07-17,853669023.8939697,428846
2025-07-18,903884853.0824848,449609
2025-07-19,891330895.785356,432190
2025-07-20,935269741.8058826,405387
2025-07-21,941546724.9738712,388565
2025-07-22,941546724.9738712,423231
2025-07-23,878776938.4882272,365110
2025-07-24,922715784.5087537,408556
2025-07-25,1004316502.4206665,433467
2025-07-26,970368223.0482397,571396
2025-07-27,869131964.3263081,473722
2025-07-28,919884190.6853193,502425
2025-07-29,710531242.1093704,346511
2025-07-30,869131964.3263081,426989
2025-07-31,976980451.0488333,477852
2025-08-01,957948367.3061293,399495
2025-08-02,919884190.6853193,307246
2025-08-03,983324485.0533357,289554
2025-08-04,1084828946.9067595,451189
2025-08-05,875475989.1954089,408980
2025-08-06,913540165.8162187,495331
2025-08-07,1021388661.6741452,564678
2025-08-08,870936594.9483013,474837
2025-08-09,746374217.5096608,377106
2025-08-10,868625162.136932,396369
2025-08-11,945836284.5717696,449439
2025-08-12,881493684.0869608,365290
2025-08-13,1003744628.7142318,444797
2025-08-14,1042350194.5643184,479810
2025-08-15,862190905.7945851,433563
2025-08-16,978007594.0795093,396105
2025-08-17,978007594.0795093,442159
2025-08-18,990876106.7642031,482626
2025-08-19,862190905.7945851,409590
2025-08-20,907230727.9870186,424546
2025-08-21,958704806.5217984,451619
2025-08-22,939651300.6862693,457298
2025-08-23,980001773.7404907,471882
2025-08-24,1057370331.4047614,521558
2025-08-25,909080592.0131477,479193
2025-08-26,967107012.5824077,458661
2025-08-27,967107012.5824077,506732
2025-08-28,1025133433.1516676,580430
2025-08-29,1063817707.3416892,587838
2025-08-30,1018686047.9305124,625477
2025-08-31,851054171.4438878,482257
2025-09-01,1038028194.3097504,597762
2025-09-02,1050922946.1836064,583102
2025-09-03,883291069.6969818,405522
2025-09-04,902633206.7919924,400455
2025-09-05,959168799.5148376,414108
2025-09-06,946761024.1894389,446745
2025-09-07,1041437124.66076,580185
2025-09-08,1082012600.4648032,566372
2025-09-09,1129350650.700464,618149
2025-09-10,1149638393.4715424,648787
2025-09-11,1014386817.1961776,598534
2025-09-12,811509447.9140741,397599
2025-09-13,953523608.3591692,524450
2025-09-14,1034674550.2291428,539763
2025-09-15,1102300333.4977684,534944
2025-09-16,1082012600.4648032,535330
2025-09-17,865610082.3194653,362882
2025-09-18,1089165928.993784,446237
2025-09-19,1188749384.1862063,483134
2025-09-20,1082611043.2192636,492759
2025-09-21,1146294045.7615733,515795
2025-09-22,1061383379.1015872,456797
2025-09-23,1018928040.676954,498707
2025-09-24,1082611043.2192636,526277
2025-09-25,997700376.5592778,426022
2025-09-26,934017374.016968,418111
2025-09-27,1096762822.6941414,523531
2025-09-28,1167521709.8792496,637714
2025-09-29,990624481.7271986,449737
2025-09-30,1139218161.1187747,556139
2025-10-01,1079018824.2422624,471120
2025-10-02,1019764931.6764336,375898
2025-10-03,884796043.0252874,391675
2025-10-04,1004768398.0907606,426061
2025-10-05,1117242464.7683752,520032
2025-10-06,922287409.3820032,426681
2025-10-07,1034761476.0596178,430981
2025-10-08,1109744197.9755385,431067
2025-10-09,899792587.4084715,366723
2025-10-10,989771853.7075765,415580
2025-10-11,1102245920.385191,450131
2025-10-12,1087249376.0020068,463010
2025-10-13,1139737286.741907,489858
2025-10-14,1267207897.8027055,563809
2025-10-15,1079751109.2091703,484211
2025-10-16,1123253238.739343,490450
2025-10-17,1159633835.7101064,485148
2025-10-18,1203393595.9617257,564015
2025-10-19,1013767943.6992388,437518
2025-10-20,1086700884.4535005,422448
2025-10-21,1093994184.8303332,437054
2025-10-22,1115874064.956143,480827
2025-10-23,1035647823.8250486,436183
2025-10-24,1305499727.7209735,565682
2025-10-25,1166927125.5845947,502467
2025-10-26,1072114294.2021794,521439
2025-10-27,1072114294.2021794,505599
2025-10-28,1181513715.835916,526865
2025-10-29,932047920.01226,395521
2025-10-30,1240553836.426268,551534
2025-10-31,1085484605.4773614,460460
2025-11-01,1069977681.2659724,387158
2025-11-02,1201786531.4802876,405694
2025-11-03,1100991529.6887505,452775
2025-11-04,1015703452.1086028,370080
2025-11-05,1069977681.2659724,399776
2025-11-06,1085484605.4773614,414343
2025-11-07,1100991529.6887505,477171
2025-11-08,930415374.5284549,351704
2025-11-09,1093238073.165548,467846
2025-11-10,1085484605.4773614,451762
2025-11-11,1186279607.2688985,480595
2025-11-12,1085693709.7267337,452672
2025-11-13,1135417896.8857453,481822
2025-11-14,1090001177.5223117,484096
2025-11-15,1082431729.7450786,485232
2025-11-16,1203542970.4808896,582885
2025-11-17,938612123.8775448,406170
2025-11-18,1006737197.4726892,321895
2025-11-19,1037015010.381645,359976
2025-11-20,991598291.0182115,357950
2025-11-21,1142987344.6629784,416326
2025-11-22,1082431729.7450786,472844
2025-11-23,1074862271.067834,318830
2025-11-24,1082431729.7450786,399370
2025-11-25,870487050.2824004,351642
2025-11-26,1240799633.4969137,476755
2025-11-27,1061317862.9627872,404471
2025-11-28,1113270484.2052977,510984
2025-11-29,1016787040.1746083,403759
2025-11-30,1239441132.7407093,514580
2025-12-01,987099824.9824892,399941
2025-12-02,942569002.1943104,415283
2025-12-03,979678026.5281577,430832
2025-12-04,979678026.5281577,414769
2025-12-05,883194582.4974686,350006
2025-12-06,1209753917.54859,529256
2025-12-07,1187488511.498199,546753
2025-12-08,1098426876.609238,575607
2025-12-09,957412609.7903701,446113
2025-12-10,1150379497.8517485,554922
2025-12-11,1179627150.3762481,475726
2025-12-12,1068190149.6701112,411109
2025-12-13,1053456501.7977912,500012
2025-12-14,942954068.4977605,418597
2025-12-15,987155043.9394195,419887
2025-12-16,1082923808.150664,442553
2025-12-17,1016622350.2922922,451215
2025-12-18,1060823325.7339512,461224
2025-12-19,1068190149.6701112,433546
2025-12-20,1082923808.150664,441258
2025-12-21,1016622350.2922922,440054
2025-12-22,1023989184.8366852,426021
2025-12-23,1068190149.6701112,431814
2025-12-24,1171325759.0339823,503638
2025-12-25,1016989504.585422,465274
2025-12-26,1149714805.066739,513354
2025-12-27,1002315469.4510928,475008
2025-12-28,1142344843.061695,540696
2025-12-29,1134974870.4438992,548253
2025-12-30,877026041.0760822,366458
2025-12-31,980205572.8232092,407824
2026-01-01,1112864973.8160155,469075
2026-01-02,1061275207.942452,458150
2026-01-03,1142344843.061695,496980
2026-01-04,1068645169.947496,478738
2026-01-05,972835610.8181651,410199
2026-01-06,958095676.1953253,422822
2026-01-07,1083385104.570336,424312
2026-01-08,964845793.9226341,335049
2026-01-09,1033929117.8333746,351155
2026-01-10,1179552938.5755997,492984
2026-01-11,888305297.0911494,289219
2026-01-12,1033929117.8333746,405384
2026-01-13,982960782.1463331,340763
2026-01-14,902867680.2138637,326077
2026-01-15,1012085548.3917612,375169
2026-01-16,946554829.5820056,362621
2026-01-17,1084897453.520416,354936
2026-01-18,1019366734.7106606,332784
2026-01-19,1092178650.3242307,353668
2026-01-20,968398399.023619,386279
2026-01-21,997523165.269047,427046
2026-01-22,1162718505.7701015,464766
2026-01-23,985930372.2169061,437544
2026-01-24,690151266.636433,284304
2026-01-25,760574860.3057843,317176
2026-01-26,873252616.2613451,399372
2026-01-27,859167895.4992752,365975
2026-01-28,774659581.067854,342139
2026-01-29,901422057.7854848,421064
2026-01-30,922549133.8580905,383042
2026-01-31,971845651.4548361,403447
2026-02-01,838040819.4266695,356739
2026-02-02,830998453.9751356,354152
2026-02-03,929591499.3096247,435204
2026-02-04,1000015092.9789758,412289
2026-02-05,894379692.3339509,384528
2026-02-06,1021142169.0515816,407706
2026-02-07,1112468740.2429833,493708
2026-02-08,1063649664.9870174,512816
2026-02-09,1019852317.996721,394855
2026-02-10,900973830.4794544,390874
2026-02-11,982311747.7332362,451472
2026-02-12,1107447002.9675756,494350
2026-02-13,944771168.4600127,520762
2026-02-14,1038622612.1382018,550168
2026-02-15,1232582258.2019153,691973
2026-02-16,1094933476.5431678,529377
2026-02-17,1032365844.4211287,661420
2026-02-18,957284694.8844205,505310
2026-02-19,1025228859.3917795,502602
2026-02-20,983397437.0251604,417965
2026-02-21,854191934.5012189,344028
2026-02-22,1177205690.811073,538994
2026-02-23,1062356356.3827294,448909
2026-02-24,1184383769.690652,568326
2026-02-25,1119781018.4286811,481942
2026-02-26,1004931684.0003374,429268
2026-02-27,1012109773.2163564,411023
2026-02-28,1026465941.3119544,426230
2026-03-01,1069534435.2623082,464241
2026-03-02,976219347.8091414,420983
2026-03-03,961863190.0499836,377782
2026-03-04,933150853.8587877,382886
2026-03-05,1193001934.3916588,459142
2026-03-06,1052672433.1900944,446899
2026-03-07,951731243.3842345,435530
2026-03-08,966151414.8397177,457769
2026-03-09,994991747.3681616,408602
2026-03-10,994991747.3681616,378570
2026-03-11,1002201838.2871644,405045
2026-03-12,930100981.0097485,450856
2026-03-13,872420305.5703382,401832
2026-03-14,922890900.473268,441416
2026-03-15,901260648.4813046,399359
2026-03-16,901260648.4813046,410501
2026-03-17,915680809.5542653,374546
2026-03-18,1002201838.2871644,437912
2026-03-19,966151414.8397177,442942
2026-03-20,956085963.7654024,422037
2026-03-21,917823289.768721,490235
2026-03-22,1077444735.2152627,639039
2026-03-23,1064142947.2966102,530619
2026-03-24,831361682.6634102,384088
2026-03-25,1017586694.3699702,514188
2026-03-26,1097397412.3045979,634223
2026-03-27,1010935805.1992872,656575
2026-03-28,1157255453.1498902,776246
2026-03-29,957728653.5246779,621290
2026-03-30,904521501.8500684,539789
2026-03-31,904521501.8500684,519911
2026-04-01,1077444735.2152627,686646
2026-04-02,964379542.695361,501473
2026-04-03,900036039.4277529,460217
2026-04-04,828969678.3136718,439257
2026-04-05,1098384831.4750333,725843
2026-04-06,884234328.1768136,461763
2026-04-07,953315130.5581045,539413
2026-04-08,1022395942.8870316,560671
2026-04-09,994763617.9554608,579019
2026-04-10,863510089.4519534,453045
2026-04-11,849693926.986168,472181
2026-04-12,1070752506.5434624,709385
2026-04-13,1022395942.8870316,631372
2026-04-14,1132925232.6656787,609752
2026-04-15,863510089.4519534,461922
2026-04-16,1050028267.8186024,643440
2026-04-17,967334466.916483,548624
2026-04-18,1031290054.5634836,690658
2026-04-19,1064992341.7713568,733999
2026-04-20,876259525.6422594,551469
2026-04-21,909961812.8501325,532601
2026-04-22,882999979.2013302,535489
2026-04-23,815595404.7855839,449644
2026-04-24,1004328220.9146812,590597
2026-04-25,943664100.0580056,589115
2026-04-26,1004328220.9146812,704204
2026-04-27,930183183.2336047,577862
2026-04-28,936923646.4989349,574615
2026-04-29,856038145.552528,373961
2026-04-30,943664100.0580056,413668
2026-05-01,1064992341.7713568,597457
2026-05-02,896831740.5704167,529423
2026-05-03,1000953351.3604596,596099
2026-05-04,981197686.8712952,567474
2026-05-05,987782911.5285887,589261
2026-05-06,928515937.0265276,531510
2026-05-07,935101152.2011052,526484
2026-05-08,968027247.0394245,586249
2026-05-09,1126072515.539159,830362
2026-05-10,987782911.5285887,726220
2026-05-11,1086561196.0435464,778049
2026-05-12,882419402.3563375,593259
2026-05-13,915345497.194657,616272
2026-05-14,994368126.7031661,675554
2026-05-15,964723444.1105753,622005
2026-05-16,1025406922.0646992,682779
2026-05-17,950708403.3976227,605327
2026-05-18,950708403.3976227,603780
2026-05-19,964289953.135156,619635
2026-05-20,1032197701.8228234,666800
2026-05-21,862428334.9930127,543303
2026-05-22,1059360791.5191752,713572
2026-05-23,1113686990.469309,729353
2026-05-24,889591434.4680796,627984
2026-05-25,1120477760.4487183,781457
2026-05-26,943917633.4182135,626622
2026-05-27,950708403.3976227,646713
2026-05-28,1100105440.7317758,783577
2026-05-29,960163852.3585033,634214
2026-05-30,980866172.3203555,657986
2026-05-31,994681189.9526772,715768
2026-06-01,932513615.5806348,556953
2026-06-02,759825910.0968298,435693
2026-06-03,746010892.464508,426100
2026-06-04,980866172.3203555,589059
2026-06-05,932513615.5806348,568562
2026-06-06,842716005.943949,537071
2026-06-07,808178466.8365502,551253
2026-06-08,877253545.0513475,573611
2026-06-09,856531023.5762707,576386
2026-06-10,870346041.2085927,566110
2026-06-11,932513615.5806348,628815
2026-06-12,1015403711.427754,660151
2026-06-13,854439838.152652,541792
2026-06-14,906725183.392705,730021
2026-06-15,931566971.1991992,713083
2026-06-16,1006092325.6756397,786217
2026-06-17,819778935.0130172,600431
2026-06-18,1024723662.0589892,814960
2026-06-19,937777413.6793016,751132
2026-06-20,962619201.4857962,773705
2026-06-21,832199828.9162643,672668
2026-06-22,968829643.965898,774635
2026-06-23,1074407237.671978,861296
2026-06-24,962619201.4857962,751457
2026-06-25,1055775901.2886288,799315
2026-06-26,962619201.4857962,710902
2026-06-27,1113992357.1239765,826554
2026-06-28,858457137.2107625,618279
2026-06-29,831838318.6049633,530497
2026-06-30,991551268.5708677,626708
2026-07-01,951623035.8707805,609267
2026-07-02,871766551.3050507,539658
2026-07-03,1004860682.665156,686915
2026-07-04,1024824799.0151995,769219
2026-07-05,851802434.9550071,636006
2026-07-06,771945959.9720548,507339
2026-07-07,931658909.9379592,631230
2026-07-08,885075965.3993391,597694
2026-07-09,831838318.6049633,559601
2026-07-10,865111849.0492953,579527
2026-07-11,913015248.272411,677240
2026-07-12,910321900.5977669,764256
2026-07-13,929286937.1591471,706707
2026-07-14,973538695.2045144,739142
2026-07-15,885035179.1137801,558000
2026-07-16,764923265.7196722,536593
2026-07-17,802853338.8424331,577557
2026-07-18,1049398859.6564744,864354
2026-07-19,1043077174.733868,898384
2026-07-20,922965261.33976,730484
2026-07-21,872391818.3717868,651218
2026-07-22,726993183.4936922,497232
2026-07-23,834461745.249026,611799
2026-07-24,973538695.2045144,729761
2026-07-25,872065075.0995656,696377
2026-07-26,916150330.2022573,760079
2026-07-27,865950308.147995,689945
2026-07-28,796925282.3413862,561079
2026-07-29,897325326.4499104,672610
2026-07-30,960075344.9817349,699087
2026-07-31,985175356.008866,607581
2026-08-01,1029100370.7883435,744053
2026-08-02,903600324.6886917,675558
2026-08-03,941250341.229388,702879
2026-08-04,884775320.936345,619401
2026-08-05,891050319.1751261,608260
2026-08-06,803200289.6161708,541604
2026-08-07,991450354.2476469,717791
2026-08-08,898876720.0592811,658026
2026-08-09,906199297.8955106,740534
2026-08-10,880851063.8721335,630221
2026-08-11,817480478.8136902,607154
2026-08-12,893525180.883822,652466
2026-08-13,925210468.8503617,682308
2026-08-14,944221639.805213,694968
2026-08-15,918873405.7818357,723981
2026-08-16,1020266341.8753448,825829
2026-08-17,1001255161.79513,755423
2026-08-18,944221639.805213,709130
2026-08-19,779458136.9039879,536337
2026-08-20,804806361.8020016,514184
2026-08-21,868176946.8604448,534986
2026-08-22,937551968.6517192,709046
2026-08-23,850530898.7183248,701899
2026-08-24,888054323.8990586,637413
2026-08-25,888054323.8990586,618688
2026-08-26,950593365.8669479,724379
2026-08-27,913069940.6862142,688383
2026-08-28,825515290.9367903,575451
2026-08-29,913069940.6862142,737931
2026-08-30,1019386298.523194,869586
2026-08-31,950593365.8669479,699284
2026-09-01,888054323.8990586,622703
2026-09-02,856784807.4179245,583884
2026-09-03,1000624590.435638,721418
2026-09-04,894308232.5986581,606596
2026-09-05,927947322.4043229,734764
2026-09-06,1045376161.9707304,893036
2026-09-07,880650225.8858426,695588
2026-09-08,842636544.1170456,634799
2026-09-09,1020033716.581482,761212
2026-09-10,848972162.3068198,628831
2026-09-11,1020033716.581482,762456
2026-09-12,994691262.0689509,790836
2026-09-13,956677580.3001536,781593
2026-09-14,950341971.2336624,715786
2026-09-15,1032704934.7144648,818393
2026-09-16,861643380.4398025,652514
2026-09-17,905992680.3983741,647901
2026-09-18,963013198.489928,717757
2026-09-19,827043889.8213772,597042
2026-09-20,1016306042.904234,803174
2026-09-21,983309095.4339658,633966
2026-09-22,917315200.4934295,618756
2026-09-23,851321296.0497721,582016
2026-09-24,923914586.1862348,637210
2026-09-25,884318253.0231616,600211
2026-09-26,1016306042.904234,758249
2026-09-27,963510928.8524292,752965
2026-09-28,1088899333.0406964,776834
2026-09-29,1049302999.8776234,742152
2026-09-30,930513981.3821613,596962
2026-10-01,897517024.4087716,537656
2026-10-02,930513981.3821613,596770
2026-10-03,884134504.0369,619841
