{
    "MSE": 0.0002259892935398966,
    "RMSE": 0.015032940544188023,
    "MAE": 0.010604583658277988,
    "Directional_Accuracy": 0.8006295907660022,
    "alpha": 0.6
}