{
    "MSE": 0.0002452879271004349,
    "RMSE": 0.01566166989505291,
    "MAE": 0.01102637778967619,
    "Directional_Accuracy": 0.7757957327736971
}