{
    "MSE": 0.00025782599664697864,
    "RMSE": 0.01605696100284791,
    "MAE": 0.01105245573104052,
    "Directional_Accuracy": 0.8002798181182231
}