date,model1_return_prediction,true_return
2018-03-02,0.026211046,0.037819102
2018-03-03,-0.0027483045,0.0043969736
2018-03-04,0.005586727,-0.0053115194
2018-03-05,-0.048795015,-0.06655627
2018-03-06,-0.07154382,-0.0782384
2018-03-07,-0.05236996,-0.06658407
2018-03-08,-0.021890402,-0.00482631
2018-03-09,-0.050732676,-0.05077208
2018-03-10,0.058984373,0.083457366
2018-03-11,-0.033486396,-0.0431068
2018-03-12,0.008559555,0.0020414265
2018-03-13,-0.09115287,-0.11328497
2018-03-14,0.012291751,0.00865036
2018-03-15,-0.01079647,0.0023053186
2018-03-16,-0.038605124,-0.05412641
2018-03-17,0.024177514,0.0456145
2018-03-18,0.02643577,0.048849527
2018-03-19,0.014043525,0.035409793
2018-03-20,-0.006756576,-0.0028075352
2018-03-21,-0.0056634406,-0.01841271
2018-03-22,0.013288751,0.019878153
2018-03-23,-0.031180616,-0.04026594
2018-03-24,0.006490187,-0.009015746
2018-03-25,-0.028199676,-0.040467136
2018-03-26,-0.028395593,-0.042533156
2018-03-27,0.011441829,0.019535948
2018-03-28,-0.070649266,-0.11437879
2018-03-29,-0.016444426,-0.03588373
2018-03-30,0.00526156,0.012159282
2018-03-31,-0.006949344,-0.016146619
2018-04-01,0.024096537,0.035044298
2018-04-02,0.013957971,0.04830549
2018-04-03,-0.037105393,-0.08583489
2018-04-04,0.011628292,-0.0037355777
2018-04-05,-0.016506586,-0.025333108
2018-04-06,0.01887678,0.0436323
2018-04-07,0.0040646046,0.017565746
2018-04-08,-0.019208476,-0.034100074
2018-04-09,0.0036937238,0.008979543
2018-04-10,-0.0041121366,0.01592909
2018-04-11,0.064611256,0.13048309
2018-04-12,0.0018523106,-0.005770752
2018-04-13,0.009187882,0.015318614
2018-04-14,0.014292373,0.043542378
2018-04-15,-0.016231962,-0.03533637
2018-04-16,-0.00734234,-0.022559036
2018-04-17,0.019236188,0.035871282
2018-04-18,-0.002619749,0.0127653545
2018-04-19,0.030197663,0.06760445
2018-04-20,0.009662185,0.006564175
2018-04-21,0.0022583283,-0.014494391
2018-04-22,0.0056541013,0.01658971
2018-04-23,0.028989606,0.07397788
2018-04-24,-0.03704957,-0.08116955
2018-04-25,0.026454613,0.04367812
2018-04-26,-0.029598203,-0.038577277
2018-04-27,0.022121772,0.047387905
2018-04-28,-0.014583956,0.0075665093
2018-04-29,-0.0037442571,-0.01853682
2018-04-30,-0.008414071,-0.019056682
2018-05-01,0.0011401891,0.019254584
2018-05-02,0.021720685,0.052877273
2018-05-03,0.0047622537,-0.0037001704
2018-05-04,-0.0048432583,0.015324651
2018-05-05,-0.009573094,-0.021000607
2018-05-06,-0.0054028444,-0.030911822
2018-05-07,0.003359218,-0.019128941
2018-05-08,-0.007739407,0.013238696
2018-05-09,-0.014289173,-0.0336201
2018-05-10,-0.044073686,-0.069237284
2018-05-11,-0.0015686569,0.007819349
2018-05-12,-0.005439272,0.024937063
2018-05-13,-0.0002753401,-0.0018877884
2018-05-14,0.0034303232,-0.023514777
2018-05-15,-0.005506792,-0.015722096
2018-05-16,-0.006379927,-0.0352528
2018-05-17,-0.0016452204,0.024366627
2018-05-18,0.0041874396,-0.0007673023
2018-05-19,0.00035347318,0.035025273
2018-05-20,0.0020796002,-0.017239379
2018-05-21,-0.012246387,-0.049419686
2018-05-22,-0.009241988,-0.061413202
2018-05-23,-0.0047344067,0.0096916845
2018-05-24,-0.007952914,-0.015701482
2018-05-25,-0.008975878,-0.016637573
2018-05-26,-0.003860874,0.0006856154
2018-05-27,-0.01823005,-0.033247303
2018-05-28,0.019263014,0.049774393
2018-05-29,0.0027384278,-0.0115022585
2018-05-30,0.016770598,0.014676291
2018-05-31,0.0023134307,0.0047980836
2018-06-01,-0.006547748,0.015701093
2018-06-02,-0.0029305632,0.009669035
2018-06-03,-0.013541705,-0.029902382
2018-06-04,0.008976481,0.01826414
2018-06-05,-0.0023680306,0.004428214
2018-06-06,0.0031021358,0.0042006797
2018-06-07,-0.009229272,-0.011460439
2018-06-08,-0.01611529,-0.014801031
2018-06-09,-0.016324766,-0.102038965
2018-06-10,-0.00594271,0.015694402
2018-06-11,-0.030655693,-0.05104824
2018-06-12,-0.018729791,-0.037003998
2018-06-13,0.015410497,0.053103413
2018-06-14,-0.020509277,-0.03794425
2018-06-15,0.009823482,0.01477241
2018-06-16,0.0048616305,-0.0053148554
2018-06-17,0.012575925,0.039945837
2018-06-18,0.0073635,0.0042739334
2018-06-19,-0.009621631,0.0030068038
2018-06-20,-0.004217539,-0.0063307174
2018-06-21,-0.03648865,-0.105684035
2018-06-22,0.0011927536,0.017217346
2018-06-23,-0.001213853,-0.0021176948
2018-06-24,-0.00045750453,0.018570278
2018-06-25,-0.016031753,-0.029414315
2018-06-26,0.0076163965,0.01031595
2018-06-27,-0.026520707,-0.046681277
2018-06-28,0.029650215,0.05709198
2018-06-29,0.0060790647,0.030531472
2018-06-30,-0.007855429,-0.0052185436
2018-07-01,0.015464196,0.039856955
2018-07-02,-0.014691418,-0.015451422
2018-07-03,0.010366893,0.011162759
2018-07-04,-0.008620714,-0.008810549
2018-07-05,0.0017451392,0.012265946
2018-07-06,0.0013724868,0.022025675
2018-07-07,-0.013998382,-0.006664177
2018-07-08,-0.0043573817,-0.0074741156
2018-07-09,-0.023028135,-0.056378715
2018-07-10,-0.005336793,0.012806507
2018-07-11,-0.011289457,-0.020192884
2018-07-12,-0.0059402874,-0.0057761245
2018-07-13,0.00037470134,0.006003278
2018-07-14,-0.0034455138,0.016028903
2018-07-15,0.0049454058,0.056657825
2018-07-16,0.0056206016,0.084674
2018-07-17,0.007099928,0.008770518
2018-07-18,0.0033101637,0.01135645
2018-07-19,-0.0009870084,-0.017385233
2018-07-20,0.0018980827,0.008312848
2018-07-21,-0.006394698,-0.00053942355
2018-07-22,0.013802276,0.043169487
2018-07-23,0.016075905,0.083957896
2018-07-24,0.004678239,-0.026744079
2018-07-25,0.0054516774,-0.031767797
2018-07-26,0.00048679858,0.033348072
2018-07-27,0.002787205,0.0044438806
2018-07-28,-0.002829028,-0.0017084412
2018-07-29,-0.0011873483,-0.0045261206
2018-07-30,-0.0057811923,-0.05571943
2018-07-31,0.0010439472,-0.016478468
2018-08-01,-0.007289312,-0.010425539
2018-08-02,-0.0056868405,-0.014310535
2018-08-03,-0.012305544,-0.056699745
2018-08-04,0.0012281172,0.0020450298
2018-08-05,-0.0051963157,-0.012804808
2018-08-06,-0.006789641,-0.031458016
2018-08-07,-0.0045423135,-0.06693124
2018-08-08,0.0059124967,0.038208943
2018-08-09,-0.016771,-0.06089716
2018-08-10,-0.0052453107,0.014275845
2018-08-11,0.0014727244,0.012117513
2018-08-12,-0.0055357195,-0.009873689
2018-08-13,0.0031198072,-0.009372433
2018-08-14,-0.0033562547,0.012698441
2018-08-15,0.004575185,0.007089674
2018-08-16,-0.0020664064,0.04230391
2018-08-17,-0.01190037,-0.030301915
2018-08-18,0.005124541,0.013924296
2018-08-19,-0.015517264,-0.034983702
2018-08-20,0.02535382,0.035364944
2018-08-21,-0.01300212,-0.018552206
2018-08-22,0.004307592,0.025474181
2018-08-23,0.015531026,0.023720982
2018-08-24,0.0039182156,0.007752393
2018-08-25,-0.00232347,-0.005008333
2018-08-26,0.004032302,0.030665277
2018-08-27,0.0047471155,0.02395152
2018-08-28,0.0062317606,-0.006364089
2018-08-29,0.0013912524,-0.0066181463
2018-08-30,-0.0006059129,0.0037682105
2018-08-31,-0.0010947721,0.026572118
2018-09-01,-0.0016581089,0.014067238
2018-09-02,0.002795898,-0.0053539323
2018-09-03,-0.0032615317,0.0131364865
2018-09-04,-0.017236706,-0.09382468
2018-09-05,0.0014674823,-0.0278453
2018-09-06,-0.013585983,-0.018661354
2018-09-07,-0.0074295606,-0.033465784
2018-09-08,-0.0032712552,0.010575965
2018-09-09,-0.005756084,0.009741528
2018-09-10,0.0034982762,-0.0027112132
2018-09-11,-0.0008109275,0.006919709
2018-09-12,0.002707749,0.023197671
2018-09-13,5.9333222e-05,-0.0016584379
2018-09-14,-0.0045170602,0.0059007574
2018-09-15,-0.008080285,-0.0015299589
2018-09-16,-0.012371259,-0.04019927
2018-09-17,-0.0012630187,0.013946833
2018-09-18,0.007070456,0.008711325
2018-09-19,0.011054802,0.01554065
2018-09-20,0.012697584,0.04030726
2018-09-21,0.00063953164,-0.0053359885
2018-09-22,-0.0074303304,-0.0022410767
2018-09-23,-0.017858982,-0.019054875
2018-09-24,-0.008264613,-0.020547306
2018-09-25,-0.0018583662,0.0027229108
2018-09-26,1.6833656e-05,0.034062248
2018-09-27,0.004306263,-0.008188455
2018-09-28,0.0023087515,-0.0057743513
2018-09-29,-0.0020469888,0.0045663114
2018-09-30,0.0042216037,-0.0022601304
2018-10-01,0.00016085256,-0.013065176
2018-10-02,-0.0018649148,-0.0024225626
2018-10-03,-0.001921183,0.012788841
2018-10-04,-0.0017963042,0.0063283313
2018-10-05,0.004175263,-0.006255538
2018-10-06,0.00688213,0.0031780114
2018-10-07,0.0019045265,0.008691931
2018-10-08,0.00033691933,-0.0024606865
2018-10-09,-0.0040322677,-0.0038547236
2018-10-10,-0.01315094,-0.05874545
2018-10-11,-0.008693682,0.0072235386
2018-10-12,0.005422139,0.005529294
2018-10-13,0.0040629245,0.0010116579
2018-10-14,0.0163697,0.06313814
2018-10-15,-0.0016959652,0.0010020894
2018-10-16,-0.008049573,-0.0027229323
2018-10-17,-0.0053921714,-0.018253706
2018-10-18,-0.0062953713,-0.013702845
2018-10-19,-0.0048979567,0.0090751145
2018-10-20,0.00091021636,0.0002595134
2018-10-21,0.006381235,-0.0013529408
2018-10-22,-0.003104218,-0.0042163157
2018-10-23,-0.0030850885,0.0018278824
2018-10-24,-0.0019576065,-0.005714262
2018-10-25,-0.0030400506,0.0016132591
2018-10-26,-0.0063142916,-0.005064319
2018-10-27,-0.00807307,-0.0024115995
2018-10-28,-0.011334753,-0.02266345
2018-10-29,-0.0025988594,-0.0021506285
2018-10-30,0.00904519,0.006464739
2018-10-31,0.0067407065,0.0059568645
2018-11-01,0.0053637256,0.0037340494
2018-11-02,0.0006020656,-0.007314555
2018-11-03,-0.0054775467,0.015344115
2018-11-04,-0.006160952,-0.0026028897
2018-11-05,-0.009352306,0.0077178725
2018-11-06,-0.0012803852,0.009062812
2018-11-07,-0.008502205,-0.015104856
2018-11-08,-0.008522746,-0.009279259
2018-11-09,-0.0038831849,0.0020322048
2018-11-10,-0.0016459252,0.0026019083
2018-11-11,-0.0010470335,0.00050531357
2018-11-12,-0.0022320529,0.0007110365
2018-11-13,-0.01365154,-0.08652356
2018-11-14,-0.013202417,-0.028952476
2018-11-15,-0.0082660355,-0.017084664
2018-11-16,-0.0054900157,-0.0049006543
2018-11-17,0.00028685504,0.0059715207
2018-11-18,-0.064449154,-0.14249714
2018-11-19,-0.034949694,-0.07420746
2018-11-20,-0.005895989,0.022172444
2018-11-21,-0.03580637,-0.064482026
2018-11-22,0.0036554679,0.011514686
2018-11-23,-0.0761219,-0.1170176
2018-11-24,0.015477499,0.038252555
2018-11-25,-0.044952046,-0.056275684
2018-11-26,0.0040297722,0.0033628857
2018-11-27,0.05772042,0.09580716
2018-11-28,0.0011516868,0.007240102
2018-11-29,-0.030123476,-0.06107574
2018-11-30,0.011506501,0.036134135
2018-12-01,-0.011246606,-0.006947674
2018-12-02,-0.03281664,-0.06888971
2018-12-03,0.015765384,0.017262558
2018-12-04,-0.021312315,-0.047098123
2018-12-05,-0.039276864,-0.07177271
2018-12-06,-0.0081082275,-0.030440845
2018-12-07,-0.0034811003,0.002165977
2018-12-08,0.013833984,0.038657546
2018-12-09,-0.018592525,-0.03224297
2018-12-10,0.0020392411,-0.015408471
2018-12-11,0.010141679,0.018932818
2018-12-12,-0.013962607,-0.04237739
2018-12-13,0.0022459943,-0.023870964
2018-12-14,0.0053996127,-0.0038689335
2018-12-15,0.0075181127,0.0052636685
2018-12-16,0.045743287,0.08328361
2018-12-17,0.008951471,0.040189378
2018-12-18,0.004127882,0.002526248
2018-12-19,0.044719286,0.10055353
2018-12-20,-0.034201715,-0.053499702
2018-12-21,0.03418726,0.028316244
2018-12-22,-0.018522404,-0.00487396
2018-12-23,0.01612762,0.019729227
2018-12-24,-0.029694714,-0.06766231
2018-12-25,0.013369188,0.008493405
2018-12-26,-0.030496858,-0.057145957
2018-12-27,0.057118345,0.07329965
2018-12-28,-0.019642323,-0.038212486
2018-12-29,0.01865194,0.028436419
2018-12-30,-0.0136774685,-0.026387276
2018-12-31,0.011927348,0.025131855
2019-01-01,0.0026317353,0.016045906
2019-01-02,-0.0036374168,-0.024073532
2019-01-03,0.0023911423,0.0066756965
2019-01-04,-0.007180591,-0.0055666105
2019-01-05,0.0075997286,0.055859935
2019-01-06,-0.001229117,-0.003051597
2019-01-07,-0.013803829,-0.0051244786
2019-01-08,-0.0066457866,0.0029084394
2019-01-09,-0.04371232,-0.100917995
2019-01-10,0.008327731,0.004293757
2019-01-11,-0.010992484,-0.005060948
2019-01-12,-0.02164644,-0.030121513
2019-01-13,0.02090374,0.042039726
2019-01-14,-0.008156116,-0.020345729
2019-01-15,0.0010893708,0.010855402
2019-01-16,0.005647067,0.00676191
2019-01-17,-0.004420509,-0.0059186867
2019-01-18,0.016905177,0.019402359
2019-01-19,-0.00710441,-0.034986872
2019-01-20,0.0036494941,-0.0035040185
2019-01-21,0.0012393701,0.012406768
2019-01-22,-0.005744869,-0.0050844117
2019-01-23,0.016947228,0.0047174934
2019-01-24,0.005799468,-0.0012137506
2019-01-25,-0.008290982,-1.1219347e-05
2019-01-26,-0.0029793114,-0.0040499824
2019-01-27,-0.012292461,-0.03341475
2019-01-28,-0.003608171,-0.006752212
2019-01-29,0.009944086,0.013725209
2019-01-30,-0.00054891565,-0.0069875563
2019-01-31,0.010617378,0.008111794
2019-02-01,0.005350847,0.012258221
2019-02-02,-0.0034881977,-0.0134027
2019-02-03,-0.00057751336,0.0014765951
2019-02-04,-0.0035728922,0.00241391
2019-02-05,-0.008282137,-0.019259105
2019-02-06,-0.0008195217,-0.0020488647
2019-02-07,0.0033901345,0.07389609
2019-02-08,0.0006757949,0.0016766294
2019-02-09,0.0025284009,0.004051609
2019-02-10,-0.004219438,-0.013407194
2019-02-11,-0.0050414307,0.00011290862
2019-02-12,-0.01085225,-0.0060932175
2019-02-13,-0.0011041272,-0.0052333744
2019-02-14,0.0018718742,0.003311542
2019-02-15,0.0012677084,0.0044149817
2019-02-16,0.0070071653,0.013497341
2019-02-17,0.01193733,0.06108547
2019-02-18,0.0021999842,0.0023544824
2019-02-19,0.0010449011,0.015728604
2019-02-20,0.0002424838,-0.008202853
2019-02-21,0.01012729,0.006251199
2019-02-22,0.0021681576,0.03856038
2019-02-23,-0.0030623544,-0.095272295
2019-02-24,0.006101125,0.022284545
2019-02-25,-0.017966725,-0.0048945057
2019-02-26,0.015229261,0.0023179904
2019-02-27,-0.0025731027,-0.0011478349
2019-02-28,0.0036043692,0.0024382304
2019-03-01,0.002226952,-0.0008033569
2019-03-02,-0.0064103464,-0.0031936343
2019-03-03,8.3329156e-05,-0.024579035
2019-03-04,0.00020679805,0.037619498
2019-03-05,0.00052807975,0.0010648263
2019-03-06,0.0061143013,0.0030508796
2019-03-07,0.0027993259,-0.0022614123
2019-03-08,0.0026927125,0.020018779
2019-03-09,-0.00215267,-0.0066718995
2019-03-10,-0.0078888275,-0.011609659
2019-03-11,-0.010294666,0.0028680733
2019-03-12,-0.0028444494,-0.0043181335
2019-03-13,-0.011113743,0.002872229
2019-03-14,0.0008684235,0.011957767
2019-03-15,0.0038859472,0.020737868
2019-03-16,0.0028451057,-0.0062200343
2019-03-17,0.0028848432,0.0016739976
2019-03-18,-0.0018708555,0.0069271354
2019-03-19,-0.0073058903,0.0068275407
2019-03-20,-0.0046221437,-0.0155542735
2019-03-21,0.00062965666,0.0015789008
2019-03-22,0.0013709381,0.004774222
2019-03-23,0.00036414573,-0.003458286
2019-03-24,0.0033304663,-0.0141419815
2019-03-25,0.0023537953,0.0031529565
2019-03-26,-0.004069314,0.02241348
2019-03-27,-0.0007549366,-0.0025390983
2019-03-28,0.0014358559,0.018556539
2019-03-29,-0.003145207,0.0009061877
2019-03-30,0.00041632476,-0.0007356058
2019-03-31,0.006454962,0.009846706
2019-04-01,0.026971709,0.15868405
2019-04-02,0.014195385,0.0153855635
2019-04-03,0.00931406,-0.006904534
2019-04-04,0.011416414,0.021465724
2019-04-05,0.00792671,0.007750187
2019-04-06,0.008873413,0.0247473
2019-04-07,0.008628754,0.012804809
2019-04-08,-0.0005625002,-0.016733006
2019-04-09,0.005428994,0.030265499
2019-04-10,-0.014219145,-0.056356322
2019-04-11,0.0062547806,0.006088214
2019-04-12,-0.010363687,-0.0005528458
2019-04-13,0.007887144,0.016917778
2019-04-14,-0.009961863,-0.020943535
2019-04-15,0.0048125884,0.029176462
2019-04-16,0.0055119745,0.005608821
2019-04-17,-0.0015207515,0.010633619
2019-04-18,0.0040798998,4.563987e-05
2019-04-19,-0.0010816879,0.0062651797
2019-04-20,-0.0006114808,-0.0067483075
2019-04-21,-0.0010940441,0.019033333
2019-04-22,-0.0034848996,0.025100738
2019-04-23,-0.0013950935,-0.014358108
2019-04-24,-0.013633414,-0.036694635
2019-04-25,-0.0024158699,0.01788542
2019-04-26,-0.011800995,-0.0034703831
2019-04-27,-0.0049382634,0.0022314007
2019-04-28,-0.0029356822,-0.01315821
2019-04-29,7.103634e-05,0.015659073
2019-04-30,-0.0022635271,0.011657446
2019-05-01,0.007904101,0.020167895
2019-05-02,0.008981208,0.04968729
2019-05-03,0.0016443058,0.00978448
2019-05-04,-0.00060844165,-0.009277047
2019-05-05,0.004606939,-0.004830177
2019-05-06,0.0035431322,0.017000392
2019-05-07,0.0107298335,0.023823064
2019-05-08,0.023076825,0.036389954
2019-05-09,0.022053093,0.026093254
2019-05-10,0.03528397,0.104617774
2019-05-11,0.017583389,-0.015510656
2019-05-12,0.068485364,0.111702785
2019-05-13,0.02135076,0.019932965
2019-05-14,0.020859864,0.027588034
2019-05-15,-0.007980618,-0.03782832
2019-05-16,-0.033016764,-0.067208976
2019-05-17,-0.006644167,-0.013387176
2019-05-18,0.077325,0.11580288
2019-05-19,-0.0075415764,-0.026151156
2019-05-20,0.0036035413,-0.0042012255
2019-05-21,-0.015041241,-0.035596967
2019-05-22,0.023165777,0.028823813
2019-05-23,0.007571422,0.014334752
2019-05-24,0.010179377,0.0075721364
2019-05-25,0.027215399,0.07082595
2019-05-26,-0.0018072722,0.01633702
2019-05-27,0.005790913,-0.0046566124
2019-05-28,0.0010707416,-0.008059339
2019-05-29,-0.0199642,-0.04448089
2019-05-30,0.0056740176,0.033937022
2019-05-31,-0.008562034,-0.0012784323
2019-06-01,0.00466796,0.021067308
2019-06-02,-0.039819922,-0.07248954
2019-06-03,-0.029108092,-0.05428075
2019-06-04,-0.008411082,0.011571872
2019-06-05,-0.006797348,0.0013107846
2019-06-06,0.0129684815,0.024587676
2019-06-07,0.0051070983,-0.010949987
2019-06-08,-0.017062176,-0.03421211
2019-06-09,0.00555503,0.045440234
2019-06-10,-0.013866062,-0.012333426
2019-06-11,0.018059403,0.03032106
2019-06-12,0.00087291654,0.011121979
2019-06-13,0.008881707,0.051166743
2019-06-14,0.0141076725,0.01818055
2019-06-15,0.0073598516,0.01628566
2019-06-16,0.01278895,0.03948882
2019-06-17,-0.012761427,-0.025269467
2019-06-18,0.013103182,0.018972006
2019-06-19,0.019526407,0.027875394
2019-06-20,0.025731646,0.06535238
2019-06-21,0.02189381,0.054552294
2019-06-22,0.017767522,0.016322557
2019-06-23,0.020438805,0.013707115
2019-06-24,0.047412843,0.066839136
2019-06-25,0.07275079,0.10227307
2019-06-26,-0.07910578,-0.14468564
2019-06-27,0.076109454,0.090294085
2019-06-28,-0.025582109,-0.040945888
2019-06-29,-0.054003954,-0.092258506
2019-06-30,-0.007115824,-0.021339763
2019-07-01,0.008632129,0.02030275
2019-07-02,0.07974183,0.09638823
2019-07-03,-0.05350171,-0.06884303
2019-07-04,-4.934147e-05,-0.015820265
2019-07-05,0.02068359,0.025714034
2019-07-06,0.015422031,0.0132157225
2019-07-07,0.06602596,0.07043432
2019-07-08,0.014342321,0.024600537
2019-07-09,-0.020812325,-0.035298478
2019-07-10,-0.048152596,-0.06530584
2019-07-11,0.03405483,0.035876404
2019-07-12,-0.027786842,-0.034742415
2019-07-13,-0.10559949,-0.10987197
2019-07-14,0.06171728,0.06327177
2019-07-15,-0.1152824,-0.13821237
2019-07-16,0.018884744,0.023900641
2019-07-17,0.08390252,0.0945998
2019-07-18,-0.0007447661,-0.011629243
2019-07-19,0.022268916,0.022212759
2019-07-20,-0.0061280187,-0.014138281
2019-07-21,-0.011752869,-0.023808373
2019-07-22,-0.030650012,-0.04706583
2019-07-23,-0.0064013293,-0.010355607
2019-07-24,0.003423335,0.011870944
2019-07-25,-0.012584593,-0.0056709824
2019-07-26,-0.010065257,-0.03601121
2019-07-27,0.00549069,0.0068377377
2019-07-28,-0.0068372274,-0.003559212
2019-07-29,0.0024827858,0.0069773393
2019-07-30,0.019858658,0.051532816
2019-07-31,0.0077513866,0.028792262
2019-08-01,0.0141171655,0.014236505
2019-08-02,0.008213472,0.02747142
2019-08-03,0.0024537528,0.010334823
2019-08-04,0.04496112,0.079096384
2019-08-05,-0.012666923,-0.029783644
2019-08-06,0.034037806,0.042070057
2019-08-07,0.001699904,0.0020638343
2019-08-08,-0.013062234,-0.010032011
2019-08-09,-0.030811492,-0.049229193
2019-08-10,0.007745079,0.021056559
2019-08-11,-0.029798051,-0.013413403
2019-08-12,-0.021180939,-0.04517568
2019-08-13,-0.04436639,-0.08048431
2019-08-14,0.008693526,0.023944952
2019-08-15,-0.009324019,0.0036469512
2019-08-16,-0.003183827,-0.011244276
2019-08-17,-0.00011495664,0.008844854
2019-08-18,0.025788616,0.05738553
2019-08-19,-0.0075384057,-0.01430451
2019-08-20,-0.025399745,-0.059141535
2019-08-21,0.0009011639,-0.004217875
2019-08-22,0.009555056,0.02827695
2019-08-23,-0.0057661813,-0.02486985
2019-08-24,-0.007828018,0.00082260533
2019-08-25,0.009656535,0.022380723
2019-08-26,-0.009135705,-0.018213011
2019-08-27,-0.016623527,-0.046632465
2019-08-28,-0.02048187,-0.02316092
2019-08-29,0.0066701174,0.009023809
2019-08-30,0.007863928,0.00030565393
2019-08-31,0.0028760617,0.014240796
2019-09-01,0.022952091,0.061322037
2019-09-02,0.008965536,0.026274603
2019-09-03,0.0021654728,-0.0045566424
2019-09-04,0.002388922,-0.00023945284
2019-09-05,-0.009254829,-0.025477791
2019-09-06,0.006394284,0.015143913
2019-09-07,0.0038587465,-0.007169948
2019-09-08,0.0045742416,-0.0075477893
2019-09-09,-0.005082068,-0.020094523
2019-09-10,0.0008671826,0.00594182
2019-09-11,-0.001207568,0.024953976
2019-09-12,-0.0010931445,-0.007028959
2019-09-13,-0.002863179,-0.0006809472
2019-09-14,-0.0068190815,-0.0031991065
2019-09-15,-0.005041793,-0.0049335198
2019-09-16,0.0009496738,-0.006212613
2019-09-17,-0.0008300571,-0.0030307507
2019-09-18,0.005748885,0.0085583385
2019-09-19,0.008527242,-0.00741692
2019-09-20,0.00048727193,-0.018080391
2019-09-21,-0.0028922567,0.0042447676
2019-09-22,-0.006547554,-0.033110116
2019-09-23,-0.013838298,-0.13309903
2019-09-24,-0.005033619,-0.0074560754
2019-09-25,-0.04522806,-0.044426475
2019-09-26,0.0007684859,0.014060388
2019-09-27,-0.0008588829,0.002552405
2019-09-28,-0.0071888375,-0.019084927
2019-09-29,0.009891729,0.030066257
2019-09-30,0.0019095248,0.00037390436
2019-10-01,0.0050481604,0.0081069935
2019-10-02,-0.007000948,-0.016399406
2019-10-03,-0.008769724,-0.010614307
2019-10-04,-0.0031543714,-0.0013453589
2019-10-05,-0.017084379,-0.034037393
2019-10-06,0.011440614,0.0418701
2019-10-07,0.006265835,-0.0026530598
2019-10-08,0.0137844775,0.04691481
2019-10-09,0.0053327344,-0.00031661155
2019-10-10,-0.01225224,-0.035627052
2019-10-11,-0.0034051635,0.005023385
2019-10-12,-0.016656347,-0.0030262284
2019-10-13,0.004646074,0.008805817
2019-10-14,-0.009092359,-0.02288879
2019-10-15,-0.0022186688,-0.020748647
2019-10-16,-0.0040238407,0.009816842
2019-10-17,0.00093529583,-0.015429594
2019-10-18,0.006216611,0.00012582558
2019-10-19,0.0071230046,0.034056086
2019-10-20,-0.0009478326,-0.0031764966
2019-10-21,0.00035329896,-0.02186275
2019-10-22,-0.0023688436,-0.071496
2019-10-23,-0.0051419614,-0.0072867977
2019-10-24,0.027535819,0.15498388
2019-10-25,0.001933878,0.06431955
2019-10-26,0.022998378,0.031978324
2019-10-27,-0.016824663,-0.03467535
2019-10-28,0.028168,0.021757975
2019-10-29,-0.019556392,-0.027250405
2019-10-30,0.011149316,-0.0015162143
2019-10-31,-0.0038316944,0.0098800855
2019-11-01,0.0054265894,0.0062534185
2019-11-02,-0.004065875,-0.010258565
2019-11-03,0.009802735,0.021373674
2019-11-04,-0.0045314636,-0.009056843
2019-11-05,-0.0003478031,0.0032593843
2019-11-06,0.0024046283,-0.013241729
2019-11-07,-0.018476382,-0.049200777
2019-11-08,-0.0018530875,0.004058439
2019-11-09,0.0057270317,0.025780076
2019-11-10,-0.014980859,-0.034460675
2019-11-11,0.010174424,0.01010193
2019-11-12,0.005616584,-0.005093465
2019-11-13,-0.0077082524,-0.014972904
2019-11-14,0.0017602248,-0.020440694
2019-11-15,-0.003186504,0.0022743964
2019-11-16,-0.009471628,0.0013393421
2019-11-17,-0.011022458,-0.03778018
2019-11-18,-0.0034971014,-0.006559747
2019-11-19,-0.003871153,-0.0043901955
2019-11-20,-0.02308125,-0.05982675
2019-11-21,-0.014328581,-0.048278805
2019-11-22,-0.010515013,0.0059452294
2019-11-23,-0.026005492,-0.057461362
2019-11-24,-0.00103404,0.029445102
2019-11-25,0.00051638775,0.0065289657
2019-11-26,0.012778411,0.048067648
2019-11-27,-0.016375177,-0.0119280545
2019-11-28,0.023519099,0.042250022
2019-11-29,-0.006316215,-0.025887528
2019-11-30,0.0003862642,-0.020224653
2019-12-01,-0.016237084,-0.013157682
2019-12-02,0.00029091747,-0.00021526031
2019-12-03,-0.0063275285,-0.013583393
2019-12-04,0.016559925,0.026700582
2019-12-05,0.010082369,0.018566588
2019-12-06,0.002770191,-0.0052292123
2019-12-07,0.003905763,0.002920329
2019-12-08,-0.020959496,-0.023096573
2019-12-09,-0.008000533,-0.015726728
2019-12-10,0.0010886193,-0.0019578603
2019-12-11,-0.0056173205,-0.0016546275
2019-12-12,0.0027935184,0.008356117
2019-12-13,-0.0034417622,-0.0271519
2019-12-14,0.004901639,0.0076911305
2019-12-15,0.0040086713,-0.03238898
2019-12-16,0.0026420406,-0.039648447
2019-12-17,0.013133946,0.0941605
2019-12-18,-0.0069584344,-0.017678427
2019-12-19,0.0087780515,0.0052350042
2019-12-20,-0.0032204662,-0.0076924637
2019-12-21,0.022539705,0.05039815
2019-12-22,0.0013490878,-0.024882294
2019-12-23,-0.0041308543,-0.008415693
2019-12-24,-0.009062199,-0.0070731393
2019-12-25,-0.007679644,-0.00036510968
2019-12-26,0.00081126054,0.0072962833
2019-12-27,0.002146563,0.008427818
2019-12-28,0.0034361742,0.0098066805
2019-12-29,-0.004599277,-0.019439954
2019-12-30,0.0040561995,-0.007031286
2019-12-31,-0.0042060968,0.0007807681
2020-01-01,-0.0064866925,-0.033199534
2020-01-02,0.011977485,0.053014822
2020-01-03,-0.0003790825,0.0012449769
2020-01-04,-0.0018551331,0.0006307408
2020-01-05,0.009334264,0.05283449
2020-01-06,0.004604021,0.04871405
2020-01-07,0.00091568497,-0.011023945
2020-01-08,-0.0011179999,-0.030016605
2020-01-09,0.013604059,0.047372606
2020-01-10,-0.005266753,-0.021831004
2020-01-11,0.0021639057,0.0203611
2020-01-12,0.0007613159,-0.009160977
2020-01-13,0.024368994,0.082748786
2020-01-14,-0.0032448955,0.0012931462
2020-01-15,0.0070951656,-0.011561337
2020-01-16,0.00381597,0.021921914
2020-01-17,-0.0042177923,0.00030062976
2020-01-18,0.0013841927,-0.02432452
2020-01-19,0.0016015118,-0.0068438724
2020-01-20,0.0037908144,0.010781316
2020-01-21,0.002336669,-0.006162472
2020-01-22,-0.006896535,-0.032523725
2020-01-23,-0.003249344,0.004094162
2020-01-24,-0.006700812,-0.01173106
2020-01-25,0.006221678,0.032372113
2020-01-26,-0.0009679401,0.033396605
2020-01-27,0.0066884467,0.051060826
2020-01-28,0.00022973563,-0.007783399
2020-01-29,-0.0023151925,0.022502456
2020-01-30,-0.0008369776,-0.016995972
2020-01-31,-0.00054692803,0.003385727
2020-02-01,-0.006913012,-0.005674268
2020-02-02,0.00082251756,-0.004217202
2020-02-03,-0.0048687654,-0.010300125
2020-02-04,0.00407677,0.04413696
2020-02-05,0.001274453,0.016504673
2020-02-06,0.0013851246,0.004261272
2020-02-07,0.0012899362,0.008252206
2020-02-08,0.009822524,0.025611473
2020-02-09,-0.0024519796,-0.02998888
2020-02-10,0.008643594,0.036990684
2020-02-11,-0.0013670638,0.0100616235
2020-02-12,0.0019668648,-0.009421122
2020-02-13,0.0010315275,0.011153032
2020-02-14,0.0029351152,-0.043430034
2020-02-15,0.0032672114,0.0012662706
2020-02-16,-0.010963237,-0.021533431
2020-02-17,0.020460036,0.046177667
2020-02-18,-0.0129770795,-0.057805903
2020-02-19,0.0035091294,0.0002740981
2020-02-20,-0.0055789733,0.008366991
2020-02-21,0.013172325,-0.0027100723
2020-02-22,0.0033343723,0.029157752
2020-02-23,-0.0044353213,-0.028611835
2020-02-24,-0.00257722,-0.03587677
2020-02-25,-0.019247904,-0.058642
2020-02-26,-0.0022523298,0.0043115704
2020-02-27,-0.009757715,-0.014877998
2020-02-28,-0.017778784,-0.019667791
2020-02-29,0.011730382,0.0009697758
2020-03-01,0.0145767275,0.043952435
2020-03-02,-0.0043583754,-0.017558277
2020-03-03,0.005180849,-0.0010507718
2020-03-04,0.0053540748,0.03412863
2020-03-05,0.006095168,0.008489837
2020-03-06,-0.0048960773,-0.027220313
2020-03-07,-0.027099904,-0.10095463
2020-03-08,-0.009967512,-0.012960006
2020-03-09,-0.0063047023,-0.0044627273
2020-03-10,-0.0004551151,0.005048946
2020-03-11,-0.44681448,-0.5026069
2020-03-12,0.07243639,0.15032193
2020-03-13,-0.08968112,-0.075666785
2020-03-14,0.039413746,0.03593542
2020-03-15,-0.054100968,-0.06399129
2020-03-16,0.03793373,0.054873694
2020-03-17,0.010430694,0.015020346
2020-03-18,0.103576906,0.1333522
2020-03-19,0.007857715,0.007435327
2020-03-20,0.010838799,-0.003449687
2020-03-21,-0.034652013,-0.061801676
2020-03-22,0.09018446,0.10611485
2020-03-23,0.011544572,0.04199972
2020-03-24,-0.0018897238,-0.010026794
2020-03-25,0.009406314,0.008934974
2020-03-26,-0.037877224,-0.057779726
2020-03-27,0.0048287073,-0.019445252
2020-03-28,-0.05025983,-0.05864495
2020-03-29,0.07209014,0.08362125
2020-03-30,0.0035252157,0.0025084317
2020-03-31,0.026865453,0.035623714
2020-04-01,0.0016814679,0.022501491
2020-04-02,0.0013548834,-0.008868946
2020-04-03,0.018642113,0.0180844
2020-04-04,-0.004670068,-0.012356932
2020-04-05,0.049335856,0.079050235
2020-04-06,-0.019456774,-0.018253138
2020-04-07,0.010103644,0.022525096
2020-04-08,-0.012302472,-0.010616823
2020-04-09,-0.044617265,-0.060067013
2020-04-10,0.0042012148,0.002607795
2020-04-11,-0.00497533,0.0039127464
2020-04-12,-0.00062910374,-0.009588406
2020-04-13,-0.0029816101,0.0044927304
2020-04-14,-0.03295956,-0.036692195
2020-04-15,0.044647165,0.070085324
2020-04-16,-0.0135274455,-0.010529848
2020-04-17,0.019627452,0.030970208
2020-04-18,-0.031709746,-0.017796693
2020-04-19,-0.04076776,-0.042151216
2020-04-20,-0.0006795465,0.002127567
2020-04-21,0.03923811,0.04064137
2020-04-22,0.032703467,0.048922885
2020-04-23,-0.0028907028,0.0030172055
2020-04-24,4.8521906e-07,0.004476309
2020-04-25,0.012197513,0.02027805
2020-04-26,-0.005722575,0.010540759
2020-04-27,0.017932363,-0.0045946864
2020-04-28,0.10152216,0.12604363
2020-04-29,0.00041885802,-0.01822844
2020-04-30,0.013082627,0.02372559
2020-05-01,0.011229192,0.016303515
2020-05-02,-0.0063215895,-0.008719308
2020-05-03,0.0015031772,-0.00249914
2020-05-04,0.024629451,0.016751455
2020-05-05,0.020251129,0.013332614
2020-05-06,0.05576221,0.088244356
2020-05-07,-0.009962689,-0.018840762
2020-05-08,-0.009797082,-0.026952816
2020-05-09,-0.034099713,-0.089493744
2020-05-10,-0.008519884,-0.018659104
2020-05-11,0.020583458,0.028699363
2020-05-12,0.04944408,0.055044312
2020-05-13,0.03662795,0.050542265
2020-05-14,-0.027777974,-0.04978525
2020-05-15,0.008699687,0.0069367136
2020-05-16,0.0049838983,0.031350885
2020-05-17,0.0049070423,0.0055516865
2020-05-18,0.0029435456,0.0042646043
2020-05-19,-0.0133385,-0.02738809
2020-05-20,-0.021674424,-0.047670823
2020-05-21,0.0060718507,0.011113876
2020-05-22,-0.0123472195,0.0009973214
2020-05-23,-0.024467051,-0.05127638
2020-05-24,0.020823058,0.020432374
2020-05-25,-0.003273595,-0.00667025
2020-05-26,0.022268055,0.040225424
2020-05-27,0.029659491,0.039602704
2020-05-28,-0.009572083,-0.015663143
2020-05-29,0.014256609,0.02830547
2020-05-30,-0.01432701,-0.02605915
2020-05-31,0.031328373,0.07663155
2020-06-01,-0.023429837,-0.06927426
2020-06-02,0.0036884942,0.015450457
2020-06-03,0.00049123284,0.012626033
2020-06-04,-0.002501213,-0.017300596
2020-06-05,0.00065856194,0.00468077
2020-06-06,0.013678096,0.00831291
2020-06-07,-0.0044187712,0.003586465
2020-06-08,0.0025765155,-0.0009798286
2020-06-09,0.0023559988,0.011453301
2020-06-10,-0.010799197,-0.06311381
2020-06-11,0.0059246975,0.01970987
2020-06-12,0.0016499524,0.00086701836
2020-06-13,-0.0063496176,-0.013950472
2020-06-14,0.004560942,0.008942883
2020-06-15,0.0034644487,0.010507911
2020-06-16,0.0015091458,-0.0063662855
2020-06-17,-0.0014672801,-0.008362265
2020-06-18,0.008660715,-0.008139514
2020-06-19,0.0058029303,0.005219309
2020-06-20,-0.0022473861,-0.0068898355
2020-06-21,0.003110731,0.04120627
2020-06-22,-0.0057559586,-0.006297087
2020-06-23,-0.012638836,-0.03471554
2020-06-24,-0.00017685397,-0.0050684945
2020-06-25,-0.001054948,-0.009480999
2020-06-26,-0.0031161094,-0.016530393
2020-06-27,0.0038926762,0.011512483
2020-06-28,0.0036611576,0.0083249565
2020-06-29,0.0026743526,-0.0058927317
2020-06-30,0.0015009027,0.01017398
2020-07-01,-0.002529424,-0.015881512
2020-07-02,-0.0015690248,-0.003117149
2020-07-03,-6.509165e-05,0.008486495
2020-07-04,-0.006422278,-0.007256332
2020-07-05,-0.0020235404,0.029848618
2020-07-06,-0.00063883176,-0.0093336785
2020-07-07,0.0018088369,0.019116368
2020-07-08,-0.0025574937,-0.021816235
2020-07-09,0.00048320997,0.0060375645
2020-07-10,-0.0054698414,-0.005864277
2020-07-11,-0.0030176584,0.0074144825
2020-07-12,-0.0052455766,-0.0064846603
2020-07-13,-0.00040253217,0.0014303888
2020-07-14,-0.0028806324,-0.0063132034
2020-07-15,-0.0020848967,-0.006969521
2020-07-16,-0.0011811119,0.0022528395
2020-07-17,-0.004753302,0.0017419212
2020-07-18,-0.00059025735,0.004212361
2020-07-19,0.00042298832,-0.005248853
2020-07-20,0.003485056,0.024713965
2020-07-21,-0.00038958102,0.01355626
2020-07-22,0.0015492832,0.008902113
2020-07-23,0.00063984585,-0.0068408144
2020-07-24,0.0020978353,0.016906332
2020-07-25,0.00074740266,0.023546368
2020-07-26,0.013991905,0.10489965
2020-07-27,0.0094777355,-0.011277353
2020-07-28,0.010664846,0.017655002
2020-07-29,0.010508825,-8.288236e-05
2020-07-30,0.012942734,0.021025892
2020-07-31,0.020016238,0.040262815
2020-08-01,-0.0070448173,-0.06383799
2020-08-02,0.007905503,0.013320276
2020-08-03,0.0038548072,-0.0024844091
2020-08-04,0.03302523,0.0482234
2020-08-05,-0.0012968492,0.001493149
2020-08-06,-0.0011159435,-0.014405544
2020-08-07,0.00792698,0.014316273
2020-08-08,0.0054378766,-0.0068020304
2020-08-09,0.007071098,0.017921463
2020-08-10,-0.0053822603,-0.043024886
2020-08-11,0.010247739,0.015006984
2020-08-12,-0.0017442782,0.018477818
2020-08-13,0.0053740786,-0.0016533184
2020-08-14,0.0018795729,0.007780519
2020-08-15,0.0017526896,0.004931964
2020-08-16,0.0076812487,0.030601595
2020-08-17,-0.007901365,-0.02775032
2020-08-18,-0.009415778,-0.016069815
2020-08-19,0.0018357461,0.008383598
2020-08-20,-0.008402417,-0.027558854
2020-08-21,-0.00097395666,0.011349462
2020-08-22,-0.0015761973,-0.0012723559
2020-08-23,0.0040301043,0.008554385
2020-08-24,-0.0022344214,-0.03726855
2020-08-25,-0.0019419878,0.012555999
2020-08-26,0.0006973096,-0.0114998715
2020-08-27,-0.0012093955,0.017196689
2020-08-28,0.0010807922,-0.005312122
2020-08-29,0.0050470456,0.021170054
2020-08-30,0.0023624331,-0.005278114
2020-08-31,0.00027475622,0.023118798
2020-09-01,-0.0065570404,-0.04577533
2020-09-02,-0.022259321,-0.11603577
2020-09-03,0.004666928,0.02967124
2020-09-04,-0.024455812,-0.027126372
2020-09-05,0.005460928,0.0087657105
2020-09-06,0.0008837222,0.011366293
2020-09-07,0.006415013,-0.02407813
2020-09-08,0.0056709414,0.009097741
2020-09-09,0.004720259,0.011448812
2020-09-10,0.015511022,0.004923589
2020-09-11,-0.006998703,0.0050919964
2020-09-12,-0.007565659,-0.010406496
2020-09-13,0.0013951275,0.032275733
2020-09-14,-0.0015897092,0.010583086
2020-09-15,0.0035590276,0.015520576
2020-09-16,0.0062318007,-0.0012807164
2020-09-17,-0.0043023876,-0.0006034733
2020-09-18,-0.0019221338,0.013378934
2020-09-19,-0.011772659,-0.014578733
2020-09-20,-0.018563397,-0.047161404
2020-09-21,-0.0023197467,0.010731082
2020-09-22,-0.008022709,-0.0277471
2020-09-23,0.0031856576,0.0471882
2020-09-24,-0.0058453484,-0.0046352157
2020-09-25,0.002686742,0.003915902
2020-09-26,0.0025466485,0.004245955
2020-09-27,0.0121478,-0.0072779693
2020-09-28,0.0032382715,0.013406216
2020-09-29,-0.0044287746,-0.0059110867
2020-09-30,-0.0029524942,-0.014719097
2020-10-01,0.0017182033,-0.004599449
2020-10-02,0.00068035244,-0.0026846721
2020-10-03,0.001482977,0.011747207
2020-10-04,-0.0007531749,0.011704401
2020-10-05,-0.0075672576,-0.018002652
2020-10-06,-0.0040303185,0.006275751
2020-10-07,-0.0020634898,0.024008237
2020-10-08,-0.0019944813,0.011382432
2020-10-09,0.011883602,0.021714201
2020-10-10,0.0072757932,0.0066895667
2020-10-11,0.011146652,0.013908433
2020-10-12,0.005334951,-0.0093853045
2020-10-13,0.0060592736,-0.00023381622
2020-10-14,-0.0035886853,0.00761073
2020-10-15,-0.002380879,-0.016281154
2020-10-16,0.00047091735,0.0036050184
2020-10-17,0.0010187391,0.012504023
2020-10-18,0.0056980876,0.021358298
2020-10-19,0.0069175046,0.013399204
2020-10-20,0.018306993,0.07057902
2020-10-21,0.0076687187,0.014568319
2020-10-22,0.006545265,-0.003510796
2020-10-23,0.011967607,0.014493163
2020-10-24,0.01084034,-0.006342655
2020-10-25,0.0076910737,0.0017913415
2020-10-26,3.2798853e-06,0.043769885
2020-10-27,0.0032953976,-0.027491298
2020-10-28,0.0030903253,0.014168285
2020-10-29,-0.001357973,0.007728849
2020-10-30,0.0063935737,0.016884549
2020-10-31,0.0004237477,-0.0021413674
2020-11-01,0.002028428,-0.0155347865
2020-11-02,0.011001636,0.03439658
2020-11-03,0.0075547923,0.00855458
2020-11-04,0.043862607,0.09733975
2020-11-05,-0.0025546006,-0.0006480603
2020-11-06,-0.0073669297,-0.050120004
2020-11-07,0.016081046,0.04336938
2020-11-08,-0.005997285,-0.009524311
2020-11-09,0.008773261,-0.0020375105
2020-11-10,0.021978285,0.024985928
2020-11-11,0.023022488,0.03800921
2020-11-12,0.002856249,0.0017686442
2020-11-13,-0.01107724,-0.015452059
2020-11-14,0.015057714,-0.0070845773
2020-11-15,0.005684779,0.04632336
2020-11-16,0.013328149,0.055046123
2020-11-17,0.0057616844,0.0065888967
2020-11-18,-0.0119216405,0.0015008881
2020-11-19,0.026087526,0.04679325
2020-11-20,0.009948899,0.0025765905
2020-11-21,-0.010208908,-0.015592115
2020-11-22,0.0038817823,-0.0025245761
2020-11-23,0.026409563,0.042215273
2020-11-24,-0.00022908713,-0.023280367
2020-11-25,-0.07007325,-0.087577656
2020-11-26,-0.007647912,-0.00058036123
2020-11-27,0.016570602,0.03329857
2020-11-28,0.024051586,0.025911048
2020-11-29,0.056767374,0.07981244
2020-11-30,-0.02633477,-0.04841767
2020-12-01,0.004286847,0.023131976
2020-12-02,0.006429188,0.011278018
2020-12-03,-0.01956473,-0.04052727
2020-12-04,0.025119768,0.026306488
2020-12-05,0.0040370687,0.010997575
2020-12-06,-0.008682187,-0.009993257
2020-12-07,-0.024660802,-0.044967152
2020-12-08,0.008626639,0.011781919
2020-12-09,-0.0147357145,-0.015580852
2020-12-10,-0.009430362,-0.012019601
2020-12-11,0.030599015,0.04191985
2020-12-12,0.004592629,0.019287828
2020-12-13,0.0053633275,0.005105591
2020-12-14,0.00051843864,0.007922093
2020-12-15,0.036658112,0.09373878
2020-12-16,0.025280543,0.06626268
2020-12-17,0.009849423,0.013516513
2020-12-18,0.025995526,0.030440671
2020-12-19,-0.01810659,-0.01548729
2020-12-20,-0.026968608,-0.031873032
2020-12-21,0.04343222,0.04690601
2020-12-22,-0.00818442,-0.024575487
2020-12-23,0.018241383,0.021143006
2020-12-24,0.03234314,0.04060162
2020-12-25,0.051222693,0.06958729
2020-12-26,0.005035655,-0.00802391
2020-12-27,0.014749059,0.029902304
2020-12-28,0.016767854,0.011221758
2020-12-29,0.03659913,0.05299945
2020-12-30,-0.006026674,0.0016640382
2020-12-31,0.007281475,0.014009593
2021-01-01,0.07932582,0.092624746
2021-01-02,0.016791621,0.025215833
2021-01-03,-0.021974765,-0.031126048
2021-01-04,0.05771673,0.05949198
2021-01-05,0.0689192,0.07978988
2021-01-06,0.071334735,0.069919884
2021-01-07,0.03659312,0.028759807
2021-01-08,-0.011979255,-0.012262052
2021-01-09,-0.050974615,-0.049556244
2021-01-10,-0.069885015,-0.074688196
2021-01-11,-0.028299682,-0.038971633
2021-01-12,0.08603982,0.09303872
2021-01-13,0.046591565,0.046354756
2021-01-14,-0.051968846,-0.06333342
2021-01-15,-0.017857308,-0.020547017
2021-01-16,0.013863787,-0.004632748
2021-01-17,0.019502975,0.02215551
2021-01-18,-0.0129799,-0.020402027
2021-01-19,-0.0009908366,-0.011862854
2021-01-20,-0.13420159,-0.1394964
2021-01-21,0.0652738,0.0657037
2021-01-22,-0.034455545,-0.026674228
2021-01-23,0.009672693,0.005654536
2021-01-24,0.00035410793,-0.00017670555
2021-01-25,0.013156162,0.0065996377
2021-01-26,-0.050480872,-0.0669194
2021-01-27,0.09917991,0.09417475
2021-01-28,0.019277126,0.026247546
2021-01-29,0.0042999797,0.0003117562
2021-01-30,-0.02019548,-0.034741376
2021-01-31,0.015968282,0.013011118
2021-02-01,0.048766516,0.056248963
2021-02-02,0.050926402,0.05892453
2021-02-03,-0.017590806,-0.018301232
2021-02-04,0.029396616,0.03599048
2021-02-05,0.0121258665,0.023148494
2021-02-06,-0.012262957,-0.01003437
2021-02-07,0.14580736,0.17844856
2021-02-08,0.0046974085,0.000981731
2021-02-09,-0.030164216,-0.03536213
2021-02-10,0.05969972,0.06818828
2021-02-11,-0.009503246,-0.014317496
2021-02-12,0.006356132,-0.002835838
2021-02-13,0.030936722,0.029754164
2021-02-14,-0.0043925205,-0.0138192205
2021-02-15,0.026277814,0.025192855
2021-02-16,0.056829825,0.059003122
2021-02-17,-0.0012100572,-0.010940542
2021-02-18,0.08049998,0.08106906
2021-02-19,0.009074982,-0.0011599398
2021-02-20,0.02688948,0.027681826
2021-02-21,-0.039216932,-0.05958735
2021-02-22,-0.08109812,-0.101012915
2021-02-23,0.0066879196,0.015932614
2021-02-24,-0.053098988,-0.05381085
2021-02-25,-0.009429479,-0.017072828
2021-02-26,0.0067447578,-0.0036898486
2021-02-27,-0.0075092297,-0.021279799
2021-02-28,0.08975401,0.09405669
2021-03-01,-0.021059033,-0.02338997
2021-03-02,0.04085408,0.03864677
2021-03-03,-0.03656307,-0.040021766
2021-03-04,0.00558529,0.007775934
2021-03-05,0.011273233,0.0026730483
2021-03-06,0.03317379,0.041858237
2021-03-07,0.030187767,0.027161065
2021-03-08,0.040399805,0.046798352
2021-03-09,0.015322617,0.017467016
2021-03-10,0.0299793,0.033826314
2021-03-11,0.004559259,-0.009590762
2021-03-12,0.058343332,0.06702392
2021-03-13,-0.031672165,-0.036957286
2021-03-14,-0.0412618,-0.058723457
2021-03-15,0.012516816,0.0230318
2021-03-16,0.033552825,0.03475275
2021-03-17,-0.0021888013,-0.021702942
2021-03-18,0.0053191776,0.006601961
2021-03-19,0.0086307,0.0012446153
2021-03-20,0.0046625375,-0.013004861
2021-03-21,-0.05393517,-0.05867552
2021-03-22,0.010247865,0.004752456
2021-03-23,-0.032149956,-0.038210824
2021-03-24,-0.017486736,-0.01949666
2021-03-25,0.062297504,0.07022885
2021-03-26,0.015645564,0.014282641
2021-03-27,0.0063420227,-0.0007080977
2021-03-28,0.012017647,0.032765284
2021-03-29,0.009612143,0.019094592
2021-03-30,-0.0023261646,-0.00010247932
2021-03-31,0.0051153814,-0.00034241154
2021-04-01,0.007009434,0.0039019191
2021-04-02,-0.03224099,-0.032727715
2021-04-03,0.017205052,0.019957809
2021-04-04,0.012931572,0.01581835
2021-04-05,-0.013039697,-0.019447828
2021-04-06,-0.033844206,-0.03577032
2021-04-07,0.03371049,0.037258577
2021-04-08,1.0469928e-05,0.0011189119
2021-04-09,0.015902717,0.027591726
2021-04-10,0.0019061309,0.0038957545
2021-04-11,0.0063601523,-0.002376559
2021-04-12,0.039740242,0.060211807
2021-04-13,-0.003174887,-0.009728172
2021-04-14,-0.0074790134,0.0031787336
2021-04-15,-0.031038854,-0.02932349
2021-04-16,-0.023977254,-0.021891825
2021-04-17,-0.06890279,-0.0664287
2021-04-18,-0.005627014,-0.009247793
2021-04-19,0.011873614,0.014133256
2021-04-20,-0.035658732,-0.047868807
2021-04-21,-0.022454482,-0.039760605
2021-04-22,-0.014623355,-0.011006558
2021-04-23,-0.013149522,-0.021297004
2021-04-24,-0.023506962,-0.019797325
2021-04-25,0.07887612,0.095827766
2021-04-26,0.009497419,0.01854101
2021-04-27,-0.002527004,-0.0030175287
2021-04-28,-0.019287236,-0.023824105
2021-04-29,0.073114194,0.0744487
2021-04-30,0.0021026323,0.0018373153
2021-05-01,-0.01179527,-0.02137125
2021-05-02,0.002496747,0.010394687
2021-05-03,-0.0705974,-0.07196003
2021-05-04,0.064909615,0.07661462
2021-05-05,-0.015727002,-0.018316105
2021-05-06,0.0046630544,0.016200913
2021-05-07,0.017587624,0.026638564
2021-05-08,-0.009577369,-0.010609744
2021-05-09,-0.031640064,-0.042523753
2021-05-10,0.019824598,0.015182248
2021-05-11,-0.11884308,-0.13262324
2021-05-12,-0.008479641,0.00079857174
2021-05-13,0.0067423005,0.0034263094
2021-05-14,-0.04826632,-0.06375489
2021-05-15,0.005582609,-0.00711397
2021-05-16,-0.07125445,-0.06434307
2021-05-17,0.0027318234,-0.015934529
2021-05-18,-0.15670605,-0.15519382
2021-05-19,0.09347877,0.099452846
2021-05-20,-0.08703439,-0.08425363
2021-05-21,0.020572215,0.005293597
2021-05-22,-0.061010573,-0.07755027
2021-05-23,0.09708482,0.112875395
2021-05-24,-0.0051725516,-0.012229505
2021-05-25,0.040721014,0.02365019
2021-05-26,-0.01790781,-0.01830867
2021-05-27,-0.05887224,-0.07730916
2021-05-28,-0.019135118,-0.030124962
2021-05-29,0.024213303,0.029501721
2021-05-30,0.035330508,0.044249985
2021-05-31,-0.00528052,-0.015165768
2021-06-01,0.026278133,0.02358227
2021-06-02,0.037244312,0.043698933
2021-06-03,-0.04169479,-0.06358408
2021-06-04,-0.026406243,-0.03638112
2021-06-05,0.006612399,0.007940358
2021-06-06,-0.048247878,-0.064724796
2021-06-07,-0.002840662,-0.0051388354
2021-06-08,0.08656457,0.11336995
2021-06-09,-0.011540035,-0.01923618
2021-06-10,0.023144055,0.017735377
2021-06-11,-0.054465324,-0.049019605
2021-06-12,0.08112718,0.09325822
2021-06-13,0.02099501,0.037615173
2021-06-14,0.0019138791,-0.009230129
2021-06-15,-0.037365586,-0.045745272
2021-06-16,-0.0061619,-0.006698962
2021-06-17,-0.054397162,-0.061527822
2021-06-18,-0.0059031434,-0.00942793
2021-06-19,-0.00095161144,0.0032761325
2021-06-20,-0.10422226,-0.118910454
2021-06-21,0.024625782,0.028094525
2021-06-22,0.032936145,0.035312682
2021-06-23,0.038052484,0.028828548
2021-06-24,-0.0744183,-0.09301052
2021-06-25,0.031911373,0.021896
2021-06-26,0.05201236,0.07218858
2021-06-27,-0.008902534,-0.005938288
2021-06-28,0.03210202,0.040252786
2021-06-29,-0.020265982,-0.024431033
2021-06-30,-0.035259318,-0.04494752
2021-07-01,0.004492308,0.008377365
2021-07-02,0.025957748,0.025786871
2021-07-03,0.012866988,0.017651072
2021-07-04,-0.03902181,-0.046295524
2021-07-05,0.01038896,0.015605348
2021-07-06,-0.006138855,-0.010513575
2021-07-07,-0.019581296,-0.029562898
2021-07-08,0.029212799,0.028194357
2021-07-09,0.0014711078,-0.009297337
2021-07-10,0.016098231,0.022317905
2021-07-11,-0.018677298,-0.034819737
2021-07-12,-0.01033329,-0.010844212
2021-07-13,-0.0049147545,0.0027536338
2021-07-14,-0.020485664,-0.02905984
2021-07-15,-0.01341298,-0.015684787
2021-07-16,-0.0013141523,0.004330419
2021-07-17,0.0047345133,0.008167363
2021-07-18,-0.017510246,-0.029990649
2021-07-19,-0.029942982,-0.034616683
2021-07-20,0.03983342,0.07605716
2021-07-21,-0.00019248971,0.004448705
2021-07-22,0.027259119,0.040849756
2021-07-23,0.0041138534,0.018384065
2021-07-24,0.015499177,0.032251317
2021-07-25,0.032458074,0.051143486
2021-07-26,0.034251194,0.057914518
2021-07-27,0.014279515,0.014134814
2021-07-28,0.0050557065,-7.696533e-05
2021-07-29,0.03670565,0.053279787
2021-07-30,-0.015560898,-0.017797913
2021-07-31,-0.025681604,-0.039765276
2021-08-01,-0.007588977,-0.017663231
2021-08-02,-0.016200032,-0.024324683
2021-08-03,0.042807914,0.038914844
2021-08-04,0.029512897,0.028276896
2021-08-05,0.034982838,0.047187388
2021-08-06,0.027057469,0.039718796
2021-08-07,-0.0052210055,-0.017612703
2021-08-08,0.037802882,0.054629706
2021-08-09,-0.006937799,-0.014556479
2021-08-10,0.00091049774,-0.0016244407
2021-08-11,-0.016970582,-0.024737108
2021-08-12,0.057309117,0.07380869
2021-08-13,-0.006085242,-0.01542144
2021-08-14,-0.00065651047,-0.0020137746
2021-08-15,-0.018183105,-0.023097204
2021-08-16,-0.021038156,-0.026610328
2021-08-17,-0.0032326414,0.00020894565
2021-08-18,0.040169716,0.044949558
2021-08-19,0.040789574,0.053338364
2021-08-20,-0.008475929,-0.01020139
2021-08-21,-0.0016292469,0.008512092
2021-08-22,0.0050904807,0.005056931
2021-08-23,-0.03084439,-0.037361007
2021-08-24,0.013739722,0.026889274
2021-08-25,-0.028034888,-0.044455502
2021-08-26,0.027513536,0.046425655
2021-08-27,-0.004830706,-0.0035635123
2021-08-28,-0.004371066,-0.0026114257
2021-08-29,-0.02661366,-0.037286956
2021-08-30,-0.0021120259,0.0025079784
2021-08-31,0.015649132,0.035653967
2021-09-01,0.008057426,0.008895279
2021-09-02,0.0022508223,0.015164663
2021-09-03,0.0013978449,-0.0016714248
2021-09-04,0.027301887,0.03622299
2021-09-05,0.010376182,0.017372841
2021-09-06,-0.10898572,-0.11668618
2021-09-07,-0.023076657,-0.017552966
2021-09-08,0.004340903,0.0075036497
2021-09-09,-0.03992062,-0.033850834
2021-09-10,0.0032243978,0.0071709594
2021-09-11,0.02449128,0.018675104
2021-09-12,-0.0226393,-0.02384543
2021-09-13,0.027136423,0.047173046
2021-09-14,0.013834291,0.021209635
2021-09-15,-0.0053399997,-0.008003237
2021-09-16,-0.009991569,-0.009214083
2021-09-17,0.014877438,0.020771366
2021-09-18,-0.0064316164,-0.022003204
2021-09-19,-0.08082798,-0.09371473
2021-09-20,-0.04522743,-0.054490853
2021-09-21,0.058313206,0.06669051
2021-09-22,0.018695332,0.029900812
2021-09-23,-0.042287547,-0.04687874
2021-09-24,-0.0054736687,-0.0032739388
2021-09-25,0.010933126,0.011423897
2021-09-26,-0.026005536,-0.023763182
2021-09-27,-0.019800123,-0.026952637
2021-09-28,0.008758402,0.012059142
2021-09-29,0.052454762,0.053905576
2021-09-30,0.08328666,0.09396298
2021-10-01,-0.005720663,-0.01058119
2021-10-02,0.0071762963,0.011793543
2021-10-03,0.013416827,0.021041177
2021-10-04,0.033950478,0.04463737
2021-10-05,0.0611986,0.072006345
2021-10-06,-0.01711431,-0.028045412
2021-10-07,0.0076202606,0.0030854892
2021-10-08,0.0047652037,0.018334389
2021-10-09,-0.0030125757,-0.0053046998
2021-10-10,0.03284789,0.05017268
2021-10-11,-0.0066016903,-0.025989695
2021-10-12,0.029149318,0.024172358
2021-10-13,-0.0012695347,-0.00033230198
2021-10-14,0.06163362,0.072699904
2021-10-15,-0.008568456,-0.013004884
2021-10-16,0.011102106,0.010665774
2021-10-17,0.0028706938,0.007795363
2021-10-18,0.025599916,0.035964638
2021-10-19,0.023228828,0.026418386
2021-10-20,-0.05117657,-0.05943124
2021-10-21,-0.018152863,-0.024495255
2021-10-22,-0.003225552,0.009814059
2021-10-23,0.0003879536,-0.007115368
2021-10-24,0.029224016,0.03593612
2021-10-25,-0.046968848,-0.044574656
2021-10-26,-0.027280753,-0.032263767
2021-10-27,0.026568588,0.036350958
2021-10-28,0.012266496,0.027321173
2021-10-29,-0.0013472526,-0.006357459
2021-10-30,-0.005443601,-0.009084092
2021-10-31,-0.0024136933,-0.006360992
2021-11-01,0.027058747,0.03720496
2021-11-02,0.00458029,-0.0051303483
2021-11-03,-0.01575615,-0.024161639
2021-11-04,-0.015912201,-0.0074860486
2021-11-05,0.0006223039,0.0087166615
2021-11-06,0.02518437,0.028908849
2021-11-07,0.059194498,0.06504217
2021-11-08,-0.00382995,-0.008599071
2021-11-09,-0.03301907,-0.03133426
2021-11-10,0.0041328934,-0.0016685607
2021-11-11,-0.0073305764,-0.0101171965
2021-11-12,-0.00033152616,0.00401192
2021-11-13,0.0029108357,0.017538678
2021-11-14,-0.023805622,-0.029622264
2021-11-15,-0.057327364,-0.05739419
2021-11-16,0.0043191416,0.004750692
2021-11-17,-0.03174311,-0.058927886
2021-11-18,-0.008443408,0.02019524
2021-11-19,0.019087907,0.028114513
2021-11-20,-0.019837584,-0.018347414
2021-11-21,-0.031881846,-0.04135449
2021-11-22,0.01436695,0.022746524
2021-11-23,0.0015774388,-0.0070279595
2021-11-24,0.004787811,0.031390883
2021-11-25,-0.08237988,-0.092958435
2021-11-26,0.011006864,0.018341176
2021-11-27,0.037997387,0.045614038
2021-11-28,0.0048468234,0.008715658
2021-11-29,-0.0101566035,-0.014394268
2021-11-30,0.0034698779,0.0040918402
2021-12-01,0.0046477322,-0.01238275
2021-12-02,-0.025787748,-0.052323956
2021-12-03,-0.07131865,-0.08664156
2021-12-04,0.006635159,0.0049490305
2021-12-05,0.023851227,0.020946445
2021-12-06,0.0032505814,0.0029105975
2021-12-07,-0.0047389045,-0.0023304946
2021-12-08,-0.050399795,-0.05971364
2021-12-09,0.00022830535,-0.008555688
2021-12-10,0.04212544,0.04661442
2021-12-11,0.022212226,0.013352653
2021-12-12,-0.060368225,-0.06929737
2021-12-13,0.023512408,0.034524176
2021-12-14,0.0017840224,0.010733759
2021-12-15,-0.02356077,-0.025548203
2021-12-16,-0.03636295,-0.03202327
2021-12-17,0.0127477255,0.015130173
2021-12-18,0.0012574998,-0.0032775272
2021-12-19,-0.0024503546,0.004977392
2021-12-20,0.036754783,0.041250873
2021-12-21,-0.0032825347,-0.006190542
2021-12-22,0.026384637,0.04528016
2021-12-23,-0.0012567658,-0.0003700614
2021-12-24,-0.0015802784,-0.008305549
2021-12-25,0.004520038,0.0074293287
2021-12-26,0.0071873795,-0.0014594452
2021-12-27,-0.049926832,-0.06430418
2021-12-28,-0.030209117,-0.022958105
2021-12-29,0.0025839123,0.014023979
2021-12-30,-0.0148697,-0.019369822
2021-12-31,0.013501112,0.032059945
2022-01-01,-0.010643904,-0.009188053
2022-01-02,-0.020245476,-0.017925575
2022-01-03,-0.011986486,-0.013309745
2022-01-04,-0.040329006,-0.053345896
2022-01-05,-0.009451418,-0.008524386
2022-01-06,-0.024353748,-0.035818398
2022-01-07,-0.0113304285,0.0027210861
2022-01-08,-0.010069862,0.0044259196
2022-01-09,0.0037543622,-0.0010068457
2022-01-10,0.021815468,0.0214504
2022-01-11,0.013975717,0.027090278
2022-01-12,-0.02116502,-0.03105748
2022-01-13,-0.0037612189,0.011676134
2022-01-14,0.0046543633,0.0005648665
2022-01-15,-0.00569988,-0.00029318928
2022-01-16,-0.0026395454,-0.020406632
2022-01-17,0.0060381973,0.00355987
2022-01-18,-0.013309899,-0.016476803
2022-01-19,-0.023383006,-0.023782736
2022-01-20,-0.098000854,-0.10994616
2022-01-21,-0.037016533,-0.038426228
2022-01-22,0.022566147,0.03290247
2022-01-23,0.0022426792,0.011406764
2022-01-24,0.004271213,0.008095002
2022-01-25,0.005923362,-0.004039174
2022-01-26,0.00014943548,0.009483987
2022-01-27,0.021102116,0.01486365
2022-01-28,0.0065702507,0.01186782
2022-01-29,-0.009136815,-0.007497346
2022-01-30,0.0020396938,0.015328402
2022-01-31,-0.00014956936,0.005901666
2022-02-01,-0.0520731,-0.047586896
2022-02-02,0.0064408453,0.011191637
2022-02-03,0.08245587,0.10817645
2022-02-04,-0.012606168,-0.0046207244
2022-02-05,0.0096468,0.02383682
2022-02-06,0.01771266,0.033849332
2022-02-07,0.004354226,0.004619788
2022-02-08,0.0049130535,0.007458664
2022-02-09,-0.012839273,-0.019968761
2022-02-10,-0.022694245,-0.02612751
2022-02-11,-0.0036485288,-0.0036850036
2022-02-12,0.005150814,-0.0038971691
2022-02-13,0.015420367,0.011402944
2022-02-14,0.03509658,0.046147406
2022-02-15,-0.008117465,-0.015184911
2022-02-16,-0.051203314,-0.079622306
2022-02-17,-0.015170085,-0.013449304
2022-02-18,-0.0074653495,0.0026164982
2022-02-19,-0.03926927,-0.043140754
2022-02-20,-0.038013186,-0.036577567
2022-02-21,0.028865384,0.03249075
2022-02-22,-0.021163236,-0.025976967
2022-02-23,0.016446032,0.028507875
2022-02-24,0.014203753,0.02300557
2022-02-25,0.0067431824,-0.002615661
2022-02-26,-0.031482138,-0.036914572
2022-02-27,0.11393258,0.13527872
2022-02-28,0.021094276,0.028802693
2022-03-01,-0.00027138204,-0.011962434
2022-03-02,-0.03267078,-0.03333326
2022-03-03,-0.08260376,-0.08105494
2022-03-04,0.003300354,0.006347844
2022-03-05,-0.013965193,-0.025114799
2022-03-06,-0.017528873,-0.01132892
2022-03-07,0.008119101,0.01936044
2022-03-08,0.08084853,0.07965004
2022-03-09,-0.04261353,-0.06195676
2022-03-10,-0.013942716,-0.017720645
2022-03-11,0.0058740187,0.0020065284
2022-03-12,-0.023269776,-0.026900467
2022-03-13,0.05663138,0.04892032
2022-03-14,-0.0053318767,-0.009905884
2022-03-15,0.033933967,0.04562481
2022-03-16,-0.0061377874,-0.0047810758
2022-03-17,0.025032569,0.020311695
2022-03-18,0.0020643105,0.010567683
2022-03-19,-0.02583151,-0.022502352
2022-03-20,-0.0022951253,-0.006317702
2022-03-21,0.020026498,0.03267507
2022-03-22,0.010475516,0.012167866
2022-03-23,0.01252045,0.025525644
2022-03-24,0.00046592113,0.007286174
2022-03-25,0.0067585036,0.004460717
2022-03-26,0.018894615,0.050733775
2022-03-27,0.0181434,0.0062682503
2022-03-28,0.0016317954,0.006611697
2022-03-29,-0.007328024,-0.0077629844
2022-03-30,-0.023416985,-0.0336536
2022-03-31,0.0032702372,0.016845757
2022-04-01,-0.003312999,-0.010261073
2022-04-02,0.0022038964,0.012933615
2022-04-03,-0.0011559725,0.0037243615
2022-04-04,-0.01862349,-0.023523735
2022-04-05,-0.034402438,-0.052501783
2022-04-06,-0.006036476,0.006320429
2022-04-07,-0.024250902,-0.027825199
2022-04-08,-0.005203153,0.0118101295
2022-04-09,-0.014216623,-0.01401743
2022-04-10,-0.057513423,-0.06437337
2022-04-11,0.0064600017,0.01367994
2022-04-12,0.0037400466,0.02641902
2022-04-13,-0.03757853,-0.029732304
2022-04-14,0.0057024015,0.01514472
2022-04-15,-0.0060659666,-0.0042799693
2022-04-16,-0.016337402,-0.017502764
2022-04-17,0.028870264,0.027909875
2022-04-18,0.0008262223,0.0168193
2022-04-19,-0.0020984397,-0.0032586092
2022-04-20,-0.01740298,-0.021462195
2022-04-21,-0.015224255,-0.019225877
2022-04-22,-0.01790212,-0.0067612985
2022-04-23,-0.010701703,0.00021624574
2022-04-24,0.009145798,0.02443778
2022-04-25,-0.044773508,-0.058928873
2022-04-26,0.013744092,0.029041309
2022-04-27,0.0025629248,0.012822768
2022-04-28,-0.017635329,-0.02925883
2022-04-29,-0.0115861595,-0.02532863
2022-04-30,0.01191275,0.022012962
2022-05-01,-0.005978979,0.001475709
2022-05-02,-0.017350385,-0.02088383
2022-05-03,0.033411272,0.050671563
2022-05-04,-0.06437099,-0.08233683
2022-05-05,-0.0051969215,-0.014861076
2022-05-06,-0.005307996,-0.015146718
2022-05-07,-0.04143866,-0.04126535
2022-05-08,-0.118009016,-0.123751484
2022-05-09,0.03169331,0.030800847
2022-05-10,-0.06284323,-0.06366511
2022-05-11,-0.0019361279,-0.002552394
2022-05-12,0.006907559,0.008824273
2022-05-13,0.024653986,0.026939105
2022-05-14,0.033882808,0.04045613
2022-05-15,-0.02805932,-0.047551803
2022-05-16,0.01775829,0.018930607
2022-05-17,-0.04870249,-0.0584887
2022-05-18,0.042895827,0.054351386
2022-05-19,-0.03197839,-0.037578866
2022-05-20,-0.0032392312,0.008322856
2022-05-21,0.0143362675,0.028421538
2022-05-22,-0.02866956,-0.039895136
2022-05-23,0.014729223,0.018564025
2022-05-24,0.0033352566,-0.003798525
2022-05-25,-0.007552092,-0.011603116
2022-05-26,-0.019263934,-0.019766808
2022-05-27,0.009829333,0.013927458
2022-05-28,-0.0006218031,0.01493273
2022-05-29,0.05455809,0.07408727
2022-05-30,7.571909e-05,0.0021033997
2022-05-31,-0.07645883,-0.06479498
2022-06-01,0.013901683,0.021468021
2022-06-02,-0.025275346,-0.025017917
2022-06-03,-0.0015460497,0.0055009644
2022-06-04,-0.0013584847,0.001845668
2022-06-05,0.0310363,0.047450088
2022-06-06,-0.0022485838,-0.007928881
2022-06-07,-0.009873291,-0.030022098
2022-06-08,0.00015934784,-0.0031448412
2022-06-09,-0.026607443,-0.034395922
2022-06-10,-0.024055127,-0.023200613
2022-06-11,-0.04480512,-0.067305245
2022-06-12,-0.12824151,-0.16699764
2022-06-13,0.0004318843,-0.015731832
2022-06-14,0.0055117365,0.020005528
2022-06-15,-0.089104176,-0.10163018
2022-06-16,0.017610293,0.0033031497
2022-06-17,-0.06481467,-0.07600184
2022-06-18,0.068113856,0.08112772
2022-06-19,-0.010882402,-5.3465683e-06
2022-06-20,0.011364547,0.007246491
2022-06-21,-0.03289705,-0.036137693
2022-06-22,0.04699378,0.05462143
2022-06-23,-0.01219207,0.0060244133
2022-06-24,0.006265766,0.01186565
2022-06-25,-0.017730054,-0.02130943
2022-06-26,-0.012777774,-0.014146025
2022-06-27,-0.01231478,-0.022488842
2022-06-28,-0.009163106,-0.00783485
2022-06-29,-0.011107711,-0.009025346
2022-06-30,-0.03131345,-0.033780675
2022-07-01,0.0068492135,-0.0014008916
2022-07-02,0.001951132,0.003267943
2022-07-03,0.044544853,0.046573315
2022-07-04,0.014536216,-0.0030129284
2022-07-05,0.0107556265,0.019081421
2022-07-06,0.03292694,0.05028235
2022-07-07,0.00409186,-0.0013988984
2022-07-08,0.002635451,-0.0001352272
2022-07-09,-0.02716051,-0.03436315
2022-07-10,-0.032450426,-0.044040736
2022-07-11,-0.023823783,-0.032317493
2022-07-12,0.029874444,0.045813728
2022-07-13,0.011526848,0.017341828
2022-07-14,0.008694793,0.011646994
2022-07-15,0.020618835,0.017397437
2022-07-16,-0.0025522923,-0.018929092
2022-07-17,0.051314432,0.07564984
2022-07-18,0.032527767,0.042077202
2022-07-19,-0.0024965717,-0.0074354825
2022-07-20,0.003828615,-0.0030667086
2022-07-21,-0.015455539,-0.020392958
2022-07-22,-0.007187179,-0.0103581445
2022-07-23,0.0044714296,0.0057121124
2022-07-24,-0.04680105,-0.05783171
2022-07-25,-0.0007217587,-0.002642043
2022-07-26,0.06823271,0.076848045
2022-07-27,0.028082032,0.038063053
2022-07-28,0.0018427824,-0.0029057064
2022-07-29,0.002275079,-0.005493372
2022-07-30,-0.0021719504,-0.014922035
2022-07-31,-0.00057776517,-0.0010871683
2022-08-01,0.0033140194,-0.012116251
2022-08-02,-0.009812632,-0.007397292
2022-08-03,0.0011682366,-0.00859971
2022-08-04,0.02896665,0.030020062
2022-08-05,-0.009438302,-0.015484904
2022-08-06,-0.0050272066,0.009546428
2022-08-07,0.0053960085,0.027057871
2022-08-08,-0.00612496,-0.02811304
2022-08-09,0.022972083,0.034144793
2022-08-10,0.0029573787,-0.00082107505
2022-08-11,0.0013842855,0.019417604
2022-08-12,-0.0032555666,0.0015436569
2022-08-13,-0.001735782,-0.0055856328
2022-08-14,-0.003756553,-0.0086950855
2022-08-15,-0.0028542625,-0.01001394
2022-08-16,-0.0153789995,-0.021700352
2022-08-17,-0.016841978,-0.0065096915
2022-08-18,-0.050430123,-0.10716791
2022-08-19,0.008691584,0.014565305
2022-08-20,0.000575277,0.017608427
2022-08-21,-0.005340682,-0.0053957403
2022-08-22,-0.0060790125,0.006023459
2022-08-23,-0.0047468795,-0.007508218
2022-08-24,0.013690604,0.008896998
2022-08-25,-0.036365103,-0.0630825
2022-08-26,-0.0055912966,-0.010102212
2022-08-27,-0.018775128,-0.024348307
2022-08-28,0.027585497,0.036655482
2022-08-29,-0.015303382,-0.02364703
2022-08-30,0.011989711,0.011959498
2022-08-31,0.0019899663,0.004053614
2022-09-01,-0.002452238,-0.0089613935
2022-09-02,-0.0070505748,-0.0060306196
2022-09-03,-0.0003249722,0.008455521
2022-09-04,-0.004773899,-0.010224944
2022-09-05,-0.029795613,-0.052165054
2022-09-06,0.013536691,0.026376765
2022-09-07,0.0016965764,0.0013948813
2022-09-08,0.07123552,0.10039624
2022-09-09,0.0054917196,0.013403613
2022-09-10,0.01876732,0.008213002
2022-09-11,0.012821315,0.025728982
2022-09-12,-0.07809355,-0.10449743
2022-09-13,0.0024407995,0.0026306764
2022-09-14,-0.02029311,-0.026289945
2022-09-15,0.0001090141,0.005134528
2022-09-16,0.01200625,0.015548607
2022-09-17,-0.008187611,-0.035290457
2022-09-18,0.0020403997,0.006204388
2022-09-19,-0.0115434695,-0.03447283
2022-09-20,-0.00029079104,-0.022158395
2022-09-21,0.025560763,0.049677186
2022-09-22,-0.00040586456,-0.0057749217
2022-09-23,-0.006213396,-0.019336171
2022-09-24,-0.0012320012,-0.0059966445
2022-09-25,0.008035971,0.022108844
2022-09-26,-0.0044558235,-0.0077631213
2022-09-27,0.01791114,0.017338606
2022-09-28,0.0044929944,0.0091626365
2022-09-29,-0.0055018244,-0.008658458
2022-09-30,-0.005223944,-0.0057655587
2022-10-01,-0.0055380138,-0.013248299
2022-10-02,0.021392118,0.029588146
2022-10-03,0.029158607,0.03547007
2022-10-04,0.0060704104,-0.008868077
2022-10-05,0.0019010059,-0.0098502925
2022-10-06,-0.01664853,-0.021807484
2022-10-07,-0.0029868642,-0.0057579423
2022-10-08,0.002512192,0.0010839752
2022-10-09,-0.006044504,-0.015926855
2022-10-10,0.009741062,-0.0037636326
2022-10-11,0.011848206,0.0049995487
2022-10-12,0.011510862,0.011398838
2022-10-13,-0.006027491,-0.010282291
2022-10-14,4.678918e-05,-0.0056235623
2022-10-15,0.008104516,0.010100688
2022-10-16,0.008910635,0.014783006
2022-10-17,0.0025902693,-0.011442278
2022-10-18,-0.004141572,-0.010583326
2022-10-19,-0.0075231437,-0.0042996574
2022-10-20,-0.0006830343,0.0064099613
2022-10-21,-0.0055658743,0.00208399
2022-10-22,0.011499108,0.018881405
2022-10-23,-0.002082224,-0.012374413
2022-10-24,0.029278938,0.038083974
2022-10-25,0.016809266,0.033858407
2022-10-26,-0.005545577,-0.023206217
2022-10-27,0.008625069,0.01451491
2022-10-28,0.0061475453,0.010522902
2022-10-29,-0.0052928496,-0.008793615
2022-10-30,0.0014108531,-0.0066510905
2022-10-31,-0.0028935645,-0.0003475344
2022-11-01,-0.0038779476,-0.016329942
2022-11-02,0.003914982,0.0027740588
2022-11-03,0.015113011,0.045500267
2022-11-04,0.0017047136,0.007107568
2022-11-05,-0.0073099313,-0.018661385
2022-11-06,-0.0029756466,-0.015155708
2022-11-07,-0.06412928,-0.104539946
2022-11-08,-0.11051801,-0.15256777
2022-11-09,0.07116167,0.10021157
2022-11-10,-0.039021626,-0.030623544
2022-11-11,-0.0030607255,-0.015243022
2022-11-12,-0.02184156,-0.029102955
2022-11-13,0.009961704,0.017579576
2022-11-14,0.0235793,0.01677305
2022-11-15,0.0052842293,-0.01417106
2022-11-16,0.00434033,0.0017868219
2022-11-17,-0.0010892013,0.000472554
2022-11-18,0.000103492755,1.3771989e-05
2022-11-19,-0.009975669,-0.025497949
2022-11-20,-0.012513168,-0.031126427
2022-11-21,0.025872597,0.027847763
2022-11-22,0.01166306,0.022917204
2022-11-23,0.003672536,-0.00025058686
2022-11-24,0.0038782614,-0.0046381406
2022-11-25,0.0042736614,-0.0038549853
2022-11-26,0.0029970924,-0.0018116393
2022-11-27,-0.0005923251,-0.013226836
2022-11-28,0.010937719,0.014063432
2022-11-29,0.026726764,0.042921923
2022-11-30,-0.00459361,-0.010911912
2022-12-01,0.008951689,0.006772531
2022-12-02,-0.011380098,-0.012216314
2022-12-03,0.0072800484,0.012974243
2022-12-04,-0.0017602332,-0.008179771
2022-12-05,0.0039367545,0.0072006704
2022-12-06,-0.007686333,-0.014875177
2022-12-07,0.013682904,0.022752102
2022-12-08,0.00033925334,-0.0055623204
2022-12-09,-0.0006911615,-6.247072e-05
2022-12-10,0.0032391916,-0.002480963
2022-12-11,0.009240033,0.00727692
2022-12-12,0.01688712,0.032295365
2022-12-13,-0.004697887,0.00159931
2022-12-14,-0.01649959,-0.02541755
2022-12-15,-0.015220969,-0.042622093
2022-12-16,-0.0013732531,0.008644524
2022-12-17,-0.0058424445,-0.00228616
2022-12-18,-0.015433374,-0.018044868
2022-12-19,0.008785396,0.027401606
2022-12-20,-0.0071965903,-0.004204604
2022-12-21,-0.004896487,-0.0001925929
2022-12-22,-0.0070121493,-0.0025553638
2022-12-23,-0.01025891,0.0034282736
2022-12-24,-0.0025709863,-0.00023820676
2022-12-25,-0.006669941,0.00517193
2022-12-26,-0.00070884905,-0.012670816
2022-12-27,0.00047235822,-0.009565935
2022-12-28,-0.0015808181,0.0051933797
2022-12-29,-0.0007629364,-0.0015637343
2022-12-30,-0.0018436497,-0.0039264145
2022-12-31,-0.00061007834,0.004484441
2023-01-01,0.00064773054,0.0033716247
2023-01-02,0.0021724892,0.00013853883
2023-01-03,0.0044075157,0.010450635
2023-01-04,-0.0012307857,-0.0010990966
2023-01-05,0.005486609,0.0070332563
2023-01-06,0.0018598705,-0.00041777035
2023-01-07,0.006820764,0.010816216
2023-01-08,0.0038304692,0.002940005
2023-01-09,0.006096892,0.015159631
2023-01-10,0.015801296,0.028410295
2023-01-11,0.023597322,0.04911903
2023-01-12,0.041407187,0.05589305
2023-01-13,0.04573333,0.05014683
2023-01-14,0.0143191535,-0.003988872
2023-01-15,0.020911414,0.014939474
2023-01-16,-0.00077625853,-0.0024026216
2023-01-17,-0.0027999056,-0.021876743
2023-01-18,0.022426065,0.018880986
2023-01-19,0.06785183,0.072993696
2023-01-20,0.004634542,0.0051193973
2023-01-21,0.0060926257,-0.0033267834
2023-01-22,0.007977633,0.009142992
2023-01-23,-0.0064503066,-0.012450836
2023-01-24,0.012753855,0.018736118
2023-01-25,0.007224216,-0.0022265841
2023-01-26,0.012860765,0.0027996835
2023-01-27,0.0010145805,-0.0022370345
2023-01-28,0.018364873,0.030781925
2023-01-29,-0.011139092,-0.03935146
2023-01-30,0.010779435,0.0130130965
2023-01-31,0.013226725,0.025932254
2023-02-01,-0.005113354,-0.010322486
2023-02-02,-0.00217928,-0.0024313303
2023-02-03,0.0034186535,-0.004493713
2023-02-04,-0.011246876,-0.017031632
2023-02-05,-0.008144297,-0.007457673
2023-02-06,0.014331867,0.020779401
2023-02-07,0.00011643837,-0.012010501
2023-02-08,-0.03386742,-0.0521417
2023-02-09,-0.011170876,-0.007883686
2023-02-10,-0.002950346,0.010916288
2023-02-11,-0.0037970417,-0.0036204886
2023-02-12,-0.002627242,-0.00043941906
2023-02-13,0.010694863,0.019369861
2023-02-14,0.050342083,0.09138049
2023-02-15,-0.0047662808,-0.033711392
2023-02-16,0.019989148,0.043770786
2023-02-17,0.000583509,0.0025194152
2023-02-18,0.0031029284,-0.0147308465
2023-02-19,0.013245995,0.023230284
2023-02-20,-0.0034260163,-0.015825264
2023-02-21,0.0028097872,-0.011101317
2023-02-22,-0.0016740351,-0.010058184
2023-02-23,-0.009025127,-0.03204103
2023-02-24,-0.00815879,-0.0012178924
2023-02-25,0.0051163887,0.01703161
2023-02-26,-0.00026803114,-0.0026679754
2023-02-27,-0.0026615774,-0.015033201
2023-02-28,0.017535336,0.020842934
2023-03-01,-0.0067688236,-0.006949915
2023-03-02,-0.018879702,-0.0485031
2023-03-03,-0.0016839579,-0.00034764395
2023-03-04,0.007812644,0.0037372068
2023-03-05,-0.0027081762,-0.0009027606
2023-03-06,-0.0054509835,-0.009506895
2023-03-07,-0.01017232,-0.022437472
2023-03-08,-0.04632119,-0.063881695
2023-03-09,-0.009876874,-0.010442692
2023-03-10,0.0112894075,0.015024507
2023-03-11,0.0493367,0.07264804
2023-03-12,0.05706557,0.09185994
2023-03-13,0.02662566,0.02283353
2023-03-14,0.014536325,-0.015718497
2023-03-15,0.030307807,0.02894097
2023-03-16,0.055317923,0.091538236
2023-03-17,-8.6323824e-05,-0.017960574
2023-03-18,0.0326217,0.038830426
2023-03-19,0.0025454583,-0.009188808
2023-03-20,0.018748745,0.0139179155
2023-03-21,-0.003337144,-0.030875102
2023-03-22,0.028270612,0.037610482
2023-03-23,-0.0123315975,-0.030170605
2023-03-24,0.014803087,0.00030882732
2023-03-25,0.021856282,0.018224964
2023-03-26,-0.014035633,-0.030610293
2023-03-27,0.006695319,0.005007183
2023-03-28,0.042175278,0.03911797
2023-03-29,-0.0018032724,-0.011354726
2023-03-30,0.009940202,0.0154649895
2023-03-31,0.005744512,-0.00044379564
2023-04-01,-0.0024275528,-0.009920151
2023-04-02,-0.00904908,-0.013287942
2023-04-03,0.0067874743,0.013060739
2023-04-04,-0.005843428,0.00016117729
2023-04-05,-0.013587427,-0.0048462986
2023-04-06,-0.00036997488,-0.004558094
2023-04-07,0.005675731,0.001147826
2023-04-08,0.013361973,0.013699657
2023-04-09,0.019258905,0.045334026
2023-04-10,0.013847429,0.01882078
2023-04-11,0.005084417,-0.0103964275
2023-04-12,0.007392632,0.016122308
2023-04-13,0.0051424773,0.0030601216
2023-04-14,0.0021267394,-0.00565618
2023-04-15,0.008303793,0.0003155129
2023-04-16,-0.0068629556,-0.029277429
2023-04-17,0.0032376468,0.03176109
2023-04-18,-0.026168058,-0.053510137
2023-04-19,-0.01573931,-0.019406034
2023-04-20,-0.018474253,-0.03534405
2023-04-21,-0.0065013017,0.02011735
2023-04-22,-0.0070759286,-0.008166817
2023-04-23,0.0052256393,-0.0028917547
2023-04-24,0.0130973365,0.028306339
2023-04-25,0.0010465969,0.004037661
2023-04-26,0.014087723,0.036539406
2023-04-27,-0.013100725,-0.0054800324
2023-04-28,-0.0018411723,-0.0027757797
2023-04-29,-0.005050682,9.441763e-05
2023-04-30,-0.030678166,-0.04066599
2023-05-01,0.0076672006,0.021206995
2023-05-02,0.0106634805,0.012351096
2023-05-03,-0.0024568078,-0.0064979824
2023-05-04,0.012141693,0.022880904
2023-05-05,-0.001313432,-0.022532815
2023-05-06,-0.008988481,-0.014599157
2023-05-07,-0.0154711185,-0.02714338
2023-05-08,-0.0032783174,-0.0014655393
2023-05-09,-0.008553371,-0.001069042
2023-05-10,-0.013988312,-0.023096515
2023-05-11,-0.0025767342,-0.006458292
2023-05-12,-0.00036211032,-0.00073660235
2023-05-13,0.0009785944,0.005302017
2023-05-14,0.00049659016,0.009043002
2023-05-15,-0.0005821348,-0.0047346773
2023-05-16,-0.0046496466,0.013658322
2023-05-17,-0.009269012,-0.021552134
2023-05-18,-0.008584209,0.002196586
2023-05-19,0.002157258,0.008231203
2023-05-20,0.00016872675,-0.013171912
2023-05-21,0.002508916,0.0037871532
2023-05-22,-0.00040102308,0.013699037
2023-05-23,-0.005337922,-0.033266295
2023-05-24,-0.0060748854,0.005483814
2023-05-25,0.001757637,0.008730077
2023-05-26,-0.004903634,0.0055395765
2023-05-27,0.0038260547,0.044098407
2023-05-28,-0.0031625284,-0.011777618
2023-05-29,-0.008180598,-0.0015154033
2023-05-30,-0.0034955349,-0.01763281
2023-05-31,-0.003269589,-0.014526722
2023-06-01,-0.0036348365,0.015710864
2023-06-02,-0.005879775,-0.0063842684
2023-06-03,-0.0066612978,0.001697536
2023-06-04,-0.012173044,-0.05250716
2023-06-05,0.0065530846,0.056734577
2023-06-06,-0.011398202,-0.033258606
2023-06-07,-0.0018920337,0.0060286396
2023-06-08,-0.0052328613,-0.00078525505
2023-06-09,-0.0003452191,-0.024336519
2023-06-10,0.0018955629,0.0032584644
2023-06-11,-0.0084903175,-0.0007856342
2023-06-12,0.0019794013,0.0011211542
2023-06-13,-0.010221184,-0.03155785
2023-06-14,-0.003552832,0.018526725
2023-06-15,0.006549313,0.028745139
2023-06-16,-0.0031067692,0.006507156
2023-06-17,-0.0017608949,-0.006698102
2023-06-18,0.0046737436,0.018967813
2023-06-19,0.007741836,0.053088725
2023-06-20,0.018026508,0.057849597
2023-06-21,-0.0025377916,-0.003639689
2023-06-22,0.0142458845,0.026533986
2023-06-23,0.00088796276,-0.005262368
2023-06-24,-0.009750673,-0.0021239524
2023-06-25,-0.0065229447,-0.0064109527
2023-06-26,-0.0101417275,0.013925652
2023-06-27,-0.008693838,-0.020241978
2023-06-28,0.0012063663,0.012223257
2023-06-29,-0.0047899997,0.00081058044
2023-06-30,0.004745391,0.0037308892
2023-07-01,0.005451156,0.0010172717
2023-07-02,0.0014098058,0.017456872
2023-07-03,-0.009133247,-0.012586501
2023-07-04,-0.005798229,-0.008542385
2023-07-05,-0.004969905,-0.02017875
2023-07-06,0.001765671,0.014916247
2023-07-07,0.00083315955,-0.00198155
2023-07-08,-0.00082592585,-0.004100239
2023-07-09,0.0004765596,0.008283044
2023-07-10,-0.0027894368,0.0068988423
2023-07-11,-0.0013886951,-0.007937473
2023-07-12,0.0045432183,0.034748975
2023-07-13,-0.0043349257,-0.03698947
2023-07-14,-0.002251953,-0.0007422255
2023-07-15,0.0030230684,-0.0019011429
2023-07-16,-0.003920746,-0.0031138014
2023-07-17,-0.00310279,-0.009296178
2023-07-18,0.00346534,0.001675804
2023-07-19,-0.0019434821,-0.0036580663
2023-07-20,-0.0021930481,0.0034076103
2023-07-21,-0.004575252,-0.0036089728
2023-07-22,-0.007308405,0.009678128
2023-07-23,-0.010985895,-0.030621568
2023-07-24,-0.0034137636,0.0017946973
2023-07-25,0.0021799665,0.0042010364
2023-07-26,-0.0019785766,-0.0044107824
2023-07-27,0.00052117207,0.0031214512
2023-07-28,-0.008096009,0.0013213555
2023-07-29,-0.010963061,-0.0024494338
2023-07-30,-0.0053748386,-0.0016693634
2023-07-31,-0.0026058552,0.016076157
2023-08-01,-0.0056922976,-0.017659225
2023-08-02,-0.004429112,0.00026139244
2023-08-03,-0.0058372626,-0.0027320627
2023-08-04,-0.006768127,-0.0014388313
2023-08-05,-0.0028150892,0.00056017353
2023-08-06,-0.0027053189,0.004207248
2023-08-07,-0.006300737,0.018967878
2023-08-08,-0.010883547,-0.006349553
2023-08-09,-0.009818179,-0.004276593
2023-08-10,-0.0059763105,-0.0010094804
2023-08-11,-0.0054808515,0.00014068186
2023-08-12,-0.002548178,-0.0043017734
2023-08-13,-0.00066226453,0.0043275966
2023-08-14,-0.0055489503,-0.007877453
2023-08-15,-0.014850008,-0.016209085
2023-08-16,-0.017880246,-0.07616872
2023-08-17,-0.014883572,-0.021619597
2023-08-18,-0.008976893,0.0017643902
2023-08-19,-0.010573094,0.0034415792
2023-08-20,-0.007238961,-0.0024110763
2023-08-21,-0.0051049944,-0.0027181325
2023-08-22,-0.0032488334,0.014354569
2023-08-23,-0.003092565,-0.009604966
2023-08-24,-0.003965499,-0.004595715
2023-08-25,-0.0014062914,-0.0016375636
2023-08-26,-0.0030298852,0.0032387362
2023-08-27,0.00014410284,0.00069817627
2023-08-28,0.006909031,0.059320826
2023-08-29,-0.002796165,-0.015135795
2023-08-30,-0.022719303,-0.051070087
2023-08-31,-0.0076535754,-0.0052460385
2023-09-01,0.0049271393,0.002494846
2023-09-02,-0.0035410917,0.0039235614
2023-09-03,-0.002024474,-0.005606106
2023-09-04,0.0007057605,-0.0013142674
2023-09-05,-0.0077523943,-0.0012472833
2023-09-06,0.0003774874,0.019035487
2023-09-07,-0.0023458195,-0.0132081555
2023-09-08,-0.0035519635,-0.00034316303
2023-09-09,-0.0030525248,-0.0023191455
2023-09-10,-0.0033902023,-0.026630398
2023-09-11,-0.001367189,0.026571963
2023-09-12,0.0010133493,0.014671205
2023-09-13,0.00261021,0.011403348
2023-09-14,0.0007705546,0.0029091146
2023-09-15,-0.0014129838,-0.001517316
2023-09-16,-0.0010984514,-0.0012115921
2023-09-17,-0.0027650548,0.00881972
2023-09-18,-0.0045083323,0.01659208
2023-09-19,-0.0039106132,-0.0031382963
2023-09-20,-0.007854921,-0.020745317
2023-09-21,-0.007986896,0.00045382517
2023-09-22,-0.0067907316,-0.00015727263
2023-09-23,-0.00013955752,-0.012402775
2023-09-24,0.00034678052,0.0021475393
2023-09-25,-0.0053745685,-0.0031656441
2023-09-26,-0.0019203695,0.0057542124
2023-09-27,0.0004271706,0.024288394
2023-09-28,-0.00020174237,-0.0042437855
2023-09-29,-0.0021093923,0.0020642478
2023-09-30,-0.00041821634,0.03748988
2023-10-01,-0.00072185893,-0.01795277
2023-10-02,-0.0041772844,-0.0024781076
2023-10-03,0.0026217597,0.01275662
2023-10-04,-0.0057389913,-0.013342721
2023-10-05,0.0020907812,0.018818267
2023-10-06,0.008226806,0.0009154062
2023-10-07,0.0044846237,-0.0014181982
2023-10-08,-0.003392497,-0.0117798755
2023-10-09,0.0023716462,-0.007275373
2023-10-10,-0.005347091,-0.01896653
2023-10-11,-0.0005066711,-0.0043214266
2023-10-12,-0.0029212777,0.00381824
2023-10-13,-0.00063258066,-0.0003544668
2023-10-14,0.004538468,0.011171708
2023-10-15,0.0070953714,0.048401564
2023-10-16,0.0039894334,-0.0036863347
2023-10-17,0.0036286642,-0.0026768518
2023-10-18,-0.00066496595,0.01380644
2023-10-19,0.007265989,0.03272937
2023-10-20,0.0018712075,0.008082108
2023-10-21,0.004900259,0.0027598308
2023-10-22,0.035055395,0.09768021
2023-10-23,0.021408737,0.025459066
2023-10-24,0.018535662,0.016759533
2023-10-25,0.0040287133,-0.010033631
2023-10-26,-0.0026542097,-0.0076316055
2023-10-27,0.00323018,0.005560456
2023-10-28,-0.0024497132,0.012969433
2023-10-29,0.0002518401,-0.0014828854
2023-10-30,-0.0035272858,0.004775852
2023-10-31,0.0085296985,0.02231456
2023-11-01,-0.00512338,-0.013639194
2023-11-02,0.0035833858,-0.0064546666
2023-11-03,0.00252704,0.009896776
2023-11-04,-0.0025758804,-0.0014324869
2023-11-05,-0.007266188,0.0009766199
2023-11-06,-0.0050406666,0.010022908
2023-11-07,0.0001866296,0.0063528176
2023-11-08,0.011100981,0.029766675
2023-11-09,0.006045266,0.01623057
2023-11-10,0.004224634,-0.004611757
2023-11-11,-0.0009899819,-0.0017756126
2023-11-12,-0.016878348,-0.016353527
2023-11-13,-0.01955172,-0.025322499
2023-11-14,0.0017555314,0.062873974
2023-11-15,-0.023824463,-0.045797
2023-11-16,0.0014155935,0.012377896
2023-11-17,-0.0066578565,-0.0012522204
2023-11-18,0.003615026,0.02142059
2023-11-19,-0.0030494467,0.0023772665
2023-11-20,-0.020962145,-0.046657458
2023-11-21,0.010108597,0.045576997
2023-11-22,-0.004233853,-0.0030537106
2023-11-23,0.0022459659,0.011180013
2023-11-24,-0.0007187101,0.0017776195
2023-11-25,0.0023303453,-0.008859513
2023-11-26,0.0051313424,-0.00548213
2023-11-27,9.730959e-05,0.015352232
2023-11-28,-0.00088487216,0.0009453771
2023-11-29,-0.008970123,-0.0034581253
2023-11-30,0.003937883,0.025092382
2023-12-01,0.009939029,0.019655101
2023-12-02,0.0108778365,0.013142794
2023-12-03,0.020222532,0.04927198
2023-12-04,0.02392935,0.04839692
2023-12-05,-0.0008226227,-0.007072983
2023-12-06,-0.0019326117,-0.011249509
2023-12-07,0.006494608,0.02053612
2023-12-08,-0.0060075005,-0.010408972
2023-12-09,-0.01256321,0.0017350245
2023-12-10,-0.038702317,-0.05966076
2023-12-11,-0.0021293322,0.005776503
2023-12-12,0.014626874,0.032639615
2023-12-13,0.009502123,0.0035680023
2023-12-14,-0.016804583,-0.025470478
2023-12-15,-0.006563661,0.008020387
2023-12-16,-0.00892236,-0.021599192
2023-12-17,0.01933667,0.030541766
2023-12-18,-0.004354367,-0.008990829
2023-12-19,0.025944538,0.032417554
2023-12-20,0.0037237182,0.0044069164
2023-12-21,-0.0061291857,0.002441968
2023-12-22,-0.004669599,-0.006088221
2023-12-23,-0.008647637,-0.016395107
2023-12-24,-0.00058955885,0.013507102
2023-12-25,-0.0022048485,-0.024795352
2023-12-26,0.004211451,0.021409795
2023-12-27,-0.01811368,-0.020120779
2023-12-28,-0.0117317885,-0.011740791
2023-12-29,0.0003147713,0.0017416561
2023-12-30,0.0027464454,0.0033947781
2023-12-31,0.021254253,0.04386318
2024-01-01,0.0052095484,0.017220004
2024-01-02,-0.023155756,-0.047887694
2024-01-03,0.008722024,0.03002352
2024-01-04,-0.005293034,-0.00013567966
2024-01-05,-0.010897652,-0.0040127877
2024-01-06,-0.0029477165,-0.0008942251
2024-01-07,0.039498545,0.066530205
2024-01-08,-0.0006267098,-0.01807551
2024-01-09,-0.005190167,0.011728608
2024-01-10,-0.010707481,-0.006771062
2024-01-11,-0.06196336,-0.07985288
2024-01-12,0.0030023465,0.0015242196
2024-01-13,-0.024052866,-0.026382128
2024-01-14,0.0063729263,0.01848861
2024-01-15,0.0043226173,0.014637901
2024-01-16,-0.0017614894,-0.0084235845
2024-01-17,-0.027708184,-0.0344514
2024-01-18,0.0017676647,0.007990014
2024-01-19,-0.0015324994,0.00088800845
2024-01-20,-0.011569852,-0.0027789413
2024-01-21,-0.047632586,-0.049606003
2024-01-22,0.0084884,0.008294956
2024-01-23,0.009095789,0.004683034
2024-01-24,-0.002087042,-0.0030929751
2024-01-25,0.028507648,0.04555239
2024-01-26,0.003120431,0.007079023
2024-01-27,-0.0035086505,-0.0021287757
2024-01-28,0.013441139,0.02980612
2024-01-29,-0.004116969,-0.008385579
2024-01-30,-0.0008285283,-0.00844475
2024-01-31,0.010149443,0.011742435
2024-02-01,-0.008184217,0.0027134002
2024-02-02,-0.0072870245,-0.004382506
2024-02-03,-0.015798228,-0.010005695
2024-02-04,-0.007850825,0.002950352
2024-02-05,-0.0020172903,0.009095988
2024-02-06,0.011244077,0.028605055
2024-02-07,0.0036896681,0.02095276
2024-02-08,0.016220625,0.039912064
2024-02-09,0.007017321,0.013033381
2024-02-10,0.0054596816,0.01142946
2024-02-11,0.006942721,0.032935683
2024-02-12,-0.004482786,-0.0043703513
2024-02-13,0.019176017,0.04130022
2024-02-14,-0.0075925607,0.0016364577
2024-02-15,-0.001500173,0.004694246
2024-02-16,-0.009947691,-0.009279918
2024-02-17,-0.004350125,0.009540033
2024-02-18,-0.009729006,-0.006985528
2024-02-19,-0.0032088433,0.009306488
2024-02-20,-0.0033658938,-0.007865511
2024-02-21,-0.0057301475,-0.010878175
2024-02-22,-0.0075835274,-0.010668655
2024-02-23,-0.002601334,0.01610925
2024-02-24,0.0072174333,0.0031100616
2024-02-25,0.036987603,0.05175321
2024-02-26,0.038233653,0.045937277
2024-02-27,0.06539388,0.09037343
2024-02-28,-0.0150253335,-0.02106079
2024-02-29,0.025220035,0.02035257
2024-03-01,-0.009936224,-0.0064421436
2024-03-02,0.015783973,0.018012937
2024-03-03,0.044866994,0.07817244
2024-03-04,-0.07085508,-0.06855316
2024-03-05,0.03544143,0.036214516
2024-03-06,-0.0008726976,0.011273946
2024-03-07,0.018404592,0.019282486
2024-03-08,-0.0013605051,0.0027716747
2024-03-09,0.004446444,0.009362842
2024-03-10,0.032301772,0.044283375
2024-03-11,-0.01216501,-0.008724218
2024-03-12,0.0172305,0.022424832
2024-03-13,-0.0272716,-0.023307912
2024-03-14,-0.0275449,-0.026818361
2024-03-15,-0.053067762,-0.06232291
2024-03-16,0.028125638,0.046275813
2024-03-17,0.0040145004,-0.0115217455
2024-03-18,-0.08394782,-0.08763155
2024-03-19,0.08605261,0.091035314
2024-03-20,-0.028692499,-0.035089977
2024-03-21,-0.014725141,-0.026369007
2024-03-22,0.009086917,0.003026453
2024-03-23,0.03614947,0.04909492
2024-03-24,0.037621934,0.03895773
2024-03-25,0.0006428405,0.0015441704
2024-03-26,0.0016205581,-0.007428938
2024-03-27,0.018419862,0.01869009
2024-03-28,-0.0016946613,-0.013227135
2024-03-29,-0.008357213,-0.0038493164
2024-03-30,0.008280411,0.024107423
2024-03-31,-0.01383598,-0.023136094
2024-04-01,-0.05936592,-0.061979607
2024-04-02,0.011088575,0.007598003
2024-04-03,0.02738592,0.03755726
2024-04-04,-0.006142351,-0.009789202
2024-04-05,0.0076331506,0.015731843
2024-04-06,0.0065040216,0.006717834
2024-04-07,0.027931403,0.03205841
2024-04-08,-0.014108934,-0.035154153
2024-04-09,0.009589295,0.021250064
2024-04-10,-0.0061722235,-0.008886036
2024-04-11,-0.044121474,-0.042154025
2024-04-12,-0.046184916,-0.048727356
2024-04-13,0.029681563,0.02681508
2024-04-14,-0.023339145,-0.034738824
2024-04-15,0.0016691175,0.0058704684
2024-04-16,-0.031304747,-0.040238973
2024-04-17,0.024190135,0.03515801
2024-04-18,0.0138622,0.0054668253
2024-04-19,0.011199144,0.017437413
2024-04-20,-0.0041952557,8.623229e-06
2024-04-21,0.023454688,0.028510785
2024-04-22,0.0041384846,-0.0060843825
2024-04-23,-0.010814162,-0.032510158
2024-04-24,-0.00086146826,0.0032417662
2024-04-25,-0.0049568517,-0.01135647
2024-04-26,-0.0023738141,-0.004842031
2024-04-27,-0.005029009,-0.0054251733
2024-04-28,0.009100835,0.011771325
2024-04-29,-0.031310093,-0.051304832
2024-04-30,-0.022207364,-0.038766425
2024-05-01,0.009359192,0.011848324
2024-05-02,0.046356596,0.062695906
2024-05-03,0.007229883,0.01593467
2024-05-04,-0.00070850854,0.0018757818
2024-05-05,-0.011065265,-0.013317208
2024-05-06,-0.007418018,-0.013598051
2024-05-07,-0.0056724735,-0.018122014
2024-05-08,0.007479382,0.030275505
2024-05-09,-0.02552124,-0.036719173
2024-05-10,-0.015302758,0.00042754025
2024-05-11,0.008257905,0.010759651
2024-05-12,0.012133346,0.023406347
2024-05-13,-0.00728753,-0.02188678
2024-05-14,0.039618038,0.072482266
2024-05-15,-0.0038489709,-0.014779292
2024-05-16,0.012166665,0.02705141
2024-05-17,-0.0016186079,-0.0016246181
2024-05-18,-0.008327559,-0.009628332
2024-05-19,0.038443774,0.075152785
2024-05-20,-0.0063347165,-0.018338455
2024-05-21,-0.017708587,-0.014093766
2024-05-22,-0.017318899,-0.017457094
2024-05-23,-2.4793088e-05,0.008501978
2024-05-24,0.0019142237,0.010745562
2024-05-25,-0.003962803,-0.011363112
2024-05-26,-0.0036549685,0.013465948
2024-05-27,-0.009636156,-0.015062371
2024-05-28,-0.0055832737,-0.01096616
2024-05-29,0.001718469,0.010290185
2024-05-30,-0.0055350345,-0.011953148
2024-05-31,-0.0026463256,0.0033529743
2024-06-01,-0.0016011973,-1.8003064e-05
2024-06-02,0.0073116794,0.0152924955
2024-06-03,-0.00047727954,0.024801673
2024-06-04,0.0024765145,0.008050544
2024-06-05,-0.0034273686,-0.0043541244
2024-06-06,-0.013046149,-0.02059883
2024-06-07,-0.0029998517,-0.00065106055
2024-06-08,-0.0063944203,0.0048601623
2024-06-09,-0.0044154935,-0.0015538683
2024-06-10,-0.017616902,-0.032530323
2024-06-11,-0.004547563,0.0140105905
2024-06-12,-0.014974215,-0.022083437
2024-06-13,-0.004611376,-0.010977922
2024-06-14,-0.004267549,0.0027860738
2024-06-15,-0.006111629,0.006751007
2024-06-16,-0.012958451,-0.002591058
2024-06-17,-0.0074668564,-0.02018619
2024-06-18,-0.0036666277,-0.0030879853
2024-06-19,-0.0052690655,-0.0016077714
2024-06-20,-0.013684107,-0.011261417
2024-06-21,-0.0029783454,0.001844936
2024-06-22,-0.020884603,-0.016505959
2024-06-23,-0.041512474,-0.047241688
2024-06-24,0.019464504,0.024779623
2024-06-25,-0.013399348,-0.015342477
2024-06-26,-0.0037877304,0.013730655
2024-06-27,-0.014772738,-0.020938862
2024-06-28,-0.009077256,0.009205554
2024-06-29,0.017402783,0.028853795
2024-06-30,-0.0038116565,0.0020367312
2024-07-01,-0.008305252,-0.012229003
2024-07-02,-0.018777966,-0.031502135
2024-07-03,-0.027708955,-0.053886615
2024-07-04,-0.013095662,-0.0074107386
2024-07-05,0.005460988,0.027885405
2024-07-06,-0.032524433,-0.041593563
2024-07-07,-0.0075361496,0.015222671
2024-07-08,0.022182282,0.023272682
2024-07-09,-0.007246498,-0.005599628
2024-07-10,-0.009783529,-0.006708538
2024-07-11,0.0105859265,0.009532569
2024-07-12,0.018473035,0.022460334
2024-07-13,0.015958011,0.026565969
2024-07-14,0.05217561,0.06257883
2024-07-15,0.0017148678,0.004929572
2024-07-16,-0.017259575,-0.0148068275
2024-07-17,-0.007568434,-0.0015626673
2024-07-18,0.036435638,0.040910758
2024-07-19,0.012512652,0.007174323
2024-07-20,0.0034879053,0.015156829
2024-07-21,-0.008180665,-0.009334517
2024-07-22,-0.01903247,-0.023916982
2024-07-23,-0.010102193,-0.008529508
2024-07-24,-0.00246071,0.0064638597
2024-07-25,0.010136621,0.031534623
2024-07-26,-0.0058352156,-0.00016921385
2024-07-27,0.00684595,0.005191189
2024-07-28,-0.014347533,-0.021701813
2024-07-29,-0.005536777,-0.008974685
2024-07-30,-0.016225994,-0.023851424
2024-07-31,0.00020417792,0.011171199
2024-08-01,-0.041627616,-0.060808934
2024-08-02,-0.009407729,-0.013099436
2024-08-03,-0.04020813,-0.042695556
2024-08-04,-0.060680434,-0.07388271
2024-08-05,0.022686612,0.03641233
2024-08-06,-0.009508849,-0.015975162
2024-08-07,0.09790035,0.11228735
2024-08-08,0.0005018879,-0.0138424095
2024-08-09,0.006192906,0.0014047135
2024-08-10,-0.024889885,-0.03696496
2024-08-11,0.00706182,0.010741322
2024-08-12,0.025839116,0.020687317
2024-08-13,-0.017906291,-0.031926103
2024-08-14,-0.016130269,-0.019657943
2024-08-15,0.02489141,0.022910979
2024-08-16,0.01569519,0.010431923
2024-08-17,-0.015309989,-0.01805758
2024-08-18,0.020410176,0.017158063
2024-08-19,0.0032070233,-0.0071708495
2024-08-20,0.026910184,0.035657153
2024-08-21,-0.0044248407,-0.012839442
2024-08-22,0.048925325,0.058875766
2024-08-23,0.0025818856,0.001868571
2024-08-24,0.0059065754,0.0009813284
2024-08-25,-0.011831988,-0.02181836
2024-08-26,-0.043060947,-0.05594961
2024-08-27,-0.009031489,-0.0064179255
2024-08-28,0.004034664,0.005475126
2024-08-29,9.643147e-06,-0.0039671566
2024-08-30,-0.0009142308,-0.002540265
2024-08-31,-0.02304683,-0.028763415
2024-09-01,0.014621817,0.031441346
2024-09-02,-0.010465237,-0.028202897
2024-09-03,-0.0015466623,0.0083696265
2024-09-04,-0.01757031,-0.03138034
2024-09-05,-0.027701046,-0.04026275
2024-09-06,0.0015517343,0.0036604367
2024-09-07,0.009300497,0.013007333
2024-09-08,0.022686822,0.038822
2024-09-09,0.0098482175,0.01035936
2024-09-10,-7.856172e-06,-0.005183619
2024-09-11,0.006297258,0.013758211
2024-09-12,0.02351462,0.039888516
2024-09-13,-0.00904823,-0.008381918
2024-09-14,-0.010911528,-0.014456156
2024-09-15,-0.0080399215,-0.015646528
2024-09-16,0.008524312,0.03543838
2024-09-17,0.012448096,0.02369166
2024-09-18,0.0049584294,0.019053087
2024-09-19,-0.003330233,0.004012085
2024-09-20,0.002276801,0.002337575
2024-09-21,0.004451588,0.0036209624
2024-09-22,0.00014223141,-0.003762569
2024-09-23,0.0041237976,0.014462487
2024-09-24,-0.0032016921,-0.017434692
2024-09-25,0.0100779375,0.031515785
2024-09-26,0.0026884049,0.009102584
2024-09-27,0.0025276938,0.001337862
2024-09-28,0.00054152287,-0.0038945733
2024-09-29,-0.01760475,-0.035285242
2024-09-30,-0.01837415,-0.040636245
2024-10-01,-0.011010356,-0.0025770862
2024-10-02,0.0042881635,0.0017039264
2024-10-03,0.008089114,0.021708831
2024-10-04,0.0050559244,-0.00045108906
2024-10-05,0.009666954,0.01220263
2024-10-06,0.00091516646,-0.009531284
2024-10-07,-0.008495999,-0.0010211885
2024-10-08,-0.0065895263,-0.024830483
2024-10-09,0.0004181118,-0.0051194527
2024-10-10,0.014411429,0.0360367
2024-10-11,0.005851212,0.010596362
2024-10-12,0.009426966,-0.0053332937
2024-10-13,0.026048347,0.049857087
2024-10-14,0.013826841,0.014872066
2024-10-15,-0.0016305218,0.00810537
2024-10-16,-0.003598346,-0.002935834
2024-10-17,0.010175756,0.014813987
2024-10-18,0.001828045,-0.00073096214
2024-10-19,0.0012724887,0.009518885
2024-10-20,-0.007911042,-0.024258886
2024-10-21,-0.0044476846,0.0007195659
2024-10-22,0.006484894,-0.011295873
2024-10-23,0.006537754,0.022684516
2024-10-24,-0.005089295,-0.02223943
2024-10-25,0.003967544,0.005896224
2024-10-26,0.0024449225,0.013750632
2024-10-27,0.020589098,0.028128468
2024-10-28,0.028855171,0.038886983
2024-10-29,0.016461803,-0.0053994735
2024-10-30,-0.008658293,-0.028784612
2024-10-31,-0.0075629447,-0.011388795
2024-11-01,-0.0022606556,-0.0017465166
2024-11-02,7.914589e-05,-0.008668123
2024-11-03,0.0017812361,-0.013555168
2024-11-04,0.0148521755,0.022183938
2024-11-05,0.04619415,0.08560224
2024-11-06,-0.0004669109,0.0037760097
2024-11-07,0.00016905763,0.008556854
2024-11-08,0.00037662033,0.0021892171
2024-11-09,0.033864822,0.047033302
2024-11-10,0.07051844,0.098032266
2024-11-11,-0.008759921,-0.007882034
2024-11-12,0.01654394,0.027178569
2024-11-13,-0.03873718,-0.034326345
2024-11-14,0.031058326,0.041568317
2024-11-15,-0.00036771392,-0.0049020303
2024-11-16,-0.010171248,-0.008101554
2024-11-17,-0.0010647438,0.0067445883
2024-11-18,0.0040306463,0.02020817
2024-11-19,0.02223137,0.02117762
2024-11-20,0.01960547,0.04185952
2024-11-21,0.003018085,0.005830173
2024-11-22,-0.018695846,-0.012409324
2024-11-23,-0.00019417726,0.0023279365
2024-11-24,-0.0408811,-0.051239837
2024-11-25,-0.016943362,-0.011297312
2024-11-26,0.032707106,0.041511428
2024-11-27,0.0021128189,-0.0022884803
2024-11-28,0.013183624,0.018809281
2024-11-29,-0.008812955,-0.010852955
2024-11-30,0.003247763,0.008029149
2024-12-01,-0.0030567953,-0.013931627
2024-12-02,0.00022789568,9.46318e-05
2024-12-03,0.012218619,0.028161418
2024-12-04,-0.001905988,-0.016792348
2024-12-05,0.016964328,0.028424917
2024-12-06,7.545971e-05,0.0009134511
2024-12-07,0.003455106,0.012716305
2024-12-08,-0.023296311,-0.03864785
2024-12-09,-0.010222833,-0.0070508556
2024-12-10,0.03255573,0.0458511
2024-12-11,0.007485221,-0.011144291
2024-12-12,0.007165572,0.0140991295
2024-12-13,0.0017345606,-4.1904073e-05
2024-12-14,0.012812677,0.029572109
2024-12-15,0.008966011,0.015149918
2024-12-16,-0.0030576978,0.0007076597
2024-12-17,-0.032940004,-0.05749179
2024-12-18,-0.0154010495,-0.027747085
2024-12-19,-0.0017603503,0.0035190773
2024-12-20,-0.0006562588,-0.0052635362
2024-12-21,-0.017056689,-0.021880955
2024-12-22,-0.0023440206,-0.0032072803
2024-12-23,0.03222099,0.039087452
2024-12-24,0.0068846317,0.0077339746
2024-12-25,-0.027640412,-0.037274856
2024-12-26,-0.011978042,-0.015704095
2024-12-27,0.008827604,0.010558907
2024-12-28,-0.0015617446,-0.01652402
2024-12-29,-0.005798897,-0.010144822
2024-12-30,0.005106895,0.008412972
2024-12-31,0.010450156,0.010796745
2025-01-01,0.02484326,0.024983477
2025-01-02,0.016056981,0.012189086
2025-01-03,0.0005923079,0.0004717032
2025-01-04,0.00026712753,0.0014559674
2025-01-05,0.019240152,0.038609035
2025-01-06,-0.023431834,-0.05303702
2025-01-07,-0.022653442,-0.019728243
2025-01-08,-0.009127131,-0.026738744
2025-01-09,0.002846431,0.023213731
2025-01-10,-0.0038947018,-0.0013323047
2025-01-11,-0.0088453395,-0.0005808241
2025-01-12,-0.002806891,-9.4774114e-05
2025-01-13,0.0079585295,0.02119171
2025-01-14,0.035881214,0.039957877
2025-01-15,-0.009514177,-0.0050881812
2025-01-16,0.02630315,0.040092442
2025-01-17,-0.006590955,0.004589391
2025-01-18,-0.013583531,-0.031327
2025-01-19,-0.0045817746,0.009120676
2025-01-20,0.021038808,0.03727628
2025-01-21,-0.018272586,-0.02322863
2025-01-22,-0.0033471892,0.001962075
2025-01-23,0.002771113,0.009197843
2025-01-24,-0.0028007852,-0.0011797689
2025-01-25,-0.007874924,-0.02051364
2025-01-26,-0.00700424,-0.005248303
2025-01-27,-0.0034713813,-0.007347551
2025-01-28,0.010191871,0.023385612
2025-01-29,0.012286641,0.009495592
2025-01-30,-0.003250212,-0.022142854
2025-01-31,-0.015112962,-0.017668774
2025-02-01,-0.015970971,-0.02959897
2025-02-02,0.018646682,0.036460314
2025-02-03,-0.031719226,-0.0358204
2025-02-04,-0.008115191,-0.011840104
2025-02-05,0.0058842525,-0.0006013457
2025-02-06,0.002392585,-0.0004925901
2025-02-07,0.003990344,-0.0006432703
2025-02-08,0.0056111594,0.00018672162
2025-02-09,0.0027196321,0.009985664
2025-02-10,-0.012109994,-0.017107487
2025-02-11,0.011861769,0.021604864
2025-02-12,0.0076206303,-0.012976962
2025-02-13,-0.0006986214,0.009194299
2025-02-14,0.00043023285,0.00070928334
2025-02-15,-0.008505253,-0.0149887325
2025-02-16,0.007010185,-0.003523957
2025-02-17,0.0035360067,-0.0011309378
2025-02-18,0.0052977786,0.010114996
2025-02-19,0.0042235693,0.017036937
2025-02-20,-0.018878289,-0.021832868
2025-02-21,-0.006753685,0.0038294478
2025-02-22,-0.002441729,-0.003039383
2025-02-23,-0.009364409,-0.050115358
2025-02-24,-0.015165782,-0.031877834
2025-02-25,-0.014187015,-0.05124926
2025-02-26,0.006730087,0.0054272576
2025-02-27,0.006202999,-0.0042427974
2025-02-28,0.02417919,0.020123266
2025-03-01,0.077628635,0.091065645
2025-03-02,-0.08576244,-0.08925376
2025-03-03,0.012432226,0.012234783
2025-03-04,0.026342344,0.03737652
2025-03-05,-0.0013115443,-0.0074679404
2025-03-06,-0.022053055,-0.035425823
2025-03-07,0.0023547742,-0.006696198
2025-03-08,-0.04053933,-0.0657662
2025-03-09,-0.021888949,-0.026845356
2025-03-10,0.056978032,0.053713907
2025-03-11,0.015620924,0.008968502
2025-03-12,-0.027454179,-0.031123918
2025-03-13,0.03484481,0.034739263
2025-03-14,0.021031465,0.004220973
2025-03-15,-0.015958587,-0.021136472
2025-03-16,0.01042641,0.017234918
2025-03-17,-0.0013732554,-0.015534869
2025-03-18,0.034301084,0.04873442
2025-03-19,-0.013185167,-0.030663071
2025-03-20,0.0013913468,-0.0015994093
2025-03-21,0.004269331,-0.0029560067
2025-03-22,0.0130659705,0.026388882
2025-03-23,0.012280744,0.016311625
2025-03-24,0.0041096057,-0.0012040642
2025-03-25,-0.0055619786,-0.0055501503
2025-03-26,-0.009116883,0.0037078005
2025-03-27,-0.020102525,-0.032715127
2025-03-28,-0.00946388,-0.021259064
2025-03-29,-0.007357174,-0.0031332104
2025-03-30,0.0039390186,0.0019403426
2025-03-31,0.0009993059,0.031108055
2025-04-01,-0.009351816,-0.03151662
2025-04-02,-0.00049579894,0.008408939
2025-04-03,0.0027286625,0.0081002
2025-04-04,-0.0032736706,-0.004203369
2025-04-05,-0.05121539,-0.06309499
2025-04-06,-0.0010901889,0.009305542
2025-04-07,-0.009061048,-0.036545314
2025-04-08,0.05930673,0.07922719
2025-04-09,-0.021829192,-0.03708813
2025-04-10,0.024585202,0.046828322
2025-04-11,0.0121035045,0.02196949
2025-04-12,-0.015397517,-0.017948043
2025-04-13,0.008572682,0.009879168
2025-04-14,-0.00094391336,-0.011265157
2025-04-15,-0.00018234484,0.004608822
2025-04-16,0.00588265,0.010859845
2025-04-17,-0.0015168564,-0.0055862824
2025-04-18,-0.0012327943,0.0071048834
2025-04-19,-0.0015606261,0.0012008959
2025-04-20,0.017959654,0.02706652
2025-04-21,0.03581763,0.06552725
2025-04-22,-0.0036592125,0.0026514695
2025-04-23,-0.0022949225,0.0030840074
2025-04-24,0.00012163608,0.0069792774
2025-04-25,-0.0015578095,-0.00011285663
2025-04-26,-0.008778934,-0.0093292175
2025-04-27,-0.0018830183,0.0133703705
2025-04-28,-0.012461219,-0.007971385
2025-04-29,-0.003847748,-0.00090028695
2025-04-30,-0.0047387406,0.024315545
2025-05-01,-0.007031398,0.0041083526
2025-05-02,-0.006138407,-0.010695349
2025-05-03,-0.0092439735,-0.016607612
2025-05-04,-0.012853238,0.0048257527
2025-05-05,0.004290795,0.021928793
2025-05-06,0.002004603,0.0020269833
2025-05-07,0.023292778,0.062240213
2025-05-08,-0.0065241,-0.0028085648
2025-05-09,0.0052422825,0.017687693
2025-05-10,-0.012316679,-0.0066198315
2025-05-11,-0.006677341,-0.012823958
2025-05-12,-0.0025865717,0.0126867965
2025-05-13,-0.0053748228,-0.0057405443
2025-05-14,-0.0053529176,0.0024691296
2025-05-15,-0.008117586,-0.0028935354
2025-05-16,-0.0039055562,-0.003264915
2025-05-17,0.0054374444,0.031757563
2025-05-18,-0.0009709946,-0.008305743
2025-05-19,0.0055372803,0.012016222
2025-05-20,0.0075616306,0.025812775
2025-05-21,0.009906516,0.018544113
2025-05-22,-0.023659274,-0.03998359
2025-05-23,0.00041338446,0.0041250717
2025-05-24,0.010543397,0.011462065
2025-05-25,0.0013795521,0.003942525
2025-05-26,-0.0094275875,-0.004548373
2025-05-27,-0.0051919147,-0.010671846
2025-05-28,-0.009933127,-0.020547325
2025-05-29,-0.007615379,-0.015310029
2025-05-30,0.0026019027,0.0058146454
2025-05-31,0.005663852,0.009998904
2025-06-01,-0.007201787,0.0020336562
2025-06-02,-0.0036904402,-0.0045551267
2025-06-03,-0.002104555,-0.0064742253
2025-06-04,-0.01367404,-0.030924816
2025-06-05,0.011623922,0.02701621
2025-06-06,0.012239793,0.012044622
2025-06-07,0.0035993452,0.0017213627
2025-06-08,0.013135018,0.041942097
2025-06-09,-0.00259178,0.00010311176
2025-06-10,-0.010241698,-0.014884924
2025-06-11,-0.011436364,-0.02774939
2025-06-12,0.0033314973,0.0037297024
2025-06-13,-0.0009155647,-0.0061655785
2025-06-14,-8.723349e-05,0.0017001203
2025-06-15,0.0014788022,0.011305062
2025-06-16,-0.016379755,-0.021230092
2025-06-17,-0.0045058527,0.003204866
2025-06-18,0.00064557133,-0.002177954
2025-06-19,-0.0048436043,-0.01308561
2025-06-20,-0.006861318,-0.011469228
2025-06-21,-0.0023241541,-0.0113859605
2025-06-22,0.007579528,0.04237286
2025-06-23,0.0024915133,0.007086217
2025-06-24,0.0044805426,0.011784963
2025-06-25,-0.00060089,-0.0036728245
2025-06-26,-0.0042577516,0.0009395563
2025-06-27,0.006806437,0.0023252312
2025-06-28,0.004789668,0.009831952
2025-06-29,0.0006536995,-0.011233629
2025-06-30,-0.009624814,-0.013770609
2025-07-01,0.0068606753,0.029540665
2025-07-02,0.0007666666,0.0067313835
2025-07-03,-0.008903681,-0.014713205
2025-07-04,-0.004160923,0.0019787005
2025-07-05,-0.008375043,0.009252236
2025-07-06,-0.0046071424,-0.00865333
2025-07-07,-0.002405318,0.006078129
2025-07-08,0.0022846784,0.020994974
2025-07-09,4.2998916e-05,0.042040393
2025-07-10,-0.0012469736,0.012997316
2025-07-11,-8.8786124e-05,-0.0009164595
2025-07-12,-0.010332319,0.014094044
2025-07-13,-0.006225994,0.006316071
2025-07-14,-0.011618667,-0.01753493
2025-07-15,0.00066561624,0.007380595
2025-07-16,-0.016903259,0.0046014516
2025-07-17,-0.0036775868,-0.010567009
2025-07-18,-0.008657117,-0.00071970024
2025-07-19,-0.005055958,-0.004890418
2025-07-20,-0.010779442,0.0009822479
2025-07-21,-0.009146252,0.021692235
2025-07-22,-0.011428274,-0.010040954
2025-07-23,-0.008526277,-0.003500681
2025-07-24,-0.010106341,-0.0061594914
2025-07-25,-0.008835656,0.0025956319
2025-07-26,-0.0035857274,0.012603084
2025-07-27,0.0046300134,-0.011396807
2025-07-28,0.0035796012,-0.0009453714
2025-07-29,0.0056910273,-0.0009369313
2025-07-30,-0.010161405,-0.01777599
2025-07-31,-0.009297625,-0.02153343
2025-08-01,-0.008543559,-0.006655761
2025-08-02,0.005064674,0.014663215
2025-08-03,0.0010698666,0.007382184
2025-08-04,-0.009157553,-0.008074577
2025-08-05,0.002293763,0.0075289495
2025-08-06,0.0022686145,0.021335185
2025-08-07,-0.0014211729,-0.006810029
2025-08-08,-0.00078959996,-0.0018228772
2025-08-09,0.0031052013,0.024023931
2025-08-10,-0.004625036,-0.005109768
2025-08-11,-0.0062153516,0.012127102
2025-08-12,0.0037867026,0.026064105
2025-08-13,-0.010137962,-0.041490294
2025-08-14,-0.013137224,-0.008089092
2025-08-15,0.012399111,0.00032898394
2025-08-16,0.0045621144,0.00020742322
2025-08-17,-0.0068101347,-0.010083975
2025-08-18,0.0008840002,-0.029282844
2025-08-19,-0.0023978697,0.012312159
2025-08-20,0.0010153754,-0.015621699
2025-08-21,0.0014423933,0.038673468
2025-08-22,0.005385558,-0.012892669
2025-08-23,-0.0012905637,-0.016987663
2025-08-24,-0.00033669616,-0.030248512
2025-08-25,-0.000605918,0.014884679
2025-08-26,-0.004448762,-0.004494656
2025-08-27,-0.0031464589,0.011659841
2025-08-28,0.010087442,-0.03792813
2025-08-29,0.0040921774,0.0040418347
2025-08-30,0.0026204945,-0.005251767
2025-08-31,-0.0068559153,0.009114031
2025-09-01,-0.0031198822,0.018166441
2025-09-02,0.005766294,0.0041777045
2025-09-03,-0.0046964,-0.008765161
2025-09-04,-0.006326327,-0.0006403155
2025-09-05,0.0032179146,-0.0042746216
2025-09-06,-0.0081318505,0.008579008
2025-09-07,0.0021524713,0.008314379
2025-09-08,-0.004690518,-0.004640554
2025-09-09,-0.0013695571,0.021406952
2025-09-10,0.0015570645,0.013273139
2025-09-11,-0.0053153606,0.004723131
2025-09-12,-0.004319919,-0.0009582333
2025-09-13,-0.015847696,-0.005625608
2025-09-14,-0.010569055,0.0007085319
2025-09-15,0.0012058085,0.012400075
2025-09-16,-0.0035836739,-0.0029272449
2025-09-17,-0.0017007451,0.0053608986
2025-09-18,-0.0071809716,-0.012386178
2025-09-19,-0.012456108,0.00046040514
2025-09-20,-0.013791519,-0.003926422
2025-09-21,-0.010912009,-0.022655549
2025-09-22,-0.008583179,-0.005806298
2025-09-23,-0.0058905235,0.0116127925
2025-09-24,-0.0045561697,-0.03880362
2025-09-25,-0.0069125947,0.0059364983
2025-09-26,0.0011986131,-6.9409194e-05
2025-09-27,0.005688178,0.022797221
2025-09-28,0.0046749385,0.018969562
2025-09-29,-0.012751438,-0.0023036355
2025-09-30,-0.009544471,0.039086677
2025-10-01,0.0030131694,0.01617905
2025-10-02,-0.007159667,0.014027586
2025-10-03,-0.0002915084,0.0012999597
2025-10-04,-0.010008254,0.008877069
2025-10-05,0.0027275514,0.009480412
2025-10-06,-0.0055929176,-0.0270399
2025-10-07,-0.0074913357,0.01613065
2025-10-08,-0.0034049586,-0.013419075
2025-10-09,-0.0023332238,-0.07585975
2025-10-10,-0.0075595533,-0.019068794
2025-10-11,0.07976492,0.03825235
2025-10-12,0.0073490245,0.0018007625
2025-10-13,-0.014224031,-0.018737752
2025-10-14,0.015778,-0.020241503
2025-10-15,0.022130707,-0.02346681
2025-10-16,-0.008336675,-0.016425222
2025-10-17,0.012797772,0.00705313
2025-10-18,0.010404294,0.013508846
2025-10-19,0.0027493527,0.017240634
2025-10-20,0.0018716303,-0.020422246
2025-10-21,0.0075206617,-0.00676564
2025-10-22,0.0103944205,0.02307284
2025-10-23,0.0039882674,0.008383414
2025-10-24,0.010243071,0.0057613156
2025-10-25,0.0056843543,0.025757896
2025-10-26,-0.004775777,-0.003951165
2025-10-27,0.0049148286,-0.010653559
2025-10-28,0.010725,-0.02581485
2025-10-29,-0.0008198295,-0.015557496
2025-10-30,-0.004033094,0.01179406
2025-10-31,0.0011055479,0.004461331
2025-11-01,-0.0002190941,0.0040118117
2025-11-02,-0.008150857,-0.0364592
2025-11-03,-0.00062326423,-0.04889299
2025-11-04,0.010442489,0.02325465
2025-11-05,0.008554655,-0.02474526
2025-11-06,0.014056792,0.019474821
2025-11-07,-0.009049092,-0.009979464
2025-11-08,0.0007975609,0.023282232
2025-11-09,0.0028749339,0.0122257015
2025-11-10,-0.008081848,-0.028242545
2025-11-11,-0.0021510208,-0.013723013
2025-11-12,-0.0065958044,-0.019492896
2025-11-13,0.0016424188,-0.052491583
2025-11-14,0.0010770652,0.0105394395
2025-11-15,-0.012556949,-0.014061291
2025-11-16,0.024771262,-0.021947874
2025-11-17,0.018748235,0.008053896
2025-11-18,0.007012571,-0.015238774
2025-11-19,0.022099156,-0.055209816
2025-11-20,-0.0047451234,-0.017556826
2025-11-21,0.0116085345,-0.004588127
2025-11-22,0.028977368,0.024367508
2025-11-23,-0.013121753,0.016788037
2025-11-24,0.015283602,-0.010588705
2025-11-25,0.013597498,0.035021745
2025-11-26,-0.0014784941,0.009349309
2025-11-27,0.004682072,-0.0048648836
2025-11-28,0.002740141,-0.00097152824
2025-11-29,0.002845525,-0.004884466
2025-11-30,0.009907292,-0.046134215
2025-12-01,0.02200667,0.056241006
2025-12-02,0.0369415,0.023303477
2025-12-03,-0.0059822234,-0.014575263
2025-12-04,-0.0039851055,-0.03029887
2025-12-05,0.004549619,-0.001044427
2025-12-06,0.0182136,0.012898987
2025-12-07,0.01294711,0.0026407845
2025-12-08,-0.007601299,0.022306582
2025-12-09,-0.010690715,-0.0071841236
2025-12-10,0.0005092892,0.0053976546
2025-12-11,0.00084915827,-0.024565607
2025-12-12,-0.0039155874,-0.00031477754
2025-12-13,-0.0015061256,-0.023181519
2025-12-14,-0.00857426,-0.019932477
2025-12-15,-0.012298355,0.01642466
2025-12-16,0.014242174,-0.018612118
2025-12-17,0.014145275,-0.008463156
2025-12-18,0.0068553896,0.030183453
2025-12-19,0.014848588,0.0025378228
2025-12-20,-0.0097037405,0.003366407
2025-12-21,-0.018330855,-0.00042949093
2025-12-22,-0.01082368,-0.0128876995
2025-12-23,0.001870922,0.0020947114
2025-12-24,0.0061420375,-0.0050794096
2025-12-25,0.0031393638,0.0016528558
2025-12-26,0.0024746114,0.005791285
2025-12-27,0.0083573125,0.0008610604
2025-12-28,0.0043317857,-0.00816924
2025-12-29,-0.0016209146,0.01420854
2025-12-30,-0.002440767,-0.009507281
2025-12-31,0.004212982,0.01349489
2026-01-01,-0.0040186252,0.012929365
2026-01-02,-0.0062297382,0.007007769
2026-01-03,-0.0037328526,0.009900511
2026-01-04,0.0026297937,0.025137383
2026-01-05,-0.00917347,-0.0011912094
2026-01-06,-0.0054531395,-0.025756732
2026-01-07,-0.0118572805,-0.0028955846
2026-01-08,-0.0024393864,-0.005047956
2026-01-09,-0.0036882372,-0.0015079554
2026-01-10,-0.004235654,0.005607712
2026-01-11,-0.0032136291,0.0030996704
2026-01-12,0.0046379827,0.044116154
2026-01-13,0.005916049,0.015988423
2026-01-14,0.00046650716,-0.013990713
2026-01-15,-0.007096825,-0.0005635196
2026-01-16,-0.002411238,-0.0042283516
2026-01-17,-0.00084527954,-0.015619668
2026-01-18,0.00060136314,-0.01118763
2026-01-19,0.00644264,-0.04643904
2026-01-20,0.009908694,0.011547871
2026-01-21,0.017179336,0.0011724198
2026-01-22,0.0065681557,0.0004531147
2026-01-23,-0.00039247284,-0.0041931416
2026-01-24,0.00282476,-0.029053124
2026-01-25,0.0008678485,0.01916119
2026-01-26,-0.0030904342,0.010168273
2026-01-27,0.010352763,0.00055995525
2026-01-28,0.0026089195,-0.053474378
2026-01-29,0.003762214,-0.0046139266
2026-01-30,0.008523945,-0.06774794
2026-01-31,0.019845631,-0.02277265
2026-02-01,0.016315361,0.022741152
2026-02-02,0.012552822,-0.038428426
2026-02-03,0.027586423,-0.0349767
2026-02-04,0.02377658,-0.1510256
2026-02-05,0.024018018,0.1150476
2026-02-06,0.019716214,-0.018458854
2026-02-07,0.03578549,0.014912206
2026-02-08,0.012935653,-0.0027391235
2026-02-09,0.010766246,-0.01866102
2026-02-10,0.030639641,-0.025880206
2026-02-11,0.0047415,-0.012153453
2026-02-12,0.009565739,0.03821769
2026-02-13,-0.0046436377,0.013975012
2026-02-14,0.0071895355,-0.014285573
2026-02-15,0.026203841,0.00086912327
2026-02-16,0.026704466,-0.020366559
2026-02-17,0.014742292,-0.015564435
2026-02-18,0.0340974,0.00813298
2026-02-19,0.0114213545,0.015053637
2026-02-20,0.017857324,-0.00064825465
2026-02-21,0.008729072,-0.004903883
2026-02-22,0.01461502,-0.04516857
2026-02-23,0.009852309,-0.009289953
2026-02-24,0.010407375,0.059540544
2026-02-25,0.029014489,-0.0074237892
2026-02-26,0.01433866,-0.024193035
2026-02-27,-0.0042266794,0.016578453
2026-02-28,-0.0023118062,-0.01803126
2026-03-01,0.017281666,0.04537839
2026-03-02,-0.009906551,-0.0071745873
2026-03-03,0.006233204,0.061418217
2026-03-04,0.0049115503,-0.02474466
2026-03-05,0.0073603434,-0.03995647
2026-03-06,-0.0014676242,-0.012574095
2026-03-07,0.0006476992,-0.019390687
2026-03-08,0.0037147147,0.036624607
2026-03-09,0.010223053,0.021918226
2026-03-10,0.0017296402,0.0034712343
2026-03-11,-0.0032230914,0.004966571
2026-03-12,0.0023013907,0.005494554
2026-03-13,0.007644139,0.0039671664
2026-03-14,-0.008482817,0.022264633
2026-03-15,0.011594171,0.028023923
2026-03-16,0.0061062067,-0.013109719
2026-03-17,-0.0014218917,-0.036693223
2026-03-18,0.009590782,-0.018651515
2026-03-19,0.0063331435,0.008270155
2026-03-20,0.008574528,-0.022845764
2026-03-21,0.0032256728,-0.01548711
2026-03-22,-0.0041860347,0.04392938
2026-03-23,0.0028103483,-0.0049441936
2026-03-24,0.015383499,0.010991329
2026-03-25,0.004384782,-0.035909634
2026-03-26,0.0037740674,-0.035692215
2026-03-27,0.0047572553,-0.00045562614
2026-03-28,0.0026083859,-0.0055307285
2026-03-29,0.006547146,0.011843374
2026-03-30,0.004077438,0.0220188
2026-03-31,0.014044113,-0.0025009103
2026-04-01,0.012838137,-0.017952885
2026-04-02,0.0050441828,0.000930929
2026-04-03,0.0037860572,0.005006836
2026-04-04,-0.0058516064,0.025435267
2026-04-05,-0.009665873,-0.0026183615
2026-04-06,-0.0046272017,0.043629684
2026-04-07,0.0021764226,-0.011948743
2026-04-08,0.0016646455,0.010052592
2026-04-09,0.0028302607,0.016231438
2026-04-10,-0.005977111,0.0011021476
2026-04-11,0.0016802556,-0.032025464
2026-04-12,-0.0077162124,0.050672676
2026-04-13,-0.006760436,-0.003856496
2026-04-14,0.0053913626,0.009110214
2026-04-15,0.0068556536,0.004591768
2026-04-16,-0.000658519,0.02519685
2026-04-17,-0.0066149756,-0.018070746
2026-04-18,-0.0004307509,-0.025286317
2026-04-19,-0.0047221547,0.027255662
2026-04-20,0.0036026908,0.0065079657
2026-04-21,0.014734925,0.023844607
2026-04-22,0.009634342,0.0010131958
2026-04-23,0.0021464732,-0.010538034
2026-04-24,-0.0045991894,0.0024231588
2026-04-25,-0.0011197425,0.01321408
2026-04-26,0.002725526,-0.016487451
2026-04-27,0.0006901864,-0.013382837
2026-04-28,0.012866345,-0.007398926
2026-04-29,0.005784087,0.0074487003
2026-04-30,-0.0009105364,0.024384543
2026-05-01,-0.00067142246,0.005808401
2026-05-02,-0.0009404677,-0.0015043046
2026-05-03,0.0075777993,0.016316002
2026-05-04,-0.00027754344,0.012994305
2026-05-05,-0.0027255416,0.0066705705
2026-05-06,0.007836049,-0.017850993
2026-05-07,0.00041523227,0.0023367172
2026-05-08,-0.0020389408,0.006032532
2026-05-09,0.000985807,0.01880692
2026-05-10,0.0017732006,-0.005665203
2026-05-11,0.0016994765,-0.015299886
2026-05-12,-0.0052841525,-0.01490297
2026-05-13,-0.0043675383,0.022149784
2026-05-14,-0.004023431,-0.02467966
2026-05-15,0.0006627039,-0.01227476
2026-05-16,0.0035002185,-0.008873511
2026-05-17,0.0054369513,-0.005901886
2026-05-18,-0.0009096402,-0.0021777714
2026-05-19,-0.00043646735,0.0092997085
2026-05-20,-0.0069767144,0.0008157623
2026-05-21,-0.0059906184,-0.02711171
2026-05-22,-0.0020988462,0.015923876
2026-05-23,0.006441384,0.0040691276
2026-05-24,0.0014355322,0.0033299474
2026-05-25,0.0071008825,-0.018166656
2026-05-26,0.004277229,-0.019693637
2026-05-27,0.0020236517,-0.011235451
2026-05-28,0.00085967965,-0.0021312467
2026-05-29,-0.0022028,0.0057497807
2026-05-30,0.0013251643,-0.00284619
2026-05-31,-0.005109081,-0.031232737
2026-06-01,0.005808401,-0.06730598
2026-06-02,0.0048024235,-0.040005464
2026-06-03,-0.0022773244,-0.00401098
2026-06-04,0.0056395894,-0.045300916
2026-06-05,0.017572165,-0.002818576
2026-06-06,0.021600693,0.03941029
2026-06-07,0.017063234,-0.0038921721
2026-06-08,0.0071794107,-0.02172868
2026-06-09,0.00766306,-0.0035541784
2026-06-10,0.009701889,0.033806175
2026-06-11,0.01126828,-0.0007229219
2026-06-12,0.0057510305,0.013714891
2026-06-13,0.01024909,0.019791674
2026-06-14,0.0076622935,0.00881761
2026-06-15,0.013344452,-0.0099048
2026-06-16,0.02378878,-0.017907538
2026-06-17,0.024904627,-0.024342954
2026-06-18,0.029406812,0.009263167
2026-06-19,0.0136320805,0.011797519
2026-06-20,0.009400736,-0.015453955
2026-06-21,-0.00948807,0.011120964
2026-06-22,0.0014900514,-0.02028304
2026-06-23,0.00434203,-0.02676108
2026-06-24,0.009358804,-0.02124625
2026-06-25,0.011593323,0.0050590946
2026-06-26,0.01216886,-0.0011366374
2026-06-27,0.008290414,-0.0075580175
2026-06-28,-0.002068894,0.011402257
2026-06-29,0.0068825264,-0.02751574
2026-06-30,0.006342657,0.023588203
2026-07-01,-0.0035472247,0.025267826
2026-07-02,-0.00488527,0.016485522
2026-07-03,-0.004731401,0.00892016
2026-07-04,0.0027036588,0.007981334
2026-07-05,0.0010114796,0.0061401054
2026-07-06,0.010546517,-0.010643711
2026-07-07,0.015184707,-0.017094819
2026-07-08,0.0039172256,0.014977973
2026-07-09,-0.0027289097,0.014627899
2026-07-10,0.00222679,-0.0053558196
2026-07-11,0.0054927818,-0.0006112901
2026-07-12,0.000244238,-0.022924297
2026-07-13,0.0048247785,0.04254829
2026-07-14,0.0059334217,-0.004432972
2026-07-15,0.021436973,-0.014404252
2026-07-16,-0.00021835417,0.0015884242
2026-07-17,-0.00015821145,0.014018694
2026-07-18,0.0027786086,-0.0017240325
2026-07-19,-0.0025299406,0.00820097
2026-07-20,0.005085408,0.019735616
2026-07-21,-0.002736411,-0.006658166
2026-07-22,0.0046025543,-0.015479209
2026-07-23,-0.00080187945,-0.014840689
2026-07-24,0.0029678917,0.0036573205
2026-07-25,0.0025662312,0.015796747
2026-07-26,0.010514317,-0.025461005
2026-07-27,0.016926253,0.0024929743
2026-07-28,0.009063554,0.0010833526
2026-07-29,0.008567659,0.012359794
2026-07-30,-0.0013916739,-0.029643765
2026-07-31,0.0042063007,-0.0010220226
2026-08-01,0.009215692,0.011810225
2026-08-02,0.0060269902,-0.000786844
2026-08-03,0.009127469,0.009191882
2026-08-04,0.009491939,0.008676955
2026-08-05,-0.0023623428,-0.0052969046
2026-08-06,-0.003788869,0.00927813
2026-08-07,0.0039215903,0.0006068408
2026-08-08,0.0014579927,-0.000939597
2026-08-09,0.004681212,-0.014457743
2026-08-10,0.014174828,-0.0058009094
2026-08-11,0.009822058,-0.0018887322
2026-08-12,-0.00028698612,0.0001712204
2026-08-13,-8.380087e-05,-0.0070700427
2026-08-14,-0.001995233,0.00067311735
2026-08-15,0.003710716,-0.0029528697
2026-08-16,-0.0031016604,0.02561661
2026-08-17,-0.0019109761,0.0029912402
2026-08-18,-0.0029918524,0.06879278
2026-08-19,0.0040662754,0.051857103
2026-08-20,0.0051799854,0.07022928
2026-08-21,0.0042611156,-0.016255116
2026-08-22,0.013299458,0.008514676
2026-08-23,0.01645016,0.016063334
2026-08-24,0.0023071514,-0.005758977
2026-08-25,0.0019896724,0.006151341
2026-08-26,0.0039059124,0.015393089
2026-08-27,0.0039319242,-0.030410683
2026-08-28,0.0012146737,0.0049223597
2026-08-29,0.013877682,-0.0070296354
2026-08-30,-0.0026416504,0.01151006
2026-08-31,-0.00185405,-0.014643101
2026-09-01,0.005439108,-0.0012791142
2026-09-02,-0.0007190218,0.049570084
2026-09-03,0.008273304,-0.020004254
2026-09-04,0.013091464,0.0021440513
2026-09-05,0.0018210122,0.006369112
2026-09-06,0.0087359585,-0.015425711
2026-09-07,0.0030786146,-0.008329287
2026-09-08,0.0049620303,-0.0019056892
2026-09-09,-0.0042663,-0.022441082
2026-09-10,-0.011770005,0.008543665
2026-09-11,0.008414232,0.00068645284
2026-09-12,0.0040565003,-0.0056672604
2026-09-13,0.0027989624,0.017380163
2026-09-14,-0.0070803226,-0.03308719
2026-09-15,0.0031420332,0.007395861
2026-09-16,-0.0037610442,0.0027649845
2026-09-17,0.0036760066,0.05680911
2026-09-18,0.0053580794,0.004516276
2026-09-19,0.0024551754,-0.00088642363
2026-09-20,0.0042648683,0.06488646
2026-09-21,0.00048167072,-0.004761259
2026-09-22,-0.0007163512,-0.021230511
2026-09-23,0.000316718,0.00014975607
2026-09-24,0.00046300376,-0.0036822732
2026-09-25,-0.0056217955,0.003953057
2026-09-26,-0.0010374334,0.0004606137
2026-09-27,-0.0065882755,-0.011573367
2026-09-28,-0.005223478,0.001957962
2026-09-29,0.0057198154,-0.00047893665
2026-09-30,0.0042917165,0.014913307
2026-10-01,-0.0018512462,-0.004274436
2026-10-02,0.0046332832,0.0027831036
2026-10-03,-0.00065859174,0.020743424
2026-10-04,0.0043252204,-0.0066782073
2026-10-05,-0.01276201,
