{
    "MSE": 0.0005408371216617525,
    "RMSE": 0.023255905136466026,
    "MAE": 0.015229742042720318,
    "Directional_Accuracy": 0.657922350472193
}