{
    "MSE": 0.0003833082446362823,
    "RMSE": 0.01957825943827629,
    "MAE": 0.014383888803422451,
    "Directional_Accuracy": 0.7254284714935292
}