date,macro_lstm_signal,macro_tree_signal,macro_final_signal,target_return
2018-09-10,,-0.008003643887514494,,-0.010030101394169932
2018-09-11,,-0.009208645531188438,,0.006598982352408633
2018-09-12,,-0.009397679281584942,,0.00840403747187879
2018-09-13,,0.01704372160453482,,0.0007121519010755417
2018-09-14,,0.01704372160453482,,0.04360137911228534
2018-09-15,,0.01704372160453482,,0.03194033424610443
2018-09-16,,0.01704372160453482,,0.031206764027670975
2018-09-17,,0.0174212022450119,,0.05324315976628724
2018-09-18,,0.01704372160453482,,0.017531898776128596
2018-09-19,,0.01610779294535742,,0.011456705293739322
2018-09-20,,0.01610779294535742,,0.030365064695009325
2018-09-21,,0.01610779294535742,,-0.018410953067160674
2018-09-22,,0.01610779294535742,,-0.018841150965707487
2018-09-23,,0.01610779294535742,,-0.012139236732260028
2018-09-24,,0.01704372160453482,,0.0045917351805619955
2018-09-25,,0.01704372160453482,,0.012136411716716866
2018-09-26,,0.01704372160453482,,0.006941866508278327
2018-09-27,,0.013034748880238733,,-0.014252974602078305
2018-09-28,,0.013034748880238733,,0.00016127622245853956
2018-09-29,,0.013034748880238733,,-0.00031987241486997053
2018-09-30,,0.013034748880238733,,-0.0017067653401381389
2018-10-01,,0.01704372160453482,,0.009286694163751497
2018-10-02,,0.01704372160453482,,0.020046615045841154
2018-10-03,,0.015837568562630435,,0.018586789554531524
2018-10-04,,0.0174212022450119,,-0.05173200845037518
2018-10-05,,0.024872191956406338,,-0.0508827319102122
2018-10-06,,0.024872191956406338,,-0.03963137693785668
2018-10-07,,0.024872191956406338,,-0.04170962290219882
2018-10-08,,0.02718318244658092,,0.011912165574455846
2018-10-09,,0.027512728170486063,,0.015422264485977166
2018-10-10,,0.10569024648112993,,0.016572161061680024
2018-10-11,,0.11550579564301354,,0.058579681032773
2018-10-12,,0.0939506881561876,,0.03665761089614028
2018-10-13,,0.09147281696548247,,0.04033993743812103
2018-10-14,,0.09147281696548247,,0.039557745759022156
2018-10-15,,0.09968308460285427,,-0.025368382080710905
2018-10-16,,0.045688792721262486,,-0.03044115710720241
2018-10-17,,0.04563517047293665,,-0.026018819473393018
2018-10-18,,0.09110664616130339,,-0.013728742884078438
2018-10-19,,0.09110664616130339,,0.0014933648650303777
2018-10-20,,0.09147659513782534,,-0.012567542954283195
2018-10-21,,0.09147281696548247,,-0.015201567196905574
2018-10-22,,0.09147659513782534,,-0.03596608521242328
2018-10-23,,0.1009267338571461,,-0.03397263451188759
2018-10-24,,0.11108576547847691,,-0.029482903053842047
2018-10-25,,0.11108576547847691,,-0.0180895177609377
2018-10-26,,0.11108576547847691,,-0.016004881756575995
2018-10-27,,0.11137579337490586,,-0.01821661337924252
2018-10-28,,0.11137579337490586,,-0.0006286662568009138
2018-10-29,,0.11108576547847691,,0.01962171959965331
2018-10-30,,0.11260431887890604,,0.029733670095895226
2018-10-31,,0.10063050010771893,,0.03241247157454641
2018-11-01,,0.07281517513215152,,0.010895475819032718
2018-11-02,,0.07635085548113248,,-0.0021743928330519857
2018-11-03,,0.07635085548113248,,0.007195765207629767
2018-11-04,,0.07635085548113248,,-0.005556711919023738
2018-11-05,,0.09187631048980438,,-0.0024609714963232943
2018-11-06,,0.09187631048980438,,-0.009426133321879804
2018-11-07,,0.02692536163257508,,-0.09972698777525446
2018-11-08,,0.030197412905613744,,-0.11210770636312017
2018-11-09,,0.04583958355625187,,-0.11901108880231903
2018-11-10,,0.04583958355625187,,-0.12509773746512154
2018-11-11,,0.04583958355625187,,-0.1221446833317571
2018-11-12,,0.0986297103100623,,-0.23911719538142306
2018-11-13,,0.09110664616130339,,-0.29403839780973295
2018-11-14,,0.10063050010771893,,-0.21297748720537757
2018-11-15,,0.09110664616130339,,-0.2404491257343483
2018-11-16,,0.05301780360417213,,-0.2184128544503655
2018-11-17,,0.05301780360417213,,-0.30130821261875274
2018-11-18,,0.05301780360417213,,-0.2783857294242317
2018-11-19,,0.09110664616130339,,-0.21340602806907494
2018-11-20,,0.10494382238070973,,-0.14996073579798452
2018-11-21,,0.0996695827480964,,-0.08500623247451755
2018-11-22,,0.09968308460285427,,-0.01697025171624711
2018-11-23,,0.10063050010771893,,-0.0858003759662127
2018-11-24,,0.10063050010771893,,0.06550131724832431
2018-11-25,,0.10035656419552008,,0.018412640915565603
2018-11-26,,0.059170913474702484,,0.005647040546838733
2018-11-27,,0.062375589420201855,,0.019722802119110927
2018-11-28,,0.05442310711555875,,-0.11606738806757566
2018-11-29,,0.05753181948300351,,-0.18322144213937208
2018-11-30,,0.0493976363104549,,-0.15781229895182758
2018-12-01,,0.07894495731725347,,-0.18593944658975392
2018-12-02,,0.07925245226896617,,-0.14795446297894033
2018-12-03,,0.06476288200456592,,-0.11615057633734205
2018-12-04,,0.12621176435942394,,-0.1445602332196253
2018-12-05,,0.12621176435942394,,-0.08616811323557505
2018-12-06,,0.12679192842815676,,-0.05890701816886357
2018-12-07,,0.134405541436821,,-0.05270379456743701
2018-12-08,,0.134405541436821,,-0.0584034266314466
2018-12-09,-0.05635993927717209,0.13376203847526832,0.01968885182380408,-0.08932777114941459
2018-12-10,-0.01361163705587387,0.1307872125109921,0.04414790277087252,0.022197105637249193
2018-12-11,0.04740848392248154,0.1281615882622813,0.07970972565840144,0.08063862453740556
2018-12-12,0.11348041146993637,0.1269676691126687,0.1188753145270293,0.06305370101596508
2018-12-13,0.17048749327659607,0.09661549189779987,0.14093869272507759,0.22639200983628394
2018-12-14,0.2090596854686737,0.1019526313519086,0.16621686382196765,0.19058858558946956
2018-12-15,0.20703867077827454,0.1019526313519086,0.16500425500772817,0.22953121691803768
2018-12-16,0.1641741394996643,0.1019526313519086,0.13928553624056203,0.2171296540061387
2018-12-17,0.09901386499404907,0.11231290614904725,0.10433348145604834,0.14218256637067284
2018-12-18,0.03165184333920479,0.11108576547847691,0.06342541219491364,0.02540665429320721
2018-12-19,-0.014227576553821564,0.11108576547847691,0.035897760259097834,0.031543708460988196
2018-12-20,-0.03723592311143875,0.11185542980697792,0.022400618055927923,-0.11895190165990888
2018-12-21,-0.048370130360126495,0.11185542980697792,0.015720093706715278,0.00015630454377313363
2018-12-22,-0.04620777815580368,0.11185542980697792,0.017017505029308967,-0.06421772083942145
2018-12-23,-0.03375343233346939,0.11185542980697792,0.02449011252270954,-0.03252148377361186
2018-12-24,-0.016781143844127655,0.11185542980697792,0.03467348561631458,-0.07612505956821469
2018-12-25,-0.0020813867449760437,0.11185542980697792,0.043493339875805545,0.013708723660429412
2018-12-26,0.011755652725696564,0.11185542980697792,0.051795563558209114,0.02139374334919819
2018-12-27,0.024945812299847603,0.11185542980697792,0.05970965930269974,0.055738513583582616
2018-12-28,0.03721924126148224,0.11185542980697792,0.06707371667968051,-0.012307059172861456
2018-12-29,0.053376492112874985,0.11214545770340686,0.07688407834908773,0.020469133931567463
2018-12-30,0.06332527101039886,0.11284891707797146,0.08313472943742789,0.048841240323942436
2018-12-31,0.05989218130707741,0.1050140314714726,0.07794092137283548,0.07360447217046096
2019-01-01,0.04996907711029053,0.10244982853041097,0.07096137767833871,0.04160763100649434
2019-01-02,0.028409702703356743,0.09487934022381123,0.05499755771153854,0.028013041134516525
2019-01-03,-7.820874452590942e-05,0.10244982853041097,0.04093300616544884,-0.04802510366944712
2019-01-04,-0.04473236948251724,0.06858499659690019,0.0005945769492497338,-0.0502899517670049
2019-01-05,-0.06632807105779648,0.06787650171492615,-0.012646241948707424,-0.04980959755605996
2019-01-06,-0.08163311332464218,0.06787650171492615,-0.021829267308814845,-0.12809459323904104
2019-01-07,-0.08835535496473312,0.06771133139477784,-0.02592868042092874,-0.08787935956935689
2019-01-08,-0.08452781289815903,0.056521172965256314,-0.028108218552792885,-0.10165784689757362
2019-01-09,-0.06547233462333679,0.04976452900458615,-0.01937758917216761,-0.09449031298450827
2019-01-10,-0.037141792476177216,0.046626159643863865,-0.0036346116281607797,0.008458174841322164
2019-01-11,-0.008441857993602753,0.027249034724374677,0.0058344990935882204,-0.0017882381688885118
2019-01-12,0.013213038444519043,0.02678305181210576,0.01864104379155373,0.022932464074705727
2019-01-13,0.020535055547952652,0.026705670910284005,0.02300330169288519,0.017967619743385566
2019-01-14,0.017651550471782684,0.04562041476328504,0.028839096188383623,-0.027354533395475555
2019-01-15,0.006787341088056564,0.03396678869392537,0.017659120130404087,0.005029467557541967
2019-01-16,-0.0030183568596839905,0.04562041476328504,0.01643715178950362,-0.010863512851351897
2019-01-17,-0.013039402663707733,0.026725442840483286,0.0028665355379686765,-0.012883654433785696
2019-01-18,-0.016709931194782257,0.026603589991617948,0.0006154772797778256,-0.00822839212544546
2019-01-19,-0.016818687319755554,0.02674058792069459,0.0006050227764245047,-0.027296537800452936
2019-01-20,-0.01491815596818924,0.02674058792069459,0.0017453415873642936,0.0032662010352388915
2019-01-21,-0.012603677809238434,0.026391364806944383,0.002994339237234694,-0.02629788199268479
2019-01-22,-0.012008659541606903,0.057432035701997175,0.01576761855583473,-0.04477545065291111
2019-01-23,-0.02588687837123871,0.04713450161944475,0.0033216736250346775,-0.026637994607100923
2019-01-24,-0.03204885870218277,0.03897190151816973,-0.003640554614041768,-0.037964825387576284
2019-01-25,-0.03149006515741348,0.023510602016869903,-0.009489798287700128,-0.028951361600318526
2019-01-26,-0.02142786979675293,0.023204064446755174,-0.003575096099349688,-0.016963747282799257
2019-01-27,-0.010225459933280945,0.023204064446755174,0.0031463498187335034,-0.026114947449054293
2019-01-28,7.256865501403809e-05,0.037598670507720026,0.015083009396096435,0.00846497677736835
2019-01-29,0.0037123262882232666,0.04562041476328504,0.020475561678247975,0.01775118438951173
2019-01-30,0.006839953362941742,0.024903276494953667,0.014065282615746511,-0.015271038523153813
2019-01-31,0.015311580151319504,0.021221485813092127,0.017675542416028554,-0.010395736874290185
2019-02-01,0.025042008608579636,0.02068779719171969,0.023300324041835657,0.05689370809948957
2019-02-02,0.03731159120798111,0.02068779719171969,0.03066207360147654,0.045769051892135426
2019-02-03,0.04428660869598389,0.020553700245747094,0.03479344531588917,0.06418245804789313
2019-02-04,0.04603850096464157,0.015534541031622256,0.033836916991433846,0.048460681100247927
2019-02-05,0.04575430229306221,0.013255628199907018,0.032754832655800134,0.04605094495605755
2019-02-06,0.044697992503643036,0.013255628199907018,0.032121046782148624,0.05991419434598888
2019-02-07,0.044864095747470856,0.02085296751186801,0.03525964445322972,0.05654425612052716
2019-02-08,0.04332234337925911,0.015699711351770586,0.032273290568263696,-0.015460339323975725
2019-02-09,0.04637223109602928,0.015856312672579382,0.03416586372664932,-0.01276062840024228
2019-02-10,0.05123557895421982,0.015856312672579382,0.037083872441563644,-0.0033912490557219677
2019-02-11,0.05695248022675514,0.019602329970963814,0.042012420124438614,0.07368392062901918
2019-02-12,0.06109979748725891,0.013412229520715817,0.04202477030064167,0.07609336189852023
2019-02-13,0.06535181403160095,0.013719245452021342,0.044698786599769114,0.09983376738516081
2019-02-14,0.06862081587314606,0.021170235163415783,0.049640583589253946,0.09657267947061188
2019-02-15,0.06478528678417206,0.013719245452021342,0.04435887025131177,0.09980096989010323
2019-02-16,0.05698470398783684,0.013719245452021342,0.03967852057351064,0.13800260335340675
2019-02-17,0.03527875244617462,0.013719245452021342,0.02665494964851331,0.020716657850680775
2019-02-18,9.422004222869873e-05,0.013719245452021342,0.0055442302061457565,-0.018129584979223234
2019-02-19,-0.038287870585918427,0.013719245452021342,-0.01748502417074252,-0.025221416708676725
2019-02-20,-0.0676923468708992,0.013341764811544261,-0.03527870219792181,-0.03820653241774008
2019-02-21,-0.07959737628698349,0.01353021170162484,-0.04234634109154015,-0.03139707058880303
2019-02-22,-0.07985556870698929,0.013341764811544261,-0.042576635299575866,-0.0350832912670368
2019-02-23,-0.06345769017934799,0.013341764811544261,-0.03273790818299109,-0.07232815899906753
2019-02-24,-0.03935512155294418,0.013341764811544261,-0.018276367007148804,0.017146780070307344
2019-02-25,-0.014571264386177063,0.013719245452021342,-0.0032550604508977,-0.029420677548120056
2019-02-26,0.00029266998171806335,0.013719245452021342,0.005663300169839376,0.012732231973390906
2019-02-27,0.006861407309770584,0.01353021170162484,0.009528929066512287,0.011463907157281072
2019-02-28,0.009304098784923553,0.013719245452021342,0.01107015745176267,0.015719683561065567
2019-03-01,0.008454076945781708,0.0163801491311406,0.011624505819925263,0.010957363327229963
2019-03-02,0.015270434319972992,0.0163801491311406,0.015714320244440035,0.03222833926276136
2019-03-03,0.01774970069527626,0.0163801491311406,0.017201880069621995,0.028644212461427454
2019-03-04,0.014977499842643738,0.01656859602122118,0.015613938314074713,0.04207197265362139
2019-03-05,0.006570454686880112,0.016757629771617683,0.01064532472077514,0.006480495006130571
2019-03-06,-0.000901930034160614,0.016757629771617683,0.006161893888150705,0.001077206720112578
2019-03-07,-0.007021475583314896,0.024354969083578672,0.005529102283442532,0.0008983798184654113
2019-03-08,-0.009149771183729172,0.02260217242362055,0.003551006259210717,0.015231998840846694
2019-03-09,-0.003152061253786087,0.02260217242362055,0.007149632217176568,0.01596230319753289
2019-03-10,0.006220012903213501,0.02260217242362055,0.012772876711376321,0.016421484775914985
2019-03-11,0.01611851528286934,0.0163801491311406,0.016223168822177843,0.030013353617745597
2019-03-12,0.02906184270977974,0.0163801491311406,0.023989165278324082,0.03420273879461111
2019-03-13,0.03828372806310654,0.013341764811544261,0.028306942762481628,0.045794102431453654
2019-03-14,0.04117023944854736,0.013341764811544261,0.030038849593746125,0.026700231099372695
2019-03-15,0.03833313658833504,0.01240583615236687,0.02796221641394777,0.016099353681162887
2019-03-16,0.029545776546001434,0.01240583615236687,0.022689800388547607,7.488804237620883e-06
2019-03-17,0.012491393834352493,0.01240583615236687,0.012457170761558244,0.002773075048855267
2019-03-18,-0.007010184228420258,0.013341764811544261,0.0011305953875655507,-0.012962001700181358
2019-03-19,-0.02128107100725174,0.013341764811544261,-0.007431936679733338,-0.01668023897219051
2019-03-20,-0.025522805750370026,0.013341764811544261,-0.009976977525604308,-0.0012342197950057088
2019-03-21,-0.018427886068820953,0.013341764811544261,-0.005720025716674866,0.011849853289923162
2019-03-22,-0.0006212368607521057,0.021304332109388376,0.008148990727304087,0.02917533039205611
2019-03-23,0.01474890485405922,0.021304332109388376,0.01737107575619088,0.025202133793974513
2019-03-24,0.03774373233318329,0.021304332109388376,0.031167972243665323,0.02799723459363057
2019-03-25,0.0659136027097702,0.021170235163415783,0.04801625569122843,0.05295570257004378
2019-03-26,0.09823879599571228,0.01353021170162484,0.06435536227807731,0.2301452431905382
2019-03-27,0.1347861886024475,0.013719245452021342,0.08635941134227704,0.2215301940292964
2019-03-28,0.1691111922264099,0.013341764811544261,0.10680342126046365,0.21620930480832024
2019-03-29,0.1961645781993866,0.013341764811544261,0.12303545284424965,0.21975263510631815
2019-03-30,0.21059370040893555,0.013341764811544261,0.13169292616997905,0.228129253439884
2019-03-31,0.2136753499507904,0.013341764811544261,0.13354191589509196,0.2598277269459912
2019-04-01,0.20897501707077026,0.01704372160453482,0.13220249888427607,0.26355994363696
2019-04-02,0.18688729405403137,0.01704372160453482,0.11894986507423275,0.06026199794535647
2019-04-03,0.14449186623096466,0.01704372160453482,0.09351260838039273,0.07615659084458493
2019-04-04,0.0929538756608963,0.01704372160453482,0.0625898140383517,0.02423315763902778
2019-04-05,0.0480862557888031,0.015837568562630435,0.03518678089833403,0.00860348255227339
2019-04-06,0.01857229322195053,0.015837568562630435,0.01747840335822249,0.0002636853698236852
2019-04-07,0.0029356516897678375,0.015837568562630435,0.008096418438912876,-0.007537323969541321
2019-04-08,-0.0027437470853328705,0.01610779294535742,0.004796868926943246,-0.040472416887853524
2019-04-09,-0.002450712025165558,0.01704372160453482,0.0053470614267145935,0.004605825242718575
2019-04-10,-0.0006565414369106293,0.01704372160453482,0.006423563779667551,-0.01986153628785392
2019-04-11,0.004425071179866791,0.01610779294535742,0.009098159886063042,0.04804708442869465
2019-04-12,0.011763881891965866,0.014973001467570694,0.013047529722207796,0.04173327707353991
2019-04-13,0.021386124193668365,0.011100152582362762,0.017271735549146124,0.048860109172642385
2019-04-14,0.030448246747255325,0.011100152582362762,0.022709009081298297,0.024329117377662524
2019-04-15,0.03568005561828613,0.011707815391132177,0.02609115952742455,0.06610812047881076
2019-04-16,0.03280797228217125,0.011707815391132177,0.02436790952575562,0.061771800561298384
2019-04-17,0.02224654331803322,0.011978940047650082,0.018139502009879967,0.040781729908011544
2019-04-18,0.00663246214389801,0.011100152582362762,0.008419538319283913,-0.007329169867869578
2019-04-19,-0.008733443915843964,0.011100152582362762,-0.0008000053165612723,0.010538766382438114
2019-04-20,-0.02098676562309265,0.011100152582362762,-0.008151998340910484,0.0007483375002126369
2019-04-21,-0.027386948466300964,0.011100152582362762,-0.011992108046835473,0.009775234297412227
2019-04-22,-0.02664753794670105,0.011707815391132177,-0.011305396611567757,-0.022213345180450816
2019-04-23,-0.018472112715244293,0.011707815391132177,-0.006400141472693705,-0.03140183241069594
2019-04-24,-0.0016717314720153809,0.01240583615236687,0.00395929557773752,-0.005872576177285316
2019-04-25,0.020680448040366173,0.013341764811544261,0.01774497474883741,0.0522941052510586
2019-04-26,0.045175474137067795,0.011978940047650082,0.03189686050130071,0.08629683295383961
2019-04-27,0.0673292949795723,0.011978940047650082,0.045189153006803415,0.10079139828804173
2019-04-28,0.08497357368469238,0.011978940047650082,0.05577572022987547,0.08819561678524046
2019-04-29,0.09803582727909088,0.01240583615236687,0.06378383082840128,0.09729598674338602
2019-04-30,0.10713440179824829,0.01240583615236687,0.06924297553989572,0.09876879648023507
2019-05-01,0.11274083703756332,0.043774763282930965,0.08515440753571038,0.1122176400653887
2019-05-02,0.11959802359342575,0.043586316392850384,0.08919334071319561,0.1304072370181708
2019-05-03,0.13342034816741943,0.04265038773367299,0.09711236399392086,0.10404854582525647
2019-05-04,0.16724421083927155,0.04265038773367299,0.11740668159703212,0.2138743792296014
2019-05-05,0.22723188996315002,0.04265038773367299,0.15339928907135922,0.20633109518978054
2019-05-06,0.29809150099754333,0.043954661228759094,0.19643676509002964,0.35542704239368517
2019-05-07,0.35773205757141113,0.0666251015818638,0.24128927517559218,0.35940776622639126
2019-05-08,0.3659093976020813,0.0666251015818638,0.24619567919399432,0.3645355411212752
2019-05-09,0.2787186801433563,0.05871387376548089,0.19071675759220616,0.26692896646578124
2019-05-10,0.1816098392009735,0.043954661228759094,0.12654776801208775,0.15406859522416072
2019-05-11,0.1384458839893341,0.043954661228759094,0.1006493948851041,0.025611131366746642
2019-05-12,0.11860135197639465,0.043954661228759094,0.08874267567734043,0.16953027782601882
2019-05-13,0.09282492101192474,0.05056976360807306,0.07592285805038407,0.01892510438714834
2019-05-14,0.018802780658006668,0.024054353184548186,0.020903409668623276,-0.005371459919774169
2019-05-15,-0.020813919603824615,0.020131325428990494,-0.004435821590698571,-0.06627278035023809
2019-05-16,-0.0027054473757743835,0.013941224978742499,0.003953221566032369,-0.0019169678348559538
2019-05-17,0.03393172100186348,0.013941224978742499,0.025935522592615088,0.08288082270375208
2019-05-18,0.061813391745090485,0.013941224978742499,0.04266452503855129,0.10581678137637884
2019-05-19,0.07794073224067688,0.013941224978742499,0.052340929335903126,0.05718244384228721
2019-05-20,0.08709771931171417,0.016385308130606076,0.05881275483927093,0.10306809521110094
2019-05-21,0.09222806245088577,0.013752191228345999,0.06083771396186986,0.10256588659902044
2019-05-22,0.0951368436217308,0.013563744338265418,0.06250760390834464,0.1333498504934829
2019-05-23,0.09640476107597351,0.021304332109388376,0.06636458948933946,0.05324198784692369
2019-05-24,0.09083680808544159,0.013719245452021342,0.05998978303207349,0.0740916047593998
2019-05-25,0.0757216215133667,0.013719245452021342,0.050920671088828556,0.06462722776780261
2019-05-26,0.05036597698926926,0.013719245452021342,0.03570728437437009,0.0129492026750464
2019-05-27,0.01663476973772049,0.013719245452021342,0.01546856002344083,-0.07314716684634637
2019-05-28,-0.018193036317825317,0.021543257454049253,-0.00229851880907549,-0.11801887182123172
2019-05-29,-0.05184083431959152,0.02396150218950513,-0.02151989971595286,-0.10053344560520405
2019-05-30,-0.07349986582994461,0.021543257454049253,-0.035482616516347064,-0.05838777005734308
2019-05-31,-0.0797024592757225,0.02692536163257508,-0.037051330912403466,-0.06715020455873766
2019-06-01,-0.0827992781996727,0.031023766851857072,-0.03727006017906079,-0.07612882385092812
2019-06-02,-0.06954849511384964,0.031023766851857072,-0.029319590327566952,-0.1258139486911498
2019-06-03,-0.047116972506046295,0.031145619700722403,-0.015811935623338814,-0.016396371531157583
2019-06-04,-0.016179896891117096,0.025728677097645862,0.000583532704388089,0.025740760735941004
2019-06-05,0.0194842591881752,0.018265434731657478,0.01899672940556811,0.045153989584003185
2019-06-06,0.049842216074466705,0.018265434731657478,0.03721150353734301,0.05545866670091315
2019-06-07,0.07795094698667526,0.018265434731657478,0.054076742084668145,0.0838879122063323
2019-06-08,0.10689129680395126,0.018265434731657478,0.07144095197503375,0.1159265330735455
2019-06-09,0.1345914602279663,0.018265434731657478,0.08806105002944278,0.17372540845528328
2019-06-10,0.1565800905227661,0.018265434731657478,0.10125422820632266,0.16676082803545134
2019-06-11,0.1696067452430725,0.018265434731657478,0.1090702210385065,0.15176476556455998
2019-06-12,0.17505624890327454,0.018265434731657478,0.11233992323462771,0.13876721902052735
2019-06-13,0.1769281029701233,0.013719245452021342,0.1116445599628825,0.158006166545396
2019-06-14,0.1659996211528778,0.013341764811544261,0.10493647861634438,0.17455028901734115
2019-06-15,0.16665464639663696,0.013341764811544261,0.10532949376259987,0.2180571480468172
2019-06-16,0.19122523069381714,0.013341764811544261,0.12007184434090798,0.21810209162401017
2019-06-17,0.23022019863128662,0.013341764811544261,0.14346882510338968,0.18709872063010802
2019-06-18,0.26233893632888794,0.013341764811544261,0.16274006772195046,0.30163463285452385
2019-06-19,0.26107755303382874,0.013341764811544261,0.16198323774491494,0.41470629864005026
2019-06-20,0.21471574902534485,0.013341764811544261,0.13416615533982462,0.19048514676708916
2019-06-21,0.13970667123794556,0.01353021170162484,0.08923608742341727,0.22055126743872444
2019-06-22,0.058065831661224365,0.01353021170162484,0.04025158367738455,0.10938347546483995
2019-06-23,-0.006964966654777527,0.01353021170162484,0.001233104687783421,-0.004765236240002024
2019-06-24,-0.04446117579936981,0.013341764811544261,-0.02133999955500418,-0.039040970136362096
2019-06-25,-0.05974782258272171,0.013719245452021342,-0.03036099536882449,-0.08273594307013199
2019-06-26,-0.06501243263483047,0.013719245452021342,-0.03351976140008975,-0.08811804059936756
2019-06-27,-0.06009379029273987,0.013719245452021342,-0.030568575994835385,-0.016268328568692425
2019-06-28,-0.034682393074035645,0.013341764811544261,-0.015472729919803679,-0.11530865770529397
2019-06-29,0.01945357397198677,0.013341764811544261,0.017008850307809766,-0.05432520689936171
2019-06-30,0.08026933670043945,0.013341764811544261,0.053498307944881376,0.05086925677854448
2019-07-01,0.10895048826932907,0.013099877127466525,0.07061024381258404,0.15187582412307665
2019-07-02,0.08602844178676605,0.011465927707054437,0.05620343615488141,0.15683699396376416
2019-07-03,0.05240946263074875,0.010620012642038233,0.03569368263526454,0.014101340033500831
2019-07-04,0.0298922099173069,0.010620012642038233,0.022183331007199433,0.017694763975606653
2019-07-05,-0.00033754855394363403,0.011737052363572342,0.004492291813062757,0.07168985108557036
2019-07-06,-0.05031982809305191,0.011737052363572342,-0.025497075910402206,0.00881891246738542
2019-07-07,-0.10649562627077103,0.011737052363572342,-0.059202554817033674,-0.10801631387731625
2019-07-08,-0.14637714624404907,0.013099877127466525,-0.08258633689544283,-0.11438236399588197
2019-07-09,-0.15416589379310608,0.013099877127466525,-0.08725958542487704,-0.24744626859841146
2019-07-10,-0.13195741176605225,0.011737052363572342,-0.07447962611420242,-0.20155066288856394
2019-07-11,-0.0956340953707695,0.011465927707054437,-0.05279408613963992,-0.06309943938449547
2019-07-12,-0.052778564393520355,0.010620012642038233,-0.027419133579296914,-0.10656685849205838
2019-07-13,-0.009569622576236725,0.011100152582362762,-0.001301712512796929,-0.05420421002205056
2019-07-14,0.015909753739833832,0.011100152582362762,0.013985913276845403,0.04081606576647956
2019-07-15,0.014675240963697433,0.011707815391132177,0.01348827073467133,-0.04598421215789317
2019-07-16,-0.009730502963066101,0.011978940047650082,-0.0010467257587796269,0.0450570416723608
2019-07-17,-0.04260014742612839,0.013341764811544261,-0.020223382531059327,0.009863548726096294
2019-07-18,-0.08204992860555649,0.013341764811544261,-0.04389325123871619,-0.07031888105571005
2019-07-19,-0.11758261173963547,0.013341764811544261,-0.06521286111916358,-0.06476306347216243
2019-07-20,-0.12984803318977356,0.013341764811544261,-0.07257211398924643,-0.11766135362091867
2019-07-21,-0.11154607683420181,0.013341764811544261,-0.06159094017590338,-0.09895792510470325
2019-07-22,-0.07750988751649857,0.013341764811544261,-0.04116922658528143,-0.08052659929924733
2019-07-23,-0.03624795377254486,0.011707815391132177,-0.017065646107074044,-0.029468084351504498
2019-07-24,0.005900397896766663,0.010861900326115977,0.007884998868506389,0.03249420276792225
2019-07-25,0.04487214609980583,0.011978940047650082,0.031714863678943536,0.05011401971888274
2019-07-26,0.0816386267542839,0.011100152582362762,0.05342323708551545,0.07122862377850159
2019-07-27,0.12254265695810318,0.011100152582362762,0.077965655207807,0.14143799622646291
2019-07-28,0.1635255664587021,0.011707815391132177,0.10279846603167413,0.14543669051327135
2019-07-29,0.18875423073768616,0.012135611769639882,0.11810678315046763,0.24413629460097352
2019-07-30,0.19563749432563782,0.013341764811544261,0.12271920252000039,0.19923105927277573
2019-07-31,0.1948162317276001,0.021304332109388376,0.1254114718803154,0.18793654698711282
2019-08-01,0.18273061513900757,0.03095286914525865,0.12201951674150799,0.15660545214983346
2019-08-02,0.14629733562469482,0.03044130738359675,0.09995492432825559,0.12887421308944047
2019-08-03,0.10603980720043182,0.030618791111719744,0.07587140076494699,0.045526150842296165
2019-08-04,0.06758565455675125,0.030968014225469957,0.05293859842423873,0.05679631593442536
2019-08-05,0.03129298985004425,0.10471186918973076,0.060660541585918853,-0.036581901798999006
2019-08-06,-0.03321372717618942,0.05990281306768258,0.0040328889213593795,-0.051297326438877966
2019-08-07,-0.08127772063016891,0.05092946156502038,-0.028394847752093194,-0.1607227706318899
2019-08-08,-0.10716848820447922,0.027760135578649453,-0.053197038691227744,-0.14215605799111153
2019-08-09,-0.11000127345323563,0.03093309721505937,-0.053627525185917624,-0.13034101880557125
2019-08-10,-0.10867366939783096,0.03093309721505937,-0.05283096275267482,-0.09667168023513362
2019-08-11,-0.09487023204565048,0.03093309721505937,-0.044548900341366535,-0.10763577740894559
2019-08-12,-0.06719940155744553,0.07144906321881761,-0.011740015646940268,-0.042167131153870385
2019-08-13,-0.037350572645664215,0.02595473084528407,-0.012028451249284899,-0.012136557385627578
2019-08-14,-0.010249774903059006,0.09110664616130339,0.030292793522685952,0.009173791611652105
2019-08-15,0.003270629793405533,0.0697522330833644,0.029863271109389078,-0.01885091505382308
2019-08-16,0.007133670151233673,0.03761342621737162,0.019325572577688854,0.005614845415107261
2019-08-17,0.0029406026005744934,0.04091381296804442,0.018129886747562468,-0.007994306980604993
2019-08-18,-0.00862344354391098,0.04563517047293665,0.013080002062828073,-0.015920588195343255
2019-08-19,-0.022601544857025146,0.0236544862581996,-0.004099132410935248,-0.04977215969159576
2019-08-20,-0.03023211658000946,0.026228636788472995,-0.007647815232616479,-0.05347887785987848
2019-08-21,-0.03616268187761307,0.020354845510819692,-0.013555670922239962,-0.04156441611938588
2019-08-22,-0.029895149171352386,0.023174209722284834,-0.008667405613897497,-0.05954922236699833
2019-08-23,-0.019850939512252808,0.0572143658381703,0.010975182627916436,-0.07748266286797778
2019-08-24,-0.01226041465997696,0.0572143658381703,0.015529497539281945,-0.053963007000942476
2019-08-25,0.004994407296180725,0.0572143658381703,0.025882390712976554,-0.041183354711619935
2019-08-26,0.025086065754294395,0.050040768150046384,0.035067946712595194,-0.0031092578755814726
2019-08-27,0.04047738015651703,0.0686978795765543,0.05176557992453193,0.042241324293940785
2019-08-28,0.06768512725830078,0.05113105435230305,0.06106349809590168,0.0870301409320029
2019-08-29,0.08759653568267822,0.02982232183496567,0.0644868501435932,0.11223421951394119
2019-08-30,0.09971283376216888,0.04799394490503735,0.07902527821931626,0.07451479152885776
2019-08-31,0.06252159178256989,0.0506901474509786,0.05778901404993337,0.09057759763524675
2019-09-01,0.019510913640260696,0.05502346896901212,0.03371593577176127,0.06747571717371148
2019-09-02,-0.007252868264913559,0.05965031026790654,0.019508403148214483,-0.0035667311411990976
2019-09-03,-0.0226900652050972,0.07228194899078635,0.015298740473256224,-0.04871562502355109
2019-09-04,-0.0356803759932518,0.03566097605918616,-0.007143835172276614,-0.038675993799576425
2019-09-05,-0.03136495500802994,0.027740839884317428,-0.00772263705109099,-0.01414928690357975
2019-09-06,-0.020132780075073242,0.01748633049223969,-0.005085135848148068,0.004207314882514579
2019-09-07,-0.004045255482196808,0.01748633049223969,0.004567378907577792,-0.011559046201754297
2019-09-08,0.006592653691768646,0.01748633049223969,0.010950124411957064,-0.0076263006710219905
2019-09-09,0.01016363874077797,0.02367643094248767,0.01556875562146185,-0.005028573868886443
2019-09-10,0.005675897002220154,0.022744850497113327,0.012503478400177424,0.008879844327921438
2019-09-11,-0.004033267498016357,0.01748633049223969,0.004574571698086062,-0.0001319114460742732
2019-09-12,-0.016176827251911163,0.01710884985176261,-0.0028625564104416534,-0.016391726940252482
2019-09-13,-0.0328548327088356,0.013034748880238733,-0.014499000073205868,-0.016773254071239085
2019-09-14,-0.05676650255918503,0.013034748880238733,-0.02884600198341552,-0.033732881020065886
2019-09-15,-0.09568928927183151,0.013034748880238733,-0.05219967401100341,-0.02651327265261827
2019-09-16,-0.14462462067604065,0.013412229520715817,-0.08140988059733806,-0.05355998404106399
2019-09-17,-0.18922331929206848,0.013719245452021342,-0.10804629339443254,-0.16634373202510455
2019-09-18,-0.20768192410469055,0.013034748880238733,-0.11939525491071884,-0.1700247809636517
2019-09-19,-0.2064782679080963,0.01704372160453482,-0.11706947210304385,-0.21285613741899156
2019-09-20,-0.19468745589256287,0.025245214247039807,-0.10671438783672178,-0.19576755479373253
2019-09-21,-0.1747484803199768,0.025245214247039807,-0.09475100249317016,-0.179001621206462
2019-09-22,-0.12770992517471313,0.025245214247039807,-0.06652786940601195,-0.19793356579554833
2019-09-23,-0.0666872039437294,0.019865285396875463,-0.03206620820748746,-0.14562704527300363
2019-09-24,-0.016404978930950165,0.05338757531652348,0.011512042768039295,-0.023630836180729253
2019-09-25,-0.011296499520540237,0.02986435425152821,0.005167841988287143,-0.008316676650790722
2019-09-26,-0.02118098735809326,0.030261675281334714,-0.00060392230232207,0.01987045697214551
2019-09-27,-0.035612039268016815,0.05829198779250956,0.0019495715561937375,-0.004986604156807739
2019-09-28,-0.04978705942630768,0.06044693227279202,-0.005693462746667793,-0.00885738296167371
2019-09-29,-0.05044645071029663,0.06044693227279202,-0.006089097517061166,-0.023567160876300064
2019-09-30,-0.0395427867770195,0.03277178650772933,-0.010616957463119968,-0.011973208964766835
2019-10-01,-0.01607751101255417,0.0496799305120892,0.01022546559730318,-0.014959408810916952
2019-10-02,0.0053471848368644714,0.06741703670887968,0.030175125585670558,0.024019311143381294
2019-10-03,0.02416953817009926,0.055267248957159835,0.03660862248492349,0.04062154971570897
2019-10-04,0.04163585603237152,0.015146527342561767,0.03104012455644762,0.014915578342732605
2019-10-05,0.04158763960003853,0.015146527342561767,0.031011194697047825,0.021399942654552806
2019-10-06,0.024603717029094696,0.015146527342561767,0.020820841154481524,0.053570996594200615
2019-10-07,0.005994684994220734,0.02806228317375253,0.014821724266033454,0.01930503816197393
2019-10-08,-0.015227526426315308,0.06248732321079901,0.01585841342853042,-0.0011140506268677575
2019-10-09,-0.04262346774339676,0.05028571511760907,-0.005459794598994427,-0.06646621670556518
2019-10-10,-0.04767771065235138,0.02806228317375253,-0.017381713121909816,-0.05695820182915934
2019-10-11,-0.04239916056394577,-0.00016294330434162425,-0.025504673660104112,-0.03771750317854328
2019-10-12,-0.0331406369805336,-0.00016294330434162425,-0.01994955951005681,-0.042418817145356225
2019-10-13,-0.031986385583877563,0.02730079458497663,-0.008271513516335885,-0.006242892757833518
2019-10-14,-0.034061916172504425,0.0174212022450119,-0.013468668805497894,-0.018079346445940447
2019-10-15,-0.031150400638580322,0.01704372160453482,-0.011872751741334266,-0.01707133831497598
2019-10-16,-0.022663988173007965,0.01704372160453482,-0.00678090426199085,-0.06570784334825708
2019-10-17,-0.00024057552218437195,0.01704372160453482,0.006673143328503306,-0.08155175960092087
2019-10-18,0.03838212788105011,0.017232168494615396,0.029922144126476223,0.08909136895511649
2019-10-19,0.08445072174072266,0.0174212022450119,0.05763891394243835,0.16129697874059046
2019-10-20,0.13185834884643555,0.0174212022450119,0.08608349020586609,0.15888658515082055
2019-10-21,0.17387013137340546,0.01704372160453482,0.11113956746585721,0.12295190959917135
2019-10-22,0.20111653208732605,0.0174212022450119,0.12763840015040037,0.1730199501246883
2019-10-23,0.20492985844612122,0.01704372160453482,0.12977540370948665,0.22608623446753673
2019-10-24,0.17950037121772766,0.01704372160453482,0.11451771137245052,0.2331819205899297
2019-10-25,0.1315852552652359,0.012445767507188718,0.08392946016201704,0.06661914126137192
2019-10-26,0.07680672407150269,0.012445767507188718,0.05106234144577709,0.006448537378114905
2019-10-27,0.03245924413204193,0.012445767507188718,0.02445385348210065,-0.035175494468480006
2019-10-28,0.00460226833820343,0.015680896840640633,0.009033719739178311,0.020446185500709424
2019-10-29,-0.013666324317455292,0.015837568562630435,-0.0018647671654210014,-0.010519132362914463
2019-10-30,-0.027523517608642578,0.01183039191612428,-0.011781953798735834,0.020134968628204852
2019-10-31,-0.0357479527592659,-0.011522128035095737,-0.026057622869597834,0.008243215893489086
2019-11-01,-0.04926985502243042,-0.0021681368113688083,-0.030429167738005775,-0.04959914901084439
2019-11-02,-0.050225190818309784,-0.0021681368113688083,-0.03100236921553339,-0.05168297177895098
2019-11-03,-0.05345561355352402,-0.0021681368113688083,-0.03294062285666193,-0.01688362112562547
2019-11-04,-0.059670209884643555,0.0003566096632626862,-0.03565948206548106,-0.07027098958305611
2019-11-05,-0.061856940388679504,0.0005132813852524856,-0.03690885167910671,-0.052286795306735856
2019-11-06,-0.05708364397287369,0.0003566096632626862,-0.03410754251841914,-0.060169931631161466
2019-11-07,-0.05037013441324234,0.0003566096632626862,-0.03007943678264033,-0.06179553395108617
2019-11-08,-0.04542698711156845,-0.0028123916305113975,-0.028381148919145626,-0.034420936135486246
2019-11-09,-0.04555128514766693,-0.0028123916305113975,-0.028455727740804716,-0.036142034483580554
2019-11-10,-0.04950491338968277,-0.0028123916305113975,-0.030827904686014217,-0.059413881566065196
2019-11-11,-0.0574130043387413,0.0003566096632626862,-0.034305158737939705,-0.06253098782014077
2019-11-12,-0.06878071278333664,0.0003566096632626862,-0.041125783804696905,-0.07802138758595045
2019-11-13,-0.0852251723408699,-0.011522128035095737,-0.05574395461856023,-0.0773727600853128
2019-11-14,-0.11756733804941177,-0.011522128035095737,-0.07514925404368536,-0.11784176123090029
2019-11-15,-0.15585511922836304,-0.014580716474461356,-0.09934535812680237,-0.1420607125109039
2019-11-16,-0.18568101525306702,-0.014203546231717027,-0.11709002764452703,-0.13890557318202057
2019-11-17,-0.1981794834136963,-0.014203546231717027,-0.12458910854090459,-0.18807866014301844
2019-11-18,-0.19088494777679443,-0.011678799757085535,-0.11920248856891086,-0.13162057218794776
2019-11-19,-0.1687597930431366,-0.011678799757085535,-0.10592739572871616,-0.12017989485642344
2019-11-20,-0.13184186816215515,-0.011678799757085535,-0.0837766408001273,-0.07279442727287322
2019-11-21,-0.07247073948383331,-0.011522128035095737,-0.04809129490433828,-0.027301664713270224
2019-11-22,-0.0004466995596885681,-0.013023797266395262,-0.005477538642371246,0.06486448557626834
2019-11-23,0.0480615571141243,-0.013023797266395262,0.02362741536191647,0.03150075838704969
2019-11-24,0.047930020838975906,-0.011678799757085535,0.024086492600551325,0.07063453894380656
2019-11-25,0.023652369156479836,-0.015595940695394633,0.007953045215730047,0.025980474205894222
2019-11-26,0.003589354455471039,-0.01984906159932331,-0.005786011966446701,0.019084310815607353
2019-11-27,-0.006882134824991226,-0.016428341032281454,-0.010700617307907317,-0.04184579650849973
2019-11-28,-0.012195557355880737,-0.016428341032281454,-0.013888670826441026,-0.004109446875728673
2019-11-29,-0.014932826161384583,-0.011678799757085535,-0.013631215599664964,-0.027418446240671468
2019-11-30,-0.01534416526556015,-0.011678799757085535,-0.013878019062170304,-0.007117579280525255
2019-12-01,-0.013675123453140259,-0.000703232821888749,-0.008486367200639654,0.016130668972207607
2019-12-02,-0.008285954594612122,0.008577197593713375,-0.0015406937192819223,0.006081477541306501
2019-12-03,-0.006391942501068115,0.013791511834844072,0.0016814392332967602,-0.009403911577452018
2019-12-04,-0.011467993259429932,0.008338272249052498,-0.003545487056036959,0.002179497158869781
2019-12-05,-0.020838603377342224,0.006635461992633947,-0.009848977229351755,-0.02583840844498575
2019-12-06,-0.03620367497205734,-0.0005465610998989488,-0.021940829423193985,-0.03573444995463293
2019-12-07,-0.04530152678489685,-0.0005465610998989488,-0.02739954051089769,-0.05664371057969797
2019-12-08,-0.046677492558956146,-0.0005465610998989488,-0.028225119975333265,-0.052132392201978295
2019-12-09,-0.03928573429584503,0.012248651397699019,-0.01867198001842741,-0.06089956722226464
2019-12-10,-0.041692301630973816,0.011937248352343034,-0.020240481637647075,-0.08309789552513591
2019-12-11,-0.03642088174819946,0.008577197593713375,-0.018421650011434327,0.009407766990291222
2019-12-12,-0.023786328732967377,8.760170136059564e-05,-0.014236756559236187,-0.00663788121276776
2019-12-13,-0.0034276247024536133,-0.011678799757085535,-0.006728094724306383,-0.009733442814473525
2019-12-14,0.019536759704351425,-0.011678799757085535,0.00705053591977664,0.009725299226364559
2019-12-15,0.039542555809020996,-0.011678799757085535,0.019054013582578383,0.05378171800876297
2019-12-16,0.04912477359175682,-0.013588170640652585,0.024039595898793058,0.0617218923577858
2019-12-17,0.0454779677093029,-0.011678799757085535,0.022615260722747527,0.09540567225558672
2019-12-18,0.02674599550664425,-0.011678799757085535,0.011376077401152334,-0.010057943095675426
2019-12-19,0.0012192875146865845,-0.011678799757085535,-0.003939947394022264,0.0072304658545794265
2019-12-20,-0.019281454384326935,-0.011678799757085535,-0.016240392533430376,0.009308789996424593
2019-12-21,-0.03191448003053665,-0.011678799757085535,-0.023820207921156203,0.025710981038169045
2019-12-22,-0.03812254220247269,-0.011678799757085535,-0.027545045224317825,-0.015090435969627114
2019-12-23,-0.04055856913328171,-0.011678799757085535,-0.029006661382803237,-0.009715610987428125
2019-12-24,-0.041310735046863556,-0.011678799757085535,-0.029457960930952348,-0.008343704389747852
2019-12-25,-0.038837894797325134,-0.011678799757085535,-0.027974256781229292,-0.0005246626127920484
2019-12-26,-0.029416628181934357,-0.011678799757085535,-0.02232149681199483,-0.032808941960566496
2019-12-27,-0.011673986911773682,-0.011522128035095737,-0.011613243361102504,0.012436007355191236
2019-12-28,0.012348052114248276,-0.011522128035095737,0.002799980054510671,0.005189895217970086
2019-12-29,0.03822954744100571,-0.011522128035095737,0.018328877250565128,-0.0039914783493768535
2019-12-30,0.06107662245631218,-0.0028893394628864266,0.035490237688632735,0.07065967430306386
2019-12-31,0.07987983524799347,-0.011333681145015158,0.04339442869079002,0.13203886463671077
2020-01-01,0.08803410828113556,-0.0005933625950851912,0.05258311993064726,0.11875403598186307
2020-01-02,0.09001170098781586,-0.0009384812071555695,0.05363162810982729,0.12232062488963802
2020-01-03,0.08163932710886002,9.214543824195909e-05,0.049020454440612794,0.11600607763691029
2020-01-04,0.06778275221586227,9.214543824195909e-05,0.04070650950481415,0.09054800648888861
2020-01-05,0.05691823363304138,9.214543824195909e-05,0.03418779835512161,0.11227857992186174
2020-01-06,0.0527074858546257,-0.0005933625950851912,0.03138714647474134,0.0454163444186646
2020-01-07,0.05310171842575073,-0.0007818094851657696,0.031548307261384134,0.08160922644770974
2020-01-08,0.05294061452150345,-0.0007818094851657696,0.03145164491883576,0.09501389030260765
2020-01-09,0.05008762329816818,-0.0009384812071555695,0.02967718149603868,0.11541029655553503
2020-01-10,0.04727998375892639,-0.0009384812071555695,0.027992597772493605,0.08738053585327354
2020-01-11,0.043148450553417206,-0.0007165016804344114,0.025602469659876555,0.11171432454572994
2020-01-12,0.03749928995966911,-0.0007165016804344114,0.0222129733036277,0.06313027032442364
2020-01-13,0.03141133487224579,-0.011742517695783945,0.014149793845033894,0.06559651013397705
2020-01-14,0.02349913865327835,-0.011742517695783945,0.00940247611365343,-0.008397266291411687
2020-01-15,0.011966045945882797,-0.011742517695783945,0.0024826204892160995,-0.01576278622125027
2020-01-16,-0.0013578832149505615,-0.011742517695783945,-0.005511737007283915,-0.03618000438072888
2020-01-17,-0.00856105238199234,-0.01336619111393143,-0.010483107874767975,-0.05321049041430326
2020-01-18,-0.0033849067986011505,-0.01336619111393143,-0.007377420524733263,-0.06453371257834262
2020-01-19,0.011544905602931976,-0.01336619111393143,0.0015804669161866135,-0.009963570336830818
2020-01-20,0.02975235879421234,-0.01336619111393143,0.012504938830954833,0.030688412295266865
2020-01-21,0.04536993056535721,-0.011300148508374578,0.02270189893586449,0.07305148906310976
2020-01-22,0.05541309714317322,-0.011300148508374578,0.028727798882554098,0.07131355990767485
2020-01-23,0.0609779879450798,-0.011300148508374578,0.03206673336369805,0.13191592143275277
2020-01-24,0.06479881703853607,-0.00266735993616527,0.03781234624865554,0.10829363668681125
2020-01-25,0.06852570176124573,-0.00266735993616527,0.04004847708228133,0.12517474803910522
2020-01-26,0.06912921369075775,-0.00266735993616527,0.04041058423998854,0.08317005223447471
2020-01-27,0.06372768431901932,0.053520213032120574,0.05964469580425982,0.043184617129026215
2020-01-28,0.0413200706243515,0.01789652576525503,0.03195065268071291,-0.018901859463357318
2020-01-29,0.030538516119122505,0.018150460037567845,0.02558329368650064,0.03338268005371159
2020-01-30,0.027679018676280975,0.0007445015924416953,0.016905211842745262,0.02720322583018775
2020-01-31,0.031026571989059448,0.061509893564331064,0.0432199006191681,0.049272470861947415
2020-02-01,0.03261367231607437,0.059802531886705236,0.043489216144326714,0.05439117874903676
2020-02-02,0.050538770854473114,0.059802531886705236,0.054244275267365964,0.0879000290413876
2020-02-03,0.06530178338289261,0.04963932902026219,0.05903680163784045,0.06022121684330162
2020-02-04,0.06854036450386047,0.014450145160112306,0.046904276766361205,0.11156439803327589
2020-02-05,0.06173766404390335,-0.0008777789812480285,0.036691486833842796,0.07432553339353531
2020-02-06,0.04534834623336792,-0.0031489476077850177,0.025949428696906744,0.0468307408923454
2020-02-07,0.024936527013778687,0.00023439100505363587,0.015055672610288666,0.05407016496276151
2020-02-08,0.005286164581775665,0.00023439100505363587,0.0032654551510868535,0.0009772563049201821
2020-02-09,-0.008584253489971161,0.00023439100505363587,-0.005056795691961242,-0.02309749550570095
2020-02-10,-0.016867414116859436,-0.0008777789812480285,-0.010471560062614873,-0.014802326065309734
2020-02-11,-0.01835057884454727,-0.0013134450830408514,-0.011535725339944704,-0.005709629583256826
2020-02-12,-0.01676800101995468,-0.011375463523780632,-0.014610986021485063,-0.07095074207424401
2020-02-13,-0.004920884966850281,-0.010665985707115033,-0.007218925262956181,-0.06189959949675594
2020-02-14,0.0018920153379440308,-0.010922667867897497,-0.003233857944392581,-0.06450954916495566
2020-02-15,0.013899184763431549,-0.010922667867897497,0.00397044371089993,-0.025630204589326966
2020-02-16,0.023106567561626434,-0.010665985707115033,0.009597546254129848,0.0019289582717822995
2020-02-17,0.02244678884744644,-0.010665985707115033,0.009201679025621853,-0.005138058932619094
2020-02-18,0.007671348750591278,-0.002451722445713381,0.0036221202720694142,-0.08351148237382067
2020-02-19,-0.026930637657642365,-0.0027514704785983,-0.017258970786024737,-0.08427743363154716
2020-02-20,-0.059798263013362885,0.0013220543018446322,-0.03535013608727988,-0.08057275525664787
2020-02-21,-0.08542589098215103,0.034951301069792245,-0.037275014161373715,-0.10169834815362111
2020-02-22,-0.09971769899129868,0.034951301069792245,-0.045850098966862304,-0.11680306211052693
2020-02-23,-0.09981360286474228,0.034951301069792245,-0.04590764129092847,-0.1413509923110986
2020-02-24,-0.09187348932027817,0.07198274508366544,-0.02633099555870072,-0.07672742599778581
2020-02-25,-0.08914007991552353,0.07198274508366544,-0.024690949915847936,-0.05965860298158843
2020-02-26,-0.052284061908721924,0.07198274508366544,-0.0025773391117669756,-0.003913377536211127
2020-02-27,-0.006046921014785767,0.07198274508366544,0.025164945424594718,0.026234216345298433
2020-02-28,0.03664523363113403,0.07198274508366544,0.0507802382121466,0.050497474378545126
2020-02-29,0.012901127338409424,0.07198274508366544,0.03653377443651183,0.04259345512054158
2020-03-01,-0.035403504967689514,0.11145586258342985,0.023340242052758232,-0.058436124277415846
2020-03-02,-0.09525767713785172,0.11145586258342985,-0.012572261249339085,-0.11052646928181409
2020-03-03,-0.05716993659734726,0.11145586258342985,0.010280383074963588,-0.09880172190404868
2020-03-04,-0.15222471952438354,0.06469224411075106,-0.0654579340703297,-0.09328786737775785
2020-03-05,-0.3802216947078705,0.06469224411075106,-0.20225611918042186,-0.46988739524754053
2020-03-06,-0.3992067873477936,0.06469224411075106,-0.2136471747643757,-0.38910717179814003
2020-03-07,-0.35171738266944885,0.06469224411075106,-0.1851535319573689,-0.4179973128261911
2020-03-08,-0.31668373942375183,0.06469224411075106,-0.16413334600995066,-0.3326163188025858
2020-03-09,-0.34644627571105957,0.06469224411075106,-0.1819908677823353,-0.365819363999662
2020-03-10,-0.32267746329307556,0.06469224411075106,-0.1677295803315449,-0.32705052593178086
2020-03-11,-0.15060469508171082,0.06469224411075106,-0.06448591940472606,-0.3203067104248273
2020-03-12,0.057244136929512024,0.06477744957418755,0.06025746198738223,0.2838270833333334
2020-03-13,0.16177022457122803,0.08757939061368955,0.13209389098821264,0.1128885383429532
2020-03-14,0.14935120940208435,0.08757939061368955,0.12464248188672644,0.19623128888682628
2020-03-15,0.1725538820028305,0.08757939061368955,0.13856408544717413,0.08484695876000203
2020-03-16,0.25790295004844666,0.08757939061368955,0.18977352627454383,0.2860108531170398
2020-03-17,0.25961658358573914,0.08757939061368955,0.19080170639691932,0.26956089627755686
2020-03-18,0.1742616593837738,0.08757939061368955,0.1395887518757401,0.23815695785679325
2020-03-19,0.08224504441022873,0.08757939061368955,0.08437878289161306,0.09330663364906688
2020-03-20,0.02555091679096222,0.08757939061368955,0.05036230632005315,0.024281774897074282
2020-03-21,-0.003180786967277527,0.08757939061368955,0.03312328406510931,0.00802814943639718
2020-03-22,-0.018336452543735504,0.08757939061368955,0.02402988471923452,0.0112152457192769
2020-03-23,-0.024599209427833557,0.08757939061368955,0.02027223058877569,-0.01127671319296586
2020-03-24,-0.01861843466758728,0.08757939061368955,0.023860695444923457,-0.04956173125051899
2020-03-25,-0.0011483468115329742,0.08757939061368955,0.03434274815855604,-0.005168156012118508
2020-03-26,0.027089055627584457,0.08757939061368955,0.051285189622026495,0.008420212071197142
2020-03-27,0.0684591680765152,0.08757939061368955,0.07610725709138494,0.05896894376728823
2020-03-28,0.10982836782932281,0.08757939061368955,0.10092877694306951,0.09946686121555648
2020-03-29,0.14315488934516907,0.08742278929288075,0.12086204932425373,0.1515552366605344
2020-03-30,0.15259194374084473,0.0884162765638743,0.12692167687005657,0.14630347273699718
2020-03-31,0.14144644141197205,0.0847016299957024,0.1187485168454642,0.12274976444674635
2020-04-01,0.114334836602211,0.08083448066481082,0.10093469422725093,0.1081391918011958
2020-04-02,0.07521405816078186,0.07278190776075483,0.07424119800077104,0.07204055289229316
2020-04-03,0.031406521797180176,0.07002048407341444,0.04685210670767388,0.01853551328314107
2020-04-04,0.028090396896004677,0.06941208613925398,0.0446190725933044,0.002893397831993383
2020-04-05,0.037732794880867004,0.06899458657865194,0.05023751155998098,0.01934360779473132
2020-04-06,0.008309170603752136,0.06823868182540715,0.03228097509241414,-0.06712097027244568
2020-04-07,-0.04326815903186798,0.06881884589414,0.0015666429385352149,-0.0456586618352387
2020-04-08,-0.05663962662220001,0.06323152744906936,-0.008691164993692262,-0.10053142931664061
2020-04-09,-0.01628010720014572,0.058655643027696935,0.013694192890991344,-0.024932930964888023
2020-04-10,0.03442230820655823,0.058655643027696935,0.04411564213501371,0.02458550325707254
2020-04-11,0.05210239812731743,0.058655643027696935,0.05472369608746923,0.05406124624281827
2020-04-12,0.043397627770900726,0.058655643027696935,0.04950083387361921,0.031424768134604264
2020-04-13,0.030555952340364456,0.06702198329237019,0.04514236472116675,-0.0016203781564835262
2020-04-14,0.005060940980911255,0.050226174958859185,0.02312703457209043,-0.003978918863831615
2020-04-15,0.071885846555233,0.06276822584478317,0.06823879827105307,0.07610356972410015
2020-04-16,0.08920714259147644,0.054931281043123475,0.07549679797213525,0.05356986964125299
2020-04-17,0.05717938393354416,0.050226174958859185,0.054398100343670173,0.06793975140696262
2020-04-18,0.053773149847984314,0.050226174958859185,0.052354359892334265,0.040017382666997614
2020-04-19,0.08438967168331146,0.050226174958859185,0.07072427299353055,0.0803792864224786
2020-04-20,0.1227344200015068,0.06750352430670754,0.1006420617235871,0.13883310409077132
2020-04-21,0.15177810192108154,0.07173169101762523,0.11975953755969901,0.13120325314958836
2020-04-22,0.16806942224502563,0.06719009501052708,0.1277176913512262,0.23205579118445385
2020-04-23,0.17400245368480682,0.054931281043123475,0.12637398462813348,0.15203831930706624
2020-04-24,0.1712426245212555,0.041766939544077716,0.11945235053038439,0.1761439040639572
2020-04-25,0.1648416668176651,0.041766939544077716,0.11561177590823016,0.1901369870282157
2020-04-26,0.15335920453071594,0.041766939544077716,0.10872229853606066,0.15612171946289521
2020-04-27,0.14164623618125916,0.03294942012760082,0.09816750975979582,0.14114387584216326
2020-04-28,0.1344691663980484,0.033500658119726974,0.09408176308671982,0.16576473902245525
2020-04-29,0.1292109191417694,0.03103281251028115,0.0899396764891741,0.04150448193726319
2020-04-30,0.1239490881562233,0.03346314786942831,0.08775471204150531,0.15851508120649638
2020-05-01,0.11280655115842819,0.03394342130189443,0.0812612992158147,0.11023614018869488
2020-05-02,0.07129909098148346,0.03381343635447407,0.056304829130679704,0.0632352695314895
2020-05-03,0.02088232710957527,0.03381343635447407,0.02605477080753479,-0.01926994792088288
2020-05-04,-0.004374094307422638,0.029768727622443578,0.009283034464523849,-0.03499114062732456
2020-05-05,0.00850372388958931,0.027747727637205587,0.01620132538863582,-0.023392149929670536
2020-05-06,0.025477148592472076,0.028298965629331745,0.026605875407215943,0.01820534358826298
2020-05-07,-0.002231862396001816,0.025831120019885908,0.008993330570353274,-0.019468477128895323
2020-05-08,-0.04574565589427948,0.01390455350892367,-0.02188557213299822,-0.049345868014420424
2020-05-09,-0.033056117594242096,0.01390455350892367,-0.014271849152975788,-0.016576514246178897
2020-05-10,0.05946418642997742,0.01390455350892367,0.04124033326155592,0.10974380844617015
2020-05-11,0.13758936524391174,0.013441970753298917,0.08793040744766661,0.1369394686924752
2020-05-12,0.10828961431980133,0.02603553310320113,0.07538798183316126,0.10949528929868935
2020-05-13,0.04267511144280434,0.03486683927484587,0.03955180257562095,0.021705013336025925
2020-05-14,-0.04906369000673294,0.03103281251028115,-0.0170250889999273,-0.07386963617164255
2020-05-15,-0.012279506772756577,0.03103281251028115,0.005045420940458515,-0.015716337391401436
2020-05-16,-0.021496467292308807,0.03103281251028115,-0.00048475537127282316,-0.021545057332322926
2020-05-17,-0.0675763413310051,0.03103281251028115,-0.028132679794490596,-0.09914215230515588
2020-05-18,-0.08645253628492355,0.016251599694700736,-0.04537088189307384,-0.08563653118524583
2020-05-19,-0.06825128197669983,0.018378004739590562,-0.03359956729018367,-0.09558049537979019
2020-05-20,-0.03200913220643997,0.01539604637843853,-0.013047060772488569,-0.03231480439849743
2020-05-21,0.0070600733160972595,0.016251599694700736,0.01073668386753865,0.055933352814365955
2020-05-22,0.040929630398750305,0.01539604637843853,0.030716196790625594,0.028033805888767693
2020-05-23,0.06867766380310059,0.01539604637843853,0.04736501683323577,0.05649433771100809
2020-05-24,0.08543714880943298,0.015183936020331804,0.05733586369379251,0.08347495625170587
2020-05-25,0.08733351528644562,0.015183936020331804,0.05847368358000009,0.1461088608874932
2020-05-26,0.07535193860530853,0.015349106340480131,0.05135080569937717,0.07655765406880088
2020-05-27,0.0553230419754982,0.01477244441474943,0.03910280295119869,0.050213655480673136
2020-05-28,0.034829553216695786,0.015779613604477848,0.02720957737180861,0.022261116199120856
2020-05-29,0.018833277747035027,0.014694360272008112,0.01717771075702426,0.020588581605949674
2020-05-30,0.010374289005994797,0.014694360272008112,0.012102317512400124,-0.003239936809889321
2020-05-31,0.0071999914944171906,0.014694360272008112,0.010197739005453559,0.03161636998095951
2020-06-01,0.00646524503827095,0.013489836451067128,0.009275081603389421,-0.04105180295213007
2020-06-02,0.01590777188539505,0.013710180395917204,0.015028735289603912,0.026727141302200774
2020-06-03,0.013030122965574265,0.011750169799169681,0.012518141699012431,0.022631343728275022
2020-06-04,-3.3527612686157227e-05,0.011990088173964235,0.004775918701974,-0.05196208829039761
2020-06-05,-0.013447768986225128,0.011773457653378673,-0.003359278330383606,-0.016217379193361414
2020-06-06,-0.021295495331287384,0.011773457653378673,-0.00806791413742096,-0.019962136494832472
2020-06-07,-0.024242542684078217,0.011773457653378673,-0.00983614254909546,-0.041540003631890365
2020-06-08,-0.02354874461889267,0.011750169799169681,-0.00942917885166773,-0.036392316098634137
2020-06-09,-0.020676754415035248,0.013274514294124382,-0.0070962469313713954,-0.025258814849530742
2020-06-10,-0.01634473353624344,0.013274514294124382,-0.004497034404096311,-0.042474456246838654
2020-06-11,-0.010381102561950684,0.04218160633514312,0.010643980996886838,0.011413301150812405
2020-06-12,-0.011963330209255219,0.028583227019990217,0.004255292682442956,-0.01636533254165551
2020-06-13,-0.0127716064453125,0.03378491951038544,0.005851003936966676,-0.012074938722773543
2020-06-14,0.00030197203159332275,0.03382242976068409,0.013710155123229631,-0.005074876098521752
2020-06-15,0.004210062325000763,0.03135458415123828,0.01506787105549577,0.02754821228896187
2020-06-16,0.0015095248818397522,0.03135458415123828,0.013447548589599163,0.01042455113016616
2020-06-17,-0.00491274893283844,0.03135458415123828,0.009594184300792247,-0.01781801431357588
2020-06-18,-0.012957163155078888,0.026220908194792735,0.002714065384869762,-0.014577598036291106
2020-06-19,-0.01901380717754364,0.03197888659703401,0.0013832703322874205,-0.015898640527677643
2020-06-20,-0.02336641401052475,0.03155899723455349,-0.001396249512493451,-0.037071466350391935
2020-06-21,-0.023241952061653137,0.03155899723455349,-0.0013215723431704834,-0.01918729941504238
2020-06-22,-0.01924814283847809,0.016819749069505542,-0.0048209860752846355,-0.050913254502260696
2020-06-23,-0.010745905339717865,0.016553599405458586,0.0001738965583527154,-0.05052940864778721
2020-06-24,-0.0020244643092155457,0.03135458415123828,0.011327155074965985,-0.0069370267703187105
2020-06-25,0.004151202738285065,0.018302433886834252,0.00981169519770474,-0.01761718754223196
2020-06-26,0.009884484112262726,0.03135458415123828,0.018472524127852948,-0.011345515983589016
2020-06-27,0.013816174119710922,0.03135458415123828,0.020831538132321865,0.01369951176209483
2020-06-28,0.01768270879983902,0.03135458415123828,0.023151458940398724,-0.005148990549945998
2020-06-29,0.021925490349531174,0.016553599405458586,0.01977673397190214,0.01649594889780448
2020-06-30,0.027598382905125618,0.015717818019395657,0.022846156950833633,0.013004251221473861
2020-07-01,0.03396681696176529,0.01546263939562947,0.026565145935310962,0.022103552859618736
2020-07-02,0.04200749844312668,0.014991741644727778,0.03120119572376712,0.016055616329207822
2020-07-03,0.04242123290896416,0.013742547173676496,0.030949758614849093,0.025400021637709713
2020-07-04,0.034078001976013184,0.013742547173676496,0.025943820055078507,0.010789823391487818
2020-07-05,0.022804569453001022,0.013742547173676496,0.019179760541271212,0.025728244725952365
2020-07-06,0.013118341565132141,0.014991741644727778,0.013867701596970396,-0.010870914578027024
2020-07-07,0.006474621593952179,0.015026973293836648,0.009895562273905967,-0.00016635358346128726
2020-07-08,0.002040684223175049,0.014991741644727778,0.007221107191796141,-0.025271140709151818
2020-07-09,0.0010873563587665558,0.015026973293836648,0.006663203132794593,-0.010691659725554525
2020-07-10,0.001393098384141922,0.013525916653090933,0.006246225691721527,-0.014428843044074657
2020-07-11,0.004317592829465866,0.013525916653090933,0.008000922358915894,-0.006903811228683443
2020-07-12,0.008259724825620651,0.013525916653090933,0.010366201556608765,-0.010078740157480337
2020-07-13,0.012411650270223618,0.016573371335657863,0.014076338696397316,-0.008854632128119544
2020-07-14,0.015065371990203857,0.01497929556179131,0.015030941418838838,0.014493536520146622
2020-07-15,0.018503868952393532,0.012882145601472935,0.016255179612025293,0.03485257023571364
2020-07-16,0.027834612876176834,0.012882145601472935,0.021853625966295274,0.051408407527272715
2020-07-17,0.044197216629981995,0.012643220256812058,0.03157561808071402,0.04189060465441452
2020-07-18,0.06948702037334442,0.012643220256812058,0.046749500326731475,0.05781066663177126
2020-07-19,0.09983241558074951,0.012559109714379027,0.06492309323420131,0.07846137307131418
2020-07-20,0.1313214749097824,0.007107304119068883,0.08163580659349699,0.20404157724560545
2020-07-21,0.15892374515533447,0.010952662654987462,0.09973531215519567,0.16147710330138443
2020-07-22,0.17758101224899292,0.006304854426957085,0.10907054912017859,0.1662474679980166
2020-07-23,0.18532130122184753,0.012643220256812058,0.11625006883583335,0.15581567528560591
2020-07-24,0.18024176359176636,0.012559109714379027,0.11316870204081142,0.18847742666023604
2020-07-25,0.16117098927497864,0.012559109714379027,0.10172623745073879,0.21656278800299367
2020-07-26,0.1319751739501953,0.012301193219539168,0.08410558165793285,0.11476669277876339
2020-07-27,0.10128434002399445,0.006801065115732374,0.06349103006068961,0.017212211105026798
2020-07-28,0.07643283158540726,0.01129822045323258,0.050378987132537384,0.026195940500280956
2020-07-29,0.057691849768161774,0.004644594485862306,0.036472947655241984,0.058049480520299346
2020-07-30,0.045284200459718704,0.006304854426957085,0.029692462046614056,0.0597183144272635
2020-07-31,0.036731522530317307,0.004644594485862306,0.023896751312535304,0.022828363383576855
2020-08-01,0.03177201747894287,0.00398102201246809,0.020655619292352958,-0.0033691574648954115
2020-08-02,0.035852186381816864,0.00398102201246809,0.023103720634077354,0.05512697186883253
2020-08-03,0.03325697034597397,0.004203001539189247,0.02163538282326008,0.0599929945337756
2020-08-04,0.02645295113325119,0.004203001539189247,0.017552971295626413,0.017879783451885567
2020-08-05,0.018784521147608757,0.004203001539189247,0.012951913304240953,-0.015375171031536183
2020-08-06,0.013200074434280396,0.004203001539189247,0.009601245276243935,0.0014911846671530338
2020-08-07,0.011425219476222992,0.004203001539189247,0.008536332301409493,0.014344203970423353
2020-08-08,0.014196328818798065,0.004203001539189247,0.010198997906954537,0.007736317329299691
2020-08-09,0.019873108714818954,0.003963209417041061,0.013509148995707796,0.01963073804452775
2020-08-10,0.02472555637359619,0.003706527256258597,0.016317944726661152,0.032642109759419835
2020-08-11,0.02537035197019577,0.004203001539189247,0.016903411797793158,0.048536351570564795
2020-08-12,0.016567960381507874,0.003963209417041061,0.011526059995721148,0.01645231500657629
2020-08-13,0.0037727095186710358,0.0043700997296528135,0.004011665603063748,0.006243633276740157
2020-08-14,-0.016833268105983734,0.0043700997296528135,-0.008351920971729116,-0.019488901019851235
2020-08-15,-0.03529496490955353,0.0043700997296528135,-0.01942893905387099,-0.015983260774189212
2020-08-16,-0.04930149018764496,0.0043700997296528135,-0.027832854220725848,-0.022069515573839404
2020-08-17,-0.05558636039495468,0.004181065979256311,-0.03167938984527029,-0.04339421535314736
2020-08-18,-0.051078975200653076,0.004181065979256311,-0.02897495872868932,-0.05245621393368449
2020-08-19,-0.03797001391649246,0.0043700997296528135,-0.02103396845803435,-0.02494004469743305
2020-08-20,-0.020280636847019196,0.004866574012583461,-0.010221752503178132,-0.04413614486799311
2020-08-21,-0.001565687358379364,0.0043700997296528135,0.0008086274768335073,-0.0003841704433309445
2020-08-22,0.013162907212972641,0.0043700997296528135,0.00964578421964471,-0.01690136980663559
2020-08-23,0.02023574709892273,0.0043700997296528135,0.013889488151214761,0.005411169003093352
2020-08-24,0.018701987341046333,0.0043700997296528135,0.012969232296488924,-0.008400435811443452
2020-08-25,0.009281903505325317,0.004181065979256311,0.007241568494897715,0.0533245806393472
2020-08-26,-0.006880402565002441,0.004866574012583461,-0.00218161193396808,-0.0063595903827008415
2020-08-27,-0.030326828360557556,0.004866574012583461,-0.01624946741130115,-0.1049858874989188
2020-08-28,-0.05877683311700821,0.0043700997296528135,-0.0335180599783438,-0.09375105730850675
2020-08-29,-0.0846884474158287,0.0043700997296528135,-0.049065028557636094,-0.11330613369801079
2020-08-30,-0.10180061310529709,0.0043700997296528135,-0.05933232797131712,-0.12423705252084327
2020-08-31,-0.1141127273440361,0.007023044642453527,-0.06565841854944025,-0.10953851277864901
2020-09-01,-0.12312112003564835,0.0037456334098952392,-0.07237441865743091,-0.15058920631405714
2020-09-02,-0.07906510680913925,0.006208343043101817,-0.04495572686824282,-0.10267690151678799
2020-09-03,-0.03431786596775055,0.01444830467660195,-0.01481139771000955,0.019329740603598378
2020-09-04,-0.0037442222237586975,0.013461262171736668,0.003137971534439449,-0.005586693789637498
2020-09-05,0.014612950384616852,0.013461262171736668,0.014152275099464779,0.026973380716831086
2020-09-06,0.023475103080272675,0.01221206770068539,0.01896988892843776,0.007471578167352444
2020-09-07,0.030206479132175446,0.01221206770068539,0.023008714559579424,0.028759023043464893
2020-09-08,0.03881245106458664,0.013932159922638363,0.028860334607807327,0.06504224003001968
2020-09-09,0.049615293741226196,0.011756511835438951,0.03447178097891129,0.07190484578049161
2020-09-10,0.05765463784337044,0.011995437180099827,0.03939095757806219,0.058346482058882376
2020-09-11,0.05817585065960884,0.0037456334098952392,0.0364037637597234,0.052513070508062754
2020-09-12,0.0536380261182785,0.0037456334098952392,0.033681069034925196,0.061271420526160414
2020-09-13,0.050399068742990494,0.004866574012583461,0.032186070850827676,0.05685276928005201
2020-09-14,0.023862402886152267,0.004866574012583461,0.016264071336724743,-0.023852650497527716
2020-09-15,0.00923701748251915,0.004866574012583461,0.007488840094544875,-0.02370817343219611
2020-09-16,0.003243926912546158,0.004866574012583461,0.0038929857525610793,-0.0650492376764309
2020-09-17,0.0024773068726062775,0.004866574012583461,0.003433013728597151,-0.018617018845538236
2020-09-18,0.005115076899528503,0.004866574012583461,0.005015675744750486,-0.02256573670197437
2020-09-19,0.009635057300329208,0.004866574012583461,0.007727663985230909,-0.031771601846461994
2020-09-20,0.015338588505983353,0.004866574012583461,0.011149782708623397,-0.013372367741486535
2020-09-21,0.02032083459198475,0.007023044642453527,0.01500171861217226,0.026772977819418342
2020-09-22,0.023172929883003235,0.004866574012583461,0.015850387534835326,0.029523410648637505
2020-09-23,0.02200821042060852,0.011520199979953736,0.017813006244346605,0.052251339164533395
2020-09-24,0.018907319754362106,0.011520199979953736,0.01595247184459876,-0.010915285684480414
2020-09-25,0.016496948897838593,0.004866574012583461,0.01184479894373654,-0.010879909270146815
2020-09-26,0.01819021999835968,0.004866574012583461,0.012860761604049193,-0.0173871707398916
2020-09-27,0.025502000004053116,0.004866574012583461,0.01724782960746525,-0.009988630299092804
2020-09-28,0.03789515048265457,0.004866574012583461,0.02468371989462613,0.008983631447665008
2020-09-29,0.05405138432979584,0.004866574012583461,0.03437746020291088,-0.022214883473794522
2020-09-30,0.07184785604476929,0.004866574012583461,0.04505534323189495,-0.010225869222082351
2020-10-01,0.0885927677154541,0.005498092409607495,0.05535489759311546,0.028857354604379104
2020-10-02,0.11200737208127975,0.005498092409607495,0.06940366021261085,0.04543252857034741
2020-10-03,0.13152796030044556,0.005498092409607495,0.08111601314411034,0.07125362595166407
2020-10-04,0.13694611191749573,0.005498092409607495,0.08436690411434043,0.06584928885693064
2020-10-05,0.12941458821296692,0.005498092409607495,0.07984798989162314,0.06820104501302326
2020-10-06,0.10765740275382996,0.012151718376977774,0.06945512900308908,0.07744588033955813
2020-10-07,0.07328584045171738,0.005498092409607495,0.04617074123487342,0.07045495242532862
2020-10-08,0.04380035027861595,0.005498092409607495,0.02847944713101257,0.0530452873396996
2020-10-09,0.027574043720960617,0.004624137486199774,0.01839408122705628,0.024313523922596447
2020-10-10,0.01862579584121704,0.004624137486199774,0.013025132499210133,0.005930992223653009
2020-10-11,0.00916958972811699,0.004624137486199774,0.007351408831350104,0.011796971066987183
2020-10-12,0.0007072612643241882,0.004624137486199774,0.002274011753074423,0.019362869472816735
2020-10-13,0.005216885358095169,0.0043700997296528135,0.004878171106718227,0.04285516647169674
2020-10-14,0.03248544782400131,0.004626781890435278,0.021341981450574896,0.11938020072009792
2020-10-15,0.077601358294487,0.004866574012583461,0.04850744458172558,0.1271955442446493
2020-10-16,0.1184592917561531,0.004866574012583461,0.07302220465872525,0.14168253923380547
2020-10-17,0.14145901799201965,0.004866574012583461,0.08682204040024517,0.15418126441435875
2020-10-18,0.14597484469413757,0.004866574012583461,0.08953153642151593,0.13263248121817184
2020-10-19,0.13464507460594177,0.004866574012583461,0.08273367436859845,0.11068572697713575
2020-10-20,0.10898635536432266,0.004866574012583461,0.06733844282362698,0.14493547013893382
2020-10-21,0.07387858629226685,0.004866574012583461,0.04627378138039349,0.037981497477497905
2020-10-22,0.04132061451673508,0.004866574012583461,0.026738998315074432,0.03756635298399513
2020-10-23,0.02096889168024063,0.004866574012583461,0.014527964613177763,0.04929401450274584
2020-10-24,0.014669317752122879,0.004866574012583461,0.010748220256307112,0.05180628338136928
2020-10-25,0.0185581985861063,0.004866574012583461,0.013081548756697165,0.05623451990700623
2020-10-26,0.03288113698363304,0.013104125128194092,0.024970332241457463,0.038091691892318424
2020-10-27,0.061135757714509964,0.013320755648779653,0.04200975688821784,0.02840680337660806
2020-10-28,0.09990130364894867,0.033493171295279095,0.07333805070748084,0.06615283724295962
2020-10-29,0.12798991799354553,0.019837974493058026,0.08472914059335053,0.15861828072861317
2020-10-30,0.1353074014186859,0.023329029309541522,0.09051605257502815,0.1489531788113656
2020-10-31,0.1273530125617981,0.022424834217075747,0.08538174122390915,0.07449060981799716
2020-11-01,0.11248243600130081,0.01939226110179412,0.07524636604149813,0.12452130945027795
2020-11-02,0.12010081857442856,0.014759707721957938,0.07796437423344031,0.1313005696943843
2020-11-03,0.10269305109977722,0.013496493820845536,0.06701442818820455,0.09082449283454297
2020-11-04,0.07745106518268585,0.0037456334098952392,0.047968892473569606,0.10889627481881026
2020-11-05,0.06755527853965759,0.00306012537656809,0.04175721727442179,0.04501854391463267
2020-11-06,0.07049073278903961,0.00287167848648751,0.04344311106801877,0.04754709908651655
2020-11-07,0.07977709174156189,0.00287167848648751,0.04901492643953214,0.0845002463170541
2020-11-08,0.08904726803302765,0.00287167848648751,0.0545770322144116,0.031140348042985266
2020-11-09,0.0999385192990303,0.00287167848648751,0.061111782974013186,0.09036553693435923
2020-11-10,0.11480378359556198,0.00287167848648751,0.07003094155193218,0.15441835471958631
2020-11-11,0.13392582535743713,0.00287167848648751,0.08150416660905728,0.13337464869193538
2020-11-12,0.15536637604236603,0.00287167848648751,0.09436849702001461,0.09274324724126037
2020-11-13,0.1781374216079712,0.003992619089175733,0.10847950060045301,0.14306800566152167
2020-11-14,0.17618855834007263,0.003992619089175733,0.10731018263971387,0.16386286631674896
2020-11-15,0.1656348556280136,0.003992619089175733,0.10097796101247847,0.15400325875791188
2020-11-16,0.1380104124546051,0.003992619089175733,0.08440329510843336,0.09898723013694855
2020-11-17,0.09391741454601288,0.003992619089175733,0.05794749636327801,0.08497636949881571
2020-11-18,0.03679251670837402,0.003992619089175733,0.023672557660694704,0.05304813423851784
2020-11-19,-0.021744556725025177,0.003992619089175733,-0.011449686399344813,-0.036699242030195145
2020-11-20,-0.0595584437251091,0.003992619089175733,-0.034138018599395165,-0.08127019828288118
2020-11-21,-0.06291388720273972,0.003992619089175733,-0.036151284685973534,-0.05260695687507355
2020-11-22,-0.03819979727268219,0.003992619089175733,-0.021322830727939023,-0.01245979375956785
2020-11-23,-0.0027788057923316956,0.003992619089175733,-7.023583972872414e-05,0.07229257404181189
2020-11-24,0.030457183718681335,0.0038359473671859333,0.019808689178083174,-0.02061846523044608
2020-11-25,0.05707160010933876,0.0038359473671859333,0.03577733901247763,0.025908283032686885
2020-11-26,0.07746842503547668,0.0038359473671859333,0.04801543396816038,0.13250730197492988
2020-11-27,0.08771353214979172,0.0038359473671859333,0.0541624982367494,0.08815882825189969
2020-11-28,0.07821697741746902,0.0038359473671859333,0.04846456539735579,0.08057686718567036
2020-11-29,0.04992937296628952,0.0038359473671859333,0.03149200272664808,0.06458128379504191
2020-11-30,0.0167374387383461,0.002490949857876205,0.01103884318615814,-0.02685689944135483
2020-12-01,-0.015433482825756073,0.0031723748937917177,-0.007991139737936956,-0.023493255514533407
2020-12-02,-0.0353396013379097,0.0031723748937917177,-0.019934810845229134,-0.03451400196520649
2020-12-03,-0.05276525765657425,0.0031723748937917177,-0.030390204636427862,-0.060100711052986644
2020-12-04,-0.058136411011219025,0.0012630040102246617,-0.03437664500264155,-0.03292079791877123
2020-12-05,-0.049900323152542114,0.0006476284191602202,-0.02968114252386118,-0.017702946469699277
2020-12-06,-0.03342849761247635,0.0006476284191602202,-0.01979804719982172,-0.009525605132390425
2020-12-07,-0.008356139063835144,0.0012630040102246617,-0.004508481834211222,0.005542889043089749
2020-12-08,0.027502164244651794,0.0006476284191602202,0.01676034991445516,0.060156809798675104
2020-12-09,0.07604829967021942,0.0031723748937917177,0.04689792975964834,0.15070372703502688
2020-12-10,0.13569748401641846,0.0031723748937917177,0.08268744036736775,0.24884262239223687
2020-12-11,0.19218191504478455,0.0033290466157815174,0.11664076767318333,0.2811438785620073
2020-12-12,0.22254204750061035,0.0033290466157815174,0.1348568471466788,0.2665214855473721
2020-12-13,0.21639594435691833,0.003992619089175733,0.13143461424982128,0.2232350577497042
2020-12-14,0.20807358622550964,0.003992619089175733,0.12644119937097606,0.1788276326535272
2020-12-15,0.18051940202713013,0.0038359473671859333,0.10984602016315245,0.22569046397099202
2020-12-16,0.12927450239658356,0.0038359473671859333,0.07909908038482451,0.08892401028894525
2020-12-17,0.06954960525035858,0.002490949857876205,0.04272614309336563,0.04088403994181733
2020-12-18,0.040787599980831146,0.0013112008925544353,0.02499704034552046,0.06946176093448897
2020-12-19,0.043326232582330704,0.0013112008925544353,0.026520219906420197,0.1121578264441403
2020-12-20,0.05243922397494316,0.0019265764836188756,0.03223416497841344,0.12048933470671286
2020-12-21,0.05494941025972366,0.004181065979256311,0.03464207254753672,0.19189065353387003
2020-12-22,0.044008828699588776,0.003992619089175733,0.028002344855423557,0.15010883721203694
2020-12-23,0.03771281987428665,0.003992619089175733,0.024224739560242285,0.24288031211100192
2020-12-24,0.03451113402843475,0.0013112008925544353,0.021231160774082627,0.21890455641150997
2020-12-25,0.03308749571442604,0.0019265764836188756,0.020623128022103174,0.18691858806505368
2020-12-26,0.03020665980875492,0.0019265764836188756,0.0188946264787005,0.21457956116601173
2020-12-27,0.029233723878860474,0.0019265764836188756,0.018310864920763833,0.25563035211626683
2020-12-28,0.03234010934829712,0.0019265764836188756,0.02017469620242582,0.18129272388135487
2020-12-29,0.038175441324710846,0.003992619089175733,0.024502312430496803,0.23971261639583719
2020-12-30,0.04125899076461792,0.0038359473671859333,0.026289773405645124,0.27337393517142883
2020-12-31,0.04016870632767677,0.0038359473671859333,0.025635602743480437,0.3633240364366437
2021-01-01,0.03412187471985817,0.0027150067644977085,0.021559127537713985,0.38358239842300246
2021-01-02,0.02760729193687439,0.0027150067644977085,0.017650377867923717,0.2458141861308527
2021-01-03,0.010431978851556778,0.0027150067644977085,0.00734519001673315,0.15605946051596864
2021-01-04,-0.008223399519920349,0.011995437180099827,-0.00013586483991227805,0.10678017337992074
2021-01-05,-0.03560607135295868,0.0037456334098952392,-0.019865389447817114,0.002995917763809919
2021-01-06,-0.057713739573955536,0.0037456334098952392,-0.033129990380415225,0.01637287132547316
2021-01-07,-0.07442422956228256,0.0027150067644977085,-0.04356853503157045,-0.007298081673187573
2021-01-08,-0.07599235326051712,0.0008056358809306559,-0.045273157603938005,-0.09463588154689129
2021-01-09,-0.06910455971956253,0.0008056358809306559,-0.041140481479365255,-0.10210580564564842
2021-01-10,-0.06029871851205826,0.0008056358809306559,-0.03585697675486269,-0.060849509384267586
2021-01-11,-0.05563022941350937,0.00287167848648751,-0.032229466253510614,0.03465099180979103
2021-01-12,-0.06240673363208771,0.00287167848648751,-0.03629536878465762,0.05404355318631571
2021-01-13,-0.07748987525701523,0.0038359473671859333,-0.044959546207334763,-0.05092533377145814
2021-01-14,-0.13413292169570923,0.003992619089175733,-0.07888270538175524,-0.21189107026529908
2021-01-15,-0.1444295346736908,0.004181065979256311,-0.08498529441251196,-0.10334296621162253
2021-01-16,-0.1385173797607422,0.004181065979256311,-0.08143800146474278,-0.10882017436875924
2021-01-17,-0.1261717677116394,0.0043700997296528135,-0.07395502073512251,-0.09960503631036755
2021-01-18,-0.1060841754078865,0.0043700997296528135,-0.06190246535287077,-0.11948998765262564
2021-01-19,-0.08204685896635056,0.003992619089175733,-0.04763106774414004,-0.09539085727563823
2021-01-20,-0.05894467979669571,0.0038359473671859333,-0.03383242893114305,-0.14384929837209248
2021-01-21,-0.03531511127948761,0.0019265764836188756,-0.020418436174245016,0.08151440528775722
2021-01-22,-0.008282918483018875,0.0038359473671859333,-0.0034353721429369512,0.039672886799491325
2021-01-23,0.022464890033006668,0.0038359473671859333,0.015013312966678374,0.06811147827171271
2021-01-24,0.05348192900419235,0.0038359473671859333,0.033623536349389783,0.025824010613796133
2021-01-25,0.07925132662057877,0.003992619089175733,0.04914784360801755,0.039441995151019205
2021-01-26,0.0975518524646759,0.003992619089175733,0.06012815911447583,0.0923522003513022
2021-01-27,0.1117059737443924,0.08757939061368955,0.10205534049211126,0.2388422635072276
2021-01-28,0.12326959520578384,0.05054794659981629,0.09418093576339683,0.10705274950951393
2021-01-29,0.1464659571647644,0.0771065390943551,0.11872218993660068,0.11789140551555821
2021-01-30,0.1921064257621765,0.0771065390943551,0.14610647109504793,0.14371413027743163
2021-01-31,0.2479603886604309,0.0771065390943551,0.1796188488340006,0.17232385841347608
2021-02-01,0.2883075177669525,0.041373136088956965,0.1895337650957543,0.38323564406167443
2021-02-02,0.28116586804389954,0.01167240129300592,0.17336848134354207,0.30886217428179585
2021-02-03,0.25280454754829407,0.00287167848648751,0.15283139992357145,0.19109319338938136
2021-02-04,0.24707454442977905,0.0027150067644977085,0.1493307293636665,0.298696471202323
2021-02-05,0.24380871653556824,0.00019026028986621256,0.14636133403728743,0.23497789515030454
2021-02-06,0.22544768452644348,0.00019026028986621256,0.13534471483181257,0.20330115084260214
2021-02-07,0.1812135875225067,0.0008056358809306559,0.10905040686587629,0.25214398815950934
2021-02-08,0.128380686044693,0.0027150067644977085,0.07811441433261489,0.03312634623018873
2021-02-09,0.1131313368678093,0.0027150067644977085,0.06896480482648466,0.058444753408090744
2021-02-10,0.1296517252922058,0.00287167848648751,0.07893970656991849,0.1631895764064919
2021-02-11,0.16158083081245422,0.0027150067644977085,0.09803450119327162,0.07469515531845117
2021-02-12,0.19809949398040771,-0.0006770680872329008,0.11858886915335146,0.1822549674756173
2021-02-13,0.22587421536445618,-0.0007347178670197884,0.13523064207186578,0.184237967378587
2021-02-14,0.20863506197929382,-0.0003785859162371231,0.12502960282108144,0.1817863678030638
2021-02-15,0.16732287406921387,9.76824698670291e-05,0.10043279742947513,0.12891730726282646
2021-02-16,0.1037328690290451,0.0038359473671859333,0.06377410036430144,-0.0049345201690497165
2021-02-17,0.031472135335206985,0.0038359473671859333,0.020417660147998565,-0.04688264765863048
2021-02-18,-0.04393093287944794,0.003992619089175733,-0.02476151209199847,-0.08687961421926338
2021-02-19,-0.10773675888776779,0.003992619089175733,-0.06304500769699037,-0.17223786355668436
2021-02-20,-0.1498509645462036,0.003992619089175733,-0.08831353109205187,-0.1743293794419496
2021-02-21,-0.15435519814491272,0.003992619089175733,-0.09101607125127734,-0.2137818447663824
2021-02-22,-0.11385234445333481,0.004181065979256311,-0.06663898028029835,-0.08321009205979846
2021-02-23,-0.05118327587842941,0.003992619089175733,-0.029112917891387355,-0.009211306784479678
2021-02-24,0.00461922213435173,0.0038359473671859333,0.004305912227485411,0.013551157294640293
2021-02-25,0.03934912011027336,0.042088711185034836,0.04044495654017795,0.02762389978444446
2021-02-26,0.06614003330469131,0.033493171295279095,0.05308128850092643,0.05347898420960617
2021-02-27,0.0775170624256134,0.033493171295279095,0.05990750597347968,0.06020353343340612
2021-02-28,0.08461034297943115,0.034044409287405264,0.06438396950262079,0.12930108920529793
2021-03-01,0.09316100180149078,0.00306012537656809,0.057120651231521706,0.05622720296012895
2021-03-02,0.1097014918923378,0.0037456334098952392,0.06731914849936077,0.13302567162083911
2021-03-03,0.13138240575790405,0.015491840298273808,0.08502617957405195,0.10928081125940592
2021-03-04,0.16792473196983337,0.034135207995431203,0.1144089223800725,0.1942996757148301
2021-03-05,0.20177701115608215,0.01167240129300592,0.12573516721085165,0.17373770068783223
2021-03-06,0.21098557114601135,0.011756511835438951,0.13129394742178238,0.2517519669736632
2021-03-07,0.17233632504940033,0.011756511835438951,0.10810439976381578,0.15688219454894137
2021-03-08,0.11634252965450287,0.013932159922638363,0.07537838176175707,0.06167101701054145
2021-03-09,0.07757431268692017,0.0037456334098952392,0.048042840976110196,0.03673623700680517
2021-03-10,0.06245345622301102,0.00287167848648751,0.038620745128401614,0.054812763611564286
2021-03-11,0.05667887628078461,0.00287167848648751,0.03515599716306577,-0.0021636344627851134
2021-03-12,0.05164884775876999,0.0008056358809306559,0.031311563007634255,0.014125580286646455
2021-03-13,0.051635436713695526,0.0019265764836188756,0.03175189262166486,-0.05043620203113697
2021-03-14,0.02324460819363594,0.002490949857876205,0.014943144859332045,-0.02741726869906902
2021-03-15,0.004520896822214127,0.0009340306498101076,0.003086150353252519,-0.027370641594670952
2021-03-16,-0.022122807800769806,-0.0007347178670197884,-0.0135675718272698,-0.04498815920704036
2021-03-17,-0.05358503758907318,-0.004423104566462512,-0.03392026438002892,-0.11218785948153687
2021-03-18,-0.07224888354539871,0.003992619089175733,-0.04175228249156893,-0.1102269352569103
2021-03-19,-0.06863696873188019,0.0038359473671859333,-0.03964780229225374,-0.05177355647534798
2021-03-20,-0.04306850582361221,0.0038359473671859333,-0.024306724547292952,-0.039329609784676256
2021-03-21,-0.001554541289806366,0.0038359473671859333,0.0006016541729905539,-0.027443542948090704
2021-03-22,0.04660337045788765,-0.004704803090444257,0.026080101038554886,0.0656805942690204
2021-03-23,0.08802869915962219,0.0019265764836188756,0.053587850089220866,0.08107485909781742
2021-03-24,0.11020663380622864,0.003992619089175733,0.06772102791940748,0.1230678929673168
2021-03-25,0.10634966939687729,0.0013112008925544353,0.06433428199514815,0.14478675582107625
2021-03-26,0.08117588609457016,-0.004704803090444257,0.04682361042056439,0.07131990770112617
2021-03-27,0.04848235845565796,-0.004423104566462512,0.02732017324680977,0.022122237004619016
2021-03-28,0.015241667628288269,-0.004423104566462512,0.007375758750387956,0.04346509523620856
2021-03-29,-0.01726355403661728,0.0038359473671859333,-0.008823753475095994,0.025930559775082962
2021-03-30,-0.04609684646129608,0.0013112008925544353,-0.027133627519755874,-0.012858963510550492
2021-03-31,-0.06542780995368958,0.000530424569122268,-0.03904451614456484,-0.047447632002083795
2021-04-01,-0.0751165896654129,-0.003703439643129064,-0.046551329656499364,-0.010948828040116987
2021-04-02,-0.030371464788913727,-0.003703439643129064,-0.019704254730599863,-0.013697537964794226
2021-04-03,-0.004785578697919846,-0.003703439643129064,-0.004352723076003533,0.047626601304004756
2021-04-04,0.0094032883644104,-0.003491936513023662,0.004245198413436775,0.03093398320779639
2021-04-05,0.02663758024573326,-0.002270442867297712,0.015074371000520871,0.012345850219152688
2021-04-06,0.07129043340682983,-0.002270442867297712,0.041866082897178816,0.09628796807788764
2021-04-07,0.14037272334098816,-0.0027509007304991027,0.08312327371239325,0.12521265444758112
2021-04-08,0.19062557816505432,-0.003703439643129064,0.11289397104178096,0.08751165683383189
2021-04-09,0.1808190643787384,-0.003703439643129064,0.10701006276999142,0.05490403412028444
2021-04-10,0.12259708344936371,-0.003703439643129064,0.0720768742123666,0.003974125104380999
2021-04-11,0.06111707165837288,-0.003703439643129064,0.035188867137772105,-0.06420439972181124
2021-04-12,0.012195214629173279,-0.002270442867297712,0.006408951630584882,-0.0706124290010024
2021-04-13,-0.027339346706867218,-0.005926296736170206,-0.018774126718588413,-0.11246559182068427
2021-04-14,-0.08257810026407242,-0.004704803090444257,-0.051428781394621155,-0.14567929589055062
2021-04-15,-0.11966710537672043,-0.005024667534173026,-0.07381013023970147,-0.1815868212751176
2021-04-16,-0.1367284059524536,-0.006137799866275607,-0.0844921635179824,-0.16645786731186862
2021-04-17,-0.11987897008657455,-0.006137799866275607,-0.07438250199845496,-0.16596191156115014
2021-04-18,-0.07920920103788376,-0.006137799866275607,-0.049980640569240495,-0.12614850825494073
2021-04-19,-0.039527229964733124,-0.004704803090444257,-0.02559825921501758,-0.029330539315235438
2021-04-20,-0.009537994861602783,0.0019265764836188756,-0.004952166323514119,-0.025042622950819604
2021-04-21,0.026962168514728546,-0.0041554384340616365,0.014515125735212474,0.019680919200195435
2021-04-22,0.07986341416835785,0.0019265764836188756,0.048688679094462256,0.03606123778703285
2021-04-23,0.1294797658920288,-0.004423104566462512,0.07591861770863229,0.12849118848378693
2021-04-24,0.1311379075050354,-0.004423104566462512,0.07691350267643624,0.15490238939382817
2021-04-25,0.09428182244300842,-0.0041554384340616365,0.054906918092180394,0.15308609064749934
2021-04-26,0.051344096660614014,-0.0012483734055734675,0.03030710863413902,0.0586651565820806
2021-04-27,0.02533619850873947,-0.0012483734055734675,0.014702369743014296,-0.03293755886218941
2021-04-28,0.01609368622303009,-0.00368619219072904,0.008181734857526438,0.04722093883589418
2021-04-29,0.017230547964572906,-0.0007347178670197884,0.010044441631935828,0.053004948184109724
2021-04-30,0.025338582694530487,0.0038359473671859333,0.016737528563592667,-0.006578122922778928
2021-05-01,0.037184037268161774,0.0027150067644977085,0.023396425066696147,0.018368048509032064
2021-05-02,0.05086755007505417,0.0027150067644977085,0.031606532750831584,0.029386401584638344
2021-05-03,0.028427869081497192,0.0008056358809306559,0.017378975801270576,-0.02367088401677886
2021-05-04,-0.0001832917332649231,0.00287167848648751,0.00103869635463605,0.06522573961922173
2021-05-05,-0.040430374443531036,0.0027150067644977085,-0.023172221960319535,-0.1358864658487492
2021-05-06,-0.0912761315703392,0.0008056358809306559,-0.05444342458983126,-0.1192103441378537
2021-05-07,-0.12972140312194824,-0.002270442867297712,-0.07874101902008802,-0.13039051901997312
2021-05-08,-0.14835458993911743,-0.001988744343315968,-0.08980825170079684,-0.20554941596495546
2021-05-09,-0.15697237849235535,-0.001988744343315968,-0.09497892483273959,-0.20276733646011968
2021-05-10,-0.1607152223587036,0.00287167848648751,-0.09528046202062716,-0.21997400751825547
2021-05-11,-0.16729149222373962,0.0037456334098952392,-0.09887664197028569,-0.24387215674178342
2021-05-12,-0.17694604396820068,0.035252955024178495,-0.092066444371249,-0.2607472458923116
2021-05-13,-0.1958213448524475,0.012865199783533215,-0.11234672699805522,-0.18409807579759363
2021-05-14,-0.22714310884475708,0.0038359473671859333,-0.13475148635997986,-0.25258976213573237
2021-05-15,-0.22473716735839844,0.0038359473671859333,-0.13330792146816467,-0.19915877919696745
2021-05-16,-0.20225638151168823,0.0038359473671859333,-0.11981944996013856,-0.2536263097250788
2021-05-17,-0.15282654762268066,0.003992619089175733,-0.0900988809379381,-0.1089105067660372
2021-05-18,-0.09107109159231186,0.004866574012583461,-0.05269602535035373,-0.10560287590741413
2021-05-19,-0.047458864748477936,0.007023044642453527,-0.025666100992105347,0.0695506606824896
2021-05-20,-0.030312515795230865,0.003992619089175733,-0.016590461841468222,-0.04926783962351666
2021-05-21,-0.03031371533870697,0.003992619089175733,-0.01659118156755389,-0.04264253123522743
2021-05-22,-0.03516363352537155,0.003992619089175733,-0.019501132479552638,-0.07595728994574868
2021-05-23,-0.03649067133665085,0.003992619089175733,-0.020297355166320218,0.028452254708882352
2021-05-24,-0.029045328497886658,0.0038359473671859333,-0.01589281815185762,-0.039758440819985696
2021-05-25,-0.00944191962480545,0.0038359473671859333,-0.004130772828008896,-0.04257382702339385
2021-05-26,0.01874808594584465,0.0013112008925544353,0.011773331924528565,-0.042638852186348775
2021-05-27,0.04706824943423271,-0.0012483734055734675,0.027741600298310236,0.018603954634806463
2021-05-28,0.0618472546339035,-0.0007347178670197884,0.03681446563353419,0.03268076119302976
2021-05-29,0.04584576562047005,-0.0007347178670197884,0.02721357222547411,0.02624031394171089
2021-05-30,-0.0005698800086975098,-0.0003785859162371231,-0.0004933623717133551,0.004350013341275494
2021-05-31,-0.04564029723405838,9.76824698670291e-05,-0.027345105352488214,-0.0993460803069538
2021-06-01,-0.0597679540514946,0.0038359473671859333,-0.03432639348402238,-0.09026985734916304
2021-06-02,-0.04757250100374222,0.0019265764836188756,-0.02777287000879778,-0.004807994318671738
2021-06-03,-0.025822363793849945,0.0038359473671859333,-0.013959039329435593,-0.06551032581263339
2021-06-04,-0.00010019540786743164,-0.0007347178670197884,-0.0003540043915283744,0.013657172337017132
2021-06-05,0.044575512409210205,-0.0007347178670197884,0.026451420298718206,0.0009266976786097558
2021-06-06,0.11980725079774857,-0.0003785859162371231,0.07173291611215428,0.09007241249167874
2021-06-07,0.18794679641723633,9.76824698670291e-05,0.1128071508382886,0.20753862793526268
2021-06-08,0.16707248985767365,0.0019265764836188756,0.10101412450805174,0.20260832496275571
2021-06-09,0.07532232999801636,0.0038359473671859333,0.04672777694568419,0.025702330022560727
2021-06-10,0.00012790411710739136,-0.0012483734055734675,-0.00042260689196495227,0.03864273148557129
2021-06-11,-0.03389734774827957,-0.0041554384340616365,-0.022000584022592397,-0.04050521831416409
2021-06-12,-0.06271316856145859,-0.002735028473853342,-0.038721912526416484,-0.0017551850258720192
2021-06-13,-0.10854188352823257,-0.0019353316010520013,-0.06589926275736034,-0.08765658728204118
2021-06-14,-0.14973792433738708,0.0013112008925544353,-0.08931827424541047,-0.21984638771220166
2021-06-15,-0.16121631860733032,0.0038359473671859333,-0.09519541221752381,-0.19017717200361495
2021-06-16,-0.14751797914505005,0.003992619089175733,-0.08691373985135972,-0.1218007974651758
2021-06-17,-0.12227975577116013,0.0038359473671859333,-0.0718334745158217,-0.0900397107392783
2021-06-18,-0.08487071841955185,0.004866574012583461,-0.04897580144669773,-0.11824145501487437
2021-06-19,-0.03531216084957123,0.004866574012583461,-0.019240666904709353,-0.09018417460176098
2021-06-20,0.01764066517353058,0.004866574012583461,0.012531028709151732,-0.025275729097846922
2021-06-21,0.048074882477521896,0.003992619089175733,0.030441977122183432,0.09130204660518393
2021-06-22,0.05178426578640938,0.0019265764836188756,0.03184119006529318,0.10465137024309157
2021-06-23,0.047227635979652405,0.0013112008925544353,0.028861061944813214,0.04058813346489276
2021-06-24,0.04288714751601219,0.0013112008925544353,0.026256768866629088,-0.03341883253916467
2021-06-25,0.035259172320365906,-0.0003785859162371231,0.021004069025724693,0.0697210177793186
2021-06-26,0.02209952473640442,9.76824698670291e-05,0.013298787829789464,0.0738912731367114
2021-06-27,0.0060151852667331696,9.76824698670291e-05,0.0036481841479867132,0.016892341688871326
2021-06-28,-0.008349750190973282,0.0013112008925544353,-0.004485369757562195,-0.023329542433676353
2021-06-29,-0.018866412341594696,0.0013112008925544353,-0.010795367047935043,-0.04710772775357808
2021-06-30,-0.0254519060254097,0.0013112008925544353,-0.014746663258224045,-0.03375317448994142
2021-07-01,-0.027230747044086456,0.0012984644704358847,-0.01581906243827752,-0.0187728941828742
2021-07-02,-0.015061132609844208,0.0010753909124793595,-0.00860652320091478,0.0008660250898655519
2021-07-03,-0.01100097969174385,0.0010753909124793595,-0.006170431450054567,-0.03363972502338519
2021-07-04,-0.013037160038948059,0.0010753909124793595,-0.007392139658377092,-0.029119343341123982
2021-07-05,-0.015355616807937622,0.0010753909124793595,-0.008783213719770828,-0.01791354978044024
2021-07-06,-0.016202978789806366,0.004467465764209975,-0.007934800968199828,-0.04354878914412941
2021-07-07,-0.020529083907604218,0.004467465764209975,-0.010530464038878539,-0.030774800868935692
2021-07-08,-0.026370622217655182,0.004812584376280353,-0.013897339580080968,-0.030287102544705458
2021-07-09,-0.044563375413417816,0.0025580948806429166,-0.025714787295793524,-0.07191724817474432
2021-07-10,-0.055976659059524536,0.0025580948806429166,-0.032562757483457556,-0.059182989397624786
2021-07-11,-0.06618190556764603,0.0025580948806429166,-0.03868590538833045,-0.07240230958355742
2021-07-12,-0.07064329087734222,0.0019427192895784759,-0.041608886810573946,-0.0679120236784464
2021-07-13,-0.06782609224319458,0.0038359473671859333,-0.03916127639904237,-0.08980875820392265
2021-07-14,-0.06472884118556976,0.0019265764836188756,-0.03806667411789431,-0.020582254367913166
2021-07-15,-0.031240172684192657,0.0038359473671859333,-0.01720972466364122,0.012792659974905973
2021-07-16,0.0018438100814819336,0.003992619089175733,0.002703333684559453,0.07169988914687697
2021-07-17,0.0292515829205513,0.003992619089175733,0.019147997388001076,0.08686751012926042
2021-07-18,0.06811563670635223,0.003992619089175733,0.04246642965948163,0.11336133544125326
2021-07-19,0.11729692667722702,0.031576563677959434,0.08300878147751999,0.20745858010710228
2021-07-20,0.1671852171421051,0.007636476218198999,0.10336572077254266,0.32451851018870226
2021-07-21,0.18267092108726501,0.003992619089175733,0.1111996002880293,0.2449889576789317
2021-07-22,0.17004188895225525,0.003992619089175733,0.10362218100702345,0.23936727863098883
2021-07-23,0.1598147302865982,0.003992619089175733,0.09748588580762922,0.25486879532046225
2021-07-24,0.15053313970565796,0.003992619089175733,0.09191693145906507,0.21027674006819996
2021-07-25,0.124171681702137,0.003992619089175733,0.07610005665695249,0.12618121241275704
2021-07-26,0.07853983342647552,0.003992619089175733,0.048720947691555605,0.05129815025672979
2021-07-27,0.031745582818984985,0.004866574012583461,0.020993979296424374,-0.031700139921389536
2021-07-28,-0.00102292001247406,0.003992619089175733,0.0009832956281858572,-0.007405878525400977
2021-07-29,-0.002610430121421814,0.003992619089175733,3.078956281720477e-05,0.02114078999452218
2021-07-30,0.013385966420173645,0.003992619089175733,0.00962862748777448,0.01493850335861624
2021-07-31,0.03903268277645111,0.003992619089175733,0.025016657301540957,0.07502587319469489
2021-08-01,0.07984692603349686,0.00287167848648751,0.04905682701469312,0.09910619634266804
2021-08-02,0.13179709017276764,0.0071034071893613425,0.08191961697940511,0.18150640316625544
2021-08-03,0.15060853958129883,0.00287167848648751,0.0915137951433743,0.19310415224415367
2021-08-04,0.1272546350955963,0.00287167848648751,0.07750145245195278,0.145703843448586
2021-08-05,0.10570599138736725,0.00287167848648751,0.06457226622701534,0.08654740806109085
2021-08-06,0.09945675730705261,0.0027150067644977085,0.06076005709003065,0.1158611728634702
2021-08-07,0.08586204797029495,0.0027150067644977085,0.05260323148797605,0.055997930564423815
2021-08-08,0.05994068458676338,0.0027150067644977085,0.03705041345785711,0.07259951450380497
2021-08-09,0.04418940097093582,0.0027150067644977085,0.02759964328836058,-0.007612629558043316
2021-08-10,0.046729061752557755,0.00287167848648751,0.029186108446129656,-0.019502910936253337
2021-08-11,0.058827321976423264,0.0027150067644977085,0.03638239589165304,-0.017703632088945542
2021-08-12,0.07204876840114594,0.00019026028986621256,0.043305365156634044,0.05319083763147825
2021-08-13,0.088680699467659,0.0013112008925544353,0.05373290003761717,0.031850836820083606
2021-08-14,0.09694167226552963,0.0013112008925544353,0.05868948371633955,0.03725123229947158
2021-08-15,0.10867247730493546,0.0013112008925544353,0.06572796673998305,0.048226863389011276
2021-08-16,0.1125744879245758,0.0038359473671859333,0.06907907170161985,0.07815815198222098
2021-08-17,0.09602431952953339,0.003992619089175733,0.05921163935339032,0.06662930310240656
2021-08-18,0.06183936446905136,0.0264428877215139,0.04768077377003637,0.09547035708749463
2021-08-19,0.022382033988833427,0.031576563677959434,0.02605984586448383,0.0017803442298240935
2021-08-20,-0.012954309582710266,0.004866574012583461,-0.005825956144592775,-0.005120789773910395
2021-08-21,-0.027445293962955475,0.004866574012583461,-0.0145205467727399,0.0015050632022082233
2021-08-22,-0.027556635439395905,0.004866574012583461,-0.014587351658604157,-0.009573466029721867
2021-08-23,-0.019802920520305634,0.003992619089175733,-0.010284704676513087,-0.050636456494745685
2021-08-24,-0.011646665632724762,0.003992619089175733,-0.005390951743964564,-0.012021644497704376
2021-08-25,-0.0034884214401245117,0.003992619089175733,-0.0004960052284044138,-0.003324259004698904
2021-08-26,0.012912184000015259,0.004866574012583461,0.00969394000504254,0.0512931574611577
2021-08-27,0.04195364937186241,0.0038359473671859333,0.02670656856999182,0.018937067326405765
2021-08-28,0.07666901499032974,0.0038359473671859333,0.047535787941072216,0.020866810443119777
2021-08-29,0.08865749835968018,0.003992619089175733,0.054791546651478396,0.06129142920650765
2021-08-30,0.06599168479442596,0.0038359473671859333,0.04112938982352995,0.1209160948097936
2021-08-31,0.027987785637378693,0.003992619089175733,0.01838971901809751,-0.005035149017353913
2021-09-01,-0.014283396303653717,0.003519404260558601,-0.00716227607796879,-0.05659046451461691
2021-09-02,-0.04240569472312927,0.0036760759825484016,-0.023972986440858202,-0.057902427454949223
2021-09-03,-0.07880435138940811,0.0036760759825484016,-0.0458121804406255,-0.10296637102158146
2021-09-04,-0.10185333341360092,0.0036760759825484016,-0.05964156965514119,-0.09499928278992309
2021-09-05,-0.09966186434030533,0.0036760759825484016,-0.05832668821116383,-0.11074160575366987
2021-09-06,-0.082016222178936,0.0036760759825484016,-0.04773930291434224,-0.14665017212929532
2021-09-07,-0.05683375895023346,0.004550030905956132,-0.03228024300775762,0.0052874579125474774
2021-09-08,-0.028095819056034088,0.004550030905956132,-0.015037479071237998,0.04502011040144582
2021-09-09,0.006834156811237335,0.011203656873326409,0.008581956836072966,0.028940100191528595
2021-09-10,0.04069996625185013,0.020666680510546053,0.032686651955328494,0.054604689180219435
2021-09-11,0.058805257081985474,0.020666680510546053,0.043549826453409705,0.06904572108233786
2021-09-12,0.035505883395671844,0.02100200818736444,0.029704333312348882,0.026431366789179123
2021-09-13,-0.024423614144325256,0.013104125128194092,-0.009412518435317516,-0.04283664284047006
2021-09-14,-0.07078317552804947,0.013104125128194092,-0.03722825526555205,-0.13536264590911096
2021-09-15,-0.08659461885690689,0.004866574012583461,-0.05001014170911075,-0.09513021334994143
2021-09-16,-0.07868265360593796,0.011520199979953736,-0.042601512171581285,-0.060173673619783985
2021-09-17,-0.0701683983206749,0.021574287500523502,-0.03347132399219553,-0.09491357078797924
2021-09-18,-0.07247696071863174,0.021574287500523502,-0.03485646143096964,-0.11641708463839495
2021-09-19,-0.06562899053096771,0.021574287500523502,-0.03074767931837122,-0.08638227838723156
2021-09-20,-0.04920528829097748,0.07859669199339483,0.0019155038227714506,-0.02018499326523726
2021-09-21,-0.038276687264442444,0.06740002574082725,0.003993997937665434,0.007172319794728654
2021-09-22,-0.01062997430562973,0.022424834217075747,0.0025919491034524606,-0.04637488715336191
2021-09-23,0.023035747930407524,0.011174642181708619,0.018291305630927963,-0.02320637392940561
2021-09-24,0.05328523740172386,0.004626781890435278,0.03382185519720843,0.12452625601574563
2021-09-25,0.08174856007099152,0.004866574012583461,0.05099576564762829,0.11633900967972366
2021-09-26,0.1138051301240921,0.004866574012583461,0.07022970767948865,0.11675173594619204
2021-09-27,0.16155296564102173,0.012781089241100184,0.1020442150810531,0.16792491105609253
2021-09-28,0.23073863983154297,0.05508788236393227,0.16047833684449866,0.25460226477787296
2021-09-29,0.28804075717926025,0.04621343533870695,0.19130982844303893,0.3321122003801149
2021-09-30,0.2626599669456482,0.05054794659981629,0.1778151588073154,0.22729776538479984
2021-10-01,0.18002977967262268,0.028127330187276464,0.11926879987848418,0.1206818799786713
2021-10-02,0.14202776551246643,0.028127330187276464,0.09646759138239044,0.15356009984276242
2021-10-03,0.14371630549430847,0.028127330187276464,0.09748071537149566,0.1340039141070717
2021-10-04,0.13462305068969727,0.04393406533485535,0.0983474565477605,0.16752503913666517
2021-10-05,0.10590111464262009,0.029770299193214576,0.07544878846285788,0.0879107258141758
2021-10-06,0.0913160964846611,0.028127330187276464,0.06604058996570725,0.03709662840097616
2021-10-07,0.09370620548725128,0.015533888110341005,0.062437278536487166,0.06623975880362676
2021-10-08,0.10551397502422333,0.013508970835151212,0.06871197334859448,0.1431100158049563
2021-10-09,0.11776318401098251,0.013286991308430056,0.07597270692996153,0.10784131384108964
2021-10-10,0.12210670858621597,0.013286991308430056,0.0785788216751016,0.1256761009165921
2021-10-11,0.11873377114534378,0.01748773740432091,0.07823535764893463,0.07896960833528355
2021-10-12,0.10891643911600113,0.016290187194949048,0.07186593834758029,0.14793060976735672
2021-10-13,0.09910091012716293,0.012643220256812058,0.06451783417902258,0.15051179249394253
2021-10-14,0.06356287747621536,0.0037706395624545756,0.03964598231071105,0.08448795196479586
2021-10-15,0.0376262292265892,0.0036139678404647755,0.02402132467213943,-0.015958511114044116
2021-10-16,0.014582917094230652,0.0036139678404647755,0.0101953373927243,0.006754433675117966
2021-10-17,-0.009698886424303055,0.0037706395624545756,-0.004311076029600003,-0.010988596635078562
2021-10-18,-0.035123638808727264,0.0037706395624545756,-0.01956592746025453,0.017238231867716447
2021-10-19,-0.05192156136035919,0.0036139678404647755,-0.029707349680029603,-0.06147703373600022
2021-10-20,-0.051721684634685516,0.0017045969568977195,-0.03035117199805222,-0.11496678631562574
2021-10-21,-0.037146300077438354,-0.0009566973937409466,-0.02267045900395939,-0.026003828395892548
2021-10-22,-0.016504697501659393,0.0017045969568977195,-0.009220979718236549,0.025795615689502727
2021-10-23,-0.0027319304645061493,0.0017045969568977195,-0.0009573194959446018,0.00934035497069119
2021-10-24,0.005330078303813934,0.0017045969568977195,0.003879885765047448,0.0073551959156132884
2021-10-25,0.009008541703224182,0.0010892213658332784,0.00584081356826782,-0.03436448834298944
2021-10-26,0.009987935423851013,0.0036139678404647755,0.007438348390496518,0.04792370345113728
2021-10-27,0.009868726134300232,0.0037706395624545756,0.007429491505561969,0.07674672130249482
2021-10-28,0.009523697197437286,0.0037706395624545756,0.007222474143444202,0.013522211559747754
2021-10-29,0.00816366821527481,0.0037706395624545756,0.006406456754146717,-0.021148779727344746
2021-10-30,0.01021837443113327,0.0037706395624545756,0.007639280483661792,-0.006281685873998688
2021-10-31,0.019161943346261978,0.0037706395624545756,0.013005421832739016,0.03219896312875403
2021-11-01,0.029643826186656952,0.004402157959478618,0.019547158895785618,0.10859628071135141
2021-11-02,0.04662112519145012,0.004402157959478618,0.02973353829866152,0.058963470256796935
2021-11-03,0.05147354304790497,0.0017207397628573157,0.03157242173388591,0.03157489894506016
2021-11-04,0.04917751997709274,0.004245486237488818,0.031204706481251173,0.05504111816253476
2021-11-05,0.03976781666278839,0.004402157959478618,0.025621553181464484,0.05226879773773363
2021-11-06,0.018686290830373764,0.004402157959478618,0.012972637682015705,0.04732977271577421
2021-11-07,-0.007334358990192413,0.004402157959478618,-0.0026397522103240004,0.0354888982907402
2021-11-08,-0.03210684657096863,0.005276112882886342,-0.01715366278942664,-0.058038383237940305
2021-11-09,-0.05754060298204422,0.011929738850256616,-0.02975246624912388,-0.10289814461028213
2021-11-10,-0.08055757731199265,0.01545440580888612,-0.04215278406364114,-0.06993511186310375
2021-11-11,-0.10164608806371689,0.008633886662352448,-0.057534098173289146,-0.1216940185808375
2021-11-12,-0.10358992964029312,0.004402157959478618,-0.060393094600384424,-0.09466280258811965
2021-11-13,-0.09053800255060196,0.0037706395624545756,-0.05281454570537934,-0.07257673190431813
2021-11-14,-0.08984791487455368,0.0037706395624545756,-0.052400493099750374,-0.10526823475902447
2021-11-15,-0.07605970650911331,0.0037706395624545756,-0.04412756808048615,-0.11570409047846186
2021-11-16,-0.06392156332731247,0.0037706395624545756,-0.03684468217140565,-0.0419188706014616
2021-11-17,-0.0544809028506279,0.004644594485862306,-0.030830703916031814,-0.05313757408044795
2021-11-18,-0.05198555439710617,0.01129822045323258,-0.02667204445697067,0.03636282461283402
2021-11-19,-0.04951689392328262,0.012882145601472935,-0.0245572781133804,-0.07451409282398058
2021-11-20,-0.04290018230676651,0.013104125128194092,-0.02049845933278227,-0.0835151223020354
2021-11-21,-0.030590757727622986,0.013104125128194092,-0.013112804585296152,-0.022980102016273096
2021-11-22,-0.01522931456565857,0.033493171295279095,0.004259679778716498,0.027184829532787225
2021-11-23,-0.005796656012535095,0.036456032152577145,0.011104419253509802,-0.010265849189633802
2021-11-24,-0.003764897584915161,0.016775578932179746,0.004451293021922802,0.0008012140370319276
2021-11-25,-0.008820872753858566,0.016775578932179746,0.0014177079205567591,-0.04206249758312197
2021-11-26,-0.023645199835300446,0.08757939061368955,0.020844636344295557,-0.0023355314404260863
2021-11-27,-0.09270807355642319,0.08757939061368955,-0.02059308788837809,-0.1017627043935393
2021-11-28,-0.12125598639249802,0.08757939061368955,-0.03772183559002298,-0.1375568137375407
2021-11-29,-0.13045409321784973,0.08227888449830993,-0.04536090213138586,-0.12694368360701846
2021-11-30,-0.14916077256202698,0.08757939061368955,-0.05446470729174036,-0.1117040815753173
2021-12-01,-0.15314757823944092,0.08211281066074672,-0.05904342267936586,-0.11739073486724527
2021-12-02,-0.13634458184242249,0.08211281066074672,-0.0489616248411548,-0.15819221343214296
2021-12-03,-0.08965333551168442,0.08211281066074672,-0.02094687704271196,-0.12052954186531795
2021-12-04,-0.05910678207874298,0.08211281066074672,-0.0026189449829470968,0.0048323105634364705
2021-12-05,-0.04080008715391159,0.08211281066074672,0.008365071971951736,0.013312122580766639
2021-12-06,-0.03587597608566284,0.08211281066074672,0.011319538612900987,-0.07412822509531747
2021-12-07,-0.023258768022060394,0.06036102873739855,0.010189150681723186,-0.04439052401759669
2021-12-08,0.006833139806985855,0.027923655576457016,0.015269346114774322,-0.03182429421616573
2021-12-09,0.015401937067508698,0.043730390724035895,0.02673331853011958,0.0018254058893789615
2021-12-10,-0.014238737523555756,0.01504527820973835,-0.0025251312302381115,-0.021411294821824356
2021-12-11,-0.03161696344614029,0.01504527820973835,-0.01295206678378883,-0.05174145611286807
2021-12-12,-0.03309057652950287,0.01504527820973835,-0.013836234633806378,-0.06738076353690714
2021-12-13,-0.02415754646062851,0.03400689903710661,-0.0008917682615344601,0.0045267141656542
2021-12-14,-0.017534688115119934,0.06734669633133589,0.0164178656634624,0.011306638688975967
2021-12-15,-0.0010683611035346985,0.016795350862379023,0.00607712368283079,-0.005664997714109332
2021-12-16,0.029038820415735245,0.036896939053901595,0.03218206787100178,0.0673161828151354
2021-12-17,0.061568230390548706,0.05054794659981629,0.05716011687425574,0.10164053829078812
2021-12-18,0.08354954421520233,0.05054794659981629,0.07034890516904792,0.07612297606378893
2021-12-19,0.08231181651353836,0.05054794659981629,0.06960626854804954,0.08770677207948441
2021-12-20,0.054560475051403046,0.07602361250350229,0.06314573003224275,0.08072786553143008
2021-12-21,0.006153538823127747,0.042088711185034836,0.02052760776789058,-0.02753412362640284
2021-12-22,-0.035849399864673615,0.014881108149620398,-0.01555719665895601,-0.04370406288280926
2021-12-23,-0.05705457180738449,0.012272715519809614,-0.02932365687650685,-0.07313192421301751
2021-12-24,-0.06393777579069138,0.012272715519809614,-0.03345357926649098,-0.0905759543486816
2021-12-25,-0.06283873319625854,0.012272715519809614,-0.032794153709831284,-0.053115636097545105
2021-12-26,-0.05759101361036301,0.012272715519809614,-0.02964552195829396,-0.0687203609458027
2021-12-27,-0.052860796451568604,0.004866574012583461,-0.029769848265907776,-0.08392937163125946
2021-12-28,-0.05155378580093384,0.004866574012583461,-0.028985641875526914,-0.03600326772778073
2021-12-29,-0.05788365751504898,0.004181065979256311,-0.033057768117326865,-0.06485638762879153
2021-12-30,-0.06985655426979065,0.004866574012583461,-0.039967302956841005,-0.08570639718663953
2021-12-31,-0.09326828271150589,0.004866574012583461,-0.05401434002187015,-0.10062221787557069
2022-01-01,-0.114515520632267,0.004550030905956132,-0.06688930001697774,-0.12662561697642527
2022-01-02,-0.09693948179483414,0.004550030905956132,-0.05634367671451802,-0.11465421820921029
2022-01-03,-0.06917464733123779,0.0036760759825484016,-0.04003435800572331,-0.09954786300679719
2022-01-04,-0.034434087574481964,0.00386452287262898,-0.019114643395637586,-0.0676976637070903
2022-01-05,0.00039517879486083984,0.021517227227098302,0.008843998167755825,0.0103916745088104
2022-01-06,0.01968560367822647,0.018082224056633973,0.01904425182958947,-0.01212098422763308
2022-01-07,0.03109458088874817,0.01504771544848872,0.02467583471264439,0.03592991275662505
2022-01-08,0.035237543284893036,0.01504771544848872,0.027161612150331308,0.0336986267188808
2022-01-09,0.030780918896198273,0.01504771544848872,0.02448763751711445,0.028831982709982773
2022-01-10,0.013061396777629852,0.016491060410345655,0.014433262230716172,0.009065218259362462
2022-01-11,-0.021131470799446106,0.01279983467616072,-0.0075589486092033755,-0.008826966233232425
2022-01-12,-0.049386583268642426,0.004550030905956132,-0.027811937598803002,-0.05108232621895803
2022-01-13,-0.06395573168992996,0.03327119176855793,-0.0250649623065348,-0.04415402121846013
2022-01-14,-0.11253952234983444,0.015717818019395657,-0.0612365862021424,-0.15361486633986654
2022-01-15,-0.13866719603538513,0.015717818019395657,-0.07691319041347282,-0.18598124745701983
2022-01-16,-0.1460418999195099,0.01550570766128893,-0.08142285688719035,-0.15850584816094848
2022-01-17,-0.13822531700134277,0.015717818019395657,-0.0766480629930474,-0.13130467503380205
2022-01-18,-0.12228076905012131,0.07188829233843404,-0.044613144494699164,-0.12735608040400348
2022-01-19,-0.1133933737874031,0.07926783458289342,-0.03632889043928449,-0.11643468160473325
2022-01-20,-0.07573788613080978,0.08937681991099022,-0.009692003714089778,-0.08654698235609781
2022-01-21,-0.01570204645395279,0.08757939061368955,0.025610528373104152,0.034881031331603474
2022-01-22,0.047295499593019485,0.08757939061368955,0.06340905600128752,0.0882604696359599
2022-01-23,0.07816947251558304,0.08757939061368955,0.08193343975482564,0.045171205050138497
2022-01-24,0.0668049231171608,0.08757939061368955,0.07511471011577231,0.04927803471598069
2022-01-25,0.04819677025079727,0.08757939061368955,0.06394981839595418,0.04697913757984651
2022-01-26,0.041444532573223114,0.08757939061368955,0.0598984757894097,0.0023640739008090605
2022-01-27,0.04608583450317383,0.08757939061368955,0.06268325694738013,0.004077222612425713
2022-01-28,0.06060672551393509,0.08880653128425989,0.07188664782206501,0.10228106699020278
2022-01-29,0.08575984835624695,0.08880653128425989,0.08697852152745213,0.08425507587214454
2022-01-30,0.1155291423201561,0.08924266692994123,0.10501455216407016,0.11876718505159212
2022-01-31,0.14217329025268555,0.0771065390943551,0.11614658978935337,0.13968086848693284
2022-02-01,0.16349384188652039,0.04083407482829052,0.11442993506322843,0.1382208727369898
2022-02-02,0.17298470437526703,0.040964059775710875,0.12017644653544457,0.20263137068263637
2022-02-03,0.14213210344314575,0.07459138745695519,0.11511581704866952,0.16573474047354164
2022-02-04,0.07770898938179016,0.05342040893211836,0.06799355720192143,0.019230172522655353
2022-02-05,0.03037889301776886,0.05342040893211836,0.03959549938350866,0.020184333556696243
2022-02-06,0.0037925206124782562,0.05342040893211836,0.0236436759403343,-0.007720700400911995
2022-02-07,-0.011254679411649704,0.04888047316800237,0.012799381620211128,-0.029745672843447202
2022-02-08,-0.0196678563952446,0.03227048968412645,0.0011074820365038207,0.011395002927821363
2022-02-09,-0.017957575619220734,0.015128293785677593,-0.0047232278572614025,-0.011249254046179824
2022-02-10,-0.008394181728363037,0.06551111118136504,0.0211679354355282,-0.06850695153331032
2022-02-11,-0.02540343999862671,0.0834260062699641,0.018128338508809613,-0.056622109972381485
2022-02-12,-0.06463102251291275,0.08278250330841136,-0.0056656121843830995,-0.05065864289221611
2022-02-13,-0.09896961599588394,0.08227888449830993,-0.026470215798206388,-0.08719264863034526
2022-02-14,-0.13385912775993347,0.08937681991099022,-0.04456474869156398,-0.1299555152654437
2022-02-15,-0.14689236879348755,0.0771065390943551,-0.057292805638350486,-0.1417566471193309
2022-02-16,-0.12949898838996887,0.06717858461317898,-0.050827959188709734,-0.15096905744598788
2022-02-17,-0.09633096307516098,0.0848582313165112,-0.023855285318492105,-0.054015850645552144
2022-02-18,-0.0668678805232048,0.08237569988054001,-0.007170448361706876,-0.018893823152994815
2022-02-19,-0.023031674325466156,0.08237569988054001,0.019131275356936314,-0.024013720843021336
2022-02-20,0.03453866019845009,0.08153894078001478,0.053338772431075966,-0.01791809651680565
2022-02-21,0.10412643849849701,0.08119815487932894,0.09495512505082979,0.16622928564943495
2022-02-22,0.16143925487995148,0.08909794401411869,0.13250273053361836,0.16193608582505026
2022-02-23,0.1661304533481598,0.08757939061368955,0.1347100282543717,0.17833471722557936
2022-02-24,0.11671566963195801,0.0878694185101185,0.1051771691832222,0.10767259083037883
2022-02-25,0.06193685531616211,0.07941407106620654,0.06892774161617987,-0.0017978452884136464
2022-02-26,0.02430379018187523,0.07941407106620654,0.046347902535607756,0.007189764376972274
2022-02-27,-0.01235218346118927,0.07941407106620654,0.024354318349769054,0.019144769353726776
2022-02-28,-0.040811263024806976,0.08924266692994123,0.01121030895709231,-0.11983317886932343
2022-03-01,-0.0651649683713913,0.08759164326828352,-0.004062323715521364,-0.12810482382285937
2022-03-02,-0.07187609374523163,0.08881878393885385,-0.007598142671597433,-0.04445517255834541
2022-03-03,-0.05402698367834091,0.08938907256558419,0.003339438819229136,-0.0714184764686484
2022-03-04,-0.03708717226982117,0.08759164326828352,0.012784353945420709,-0.010705091821789137
2022-03-05,-0.026598960161209106,0.08788167116471246,0.019193292369159527,-0.01499062388001815
2022-03-06,-0.014796063303947449,0.08788167116471246,0.02627503048351652,-0.016747955079551957
2022-03-07,-0.002162802964448929,0.08759164326828352,0.03373897552864405,0.04431320416973783
2022-03-08,0.0017856508493423462,0.08759164326828352,0.036108047816918815,0.014192901070806396
2022-03-09,0.016952693462371826,0.08881878393885385,0.04569912965296464,-0.019734769993879575
2022-03-10,0.035239458084106445,0.08120234668047921,0.05362461352265555,0.037945817056465936
2022-03-11,0.05145614221692085,0.08238795253513398,0.0638288663442061,0.07818160645728844
2022-03-12,0.06114325672388077,0.08155119343460875,0.06930643140817196,0.08745171019105635
2022-03-13,0.06868170201778412,0.08119815487932894,0.07368828316240206,0.09224498072124732
2022-03-14,0.06526435911655426,0.0848582313165112,0.07310190799653704,0.03354761884956314
2022-03-15,0.059705737978219986,0.07926783458289342,0.06753057662008935,0.07850748708068367
2022-03-16,0.06328035891056061,0.05508788236393227,0.060003368291909276,0.04302086880381384
2022-03-17,0.07689832150936127,0.05054794659981629,0.06635817154554327,0.07511529184049026
2022-03-18,0.09187636524438858,0.03327119176855793,0.06843429585405632,0.061202164592668584
2022-03-19,0.11235219985246658,0.032997553157176375,0.0806103411743505,0.05474118820988916
2022-03-20,0.12774892151355743,0.032997553157176375,0.08984837417100501,0.1348852494455568
2022-03-21,0.13208702206611633,0.03135458415123828,0.09179404690016511,0.14925912602357183
2022-03-22,0.12316308170557022,0.01869977638054769,0.0813777595755612,0.11969253233808907
2022-03-23,0.10409929603338242,0.03135458415123828,0.07500141128052476,0.09759702966879913
2022-03-24,0.07827877998352051,0.01497929556179131,0.05295898621482883,0.03452670131884683
2022-03-25,0.055899642407894135,0.012882145601472935,0.038692643685325656,0.04446376651992301
2022-03-26,0.033897675573825836,0.012882145601472935,0.025491463584884674,0.029200020579057906
2022-03-27,0.011194895952939987,0.012882145601472935,0.011869795812353166,-0.008977794368127068
2022-03-28,-0.010326512157917023,0.004644594485862306,-0.004338069500405291,-0.011495640802924978
2022-03-29,-0.02793917804956436,0.004644594485862306,-0.014905669035393693,-0.04084026916947048
2022-03-30,-0.04361464083194733,0.004644594485862306,-0.02431094670482347,-0.08280617039308447
2022-03-31,-0.05923936516046524,0.012643220256812058,-0.03048633099355432,-0.04539957293221708
2022-04-01,-0.07420630753040314,0.004644594485862306,-0.04266594672389696,-0.08710406237731849
2022-04-02,-0.09290339797735214,0.004644594485862306,-0.05388420099206636,-0.06673135273187658
2022-04-03,-0.11217708140611649,0.004644594485862306,-0.06544841104932496,-0.09154799832354144
2022-04-04,-0.12468507140874863,0.003959086452535153,-0.07322740826423511,-0.15135214277387699
2022-04-05,-0.12712085247039795,0.012882145601472935,-0.0711196532416496,-0.11918465939374756
2022-04-06,-0.1141924187541008,0.015114625504559123,-0.06246960105063683,-0.04685332357975258
2022-04-07,-0.09863685816526413,0.015082908736799704,-0.053148951404438594,-0.0806047943349848
2022-04-08,-0.07947271317243576,0.012882145601472935,-0.04253076966287228,-0.04023737568934593
2022-04-09,-0.056576333940029144,0.012882145601472935,-0.028792942123428315,-0.05555647814694176
2022-04-10,-0.03306553512811661,0.012882145601472935,-0.014686462836280792,-0.05884244945011541
2022-04-11,-0.013094671070575714,0.033525126040870754,0.005553247774002875,0.03214433430431485
2022-04-12,0.0022054053843021393,0.03327119176855793,0.014631719938004457,0.03538969740191744
2022-04-13,0.010795917361974716,0.015130026373800932,0.012529560966705204,0.00511327582842247
2022-04-14,0.014428563416004181,0.016573371335657863,0.015286486583865652,0.01346013933070589
2022-04-15,0.012653365731239319,0.016573371335657863,0.014221367973006736,-0.020781270421361242
2022-04-16,0.0069397129118442535,0.016573371335657863,0.010793176281369696,-0.02320802224736751
2022-04-17,-0.0015254393219947815,0.016573371335657863,0.0057140849410662765,-0.0057459879651556856
2022-04-18,-0.011464223265647888,0.014694360272008112,-0.0010007898505854877,-0.00919214737434959
2022-04-19,-0.020705215632915497,0.012882145601472935,-0.0072702711391601236,-0.0814719431000468
2022-04-20,-0.028140686452388763,0.007107304119068883,-0.014041490223805703,-0.0513192187569137
2022-04-21,-0.033992163836956024,0.016242196360102604,-0.013898419758132573,-0.018229738579610077
2022-04-22,-0.04168681055307388,0.06740002574082725,0.0019479239644865712,-0.0280305460853133
2022-04-23,-0.048815079033374786,0.06754475541735806,-0.0022711452530816446,-0.04591091639284395
2022-04-24,-0.04421798139810562,0.06754475541735806,0.0004871133280798558,-0.024886610006101373
2022-04-25,-0.03529426455497742,0.05054794659981629,-0.000957380093059932,-0.04702212037377851
2022-04-26,-0.025781750679016113,0.08924266692994123,0.02022801636456683,-0.010067523512534704
2022-04-27,-0.032336026430130005,0.08119009402588524,0.013074421752276098,0.011578225147900856
2022-04-28,-0.04088722914457321,0.0771065390943551,0.006310278150998112,-0.08024493943068389
2022-04-29,-0.05746418237686157,0.08937681991099022,0.001272218538279149,-0.06690674267432661
2022-04-30,-0.09018998593091965,0.08937681991099022,-0.018363263594155695,-0.05735753691125367
2022-05-01,-0.12694716453552246,0.0848582313165112,-0.042225006194708994,-0.11515830546410222
2022-05-02,-0.1758585274219513,0.08134152170893569,-0.0729785077695965,-0.2193073305860378
2022-05-03,-0.2153153121471405,0.06740002574082725,-0.1022291769919534,-0.17789654893655926
2022-05-04,-0.2354060411453247,0.03382242976068409,-0.12771465278292118,-0.2667185689090451
2022-05-05,-0.22352176904678345,0.07859669199339483,-0.10267438463071213,-0.20581692814564734
2022-05-06,-0.20057624578475952,0.07652637502562228,-0.08973519746060679,-0.18678188926069106
2022-05-07,-0.1539216935634613,0.07652637502562228,-0.06174246612782787,-0.1518265332558646
2022-05-08,-0.1020868793129921,0.07652637502562228,-0.03064157757754634,-0.07960156764125226
2022-05-09,-0.05357172340154648,0.08937681991099022,0.0036076939234682068,-0.006726224061395891
2022-05-10,-0.020765699446201324,0.08119009402588524,0.020016617942633305,-0.018446921214426815
2022-05-11,0.002129204571247101,0.0806472401089559,0.033536418786330624,-0.013352831266144727
2022-05-12,0.0028440356254577637,0.07844009067258603,0.033082457644309074,0.04441925955270021
2022-05-13,-0.013348445296287537,0.054931281043123475,0.013963445239476869,-0.0029378172263850866
2022-05-14,-0.024853982031345367,0.054931281043123475,0.00706012319844217,-0.02132766793610741
2022-05-15,-0.03464741259813309,0.054931281043123475,0.0011840648583695407,-0.03303500379362312
2022-05-16,-0.039936162531375885,0.04309137056831625,-0.0067251492914990295,-0.02560285679759755
2022-05-17,-0.03760898858308792,0.03294942012760082,-0.009385625098812423,-0.02595998742647787
2022-05-18,-0.029133543372154236,0.07636977370481347,0.01306778345863285,0.028794037468501177
2022-05-19,-0.030917078256607056,0.06702198329237019,0.008258546362983843,-0.036870329490557685
2022-05-20,-0.01970662921667099,0.06702198329237019,0.014984815786945483,-0.019561309694424933
2022-05-21,-0.00553705170750618,0.06702198329237019,0.02348656229244437,-0.014050913803537846
2022-05-22,0.008946295827627182,0.06719009501052708,0.03224381550078714,-0.02726089772409923
2022-05-23,0.020847059786319733,0.050226174958859185,0.032598705855335516,0.09018023542425668
2022-05-24,0.030756540596485138,0.06719009501052708,0.04532996236210192,0.07238207386514994
2022-05-25,0.03148617595434189,0.050226174958859185,0.03898217555614881,0.008925552134831038
2022-05-26,0.030282698571681976,0.041766939544077716,0.034876394960640274,0.04284973126242453
2022-05-27,0.0267373975366354,0.03103281251028115,0.0284555635260937,0.03738796638467612
2022-05-28,0.025123074650764465,0.03103281251028115,0.027486969794571138,0.028683150238035804
2022-05-29,0.02084480971097946,0.03103281251028115,0.02492001083070014,0.015308418255673084
2022-05-30,0.016543179750442505,0.03294942012760082,0.02310567590130583,-0.011379513975765088
2022-05-31,0.010719340294599533,0.031086434758606996,0.01886617808020252,-0.02124804723367535
2022-06-01,0.0069698430597782135,0.03103281251028115,0.01659503083997939,0.013384629785515134
2022-06-02,-0.0013856887817382812,0.016251599694700736,0.005669226608837326,-0.011253218934856757
2022-06-03,-0.03182876855134964,0.016251599694700736,-0.012596621252929489,-0.02048234675781746
2022-06-04,-0.09705572575330734,0.016251599694700736,-0.05173279557410411,-0.048196426203554465
2022-06-05,-0.18643051385879517,0.016251599694700736,-0.1053576684373968,-0.11179038483970671
2022-06-06,-0.263807088136673,0.016231827764501456,-0.1517915217762032,-0.28322639458644505
2022-06-07,-0.3126678168773651,0.014470484257529148,-0.1818124964234074,-0.2887975806200288
2022-06-08,-0.3350900113582611,0.014808254732843806,-0.19513070492181914,-0.2523127969522694
2022-06-09,-0.3348849415779114,0.03103281251028115,-0.18851783994263435,-0.32243914217004155
2022-06-10,-0.31630006432533264,0.041766939544077716,-0.1730732627775685,-0.29640813862837323
2022-06-11,-0.2791021764278412,0.041766939544077716,-0.15075453003907363,-0.3325948910630543
2022-06-12,-0.22662612795829773,0.041766939544077716,-0.11926890095734755,-0.2258000423713984
2022-06-13,-0.17137256264686584,0.08103349270507644,-0.07041014050608893,-0.08509294756488184
2022-06-14,-0.12191509455442429,0.07766367108357553,-0.04208358829922436,-0.0638265192955858
2022-06-15,-0.06962563842535019,0.050226174958859185,-0.021684913071666437,-0.11493810585678532
2022-06-16,-0.006650242954492569,0.06267542348771193,0.021080023622389234,0.03474384733137237
2022-06-17,0.04481806606054306,0.051791508566525174,0.047607443062935906,0.03756349294365413
2022-06-18,0.06881263852119446,0.051906878776683464,0.06205033462339006,0.13285688155316655
2022-06-19,0.05387898534536362,0.051906878776683464,0.05309014271789156,0.022556138815981397
2022-06-20,0.023944485932588577,0.051425337762346084,0.034936826664491584,0.008198255167107593
2022-06-21,-0.00034277886152267456,0.039334635513099445,0.015528186888326174,-0.02133952147125584
2022-06-22,-0.023716367781162262,0.030295018167725753,-0.0021118134016070555,0.006755056411374971
2022-06-23,-0.051220811903476715,0.030295018167725753,-0.018614479874995725,-0.05532509747689862
2022-06-24,-0.07640539854764938,0.017352774597576743,-0.038902129289558926,-0.09218940477989834
2022-06-25,-0.08580433577299118,0.017079135986195183,-0.04465094706931663,-0.10415337633700128
2022-06-26,-0.08096124976873398,0.017079135986195183,-0.04174509546676231,-0.08186302260616107
2022-06-27,-0.059601038694381714,0.015436166980257073,-0.029586156424526194,-0.0243870573352567
2022-06-28,-0.020892158150672913,0.02325555517878378,-0.003233072818890235,-0.0051998664779212556
2022-06-29,0.027382172644138336,0.020756542356199226,0.02473192052896269,0.021940057675268188
2022-06-30,0.07496839761734009,0.026170294014053613,0.0554491561760255,0.08438232272150392
2022-07-01,0.09982967376708984,0.0116757220342612,0.06456809307395837,0.12007126629944298
2022-07-02,0.09593198448419571,0.010302491023811528,0.061680187100042035,0.12148979811258731
2022-07-03,0.06772227585315704,0.010302491023811528,0.044754361921418837,0.08007111265733857
2022-07-04,0.030280303210020065,0.017079135986195183,0.024999836320490115,-0.013495276653171295
2022-07-05,-0.007984794676303864,0.017079135986195183,0.002040777588695756,-0.04198488984096327
2022-07-06,-0.03826489299535751,0.006577754617506332,-0.02032783395021197,-0.016029557718613252
2022-07-07,-0.05609527975320816,0.0005319254003186748,-0.033444397691797426,-0.047914032752862656
2022-07-08,-0.05816996842622757,-0.002972185759182673,-0.03609085535940961,-0.035411847787077844
2022-07-09,-0.0347597673535347,-0.002972185759182673,-0.022044734715793886,-0.01835092254801951
2022-07-10,0.016284465789794922,-0.002972185759182673,0.008581805170203884,-0.003082568842519673
2022-07-11,0.08329933136701584,0.0005319254003186748,0.05019236898033697,0.12367352397687603
2022-07-12,0.1332118809223175,0.015436166980257073,0.08610159534549333,0.21045696177973228
2022-07-13,0.14237338304519653,0.005727207900954092,0.08771491298749955,0.14768713611701
2022-07-14,0.12080519646406174,0.0005319254003186748,0.07269588803856451,0.1245019146294788
2022-07-15,0.08809231221675873,-0.0032111111038435505,0.051570942888517816,0.08904399607489966
2022-07-16,0.05164535716176033,-0.0032111111038435505,0.029702769855518778,0.05923257657249614
2022-07-17,0.016199469566345215,-0.0032952216462765823,0.008401593081296494,0.08565757740107771
2022-07-18,-0.008681710809469223,-0.0011952027377563695,-0.005687107580784081,-0.05000227347902031
2022-07-19,-0.01780606061220169,-0.0032111111038435505,-0.011968080808858434,-0.09154954861001297
2022-07-20,-0.010038591921329498,-0.009549476933698535,-0.009842945926277113,-0.011662855838748043
2022-07-21,0.008920572698116302,-0.011209736874793317,0.0008684488689524542,0.029834758612468315
2022-07-22,0.03190593048930168,-0.011209736874793317,0.01465966354366368,0.04800212300466877
2022-07-23,0.049717843532562256,-0.011209736874793317,0.025346811369620022,0.05311283604745776
2022-07-24,0.05511430650949478,-0.011209736874793317,0.028584689155779542,0.03160540804829837
2022-07-25,0.04741702973842621,-0.011209736874793317,0.023966323093138394,0.0918361026516945
2022-07-26,0.03181611746549606,-0.0032111111038435505,0.017805226037760215,0.08154066847426944
2022-07-27,0.014793280512094498,-0.011209736874793317,0.0043920735573393715,-0.0058416421776325
2022-07-28,-0.00027438998222351074,0.013019993170587137,0.005043363278900748,-0.051166110876473714
2022-07-29,-0.011561628431081772,0.012084064511409745,-0.002103351254085164,-0.019405016036595057
2022-07-30,-0.014748089015483856,0.012084064511409745,-0.004015227604726415,-0.029153877744886425
2022-07-31,-0.010362226516008377,0.012084064511409745,-0.0013837101050411275,-0.005105755641531595
2022-08-01,9.889528155326843e-05,0.013019993170587137,0.005267334437166816,0.023293354266222144
2022-08-02,0.014518462121486664,0.013397473811064214,0.014070066797317683,0.007054179631882818
2022-08-03,0.02974969521164894,0.013019993170587137,0.023057814395224217,0.04977042619608674
2022-08-04,0.04205368831753731,0.012084064511409745,0.030065838795086283,0.0579680484180245
2022-08-05,0.05088966712355614,0.011813840128682756,0.03525933632560678,0.04681024106463427
2022-08-06,0.056183166801929474,0.011813840128682756,0.038435436132630785,0.06478855077129642
2022-08-07,0.05856020748615265,0.011813840128682756,0.03986166054316469,0.04879740092403728
2022-08-08,0.058493722230196,0.012084064511409745,0.0399298591426815,0.011962200755984975
2022-08-09,0.056028902530670166,0.013019993170587137,0.03882533878663696,0.03044455819559011
2022-08-10,0.050764281302690506,0.007635771389959224,0.033512877337597995,-0.02552345010551449
2022-08-11,0.042208246886730194,0.010778380941405635,0.02963630050860037,-0.0310511360431579
2022-08-12,0.03165854886174202,0.007635771389959224,0.022049437873028904,-0.1462603181159563
2022-08-13,0.016288451850414276,0.007635771389959224,0.012827379666232255,-0.13507052384112517
2022-08-14,-0.003469470888376236,0.007635771389959224,0.0009726260229579483,-0.11477483867676275
2022-08-15,-0.02654481679201126,0.010540128685158849,-0.011710838601143216,-0.11184935185238976
2022-08-16,-0.049126334488391876,0.008251146981023657,-0.026175341900625662,-0.09749089698734936
2022-08-17,-0.06791486591100693,0.010540128685158849,-0.036532868072540615,-0.08459104489376956
2022-08-18,-0.07922356575727463,0.008416317301171986,-0.044167612533895985,-0.07037841940046219
2022-08-19,-0.08330657333135605,0.011822338726841285,-0.04525500850807711,-0.028478875551432026
2022-08-20,-0.0799136683344841,0.011978940047650082,-0.04315662498163042,-0.05215072608558069
2022-08-21,-0.0734330266714096,0.011978940047650082,-0.03926823998378573,-0.09109665029250857
2022-08-22,-0.06611838936805725,0.013719245452021342,-0.03418333544002582,-0.05206116123352389
2022-08-23,-0.05429740250110626,0.019563788104024215,-0.024752926259054064,-0.07977381332818057
2022-08-24,-0.04326824098825455,0.01353021170162484,-0.02054885991230279,-0.06168359534408341
2022-08-25,-0.03403688967227936,0.013341764811544261,-0.015085427878749908,-0.0662172341625602
2022-08-26,-0.02526511251926422,0.02396150218950513,-0.005574466635756479,-0.014287302289159864
2022-08-27,-0.01647009700536728,0.02396150218950513,-0.0002974573274183139,-0.010265700483091611
2022-08-28,-0.014238506555557251,0.02396150218950513,0.0010414969424677022,0.022739766235877923
2022-08-29,-0.01883184164762497,0.027062359561651726,-0.00047416116391429085,-0.024100192598442316
2022-08-30,-0.024259060621261597,0.027062359561651726,-0.0037304925480962665,-0.051537831761699904
2022-08-31,-0.019602760672569275,0.02432865572908288,-0.002030194111908414,-0.037764550858303436
2022-09-01,0.0030424408614635468,0.027663458982495684,0.012890848109876401,-0.04031948005758146
2022-09-02,0.03866128623485565,0.02718318244658092,0.034070044719545764,0.0705823918171038
2022-09-03,0.08227935433387756,0.02718318244658092,0.0602408855789589,0.09159182932548049
2022-09-04,0.10094644129276276,0.025622829945740177,0.07081699675395373,0.09132713009304849
2022-09-05,0.08341115713119507,0.02753433045081759,0.061060426459044075,0.13127852728011136
2022-09-06,0.04471948742866516,0.03277178650772933,0.039940407060290825,0.0735984622106467
2022-09-07,0.00199132040143013,0.024363818235115763,0.010940319534904383,0.048405004136249374
2022-09-08,-0.04161132127046585,0.0174212022450119,-0.01799831186427475,0.019778185765151557
2022-09-09,-0.08158788830041885,0.01704372160453482,-0.04213524433843738,-0.07288398795699091
2022-09-10,-0.11292805522680283,0.01704372160453482,-0.06093934449426776,-0.07089319550598339
2022-09-11,-0.1294347047805786,0.01704372160453482,-0.07084333422653323,-0.11044597782458043
2022-09-12,-0.13099002838134766,0.0174212022450119,-0.07162553613080383,-0.12764570404907372
2022-09-13,-0.12014860659837723,0.0342885603348825,-0.05837373982507333,-0.06436986611690443
2022-09-14,-0.0846400037407875,0.02383237365782703,-0.04125105278134169,-0.08727815843505926
2022-09-15,-0.05840710550546646,0.02432865572908288,-0.02531280101164672,-0.015239662407851462
2022-09-16,-0.04061799496412277,0.024617107411119808,-0.01452395401402574,-0.02592446713426544
2022-09-17,-0.026900969445705414,0.02432865572908288,-0.006409119375790095,-0.05931900871150986
2022-09-18,-0.015119366347789764,0.02383237365782703,0.0004613296544569538,-0.03135529233865775
2022-09-19,-0.005400586873292923,0.021543257454049253,0.005376950857643947,-0.015826364512090407
2022-09-20,0.0006458722054958344,0.029443084975979656,0.012164757313689364,0.010814834437086196
2022-09-21,0.005066625773906708,0.04614659948755739,0.02149861525936698,0.05153791486651027
2022-09-22,0.008814353495836258,0.09364885628729588,0.04274815461242011,0.009786806572437357
2022-09-23,0.009890962392091751,0.10608885380572713,0.04837011895754591,0.006879244122963701
2022-09-24,0.01181752234697342,0.10608885380572713,0.049526054930474905,0.020636346819587148
2022-09-25,0.01600104570388794,0.10608885380572713,0.05203616894462362,0.01326181530867121
2022-09-26,0.021475492045283318,0.13375179332073464,0.06638601255546385,0.02086872042696486
2022-09-27,0.025063924491405487,0.13522954394876202,0.0691301722743481,0.06597208572927582
2022-09-28,0.02688048966228962,0.10608885380572713,0.05856383531966462,0.03839936701622948
2022-09-29,0.028044210746884346,0.13299110873718417,0.07002296994300428,0.01884285591054491
2022-09-30,0.024801088497042656,0.1288239449325755,0.06641023107125579,0.005533756791697986
2022-10-01,0.021337052807211876,0.11201597382436883,0.05760862121407466,0.005541415621706847
2022-10-02,0.003832809627056122,0.11201597382436883,0.0471060753059812,0.020056882582595303
2022-10-03,-0.012342147529125214,0.0880750371557989,0.027824726344844432,-0.02533027528544396
2022-10-04,-0.023571863770484924,0.0745267624258404,0.01566758670804521,-0.06282974281412657
2022-10-05,-0.029674917459487915,0.06962697264726023,0.010045838583211342,-0.04974288455452003
2022-10-06,-0.03057003766298294,0.0935894472223325,0.01909375629114324,-0.02933468666131933
2022-10-07,-0.02638792246580124,0.10754823438941576,0.027186540276285562,-0.018082865977576135
2022-10-08,-0.01412762701511383,0.10754823438941576,0.03454271754669801,-0.017950907304371766
2022-10-09,0.0017573721706867218,0.10754823438941576,0.044073717058178336,-0.009056012082913734
2022-10-10,0.013627804815769196,0.116483531006519,0.05477009529206912,0.021847838188321367
2022-10-11,0.016711119562387466,0.1193502318087306,0.05776676446092472,0.014031479538300085
2022-10-12,0.011254187673330307,0.1193502318087306,0.05449260532749043,-0.0016475660031332051
2022-10-13,-0.00022406503558158875,0.12866734361176668,0.05133249842335773,-0.017197820092045957
2022-10-14,0.003969278186559677,0.12866734361176668,0.053848504356642485,-0.0006549536343930518
2022-10-15,0.012997545301914215,0.12866734361176668,0.059265464625855205,0.007077310810676085
2022-10-16,0.024757206439971924,0.12607303831893985,0.06528353919155909,0.01595910913057086
2022-10-17,0.03708145394921303,0.12406630333919795,0.071875393705207,-0.011260438693678543
2022-10-18,0.048227835446596146,0.10576708216477002,0.0712435341338657,0.038941008224576024
2022-10-19,0.05654258280992508,0.10576708216477002,0.07623238255186306,0.08615470532530645
2022-10-20,0.060211822390556335,0.09888549846106802,0.07568129281876101,0.06581216600006745
2022-10-21,0.06068502366542816,0.09664095594418282,0.07506739657693003,0.07448562097266964
2022-10-22,0.05804390832781792,0.09664095594418282,0.07348272737436387,0.08359147797243849
2022-10-23,0.05301221087574959,0.09651747583152454,0.07041431685805957,0.05401422556513902
2022-10-24,0.046491995453834534,0.09875551351364768,0.06739740267775979,0.06006398437225169
2022-10-25,0.03879256546497345,0.09332708464633876,0.06060637313751958,0.0200970414943773
2022-10-26,0.032700203359127045,0.09350395455417314,0.057021703837145485,-0.02983642561787514
2022-10-27,0.026650145649909973,0.0933682812110097,0.053337399874349864,-0.004301036062381525
2022-10-28,0.017724357545375824,0.0903972241626892,0.046793504192301175,0.027034009588264185
2022-10-29,0.006189633160829544,0.0903972241626892,0.039872669561573405,0.023532328960526483
2022-10-30,-0.01385943591594696,0.0903972241626892,0.027843228115507504,0.013482015253438728
2022-10-31,-0.042983897030353546,0.0903972241626892,0.010368551446863553,0.004899286214163023
2022-11-01,-0.08019588142633438,0.0903972241626892,-0.011958639190724943,-0.09453358341933704
2022-11-02,-0.13010159134864807,0.0903972241626892,-0.04190206514411316,-0.20985825611954045
2022-11-03,-0.18098944425582886,-0.1829653510443165,-0.18177980697122392,-0.12899313236163024
2022-11-04,-0.21853089332580566,-0.18391485783340994,-0.20468447912884738,-0.19283666185624337
2022-11-05,-0.22955337166786194,-0.18391485783340994,-0.21129796613408114,-0.2106771233139758
2022-11-06,-0.21409818530082703,-0.18391485783340994,-0.2020248543138602,-0.21887601300705362
2022-11-07,-0.17562609910964966,-0.1831668554914145,-0.1786424016623556,-0.19288256642544643
2022-11-08,-0.1233871653676033,-0.1829653510443165,-0.14721843963828857,-0.08878199062609349
2022-11-09,-0.07090840488672256,-0.183354021095915,-0.11588665137039954,0.04647106886284513
2022-11-10,-0.03278779238462448,-0.18285941610439085,-0.09281644187253102,-0.05162105885126822
2022-11-11,-0.021627672016620636,-0.18344669496087396,-0.08635528119432197,-0.021666859008418693
2022-11-12,-0.030059412121772766,-0.18344669496087396,-0.09141432525741325,-0.0066261878363653715
2022-11-13,-0.04535122215747833,-0.18364496542793057,-0.10066871946565922,-0.003038607213171063
2022-11-14,-0.052431024610996246,-0.18336292160314172,-0.10480378340785443,-0.0504330465610795
2022-11-15,-0.053512029349803925,-0.18392916692517713,-0.10567888437995321,-0.0398584189764013
2022-11-16,-0.04721727967262268,-0.1833651259584711,-0.10167641818696205,-0.0035798391142882746
2022-11-17,-0.036002300679683685,-0.1836465982375217,-0.09506001970281888,-0.005607887585846627
2022-11-18,-0.02023756504058838,-0.18340529799903157,-0.08550465822396566,-0.010676957806526222
2022-11-19,-0.004369556903839111,-0.18340529799903157,-0.0759838533419161,-0.014497014492823035
2022-11-20,0.00930294394493103,-0.18340529799903157,-0.06778035283265402,0.009124563965005272
2022-11-21,0.0189917404204607,-0.18364496542793057,-0.06206294191889581,0.027350108894773406
2022-11-22,0.024236271157860756,-0.18405135670860376,-0.05907877998872506,0.01328593068070738
2022-11-23,0.026328103616833687,-0.18405135670860376,-0.0578236805133413,0.03376054245258864
2022-11-24,0.02780335582792759,-0.18405135670860376,-0.05693852918668496,0.02279782757343085
2022-11-25,0.03120061196386814,-0.18405135670860376,-0.05490017550512062,0.034535477849721774
2022-11-26,0.03718068078160286,-0.18405135670860376,-0.05131213421447979,0.025921450040921057
2022-11-27,0.04383628070354462,-0.18405135670860376,-0.04731877426131474,0.041203302984153645
2022-11-28,0.04754960164427757,-0.18364496542793057,-0.044928225184605694,0.04647160811970208
2022-11-29,0.04580884054303169,-0.18405135670860376,-0.046135238357622496,0.03931450938511283
2022-11-30,0.037404127418994904,-0.18405135670860376,-0.05117806623204457,-0.019051902743240978
2022-12-01,0.025966577231884003,-0.18405135670860376,-0.05804059634431111,0.01453287523332536
2022-12-02,0.009543292224407196,-0.1843393739617068,-0.0680097742500384,0.0020956265642606553
2022-12-03,0.003056798130273819,-0.1843393739617068,-0.07190167070651843,0.014349252599910045
2022-12-04,0.007054388523101807,-0.1843393739617068,-0.06950311647082164,-0.0012071999392015975
2022-12-05,0.01569940522313118,-0.18405135670860376,-0.0642008995495628,0.014350759002378366
2022-12-06,0.026216788217425346,-0.18364496542793057,-0.05772791324071702,0.04012766136733892
2022-12-07,0.029793206602334976,-0.18355600490720375,-0.05554647800148052,0.057405159224168445
2022-12-08,0.01899544522166252,-0.18364496542793057,-0.06206071903817472,0.00767761450525728
2022-12-09,-0.00149526447057724,-0.18340529799903157,-0.07425927788195898,-0.02898317196541933
2022-12-10,-0.020088255405426025,-0.18340529799903157,-0.08541507244286825,-0.02049161902882446
2022-12-11,-0.03353222459554672,-0.18340529799903157,-0.09348145395694067,-0.02030078928654
2022-12-12,-0.0407508909702301,-0.18316362151137305,-0.09771598318668728,-0.04479707237084851
2022-12-13,-0.03856807202100754,-0.18364496542793057,-0.09659882938377676,-0.049460187795011934
2022-12-14,-0.024224303662776947,-0.18405135670860376,-0.08815512488110767,-0.054961060261807804
2022-12-15,-0.006630942225456238,-0.18555108636926654,-0.07819899988298036,-0.030819285632800453
2022-12-16,0.008220940828323364,-0.18564004688999336,-0.06932345425900333,0.008801042801519054
2022-12-17,0.013539828360080719,-0.18564004688999336,-0.06613212173994891,0.003552584206974796
2022-12-18,0.005500342696905136,-0.18564004688999336,-0.07095581313785426,0.005609918862291785
2022-12-19,-0.009249161928892136,-0.18564004688999336,-0.07980551591333263,0.029230093534352575
2022-12-20,-0.022134408354759216,-0.18604643817066652,-0.08769922028112213,-0.011198208286674172
2022-12-21,-0.028268009424209595,-0.18604643817066652,-0.09137938092279235,-0.01648531590812763
2022-12-22,-0.027032308280467987,-0.18604643817066652,-0.0906379602365474,-0.011173841938527218
2022-12-23,-0.020588502287864685,-0.18604643817066652,-0.08677167664098541,-0.0101928062699288
2022-12-24,-0.011132430285215378,-0.18604643817066652,-0.08109803343939583,-0.017445824809991684
2022-12-25,-0.0003214925527572632,-0.18604643817066652,-0.07461147079992096,-0.012794593191227999
2022-12-26,0.010030634701251984,-0.18604643817066652,-0.06840019444751541,-0.014570265240058888
2022-12-27,0.01809990406036377,-0.18604643817066652,-0.06355863283204834,-0.0018663550887206837
2022-12-28,0.021165702491998672,-0.18564004688999336,-0.06155659726079814,0.01831415498954203
2022-12-29,0.019820960238575935,-0.18604643817066652,-0.06252599912512104,0.011926555312872011
2022-12-30,0.019708702340722084,-0.18604643817066652,-0.06259335386383336,0.020663580507096935
2022-12-31,0.022175855934619904,-0.18604643817066652,-0.06111306170749466,0.024251015572105405
2023-01-01,0.0291320588439703,-0.18604643817066652,-0.056939339961884425,0.03075691696631422
2023-01-02,0.042844876646995544,-0.18604643817066652,-0.04871164928006928,0.030312117829743634
2023-01-03,0.06513095647096634,-0.1854003794610944,-0.03508157790185796,0.04590535154643005
2023-01-04,0.10144422203302383,-0.18564004688999336,-0.013389485536183042,0.06485914840988549
2023-01-05,0.15214839577674866,-0.18564004688999336,0.017033018710051848,0.11969985473967504
2023-01-06,0.19924181699752808,-0.18604643817066652,0.04512651493025023,0.17576671101108188
2023-01-07,0.21608954668045044,-0.18604643817066652,0.055235152740003665,0.23674762756609136
2023-01-08,0.21012413501739502,-0.18604643817066652,0.0516559057421704,0.21857234687639937
2023-01-09,0.1937512755393982,-0.18564004688999336,0.04199474656764157,0.23328264911580132
2023-01-10,0.17375490069389343,-0.18604643817066652,0.029834365148069447,0.21181251168247073
2023-01-11,0.14795789122581482,-0.18604643817066652,0.014356159467222282,0.15238089399585153
2023-01-12,0.1232616975903511,-0.18633445542376956,-0.0005767636152971684,0.11805671255641603
2023-01-13,0.10383979231119156,-0.18656593191832077,-0.012322497380613376,0.1373406235119803
2023-01-14,0.09360188245773315,-0.18656593191832077,-0.018465243292688414,0.08726494780223448
2023-01-15,0.09205996990203857,-0.18656593191832077,-0.019390390826105164,0.0879850513858611
2023-01-16,0.09503196179866791,-0.18604643817066652,-0.017399398189065864,0.08169680892490905
2023-01-17,0.09782054275274277,-0.18604643817066652,-0.015726249616620946,0.07088211344223105
2023-01-18,0.09579963982105255,-0.18604643817066652,-0.016938791375635073,0.11526893764082335
2023-01-19,0.08890767395496368,-0.18604643817066652,-0.021073970895288396,0.09197502419134018
2023-01-20,0.07694852352142334,-0.18604643817066652,-0.028249461155412603,0.017953246120717914
2023-01-21,0.06150578707456589,-0.18604643817066652,-0.03751510302352707,0.010492219166898797
2023-01-22,0.04445076361298561,-0.18604643817066652,-0.04774811710047524,0.04555334976228509
2023-01-23,0.028485801070928574,-0.18604643817066652,-0.057327094625709465,-0.003940400891062956
2023-01-24,0.015889953821897507,-0.18604643817066652,-0.0648846029751281,0.0217488796172296
2023-01-25,0.0078013576567173,-0.18604643817066652,-0.06973776067423622,0.0291280407476886
2023-01-26,0.002841934561729431,-0.1855704557378763,-0.07252302155811287,0.020829956127103033
2023-01-27,-0.00023181363940238953,-0.18633445542376956,-0.07467287035314926,0.015503923003047593
2023-01-28,-0.0033315569162368774,-0.1859533602012114,-0.0763802782302267,0.013214841069210337
2023-01-29,-0.007855448871850967,-0.1859533602012114,-0.07909461340359515,-0.034090631488945866
2023-01-30,-0.014381282031536102,-0.18604643817066652,-0.08304734448718827,-0.002787592300935615
2023-01-31,-0.021690621972084045,-0.18604643817066652,-0.08743294845151703,0.00498721520700629
2023-02-01,-0.028876520693302155,-0.18633445542376956,-0.09185969458548912,-0.03243041445838768
2023-02-02,-0.03669718652963638,-0.18604643817066652,-0.09643688718604843,-0.07205902011755316
2023-02-03,-0.043020687997341156,-0.18569925425566539,-0.10009211450067085,-0.07710471622019566
2023-02-04,-0.046233005821704865,-0.18604643817066652,-0.10215837876128953,-0.06277275447510255
2023-02-05,-0.041671834886074066,-0.18604643817066652,-0.09942167619991105,-0.050118803065114625
2023-02-06,-0.023289889097213745,-0.18604643817066652,-0.08839250872659485,-0.04342884706965655
2023-02-07,0.011723894625902176,-0.18604643817066652,-0.0673842384927253,-0.04477622215739274
2023-02-08,0.05282860994338989,-0.18604643817066652,-0.04272140930223267,0.05927143665897305
2023-02-09,0.09316962212324142,-0.18564004688999336,-0.018354245482052486,0.07897514950897744
2023-02-10,0.12408270686864853,-0.18564004688999336,0.00019360536519177907,0.13617360124928402
2023-02-11,0.1389884501695633,-0.18564004688999336,0.009137051345740638,0.12667323802575647
2023-02-12,0.14006322622299194,-0.18564004688999336,0.009781916977797817,0.11422477705643796
2023-02-13,0.12475865334272385,-0.14246301490347085,0.01786998604424596,0.14091275040794127
2023-02-14,0.09239420294761658,-0.1451323095373753,-0.0026164020463801743,0.10145658707450145
2023-02-15,0.0451723113656044,-0.1451323095373753,-0.03094953699558748,-0.0058312657637195064
2023-02-16,-0.004972930997610092,-0.1429503119843739,-0.06016388339231562,0.017964326473824732
2023-02-17,-0.04438730329275131,-0.14475932160433697,-0.08453611061738558,-0.05635660116801122
2023-02-18,-0.06174744665622711,-0.14440430346177882,-0.09481018937844779,-0.059876704848783824
2023-02-19,-0.06174393743276596,-0.14307333546655718,-0.09427569664628245,-0.029536795024341034
2023-02-20,-0.052188508212566376,-0.14020048089500498,-0.08739329728554182,-0.05434744104789435
2023-02-21,-0.04118417948484421,-0.13395263765295123,-0.07829156275208701,-0.053598127936345885
2023-02-22,-0.03425587713718414,-0.13815885908200226,-0.07581706991511139,-0.022877975172657883
2023-02-23,-0.033126503229141235,-0.14020048089500498,-0.07595609429548673,-0.019836091594890637
2023-02-24,-0.03539489209651947,-0.14026145574522675,-0.07734151755600238,-0.035839534463446454
2023-02-25,-0.0403047576546669,-0.14026145574522675,-0.08028743689089085,-0.0350001101175581
2023-02-26,-0.04717805236577988,-0.14026145574522675,-0.08441141371755863,-0.04774430743562352
2023-02-27,-0.05419156700372696,-0.14080733249111813,-0.08883787319868341,-0.04606188721395155
2023-02-28,-0.05801239609718323,-0.14135901923310593,-0.0913510453515523,-0.04077553942969303
2023-03-01,-0.058568403124809265,-0.18564004688999336,-0.10939706063088289,-0.08140557967613493
2023-03-02,-0.09235114604234695,-0.18604643817066652,-0.12982926289367477,-0.13224196388542742
2023-03-03,-0.10381173342466354,-0.18604643817066652,-0.13670561532306474,-0.09857817318695172
2023-03-04,-0.07988586276769638,-0.18604643817066652,-0.12235009292888444,-0.08461432783644207
2023-03-05,-0.0192110612988472,-0.18604643817066652,-0.08594521204757492,-0.01931009208996426
2023-03-06,0.04208000376820564,-0.18604643817066652,-0.04917057300734322,0.0760142793395806
2023-03-07,0.0815599113702774,-0.18604643817066652,-0.025482628446100164,0.1113818567111573
2023-03-08,0.13433653116226196,-0.18604643817066652,0.0061833434290905764,0.11887434670755348
2023-03-09,0.23226681351661682,-0.18515870297343584,0.06529660692059575,0.2277040519157536
2023-03-10,0.32201823592185974,-0.18455217654929248,0.11939007093339883,0.3595132474371847
2023-03-11,0.3117889165878296,-0.18455217654929248,0.11325247933298076,0.31540111254890446
2023-03-12,0.22586151957511902,-0.18455217654929248,0.061696041125354414,0.2716611409407872
2023-03-13,0.15167179703712463,-0.11604789765841532,0.04458391915890865,0.14944047893543355
2023-03-14,0.129604309797287,-0.12014290784367887,0.02970542274090064,0.1392380588729576
2023-03-15,0.11713051795959473,-0.11665357229065851,0.023616881859493427,0.12210127293225725
2023-03-16,0.09160122275352478,-0.1303349974904788,0.002826734655923341,0.13187163533580448
2023-03-17,0.04975621774792671,-0.11841957441367507,-0.017514099116714,0.002166078423427864
2023-03-18,0.01796260103583336,-0.11841957441367507,-0.03659026914397001,0.020643322732815328
2023-03-19,0.0011286661028862,-0.11841957441367507,-0.046690630103738306,-0.00017230981304383608
2023-03-20,-0.005942545831203461,-0.11891355339460502,-0.051130948856564086,-0.021362333094370523
2023-03-21,-0.007352504879236221,-0.13921935103978642,-0.0600992433434563,-0.030043973646411204
2023-03-22,0.0002933591604232788,-0.13395263765295123,-0.053405039564926524,0.04027856623085335
2023-03-23,0.011728402227163315,-0.07458321532305189,-0.02279624479292277,-0.009431918463100541
2023-03-24,0.02350001595914364,-0.08641633917321662,-0.020466526093800466,0.03682059788442471
2023-03-25,0.03351601958274841,-0.08641633917321662,-0.014456923919637602,0.03604055645879267
2023-03-26,0.035374268889427185,-0.08641633917321662,-0.013341974335630339,0.007287601388012321
2023-03-27,0.02699320763349533,-0.09003772285901603,-0.019819164563509215,0.024888193177415197
2023-03-28,0.013393476605415344,-0.09541069647196904,-0.03012819262553841,0.03317551365371951
2023-03-29,-0.0009920671582221985,-0.10044531099123243,-0.04077336469142629,-0.006299781999816623
2023-03-30,-0.0092010498046875,-0.10064284148311775,-0.045777766476059606,0.00018873626265802912
2023-03-31,-0.007320038974285126,-0.10086413931476451,-0.04473767911047689,-0.01963895766644086
2023-04-01,0.00694502517580986,-0.14308708997696784,-0.05306782088530122,-0.018077351452742807
2023-04-02,0.02198505401611328,-0.14308708997696784,-0.04404380358111917,0.005391548377867705
2023-04-03,0.03336862474679947,-0.14308708997696784,-0.03721366114270745,0.06609136690647488
2023-04-04,0.04497646540403366,-0.14286579214532105,-0.03016043761570823,0.072249815110488
2023-04-05,0.05806254595518112,-0.1424113599309231,-0.022127016399260575,0.060988973734833696
2023-04-06,0.06801263242959976,-0.14308708997696784,-0.016427256533027283,0.08347132142533553
2023-04-07,0.06488107144832611,-0.14308708997696784,-0.01830619312179147,0.09175695980087673
2023-04-08,0.046593330800533295,-0.14308708997696784,-0.02927883751046716,0.08435385301509957
2023-04-09,0.014650583267211914,-0.14308708997696784,-0.04844448603045999,0.06993739531757104
2023-04-10,-0.023182563483715057,-0.1424113599309231,-0.07087408206259828,-0.006986794361437232
2023-04-11,-0.056278884410858154,-0.14184665089256432,-0.09050599100354062,0.005946606040578173
2023-04-12,-0.08244983106851578,-0.14158048268224133,-0.106102091714006,-0.03650185508800008
2023-04-13,-0.10084614902734756,-0.10086413931476451,-0.10085334514231434,-0.07013239024107587
2023-04-14,-0.10839415341615677,-0.10086413931476451,-0.10538214777559987,-0.10516615884829883
2023-04-15,-0.11499490588903427,-0.10086413931476451,-0.10934259925932638,-0.08180335493309321
2023-04-16,-0.11872114986181259,-0.10086413931476451,-0.11157834564299335,-0.08955886307876848
2023-04-17,-0.11169623583555222,-0.10086413931476451,-0.10736339722723715,-0.06521652706550096
2023-04-18,-0.08690442889928818,-0.10086413931476451,-0.09248831306547872,-0.06844039880171193
2023-04-19,-0.04188641905784607,-0.10077106134530937,-0.06544027597283139,-0.013258626736719958
2023-04-20,0.011531174182891846,-0.10086413931476451,-0.0334269512161707,0.043518454590677935
2023-04-21,0.05286407098174095,-0.10086413931476451,-0.00862721313686124,0.0751521118122691
2023-04-22,0.06674518436193466,-0.10086413931476451,-0.0002985451087450103,0.050818119233486225
2023-04-23,0.05423111468553543,-0.10086413931476451,-0.007806986914584549,0.059535131530303875
2023-04-24,0.027157440781593323,-0.10086413931476451,-0.024051191256949815,0.020258493624170315
2023-04-25,-0.0006060823798179626,-0.0971237447842035,-0.039213147341572184,0.013040978714728535
2023-04-26,-0.02142293006181717,-0.09601367419095604,-0.05125922771347272,0.021497932979040568
2023-04-27,-0.03197252005338669,-0.10086413931476451,-0.05952916775793782,-0.02153207859322348
2023-04-28,-0.032818928360939026,-0.10115215656786757,-0.06015221964371044,0.0066154470740353855
2023-04-29,-0.0274895578622818,-0.10115215656786757,-0.056954597344516106,-0.013077116500088137
2023-04-30,-0.020770713686943054,-0.10115215656786757,-0.05292329083931286,-0.027472521833900587
2023-05-01,-0.016690872609615326,-0.10419738853533025,-0.0516934789799013,-0.014232089912235346
2023-05-02,-0.016066476702690125,-0.10467337096812047,-0.051509234408862264,-0.03633048783635495
2023-05-03,-0.025083400309085846,-0.10362465298903742,-0.05649990138106648,-0.049176673731557985
2023-05-04,-0.03820805251598358,-0.054752929114326554,-0.04482600315532077,-0.06482868532527741
2023-05-05,-0.05179890990257263,-0.06679277005227718,-0.05779645396245445,-0.09186727540965944
2023-05-06,-0.05429817736148834,-0.06679277005227718,-0.05929601443780388,-0.07185612967186872
2023-05-07,-0.04993332177400589,-0.06679277005227718,-0.0566771010853144,-0.05319995357033569
2023-05-08,-0.041269056499004364,-0.06679277005227718,-0.051478541920313495,-0.018311245269489573
2023-05-09,-0.030727840960025787,-0.06679277005227718,-0.04515381259692634,-0.021515281268063458
2023-05-10,-0.022289685904979706,-0.06679277005227718,-0.040090919563898694,-0.006998143031840209
2023-05-11,-0.015810631215572357,-0.06679277005227718,-0.03620348675025429,-0.005463386706475948
2023-05-12,-0.012299925088882446,-0.06679277005227718,-0.03409706307424034,0.003181562537203808
2023-05-13,-0.0115763358771801,-0.06429236042783328,-0.03266274569744137,0.012218359621262609
2023-05-14,-0.017779700458049774,-0.06429236042783328,-0.036384764445963176,-0.006309621727329517
2023-05-15,-0.018644258379936218,-0.06429236042783328,-0.03690349919909504,-0.011518606413191246
2023-05-16,-0.01636071503162384,-0.05992147428130749,-0.0337850187314973,0.006871757767302089
2023-05-17,-0.013305626809597015,-0.06429236042783328,-0.03370032025689152,-0.039283927633794735
2023-05-18,-0.007849618792533875,-0.06429236042783328,-0.030426715446653634,-0.012955757517911115
2023-05-19,0.0013941563665866852,-0.06429236042783328,-0.0248804503511813,-0.006485800360562011
2023-05-20,0.011827871203422546,-0.06429236042783328,-0.018620221449079783,-0.009156374539109557
2023-05-21,0.02141985110938549,-0.06429236042783328,-0.012865033505502017,0.04924595611299343
2023-05-22,0.029725316911935806,-0.0640710625961865,-0.00779323489131312,0.033041121788413674
2023-05-23,0.035395555198192596,-0.05445547570047821,-0.0005448571612757282,0.017442939116320888
2023-05-24,0.036054518073797226,-0.04841335815522682,0.002267367582187603,0.033474103279994116
2023-05-25,0.028614209964871407,-0.052219683409267775,-0.0037193473847842683,0.012999272110264526
2023-05-26,0.013281680643558502,-0.05804115605504612,-0.015247454035883347,0.020095544358704087
2023-05-27,-0.004039794206619263,-0.05804115605504612,-0.025640338945990007,0.008004313652912654
2023-05-28,-0.019245542585849762,-0.05804115605504612,-0.034763787973528304,-0.03384250846249781
2023-05-29,-0.03108062595129013,-0.06241386101182058,-0.04361391997550231,-0.07240305158564198
2023-05-30,-0.038770727813243866,-0.061682497168705885,-0.047935435555428674,-0.016765844358426207
2023-05-31,-0.04266230762004852,-0.05804115605504612,-0.04881384699404756,-0.03201024610120773
2023-06-01,-0.044813163578510284,-0.06429236042783328,-0.05260484231823948,-0.011906959261956396
2023-06-02,-0.04567467421293259,-0.06458037768093629,-0.05323695560013407,-0.02807295488424555
2023-06-03,-0.03929809480905533,-0.06419928245837811,-0.04925856986878444,-0.04536554802835113
2023-06-04,-0.03099154680967331,-0.06419928245837811,-0.04427464106915523,-0.043874268353444434
2023-06-05,-0.026585035026073456,-0.0639451765128321,-0.04152909162077691,0.006879222020973019
2023-06-06,-0.02732148766517639,-0.06458037768093629,-0.04222504367148035,-0.04758818189296554
2023-06-07,-0.02659045159816742,-0.06458037768093629,-0.04178642203127497,-0.04596698322737025
2023-06-08,-0.018207617104053497,-0.06481185417548745,-0.03684931193262708,-0.03396857420068444
2023-06-09,-0.0022724419832229614,-0.06458037768093629,-0.027195616262308295,-0.005015898218168391
2023-06-10,0.018066421151161194,-0.06458037768093629,-0.014992298381677802,0.02615125220529535
2023-06-11,0.0479825921356678,-0.06458037768093629,0.0029574042090261612,0.015985003211117954
2023-06-12,0.09339338541030884,-0.06429236042783328,0.03031908707505199,0.03625373911559815
2023-06-13,0.1464025229215622,-0.06429236042783328,0.06212456958180401,0.09152915546044338
2023-06-14,0.18406811356544495,-0.06458037768093629,0.08460871706689245,0.19361564114196583
2023-06-15,0.1978881061077118,-0.06429236042783328,0.09301591949349376,0.16744854872299086
2023-06-16,0.19822639226913452,-0.06451457010640782,0.09313000731891757,0.16486999430631988
2023-06-17,0.18166255950927734,-0.06451457010640782,0.08319170766300327,0.15124039342323536
2023-06-18,0.15268400311470032,-0.06451457010640782,0.06580457382625707,0.15651840150159613
2023-06-19,0.11384142190217972,-0.06419928245837811,0.042625140157956584,0.12753670697930852
2023-06-20,0.07055114209651947,-0.06458037768093629,0.01649853418553716,0.08423240222990036
2023-06-21,0.030830208212137222,-0.06481185417548745,-0.0074266167429126485,0.002784567123504278
2023-06-22,0.004636362195014954,-0.06481185417548745,-0.023142924353186007,0.01881852118058225
2023-06-23,-0.004224132746458054,-0.06481185417548745,-0.028459221318069813,-0.007054759926356735
2023-06-24,-7.630884647369385e-05,-0.06481185417548745,-0.025970526978079198,0.0019153266423017623
2023-06-25,0.008318029344081879,-0.06481185417548745,-0.020933924063745855,0.005067515443496928
2023-06-26,0.015265561640262604,-0.06419928245837811,-0.016520375999193683,0.029344862344675038
2023-06-27,0.01872223988175392,-0.06458037768093629,-0.014598807143322165,0.0024132978674877847
2023-06-28,0.016166996210813522,-0.06481185417548745,-0.016224543943706867,0.014210000129665445
2023-06-29,0.01136629655957222,-0.06481185417548745,-0.019104963734451648,-0.018125739186811596
2023-06-30,0.006688810884952545,-0.06481185417548745,-0.021911455139223456,-0.004177605670779738
2023-07-01,0.0025298558175563812,-0.06481185417548745,-0.024406828179661152,-0.009849963545293772
2023-07-02,-0.0003956705331802368,-0.06481185417548745,-0.026162143990103123,-0.01490412362008986
2023-07-03,-0.0012270063161849976,-0.06481185417548745,-0.02666094545990598,-0.02389989793363767
2023-07-04,-0.0007721446454524994,-0.06458037768093629,-0.026295437859646015,-0.00469374004396339
2023-07-05,0.0005574822425842285,-0.06419928245837811,-0.025345223637800708,-0.004091485900092562
2023-07-06,0.0023213885724544525,-0.06429236042783328,-0.02432411102766064,0.05214174875557909
2023-07-07,0.003985285758972168,-0.06429236042783328,-0.02332577271575001,-0.0010772886204181154
2023-07-08,0.001795697957277298,-0.06429236042783328,-0.02463952539676693,0.00016146804501149248
2023-07-09,-0.0008100494742393494,-0.06429236042783328,-0.02620297385567692,0.0023633395898174925
2023-07-10,-0.003849487751722336,-0.06429236042783328,-0.028026636822166714,-0.008995589507545976
2023-07-11,-0.006940022110939026,-0.06429236042783328,-0.029880957437696726,-0.024915665483425276
2023-07-12,-0.010798752307891846,-0.06458037768093629,-0.032311402457109624,-0.015496708360763667
2023-07-13,-0.015498481690883636,-0.06458037768093629,-0.0351312400869047,-0.05259165460416615
2023-07-14,-0.017017513513565063,-0.06481185417548745,-0.036135249778334017,-0.013535559007799125
2023-07-15,-0.018334902822971344,-0.06451457010640782,-0.03680676973634593,-0.016359453698837068
2023-07-16,-0.018765658140182495,-0.06458037768093629,-0.037091545956484014,-0.004903415223410756
2023-07-17,-0.01886621117591858,-0.06458037768093629,-0.03715187777792567,-0.03190324507266573
2023-07-18,-0.018663249909877777,-0.06458037768093629,-0.03703010101830118,-0.021106442150189975
2023-07-19,-0.018741652369499207,-0.06381637799504301,-0.036771542619716734,-0.01863138478080828
2023-07-20,-0.01759987324476242,-0.06429236042783328,-0.03627686811799076,-0.01936979865771815
2023-07-21,-0.01621966063976288,-0.06419928245837811,-0.03541150936720897,-0.019650374627279033
2023-07-22,-0.015140555799007416,-0.06419928245837811,-0.034764046462755695,-0.014804994294153162
2023-07-23,-0.012913636863231659,-0.0639451765128321,-0.03332625272307184,-0.026680849295716125
2023-07-24,-0.010223381221294403,-0.06429236042783328,-0.03185097290390995,0.0019107843641286149
2023-07-25,-0.007127165794372559,-0.06429236042783328,-0.029993243647756844,0.016322196072313444
2023-07-26,-0.005085349082946777,-0.06458037768093629,-0.028883360522142583,-0.005653796203047401
2023-07-27,-0.005048193037509918,-0.06377929435756015,-0.028540633565530014,-0.000997167278404043
2023-07-28,-0.0032755807042121887,-0.06326199241499149,-0.02727014538852391,-0.006827762984007002
2023-07-29,-0.006103493273258209,-0.06287908795165638,-0.02881373114461748,-0.009565324039532697
2023-07-30,-0.007833823561668396,-0.063432110442559,-0.03007313831402464,-0.006580014610111928
2023-07-31,-0.009082555770874023,-0.06377929435756015,-0.030961251205548476,-0.0007248843315174058
2023-08-01,-0.009391319006681442,-0.06385981782037878,-0.031178718532160376,0.0021689228334083044
2023-08-02,-0.009375683963298798,-0.05179010171410629,-0.026341451063621797,0.013567459203913224
2023-08-03,-0.0028430819511413574,-0.05239695331021941,-0.022664630494772582,0.008978325416083788
2023-08-04,0.0018706843256950378,-0.04646400330736461,-0.017463190727528822,0.010717871373865151
2023-08-05,0.009111817926168442,-0.04609953300133895,-0.012972722444834515,0.012315575088581276
2023-08-06,0.009504321962594986,-0.04609953300133895,-0.012737220022978588,0.007405696149876961
2023-08-07,-0.0011575333774089813,-0.05287650456397342,-0.021845121852034757,0.007526943561787958
2023-08-08,-0.023352615535259247,-0.05179010171410629,-0.03472761000679807,-0.019160629913854033
2023-08-09,-0.04700881242752075,-0.05179010171410629,-0.04892132814215497,-0.02878372955977615
2023-08-10,-0.07148478925228119,-0.05239695331021941,-0.06384965487545648,-0.09615575906232232
2023-08-11,-0.09394439309835434,-0.06265800269723455,-0.08142983693790642,-0.11459343988978465
2023-08-12,-0.11114685982465744,-0.06265800269723455,-0.0917513169736883,-0.1131546300955788
2023-08-13,-0.11871064454317093,-0.06215994238144581,-0.09609036367848087,-0.10626081769488227
2023-08-14,-0.11305940896272659,-0.06215994238144581,-0.09269962233021428,-0.11226318706204674
2023-08-15,-0.09993032366037369,-0.046852325290202494,-0.0786991243123052,-0.10767123287671232
2023-08-16,-0.07902359217405319,-0.04674039873219082,-0.06611031479730825,-0.07997734812225743
2023-08-17,-0.05509554594755173,-0.012825189674381478,-0.038187403438283626,-0.016653013269149253
2023-08-18,-0.02906259149312973,-0.03352608547370765,-0.030847989085360898,0.00023067475243720992
2023-08-19,-0.008225549012422562,-0.03352608547370765,-0.0183457635969366,-0.0031662823117691863
2023-08-20,0.006505832076072693,-0.03352608547370765,-0.009506934943839444,-0.0033684625309136074
2023-08-21,0.015387088060379028,-0.03599815554590234,-0.0051670093821335195,-0.0002648609173985239
2023-08-22,0.0197602529078722,-0.04432637788727201,-0.005874399410185485,0.06372198342032553
2023-08-23,0.02090056985616684,-0.051439488966853714,-0.008035453673041383,0.03281047126440262
2023-08-24,0.0178033709526062,-0.03352608547370765,-0.002728411617919339,-0.00913940194919416
2023-08-25,0.011639952659606934,-0.05140961379853185,-0.013579873923648584,-0.009783572607992008
2023-08-26,0.0011334791779518127,-0.05140961379853185,-0.019883758012641656,-0.005683126311383568
2023-08-27,-0.01073450967669487,-0.05140961379853185,-0.027004551325429664,-0.005001959637220055
2023-08-28,-0.02182655781507492,-0.05722812553201719,-0.03598718490185183,-0.011254977029096502
2023-08-29,-0.028621196746826172,-0.06306050158127227,-0.042396918680604606,-0.06942619407901629
2023-08-30,-0.02914813905954361,-0.06377929435756015,-0.04300060117875022,-0.0564117422753635
2023-08-31,-0.023435913026332855,-0.06377929435756015,-0.039573265558823775,0.012112974243642771
2023-09-01,-0.014378242194652557,-0.06385981782037878,-0.034170872444943046,0.004086409443113004
2023-09-02,-0.010677017271518707,-0.06385981782037878,-0.031950137491062736,0.0012408429846564317
2023-09-03,-0.013591356575489044,-0.06385981782037878,-0.033698741073444935,-0.00499014100613715
2023-09-04,-0.016388215124607086,-0.06385981782037878,-0.035376856202915766,-0.025691144047747194
2023-09-05,-0.013527296483516693,-0.06385981782037878,-0.033660305018261526,0.001861034968071662
2023-09-06,-0.0059543997049331665,-0.05948893167385301,-0.027368212492501105,0.0179367584176211
2023-09-07,0.005757071077823639,-0.05993984950242705,-0.020521697154276635,0.01019729575318995
2023-09-08,0.020277075469493866,-0.06385981782037878,-0.013377681846455191,0.026610833445900317
2023-09-09,0.032376330345869064,-0.06385981782037878,-0.006118128920630073,0.025406142706958956
2023-09-10,0.039079051464796066,-0.06385981782037878,-0.002096496249273872,0.02654246387899195
2023-09-11,0.038004226982593536,-0.06385981782037878,-0.0027413909385953887,0.06358623858023749
2023-09-12,0.029759492725133896,-0.06198131840436608,-0.006936831726666096,0.053024562598442015
2023-09-13,0.01933007687330246,-0.06377929435756015,-0.013913671619042587,0.03443673251468238
2023-09-14,0.010597571730613708,-0.06377929435756015,-0.019153174704655836,0.0017098541515145893
2023-09-15,0.0006843358278274536,-0.06325803207315758,-0.024892611332566563,-0.0007466165413534398
2023-09-16,-0.0027550682425498962,-0.06325803207315758,-0.026956253774792972,0.0006133359337672228
2023-09-17,-0.0037332475185394287,-0.06325803207315758,-0.02754316134038669,-0.01052228422494228
2023-09-18,-0.0017711594700813293,-0.06227751478166012,-0.025973701594712847,-0.01710228225977295
2023-09-19,0.0037187114357948303,-0.0582716738868387,-0.021077442693258584,-0.03633151612663754
2023-09-20,0.011629115790128708,-0.05143377961872778,-0.01359604237341389,-0.02772387096774187
2023-09-21,0.023842602968215942,-0.0008939595962595566,0.013947977942425742,0.0170622039680699
2023-09-22,0.042210184037685394,-0.003427454462348759,0.023955128637671734,0.012295646298326579
2023-09-23,0.052356697618961334,-0.003427454462348759,0.0300430367864373,0.01454698155776879
2023-09-24,0.05360353738069534,-0.003427454462348759,0.030791140643477703,0.06644943421270177
2023-09-25,0.04898339509963989,-0.014066082696756086,0.023763603981081502,0.04522746980495196
2023-09-26,0.04275897145271301,0.004578020816125395,0.027486591198077965,0.04594634895489125
2023-09-27,0.040188226848840714,0.0025432287540904635,0.025130227610940612,0.053296194326088786
2023-09-28,0.03540633246302605,-0.0025180031460718096,0.020236598219386906,0.014396002574256883
2023-09-29,0.02853160724043846,-0.0008939595962595566,0.016761380505759253,0.03806189922607395
2023-09-30,0.020197339355945587,-0.000528341581785069,0.011907066980853323,0.03687001531011891
2023-10-01,0.012115851044654846,-0.0025020017352151884,0.006268709932706832,-0.002697858753233473
2023-10-02,0.0033171214163303375,-0.002264365009335999,0.0010845268460638025,0.0034774214925088476
2023-10-03,-0.0047364868223667145,0.014208633533908166,0.002841561320143238,-0.001324997830562169
2023-10-04,-0.016965530812740326,0.0024834818442892492,-0.009185925749928495,-0.03250887284694637
2023-10-05,-0.018825016915798187,0.001703952357331949,-0.010613429206546132,-0.023741362308234204
2023-10-06,-0.01489265263080597,-0.0028676197496896733,-0.010082639478359452,-0.03827598564896684
2023-10-07,-0.003610987216234207,-0.0028676197496896733,-0.0033136402296163932,-0.03949647794247313
2023-10-08,0.008766897022724152,-0.0028676197496896733,0.004113090313758621,-0.02732738595231221
2023-10-09,0.021134832873940468,-0.0019522736327618742,0.011899990271259531,0.033006742993506366
2023-10-10,0.032574448734521866,-0.006414609768580654,0.016978825333280857,0.03672090520231386
2023-10-11,0.045833609998226166,-0.0446603885665754,0.009636010572305537,0.053747053080275276
2023-10-12,0.05964589864015579,-0.030716673613446658,0.023500869738714812,0.07302343119093946
2023-10-13,0.06850335747003555,0.006501705822397129,0.043702696810980185,0.10449854813491188
2023-10-14,0.07220654934644699,0.006501705822397129,0.045924611936827044,0.11385615034440022
2023-10-15,0.08610209822654724,0.006501705822397129,0.0542619412648872,0.10452582754385609
2023-10-16,0.10947424918413162,-0.002264940047356368,0.06477857349153643,0.1603187702231308
2023-10-17,0.13570281863212585,0.0019042423198585,0.08218338810721891,0.19463436811850743
2023-10-18,0.15140318870544434,0.006252213022165534,0.0933427984321328,0.21808086158192097
2023-10-19,0.15341717004776,0.015547615384937671,0.09826934818263108,0.1893851404085367
2023-10-20,0.14344586431980133,0.015949113638206117,0.09244716404716324,0.14233625354915413
2023-10-21,0.12691807746887207,0.015728272836403802,0.08244215561588476,0.1394593076516728
2023-10-22,0.10553397238254547,0.015728272836403802,0.0696116925640888,0.15115232295050163
2023-10-23,0.08165819197893143,0.016429658192931056,0.05556677846453128,0.042477787262711786
2023-10-24,0.059742700308561325,0.0061917150502740605,0.03832230620524642,0.021137449727660185
2023-10-25,0.0423988439142704,0.016076696389085137,0.03186998490419629,0.026825680041627775
2023-10-26,0.027852829545736313,0.015394245222974667,0.022869395816631655,0.02313006161340314
2023-10-27,0.01844184473156929,0.015394245222974667,0.01722280492813144,0.02433493193973102
2023-10-28,0.014146935194730759,0.015394245222974667,0.014645859206028322,0.028786420586250472
2023-10-29,0.015261035412549973,0.015394245222974667,0.01531431933671985,0.014076103469019774
2023-10-30,0.019777650013566017,0.01512757362818652,0.017917619459414218,0.016573298761150435
2023-10-31,0.027560699731111526,0.0025432287540904635,0.017553711340303098,0.021921334928032277
2023-11-01,0.03586374968290329,-0.006835899183650853,0.018783890136281633,0.005739181055084419
2023-11-02,0.04540132358670235,-0.04910184327443321,0.007600056842248123,0.05035546464828866
2023-11-03,0.05457058921456337,-0.053587096965484846,0.01130751474254408,0.07445534983371149
2023-11-04,0.06182827800512314,-0.053587096965484846,0.01566212801687994,0.058979119030907246
2023-11-05,0.06392833590507507,-0.05343907988233049,0.016981369590112844,0.05861581840221097
2023-11-06,0.059220895171165466,-0.05343907988233049,0.014156905149767078,0.04042790508156546
2023-11-07,0.047232307493686676,-0.053587096965484846,0.006904545710018063,0.004295869501840688
2023-11-08,0.02987752854824066,-0.05550865303644064,-0.0042769440856318605,0.06269466819669023
2023-11-09,0.011138375848531723,-0.0490298084571555,-0.01292889787374317,-0.014647521367893823
2023-11-10,-0.006273310631513596,-0.059405608698970186,-0.02752622985849623,-0.018436459747201428
2023-11-11,-0.015235178172588348,-0.059405608698970186,-0.032903350383141086,-0.015133315378400236
2023-11-12,-0.0179554745554924,-0.059405608698970186,-0.03453552821288352,0.007978873374338002
2023-11-13,-0.014395132660865784,-0.05140961379853185,-0.02920092511593221,0.027037048311805867
2023-11-14,-0.007824424654245377,-0.05722812553201719,-0.027585905005354103,0.0053573452815502964
2023-11-15,0.0011139288544654846,-0.05722812553201719,-0.022222892900127588,-0.011882762519084378
2023-11-16,0.01008179783821106,-0.05306537624078861,-0.01517707179338881,0.03126825908215203
2023-11-17,0.017254408448934555,-0.05802555026716284,-0.012857575037504405,0.030033659329566476
2023-11-18,0.021113619208335876,-0.05802555026716284,-0.010542048581863613,0.033159228945446984
2023-11-19,0.02275986224412918,-0.05802555026716284,-0.00955430276038763,0.0023439595330390084
2023-11-20,0.02257685363292694,-0.06325803207315758,-0.011757100649506871,-0.005502983007724227
2023-11-21,0.021020513027906418,-0.06377929435756015,-0.012899409926280211,0.05811763027168593
2023-11-22,0.020314104855060577,-0.06377929435756015,-0.013323254829987715,0.011930494643707767
2023-11-23,0.021100327372550964,-0.06377929435756015,-0.012851521319493483,0.01152133785663656
2023-11-24,0.0258173868060112,-0.06377929435756015,-0.010021285659417343,0.025692343631217973
2023-11-25,0.03454846516251564,-0.06377929435756015,-0.004782638645514679,0.044194028321890455
2023-11-26,0.04790285974740982,-0.06377929435756015,0.003229998105421829,0.06742331850276506
2023-11-27,0.06584370136260986,-0.06377929435756015,0.013994503074541857,0.12749881184769096
2023-11-28,0.08862578868865967,-0.06377929435756015,0.02766375547017174,0.16537908192391781
2023-11-29,0.11262646317481995,-0.06377929435756015,0.0420641601618679,0.15607201653482905
2023-11-30,0.1313670128583908,-0.06377929435756015,0.05330848997201042,0.14709961520476633
2023-12-01,0.13608253002166748,-0.06385981782037878,0.05610559088484897,0.14188501679828525
2023-12-02,0.12267985194921494,-0.06385981782037878,0.04806398404137745,0.10806621487515322
2023-12-03,0.08956751972436905,-0.06385981782037878,0.028196584706469914,0.09549747750064674
2023-12-04,0.0412675216794014,-0.06385981782037878,-0.000783414120510674,-0.017568008458935247
2023-12-05,-0.010008104145526886,-0.06385981782037878,-0.03154878961546764,-0.058559917882292534
2023-12-06,-0.04581619054079056,-0.06385981782037878,-0.053033641452625846,-0.0204205911473907
2023-12-07,-0.06042049080133438,-0.06385981782037878,-0.06179622160895214,-0.005797591762465082
2023-12-08,-0.056717388331890106,-0.06385981782037878,-0.05957436012728557,-0.05050124527433042
2023-12-09,-0.04211349040269852,-0.06385981782037878,-0.050812021369770616,-0.03284035174407962
2023-12-10,-0.02400941401720047,-0.06385981782037878,-0.039949575538471796,-0.05514699753434105
2023-12-11,-0.0072045400738716125,-0.06385981782037878,-0.02986665117247448,0.03404325461658919
2023-12-12,0.005990475416183472,-0.06338383538758854,-0.021759248905325337,0.018885390790937873
2023-12-13,0.014650225639343262,-0.06377929435756015,-0.016721582359418105,0.018659157904902468
2023-12-14,0.017766587436199188,-0.06377929435756015,-0.01485176528130455,0.01951408410436839
2023-12-15,0.018021367490291595,-0.06377929435756015,-0.014698897248849105,0.04837209080526361
2023-12-16,0.015110321342945099,-0.06377929435756015,-0.016445524937257004,0.033684871314959786
2023-12-17,0.00834156945347786,-0.06377929435756015,-0.020506776070937347,0.03907827619085591
2023-12-18,-0.0032578930258750916,-0.06377929435756015,-0.02746645355854912,0.021527833127821694
2023-12-19,-0.020254679024219513,-0.06377929435756015,-0.03766452515755577,0.005509983326233314
2023-12-20,-0.037401892244815826,-0.05333116986948762,-0.04377360329468454,-0.005497730308482551
2023-12-21,-0.05083010345697403,-0.05333116986948762,-0.05183053002197946,-0.029593860717070486
2023-12-22,-0.05134428292512894,-0.06284685313296304,-0.055945311008262576,-0.04325975732015086
2023-12-23,-0.03874233365058899,-0.06260606936687432,-0.04828782793710312,-0.03573919458443253
2023-12-24,-0.01926618069410324,-0.06260606936687432,-0.036602136163211674,-0.016466510821906644
2023-12-25,0.0010032542049884796,-0.06260606936687432,-0.02444047522375664,0.01384748943974623
2023-12-26,0.01784117892384529,-0.06260606936687432,-0.014337720392442556,0.05735218458803848
2023-12-27,0.030153200030326843,-0.06377929435756015,-0.007419797724827957,-0.01343853221994129
2023-12-28,0.03986041620373726,-0.06377929435756015,-0.0015954680207817089,0.03729322785393019
2023-12-29,0.047467589378356934,-0.06377929435756015,0.002968835883990096,0.049401252051789024
2023-12-30,0.052432943135499954,-0.06377929435756015,0.005948048138275909,0.04337987312851266
2023-12-31,0.0547247976064682,-0.06377929435756015,0.007323160820856857,0.03891439655771811
2024-01-01,0.05405900999903679,-0.06668376837983835,0.005761898647486732,0.062732418053149
2024-01-02,0.0534747876226902,-0.06043256400705119,0.007911846970793647,0.025876973522762636
2024-01-03,0.045699283480644226,-0.05190750256599414,0.006656569061988877,0.08889577672940474
2024-01-04,0.02673974260687828,-0.050804766107231905,-0.0042780608787657964,0.04955844814738497
2024-01-05,-0.0035275593400001526,-0.05696832656637354,-0.02490386623054951,-0.030861402316134212
2024-01-06,-0.03507237136363983,-0.05684688365248329,-0.043782176279177215,-0.02548039133630764
2024-01-07,-0.058420151472091675,-0.05653560834452163,-0.05766633422106365,-0.05000498531494668
2024-01-08,-0.0725499838590622,-0.06043256400705119,-0.06770301591825778,-0.0945653174029798
2024-01-09,-0.07860321551561356,-0.06581050784190835,-0.07348613244613147,-0.06445564953372374
2024-01-10,-0.07840397208929062,-0.06605129160799704,-0.07346289989677318,-0.08312022187169843
2024-01-11,-0.07402582466602325,-0.06668376837983835,-0.07108900215154929,-0.1081517230782777
2024-01-12,-0.06722093373537064,-0.06581050784190835,-0.06665676337798572,-0.026265271056802653
2024-01-13,-0.059447117149829865,-0.06227751478166012,-0.06057927620256197,-0.026884574982397047
2024-01-14,-0.062037914991378784,-0.06227751478166012,-0.06213375490749132,-0.00364273758846545
2024-01-15,-0.06224433332681656,-0.05263120285351561,-0.05839908113749618,-0.06923085970487708
2024-01-16,-0.06084584444761276,-0.04825659061252396,-0.055810142913577235,-0.07511599415363968
2024-01-17,-0.05658210068941116,-0.028743013460016533,-0.04544646579765331,-0.06291410390381547
2024-01-18,-0.04541892558336258,-0.04652956622519053,-0.04586318184009376,-0.03306297259693913
2024-01-19,-0.02361413836479187,-0.05201646539464497,-0.03497506917673311,0.003948243634093407
2024-01-20,0.005922913551330566,-0.05201646539464497,-0.01725283802705965,0.010182981405428393
2024-01-21,0.03512391075491905,-0.05201646539464497,0.00026776029509344157,0.010839981308469637
2024-01-22,0.055620476603507996,-0.05249601664839898,0.012373879302745201,0.09438632511811318
2024-01-23,0.06289042532444,-0.06260606936687432,0.012691827447914271,0.07628278392685273
2024-01-24,0.056807227432727814,-0.05263120285351561,0.013031855318230444,0.062245914170131034
2024-01-25,0.04408913105726242,-0.05115581233247375,0.005991153701367949,0.07812224341227947
2024-01-26,0.02836528792977333,-0.05175722522611596,-0.0036837173325823917,0.032911871815636706
2024-01-27,0.0135120190680027,-0.05140961379853185,-0.012456634078611122,0.02114070943383317
2024-01-28,0.0026376210153102875,-0.05140961379853185,-0.01898127291022657,0.013128862322292045
2024-01-29,0.0015841498970985413,-0.05109580025994262,-0.019487830165717923,-0.013717389446847417
2024-01-30,0.011201024055480957,-0.05140961379853185,-0.013843231086124168,0.0036759654503493167
2024-01-31,0.023083340376615524,-0.03352608547370765,0.0004395700364862535,0.04155941756693271
2024-02-01,0.037123728543519974,-0.0497851522152791,0.0023601762400003445,0.05119683104263539
2024-02-02,0.06595808267593384,-0.0497851522152791,0.01966078871944866,0.09103634259259241
2024-02-03,0.09342648088932037,-0.0497851522152791,0.036141827647480584,0.11020413572406551
2024-02-04,0.11913007497787476,-0.0497851522152791,0.051563984100613205,0.13425841558861218
2024-02-05,0.14089246094226837,-0.05064508111528619,0.06427744411924655,0.16878458019092135
2024-02-06,0.15292005240917206,-0.05554077013148726,0.06953572339290832,0.15315083082070435
2024-02-07,0.1495935618877411,-0.06027287901510547,0.06564698552660246,0.16788358857802543
2024-02-08,0.13394379615783691,-0.06027287901510547,0.05625712608865996,0.14554088055174974
2024-02-09,0.11636938154697418,-0.056110129723876905,0.04737757703863375,0.10589956838946679
2024-02-10,0.10437396168708801,-0.055815614700828554,0.04029813113192138,0.08149656897884427
2024-02-11,0.09791095554828644,-0.055675956336603896,0.0364761907943303,0.07945508891409703
2024-02-12,0.09500938653945923,-0.0487637985688528,0.03750011249613441,0.037210768938285455
2024-02-13,0.09130197763442993,0.003802623123032759,0.05630223582987106,0.05149398616769285
2024-02-14,0.05407997965812683,-0.032159898116891496,0.0195840285481195,0.0010468157552143698
2024-02-15,0.021854665130376816,-0.042482905399622406,-0.0038803630816228746,-0.011402852737085634
2024-02-16,0.004389535635709763,-0.03372990848723054,-0.010858242013466357,-0.026474504792503906
2024-02-17,0.0012973211705684662,-0.03352608547370765,-0.01263204148714198,-0.001441057234874088
2024-02-18,0.013232424855232239,-0.03352608547370765,-0.005470979276343718,-0.007841163596301826
2024-02-19,0.04013121873140335,-0.004051380858350802,0.02245817889550169,0.052182599503657334
2024-02-20,0.07993289828300476,0.0025432287540904635,0.048977030471439045,0.09143949289325692
2024-02-21,0.1280236840248108,0.0019042423198585,0.07757590734282986,0.20410481203346853
2024-02-22,0.17089685797691345,-0.016376226918591762,0.09598762401871136,0.19190608718303293
2024-02-23,0.1944921612739563,-0.04674039873219082,0.09799913727149745,0.2294599475998711
2024-02-24,0.2009725272655487,-0.04674039873219082,0.1018873568664529,0.20204420474470508
2024-02-25,0.19593995809555054,-0.04674039873219082,0.09886781536445399,0.22009226959424
2024-02-26,0.17525440454483032,-0.04674039873219082,0.08645648323402186,0.2527557310523241
2024-02-27,0.14199519157409668,-0.05109580025994262,0.06475879484048096,0.11723320196909603
2024-02-28,0.10879448801279068,-0.046083515391790175,0.04684328665095834,0.05833441450792143
2024-02-29,0.08813142776489258,-0.05109580025994262,0.0324405365549585,0.09311465315949441
2024-03-01,0.0791207104921341,-0.05179010171410629,0.026756385609637938,0.09194555354483813
2024-03-02,0.09456828236579895,-0.05179010171410629,0.03602492873383685,0.10205303410635214
2024-03-03,0.1134660467505455,-0.05179010171410629,0.04736358736468478,0.09256128239120431
2024-03-04,0.12680628895759583,-0.05147628817551706,0.055493258104350664,0.05615576422312851
2024-03-05,0.1314704716205597,-0.028919678362068085,0.06731441162750858,0.12127297073740317
2024-03-06,0.12542445957660675,-0.023575149565373182,0.06582461591981477,0.10591708937428401
2024-03-07,0.1017657071352005,-0.0297124887686921,0.049174428773643454,0.06832615094435068
2024-03-08,0.06860527396202087,-0.004543056859228981,0.039345941633520926,0.020193414409771293
2024-03-09,0.0330924317240715,-0.004543056859228981,0.01803823629075131,-0.04410036293095043
2024-03-10,-0.002072397619485855,-0.004228045760402354,-0.0029346568758524547,-0.008155939711015359
2024-03-11,-0.031593188643455505,-0.00015527838138331025,-0.019018024538626627,-0.06198984157462528
2024-03-12,-0.05299782752990723,-0.04691005414076496,-0.05056271817425032,-0.13316084460045274
2024-03-13,-0.0627799779176712,-0.04692436010748022,-0.056437730793594806,-0.07159884284643148
2024-03-14,-0.06806021928787231,-0.03250819186962798,-0.05383940832057458,-0.0824731393966629
2024-03-15,-0.059031225740909576,-0.03250819186962798,-0.04842201219239694,-0.0820607526491065
2024-03-16,-0.037435196340084076,-0.03250819186962798,-0.03546439455190163,-0.02007055674654279
2024-03-17,-0.005165323615074158,-0.03250819186962798,-0.016102470916895685,-0.01730413483858384
2024-03-18,0.03353360295295715,-0.03333384690824861,0.006786623008474848,0.033575215733651076
2024-03-19,0.06955195963382721,-0.04652956622519053,0.023119349290220113,0.1299796245886975
2024-03-20,0.09282897412776947,-0.05249601664839898,0.034698977817302086,0.024019276977723436
2024-03-21,0.10420313477516174,-0.05333116986948762,0.04118941291730199,0.08059889525806163
2024-03-22,0.1098058745265007,-0.05201646539464497,0.04507693855804243,0.09489371227074028
2024-03-23,0.10048779100179672,-0.05201646539464497,0.039486088443220047,0.08739129748534169
2024-03-24,0.06768856942653656,-0.05201646539464497,0.019806555498063944,0.06055677139663307
2024-03-25,0.02719225361943245,-0.05140961379853185,-0.004248493347753273,-0.003294361291590997
2024-03-26,-0.003343012183904648,-0.051406652886238864,-0.022568468464838336,-0.06463979539349607
2024-03-27,-0.017252229154109955,-0.05722812553201719,-0.03324258770527285,-0.05047805534447325
2024-03-28,-0.015446417033672333,-0.05249601664839898,-0.03026625687956299,-0.032393198136212664
2024-03-29,-0.00108371302485466,-0.05249601664839898,-0.02164863447427239,-0.029060906329428482
2024-03-30,0.016388561576604843,-0.05249601664839898,-0.011165269713396686,-0.00986143291285202
2024-03-31,0.03240787982940674,-0.05249601664839898,-0.001553678761715551,-0.026930692069206952
2024-04-01,0.04544411972165108,-0.04798081554777234,0.00807414561388171,0.028287231262688506
2024-04-02,0.053310614079236984,-0.005038903932272285,0.029970806874633278,0.05624481489747257
2024-04-03,0.05483420565724373,-0.03351051181030015,0.019496318670226175,0.07076361272514053
2024-04-04,0.04316999390721321,0.00571348489317106,0.02818739030159635,0.022170959232295395
2024-04-05,0.026394393295049667,0.004401355914073842,0.017597178342659336,-0.010381798338027437
2024-04-06,-0.0030153021216392517,0.004401355914073842,-4.8638907354014126e-05,-0.07215934161634929
2024-04-07,-0.02946232259273529,0.004401355914073842,-0.015916851190011638,-0.05332366210743633
2024-04-08,-0.04769334942102432,-0.0004673697579574352,-0.028802957555797565,-0.11449329796146335
2024-04-09,-0.05176779627799988,-0.0010706244983111112,-0.03148892756612437,-0.07741026234344717
2024-04-10,-0.03923018276691437,0.003719996616747107,-0.02205011101344978,-0.1324305107609851
2024-04-11,-0.015511125326156616,-0.002694668048123364,-0.010384542414943316,-0.0933652619202604
2024-04-12,0.01564691960811615,0.015203737254159551,0.015469646666533509,-0.049146022469579775
2024-04-13,0.04482915624976158,0.015678859063249385,0.0331690373751567,0.01589499864762356
2024-04-14,0.059809304773807526,0.015678859063249385,0.042157126489584265,-0.010975781367077109
2024-04-15,0.06044015660881996,0.019743203831794724,0.044161375498009865,0.05360029227377683
2024-04-16,0.04130370169878006,0.016104733022043877,0.031224114228085586,0.041079647907095174
2024-04-17,0.007433943450450897,0.015728272836403802,0.01075167520483206,0.04915713582355097
2024-04-18,-0.02928527444601059,0.015394245222974667,-0.011413466578416485,0.01620070433186771
2024-04-19,-0.06614856421947479,0.018737614416279816,-0.032194092765172946,-0.0007521387771257659
2024-04-20,-0.09942103177309036,0.018737614416279816,-0.05215757329734229,-0.02276865670607542
2024-04-21,-0.11948250979185104,0.017183812714384572,-0.0648159807893568,-0.02806433209143966
2024-04-22,-0.11892344802618027,0.01589700228274475,-0.06499526790261026,-0.044198594059323026
2024-04-23,-0.09898855537176132,0.0029286741655577754,-0.058221663556833676,-0.08645767458668352
2024-04-24,-0.06523507088422775,0.004273006260043427,-0.03743184002651928,-0.09215519962096497
2024-04-25,-0.025589890778064728,2.1386520668244442e-05,-0.015345379858571538,-0.08430806126173163
2024-04-26,0.013014733791351318,-0.002403974068183262,0.0068472506475374855,-0.013925040940090838
2024-04-27,0.04577859863638878,-0.0008939595962595566,0.02710957534332944,0.00677665588120635
2024-04-28,0.06641025841236115,-0.0008939595962595566,0.03948857120891286,0.014153984988898527
2024-04-29,0.07079999893903732,-0.004862239030220729,0.0405351037513341,-0.010973131243541157
2024-04-30,0.0609133318066597,0.0029286741655577754,0.03771946875021893,0.027031909282700495
2024-05-01,0.04151984304189682,-0.001921035108665037,0.024143491781672077,0.04845474948415118
2024-05-02,0.018432186916470528,-0.008262538759793997,0.007754296645964718,0.06795392055720395
2024-05-03,-0.007337264716625214,-0.05449609998951587,-0.02620079882578148,-0.0331099467081285
2024-05-04,-0.017058871686458588,-0.05449609998951587,-0.0320337630076815,-0.04798798097540791
2024-05-05,-0.005656097084283829,-0.05449609998951587,-0.025192098246376648,-0.039492751359120226
2024-05-06,0.01814446598291397,-0.05449609998951587,-0.010911760406057968,-0.0035638300146013657
2024-05-07,0.04749549925327301,-0.054806952615812116,0.006574518505638956,-0.011788885878949995
2024-05-08,0.07840083539485931,-0.05589631637797223,0.024681974685726697,0.08192877522162245
2024-05-09,0.10760568827390671,-0.060628425261590436,0.040312042859707846,0.03426450926459235
2024-05-10,0.13023540377616882,-0.06112094874434259,0.053692862767964256,0.10236860236325707
2024-05-11,0.14232969284057617,-0.06112094874434259,0.060949436206608656,0.10010868709247478
2024-05-12,0.14265349507331848,-0.06112094874434259,0.06114371754625404,0.07790678516472327
2024-05-13,0.13438528776168823,-0.0476003276321979,0.06159104160413377,0.13515298995489022
2024-05-14,0.1091785654425621,-0.05109580025994262,0.04506881916156022,0.1391880377066359
2024-05-15,0.0784258097410202,-0.0582716738868387,0.023746816289876634,0.04471041363008155
2024-05-16,0.050946205854415894,-0.0582716738868387,0.007259053957914052,0.0419166275390237
2024-05-17,0.03317871689796448,-0.06377929435756015,-0.005604487604245378,0.022767814514203844
2024-05-18,0.023008175194263458,-0.06377929435756015,-0.011706812626465987,0.03549821266319175
2024-05-19,0.016120702028274536,-0.06377929435756015,-0.01583929652605934,0.03370340801771321
2024-05-20,0.007714185863733292,-0.06306050158127227,-0.020595689114268935,-0.02813555070904683
2024-05-21,-1.2893229722976685e-05,-0.06377929435756015,-0.025519453680857847,-0.024946420685079573
2024-05-22,-0.0032205991446971893,-0.06086946664567698,-0.026280146145089108,-0.02189206296331958
2024-05-23,-0.00258665531873703,-0.05333116986948762,-0.022884461139037266,0.005627805939857122
2024-05-24,-0.0002514868974685669,-0.06377929435756015,-0.0256626098815052,-0.014733481361558387
2024-05-25,0.0025524720549583435,-0.06377929435756015,-0.023980234510049055,-0.021990293917339754
2024-05-26,0.008075501769781113,-0.06377929435756015,-0.020666416681155396,-0.010831487919527705
2024-05-27,0.016281507909297943,-0.05772064901476934,-0.013319354860328972,-0.00902307333484742
2024-05-28,0.02715384215116501,-0.05175722522611596,-0.004410584799747385,0.031279245023164925
2024-05-29,0.03800835460424423,-0.03250819186962798,0.009801736014695347,0.051078438879200494
2024-05-30,0.047343648970127106,-0.005022886930910998,0.02639703460971186,0.035798278240471326
2024-05-31,0.044230278581380844,-0.05140961379853185,0.005974321629415764,0.026881695753376622
2024-06-01,0.024583058431744576,-0.05140961379853185,-0.0058140104603659985,0.022778246295939608
2024-06-02,0.011152930557727814,-0.05140961379853185,-0.013872087184776054,0.027779716649871
2024-06-03,-0.003756210207939148,-0.05109580025994262,-0.022692046228740537,0.010610391818619114
2024-06-04,-0.018990032374858856,-0.05109580025994262,-0.03183233952889236,-0.045700293629631905
2024-06-05,-0.0312131866812706,-0.05333116986948762,-0.04006037995655741,-0.03999564043426895
2024-06-06,-0.036986999213695526,-0.05698151494999971,-0.0449848055082172,-0.05686586799316262
2024-06-07,-0.036764368414878845,-0.05802555026716284,-0.045268841155792446,-0.04774827122827863
2024-06-08,-0.032671548426151276,-0.05772064901476934,-0.0426911886615985,-0.04446962262261722
2024-06-09,-0.02759964019060135,-0.05772064901476934,-0.03964804372026855,-0.04266115362161871
2024-06-10,-0.02316044270992279,-0.05175722522611596,-0.034599155716400064,-0.043653580672993963
2024-06-11,-0.021223075687885284,-0.05126159671537749,-0.03323848409888217,-0.03177514891351374
2024-06-12,-0.021220386028289795,-0.06215994238144581,-0.0375962085695522,-0.04818968243725574
2024-06-13,-0.020519979298114777,-0.06260606936687432,-0.037354415325618597,-0.02849983848264437
2024-06-14,-0.02529522031545639,-0.05184148277872723,-0.035913725300764726,-0.028775214822726602
2024-06-15,-0.03334309160709381,-0.05175722522611596,-0.04070874505470268,-0.029688841242219155
2024-06-16,-0.04357018321752548,-0.05140961379853185,-0.04670595544992803,-0.05199494217410017
2024-06-17,-0.051452018320560455,-0.05140961379853185,-0.05143505651174901,-0.09339286629908161
2024-06-18,-0.053578972816467285,-0.05722812553201719,-0.05503863390268725,-0.05169610214418585
2024-06-19,-0.05016729235649109,-0.05249601664839898,-0.051098782073254245,-0.06324616922026338
2024-06-20,-0.04120977967977524,-0.04674039873219082,-0.04342202730074147,-0.048767080124414997
2024-06-21,-0.02480747550725937,-0.04692436010748022,-0.03365422934734771,-0.05792818484037998
2024-06-22,-0.004541393369436264,-0.04674039873219082,-0.021420995514538084,-0.0509683715153012
2024-06-23,0.010768748819828033,-0.04674039873219082,-0.012234910200979507,-0.006929282245011548
2024-06-24,0.009809479117393494,-0.04571904508576451,-0.01240193056386971,0.0432334936054255
2024-06-25,-0.004744533449411392,-0.05109580025994262,-0.023285040173623883,0.005330549569532161
2024-06-26,-0.025808162987232208,-0.05175722522611596,-0.03618778788278571,-0.010784689194888508
2024-06-27,-0.04767068475484848,-0.05722812553201719,-0.051493661065715964,-0.07546145485230316
2024-06-28,-0.06909245252609253,-0.05249601664839898,-0.06245387817501511,-0.06286920068630608
2024-06-29,-0.08565541356801987,-0.05263120285351561,-0.07244572928221817,-0.04519921399230131
2024-06-30,-0.09264978021383286,-0.05263120285351561,-0.07664234926970595,-0.11014781906776605
2024-07-01,-0.08831389993429184,-0.059405608698970186,-0.07675058344016318,-0.09833658161153913
2024-07-02,-0.06774924695491791,-0.06377831365574464,-0.0661608736352486,-0.06575101145931628
2024-07-03,-0.041327036917209625,-0.06044915705379172,-0.048975884971842465,-0.04123548504216512
2024-07-04,-0.012590087950229645,-0.059405608698970186,-0.031316296249725865,0.005081155989280273
2024-07-05,0.01629360020160675,-0.05467349981535198,-0.012093239805176743,0.02225564063791574
2024-07-06,0.043901439756155014,-0.05494834438469327,0.004361526099815698,0.016724846741712485
2024-07-07,0.06758077442646027,-0.05550865303644064,0.0183450034412999,0.08844063166815896
2024-07-08,0.084709033370018,-0.059405608698970186,0.027063176542422723,0.14122496104179127
2024-07-09,0.0933273434638977,-0.05494834438469327,0.03401706832446131,0.12048217054263555
2024-07-10,0.09623076021671295,-0.05327328342689562,0.03642914275926952,0.1102130154861296
2024-07-11,0.09623228013515472,-0.04977781079915091,0.03782824376143247,0.11594075258951486
2024-07-12,0.09279652684926987,-0.05581992834440231,0.03334994477180099,0.15151211540687282
2024-07-13,0.08595556765794754,-0.05333116986948762,0.030240872646973473,0.13404393823257288
2024-07-14,0.07113426178693771,-0.05306537624078861,0.021454406575847178,0.12117900105447688
2024-07-15,0.0529097244143486,-0.04408949034692032,0.014110038509841032,0.04338211369050238
2024-07-16,0.03542947769165039,-0.03425198213253828,0.007556893761974921,0.013714103332221672
2024-07-17,0.021935800090432167,0.00652501143369699,0.015771484627738096,0.020097525292960494
2024-07-18,0.016393128782510757,0.018737614416279816,0.01733092303601838,0.028318313831735775
2024-07-19,0.013547398149967194,0.019596580084767716,0.015967070923887404,0.018721722172217348
2024-07-20,0.010967008769512177,0.019596580084767716,0.014418837295614393,0.01126810322794336
2024-07-21,0.011833563446998596,0.019596580084767716,0.014938770102106244,0.0012402197363059475
2024-07-22,0.011576317250728607,0.01589700228274475,0.013304591263535065,-0.011066159588615676
2024-07-23,0.014214340597391129,0.006501705822397129,0.011129286687393528,0.003821735649457869
2024-07-24,0.015014763921499252,0.019516210928327393,0.01681534272423051,-0.011441507586882005
2024-07-25,-0.022836290299892426,0.019516210928327393,-0.005895289808604497,-0.006777056821471783
2024-07-26,-0.08501481264829636,0.019126729479216245,-0.04335819579729132,-0.09438742039044301
2024-07-27,-0.13757649064064026,0.019126729479216245,-0.07489520259269766,-0.10602181261184307
2024-07-28,-0.169350266456604,0.019126729479216245,-0.0939594680822759,-0.147822677490422
2024-07-29,-0.17413154244422913,0.01929290225729386,-0.09676176456361993,-0.19114979795519005
2024-07-30,-0.15523815155029297,0.019516210928327393,-0.08533640655884482,-0.15359264519248195
2024-07-31,-0.12469183653593063,0.018737614416279816,-0.06732005615504645,-0.14689979575416223
2024-08-01,-0.08841747790575027,0.017163261549715078,-0.04618518212356413,-0.05612554514626644
2024-08-02,-0.04612155258655548,0.017163261549715078,-0.020807626932047258,-0.010737527344238496
2024-08-03,-0.004144433885812759,0.017163261549715078,0.004378644288398376,0.003715444284069447
2024-08-04,0.04394543915987015,0.017163261549715078,0.03323256811580812,0.009483846563848486
2024-08-05,0.08389867842197418,0.017163261549715078,0.05720451167307054,0.09862916269351363
2024-08-06,0.0835658609867096,0.017163261549715078,0.05700482121191179,0.0814883293191373
2024-08-07,0.041236504912376404,0.017163261549715078,0.031607207567311876,0.06437442775948687
2024-08-08,-0.007101334631443024,0.017163261549715078,0.002604503841020217,-0.06719402574231204
2024-08-09,-0.027463920414447784,0.0172436307061554,-0.009580899966206511,-0.03227243372110089
2024-08-10,-0.020254746079444885,0.0172436307061554,-0.00525539536520477,-0.023497004686696576
2024-08-11,-0.008859861642122269,0.0172436307061554,0.0015815352971887998,-0.0048582424996069795
2024-08-12,0.0014066807925701141,0.0172436307061554,0.007741460758004229,0.0015478551102472426
2024-08-13,0.009916342794895172,0.015394245222974667,0.01210750376612697,-0.0259683777830777
2024-08-14,0.027166804298758507,0.00652501143369699,0.018910087152733897,0.042135261783615485
2024-08-15,0.059175241738557816,0.0025432287540904635,0.03652243654477087,0.04926534200099897
2024-08-16,0.09107016026973724,-0.00029070485590588027,0.054525814219479996,0.08768874862844078
2024-08-17,0.10389013588428497,-0.000528341581785069,0.062122744897856956,0.07841425375079902
2024-08-18,0.08751549571752548,-0.000528341581785069,0.05229796079780126,0.09914278159115564
2024-08-19,0.051155656576156616,-0.0008939595962595566,0.030335810107190143,0.05712627337500109
2024-08-20,0.014970675110816956,0.003802623123032759,0.010503454315703277,0.006798409863455701
2024-08-21,-0.017130494117736816,0.00652501143369699,-0.007668291897163292,-0.034683906067807135
2024-08-22,-0.04370398819446564,0.016429658192931056,-0.01965052963950696,-0.016841670443011547
2024-08-23,-0.06789892166852951,0.004457141997719358,-0.038956496202029955,-0.07672488695640223
2024-08-24,-0.07224533706903458,0.004457141997719358,-0.041564345442333006,-0.08078649550532369
2024-08-25,-0.06408699601888657,0.004457141997719358,-0.0366693408122442,-0.10772563064465901
2024-08-26,-0.04680842161178589,0.004578020816125395,-0.026253844640621374,-0.058915077824107986
2024-08-27,-0.025128968060016632,0.002231131319794812,-0.014184928308092053,-0.03243743162501045
2024-08-28,-0.03315170109272003,0.015584904848449092,-0.013657058716252383,-0.018023237102120948
2024-08-29,-0.05351978540420532,0.002470802439555395,-0.031123550266701033,-0.053555643869397485
2024-08-30,-0.06205834448337555,-0.0006028022902015316,-0.03747612760610594,-0.087291470010735
2024-08-31,-0.06025303155183792,-0.0006028022902015316,-0.036392939847183364,-0.0816144541008671
2024-09-01,-0.05375263839960098,-0.0032798768166970166,-0.0335635337664394,-0.04244033265237823
2024-09-02,-0.045480355620384216,-0.00044594320670067233,-0.027466590654910798,-0.03534677340390069
2024-09-03,-0.03148498386144638,0.016574418613239657,-0.012261222871571963,0.0025789851156063914
2024-09-04,0.007052704691886902,0.016262321178944005,0.010736551286709743,-0.01091754656215449
2024-09-05,0.034081775695085526,0.01610456800768819,0.026890892620126592,0.03475115699537201
2024-09-06,0.09621565788984299,0.016181952022503686,0.06420217554290726,0.12110211873067778
2024-09-07,0.09362776577472687,0.016181952022503686,0.06264944027383759,0.10768237431975791
2024-09-08,0.0666470006108284,0.016262321178944005,0.04649312883807464,0.07767548539774505
2024-09-09,0.047279201447963715,0.012394013930580094,0.03332512644101027,0.020546088846814525
2024-09-10,0.04803294688463211,0.012059986317150958,0.033643762657639645,0.046464023607471594
2024-09-11,0.05140049010515213,0.012113007575005302,0.0356854970930934,0.07712145523038827
2024-09-12,0.06137678027153015,0.0024682183144261083,0.037813355488688534,0.08283980408832803
2024-09-13,0.07380887866020203,0.004179577682053372,0.04595715826894257,0.044679989421138044
2024-09-14,0.07643590122461319,0.004179577682053372,0.047533371807589264,0.055938664874902955
2024-09-15,0.07536007463932037,0.004179577682053372,0.046887875856413574,0.075200568220253
2024-09-16,0.06920899450778961,0.006189608388101477,0.044001240059914355,0.08805443502498278
2024-09-17,0.05451323091983795,0.014815476193890868,0.03863412902945912,0.06546922198315852
2024-09-18,0.036784738302230835,0.016117560758635414,0.028517867284792667,0.022539187587303777
2024-09-19,0.023607540875673294,-0.044782788995311636,-0.003748591072720679,0.03536252706400944
2024-09-20,0.02137596160173416,-0.04490164636045451,-0.0051350815831413075,0.04064647660125886
2024-09-21,0.017158769071102142,-0.04490164636045451,-0.00766539710152052,0.039606648633221386
2024-09-22,0.005464643239974976,-0.04490164636045451,-0.01468187260019682,0.031822734510707607
2024-09-23,-0.013664275407791138,-0.0453367036074366,-0.026333246687649324,-0.00019576889734274072
2024-09-24,-0.03538649529218674,-0.04717447419657964,-0.0401016868539439,-0.05379356920888789
2024-09-25,-0.052572764456272125,-0.04680885618210516,-0.050267201146605336,-0.03963025088195926
2024-09-26,-0.06201624125242233,-0.04717447419657964,-0.05607953443008525,-0.06783810535460544
2024-09-27,-0.06262610107660294,-0.04302341180033937,-0.05478502536609751,-0.056012662317669326
2024-09-28,-0.059154756367206573,-0.04302341180033937,-0.05270221854045969,-0.05769989978438461
2024-09-29,-0.049232639372348785,-0.042953813115000135,-0.04672110886940932,-0.04240876156081175
2024-09-30,-0.035531170666217804,-0.044085305762940334,-0.03895282470490681,-0.017426685588382562
2024-10-01,-0.02189033478498459,-0.10599134136493149,-0.05553073741696335,0.022279296474776
2024-10-02,-0.021249331533908844,-0.10623085429334483,-0.05524194063768324,-0.0002186340876594306
2024-10-03,-0.020351342856884003,-0.1024770794338316,-0.05320163748766304,-0.0070173001336072405
2024-10-04,-0.020179077982902527,-0.10609706176451167,-0.05454627149554619,0.007312437586573406
2024-10-05,-0.00917961448431015,-0.10609706176451167,-0.04794659339639076,0.01850236875181288
2024-10-06,0.006732102483510971,-0.10609706176451167,-0.03839956321569809,0.0007976770421986856
2024-10-07,0.02975449338555336,-0.10161811376534367,-0.022794549474805456,0.06203378117768077
2024-10-08,0.06146668270230293,-0.10192179159281753,-0.0038887070157452575,0.07904780029887148
2024-10-09,0.09653758257627487,-0.1024770794338316,0.016931717772232284,0.11517889861504749
2024-10-10,0.1070360392332077,-0.1024770794338316,0.023230791766391985,0.11761668483726617
2024-10-11,0.09647557139396667,-0.10526558021190527,0.015779110751617892,0.09414774544291649
2024-10-12,0.08603459596633911,-0.10526558021190527,0.009514525495041358,0.08182390910261672
2024-10-13,0.07312455773353577,-0.03153437604878515,0.0312609842206074,0.0980112619655602
2024-10-14,0.04906017705798149,-0.032145016799589206,0.01657809951495321,0.019573727312772737
2024-10-15,0.02981027029454708,-0.03131353524698284,0.00536074807793511,0.0052458369201602295
2024-10-16,0.010783329606056213,-0.03227880932842237,-0.006441525967735221,-0.014069208212184492
2024-10-17,-0.0005773603916168213,-0.031964783936708506,-0.013132329809653495,0.011517049831671677
2024-10-18,-0.009024888277053833,-0.04239668391614471,-0.022373606532690184,-0.025277225697083017
2024-10-19,-0.016128845512866974,-0.04239668391614471,-0.026635980874178067,-0.01879610401006182
2024-10-20,-0.01456044614315033,-0.04239668391614471,-0.025694941252348082,-0.01463509888676262
2024-10-21,0.004697438329458237,-0.03759824161408703,-0.01222083364795987,0.038361619234907884
2024-10-22,0.029705919325351715,-0.04239668391614471,0.0008648780287531452,0.07875923234360638
2024-10-23,0.0454857274889946,-0.031964783936708506,0.014505522918713357,0.08513881712019078
2024-10-24,0.04596081003546715,-0.032537793116704246,0.014561368774598588,0.03070062764046244
2024-10-25,0.030343446880578995,-0.03186840366221429,0.005458706663461682,0.04194527809017101
2024-10-26,0.008626636117696762,-0.03186840366221429,-0.007571379794267658,0.034012313698229324
2024-10-27,-0.010017521679401398,-0.03186840366221429,-0.018757874472526553,0.011088961316756407
2024-10-28,-0.016299962997436523,-0.03227880932842237,-0.022691501529830863,-0.03019058431687638
2024-10-29,-0.008288636803627014,-0.031964783936708506,-0.01775909565685961,-0.04625481980003965
2024-10-30,0.009907994419336319,-0.03203929640000902,-0.0068709219084018185,0.04460932474150847
2024-10-31,0.03366895765066147,-0.027666068800421235,0.009134947070228387,0.0791822569876719
2024-11-01,0.06393065303564072,-0.09923621463566946,-0.0013360940328833587,0.10092334797350233
2024-11-02,0.11155614256858826,-0.09923621463566946,0.02723919968688516,0.1052648269384504
2024-11-03,0.18322449922561646,-0.09923621463566946,0.07024021368110209,0.16857656283828115
2024-11-04,0.23687022924423218,-0.09923621463566946,0.1024276516922715,0.306528768381906
2024-11-05,0.2328973114490509,-0.10285619696634958,0.0985959080828907,0.26783136311028044
2024-11-06,0.20323339104652405,-0.11449401039791117,0.07614243046874994,0.19588223096943702
2024-11-07,0.18911787867546082,-0.1295189987895926,0.061663127689439434,0.15117346396004416
2024-11-08,0.18118387460708618,-0.18443360361958577,0.034936883316417394,0.18980959035563827
2024-11-09,0.15717196464538574,-0.18443360361958577,0.02052973733939714,0.18140220085537506
2024-11-10,0.11218073219060898,-0.18443360361958577,-0.006465002133468928,0.11802885180678735
2024-11-11,0.06941209733486176,-0.18443360361958577,-0.03212618304691726,0.02048653331000505
2024-11-12,0.0455581471323967,-0.18519914903338983,-0.04674477133391791,0.04955861725047561
2024-11-13,0.060071855783462524,-0.14068618331230814,-0.020231359854845747,0.04327912967274217
2024-11-14,0.08297744393348694,-0.1389878156265417,-0.005808659890524523,0.12586837374932136
2024-11-15,0.09691790491342545,-0.11989999252851881,0.01019074593664774,0.0863424285529264
2024-11-16,0.0960962325334549,-0.11989999252851881,0.00969774250866541,0.07821747333941809
2024-11-17,0.07744131982326508,-0.11989999252851881,-0.001495205117448481,0.08952157780466274
2024-11-18,0.0490899495780468,-0.1307597250575602,-0.022849920276196003,0.028142993329506982
2024-11-19,0.01991555280983448,-0.11982890556925437,-0.035982230541801066,-0.0037441993509099714
2024-11-20,-0.0008440650999546051,-0.11878742640763452,-0.048021409623026576,0.01672083486766307
2024-11-21,-0.013361595571041107,-0.11922565082890067,-0.05570721767418493,-0.02718895752845485
2024-11-22,-0.01822764426469803,-0.13191738181472945,-0.0637035392847106,-0.014480443311895796
2024-11-23,-0.012809034436941147,-0.13191738181472945,-0.06045237338805647,-0.01294541753862899
2024-11-24,-0.0013488642871379852,-0.13191738181472945,-0.05357627129817458,-0.007301937772446254
2024-11-25,0.01027074083685875,-0.13858358664908368,-0.04927099015751823,0.03043339098662612
2024-11-26,0.018512921407818794,-0.14068618331230814,-0.04516672048023199,0.042239147955595246
2024-11-27,0.021777736023068428,-0.14068618331230814,-0.0432078317110822,0.028417709377465572
2024-11-28,0.02025640569627285,-0.14068618331230814,-0.04412062990715955,0.013609324915169863
2024-11-29,0.016904544085264206,-0.14062520846208637,-0.04610735693367603,0.02340283193104864
2024-11-30,0.014301449060440063,-0.14062520846208637,-0.047669213948570516,0.035515728520011614
2024-12-01,0.012431707233190536,-0.18547749560059165,-0.06673197390032233,0.04038074529470448
2024-12-02,0.011893481016159058,-0.18582510702817578,-0.06719395420157488,0.014981643482690377
2024-12-03,0.012476753443479538,-0.18582510702817578,-0.06684399074518259,0.007754954658695246
2024-12-04,0.014202602207660675,-0.18582510702817578,-0.06580848148667391,0.025740429905184437
2024-12-05,0.01777765154838562,-0.18547749560059165,-0.06352440731120529,0.03155026172917741
2024-12-06,0.02507670223712921,-0.18606477445707473,-0.05937988844055237,0.016877840611729367
2024-12-07,0.035926453769207,-0.18606477445707473,-0.0528700375213057,0.015906825056777762
2024-12-08,0.04820653796195984,-0.18606477445707473,-0.045501987005654,0.03317588371192093
2024-12-09,0.057551492005586624,-0.18578493498761528,-0.03978307879169415,0.09028072256322628
2024-12-10,0.06035033240914345,-0.18578493498761528,-0.03810377454956005,0.09877258186411031
2024-12-11,0.04603978618979454,-0.18547749560059165,-0.046567126526359935,-0.009107441285537754
2024-12-12,0.017354246228933334,-0.1860664072666659,-0.06401401516930637,-0.025423209344319075
2024-12-13,-0.014772921800613403,-0.14102987201921924,-0.06527570188805575,-0.035679928616676904
2024-12-14,-0.04588186740875244,-0.14102987201921924,-0.08394106925293916,-0.04070212975744425
2024-12-15,-0.06313326954841614,-0.14102987201921924,-0.09429191053673738,-0.08881261380117689
2024-12-16,-0.06844264268875122,-0.13800828383605773,-0.09626889914767382,-0.10538686798418917
2024-12-17,-0.06628171354532242,-0.12095509358080969,-0.08815106555951732,-0.07038440367785026
2024-12-18,-0.057465553283691406,-0.10606893961968175,-0.07690690781808754,-0.007728333426975542
2024-12-19,-0.04897759109735489,-0.17622900215396142,-0.0998781555199975,-0.01713757566293106
2024-12-20,-0.03304898738861084,-0.18369252806991204,-0.09330640366113133,-0.03585086882692823
2024-12-21,-0.018498875200748444,-0.18369252806991204,-0.08457633634841388,-0.020474347374331736
2024-12-22,-0.018181942403316498,-0.18369252806991204,-0.08438617666995472,-0.015213013389431151
2024-12-23,-0.02450840175151825,-0.1847610289899635,-0.08860945264689635,-0.022021370453050526
2024-12-24,-0.028143994510173798,-0.1865329373296107,-0.09149957163794856,-0.051564923956742725
2024-12-25,-0.02369355410337448,-0.1865329373296107,-0.08882930739386898,-0.04865563172335008
2024-12-26,-0.01301538199186325,-0.18634897595432132,-0.08234881957684648,0.012456102622776744
2024-12-27,0.006575103849172592,-0.1846461919129554,-0.0699134144556786,0.041094272125598685
2024-12-28,0.03272717446088791,-0.1846461919129554,-0.05422217208864942,0.03064533053515217
2024-12-29,0.051705844700336456,-0.1846461919129554,-0.04283496994498029,0.0493439174210728
2024-12-30,0.0539250448346138,-0.18486427398358815,-0.041590682692666976,0.10177111077942569
2024-12-31,0.04110425338149071,-0.18486427398358815,-0.04928315756454084,0.03610551850901933
2025-01-01,0.014635488390922546,-0.18486427398358815,-0.06516441655888174,0.004956244088414108
2025-01-02,-0.010186389088630676,-0.18543909437138126,-0.08028747120173091,-0.04570098053519511
2025-01-03,-0.03359079360961914,-0.18457163425498227,-0.0939831298677644,-0.03512196384018684
2025-01-04,-0.04359278827905655,-0.18457163425498227,-0.09998432666942685,-0.03686104224678144
2025-01-05,-0.04434901475906372,-0.18457163425498227,-0.10043806255743115,-0.038820759018502904
2025-01-06,-0.038171470165252686,-0.1846461919129554,-0.09676135886433376,-0.07531133968989279
2025-01-07,-0.01975410431623459,-0.18483723834815177,-0.08578735792900147,-0.004061178730954573
2025-01-08,0.008209511637687683,-0.18495013146376058,-0.06905434560289163,0.05719235338380435
2025-01-09,0.03747210651636124,-0.18526259612289817,-0.051621774539342524,0.08033073988609063
2025-01-10,0.057250119745731354,-0.18154679930843945,-0.03826864787593698,0.09872008889629269
2025-01-11,0.06261792033910751,-0.18172649341477984,-0.03511984516244743,0.10524567708728072
2025-01-12,0.05363268032670021,-0.18172649341477984,-0.04051098916989181,0.07178069377712615
2025-01-13,0.039500731974840164,-0.18275913049985018,-0.049403213015035974,0.0817032858347233
2025-01-14,0.020434487611055374,-0.18323291066127226,-0.061032471697875686,0.099242695228688
2025-01-15,0.0029982179403305054,-0.1846461919129554,-0.07205954600098385,0.03193427488386513
2025-01-16,-0.010391954332590103,-0.18512664700443798,-0.08028583140132925,0.03923538289362738
2025-01-17,-0.02490551769733429,-0.18614017663625698,-0.08939938127290337,0.007619515768444884
2025-01-18,-0.03526414930820465,-0.18614017663625698,-0.09561456023942559,0.0018231338295193744
2025-01-19,-0.04054475575685501,-0.18614017663625698,-0.0987829241086158,0.012714990994415531
2025-01-20,-0.039373673498630524,-0.1859721005921158,-0.09801304433602463,-0.0017326421149380655
2025-01-21,-0.03234250098466873,-0.18634897595432132,-0.09394509097252976,-0.04529985824893057
2025-01-22,-0.020843155682086945,-0.18597466552466094,-0.08689575961911654,0.00025629983648101096
2025-01-23,-0.00981522724032402,-0.18634897595432132,-0.08042872672592294,0.00782020345617207
2025-01-24,-0.0024168118834495544,-0.18634897595432132,-0.07598967751179826,-0.023275754382786396
2025-01-25,-0.000362202525138855,-0.18634897595432132,-0.07475691189681184,-0.03924891297447142
2025-01-26,-0.004289809614419937,-0.18634897595432132,-0.07711347615038049,-0.04793812122393304
2025-01-27,-0.01339004933834076,-0.18501004827529488,-0.0820380489131224,-0.007389195616931854
2025-01-28,-0.035329803824424744,-0.18425662315615562,-0.0949005315571171,-0.03525308795968085
2025-01-29,-0.05109859257936478,-0.18457163425498227,-0.10448780924961178,-0.06864540238018224
2025-01-30,-0.05890331417322159,-0.18558343054051726,-0.10957536072013985,-0.07800191629455777
2025-01-31,-0.05567791312932968,-0.1846461919129554,-0.10726522464277996,-0.057822761320072025
2025-02-01,-0.04851704090833664,-0.1859576787185721,-0.10349329603243082,-0.0416443874511665
2025-02-02,-0.03605140000581741,-0.1859576787185721,-0.09601391149091928,-0.01266972901596597
2025-02-03,-0.020104311406612396,-0.1851868135143076,-0.08613731224969048,-0.03846597187050593
2025-02-04,-0.010842591524124146,-0.18607251579558023,-0.08093456123270659,-0.0203034620515935
2025-02-05,0.0004870407283306122,-0.18689491734613398,-0.07446574250145523,0.013016544558500431
2025-02-06,0.010081369429826736,-0.18689491734613398,-0.06870914528055755,0.0005570955632758778
2025-02-07,0.01370379701256752,-0.1859576787185721,-0.06616079327988833,0.010296476517716924
2025-02-08,0.008663710206747055,-0.1859576787185721,-0.06918484536338061,0.011663881306538837
2025-02-09,0.0013913996517658234,-0.1859576787185721,-0.07354823169636934,-0.0035726744261386223
2025-02-10,-0.0056906528770923615,-0.18689491734613398,-0.07817235866470901,-0.01694350925097421
2025-02-11,-0.008447311818599701,-0.18689491734613398,-0.07982635402961341,-0.0011115264225052268
2025-02-12,-0.01047041267156601,-0.18689491734613398,-0.0810402145413932,-0.01252293987155828
2025-02-13,-0.010443642735481262,-0.1865329373296107,-0.08087936057313304,0.017564358448470374
2025-02-14,-0.00897900015115738,-0.1860664072666659,-0.0798139629973608,-0.013523010348256759
2025-02-15,-0.011246159672737122,-0.1860664072666659,-0.08117425871030864,-0.010440233162645085
2025-02-16,-0.02432113140821457,-0.1860664072666659,-0.0890192417515951,0.0014552927169195762
2025-02-17,-0.04864223301410675,-0.18634897595432132,-0.10372493019019258,-0.04413363959072869
2025-02-18,-0.080147884786129,-0.18634897595432132,-0.12262832125340592,-0.07307633372195399
2025-02-19,-0.10443616658449173,-0.18634897595432132,-0.13720129033242356,-0.12824627032076463
2025-02-20,-0.11287298053503036,-0.18558343054051726,-0.14195716053722512,-0.13830852957631856
2025-02-21,-0.10530488938093185,-0.18495013146376058,-0.13716298621406334,-0.12301722214493815
2025-02-22,-0.08880350738763809,-0.18495013146376058,-0.12726215701808707,-0.10861077476040903
2025-02-23,-0.056813985109329224,-0.18495013146376058,-0.10806844365110177,-0.020652828855783456
2025-02-24,-0.016936510801315308,-0.18303035327679743,-0.08337404779150816,-0.05824251514534551
2025-02-25,0.021136697381734848,-0.18299351551378173,-0.060515387776471787,-0.015769211686009532
2025-02-26,0.04683249816298485,-0.1835382768523437,-0.045315811843146564,0.07544110635371437
2025-02-27,0.04839876666665077,-0.1807079501531295,-0.043243920061261334,0.06166211262188548
2025-02-28,0.016453567892313004,-0.18243134680836964,-0.06310039798796005,0.029067122039446502
2025-03-01,-0.024398446083068848,-0.1836507652025338,-0.08809937373085483,0.0018349022529955406
2025-03-02,-0.058489762246608734,-0.18388515021646532,-0.10864791743455138,-0.14358364272833357
2025-03-03,-0.07478611916303635,-0.177453850780417,-0.11585321180998862,-0.08843303242693368
2025-03-04,-0.08660437911748886,-0.17728767800233938,-0.12287769867142906,-0.04982689439446708
2025-03-05,-0.08250661939382553,-0.18103296487469564,-0.12191715758617358,-0.07643963132246967
2025-03-06,-0.06147871911525726,-0.17698400017486554,-0.10768083153910057,-0.09803096543395229
2025-03-07,-0.035224549472332,-0.17728767800233938,-0.09204980088433495,-0.03247111953388038
2025-03-08,-0.0013435818254947662,-0.177453850780417,-0.07178768940746366,-0.021850573719489508
2025-03-09,0.027408108115196228,-0.177453850780417,-0.05453667544304906,0.022792770910332383
2025-03-10,0.0461709164083004,-0.17706436933130587,-0.04312319788754212,0.06888619833156606
2025-03-11,0.04640250653028488,-0.17706436933130587,-0.042984243814351425,-0.0026281459284177577
2025-03-12,0.037172675132751465,-0.17728767800233938,-0.04861146612128488,0.03783240272599997
2025-03-13,0.027013611048460007,-0.17622900215396142,-0.054283434232508566,0.038310794767676626
2025-03-14,0.014960117638111115,-0.18084174268196265,-0.06336062648991839,0.0012572752645767515
2025-03-15,0.019742753356695175,-0.18084174268196265,-0.060491045058767956,-0.00590300223717688
2025-03-16,0.031903333961963654,-0.18084174268196265,-0.05319469669560687,0.042482470078848866
2025-03-17,0.04326926916837692,-0.18176631938122645,-0.046744966251464425,0.041520399409451514
2025-03-18,0.05260264500975609,-0.18084174268196265,-0.04077511006693141,0.056553688005674285
2025-03-19,0.04390203207731247,-0.1832868394972608,-0.046973516552516845,0.0007280708804580094
2025-03-20,0.032131128013134,-0.1839070863329388,-0.05428415772529513,0.03572190575563394
2025-03-21,0.012205477803945541,-0.18495013146376058,-0.0666567659031369,0.003990900570694622
2025-03-22,-0.011105138808488846,-0.18495013146376058,-0.08064313587059754,-0.014218053570472233
2025-03-23,-0.03668978065252304,-0.18495013146376058,-0.09599392097701806,-0.04289501350448688
2025-03-24,-0.05893047899007797,-0.1859721005921158,-0.1097471276308931,-0.05655147491101542
2025-03-25,-0.06150782108306885,-0.18558343054051726,-0.11113806486604821,-0.025568790680521203
2025-03-26,-0.049458250403404236,-0.1847610289899635,-0.10357936183802795,-0.050545644377917864
2025-03-27,-0.03407943993806839,-0.1849250469677139,-0.0944176827499266,-0.04607161981020502
2025-03-28,-0.020230360329151154,-0.1803518231996257,-0.08427894547734098,-0.006331228017309787
2025-03-29,-0.024731993675231934,-0.18065602227151914,-0.08710160511374682,0.010761835599273795
2025-03-30,-0.03193315118551254,-0.18065602227151914,-0.09142229961991519,-0.048063969907023996
2025-03-31,-0.03647158294916153,-0.1807079501531295,-0.09416612983074871,-0.041026887822303015
2025-04-01,-0.038200587034225464,-0.18101642178526772,-0.09532692093464237,-0.10375871582278373
2025-04-02,-0.030401021242141724,-0.18141295531710258,-0.09080579487212606,0.0011989147839779335
2025-04-03,-0.017429716885089874,-0.17697396989604378,-0.08124741808947143,-0.04333200461610054
2025-04-04,-0.014026612043380737,-0.17697396989604378,-0.07920555518444596,-0.005555259532527557
2025-04-05,0.023105699568986893,-0.17697396989604378,-0.056926168217025376,0.020815798895807536
2025-04-06,0.07574030011892319,-0.17697396989604378,-0.025345407887063603,0.06795868927706228
2025-04-07,0.09500369429588318,-0.17697396989604378,-0.013787371380887606,0.06857147332524538
2025-04-08,0.07931860536336899,-0.17697396989604378,-0.02319842474039612,0.0959294791753198
2025-04-09,0.04805253446102142,-0.17697396989604378,-0.041958067281804665,0.0171295313381723
2025-04-10,0.03633331507444382,-0.17697396989604378,-0.04898959891375122,0.06708693800694165
2025-04-11,0.02025286853313446,-0.17697396989604378,-0.058637866838536834,0.012596519172457299
2025-04-12,0.025104939937591553,-0.17697396989604378,-0.05572662399586258,-0.002344011097964338
2025-04-13,0.03693964332342148,-0.17630937131040175,-0.04835996253010781,0.01694412607449869
2025-04-14,0.055887963622808456,-0.17608237840693444,-0.036900173189088704,0.03457377199952982
2025-04-15,0.08812868595123291,-0.1765326799814353,-0.017735860421834372,0.11715127410827719
2025-04-16,0.1107984110713005,-0.17622900215396142,-0.004012554218804268,0.11496675369074838
2025-04-17,0.11261039227247238,-0.17669885275951291,-0.003113305740321745,0.10633057364212961
2025-04-18,0.1120290458202362,-0.17669885275951291,-0.003462113611663445,0.12031994435256266
2025-04-19,0.10151374340057373,-0.17669885275951291,-0.009771295063460937,0.1122628780677648
2025-04-20,0.08223598450422287,-0.17708796782244932,-0.021493596426446,0.10061207402179217
2025-04-21,0.05888015776872635,-0.17622900215396142,-0.03516350620034876,0.08564068630470034
2025-04-22,0.028872676193714142,-0.17669885275951291,-0.053355935387576686,0.008709374560895489
2025-04-23,0.01652589812874794,-0.18027796685379152,-0.062195647864267845,0.00513303934590148
2025-04-24,0.011928427964448929,-0.18055712884168792,-0.06506579475800581,0.026701717920755152
2025-04-25,0.009868554770946503,-0.18172649341477984,-0.06676946450334403,0.023758361803017713
2025-04-26,0.007088117301464081,-0.18172649341477984,-0.06843772698503349,0.012981569937016602
2025-04-27,0.003601592034101486,-0.18172649341477984,-0.07052964214545104,0.005635455411400425
2025-04-28,0.007103286683559418,-0.18172649341477984,-0.06842862535577629,-0.002920708910256642
2025-04-29,0.020917657762765884,-0.18299351551378173,-0.06064681154785317,0.027342318571748958
2025-04-30,0.0439593568444252,-0.18275913049985018,-0.04672803809328495,0.030354033045915996
2025-05-01,0.06585238873958588,-0.18446935510096435,-0.034276308796634215,0.0701802913900531
2025-05-02,0.08393922448158264,-0.1861487251537685,-0.024095955372557827,0.06280348454913631
2025-05-03,0.09157213568687439,-0.1861487251537685,-0.019516208649382784,0.09340125575313585
2025-05-04,0.0854298323392868,-0.1861487251537685,-0.023201590657935332,0.10437662724196906
2025-05-05,0.07005193084478378,-0.1856386498621017,-0.03222430143797042,0.0850557056371084
2025-05-06,0.04943954944610596,-0.18446935510096435,-0.04412401237272216,0.0750738221959597
2025-05-07,0.028822682797908783,-0.1851868135143076,-0.05678111572697778,0.06675550471243574
2025-05-08,0.015326179563999176,-0.18626161826937732,-0.06530893956935142,0.004862504551546687
2025-05-09,0.008999913930892944,-0.1861757607892049,-0.06907035595714618,0.004777124342260297
2025-05-10,0.01028735563158989,-0.1861757607892049,-0.06829789093672801,-0.01605655516249338
2025-05-11,0.018145911395549774,-0.1861757607892049,-0.06358275747835208,0.022438579304250972
2025-05-12,0.029338523745536804,-0.18689491734613398,-0.057154852691131505,0.027068627973646064
2025-05-13,0.042631302028894424,-0.18558343054051726,-0.04865459099887025,0.026380133197929867
2025-05-14,0.04728603735566139,-0.18558343054051726,-0.045861749802810076,0.05928218756805048
2025-05-15,0.04426136985421181,-0.18558343054051726,-0.04767655030367982,0.07644772917236664
2025-05-16,0.03596620261669159,-0.18634897595432132,-0.05295986881171358,0.03725357346862057
2025-05-17,0.024668924510478973,-0.18634897595432132,-0.05973823567544114,0.04494725660147014
2025-05-18,0.012388143688440323,-0.18634897595432132,-0.06710670416866434,0.02395329224025433
2025-05-19,0.002162579447031021,-0.18558343054051726,-0.07293582454798829,0.03657206801615609
2025-05-20,-0.006579801440238953,-0.18558343054051726,-0.07818125308035027,0.01954309962967704
2025-05-21,-0.010467395186424255,-0.1847610289899635,-0.08018484870783996,-0.016984150248454122
2025-05-22,-0.018030531704425812,-0.18512664700443798,-0.08486897782443067,-0.05467025246425106
2025-05-23,-0.020201243460178375,-0.18501004827529488,-0.08612476538622497,-0.031055467706812445
2025-05-24,-0.026889421045780182,-0.18486427398358815,-0.09007936222090336,-0.02941698045255503
2025-05-25,-0.032483331859111786,-0.18486427398358815,-0.09343570870890233,-0.030836062356869087
2025-05-26,-0.037457533180713654,-0.18512664700443798,-0.09652517871020339,-0.032684304506820805
2025-05-27,-0.036348678171634674,-0.1859721005921158,-0.09619804713982712,-0.03269083738050671
2025-05-28,-0.030285000801086426,-0.18614017663625698,-0.09262707113515466,-0.028621906225709037
2025-05-29,-0.02505117654800415,-0.1859721005921158,-0.0894195461656488,-0.03865024777499715
2025-05-30,-0.01859200745820999,-0.18558343054051726,-0.0853885766911329,0.002913483690222929
2025-05-31,-0.00994834303855896,-0.18558343054051726,-0.08020237803934228,0.009181114250934153
2025-06-01,-0.001745752990245819,-0.18420220822301703,-0.0747283350833543,0.0008620548483462276
2025-06-02,0.01137647032737732,-0.18420220822301703,-0.06685500109278042,0.04161263594746134
2025-06-03,0.02152957394719124,-0.1849677536368211,-0.06106935708641371,0.04647603473588946
2025-06-04,0.025544071570038795,-0.1849677536368211,-0.058660658512705174,0.0377113506555975
2025-06-05,0.020381979644298553,-0.18420220822301703,-0.06145169550262768,0.04101176372306292
2025-06-06,0.006528142839670181,-0.18440371267011507,-0.06984459936424392,0.017050307780996476
2025-06-07,-0.005823798477649689,-0.18440371267011507,-0.07725576415463584,-0.0013027683472103258
2025-06-08,-0.018060721457004547,-0.18440371267011507,-0.08459791794224876,-0.0013239828248245988
2025-06-09,-0.027702175080776215,-0.1851517150121105,-0.09068199105330993,-0.03145651189310805
2025-06-10,-0.03398992866277695,-0.1851517150121105,-0.09445464320251037,-0.05189981100779606
2025-06-11,-0.03514371067285538,-0.1849677536368211,-0.09507332785844168,-0.03459281005902515
2025-06-12,-0.03314507007598877,-0.18420220822301703,-0.09356792533480007,-0.009587616290563261
2025-06-13,-0.030317403376102448,-0.1847610289899635,-0.09209485362164688,-0.026102470155776603
2025-06-14,-0.03864618390798569,-0.1847610289899635,-0.09709212194077682,-0.03125400798219302
2025-06-15,-0.03787050396203995,-0.1847610289899635,-0.09662671397320938,-0.04384850996756351
2025-06-16,-0.026625454425811768,-0.1859721005921158,-0.09036411289233337,-0.013676730446774865
2025-06-17,-0.006294146180152893,-0.18516863444499473,-0.07784394148608963,0.014651485966154176
2025-06-18,0.009384550154209137,-0.18457163425498227,-0.06819792360946743,0.023394750034275047
2025-06-19,0.024219129234552383,-0.18486427398358815,-0.059414232052703825,0.0218660503643322
2025-06-20,0.029167570173740387,-0.18512664700443798,-0.05655011669753096,0.0362988669963471
2025-06-21,0.032368481159210205,-0.18512664700443798,-0.05462957010624907,0.05069310118555603
2025-06-22,0.03115292638540268,-0.18512664700443798,-0.055358902970533586,0.07322480804271869
2025-06-23,0.026822810992598534,-0.1846461919129554,-0.05776479016962304,0.017207845563153468
2025-06-24,0.023039262741804123,-0.18634897595432132,-0.06071603273664605,-0.003788165870120541
2025-06-25,0.024124057963490486,-0.1865329373296107,-0.060138740153749995,0.014058243396858794
2025-06-26,0.024006277322769165,-0.18578493498761528,-0.05991020760138462,0.024663791599320195
2025-06-27,0.02087377943098545,-0.1860664072666659,-0.0619022952480751,0.008749846680341067
2025-06-28,0.016597002744674683,-0.1860664072666659,-0.06446836125986156,0.008400344502384582
2025-06-29,0.012742765247821808,-0.1860664072666659,-0.06678090375797328,0.007815928339793388
2025-06-30,0.011508632451295853,-0.1865329373296107,-0.06770799546106678,0.010419752395085302
2025-07-01,0.013153471052646637,-0.18724130531252056,-0.06700443949342025,0.0306756721208723
2025-07-02,0.015719961374998093,-0.18649330297052513,-0.0651653443632112,0.021905362996281097
2025-07-03,0.026132632046937943,-0.1867747752495757,-0.05903033087166752,0.05863241227477034
2025-07-04,0.04409905523061752,-0.18705734393723114,-0.048363504436521945,0.08837789662639661
2025-07-05,0.06557676196098328,-0.18705734393723114,-0.0354768803983025,0.08523142546284546
2025-07-06,0.08335831761360168,-0.18705734393723114,-0.024807947006731453,0.0904986491317521
2025-07-07,0.08762577921152115,-0.1862917985234271,-0.02194125188245815,0.10694555311355836
2025-07-08,0.07756082713603973,-0.18724130531252056,-0.028360025843384394,0.0811133701997504
2025-07-09,0.06316793709993362,-0.1867747752495757,-0.03680914783987011,0.06649442315249132
2025-07-10,0.0541565902531147,-0.1867747752495757,-0.042215955947961466,0.027304197913972983
2025-07-11,0.048489246517419815,-0.18649330297052513,-0.04550377327775816,0.0033794597799359227
2025-07-12,0.040331803262233734,-0.18649330297052513,-0.050398239230869814,0.0035769034236075026
2025-07-13,0.030467400327324867,-0.18578493498761528,-0.0560335337986512,-0.015295754418799712
2025-07-14,0.011685866862535477,-0.18634897595432132,-0.06752807026420724,-0.020534010095694888
2025-07-15,-0.0022924095392227173,-0.18634897595432132,-0.07591503610526215,0.018651202647733234
2025-07-16,-0.013485245406627655,-0.18634897595432132,-0.08263073762570512,0.0010584130901321043
2025-07-17,-0.022769615054130554,-0.1865329373296107,-0.08827494396432262,-0.0070195261591191604
2025-07-18,-0.028628744184970856,-0.18578493498761528,-0.09149122050602863,-0.0026332874396945982
2025-07-19,-0.0304151251912117,-0.18578493498761528,-0.09256304910977314,0.0006788017651053746
2025-07-20,-0.02898329496383667,-0.18578493498761528,-0.09170395097334812,0.018338189565661134
2025-07-21,-0.026265524327754974,-0.1865329373296107,-0.09037248952849727,0.005809830537238048
2025-07-22,-0.024269409477710724,-0.18578493498761528,-0.08887561968167255,-0.016703511217010636
2025-07-23,-0.023485831916332245,-0.18547749560059165,-0.088282497390036,-0.007710684741039198
2025-07-24,-0.022912196815013885,-0.18547749560059165,-0.087938316329245,-0.021775295271739825
2025-07-25,-0.02384638786315918,-0.18582510702817578,-0.08863787552916583,-0.03669944584124163
2025-07-26,-0.024966001510620117,-0.18582510702817578,-0.08930964371764238,-0.045570220960839625
2025-07-27,-0.02595295011997223,-0.18582510702817578,-0.08990181288325365,-0.04360194296303954
2025-07-28,-0.025944210588932037,-0.18582510702817578,-0.08989656916462954,-0.025472055775288882
2025-07-29,-0.02444026619195938,-0.1860664072666659,-0.08909072262184199,-0.03239495870988873
2025-07-30,-0.0211966410279274,-0.1854745346882987,-0.08690779849207592,-0.02416855693680342
2025-07-31,-0.015875406563282013,-0.1865329373296107,-0.08413841886981349,0.014753540130928222
2025-08-01,-0.008743718266487122,-0.18643813381005472,-0.07982148448391416,0.029804692813010902
2025-08-02,0.0025581344962120056,-0.18643813381005472,-0.07304037282629469,0.034793665010015795
2025-08-03,0.016331270337104797,-0.18643813381005472,-0.06477649132175901,0.04452555319730167
2025-08-04,0.03376942127943039,-0.18766046275993806,-0.05480253233631699,0.0315585507213374
2025-08-05,0.048832736909389496,-0.18689491734613398,-0.04545832479281989,0.05260968327714721
2025-08-06,0.059398163110017776,-0.18784442413522748,-0.039498871788080335,0.07230190342359522
2025-08-07,0.058254726231098175,-0.18709642179323205,-0.03988573297863391,0.00700660523302532
2025-08-08,0.04466010257601738,-0.1871365938337925,-0.04805857598790657,0.005719404217228163
2025-08-09,0.02463485673069954,-0.1871365938337925,-0.06007372349509727,0.007885902942799117
2025-08-10,0.006448265165090561,-0.1871365938337925,-0.07098567843446266,-0.015834826912097255
2025-08-11,-0.007173452526330948,-0.18737789407228264,-0.07925522914471163,-0.020718113341084865
2025-08-12,-0.016826502978801727,-0.18728730074196465,-0.08501082208406689,-0.060441966176458806
2025-08-13,-0.022833026945590973,-0.18606477445707473,-0.08812572595018447,-0.07327428099248345
2025-08-14,-0.03282790631055832,-0.18597581393634788,-0.09408706936087415,-0.0489884237798881
2025-08-15,-0.03217414766550064,-0.18582510702817578,-0.0936345314105707,-0.0034604815579751813
2025-08-16,-0.0262896791100502,-0.18582510702817578,-0.09010385027730043,-0.016549659884345536
2025-08-17,-0.020357631146907806,-0.18582510702817578,-0.086544621499415,-0.033315614044068464
2025-08-18,-0.01794668287038803,-0.18582510702817578,-0.08509805253350314,-0.052613139540236165
2025-08-19,-0.020109139382839203,-0.18547749560059165,-0.08625648186994019,-0.00983158585219801
2025-08-20,-0.02594553679227829,-0.18547749560059165,-0.08975832031560363,-0.0263340977134755
2025-08-21,-0.0337921679019928,-0.18578493498761528,-0.09458927473624179,0.0005946666666665212
2025-08-22,-0.04026789963245392,-0.18606477445707473,-0.09858664956230224,-0.07319038390148325
2025-08-23,-0.04371269792318344,-0.18606477445707473,-0.10065352853673996,-0.05736167580793339
2025-08-24,-0.04098450392484665,-0.18606477445707473,-0.09901661213773788,-0.046233800516839674
2025-08-25,-0.03300071507692337,-0.18606477445707473,-0.09422633882898392,-0.007942460030234688
2025-08-26,-0.02112089842557907,-0.18606477445707473,-0.08709844883817734,-0.004681414869757705
2025-08-27,-0.0084056556224823,-0.18597581393634788,-0.07943371894802854,0.003987884094490246
2025-08-28,0.003673691302537918,-0.18606477445707473,-0.07222169500130715,-0.01631056731596947
2025-08-29,0.01253984123468399,-0.18582510702817578,-0.06680613807045992,0.021061494370597567
2025-08-30,0.018931427970528603,-0.18547749560059165,-0.0628321414579195,0.012605093371555576
2025-08-31,0.02042536996304989,-0.18547749560059165,-0.061935776262406726,0.026707505611043514
2025-09-01,0.018006548285484314,-0.1867747752495757,-0.0639059811285397,0.025886825228937038
2025-09-02,0.020828530192375183,-0.18705734393723114,-0.06232581945946735,0.0027542248512923972
2025-09-03,0.023814786225557327,-0.1867747752495757,-0.06042103836449589,0.020180615655188916
2025-09-04,0.027438770979642868,-0.18653347501108558,-0.05815012741664852,0.04291323639017741
2025-09-05,0.03253292664885521,-0.18653347501108558,-0.05509363401512111,0.048521873172046925
2025-09-06,0.03830050677061081,-0.18653347501108558,-0.05163308594206775,0.052004951175704583
2025-09-07,0.041651852428913116,-0.18653347501108558,-0.04962227854708637,0.0371672562974783
2025-09-08,0.04019533470273018,-0.18653347501108558,-0.05049618918279612,0.02930864461706828
2025-09-09,0.03385132923722267,-0.18653347501108558,-0.05430259246210063,0.04699901090479042
2025-09-10,0.02462189644575119,-0.18618586358350145,-0.05970120756594986,0.02182862407862407
2025-09-11,0.015042640268802643,-0.18668418191925773,-0.0656480886064215,0.013775571040127277
2025-09-12,0.0062423571944236755,-0.18668418191925773,-0.07092825845104889,-0.003421890758395496
2025-09-13,0.0003286004066467285,-0.18597581393634788,-0.07419316533055112,-0.002007103451922787
2025-09-14,-0.01703314483165741,-0.18597581393634788,-0.0846102124735336,-0.0003098864984308891
2025-09-15,-0.02880987524986267,-0.18568590952972894,-0.09156028896180918,-0.02339598426385292
2025-09-16,-0.036588944494724274,-0.18578493498761528,-0.09626734069188068,-0.041015520645102055
2025-09-17,-0.04207275062799454,-0.1857827306322859,-0.09955674262971109,-0.02696998709891718
2025-09-18,-0.045499689877033234,-0.1857827306322859,-0.10161290617913431,-0.06900825489758444
2025-09-19,-0.0458732470870018,-0.18547749560059165,-0.10171494649243773,-0.05179275908703085
2025-09-20,-0.04240044951438904,-0.18547749560059165,-0.09963126794887008,-0.05229499981977015
2025-09-21,-0.0362342968583107,-0.18547749560059165,-0.09593157635522308,-0.026627432293500397
2025-09-22,-0.0267568901181221,-0.1860664072666659,-0.09048069697753963,0.014744388842033329
2025-09-23,-0.009337801486253738,-0.1865329373296107,-0.08021585582359653,0.018304928267088405
2025-09-24,0.02162853814661503,-0.1860664072666659,-0.06144944001869735,0.04666957910808689
2025-09-25,0.059126392006874084,-0.1865329373296107,-0.039137339727719836,0.1058297534123056
2025-09-26,0.08704502880573273,-0.18547749560059165,-0.021963980956797025,0.11481341431581948
2025-09-27,0.0962471216917038,-0.18547749560059165,-0.01644272522521438,0.11634105085152346
2025-09-28,0.09961362928152084,-0.18547749560059165,-0.014422820671324152,0.10090907105179525
2025-09-29,0.09728746861219406,-0.1860664072666659,-0.016054081739349933,0.09051178896766343
2025-09-30,0.07696379721164703,-0.18578493498761528,-0.028135695668057903,0.06386749967755079
2025-10-01,0.036050111055374146,-0.18649330297052513,-0.05296725455498556,0.03972351614515923
2025-10-02,0.0025314316153526306,-0.18724130531252056,-0.07337766315579665,0.009400614870983537
2025-10-03,-0.031189456582069397,-0.18724130531252056,-0.09361019607424986,-0.07737335558609859
2025-10-04,-0.053284965455532074,-0.18724130531252056,-0.10686750139832749,-0.09597601130802103
2025-10-05,-0.06643210351467133,-0.18724130531252056,-0.11475578423381103,-0.0690261625329166
2025-10-06,-0.0739896148443222,-0.18649330297052513,-0.11899109009480338,-0.07614833287795597
2025-10-07,-0.0702827200293541,-0.18705734393723114,-0.11699256959250492,-0.06844645250939663
2025-10-08,-0.05359707027673721,-0.18649330297052513,-0.10675556335425238,-0.10172027314161514
2025-10-09,-0.037696607410907745,-0.18649330297052513,-0.0972152856347547,-0.11070075882113117
2025-10-10,-0.028723634779453278,-0.18557264196649798,-0.09146323765427115,-0.056243388354636936
2025-10-11,-0.021214045584201813,-0.18557264196649798,-0.08695748413712028,-0.0312658390302627
2025-10-12,-0.021629951894283295,-0.18557264196649798,-0.08720702792316917,-0.054941596467604104
2025-10-13,-0.020479664206504822,-0.1859721005921158,-0.08667663876074921,-0.040236788635534815
2025-10-14,-0.025404207408428192,-0.1847610289899635,-0.08914693604104232,-0.04185214407668747
2025-10-15,-0.018735118210315704,-0.1847610289899635,-0.08514548252217483,-0.02885288337434566
2025-10-16,-0.0076088495552539825,-0.18172649341477984,-0.07725590709906432,0.017412195912759776
2025-10-17,0.01805693283677101,-0.1847610289899635,-0.06307025189392279,0.04296850336290858
2025-10-18,0.03238959610462189,-0.1847610289899635,-0.05447065393321227,0.041622051441708274
2025-10-19,0.03766835853457451,-0.1847610289899635,-0.051303396475240695,0.05445939435644043
2025-10-20,0.033972788602113724,-0.18558343054051726,-0.05384969905493867,0.03234861477784423
2025-10-21,0.023431438952684402,-0.18558343054051726,-0.06017450884459626,0.04248272377420492
2025-10-22,0.01478772982954979,-0.18558343054051726,-0.06536073431847703,0.022812200420498918
2025-10-23,0.007771849632263184,-0.18634897595432132,-0.06987648060237062,-0.01594593951317136
2025-10-24,-0.002358008176088333,-0.1860664072666659,-0.07584136781231937,-0.0125839501304853
2025-10-25,-0.016679927706718445,-0.1860664072666659,-0.08443451953069743,-0.013866741808750027
2025-10-26,-0.0352083221077919,-0.1860664072666659,-0.0955515561713415,-0.035079792666511844
2025-10-27,-0.053879059851169586,-0.1854745346882987,-0.10651724978602123,-0.06594308094154955
2025-10-28,-0.06763996928930283,-0.1860664072666659,-0.11501054448024806,-0.10098659459009396
2025-10-29,-0.07308685034513474,-0.1865329373296107,-0.11846528513892512,-0.05577220554312712
2025-10-30,-0.07165149599313736,-0.18453785586754792,-0.11680603994290159,-0.06440781485868918
2025-10-31,-0.0647556409239769,-0.18435389449225853,-0.11259494235128956,-0.05719408645408297
2025-11-01,-0.0485987514257431,-0.18402389023259552,-0.10276880694848407,-0.07071112035539218
2025-11-02,-0.020333893597126007,-0.18402389023259552,-0.08580989225131382,-0.052629674432977835
2025-11-03,0.006942771375179291,-0.18420785160788494,-0.0695174778180464,-0.005365863086659872
2025-11-04,0.023826047778129578,-0.18364701487039004,-0.05916317728127827,0.015387317997478167
2025-11-05,0.027721699327230453,-0.18325834481879147,-0.05667031833117832,-0.021473615673307078
2025-11-06,0.009683080017566681,-0.1830156736397758,-0.06739642144537032,-0.016320519282253088
2025-11-07,-0.020254328846931458,-0.18364701487039004,-0.08561140325631489,-0.08462510020410474
2025-11-08,-0.056040383875370026,-0.18364701487039004,-0.10708303627337803,-0.06564858755891478
2025-11-09,-0.08547311276197433,-0.18364701487039004,-0.12474267360534061,-0.09989709992918461
2025-11-10,-0.1029563769698143,-0.18402389023259552,-0.1353833822749268,-0.13013718465221535
2025-11-11,-0.11083289235830307,-0.18402389023259552,-0.14010929150802004,-0.09798427095006468
2025-11-12,-0.11428245157003403,-0.18402389023259552,-0.14217902703505864,-0.09935047553784448
2025-11-13,-0.11169969290494919,-0.18457163425498227,-0.14084846944496243,-0.1309512035165905
2025-11-14,-0.10161448270082474,-0.18457163425498227,-0.13479734332248777,-0.10005465462925778
2025-11-15,-0.08425363153219223,-0.18457163425498227,-0.12438083262130825,-0.11356618210088598
2025-11-16,-0.06491053849458694,-0.18457163425498227,-0.11277497679874508,-0.07883860038632984
2025-11-17,-0.04496868699789047,-0.18495013146376058,-0.10096126478423852,-0.04245647732031865
2025-11-18,-0.022146664559841156,-0.18275913049985018,-0.08639165093584476,-0.06014221258566643
2025-11-19,0.004577264189720154,-0.18303035327679743,-0.07046578279688688,-0.01169723628299335
2025-11-20,0.030005285516381264,-0.18065602227151914,-0.0542592375987789,0.05421133616575702
2025-11-21,0.05195005238056183,-0.18369252806991204,-0.04230697979962773,0.06767659550874483
2025-11-22,0.05347326025366783,-0.1839070863329388,-0.041478878380974825,0.0715449445561196
2025-11-23,0.04252394661307335,-0.18387532670869086,-0.04803576271563234,0.04065415179085563
2025-11-24,0.027812819927930832,-0.18512664700443798,-0.0573629668450167,-0.022808604438436686
2025-11-25,0.01322847604751587,-0.18558343054051726,-0.06629628658769739,0.04472841695246288
2025-11-26,7.837265729904175e-05,-0.18634897595432132,-0.0744925667873491,0.03255746152746086
2025-11-27,-0.008896134793758392,-0.18634897595432132,-0.07987727125798356,0.008147134772995113
2025-11-28,-0.009056281298398972,-0.1860664072666659,-0.07986033168570575,-0.017170733639415348
2025-11-29,-0.0009791292250156403,-0.1860664072666659,-0.07501404044167576,-0.017242378068254682
2025-11-30,0.011137846857309341,-0.1860664072666659,-0.06774385479228076,0.0003907702523240353
2025-12-01,0.021963560953736305,-0.1867273396775682,-0.061512799298785496,0.05039438027091525
2025-12-02,0.0332692489027977,-0.1869113010528576,-0.054802971079464434,0.015347858648776747
2025-12-03,0.03986857086420059,-0.18644477098991274,-0.05065676587744475,-0.01514054112198504
2025-12-04,0.04525957256555557,-0.18644477098991274,-0.04742216485663177,0.0047277277562103315
2025-12-05,0.049315325915813446,-0.1858558593238385,-0.04475314818004733,0.01050464099198889
2025-12-06,0.05041007325053215,-0.1858558593238385,-0.04409629977921611,0.011242224199234485
2025-12-07,0.04890132322907448,-0.1858558593238385,-0.045001549792090714,-0.02459353256269603
2025-12-08,0.04559246078133583,-0.1869113010528576,-0.04740904395234155,-0.04636498704574887
2025-12-09,0.04218088090419769,-0.1867273396775682,-0.04938240732850867,-0.051957729275735165
2025-12-10,0.03615967556834221,-0.18644477098991274,-0.052882103054959786,-0.06273028082156273
2025-12-11,0.028360862284898758,-0.18406043964317656,-0.056607658486331376,-0.07563197885538286
2025-12-12,0.023409485816955566,-0.18430173988166668,-0.05967500446249333,-0.023612687582213132
2025-12-13,0.021879667416214943,-0.1837413215449401,-0.060368728168247086,-0.02082346843711569
2025-12-14,0.007397335022687912,-0.1837413215449401,-0.0690581276043633,0.005519768879454823
2025-12-15,-0.004623290151357651,-0.18420785160788494,-0.07645711473396857,0.025322889371631296
2025-12-16,-0.014209054410457611,-0.18420785160788494,-0.08220857328942854,-0.004295530494943134
2025-12-17,-0.0214805006980896,-0.18325834481879147,-0.08619163834637035,0.01653729997558062
2025-12-18,-0.02785833179950714,-0.18402389023259552,-0.09032455517274249,0.019982831365348508
2025-12-19,-0.03071557730436325,-0.183739688735349,-0.09192522187675754,-0.008706678493716757
2025-12-20,-0.027713589370250702,-0.183739688735349,-0.09012402911629001,-0.005476290983908005
2025-12-21,-0.023607760667800903,-0.183739688735349,-0.08766053189482013,-0.007964799005987566
2025-12-22,-0.019785739481449127,-0.18414608001602215,-0.08552987569527833,-0.015613266367857759
2025-12-23,-0.016057409346103668,-0.18414608001602215,-0.08329287761407106,0.011424570788469035
2025-12-24,-0.013551853597164154,-0.18414608001602215,-0.08178954416470735,-0.00024215961204265835
2025-12-25,-0.011721603572368622,-0.18414608001602215,-0.08069139414983002,0.018501175175496654
2025-12-26,-0.010182306170463562,-0.18414608001602215,-0.07976781570868699,0.030051313066015384
2025-12-27,-0.008362621068954468,-0.18414608001602215,-0.07867600464778153,0.03130511609350384
2025-12-28,-0.0061348602175712585,-0.18414608001602215,-0.0773393481369516,0.04066980994673153
2025-12-29,-0.003320220857858658,-0.18414608001602215,-0.07565056452112405,0.07591469366312253
2025-12-30,0.0004959292709827423,-0.18414608001602215,-0.07336087444381921,0.0594728016988999
2025-12-31,0.0036527812480926514,-0.183739688735349,-0.071304206745284,0.042396069195700825
2026-01-01,0.006647180765867233,-0.18490322589478245,-0.06997298189839264,0.025449959837476888
2026-01-02,0.010980643332004547,-0.18530961717545563,-0.06753546087097953,0.007179832953183141
2026-01-03,0.015326358377933502,-0.18530961717545563,-0.06492803184342215,-0.001360616877718046
2026-01-04,0.023908646777272224,-0.18530961717545563,-0.05977865880381892,-0.0056383865657639864
2026-01-05,0.0355072021484375,-0.18490322589478245,-0.05265696906885048,-0.02731214490221634
2026-01-06,0.04770401120185852,-0.18530961717545563,-0.04550144014906714,0.017771371476096975
2026-01-07,0.054855141788721085,-0.18466355846588348,-0.04095233831312074,0.06115767933509142
2026-01-08,0.05627617985010147,-0.18466355846588348,-0.04009971547629251,0.049449072387384385
2026-01-09,0.046783290803432465,-0.18530961717545563,-0.04605387238812278,0.054165828196600874
2026-01-10,0.02836812287569046,-0.18530961717545563,-0.05710297314476798,0.05130197658243163
2026-01-11,0.010325536131858826,-0.18530961717545563,-0.06792852519106696,0.029220781717907318
2026-01-12,-0.004085220396518707,-0.18490322589478245,-0.0764124225958242,0.014620542804629322
2026-01-13,-0.011681895703077316,-0.18420785160788494,-0.08069227806500037,-0.07322133020311483
2026-01-14,-0.023742280900478363,-0.18325834481879147,-0.0875487064678036,-0.0773276158519215
2026-01-15,-0.03685947507619858,-0.1837413215449401,-0.0956122136636952,-0.06323040265760715
2026-01-16,-0.04673156887292862,-0.1834598492658895,-0.10142288103011297,-0.062277566290818376
2026-01-17,-0.04824291914701462,-0.1834598492658895,-0.10232969119456457,-0.062244548663620836
2026-01-18,-0.040723688900470734,-0.1834598492658895,-0.09781815304663824,-0.07475760927839081
2026-01-19,-0.027639739215373993,-0.18074873511687223,-0.08888333757597328,-0.04624715268106783
2026-01-20,-0.022585391998291016,-0.1786172494453352,-0.08499813497710869,0.00929957888742039
2026-01-21,-0.020727522671222687,-0.18381509091453122,-0.0859625499685461,-0.0017298135045512586
2026-01-22,-0.010683532804250717,-0.1837413215449401,-0.07990664830052648,-0.05481831275171056
2026-01-23,5.790218710899353e-05,-0.18402389023259552,-0.07357481478077281,-0.059595474388132286
2026-01-24,0.005814984440803528,-0.18402389023259552,-0.07012056542855609,-0.11750305462551336
2026-01-25,0.00899229571223259,-0.18402389023259552,-0.06821417866569865,-0.11194311411652147
2026-01-26,0.010588429868221283,-0.18402389023259552,-0.06725649817210544,-0.1087582068360381
2026-01-27,0.011663936078548431,-0.18325834481879147,-0.06630497628038753,-0.15103406162464983
2026-01-28,0.012045402079820633,-0.18325834481879147,-0.0660760966796242,-0.1806737044427441
2026-01-29,0.01140541210770607,-0.1830156736397758,-0.06636302219128669,-0.2568252676663576
2026-01-30,0.006935343146324158,-0.1824359432682377,-0.0688131714195006,-0.16235640215242053
2026-01-31,-0.003799963742494583,-0.1824359432682377,-0.07525435555279184,-0.1200352954219962
2026-02-01,-0.018974490463733673,-0.14861961541440188,-0.07083254044400096,-0.08624118970676342
2026-02-02,-0.021012574434280396,-0.14801055217142878,-0.07181176552913976,-0.10922989369510083
2026-02-03,-0.00464533269405365,-0.14825533814146102,-0.0620893348730166,-0.09144649328542198
2026-02-04,0.013863734900951385,-0.14777396818001293,-0.05079134633143434,-0.08314413982592694
2026-02-05,0.03230886161327362,-0.14152992928534508,-0.03722665474617387,0.05344647087117971
2026-02-06,0.04016236960887909,-0.1483152549529953,-0.03522868021587067,-0.024458680089871954
2026-02-07,0.05234093219041824,-0.1483152549529953,-0.02792154266694718,0.007700602891813846
2026-02-08,0.06010133773088455,-0.1483152549529953,-0.02326529934266739,-0.021296628853704536
2026-02-09,0.06451164186000824,-0.14861961541440188,-0.020740861049755817,-0.017758846844791787
2026-02-10,0.07748042792081833,-0.1483152549529953,-0.012837845228707123,-0.019432668969451172
2026-02-11,0.10073299705982208,-0.14836486678851007,0.001093851520489214,-0.00926500674095132
2026-02-12,0.1273452341556549,-0.1431269373786578,0.019156365541929808,0.011038721080055103
2026-02-13,0.15413051843643188,-0.17778576789272882,0.021364003904767587,-0.012111866913682379
2026-02-14,0.17446739971637726,-0.17778576789272882,0.03356613267273481,-0.026452906959674505
2026-02-15,0.2047531008720398,-0.17778576789272882,0.05173755336613234,-0.017276411838696215
2026-02-16,0.23865151405334473,-0.17493720565647414,0.07321602616941716,-0.0614931132491624
2026-02-17,0.2410048246383667,-0.17834063630796027,0.07326664025983591,-0.0510398568845003
2026-02-18,0.20423635840415955,-0.1784286848819454,0.05117034108971756,0.022976482448353153
2026-02-19,0.15460224449634552,-0.17851152904575499,0.021356735079505307,0.007185420871345549
2026-02-20,0.11525328457355499,-0.1794925076819189,-0.0026450323286345695,-0.03157761958576588
2026-02-21,0.09216772019863129,-0.17963579270698563,-0.016553684963615485,-0.014750368255351587
2026-02-22,0.06759734451770782,-0.17963579270698563,-0.03129591037216956,-0.02759958842991328
2026-02-23,0.03330366685986519,-0.17520224883100252,-0.0500986994164819,0.06455763902572409
2026-02-24,-0.015097476541996002,-0.17852101934188688,-0.08046689366195237,0.06681195132859741
2026-02-25,-0.04861565679311752,-0.18253918826186238,-0.10218506938061547,0.06881695662943077
2026-02-26,-0.058906808495521545,-0.1813886549308333,-0.10789954706964625,0.0504635239914899
2026-02-27,-0.06061689555644989,-0.1786172494453352,-0.10781703711200402,0.03403443946678486
2026-02-28,-0.05935823917388916,-0.1786172494453352,-0.10706184328246757,0.004324860399508745
2026-03-01,-0.054286666214466095,-0.1793411533455869,-0.10430846106691441,0.002960481156863537
2026-03-02,-0.04480598121881485,-0.17549493677864816,-0.09708156344274817,-0.0057809044478530636
2026-03-03,-0.043091028928756714,-0.17527162810761465,-0.0959632686002999,0.023568585560010513
2026-03-04,-0.043817952275276184,-0.1756611095567258,-0.09655521518785602,-0.034058346063819855
2026-03-05,-0.037008896470069885,-0.17527162810761465,-0.0923139891250878,-0.004928430688812324
2026-03-06,-0.03061027079820633,-0.17527162810761465,-0.08847481372196966,0.04134214953103621
2026-03-07,-0.011752881109714508,-0.17527162810761465,-0.07716037990887457,0.058710513714021584
2026-03-08,0.014632143080234528,-0.17527162810761465,-0.061329365394905154,0.10374284536282508
2026-03-09,0.011778973042964935,-0.17527162810761465,-0.06304126741726691,0.0942906083923114
2026-03-10,-0.01684243232011795,-0.17527162810761465,-0.08021411063511664,0.056623410637206106
2026-03-11,-0.029978886246681213,-0.17519125895117432,-0.08806383532847845,0.01502567391717502
2026-03-12,-0.01155109703540802,-0.17527162810761465,-0.07703930946429068,-0.008666407527841091
2026-03-13,0.009990151971578598,-0.17454772420736295,-0.06382499849999802,-0.005911039052587164
2026-03-14,0.03223583847284317,-0.17454772420736295,-0.05047758659923929,-0.03221130723144083
2026-03-15,0.044928234070539474,-0.17454772420736295,-0.042862149240621504,-0.06806597080501287
2026-03-16,0.04753367230296135,-0.17477103287839652,-0.041388209769581796,-0.05312462483977032
2026-03-17,0.059266507625579834,-0.1780066086945311,-0.035642738902464555,-0.04536123706117867
2026-03-18,0.06473879516124725,-0.17446735505092265,-0.03094366492362071,0.0012630788807428406
2026-03-19,0.03952983021736145,-0.17432073130389567,-0.04601039439114139,-0.015868582868582948
2026-03-20,0.016521301120519638,-0.17454772420736295,-0.0599063090106334,-0.05819610717404289
2026-03-21,-0.017274267971515656,-0.17454772420736295,-0.08018365046585459,-0.03687114506315603
2026-03-22,-0.03702733665704727,-0.17454772420736295,-0.09203549167717355,-0.027233970438703903
2026-03-23,-0.040862247347831726,-0.17446735505092265,-0.0943042904290681,-0.05795072239549437
2026-03-24,-0.03074706345796585,-0.17454772420736295,-0.0882673277577247,-0.03220471920896584
2026-03-25,-0.01725097745656967,-0.17446735505092265,-0.08013752849431086,-0.045174751281005676
2026-03-26,0.004721701145172119,-0.17454772420736295,-0.06698606899584192,-0.027874329540218512
2026-03-27,0.01570115238428116,-0.17454772420736295,-0.060398398252376494,0.008387935780534983
2026-03-28,0.011775795370340347,-0.17454772420736295,-0.06275361246074097,0.013911288287529633
2026-03-29,0.00677841529250145,-0.17454772420736295,-0.06575204050744432,0.04579923355117099
2026-03-30,0.0007614791393280029,-0.17454772420736295,-0.06936220219934838,0.030783996435787886
2026-03-31,-0.0024290718138217926,-0.17493720565647414,-0.07143232535088273,0.053302595260299235
2026-04-01,0.015932444483041763,-0.17509083467339479,-0.06047686717953285,0.04339803082835347
2026-04-02,0.03576378524303436,-0.17580132247246397,-0.048862257843164975,0.0730319083184221
2026-04-03,0.03975512087345123,-0.17580132247246397,-0.04646745646491486,0.08957608755710122
2026-04-04,0.017011702060699463,-0.17580132247246397,-0.060113507752565916,0.0853299281044606
2026-04-05,-0.02054373174905777,-0.17580132247246397,-0.08264676803842026,0.024723984553738587
2026-04-06,-0.05514707416296005,-0.17564795231050098,-0.10334742542197643,0.08081385942301389
2026-04-07,-0.08088625222444534,-0.17239789182097778,-0.11749090806305831,0.030689661980345395
2026-04-08,-0.10309816151857376,-0.17884369046209297,-0.13339637309598146,0.05262506942106193
2026-04-09,-0.09381591528654099,-0.1807217987043192,-0.12857826865365227,0.046892536451441647
2026-04-10,-0.07447361201047897,-0.1805051216132066,-0.11688621585157002,0.05632055831267224
2026-04-11,-0.04737336188554764,-0.1805051216132066,-0.10062606577661122,0.03626075323137701
2026-04-12,-0.015817031264305115,-0.1805051216132066,-0.0816922674038657,0.04326784842392617
2026-04-13,0.010166272521018982,-0.1824359432682377,-0.0668746137946837,0.01912145168123991
2026-04-14,0.015431001782417297,-0.1823211061912296,-0.06366984140704146,0.029739024747222897
2026-04-15,0.011002406477928162,-0.1830156736397758,-0.06660482556915343,0.04502393330088661
2026-04-16,0.004086669534444809,-0.18364701487039004,-0.07100680422748913,0.041290922979912326
2026-04-17,-0.00038331374526023865,-0.18325834481879147,-0.07353332617467273,0.004737518164833032
2026-04-18,-0.0004831850528717041,-0.18325834481879147,-0.0735932489592396,0.02554095716627547
2026-04-19,0.0003632083535194397,-0.18325834481879147,-0.07308541291540492,0.06579461013073007
2026-04-20,-0.0005660951137542725,-0.1828015612827122,-0.07346028158133744,0.020178407528279374
2026-04-21,-0.012675758451223373,-0.18262687163215635,-0.08065620372359657,8.67216908373436e-05
2026-04-22,-0.031106360256671906,-0.1828015612827122,-0.09178444066708802,-0.03067644278976378
2026-04-23,-0.04502641409635544,-0.1824359432682377,-0.09999022576510835,-0.02441824091447853
2026-04-24,-0.05446211248636246,-0.18224654853325647,-0.10557588690512007,0.010253479177237068
2026-04-25,-0.05102726072072983,-0.18224654853325647,-0.10351497584574049,0.013679227053140064
2026-04-26,-0.03901977092027664,-0.18224654853325647,-0.09631048196546858,-0.0011312327932918587
2026-04-27,-0.021935872733592987,-0.18364701487039004,-0.08662032958831181,0.03217846095943555
2026-04-28,-0.002395879477262497,-0.18325834481879147,-0.07474086561387408,0.05976662885038109
2026-04-29,0.012304820120334625,-0.18224654853325647,-0.06551572734110182,0.07478239641066242
2026-04-30,0.017233654856681824,-0.18402389023259552,-0.06326936317902912,0.04793181933386137
2026-05-01,0.02530350536108017,-0.1549286857639357,-0.04678937108892618,0.025080041666277753
2026-05-02,0.03681193292140961,-0.1549286857639357,-0.03988431455272852,0.02530981987460401
2026-05-03,0.042261604219675064,-0.1549286857639357,-0.036614511773769245,0.046348049862686924
2026-05-04,0.040324121713638306,-0.15518382056706995,-0.037879055198645,0.023599000313169194
2026-05-05,0.029485540464520454,-0.1543942556814212,-0.04406637799385621,-0.004957016529898106
2026-05-06,0.018250472843647003,-0.1543942556814212,-0.05080741856638028,-0.026193717854099186
2026-05-07,0.006753832101821899,-0.1549286857639357,-0.057919175044481144,0.01354885883558743
2026-05-08,-0.00039747729897499084,-0.15515980109522526,-0.0623024068174751,-0.013466982287893003
2026-05-09,-0.0018346905708312988,-0.15515980109522526,-0.06316473478058889,-0.03136341325559244
2026-05-10,0.00453273206949234,-0.15515980109522526,-0.059344281196394705,-0.057808003326113355
2026-05-11,0.01905708760023117,-0.15535189661121115,-0.050706506084345765,-0.058030977795148764
2026-05-12,0.03539329022169113,-0.1545171533767613,-0.04057088721768985,-0.04558889711341496
2026-05-13,0.05265350639820099,-0.18325834481879147,-0.041711234088596,-0.022207790062764854
2026-05-14,0.038307636976242065,-0.18402389023259552,-0.05062497390729297,-0.04284708877137611
2026-05-15,0.018619127571582794,-0.18381509091453122,-0.062354559822862816,-0.04517210210532485
2026-05-16,0.004045590758323669,-0.18381509091453122,-0.07109868191081829,-0.017864041393227392
2026-05-17,0.0022639259696006775,-0.18364701487039004,-0.0721004503663956,-0.0050699950050135945
2026-05-18,0.010655447840690613,-0.18325834481879147,-0.06691006922310222,0.00415756136831491
2026-05-19,0.02238251455128193,-0.18325834481879147,-0.05987382919674743,-0.011770124720242414
2026-05-20,0.03116956725716591,-0.18402389023259552,-0.054907815738738666,-0.040010841725634405
2026-05-21,0.0353555828332901,-0.1834598492658895,-0.052170590006381745,-0.05151044533361382
2026-05-22,0.035409022122621536,-0.1837413215449401,-0.05225111534440313,-0.027518318230859373
2026-05-23,0.03156736493110657,-0.1837413215449401,-0.05455610965931211,-0.03736227885106835
2026-05-24,0.024558868259191513,-0.1837413215449401,-0.058761207662461144,-0.043996259778763314
2026-05-25,0.01508457213640213,-0.1837413215449401,-0.06444578533613478,-0.0764738267926558
2026-05-26,0.004195645451545715,-0.18420785160788494,-0.07116575337222655,-0.12075831413692684
2026-05-27,-0.0077554769814014435,-0.1830043927957115,-0.07785504330712548,-0.1384371646207554
2026-05-28,-0.016983255743980408,-0.18365072821462214,-0.0836502447322371,-0.13219029005463512
2026-05-29,-0.021018266677856445,-0.183739688735349,-0.08610683550085346,-0.1688562250496115
2026-05-30,-0.02007059007883072,-0.183739688735349,-0.08553822954143803,-0.1759473382601302
2026-05-31,-0.01541396975517273,-0.183739688735349,-0.08274425734724324,-0.14037958101858727
2026-06-01,-0.007689096033573151,-0.1830662972199593,-0.07783997650812761,-0.11655283865176469
2026-06-02,0.007005792111158371,-0.18321700412813147,-0.06908332638455757,-0.07535601339887477
2026-06-03,0.025036215782165527,-0.1830662972199593,-0.0582047894186844,-0.04102973445946734
2026-06-04,0.0531768836081028,-0.1833059646488583,-0.04141625569468164,-0.004069749877868345
2026-06-05,0.08409595489501953,-0.18088394218578438,-0.021896003937302032,0.041331246303626834
2026-06-06,0.12141474336385727,-0.18070847838556905,0.000565454664086737,0.058691176852216476
2026-06-07,0.11011402308940887,-0.18028892008613612,-0.006047154180809117,0.03812353342330366
2026-06-08,0.06495611369609833,-0.18188738210473893,-0.03378128462423658,0.05140206248645707
2026-06-09,0.022130295634269714,-0.18219314754566568,-0.05959908163770445,0.06390750040498938
2026-06-10,-0.007559966295957565,-0.17875340992293848,-0.07603734374674993,0.048745923289480464
2026-06-11,-0.02963375300168991,-0.18236783719622152,-0.09072738667950256,-0.010498539983424982
2026-06-12,-0.03078974038362503,-0.18359016614610485,-0.09190991068861697,-0.0005677885234682822
2026-06-13,-0.010041739791631699,-0.18402389023259552,-0.07963459996801722,-0.002482236109988545
2026-06-14,0.002124696969985962,-0.18402389023259552,-0.07233473791104664,-0.037028006835350014
2026-06-15,0.004268035292625427,-0.18350002130645,-0.07083918734700474,-0.03480738515461024
2026-06-16,-0.009048260748386383,-0.18315240987886586,-0.07868992040057816,-0.0447725854933253
2026-06-17,-0.02299582213163376,-0.18364701487039004,-0.08725629922713626,-0.053192402967629615
2026-06-18,-0.030169479548931122,-0.18315240987886586,-0.09136265168090502,-0.050255876893186446
2026-06-19,-0.03866545110940933,-0.1837413215449401,-0.09669579928362165,-0.054240288329755026
2026-06-20,-0.03961426764726639,-0.1837413215449401,-0.09726508920633588,-0.06639412323958394
2026-06-21,-0.03534418344497681,-0.1837413215449401,-0.09470303868496213,-0.05899324914601478
2026-06-22,-0.026287250220775604,-0.18402389023259552,-0.08938190622550357,-0.058728513163306295
2026-06-23,-0.009708195924758911,-0.1824359432682377,-0.07879929486215043,-0.065511886030302
2026-06-24,0.021251339465379715,-0.18352960952396963,-0.06066104013036003,-0.017256461779439625
2026-06-25,0.049552418291568756,-0.1823211061912296,-0.04319699150155059,0.029534735926681543
2026-06-26,0.06728797405958176,-0.18364701487039004,-0.033086021512406964,0.041366105315599366
2026-06-27,0.06852105259895325,-0.18364701487039004,-0.032346174388784066,0.051891752319712214
2026-06-28,0.0607503205537796,-0.18364701487039004,-0.03700861361588825,0.06836512943499518
2026-06-29,0.04638195410370827,-0.18325834481879147,-0.04547416546529163,0.0627579956989861
2026-06-30,0.024777153506875038,-0.18345764491056013,-0.058516765860099025,0.08084099691068825
2026-07-01,-0.005223754793405533,-0.18310932699139282,-0.07637798367260046,0.03775156604025054
2026-07-02,-0.02081838995218277,-0.18252041532531857,-0.08549920010143709,0.027128005198180594
2026-07-03,-0.04835709184408188,-0.18301873366107485,-0.10222174857087907,0.02522176057942649
2026-07-04,-0.06667319685220718,-0.18301873366107485,-0.11321141157575425,0.010689691706307514
2026-07-05,-0.07143766433000565,-0.18301873366107485,-0.11607009206243332,0.0020424194815396035
2026-07-06,-0.0703776627779007,-0.1831076941818017,-0.1154696753394611,-0.026662182111057753
2026-07-07,-0.068295918405056,-0.18252041532531857,-0.11398571717316103,0.026513324050458476
2026-07-08,-0.06556936353445053,-0.18282785471234225,-0.11247276000560721,0.039593514207737934
2026-07-09,-0.0621134415268898,-0.1828680267529027,-0.11041527561729496,0.009492329590384374
2026-07-10,-0.05790884792804718,-0.1832684037302857,-0.10805267024894258,-0.0035854712124301358
2026-07-11,-0.048872821033000946,-0.1832684037302857,-0.10263105411191485,0.015907801751829487
2026-07-12,-0.035320915281772614,-0.1831076941818017,-0.09443562684178425,0.014777986829727308
2026-07-13,-0.022145703434944153,-0.18402389023259552,-0.0868969781540047,0.04685991004663226
2026-07-14,-0.026434168219566345,-0.1837413215449401,-0.08935702954971586,0.023248577347204202
2026-07-15,-0.037648119032382965,-0.18365072821462214,-0.09604916270527863,0.020974181963510086
2026-07-16,-0.047868140041828156,-0.1834598492658895,-0.10210482373145269,0.019877268126999414
2026-07-17,-0.051881156861782074,-0.1823211061912296,-0.10405713659356108,0.003258478935400877
2026-07-18,-0.052036724984645844,-0.18193153743442989,-0.10399464996455945,-0.007082987965306042
2026-07-19,-0.048663072288036346,-0.18193153743442989,-0.10197045834659375,0.010466987235049796
2026-07-20,-0.0389799103140831,-0.1823211061912296,-0.0963163886649417,-0.0229812011276902
2026-07-21,-0.022197991609573364,-0.18420785160788494,-0.087001935608898,-0.03968317883724071
2026-07-22,-0.001337934285402298,-0.1837413215449401,-0.07429928918921742,-0.03222001712483913
2026-07-23,0.02014555223286152,-0.1823211061912296,-0.06084111113677493,-0.004899463079062638
2026-07-24,0.04326857998967171,-0.1827423956062998,-0.0471358102487169,-0.019521518478565425
2026-07-25,0.05429444462060928,-0.1827423956062998,-0.04052029147015435,-0.024098796116504895
2026-07-26,0.04986008256673813,-0.1827423956062998,-0.04318090870247705,-0.027981502749465204
2026-07-27,0.03581998497247696,-0.1823211061912296,-0.05143645149300567,-0.0036994246489655547
2026-07-28,0.019125480204820633,-0.18364701487039004,-0.06198351782526364,0.0029971055307831396
2026-07-29,0.001108318567276001,-0.18311400864965546,-0.07258061231949658,0.010642457803698102
2026-07-30,-0.02612750232219696,-0.18402389023259552,-0.08928605748635639,-0.00704553657130691
2026-07-31,-0.048414669930934906,-0.18315240987886586,-0.10230976591010728,0.03236410577046023
2026-08-01,-0.05374925583600998,-0.18186791618889223,-0.10499671997716287,0.034047056171848666
2026-08-02,-0.032783135771751404,-0.18186791618889223,-0.09241704793860772,0.02094683026584865
2026-08-03,-0.009789973497390747,-0.18221552761647636,-0.078760195145025,0.007084540302267017
2026-08-04,0.016464173793792725,-0.18204189528647768,-0.06293825383831544,-0.007901843430687894
2026-08-05,0.04305513948202133,-0.18221552761647636,-0.047053127357377746,-0.01832886081128926
2026-08-06,0.06447776407003403,-0.1823662345246485,-0.03425983536783899,-0.01294625721410847
2026-08-07,0.07507932931184769,-0.1823662345246485,-0.02789889622275079,-0.02895159649425738
2026-08-08,0.0665009394288063,-0.1823662345246485,-0.03304593015257562,-0.028887236656168214
2026-08-09,0.04458945617079735,-0.1823662345246485,-0.046192820107380995,-0.030840384650052455
2026-08-10,0.02232382260262966,-0.1823662345246485,-0.0595522002482816,0.0087867736772278
2026-08-11,0.00567694753408432,-0.1823662345246485,-0.06954032528940882,0.017695283018867913
2026-08-12,-0.005986467003822327,-0.18277262580532175,-0.0767009305244221,0.09223063834761147
2026-08-13,-0.011570785194635391,-0.18414608001602215,-0.08060090312319008,0.15016791393280848
2026-08-14,-0.03398672491312027,-0.18414608001602215,-0.09405046695428101,0.24260162338548152
2026-08-15,-0.046107999980449677,-0.18414608001602215,-0.10132323199467866,0.2217436163738995
2026-08-16,-0.051211290061473846,-0.18414608001602215,-0.10438520604329315,0.2358346581875994
2026-08-17,-0.05039627104997635,-0.183739688735349,-0.1037336381241254,0.22408460285656284
2026-08-18,-0.048480741679668427,-0.18315240987886586,-0.1023494089593474,0.21342032234012542
2026-08-19,-0.049035169184207916,-0.183739688735349,-0.10291697700466435,0.13974167946567673
2026-08-20,-0.04936225712299347,-0.18345764491056013,-0.10300041223802013,0.09893071085783478
2026-08-21,-0.047702357172966,-0.183739688735349,-0.10211728979791919,-0.006282516933346471
2026-08-22,-0.04282767325639725,-0.183739688735349,-0.09919247944797793,0.014986325644408716
2026-08-23,-0.034702546894550323,-0.183739688735349,-0.09431740363086978,-0.0006689479507037133
2026-08-24,-0.024103067815303802,-0.18315240987886586,-0.08772280464072862,-0.005208832456143231
2026-08-25,-0.009856246411800385,-0.18350002130645,-0.07931375636966023,-0.014007538152314924
2026-08-26,0.006362881511449814,-0.183739688735349,-0.0696781465872697,-0.0213067590439584
2026-08-27,0.02398829720914364,-0.18414608001602215,-0.059265453680922675,0.012720191183555052
2026-08-28,0.03807436674833298,-0.18414608001602215,-0.05081381195740907,0.023314017814946464
2026-08-29,0.047579653561115265,-0.18414608001602215,-0.0451106398697397,0.020474881758915986
2026-08-30,0.052225738763809204,-0.18414608001602215,-0.04232298874812333,0.03423997837336845
2026-08-31,0.05206046625971794,-0.183739688735349,-0.04225959573830883,0.006753770522219815
2026-09-01,0.0453554168343544,-0.1837413215449401,-0.04628327851736341,0.013130334844200009
2026-09-02,0.029413385316729546,-0.183739688735349,-0.05584784430410186,0.01249573151076655
2026-09-03,0.002338029444217682,-0.18414608001602215,-0.07225561433987825,-0.05785195760767414
2026-09-04,-0.021516062319278717,-0.18414608001602215,-0.08656806939797608,-0.030567994760783868
2026-09-05,-0.03533965349197388,-0.18414608001602215,-0.09486222410159317,-0.03198000795422884
2026-09-06,-0.040061913430690765,-0.18414608001602215,-0.09769558006482332,-0.0435616166572258
2026-09-07,-0.037731610238552094,-0.183739688735349,-0.09613484163727085,-0.011664474205622999
2026-09-08,-0.029648080468177795,-0.18350002130645,-0.09118885680348668,-0.03583316975927853
2026-09-09,-0.01922670006752014,-0.1834598492658895,-0.08491995974686789,-0.02682308464324068
2026-09-10,-0.008780721575021744,-0.18325834481879147,-0.07857177087252963,-0.001981357400254402
2026-09-11,-0.0002429187297821045,-0.18315240987886586,-0.0734067151894156,0.047369852264207424
2026-09-12,0.0016459077596664429,-0.18315240987886586,-0.07227341929574647,0.051388784468896054
2026-09-13,0.005081631243228912,-0.18315240987886586,-0.07021198520560899,0.05642733707772618
2026-09-14,0.010067686438560486,-0.18402389023259552,-0.06756894422990192,0.10782549152242349
2026-09-15,0.015987880527973175,-0.18402389023259552,-0.06401682777625431,0.1396543409380302
2026-09-16,0.01719735562801361,-0.18325834481879147,-0.06298492455070842,0.1074927030033459
2026-09-17,0.014327704906463623,-0.18606477445707473,-0.06582928683895173,0.1046001407278303
2026-09-18,0.006255891174077988,-0.1862254840055587,-0.07073665889777668,0.039762192387678974
2026-09-19,0.0016440413892269135,-0.1862254840055587,-0.07350376876868733,0.03917674328329146
2026-09-20,0.0008552968502044678,-0.1862254840055587,-0.0739770154921008,0.0405774963660106
2026-09-21,0.0017088688910007477,-0.18606477445707473,-0.07340058844822944,-0.03601927961209883
2026-09-22,0.002568639814853668,-0.1864711657377479,-0.07304728240618698,-0.02952027037686278
2026-09-23,0.0014436021447181702,-0.18606477445707473,-0.073559748495999,-0.009170876896973379
2026-09-24,0.0009332820773124695,-0.18582510702817578,-0.07377007356488283,0.005565793913155481
2026-09-25,-0.002483181655406952,-0.18606477445707473,-0.07591581877607406,0.00497051188709996
2026-09-26,-0.009431358426809311,-0.18606477445707473,-0.08008472483891549,0.0037954309388141816
2026-09-27,-0.01479918509721756,-0.18606477445707473,-0.08330542084116044,0.02436310256653096
2026-09-28,-0.017827458679676056,-0.1857827306322859,-0.08500956746072,0.027148020700835884
2026-09-29,-0.01763206720352173,-0.18568590952972894,-0.08485360413400461,0.022978793899286698
2026-09-30,-0.017774008214473724,-0.1860664072666659,-0.0850909678353506,
2026-10-01,-0.01710592955350876,-0.1860664072666659,-0.08469012063877163,
2026-10-02,-0.015601806342601776,-0.18606477445707473,-0.08378699358839097,
2026-10-03,-0.01336079090833664,-0.18606477445707473,-0.08244238432783188,
2026-10-04,-0.00814935564994812,-0.18606477445707473,-0.07931552317279877,
2026-10-05,-0.0016839131712913513,-0.18606477445707473,-0.0754362576856047,
2026-10-06,0.0038365498185157776,-0.18606477445707473,-0.07212397989172042,
