date,final_signal,confidence,tradable,vol_regime,macro_regime
2018-01-01 00:00:00+00:00,NO_TRADE,0.5554645,1,1.0,0
2018-01-02 00:00:00+00:00,NO_TRADE,0.5554645,1,1.0,0
2018-01-03 00:00:00+00:00,NO_TRADE,0.5554645,1,1.0,0
2018-01-04 00:00:00+00:00,NO_TRADE,0.5554645,1,1.0,0
2018-01-05 00:00:00+00:00,NO_TRADE,0.5554645,1,1.0,0
2018-01-06 00:00:00+00:00,NO_TRADE,0.5554645,1,1.0,0
2018-01-07 00:00:00+00:00,NO_TRADE,0.5554645,1,1.0,0
2018-01-08 00:00:00+00:00,NO_TRADE,0.5554645,1,1.0,0
2018-01-09 00:00:00+00:00,NO_TRADE,0.5554645,1,1.0,0
2018-01-10 00:00:00+00:00,NO_TRADE,0.5554645,1,1.0,0
2018-01-11 00:00:00+00:00,NO_TRADE,0.5554645,1,1.0,0
2018-01-12 00:00:00+00:00,NO_TRADE,0.5554645,1,1.0,0
2018-01-13 00:00:00+00:00,NO_TRADE,0.5554645,1,1.0,0
2018-01-14 00:00:00+00:00,NO_TRADE,0.5554645,1,1.0,0
2018-01-15 00:00:00+00:00,NO_TRADE,0.5554645,1,1.0,0
2018-01-16 00:00:00+00:00,NO_TRADE,0.5554645,1,1.0,0
2018-01-17 00:00:00+00:00,NO_TRADE,0.5554645,1,1.0,0
2018-01-18 00:00:00+00:00,NO_TRADE,0.5554645,1,1.0,0
2018-01-19 00:00:00+00:00,NO_TRADE,0.5554645,1,1.0,0
2018-01-20 00:00:00+00:00,NO_TRADE,0.5554645,1,1.0,0
2018-01-21 00:00:00+00:00,NO_TRADE,0.5554645,1,1.0,0
2018-01-22 00:00:00+00:00,NO_TRADE,0.5554645,1,1.0,0
2018-01-23 00:00:00+00:00,NO_TRADE,0.5554645,1,1.0,0
2018-01-24 00:00:00+00:00,NO_TRADE,0.5554645,1,1.0,0
2018-01-25 00:00:00+00:00,NO_TRADE,0.5554645,1,1.0,0
2018-01-26 00:00:00+00:00,NO_TRADE,0.5554645,1,1.0,0
2018-01-27 00:00:00+00:00,NO_TRADE,0.5554645,1,1.0,0
2018-01-28 00:00:00+00:00,NO_TRADE,0.5554645,1,1.0,0
2018-01-29 00:00:00+00:00,NO_TRADE,0.5554645,1,1.0,0
2018-01-30 00:00:00+00:00,NO_TRADE,0.5554645,1,1.0,0
2018-01-31 00:00:00+00:00,NO_TRADE,0.5554645,1,1.0,0
2018-02-01 00:00:00+00:00,NO_TRADE,0.5554645,1,1.0,0
2018-02-02 00:00:00+00:00,NO_TRADE,0.5554645,1,1.0,0
2018-02-03 00:00:00+00:00,NO_TRADE,0.5554645,1,1.0,0
2018-02-04 00:00:00+00:00,NO_TRADE,0.5554645,1,1.0,0
2018-02-05 00:00:00+00:00,NO_TRADE,0.5554645,1,1.0,0
2018-02-06 00:00:00+00:00,NO_TRADE,0.5554645,1,1.0,0
2018-02-07 00:00:00+00:00,NO_TRADE,0.5554645,1,1.0,0
2018-02-08 00:00:00+00:00,NO_TRADE,0.5554645,1,1.0,0
2018-02-09 00:00:00+00:00,NO_TRADE,0.5554645,1,1.0,0
2018-02-10 00:00:00+00:00,NO_TRADE,0.5554645,1,1.0,0
2018-02-11 00:00:00+00:00,NO_TRADE,0.5554645,1,1.0,0
2018-02-12 00:00:00+00:00,NO_TRADE,0.5554645,1,1.0,0
2018-02-13 00:00:00+00:00,NO_TRADE,0.5554645,1,1.0,0
2018-02-14 00:00:00+00:00,NO_TRADE,0.5554645,1,1.0,0
2018-02-15 00:00:00+00:00,NO_TRADE,0.5554645,1,1.0,0
2018-02-16 00:00:00+00:00,NO_TRADE,0.5554645,1,1.0,0
2018-02-17 00:00:00+00:00,NO_TRADE,0.5554645,1,1.0,0
2018-02-18 00:00:00+00:00,NO_TRADE,0.5554645,1,1.0,0
2018-02-19 00:00:00+00:00,NO_TRADE,0.5554645,1,1.0,0
2018-02-20 00:00:00+00:00,NO_TRADE,0.5554645,1,1.0,0
2018-02-21 00:00:00+00:00,NO_TRADE,0.5554645,1,1.0,0
2018-02-22 00:00:00+00:00,NO_TRADE,0.5554645,1,1.0,0
2018-02-23 00:00:00+00:00,NO_TRADE,0.5554645,1,1.0,0
2018-02-24 00:00:00+00:00,NO_TRADE,0.5554645,1,1.0,0
2018-02-25 00:00:00+00:00,NO_TRADE,0.5554645,1,1.0,0
2018-02-26 00:00:00+00:00,NO_TRADE,0.5554645,1,1.0,0
2018-02-27 00:00:00+00:00,NO_TRADE,0.5554645,1,1.0,0
2018-02-28 00:00:00+00:00,NO_TRADE,0.5554645,1,1.0,0
2018-03-01 00:00:00+00:00,NO_TRADE,0.5554645,1,1.0,0
2018-03-02 00:00:00+00:00,LONG,0.6154963,1,1.0,0
2018-03-03 00:00:00+00:00,SHORT,0.6809005,1,1.0,0
2018-03-04 00:00:00+00:00,LONG,0.81049675,1,1.0,0
2018-03-05 00:00:00+00:00,NO_TRADE,0.51266754,1,1.0,0
2018-03-06 00:00:00+00:00,LONG,0.89081633,1,1.0,0
2018-03-07 00:00:00+00:00,SHORT,0.6967906,1,1.0,0
2018-03-08 00:00:00+00:00,LONG,0.61394686,1,1.0,0
2018-03-09 00:00:00+00:00,NO_TRADE,0.55191815,1,1.0,0
2018-03-10 00:00:00+00:00,NO_TRADE,0.581015,1,1.0,0
2018-03-11 00:00:00+00:00,LONG,0.65175015,1,1.0,0
2018-03-12 00:00:00+00:00,LONG,0.6032088,1,1.0,0
2018-03-13 00:00:00+00:00,LONG,0.9183395,1,1.0,0
2018-03-14 00:00:00+00:00,LONG,0.8046771,1,1.0,0
2018-03-15 00:00:00+00:00,NO_TRADE,0.53792536,1,1.0,0
2018-03-16 00:00:00+00:00,NO_TRADE,0.52352256,1,1.0,0
2018-03-17 00:00:00+00:00,LONG,0.63217,1,1.0,0
2018-03-18 00:00:00+00:00,LONG,0.80646634,1,1.0,0
2018-03-19 00:00:00+00:00,NO_TRADE,0.53624403,1,1.0,0
2018-03-20 00:00:00+00:00,LONG,0.6318716,1,1.0,0
2018-03-21 00:00:00+00:00,SHORT,0.6168754,1,1.0,0
2018-03-22 00:00:00+00:00,LONG,0.61029184,1,1.0,0
2018-03-23 00:00:00+00:00,LONG,0.6920517,1,1.0,0
2018-03-24 00:00:00+00:00,LONG,0.69383484,1,1.0,0
2018-03-25 00:00:00+00:00,LONG,0.7629638,1,1.0,0
2018-03-26 00:00:00+00:00,LONG,0.83475715,1,1.0,0
2018-03-27 00:00:00+00:00,NO_TRADE,0.5783093,1,1.0,0
2018-03-28 00:00:00+00:00,NO_TRADE,0.56178594,1,1.0,0
2018-03-29 00:00:00+00:00,LONG,0.69329804,1,1.0,0
2018-03-30 00:00:00+00:00,LONG,0.7266445,1,1.0,0
2018-03-31 00:00:00+00:00,NO_TRADE,0.53860265,1,1.0,0
2018-04-01 00:00:00+00:00,NO_TRADE,0.53282595,1,1.0,0
2018-04-02 00:00:00+00:00,LONG,0.6875584,1,1.0,0
2018-04-03 00:00:00+00:00,NO_TRADE,0.5482085,1,1.0,0
2018-04-04 00:00:00+00:00,LONG,0.6087096,1,1.0,0
2018-04-05 00:00:00+00:00,SHORT,0.61040103,1,1.0,0
2018-04-06 00:00:00+00:00,SHORT,0.69128096,1,1.0,0
2018-04-07 00:00:00+00:00,NO_TRADE,0.5243492,1,1.0,0
2018-04-08 00:00:00+00:00,LONG,0.89413947,1,1.0,0
2018-04-09 00:00:00+00:00,NO_TRADE,0.5186162,1,1.0,0
2018-04-10 00:00:00+00:00,NO_TRADE,0.53490144,1,1.0,0
2018-04-11 00:00:00+00:00,SHORT,0.6106838,1,1.0,0
2018-04-12 00:00:00+00:00,NO_TRADE,0.5090865,1,1.0,0
2018-04-13 00:00:00+00:00,NO_TRADE,0.58796406,1,1.0,0
2018-04-14 00:00:00+00:00,LONG,0.6562644,1,1.0,0
2018-04-15 00:00:00+00:00,NO_TRADE,0.5053752,1,1.0,0
2018-04-16 00:00:00+00:00,LONG,0.6075865,1,1.0,0
2018-04-17 00:00:00+00:00,LONG,0.7187447,1,1.0,0
2018-04-18 00:00:00+00:00,NO_TRADE,0.5527022,1,1.0,0
2018-04-19 00:00:00+00:00,LONG,0.7935291,1,1.0,0
2018-04-20 00:00:00+00:00,LONG,0.7194597,1,1.0,0
2018-04-21 00:00:00+00:00,LONG,0.60962933,1,1.0,0
2018-04-22 00:00:00+00:00,LONG,0.7460585,1,1.0,0
2018-04-23 00:00:00+00:00,LONG,0.8926412,1,1.0,0
2018-04-24 00:00:00+00:00,LONG,0.7222018,1,1.0,0
2018-04-25 00:00:00+00:00,LONG,0.79178184,1,1.0,0
2018-04-26 00:00:00+00:00,LONG,0.7300967,1,1.0,0
2018-04-27 00:00:00+00:00,LONG,0.8470469,1,1.0,0
2018-04-28 00:00:00+00:00,LONG,0.60737973,1,1.0,0
2018-04-29 00:00:00+00:00,NO_TRADE,0.5417101,1,1.0,0
2018-04-30 00:00:00+00:00,NO_TRADE,0.53761256,1,1.0,0
2018-05-01 00:00:00+00:00,SHORT,0.6627935,1,1.0,0
2018-05-02 00:00:00+00:00,NO_TRADE,0.5756786,1,1.0,0
2018-05-03 00:00:00+00:00,NO_TRADE,0.5542517,1,1.0,0
2018-05-04 00:00:00+00:00,SHORT,0.8440281,1,1.0,0
2018-05-05 00:00:00+00:00,SHORT,0.61527395,1,1.0,0
2018-05-06 00:00:00+00:00,SHORT,0.67593974,1,1.0,0
2018-05-07 00:00:00+00:00,SHORT,0.81496036,1,1.0,0
2018-05-08 00:00:00+00:00,NO_TRADE,0.5907132,1,1.0,0
2018-05-09 00:00:00+00:00,NO_TRADE,0.5708356,1,1.0,0
2018-05-10 00:00:00+00:00,SHORT,0.62389666,1,1.0,0
2018-05-11 00:00:00+00:00,SHORT,0.67733747,1,1.0,0
2018-05-12 00:00:00+00:00,SHORT,0.6413547,1,1.0,0
2018-05-13 00:00:00+00:00,LONG,0.70403504,1,1.0,0
2018-05-14 00:00:00+00:00,LONG,0.6364875,1,1.0,0
2018-05-15 00:00:00+00:00,NO_TRADE,0.5893406,1,1.0,0
2018-05-16 00:00:00+00:00,SHORT,0.656391,1,1.0,0
2018-05-17 00:00:00+00:00,NO_TRADE,0.5111798,1,1.0,0
2018-05-18 00:00:00+00:00,LONG,0.74800223,1,1.0,0
2018-05-19 00:00:00+00:00,SHORT,0.60755354,1,1.0,0
2018-05-20 00:00:00+00:00,LONG,0.62778574,1,1.0,0
2018-05-21 00:00:00+00:00,NO_TRADE,0.5845537,1,1.0,0
2018-05-22 00:00:00+00:00,NO_TRADE,0.54808366,1,1.0,0
2018-05-23 00:00:00+00:00,NO_TRADE,0.58351696,1,1.0,0
2018-05-24 00:00:00+00:00,SHORT,0.6049408,1,1.0,0
2018-05-25 00:00:00+00:00,SHORT,0.7145477,1,1.0,0
2018-05-26 00:00:00+00:00,NO_TRADE,0.5336491,1,1.0,0
2018-05-27 00:00:00+00:00,LONG,0.83565795,1,1.0,0
2018-05-28 00:00:00+00:00,NO_TRADE,0.53016263,1,1.0,0
2018-05-29 00:00:00+00:00,LONG,0.61795825,1,1.0,0
2018-05-30 00:00:00+00:00,SHORT,0.67880887,1,1.0,0
2018-05-31 00:00:00+00:00,NO_TRADE,0.56293714,1,1.0,0
2018-06-01 00:00:00+00:00,SHORT,0.66776395,1,1.0,0
2018-06-02 00:00:00+00:00,SHORT,0.6656987,1,1.0,0
2018-06-03 00:00:00+00:00,NO_TRADE,0.56896067,1,1.0,0
2018-06-04 00:00:00+00:00,LONG,0.73575854,1,1.0,0
2018-06-05 00:00:00+00:00,NO_TRADE,0.50604004,1,1.0,0
2018-06-06 00:00:00+00:00,NO_TRADE,0.5348713,1,1.0,0
2018-06-07 00:00:00+00:00,NO_TRADE,0.5154009,1,1.0,0
2018-06-08 00:00:00+00:00,NO_TRADE,0.56940216,1,1.0,0
2018-06-09 00:00:00+00:00,LONG,0.6437322,1,1.0,0
2018-06-10 00:00:00+00:00,SHORT,0.6222568,1,1.0,0
2018-06-11 00:00:00+00:00,LONG,0.8324865,1,1.0,0
2018-06-12 00:00:00+00:00,LONG,0.66474855,1,1.0,0
2018-06-13 00:00:00+00:00,SHORT,0.6986949,1,1.0,0
2018-06-14 00:00:00+00:00,NO_TRADE,0.50955695,1,1.0,0
2018-06-15 00:00:00+00:00,LONG,0.6032262,1,1.0,0
2018-06-16 00:00:00+00:00,NO_TRADE,0.5542517,1,1.0,0
2018-06-17 00:00:00+00:00,LONG,0.7357871,1,1.0,0
2018-06-18 00:00:00+00:00,LONG,0.68475723,1,1.0,0
2018-06-19 00:00:00+00:00,NO_TRADE,0.54900324,1,1.0,0
2018-06-20 00:00:00+00:00,LONG,0.62400854,1,1.0,0
2018-06-21 00:00:00+00:00,LONG,0.6078601,1,1.0,0
2018-06-22 00:00:00+00:00,NO_TRADE,0.5279265,1,1.0,0
2018-06-23 00:00:00+00:00,NO_TRADE,0.5186858,1,1.0,0
2018-06-24 00:00:00+00:00,NO_TRADE,0.5723795,1,1.0,0
2018-06-25 00:00:00+00:00,NO_TRADE,0.5911044,1,1.0,0
2018-06-26 00:00:00+00:00,NO_TRADE,0.5312576,1,1.0,0
2018-06-27 00:00:00+00:00,LONG,0.87775254,1,1.0,0
2018-06-28 00:00:00+00:00,LONG,0.7171676,1,1.0,0
2018-06-29 00:00:00+00:00,NO_TRADE,0.59767,1,1.0,0
2018-06-30 00:00:00+00:00,SHORT,0.6758276,1,1.0,0
2018-07-01 00:00:00+00:00,SHORT,0.63281226,1,1.0,0
2018-07-02 00:00:00+00:00,NO_TRADE,0.59456265,1,1.0,0
2018-07-03 00:00:00+00:00,LONG,0.758743,1,1.0,0
2018-07-04 00:00:00+00:00,NO_TRADE,0.5634256,1,1.0,0
2018-07-05 00:00:00+00:00,NO_TRADE,0.5497599,1,1.0,0
2018-07-06 00:00:00+00:00,SHORT,0.72894037,1,1.0,0
2018-07-07 00:00:00+00:00,NO_TRADE,0.5707284,1,1.0,0
2018-07-08 00:00:00+00:00,LONG,0.621634,1,1.0,0
2018-07-09 00:00:00+00:00,LONG,0.7355636,1,1.0,0
2018-07-10 00:00:00+00:00,NO_TRADE,0.57769376,1,1.0,0
2018-07-11 00:00:00+00:00,NO_TRADE,0.5040098,1,1.0,0
2018-07-12 00:00:00+00:00,NO_TRADE,0.58423316,1,1.0,0
2018-07-13 00:00:00+00:00,NO_TRADE,0.5823359,1,1.0,0
2018-07-14 00:00:00+00:00,NO_TRADE,0.5226939,1,1.0,0
2018-07-15 00:00:00+00:00,NO_TRADE,0.5677172,1,1.0,0
2018-07-16 00:00:00+00:00,LONG,0.6684465,1,1.0,0
2018-07-17 00:00:00+00:00,NO_TRADE,0.55839074,1,1.0,0
2018-07-18 00:00:00+00:00,SHORT,0.63744617,1,1.0,0
2018-07-19 00:00:00+00:00,NO_TRADE,0.5713679,1,1.0,0
2018-07-20 00:00:00+00:00,NO_TRADE,0.50310874,1,1.0,0
2018-07-21 00:00:00+00:00,SHORT,0.6280633,1,1.0,0
2018-07-22 00:00:00+00:00,NO_TRADE,0.5448542,1,1.0,0
2018-07-23 00:00:00+00:00,NO_TRADE,0.5513278,1,1.0,0
2018-07-24 00:00:00+00:00,LONG,0.69402343,1,1.0,0
2018-07-25 00:00:00+00:00,LONG,0.61231124,1,1.0,0
2018-07-26 00:00:00+00:00,SHORT,0.81319296,1,1.0,0
2018-07-27 00:00:00+00:00,SHORT,0.6921898,1,1.0,0
2018-07-28 00:00:00+00:00,SHORT,0.81042343,1,1.0,0
2018-07-29 00:00:00+00:00,LONG,0.7100391,1,1.0,0
2018-07-30 00:00:00+00:00,NO_TRADE,0.5942257,1,1.0,0
2018-07-31 00:00:00+00:00,NO_TRADE,0.5344666,1,1.0,0
2018-08-01 00:00:00+00:00,SHORT,0.6680014,1,1.0,0
2018-08-02 00:00:00+00:00,LONG,0.69407016,1,1.0,0
2018-08-03 00:00:00+00:00,LONG,0.69728976,1,1.0,0
2018-08-04 00:00:00+00:00,LONG,0.65419453,1,1.0,0
2018-08-05 00:00:00+00:00,NO_TRADE,0.50382185,1,1.0,0
2018-08-06 00:00:00+00:00,NO_TRADE,0.56472313,1,1.0,0
2018-08-07 00:00:00+00:00,NO_TRADE,0.5069269,1,1.0,0
2018-08-08 00:00:00+00:00,NO_TRADE,0.5960642,1,1.0,0
2018-08-09 00:00:00+00:00,LONG,0.6098751,1,1.0,0
2018-08-10 00:00:00+00:00,NO_TRADE,0.57045543,1,1.0,0
2018-08-11 00:00:00+00:00,SHORT,0.64562273,1,1.0,0
2018-08-12 00:00:00+00:00,NO_TRADE,0.5489609,1,1.0,0
2018-08-13 00:00:00+00:00,NO_TRADE,0.5050823,1,1.0,0
2018-08-14 00:00:00+00:00,LONG,0.6084066,1,1.0,0
2018-08-15 00:00:00+00:00,LONG,0.6080408,1,1.0,0
2018-08-16 00:00:00+00:00,NO_TRADE,0.55597717,1,1.0,0
2018-08-17 00:00:00+00:00,LONG,0.6874179,1,1.0,0
2018-08-18 00:00:00+00:00,LONG,0.7240922,1,1.0,0
2018-08-19 00:00:00+00:00,SHORT,0.7363178,1,1.0,0
2018-08-20 00:00:00+00:00,LONG,0.78650314,1,1.0,0
2018-08-21 00:00:00+00:00,LONG,0.6404457,1,1.0,0
2018-08-22 00:00:00+00:00,LONG,0.6194221,1,1.0,0
2018-08-23 00:00:00+00:00,SHORT,0.70363915,1,1.0,0
2018-08-24 00:00:00+00:00,LONG,0.67387223,1,1.0,0
2018-08-25 00:00:00+00:00,LONG,0.6223017,1,1.0,0
2018-08-26 00:00:00+00:00,LONG,0.6380533,1,1.0,0
2018-08-27 00:00:00+00:00,LONG,0.70267683,1,1.0,0
2018-08-28 00:00:00+00:00,NO_TRADE,0.5121201,1,1.0,0
2018-08-29 00:00:00+00:00,NO_TRADE,0.5129548,1,1.0,0
2018-08-30 00:00:00+00:00,SHORT,0.61131483,1,1.0,0
2018-08-31 00:00:00+00:00,SHORT,0.82468486,1,1.0,0
2018-09-01 00:00:00+00:00,LONG,0.76699245,1,1.0,0
2018-09-02 00:00:00+00:00,LONG,0.61806893,1,1.0,0
2018-09-03 00:00:00+00:00,NO_TRADE,0.5024356,1,1.0,0
2018-09-04 00:00:00+00:00,LONG,0.7808324,1,1.0,0
2018-09-05 00:00:00+00:00,NO_TRADE,0.5702879,1,1.0,0
2018-09-06 00:00:00+00:00,LONG,0.6533309,1,1.0,0
2018-09-07 00:00:00+00:00,NO_TRADE,0.5093404,1,1.0,0
2018-09-08 00:00:00+00:00,NO_TRADE,0.5626576,1,1.0,0
2018-09-09 00:00:00+00:00,NO_TRADE,0.5566032,1,1.0,0
2018-09-10 00:00:00+00:00,SHORT,0.63129365,1,1.0,0
2018-09-11 00:00:00+00:00,NO_TRADE,0.5356413,1,1.0,0
2018-09-12 00:00:00+00:00,LONG,0.61103404,1,1.0,0
2018-09-13 00:00:00+00:00,NO_TRADE,0.5263893,1,1.0,0
2018-09-14 00:00:00+00:00,SHORT,0.6694899,1,1.0,0
2018-09-15 00:00:00+00:00,LONG,0.6565608,1,1.0,0
2018-09-16 00:00:00+00:00,LONG,0.7395122,1,1.0,0
2018-09-17 00:00:00+00:00,SHORT,0.6935596,1,0.0,0
2018-09-18 00:00:00+00:00,NO_TRADE,0.58946735,1,1.0,0
2018-09-19 00:00:00+00:00,NO_TRADE,0.5624294,1,1.0,0
2018-09-20 00:00:00+00:00,LONG,0.6837982,1,0.0,0
2018-09-21 00:00:00+00:00,NO_TRADE,0.53147066,1,0.0,0
2018-09-22 00:00:00+00:00,NO_TRADE,0.5591212,1,1.0,0
2018-09-23 00:00:00+00:00,LONG,0.88671327,1,1.0,0
2018-09-24 00:00:00+00:00,LONG,0.6216504,1,0.0,0
2018-09-25 00:00:00+00:00,NO_TRADE,0.51861465,1,0.0,0
2018-09-26 00:00:00+00:00,NO_TRADE,0.599052,1,0.0,0
2018-09-27 00:00:00+00:00,LONG,0.73707545,1,0.0,0
2018-09-28 00:00:00+00:00,LONG,0.65709174,1,0.0,0
2018-09-29 00:00:00+00:00,SHORT,0.6423491,1,0.0,0
2018-09-30 00:00:00+00:00,NO_TRADE,0.5783863,1,0.0,0
2018-10-01 00:00:00+00:00,NO_TRADE,0.55137736,1,0.0,0
2018-10-02 00:00:00+00:00,LONG,0.6980162,1,0.0,0
2018-10-03 00:00:00+00:00,NO_TRADE,0.535012,1,0.0,0
2018-10-04 00:00:00+00:00,LONG,0.6646771,1,0.0,0
2018-10-05 00:00:00+00:00,LONG,0.7763602,1,0.0,0
2018-10-06 00:00:00+00:00,NO_TRADE,0.5211849,1,0.0,0
2018-10-07 00:00:00+00:00,NO_TRADE,0.5713252,1,0.0,0
2018-10-08 00:00:00+00:00,SHORT,0.7149376,1,0.0,0
2018-10-09 00:00:00+00:00,LONG,0.62068576,1,0.0,0
2018-10-10 00:00:00+00:00,SHORT,0.67143095,1,0.0,0
2018-10-11 00:00:00+00:00,NO_TRADE,0.5942806,1,0.0,0
2018-10-12 00:00:00+00:00,LONG,0.8171172,1,1.0,0
2018-10-13 00:00:00+00:00,LONG,0.73735,1,0.0,0
2018-10-14 00:00:00+00:00,NO_TRADE,0.5664367,1,0.0,0
2018-10-15 00:00:00+00:00,LONG,0.645868,1,0.0,0
2018-10-16 00:00:00+00:00,NO_TRADE,0.5031136,1,1.0,0
2018-10-17 00:00:00+00:00,LONG,0.6395612,1,1.0,0
2018-10-18 00:00:00+00:00,LONG,0.6715035,1,1.0,0
2018-10-19 00:00:00+00:00,NO_TRADE,0.5931582,1,1.0,0
2018-10-20 00:00:00+00:00,NO_TRADE,0.5063588,1,1.0,0
2018-10-21 00:00:00+00:00,SHORT,0.6561296,1,0.0,0
2018-10-22 00:00:00+00:00,SHORT,0.6235157,1,0.0,0
2018-10-23 00:00:00+00:00,NO_TRADE,0.5078386,1,0.0,0
2018-10-24 00:00:00+00:00,NO_TRADE,0.5135882,1,0.0,0
2018-10-25 00:00:00+00:00,SHORT,0.7083795,1,0.0,0
2018-10-26 00:00:00+00:00,LONG,0.62177163,1,0.0,0
2018-10-27 00:00:00+00:00,NO_TRADE,0.5687486,1,0.0,0
2018-10-28 00:00:00+00:00,NO_TRADE,0.50099176,1,0.0,0
2018-10-29 00:00:00+00:00,NO_TRADE,0.56011844,1,0.0,0
2018-10-30 00:00:00+00:00,LONG,0.68364495,1,0.0,0
2018-10-31 00:00:00+00:00,NO_TRADE,0.5586262,1,0.0,0
2018-11-01 00:00:00+00:00,LONG,0.82159734,1,0.0,0
2018-11-02 00:00:00+00:00,NO_TRADE,0.5476669,1,0.0,0
2018-11-03 00:00:00+00:00,NO_TRADE,0.54999584,1,0.0,0
2018-11-04 00:00:00+00:00,SHORT,0.633501,1,0.0,0
2018-11-05 00:00:00+00:00,SHORT,0.7184477,1,0.0,0
2018-11-06 00:00:00+00:00,NO_TRADE,0.54726565,1,0.0,0
2018-11-07 00:00:00+00:00,SHORT,0.64971894,1,0.0,0
2018-11-08 00:00:00+00:00,NO_TRADE,0.5769677,1,0.0,0
2018-11-09 00:00:00+00:00,NO_TRADE,0.59243,1,0.0,0
2018-11-10 00:00:00+00:00,NO_TRADE,0.5956471,1,0.0,0
2018-11-11 00:00:00+00:00,NO_TRADE,0.55983454,1,0.0,0
2018-11-12 00:00:00+00:00,NO_TRADE,0.5392345,1,0.0,0
2018-11-13 00:00:00+00:00,NO_TRADE,0.539034,1,0.0,0
2018-11-14 00:00:00+00:00,LONG,0.6362157,1,0.0,0
2018-11-15 00:00:00+00:00,NO_TRADE,0.50800395,1,1.0,0
2018-11-16 00:00:00+00:00,NO_TRADE,0.5275409,1,1.0,0
2018-11-17 00:00:00+00:00,SHORT,0.60966796,1,1.0,0
2018-11-18 00:00:00+00:00,LONG,0.6330846,1,1.0,0
2018-11-19 00:00:00+00:00,LONG,0.71864355,1,1.0,0
2018-11-20 00:00:00+00:00,LONG,0.62061065,1,2.0,0
2018-11-21 00:00:00+00:00,NO_TRADE,0.5332944,1,2.0,0
2018-11-22 00:00:00+00:00,SHORT,0.73549837,1,2.0,0
2018-11-23 00:00:00+00:00,LONG,0.9366622,1,2.0,0
2018-11-24 00:00:00+00:00,SHORT,0.64329386,1,2.0,0
2018-11-25 00:00:00+00:00,NO_TRADE,0.50901806,1,2.0,0
2018-11-26 00:00:00+00:00,NO_TRADE,0.52075535,1,2.0,0
2018-11-27 00:00:00+00:00,SHORT,0.750422,1,2.0,0
2018-11-28 00:00:00+00:00,LONG,0.689777,1,2.0,0
2018-11-29 00:00:00+00:00,LONG,0.8769268,1,2.0,0
2018-11-30 00:00:00+00:00,NO_TRADE,0.5115905,1,2.0,0
2018-12-01 00:00:00+00:00,SHORT,0.6789892,1,2.0,0
2018-12-02 00:00:00+00:00,LONG,0.8809433,1,2.0,0
2018-12-03 00:00:00+00:00,SHORT,0.6848937,1,2.0,0
2018-12-04 00:00:00+00:00,LONG,0.7453719,1,2.0,0
2018-12-05 00:00:00+00:00,LONG,0.7837622,1,2.0,0
2018-12-06 00:00:00+00:00,LONG,0.7410556,1,2.0,0
2018-12-07 00:00:00+00:00,LONG,0.6112453,1,2.0,0
2018-12-08 00:00:00+00:00,NO_TRADE,0.564384,1,2.0,0
2018-12-09 00:00:00+00:00,NO_TRADE,0.69757247,0,2.0,1
2018-12-10 00:00:00+00:00,NO_TRADE,0.56881577,0,2.0,1
2018-12-11 00:00:00+00:00,NO_TRADE,0.50772977,1,2.0,0
2018-12-12 00:00:00+00:00,NO_TRADE,0.56457466,1,2.0,0
2018-12-13 00:00:00+00:00,LONG,0.6942166,1,2.0,0
2018-12-14 00:00:00+00:00,LONG,0.88447905,1,2.0,0
2018-12-15 00:00:00+00:00,LONG,0.60968304,1,2.0,0
2018-12-16 00:00:00+00:00,NO_TRADE,0.5918683,1,2.0,0
2018-12-17 00:00:00+00:00,LONG,0.6628311,1,2.0,0
2018-12-18 00:00:00+00:00,NO_TRADE,0.53304917,1,2.0,0
2018-12-19 00:00:00+00:00,NO_TRADE,0.62146145,0,2.0,1
2018-12-20 00:00:00+00:00,NO_TRADE,0.7569399,0,2.0,1
2018-12-21 00:00:00+00:00,NO_TRADE,0.7187004,0,2.0,1
2018-12-22 00:00:00+00:00,NO_TRADE,0.71279067,0,2.0,1
2018-12-23 00:00:00+00:00,NO_TRADE,0.5593661,0,2.0,1
2018-12-24 00:00:00+00:00,NO_TRADE,0.84097594,0,2.0,1
2018-12-25 00:00:00+00:00,NO_TRADE,0.5378412,0,2.0,1
2018-12-26 00:00:00+00:00,LONG,0.8193324,1,2.0,0
2018-12-27 00:00:00+00:00,SHORT,0.6722475,1,2.0,0
2018-12-28 00:00:00+00:00,LONG,0.86114085,1,2.0,0
2018-12-29 00:00:00+00:00,NO_TRADE,0.5347345,1,2.0,0
2018-12-30 00:00:00+00:00,NO_TRADE,0.51606107,1,2.0,0
2018-12-31 00:00:00+00:00,NO_TRADE,0.5299332,1,2.0,0
2019-01-01 00:00:00+00:00,NO_TRADE,0.5568958,1,2.0,0
2019-01-02 00:00:00+00:00,LONG,0.6344186,1,2.0,0
2019-01-03 00:00:00+00:00,NO_TRADE,0.5494735,0,2.0,1
2019-01-04 00:00:00+00:00,NO_TRADE,0.6698313,0,2.0,1
2019-01-05 00:00:00+00:00,NO_TRADE,0.62311685,0,2.0,1
2019-01-06 00:00:00+00:00,NO_TRADE,0.53681666,0,2.0,1
2019-01-07 00:00:00+00:00,NO_TRADE,0.6507941,0,2.0,1
2019-01-08 00:00:00+00:00,NO_TRADE,0.5820203,0,2.0,1
2019-01-09 00:00:00+00:00,NO_TRADE,0.51977164,0,1.0,1
2019-01-10 00:00:00+00:00,NO_TRADE,0.50067085,0,1.0,1
2019-01-11 00:00:00+00:00,NO_TRADE,0.559956,0,2.0,1
2019-01-12 00:00:00+00:00,LONG,0.88284206,1,2.0,0
2019-01-13 00:00:00+00:00,SHORT,0.6056943,1,2.0,0
2019-01-14 00:00:00+00:00,NO_TRADE,0.5095973,1,2.0,0
2019-01-15 00:00:00+00:00,NO_TRADE,0.50192446,1,2.0,0
2019-01-16 00:00:00+00:00,NO_TRADE,0.6583226,0,2.0,1
2019-01-17 00:00:00+00:00,NO_TRADE,0.5938444,0,2.0,1
2019-01-18 00:00:00+00:00,NO_TRADE,0.5279627,0,1.0,1
2019-01-19 00:00:00+00:00,NO_TRADE,0.52631634,0,1.0,1
2019-01-20 00:00:00+00:00,NO_TRADE,0.53983426,0,1.0,1
2019-01-21 00:00:00+00:00,NO_TRADE,0.5270202,0,1.0,1
2019-01-22 00:00:00+00:00,NO_TRADE,0.64422876,0,1.0,1
2019-01-23 00:00:00+00:00,NO_TRADE,0.71368575,0,1.0,1
2019-01-24 00:00:00+00:00,NO_TRADE,0.608521,0,1.0,1
2019-01-25 00:00:00+00:00,NO_TRADE,0.5833939,0,1.0,1
2019-01-26 00:00:00+00:00,NO_TRADE,0.57137907,0,0.0,1
2019-01-27 00:00:00+00:00,NO_TRADE,0.68213695,0,0.0,1
2019-01-28 00:00:00+00:00,NO_TRADE,0.50819653,1,0.0,0
2019-01-29 00:00:00+00:00,SHORT,0.63112235,1,0.0,0
2019-01-30 00:00:00+00:00,NO_TRADE,0.50993836,1,0.0,0
2019-01-31 00:00:00+00:00,SHORT,0.7960328,1,0.0,0
2019-02-01 00:00:00+00:00,LONG,0.6886466,1,0.0,0
2019-02-02 00:00:00+00:00,LONG,0.6272592,1,0.0,0
2019-02-03 00:00:00+00:00,LONG,0.6805998,1,0.0,0
2019-02-04 00:00:00+00:00,NO_TRADE,0.58050525,1,0.0,0
2019-02-05 00:00:00+00:00,NO_TRADE,0.5334097,1,0.0,0
2019-02-06 00:00:00+00:00,LONG,0.6879726,1,0.0,0
2019-02-07 00:00:00+00:00,SHORT,0.65644383,1,0.0,0
2019-02-08 00:00:00+00:00,LONG,0.6635,1,0.0,0
2019-02-09 00:00:00+00:00,SHORT,0.6028855,1,1.0,0
2019-02-10 00:00:00+00:00,NO_TRADE,0.55202883,1,1.0,0
2019-02-11 00:00:00+00:00,NO_TRADE,0.57275414,1,1.0,0
2019-02-12 00:00:00+00:00,LONG,0.7250595,1,1.0,0
2019-02-13 00:00:00+00:00,LONG,0.6731417,1,1.0,0
2019-02-14 00:00:00+00:00,LONG,0.75303674,1,0.0,0
2019-02-15 00:00:00+00:00,LONG,0.7446704,1,0.0,0
2019-02-16 00:00:00+00:00,NO_TRADE,0.536144,1,0.0,0
2019-02-17 00:00:00+00:00,NO_TRADE,0.5495129,1,0.0,0
2019-02-18 00:00:00+00:00,NO_TRADE,0.57920426,1,0.0,0
2019-02-19 00:00:00+00:00,NO_TRADE,0.6344651,0,1.0,1
2019-02-20 00:00:00+00:00,NO_TRADE,0.6879551,0,1.0,1
2019-02-21 00:00:00+00:00,NO_TRADE,0.50094676,0,1.0,1
2019-02-22 00:00:00+00:00,NO_TRADE,0.67756706,0,1.0,1
2019-02-23 00:00:00+00:00,NO_TRADE,0.8269792,0,0.0,1
2019-02-24 00:00:00+00:00,NO_TRADE,0.61487573,0,1.0,1
2019-02-25 00:00:00+00:00,NO_TRADE,0.8873106,0,2.0,1
2019-02-26 00:00:00+00:00,LONG,0.6268455,1,2.0,0
2019-02-27 00:00:00+00:00,NO_TRADE,0.5193466,1,2.0,0
2019-02-28 00:00:00+00:00,NO_TRADE,0.5048845,1,2.0,0
2019-03-01 00:00:00+00:00,LONG,0.6564204,1,1.0,0
2019-03-02 00:00:00+00:00,NO_TRADE,0.5994401,1,1.0,0
2019-03-03 00:00:00+00:00,LONG,0.65579057,1,1.0,0
2019-03-04 00:00:00+00:00,SHORT,0.80399,1,1.0,0
2019-03-05 00:00:00+00:00,LONG,0.60886765,1,1.0,0
2019-03-06 00:00:00+00:00,NO_TRADE,0.5933987,0,1.0,1
2019-03-07 00:00:00+00:00,NO_TRADE,0.70636547,0,1.0,1
2019-03-08 00:00:00+00:00,NO_TRADE,0.5009756,0,1.0,1
2019-03-09 00:00:00+00:00,NO_TRADE,0.5791865,0,1.0,1
2019-03-10 00:00:00+00:00,SHORT,0.681438,1,0.0,0
2019-03-11 00:00:00+00:00,LONG,0.6335538,1,0.0,0
2019-03-12 00:00:00+00:00,LONG,0.6973775,1,0.0,0
2019-03-13 00:00:00+00:00,LONG,0.72217834,1,0.0,0
2019-03-14 00:00:00+00:00,LONG,0.83094597,1,0.0,0
2019-03-15 00:00:00+00:00,NO_TRADE,0.5101347,1,0.0,0
2019-03-16 00:00:00+00:00,LONG,0.6003933,1,0.0,0
2019-03-17 00:00:00+00:00,NO_TRADE,0.5237459,1,0.0,0
2019-03-18 00:00:00+00:00,NO_TRADE,0.75869536,0,0.0,1
2019-03-19 00:00:00+00:00,NO_TRADE,0.50218356,0,0.0,1
2019-03-20 00:00:00+00:00,NO_TRADE,0.5502494,0,0.0,1
2019-03-21 00:00:00+00:00,NO_TRADE,0.5192808,0,0.0,1
2019-03-22 00:00:00+00:00,NO_TRADE,0.536658,0,0.0,1
2019-03-23 00:00:00+00:00,SHORT,0.81798595,1,0.0,0
2019-03-24 00:00:00+00:00,SHORT,0.8189038,1,0.0,0
2019-03-25 00:00:00+00:00,NO_TRADE,0.5419712,1,0.0,0
2019-03-26 00:00:00+00:00,LONG,0.6010225,1,0.0,0
2019-03-27 00:00:00+00:00,NO_TRADE,0.59027517,1,0.0,0
2019-03-28 00:00:00+00:00,LONG,0.75014204,1,0.0,0
2019-03-29 00:00:00+00:00,NO_TRADE,0.5482809,1,0.0,0
2019-03-30 00:00:00+00:00,LONG,0.8442726,1,0.0,0
2019-03-31 00:00:00+00:00,LONG,0.8413058,1,0.0,0
2019-04-01 00:00:00+00:00,LONG,0.8078799,1,0.0,0
2019-04-02 00:00:00+00:00,LONG,0.7670453,1,0.0,0
2019-04-03 00:00:00+00:00,LONG,0.7813918,1,2.0,0
2019-04-04 00:00:00+00:00,NO_TRADE,0.5011151,1,2.0,0
2019-04-05 00:00:00+00:00,SHORT,0.6014841,1,2.0,0
2019-04-06 00:00:00+00:00,SHORT,0.8345233,1,2.0,0
2019-04-07 00:00:00+00:00,SHORT,0.6020342,1,2.0,0
2019-04-08 00:00:00+00:00,NO_TRADE,0.7943125,0,2.0,1
2019-04-09 00:00:00+00:00,NO_TRADE,0.7834003,0,2.0,1
2019-04-10 00:00:00+00:00,NO_TRADE,0.578678,1,2.0,0
2019-04-11 00:00:00+00:00,SHORT,0.7194704,1,2.0,0
2019-04-12 00:00:00+00:00,NO_TRADE,0.5334497,1,2.0,0
2019-04-13 00:00:00+00:00,NO_TRADE,0.54092455,1,2.0,0
2019-04-14 00:00:00+00:00,SHORT,0.81583965,1,2.0,0
2019-04-15 00:00:00+00:00,NO_TRADE,0.5677939,1,2.0,0
2019-04-16 00:00:00+00:00,NO_TRADE,0.5436172,1,1.0,0
2019-04-17 00:00:00+00:00,NO_TRADE,0.5049019,1,1.0,0
2019-04-18 00:00:00+00:00,SHORT,0.6299625,1,1.0,0
2019-04-19 00:00:00+00:00,NO_TRADE,0.6198724,0,1.0,1
2019-04-20 00:00:00+00:00,NO_TRADE,0.5363243,0,1.0,1
2019-04-21 00:00:00+00:00,NO_TRADE,0.6996532,0,1.0,1
2019-04-22 00:00:00+00:00,NO_TRADE,0.76933503,0,1.0,1
2019-04-23 00:00:00+00:00,NO_TRADE,0.61253697,0,0.0,1
2019-04-24 00:00:00+00:00,NO_TRADE,0.6249055,0,1.0,1
2019-04-25 00:00:00+00:00,SHORT,0.7988442,1,0.0,0
2019-04-26 00:00:00+00:00,LONG,0.61969364,1,1.0,0
2019-04-27 00:00:00+00:00,NO_TRADE,0.50407237,1,1.0,0
2019-04-28 00:00:00+00:00,LONG,0.6799579,1,0.0,0
2019-04-29 00:00:00+00:00,NO_TRADE,0.55200565,1,0.0,0
2019-04-30 00:00:00+00:00,LONG,0.63294965,1,0.0,0
2019-05-01 00:00:00+00:00,LONG,0.6810809,1,0.0,0
2019-05-02 00:00:00+00:00,LONG,0.6337489,1,0.0,0
2019-05-03 00:00:00+00:00,LONG,0.7566743,1,0.0,0
2019-05-04 00:00:00+00:00,LONG,0.71689063,1,1.0,0
2019-05-05 00:00:00+00:00,LONG,0.8020941,1,1.0,0
2019-05-06 00:00:00+00:00,LONG,0.94537526,1,0.0,0
2019-05-07 00:00:00+00:00,LONG,0.9556903,1,0.0,0
2019-05-08 00:00:00+00:00,LONG,0.96509635,1,0.0,0
2019-05-09 00:00:00+00:00,LONG,0.9576815,1,0.0,0
2019-05-10 00:00:00+00:00,LONG,0.8026752,1,1.0,0
2019-05-11 00:00:00+00:00,LONG,0.6660904,1,1.0,0
2019-05-12 00:00:00+00:00,NO_TRADE,0.5323986,1,2.0,0
2019-05-13 00:00:00+00:00,NO_TRADE,0.5603903,1,2.0,0
2019-05-14 00:00:00+00:00,SHORT,0.6207893,1,2.0,0
2019-05-15 00:00:00+00:00,NO_TRADE,0.5446665,0,2.0,1
2019-05-16 00:00:00+00:00,NO_TRADE,0.898581,0,2.0,1
2019-05-17 00:00:00+00:00,NO_TRADE,0.5550151,1,2.0,0
2019-05-18 00:00:00+00:00,SHORT,0.618485,1,2.0,0
2019-05-19 00:00:00+00:00,LONG,0.6970618,1,2.0,0
2019-05-20 00:00:00+00:00,SHORT,0.6034533,1,2.0,0
2019-05-21 00:00:00+00:00,LONG,0.7617388,1,2.0,0
2019-05-22 00:00:00+00:00,NO_TRADE,0.5928053,1,2.0,0
2019-05-23 00:00:00+00:00,NO_TRADE,0.5695583,1,2.0,0
2019-05-24 00:00:00+00:00,LONG,0.60773987,1,2.0,0
2019-05-25 00:00:00+00:00,LONG,0.6912494,1,2.0,0
2019-05-26 00:00:00+00:00,NO_TRADE,0.5075668,1,2.0,0
2019-05-27 00:00:00+00:00,SHORT,0.7804369,1,2.0,0
2019-05-28 00:00:00+00:00,NO_TRADE,0.62423664,0,2.0,1
2019-05-29 00:00:00+00:00,NO_TRADE,0.7482445,0,2.0,1
2019-05-30 00:00:00+00:00,NO_TRADE,0.7924204,0,2.0,1
2019-05-31 00:00:00+00:00,NO_TRADE,0.5456872,0,2.0,1
2019-06-01 00:00:00+00:00,NO_TRADE,0.5641897,0,2.0,1
2019-06-02 00:00:00+00:00,NO_TRADE,0.6054804,0,2.0,1
2019-06-03 00:00:00+00:00,NO_TRADE,0.5912511,0,2.0,1
2019-06-04 00:00:00+00:00,NO_TRADE,0.51454693,0,2.0,1
2019-06-05 00:00:00+00:00,NO_TRADE,0.565604,1,2.0,0
2019-06-06 00:00:00+00:00,SHORT,0.65305614,1,2.0,0
2019-06-07 00:00:00+00:00,LONG,0.7994959,1,2.0,0
2019-06-08 00:00:00+00:00,LONG,0.82013196,1,2.0,0
2019-06-09 00:00:00+00:00,LONG,0.71389264,1,2.0,0
2019-06-10 00:00:00+00:00,LONG,0.8807425,1,2.0,0
2019-06-11 00:00:00+00:00,LONG,0.77189374,1,2.0,0
2019-06-12 00:00:00+00:00,LONG,0.77865106,1,2.0,0
2019-06-13 00:00:00+00:00,LONG,0.79360455,1,2.0,0
2019-06-14 00:00:00+00:00,LONG,0.6912759,1,1.0,0
2019-06-15 00:00:00+00:00,LONG,0.64758265,1,2.0,0
2019-06-16 00:00:00+00:00,LONG,0.8547154,1,2.0,0
2019-06-17 00:00:00+00:00,NO_TRADE,0.53258157,1,1.0,0
2019-06-18 00:00:00+00:00,LONG,0.98130393,1,1.0,0
2019-06-19 00:00:00+00:00,LONG,0.97525114,1,1.0,0
2019-06-20 00:00:00+00:00,LONG,0.90236765,1,1.0,0
2019-06-21 00:00:00+00:00,LONG,0.8657718,1,1.0,0
2019-06-22 00:00:00+00:00,SHORT,0.6483864,1,2.0,0
2019-06-23 00:00:00+00:00,NO_TRADE,0.6630892,0,2.0,1
2019-06-24 00:00:00+00:00,NO_TRADE,0.5475439,0,2.0,1
2019-06-25 00:00:00+00:00,NO_TRADE,0.62458605,0,2.0,1
2019-06-26 00:00:00+00:00,NO_TRADE,0.86837864,0,2.0,1
2019-06-27 00:00:00+00:00,NO_TRADE,0.638844,0,2.0,1
2019-06-28 00:00:00+00:00,NO_TRADE,0.7476129,0,2.0,1
2019-06-29 00:00:00+00:00,SHORT,0.88898754,1,2.0,0
2019-06-30 00:00:00+00:00,NO_TRADE,0.5360501,1,2.0,0
2019-07-01 00:00:00+00:00,LONG,0.68057066,1,2.0,0
2019-07-02 00:00:00+00:00,SHORT,0.80918586,1,2.0,0
2019-07-03 00:00:00+00:00,NO_TRADE,0.5953368,1,2.0,0
2019-07-04 00:00:00+00:00,LONG,0.7674347,1,2.0,0
2019-07-05 00:00:00+00:00,NO_TRADE,0.5601979,1,2.0,0
2019-07-06 00:00:00+00:00,NO_TRADE,0.5543273,0,2.0,1
2019-07-07 00:00:00+00:00,NO_TRADE,0.525115,0,2.0,1
2019-07-08 00:00:00+00:00,NO_TRADE,0.68018544,0,2.0,1
2019-07-09 00:00:00+00:00,NO_TRADE,0.81108934,0,2.0,1
2019-07-10 00:00:00+00:00,NO_TRADE,0.64676106,0,2.0,1
2019-07-11 00:00:00+00:00,NO_TRADE,0.699617,0,2.0,1
2019-07-12 00:00:00+00:00,NO_TRADE,0.6769094,0,2.0,1
2019-07-13 00:00:00+00:00,NO_TRADE,0.91481835,0,2.0,1
2019-07-14 00:00:00+00:00,SHORT,0.7814378,1,2.0,0
2019-07-15 00:00:00+00:00,LONG,0.81732035,1,2.0,0
2019-07-16 00:00:00+00:00,NO_TRADE,0.5673126,0,2.0,1
2019-07-17 00:00:00+00:00,NO_TRADE,0.5796843,0,2.0,1
2019-07-18 00:00:00+00:00,NO_TRADE,0.5443642,0,2.0,1
2019-07-19 00:00:00+00:00,NO_TRADE,0.6724851,0,2.0,1
2019-07-20 00:00:00+00:00,NO_TRADE,0.64767766,0,2.0,1
2019-07-21 00:00:00+00:00,NO_TRADE,0.67742395,0,2.0,1
2019-07-22 00:00:00+00:00,NO_TRADE,0.714337,0,2.0,1
2019-07-23 00:00:00+00:00,NO_TRADE,0.6689163,0,2.0,1
2019-07-24 00:00:00+00:00,SHORT,0.62495494,1,2.0,0
2019-07-25 00:00:00+00:00,LONG,0.6752518,1,2.0,0
2019-07-26 00:00:00+00:00,NO_TRADE,0.50615543,1,2.0,0
2019-07-27 00:00:00+00:00,LONG,0.68179405,1,2.0,0
2019-07-28 00:00:00+00:00,LONG,0.6700088,1,2.0,0
2019-07-29 00:00:00+00:00,LONG,0.68088865,1,2.0,0
2019-07-30 00:00:00+00:00,LONG,0.82825196,1,2.0,0
2019-07-31 00:00:00+00:00,LONG,0.7239419,1,2.0,0
2019-08-01 00:00:00+00:00,LONG,0.78084344,1,2.0,0
2019-08-02 00:00:00+00:00,LONG,0.76307076,1,2.0,0
2019-08-03 00:00:00+00:00,NO_TRADE,0.50644016,1,2.0,0
2019-08-04 00:00:00+00:00,NO_TRADE,0.5186969,1,2.0,0
2019-08-05 00:00:00+00:00,SHORT,0.61912733,1,1.0,0
2019-08-06 00:00:00+00:00,NO_TRADE,0.7095807,0,2.0,1
2019-08-07 00:00:00+00:00,NO_TRADE,0.52647984,0,2.0,1
2019-08-08 00:00:00+00:00,NO_TRADE,0.67619896,0,2.0,1
2019-08-09 00:00:00+00:00,NO_TRADE,0.82996607,0,2.0,1
2019-08-10 00:00:00+00:00,NO_TRADE,0.73877114,0,2.0,1
2019-08-11 00:00:00+00:00,NO_TRADE,0.8192334,0,2.0,1
2019-08-12 00:00:00+00:00,NO_TRADE,0.8738776,0,2.0,1
2019-08-13 00:00:00+00:00,NO_TRADE,0.64422643,0,2.0,1
2019-08-14 00:00:00+00:00,NO_TRADE,0.634373,0,2.0,1
2019-08-15 00:00:00+00:00,NO_TRADE,0.5522697,1,2.0,0
2019-08-16 00:00:00+00:00,NO_TRADE,0.58091116,1,2.0,0
2019-08-17 00:00:00+00:00,NO_TRADE,0.58449304,1,2.0,0
2019-08-18 00:00:00+00:00,NO_TRADE,0.5872402,0,2.0,1
2019-08-19 00:00:00+00:00,NO_TRADE,0.78495884,0,2.0,1
2019-08-20 00:00:00+00:00,NO_TRADE,0.8246509,0,2.0,1
2019-08-21 00:00:00+00:00,NO_TRADE,0.6136135,0,2.0,1
2019-08-22 00:00:00+00:00,NO_TRADE,0.5412804,0,2.0,1
2019-08-23 00:00:00+00:00,NO_TRADE,0.65842825,0,2.0,1
2019-08-24 00:00:00+00:00,NO_TRADE,0.6474884,0,2.0,1
2019-08-25 00:00:00+00:00,NO_TRADE,0.5129819,1,2.0,0
2019-08-26 00:00:00+00:00,LONG,0.6861087,1,1.0,0
2019-08-27 00:00:00+00:00,LONG,0.6518239,1,1.0,0
2019-08-28 00:00:00+00:00,LONG,0.7425833,1,1.0,0
2019-08-29 00:00:00+00:00,NO_TRADE,0.5336627,1,1.0,0
2019-08-30 00:00:00+00:00,LONG,0.775633,1,1.0,0
2019-08-31 00:00:00+00:00,LONG,0.71268964,1,1.0,0
2019-09-01 00:00:00+00:00,NO_TRADE,0.50815696,1,1.0,0
2019-09-02 00:00:00+00:00,NO_TRADE,0.5386673,0,1.0,1
2019-09-03 00:00:00+00:00,NO_TRADE,0.70121765,0,2.0,1
2019-09-04 00:00:00+00:00,NO_TRADE,0.5783994,0,1.0,1
2019-09-05 00:00:00+00:00,NO_TRADE,0.51763344,0,1.0,1
2019-09-06 00:00:00+00:00,NO_TRADE,0.65945864,0,1.0,1
2019-09-07 00:00:00+00:00,NO_TRADE,0.6542797,0,1.0,1
2019-09-08 00:00:00+00:00,LONG,0.65640956,1,1.0,0
2019-09-09 00:00:00+00:00,SHORT,0.6987599,1,1.0,0
2019-09-10 00:00:00+00:00,LONG,0.6055346,1,1.0,0
2019-09-11 00:00:00+00:00,NO_TRADE,0.81908196,0,1.0,1
2019-09-12 00:00:00+00:00,NO_TRADE,0.6123627,0,0.0,1
2019-09-13 00:00:00+00:00,NO_TRADE,0.6275407,0,0.0,1
2019-09-14 00:00:00+00:00,NO_TRADE,0.5844884,0,0.0,1
2019-09-15 00:00:00+00:00,NO_TRADE,0.54964954,0,0.0,1
2019-09-16 00:00:00+00:00,NO_TRADE,0.55586445,0,0.0,1
2019-09-17 00:00:00+00:00,NO_TRADE,0.5238614,0,0.0,1
2019-09-18 00:00:00+00:00,NO_TRADE,0.59849393,0,0.0,1
2019-09-19 00:00:00+00:00,NO_TRADE,0.5680523,0,0.0,1
2019-09-20 00:00:00+00:00,NO_TRADE,0.52843034,0,0.0,1
2019-09-21 00:00:00+00:00,NO_TRADE,0.583197,0,0.0,1
2019-09-22 00:00:00+00:00,NO_TRADE,0.53971183,0,0.0,1
2019-09-23 00:00:00+00:00,NO_TRADE,0.5297212,0,0.0,1
2019-09-24 00:00:00+00:00,NO_TRADE,0.5143669,0,0.0,1
2019-09-25 00:00:00+00:00,NO_TRADE,0.51047397,0,2.0,1
2019-09-26 00:00:00+00:00,NO_TRADE,0.7519625,0,2.0,1
2019-09-27 00:00:00+00:00,NO_TRADE,0.55333155,0,2.0,1
2019-09-28 00:00:00+00:00,NO_TRADE,0.5700391,0,2.0,1
2019-09-29 00:00:00+00:00,NO_TRADE,0.6698044,0,2.0,1
2019-09-30 00:00:00+00:00,NO_TRADE,0.5720866,0,2.0,1
2019-10-01 00:00:00+00:00,NO_TRADE,0.63086444,0,2.0,1
2019-10-02 00:00:00+00:00,SHORT,0.68788326,1,2.0,0
2019-10-03 00:00:00+00:00,LONG,0.6736009,1,2.0,0
2019-10-04 00:00:00+00:00,NO_TRADE,0.57687867,1,1.0,0
2019-10-05 00:00:00+00:00,LONG,0.84552073,1,1.0,0
2019-10-06 00:00:00+00:00,NO_TRADE,0.51345354,1,1.0,0
2019-10-07 00:00:00+00:00,NO_TRADE,0.58869505,1,1.0,0
2019-10-08 00:00:00+00:00,NO_TRADE,0.610881,0,1.0,1
2019-10-09 00:00:00+00:00,NO_TRADE,0.8298572,0,1.0,1
2019-10-10 00:00:00+00:00,NO_TRADE,0.53459764,0,1.0,1
2019-10-11 00:00:00+00:00,NO_TRADE,0.8289807,0,1.0,1
2019-10-12 00:00:00+00:00,NO_TRADE,0.5282994,0,1.0,1
2019-10-13 00:00:00+00:00,NO_TRADE,0.7201057,0,1.0,1
2019-10-14 00:00:00+00:00,NO_TRADE,0.52297777,0,1.0,1
2019-10-15 00:00:00+00:00,NO_TRADE,0.7112599,0,1.0,1
2019-10-16 00:00:00+00:00,NO_TRADE,0.5863996,0,1.0,1
2019-10-17 00:00:00+00:00,NO_TRADE,0.7713541,0,1.0,1
2019-10-18 00:00:00+00:00,NO_TRADE,0.5252407,1,1.0,0
2019-10-19 00:00:00+00:00,LONG,0.6021144,1,0.0,0
2019-10-20 00:00:00+00:00,LONG,0.7131885,1,0.0,0
2019-10-21 00:00:00+00:00,LONG,0.7118869,1,1.0,0
2019-10-22 00:00:00+00:00,LONG,0.6143165,1,0.0,0
2019-10-23 00:00:00+00:00,LONG,0.60364836,1,0.0,0
2019-10-24 00:00:00+00:00,LONG,0.8436945,1,1.0,0
2019-10-25 00:00:00+00:00,LONG,0.6714386,1,1.0,0
2019-10-26 00:00:00+00:00,LONG,0.80494606,1,2.0,0
2019-10-27 00:00:00+00:00,LONG,0.72951025,1,2.0,0
2019-10-28 00:00:00+00:00,LONG,0.62994343,1,2.0,0
2019-10-29 00:00:00+00:00,NO_TRADE,0.5908628,0,2.0,1
2019-10-30 00:00:00+00:00,NO_TRADE,0.6653862,0,2.0,1
2019-10-31 00:00:00+00:00,NO_TRADE,0.54055715,0,2.0,1
2019-11-01 00:00:00+00:00,NO_TRADE,0.66758984,0,2.0,1
2019-11-02 00:00:00+00:00,NO_TRADE,0.50883645,0,2.0,1
2019-11-03 00:00:00+00:00,NO_TRADE,0.76002777,0,2.0,1
2019-11-04 00:00:00+00:00,NO_TRADE,0.5481774,0,2.0,1
2019-11-05 00:00:00+00:00,NO_TRADE,0.71577245,0,2.0,1
2019-11-06 00:00:00+00:00,NO_TRADE,0.6339897,0,2.0,1
2019-11-07 00:00:00+00:00,NO_TRADE,0.70266503,0,1.0,1
2019-11-08 00:00:00+00:00,NO_TRADE,0.5311037,0,1.0,1
2019-11-09 00:00:00+00:00,NO_TRADE,0.60111296,0,2.0,1
2019-11-10 00:00:00+00:00,NO_TRADE,0.6184452,0,1.0,1
2019-11-11 00:00:00+00:00,NO_TRADE,0.6303069,0,1.0,1
2019-11-12 00:00:00+00:00,NO_TRADE,0.55903184,0,1.0,1
2019-11-13 00:00:00+00:00,NO_TRADE,0.67046833,0,1.0,1
2019-11-14 00:00:00+00:00,NO_TRADE,0.5966363,0,1.0,1
2019-11-15 00:00:00+00:00,NO_TRADE,0.6066139,0,1.0,1
2019-11-16 00:00:00+00:00,NO_TRADE,0.7177925,0,1.0,1
2019-11-17 00:00:00+00:00,NO_TRADE,0.6574917,0,1.0,1
2019-11-18 00:00:00+00:00,NO_TRADE,0.77997017,0,0.0,1
2019-11-19 00:00:00+00:00,NO_TRADE,0.62188786,0,1.0,1
2019-11-20 00:00:00+00:00,NO_TRADE,0.8149767,0,1.0,1
2019-11-21 00:00:00+00:00,NO_TRADE,0.6255199,0,0.0,1
2019-11-22 00:00:00+00:00,LONG,0.76162237,1,1.0,0
2019-11-23 00:00:00+00:00,NO_TRADE,0.5472907,1,1.0,0
2019-11-24 00:00:00+00:00,LONG,0.7003318,1,1.0,0
2019-11-25 00:00:00+00:00,LONG,0.80371416,1,2.0,0
2019-11-26 00:00:00+00:00,NO_TRADE,0.5399967,1,2.0,0
2019-11-27 00:00:00+00:00,NO_TRADE,0.53529066,0,1.0,1
2019-11-28 00:00:00+00:00,NO_TRADE,0.59225464,0,2.0,1
2019-11-29 00:00:00+00:00,NO_TRADE,0.5571021,0,1.0,1
2019-11-30 00:00:00+00:00,NO_TRADE,0.554013,0,2.0,1
2019-12-01 00:00:00+00:00,NO_TRADE,0.6311469,0,2.0,1
2019-12-02 00:00:00+00:00,NO_TRADE,0.5141952,0,1.0,1
2019-12-03 00:00:00+00:00,NO_TRADE,0.58997744,0,1.0,1
2019-12-04 00:00:00+00:00,NO_TRADE,0.713622,0,1.0,1
2019-12-05 00:00:00+00:00,NO_TRADE,0.51129013,0,1.0,1
2019-12-06 00:00:00+00:00,NO_TRADE,0.5796786,0,1.0,1
2019-12-07 00:00:00+00:00,NO_TRADE,0.574598,0,1.0,1
2019-12-08 00:00:00+00:00,NO_TRADE,0.68281853,0,1.0,1
2019-12-09 00:00:00+00:00,NO_TRADE,0.5494603,0,0.0,1
2019-12-10 00:00:00+00:00,NO_TRADE,0.52320844,0,1.0,1
2019-12-11 00:00:00+00:00,NO_TRADE,0.6302017,0,0.0,1
2019-12-12 00:00:00+00:00,NO_TRADE,0.5977137,0,0.0,1
2019-12-13 00:00:00+00:00,NO_TRADE,0.6239758,0,0.0,1
2019-12-14 00:00:00+00:00,NO_TRADE,0.53010035,1,0.0,0
2019-12-15 00:00:00+00:00,LONG,0.6365894,1,0.0,0
2019-12-16 00:00:00+00:00,SHORT,0.6105163,1,0.0,0
2019-12-17 00:00:00+00:00,NO_TRADE,0.5546193,1,0.0,0
2019-12-18 00:00:00+00:00,LONG,0.82706285,1,1.0,0
2019-12-19 00:00:00+00:00,SHORT,0.73615265,1,2.0,0
2019-12-20 00:00:00+00:00,NO_TRADE,0.5959736,0,2.0,1
2019-12-21 00:00:00+00:00,NO_TRADE,0.6301036,0,2.0,1
2019-12-22 00:00:00+00:00,NO_TRADE,0.5243423,0,2.0,1
2019-12-23 00:00:00+00:00,NO_TRADE,0.537282,0,2.0,1
2019-12-24 00:00:00+00:00,NO_TRADE,0.5987646,0,2.0,1
2019-12-25 00:00:00+00:00,NO_TRADE,0.50583446,0,1.0,1
2019-12-26 00:00:00+00:00,NO_TRADE,0.6871294,0,1.0,1
2019-12-27 00:00:00+00:00,NO_TRADE,0.52386457,0,1.0,1
2019-12-28 00:00:00+00:00,NO_TRADE,0.5270914,1,1.0,0
2019-12-29 00:00:00+00:00,SHORT,0.74705565,1,1.0,0
2019-12-30 00:00:00+00:00,NO_TRADE,0.5925779,1,1.0,0
2019-12-31 00:00:00+00:00,NO_TRADE,0.59387785,1,1.0,0
2020-01-01 00:00:00+00:00,NO_TRADE,0.52057534,1,0.0,0
2020-01-02 00:00:00+00:00,NO_TRADE,0.5595344,1,0.0,0
2020-01-03 00:00:00+00:00,NO_TRADE,0.53191364,1,1.0,0
2020-01-04 00:00:00+00:00,LONG,0.65816873,1,1.0,0
2020-01-05 00:00:00+00:00,NO_TRADE,0.53837323,1,1.0,0
2020-01-06 00:00:00+00:00,NO_TRADE,0.50670093,1,1.0,0
2020-01-07 00:00:00+00:00,LONG,0.8235227,1,1.0,0
2020-01-08 00:00:00+00:00,LONG,0.7527582,1,2.0,0
2020-01-09 00:00:00+00:00,SHORT,0.6223836,1,1.0,0
2020-01-10 00:00:00+00:00,LONG,0.60640824,1,1.0,0
2020-01-11 00:00:00+00:00,SHORT,0.7338008,1,2.0,0
2020-01-12 00:00:00+00:00,NO_TRADE,0.5252689,1,1.0,0
2020-01-13 00:00:00+00:00,NO_TRADE,0.50426245,1,1.0,0
2020-01-14 00:00:00+00:00,SHORT,0.64917433,1,1.0,0
2020-01-15 00:00:00+00:00,NO_TRADE,0.5322422,1,2.0,0
2020-01-16 00:00:00+00:00,NO_TRADE,0.5445714,0,2.0,1
2020-01-17 00:00:00+00:00,NO_TRADE,0.64554536,0,2.0,1
2020-01-18 00:00:00+00:00,NO_TRADE,0.5002763,0,2.0,1
2020-01-19 00:00:00+00:00,LONG,0.60310847,1,1.0,0
2020-01-20 00:00:00+00:00,SHORT,0.66743106,1,1.0,0
2020-01-21 00:00:00+00:00,SHORT,0.62509894,1,1.0,0
2020-01-22 00:00:00+00:00,NO_TRADE,0.5376199,1,1.0,0
2020-01-23 00:00:00+00:00,LONG,0.6033928,1,1.0,0
2020-01-24 00:00:00+00:00,LONG,0.63839644,1,1.0,0
2020-01-25 00:00:00+00:00,NO_TRADE,0.54897493,1,1.0,0
2020-01-26 00:00:00+00:00,LONG,0.6033461,1,1.0,0
2020-01-27 00:00:00+00:00,SHORT,0.6072,1,1.0,0
2020-01-28 00:00:00+00:00,SHORT,0.66042554,1,1.0,0
2020-01-29 00:00:00+00:00,LONG,0.78039414,1,1.0,0
2020-01-30 00:00:00+00:00,SHORT,0.61040986,1,1.0,0
2020-01-31 00:00:00+00:00,LONG,0.8179846,1,1.0,0
2020-02-01 00:00:00+00:00,NO_TRADE,0.5233803,1,1.0,0
2020-02-02 00:00:00+00:00,NO_TRADE,0.55544645,1,1.0,0
2020-02-03 00:00:00+00:00,LONG,0.61605656,1,1.0,0
2020-02-04 00:00:00+00:00,NO_TRADE,0.56534237,1,0.0,0
2020-02-05 00:00:00+00:00,LONG,0.75340456,1,0.0,0
2020-02-06 00:00:00+00:00,NO_TRADE,0.5847005,1,1.0,0
2020-02-07 00:00:00+00:00,LONG,0.80281377,1,1.0,0
2020-02-08 00:00:00+00:00,SHORT,0.6230172,1,1.0,0
2020-02-09 00:00:00+00:00,NO_TRADE,0.7566919,0,0.0,1
2020-02-10 00:00:00+00:00,NO_TRADE,0.64186144,0,0.0,1
2020-02-11 00:00:00+00:00,NO_TRADE,0.5725703,0,1.0,1
2020-02-12 00:00:00+00:00,NO_TRADE,0.5957025,0,1.0,1
2020-02-13 00:00:00+00:00,NO_TRADE,0.61374676,0,1.0,1
2020-02-14 00:00:00+00:00,NO_TRADE,0.5545362,1,1.0,0
2020-02-15 00:00:00+00:00,SHORT,0.8105074,1,0.0,0
2020-02-16 00:00:00+00:00,LONG,0.6106096,1,1.0,0
2020-02-17 00:00:00+00:00,NO_TRADE,0.53955823,1,1.0,0
2020-02-18 00:00:00+00:00,NO_TRADE,0.5398884,1,1.0,0
2020-02-19 00:00:00+00:00,NO_TRADE,0.5378282,0,1.0,1
2020-02-20 00:00:00+00:00,NO_TRADE,0.5030031,0,2.0,1
2020-02-21 00:00:00+00:00,NO_TRADE,0.6577733,0,1.0,1
2020-02-22 00:00:00+00:00,NO_TRADE,0.5296345,0,1.0,1
2020-02-23 00:00:00+00:00,NO_TRADE,0.54055715,0,1.0,1
2020-02-24 00:00:00+00:00,NO_TRADE,0.5039185,0,1.0,1
2020-02-25 00:00:00+00:00,NO_TRADE,0.8071172,0,1.0,1
2020-02-26 00:00:00+00:00,NO_TRADE,0.6690702,0,1.0,1
2020-02-27 00:00:00+00:00,NO_TRADE,0.6439544,0,2.0,1
2020-02-28 00:00:00+00:00,LONG,0.892079,1,1.0,0
2020-02-29 00:00:00+00:00,NO_TRADE,0.50750154,1,1.0,0
2020-03-01 00:00:00+00:00,NO_TRADE,0.65488946,0,1.0,1
2020-03-02 00:00:00+00:00,NO_TRADE,0.5975183,0,1.0,1
2020-03-03 00:00:00+00:00,NO_TRADE,0.7474037,0,1.0,1
2020-03-04 00:00:00+00:00,NO_TRADE,0.6930845,0,1.0,1
2020-03-05 00:00:00+00:00,NO_TRADE,0.63372636,0,1.0,1
2020-03-06 00:00:00+00:00,NO_TRADE,0.6205861,0,1.0,1
2020-03-07 00:00:00+00:00,NO_TRADE,0.8200514,0,1.0,1
2020-03-08 00:00:00+00:00,NO_TRADE,0.5112955,0,1.0,1
2020-03-09 00:00:00+00:00,NO_TRADE,0.5625573,0,2.0,1
2020-03-10 00:00:00+00:00,NO_TRADE,0.57933325,0,2.0,1
2020-03-11 00:00:00+00:00,NO_TRADE,0.88715607,0,2.0,1
2020-03-12 00:00:00+00:00,NO_TRADE,0.5803669,1,2.0,0
2020-03-13 00:00:00+00:00,LONG,0.9492845,1,2.0,0
2020-03-14 00:00:00+00:00,NO_TRADE,0.5077882,1,2.0,0
2020-03-15 00:00:00+00:00,NO_TRADE,0.583086,1,2.0,0
2020-03-16 00:00:00+00:00,LONG,0.94205904,1,2.0,0
2020-03-17 00:00:00+00:00,LONG,0.96963453,1,2.0,0
2020-03-18 00:00:00+00:00,NO_TRADE,0.5298888,1,2.0,0
2020-03-19 00:00:00+00:00,LONG,0.63759667,1,2.0,0
2020-03-20 00:00:00+00:00,LONG,0.6483502,1,2.0,0
2020-03-21 00:00:00+00:00,NO_TRADE,0.78128284,0,2.0,1
2020-03-22 00:00:00+00:00,NO_TRADE,0.5423511,0,2.0,1
2020-03-23 00:00:00+00:00,NO_TRADE,0.55167437,0,2.0,1
2020-03-24 00:00:00+00:00,NO_TRADE,0.58930004,0,2.0,1
2020-03-25 00:00:00+00:00,NO_TRADE,0.5164739,0,2.0,1
2020-03-26 00:00:00+00:00,NO_TRADE,0.5384856,1,2.0,0
2020-03-27 00:00:00+00:00,LONG,0.7958277,1,2.0,0
2020-03-28 00:00:00+00:00,SHORT,0.7593651,1,2.0,0
2020-03-29 00:00:00+00:00,NO_TRADE,0.5989521,1,2.0,0
2020-03-30 00:00:00+00:00,LONG,0.74528944,1,2.0,0
2020-03-31 00:00:00+00:00,LONG,0.8651492,1,2.0,0
2020-04-01 00:00:00+00:00,LONG,0.71686095,1,2.0,0
2020-04-02 00:00:00+00:00,LONG,0.80573285,1,2.0,0
2020-04-03 00:00:00+00:00,SHORT,0.7061233,1,2.0,0
2020-04-04 00:00:00+00:00,LONG,0.6425591,1,2.0,0
2020-04-05 00:00:00+00:00,SHORT,0.6602837,1,2.0,0
2020-04-06 00:00:00+00:00,LONG,0.8618784,1,2.0,0
2020-04-07 00:00:00+00:00,NO_TRADE,0.5935215,0,2.0,1
2020-04-08 00:00:00+00:00,NO_TRADE,0.5003732,0,2.0,1
2020-04-09 00:00:00+00:00,NO_TRADE,0.7425269,0,2.0,1
2020-04-10 00:00:00+00:00,LONG,0.63823503,1,2.0,0
2020-04-11 00:00:00+00:00,NO_TRADE,0.52454036,1,2.0,0
2020-04-12 00:00:00+00:00,LONG,0.67101544,1,2.0,0
2020-04-13 00:00:00+00:00,NO_TRADE,0.57452244,1,2.0,0
2020-04-14 00:00:00+00:00,LONG,0.87337464,1,2.0,0
2020-04-15 00:00:00+00:00,NO_TRADE,0.50173014,1,2.0,0
2020-04-16 00:00:00+00:00,NO_TRADE,0.50182253,1,2.0,0
2020-04-17 00:00:00+00:00,LONG,0.61928064,1,2.0,0
2020-04-18 00:00:00+00:00,LONG,0.76843923,1,2.0,0
2020-04-19 00:00:00+00:00,NO_TRADE,0.50657827,1,2.0,0
2020-04-20 00:00:00+00:00,LONG,0.61669993,1,2.0,0
2020-04-21 00:00:00+00:00,LONG,0.6220476,1,2.0,0
2020-04-22 00:00:00+00:00,LONG,0.84251225,1,2.0,0
2020-04-23 00:00:00+00:00,NO_TRADE,0.55620736,1,2.0,0
2020-04-24 00:00:00+00:00,LONG,0.7916867,1,2.0,0
2020-04-25 00:00:00+00:00,LONG,0.8700286,1,2.0,0
2020-04-26 00:00:00+00:00,LONG,0.6608171,1,2.0,0
2020-04-27 00:00:00+00:00,LONG,0.7466193,1,1.0,0
2020-04-28 00:00:00+00:00,SHORT,0.6161306,1,1.0,0
2020-04-29 00:00:00+00:00,NO_TRADE,0.58384216,1,1.0,0
2020-04-30 00:00:00+00:00,NO_TRADE,0.546077,1,2.0,0
2020-05-01 00:00:00+00:00,LONG,0.6647435,1,2.0,0
2020-05-02 00:00:00+00:00,LONG,0.79201484,1,2.0,0
2020-05-03 00:00:00+00:00,SHORT,0.67654526,1,2.0,0
2020-05-04 00:00:00+00:00,NO_TRADE,0.73538107,0,2.0,1
2020-05-05 00:00:00+00:00,NO_TRADE,0.5279982,1,2.0,0
2020-05-06 00:00:00+00:00,SHORT,0.7532038,1,2.0,0
2020-05-07 00:00:00+00:00,NO_TRADE,0.6550763,0,2.0,1
2020-05-08 00:00:00+00:00,NO_TRADE,0.57218516,0,2.0,1
2020-05-09 00:00:00+00:00,NO_TRADE,0.75368947,0,2.0,1
2020-05-10 00:00:00+00:00,LONG,0.66979307,1,2.0,0
2020-05-11 00:00:00+00:00,LONG,0.785296,1,2.0,0
2020-05-12 00:00:00+00:00,SHORT,0.77115595,1,2.0,0
2020-05-13 00:00:00+00:00,LONG,0.60045695,1,2.0,0
2020-05-14 00:00:00+00:00,NO_TRADE,0.6994633,0,2.0,1
2020-05-15 00:00:00+00:00,NO_TRADE,0.6479644,0,2.0,1
2020-05-16 00:00:00+00:00,NO_TRADE,0.67213136,0,2.0,1
2020-05-17 00:00:00+00:00,NO_TRADE,0.77870953,0,2.0,1
2020-05-18 00:00:00+00:00,NO_TRADE,0.6578004,0,2.0,1
2020-05-19 00:00:00+00:00,NO_TRADE,0.56016743,0,2.0,1
2020-05-20 00:00:00+00:00,NO_TRADE,0.7366309,0,2.0,1
2020-05-21 00:00:00+00:00,SHORT,0.67183346,1,2.0,0
2020-05-22 00:00:00+00:00,LONG,0.691875,1,2.0,0
2020-05-23 00:00:00+00:00,LONG,0.6035046,1,2.0,0
2020-05-24 00:00:00+00:00,LONG,0.6735625,1,2.0,0
2020-05-25 00:00:00+00:00,NO_TRADE,0.562838,1,2.0,0
2020-05-26 00:00:00+00:00,LONG,0.8304879,1,2.0,0
2020-05-27 00:00:00+00:00,NO_TRADE,0.5290734,1,1.0,0
2020-05-28 00:00:00+00:00,NO_TRADE,0.51346457,1,2.0,0
2020-05-29 00:00:00+00:00,SHORT,0.6416257,1,2.0,0
2020-05-30 00:00:00+00:00,LONG,0.7770003,1,1.0,0
2020-05-31 00:00:00+00:00,SHORT,0.6449679,1,1.0,0
2020-06-01 00:00:00+00:00,LONG,0.81681573,1,1.0,0
2020-06-02 00:00:00+00:00,NO_TRADE,0.5112788,1,2.0,0
2020-06-03 00:00:00+00:00,NO_TRADE,0.5943996,1,2.0,0
2020-06-04 00:00:00+00:00,NO_TRADE,0.5486408,0,2.0,1
2020-06-05 00:00:00+00:00,NO_TRADE,0.6078616,0,2.0,1
2020-06-06 00:00:00+00:00,NO_TRADE,0.64522064,0,2.0,1
2020-06-07 00:00:00+00:00,NO_TRADE,0.50444317,0,2.0,1
2020-06-08 00:00:00+00:00,NO_TRADE,0.53934044,0,1.0,1
2020-06-09 00:00:00+00:00,NO_TRADE,0.5819508,0,1.0,1
2020-06-10 00:00:00+00:00,NO_TRADE,0.50456464,0,1.0,1
2020-06-11 00:00:00+00:00,NO_TRADE,0.538279,0,1.0,1
2020-06-12 00:00:00+00:00,NO_TRADE,0.6671584,0,2.0,1
2020-06-13 00:00:00+00:00,NO_TRADE,0.5131239,0,1.0,1
2020-06-14 00:00:00+00:00,LONG,0.8359347,1,1.0,0
2020-06-15 00:00:00+00:00,SHORT,0.6854963,1,1.0,0
2020-06-16 00:00:00+00:00,LONG,0.632753,1,1.0,0
2020-06-17 00:00:00+00:00,NO_TRADE,0.5162863,0,1.0,1
2020-06-18 00:00:00+00:00,NO_TRADE,0.62752664,0,1.0,1
2020-06-19 00:00:00+00:00,NO_TRADE,0.538279,0,0.0,1
2020-06-20 00:00:00+00:00,NO_TRADE,0.59195507,0,0.0,1
2020-06-21 00:00:00+00:00,NO_TRADE,0.6214292,0,0.0,1
2020-06-22 00:00:00+00:00,NO_TRADE,0.57905823,0,0.0,1
2020-06-23 00:00:00+00:00,NO_TRADE,0.67547023,0,1.0,1
2020-06-24 00:00:00+00:00,NO_TRADE,0.52619785,0,0.0,1
2020-06-25 00:00:00+00:00,SHORT,0.64220166,1,1.0,0
2020-06-26 00:00:00+00:00,LONG,0.60647017,1,0.0,0
2020-06-27 00:00:00+00:00,SHORT,0.6163415,1,0.0,0
2020-06-28 00:00:00+00:00,SHORT,0.6651093,1,0.0,0
2020-06-29 00:00:00+00:00,NO_TRADE,0.54153067,1,0.0,0
2020-06-30 00:00:00+00:00,LONG,0.7486807,1,0.0,0
2020-07-01 00:00:00+00:00,LONG,0.6747406,1,0.0,0
2020-07-02 00:00:00+00:00,NO_TRADE,0.5543333,1,0.0,0
2020-07-03 00:00:00+00:00,LONG,0.6970548,1,0.0,0
2020-07-04 00:00:00+00:00,LONG,0.62922245,1,0.0,0
2020-07-05 00:00:00+00:00,LONG,0.6806326,1,0.0,0
2020-07-06 00:00:00+00:00,LONG,0.60286117,1,0.0,0
2020-07-07 00:00:00+00:00,LONG,0.6114013,1,0.0,0
2020-07-08 00:00:00+00:00,NO_TRADE,0.5057908,1,0.0,0
2020-07-09 00:00:00+00:00,LONG,0.66241074,1,0.0,0
2020-07-10 00:00:00+00:00,LONG,0.6291468,1,0.0,0
2020-07-11 00:00:00+00:00,SHORT,0.785407,1,0.0,0
2020-07-12 00:00:00+00:00,NO_TRADE,0.5816192,1,0.0,0
2020-07-13 00:00:00+00:00,NO_TRADE,0.5022694,1,0.0,0
2020-07-14 00:00:00+00:00,SHORT,0.69005644,1,0.0,0
2020-07-15 00:00:00+00:00,NO_TRADE,0.56565315,1,0.0,0
2020-07-16 00:00:00+00:00,LONG,0.69281113,1,0.0,0
2020-07-17 00:00:00+00:00,NO_TRADE,0.5163951,1,0.0,0
2020-07-18 00:00:00+00:00,LONG,0.71194166,1,0.0,0
2020-07-19 00:00:00+00:00,LONG,0.7991458,1,0.0,0
2020-07-20 00:00:00+00:00,SHORT,0.60885453,1,0.0,0
2020-07-21 00:00:00+00:00,LONG,0.8003994,1,0.0,0
2020-07-22 00:00:00+00:00,LONG,0.7222553,1,0.0,0
2020-07-23 00:00:00+00:00,LONG,0.72833997,1,0.0,0
2020-07-24 00:00:00+00:00,LONG,0.6343721,1,0.0,0
2020-07-25 00:00:00+00:00,LONG,0.8590891,1,0.0,0
2020-07-26 00:00:00+00:00,LONG,0.6861377,1,0.0,0
2020-07-27 00:00:00+00:00,LONG,0.9126893,1,0.0,0
2020-07-28 00:00:00+00:00,NO_TRADE,0.5315471,1,2.0,0
2020-07-29 00:00:00+00:00,NO_TRADE,0.52145624,1,2.0,0
2020-07-30 00:00:00+00:00,NO_TRADE,0.562834,1,2.0,0
2020-07-31 00:00:00+00:00,NO_TRADE,0.55244637,1,2.0,0
2020-08-01 00:00:00+00:00,NO_TRADE,0.5491251,1,1.0,0
2020-08-02 00:00:00+00:00,SHORT,0.66143656,1,2.0,0
2020-08-03 00:00:00+00:00,SHORT,0.6842634,1,2.0,0
2020-08-04 00:00:00+00:00,LONG,0.6272005,1,2.0,0
2020-08-05 00:00:00+00:00,NO_TRADE,0.59829825,1,2.0,0
2020-08-06 00:00:00+00:00,SHORT,0.76827943,1,2.0,0
2020-08-07 00:00:00+00:00,NO_TRADE,0.56752944,1,2.0,0
2020-08-08 00:00:00+00:00,NO_TRADE,0.5040067,1,1.0,0
2020-08-09 00:00:00+00:00,SHORT,0.6442061,1,1.0,0
2020-08-10 00:00:00+00:00,SHORT,0.6950995,1,1.0,0
2020-08-11 00:00:00+00:00,NO_TRADE,0.52883637,1,1.0,0
2020-08-12 00:00:00+00:00,NO_TRADE,0.5119916,1,1.0,0
2020-08-13 00:00:00+00:00,NO_TRADE,0.59113526,1,1.0,0
2020-08-14 00:00:00+00:00,NO_TRADE,0.66489154,0,1.0,1
2020-08-15 00:00:00+00:00,NO_TRADE,0.67432016,0,1.0,1
2020-08-16 00:00:00+00:00,NO_TRADE,0.67641383,0,1.0,1
2020-08-17 00:00:00+00:00,NO_TRADE,0.67402476,0,0.0,1
2020-08-18 00:00:00+00:00,NO_TRADE,0.82359993,0,1.0,1
2020-08-19 00:00:00+00:00,NO_TRADE,0.5818537,0,1.0,1
2020-08-20 00:00:00+00:00,NO_TRADE,0.72908247,0,1.0,1
2020-08-21 00:00:00+00:00,NO_TRADE,0.5670383,0,0.0,1
2020-08-22 00:00:00+00:00,LONG,0.68643343,1,1.0,0
2020-08-23 00:00:00+00:00,NO_TRADE,0.58216894,1,0.0,0
2020-08-24 00:00:00+00:00,NO_TRADE,0.5607761,1,0.0,0
2020-08-25 00:00:00+00:00,NO_TRADE,0.56018096,1,0.0,0
2020-08-26 00:00:00+00:00,NO_TRADE,0.7256415,0,0.0,1
2020-08-27 00:00:00+00:00,NO_TRADE,0.6913601,0,0.0,1
2020-08-28 00:00:00+00:00,NO_TRADE,0.52320844,0,0.0,1
2020-08-29 00:00:00+00:00,NO_TRADE,0.6882517,0,0.0,1
2020-08-30 00:00:00+00:00,NO_TRADE,0.5355394,0,0.0,1
2020-08-31 00:00:00+00:00,NO_TRADE,0.7010055,0,0.0,1
2020-09-01 00:00:00+00:00,NO_TRADE,0.515998,0,0.0,1
2020-09-02 00:00:00+00:00,NO_TRADE,0.69785154,0,0.0,1
2020-09-03 00:00:00+00:00,NO_TRADE,0.8139715,0,1.0,1
2020-09-04 00:00:00+00:00,NO_TRADE,0.7341572,0,2.0,1
2020-09-05 00:00:00+00:00,SHORT,0.8567092,1,2.0,0
2020-09-06 00:00:00+00:00,LONG,0.7634019,1,2.0,0
2020-09-07 00:00:00+00:00,NO_TRADE,0.59526587,1,2.0,0
2020-09-08 00:00:00+00:00,NO_TRADE,0.530363,1,2.0,0
2020-09-09 00:00:00+00:00,LONG,0.644992,1,2.0,0
2020-09-10 00:00:00+00:00,NO_TRADE,0.5443415,1,2.0,0
2020-09-11 00:00:00+00:00,SHORT,0.6418804,1,1.0,0
2020-09-12 00:00:00+00:00,NO_TRADE,0.5771219,1,1.0,0
2020-09-13 00:00:00+00:00,SHORT,0.66869515,1,1.0,0
2020-09-14 00:00:00+00:00,NO_TRADE,0.51236755,1,1.0,0
2020-09-15 00:00:00+00:00,NO_TRADE,0.5829993,1,1.0,0
2020-09-16 00:00:00+00:00,SHORT,0.68902016,1,1.0,0
2020-09-17 00:00:00+00:00,NO_TRADE,0.53655016,1,1.0,0
2020-09-18 00:00:00+00:00,NO_TRADE,0.5624,1,1.0,0
2020-09-19 00:00:00+00:00,LONG,0.8375281,1,0.0,0
2020-09-20 00:00:00+00:00,LONG,0.8153893,1,0.0,0
2020-09-21 00:00:00+00:00,LONG,0.63470215,1,0.0,0
2020-09-22 00:00:00+00:00,LONG,0.62523377,1,1.0,0
2020-09-23 00:00:00+00:00,SHORT,0.6371398,1,1.0,0
2020-09-24 00:00:00+00:00,NO_TRADE,0.58064306,1,1.0,0
2020-09-25 00:00:00+00:00,SHORT,0.72497165,1,1.0,0
2020-09-26 00:00:00+00:00,SHORT,0.684121,1,1.0,0
2020-09-27 00:00:00+00:00,LONG,0.69703805,1,1.0,0
2020-09-28 00:00:00+00:00,NO_TRADE,0.53436947,1,1.0,0
2020-09-29 00:00:00+00:00,LONG,0.617528,1,0.0,0
2020-09-30 00:00:00+00:00,NO_TRADE,0.54696876,1,0.0,0
2020-10-01 00:00:00+00:00,NO_TRADE,0.5169555,1,0.0,0
2020-10-02 00:00:00+00:00,LONG,0.730825,1,0.0,0
2020-10-03 00:00:00+00:00,LONG,0.7549311,1,0.0,0
2020-10-04 00:00:00+00:00,LONG,0.774864,1,0.0,0
2020-10-05 00:00:00+00:00,NO_TRADE,0.5959653,1,0.0,0
2020-10-06 00:00:00+00:00,NO_TRADE,0.5516965,1,0.0,0
2020-10-07 00:00:00+00:00,LONG,0.75293285,1,0.0,0
2020-10-08 00:00:00+00:00,LONG,0.62952936,1,0.0,0
2020-10-09 00:00:00+00:00,NO_TRADE,0.51946664,1,0.0,0
2020-10-10 00:00:00+00:00,SHORT,0.7033751,1,0.0,0
2020-10-11 00:00:00+00:00,NO_TRADE,0.54469657,1,0.0,0
2020-10-12 00:00:00+00:00,LONG,0.6938286,1,0.0,0
2020-10-13 00:00:00+00:00,SHORT,0.60777056,1,0.0,0
2020-10-14 00:00:00+00:00,NO_TRADE,0.5384577,1,0.0,0
2020-10-15 00:00:00+00:00,NO_TRADE,0.54053706,1,0.0,0
2020-10-16 00:00:00+00:00,LONG,0.70343304,1,0.0,0
2020-10-17 00:00:00+00:00,LONG,0.7597582,1,0.0,0
2020-10-18 00:00:00+00:00,LONG,0.8061328,1,0.0,0
2020-10-19 00:00:00+00:00,NO_TRADE,0.54943156,1,0.0,0
2020-10-20 00:00:00+00:00,NO_TRADE,0.5937879,1,0.0,0
2020-10-21 00:00:00+00:00,LONG,0.9092796,1,0.0,0
2020-10-22 00:00:00+00:00,NO_TRADE,0.5263349,1,1.0,0
2020-10-23 00:00:00+00:00,NO_TRADE,0.5847274,1,1.0,0
2020-10-24 00:00:00+00:00,SHORT,0.6149409,1,1.0,0
2020-10-25 00:00:00+00:00,NO_TRADE,0.5667509,1,1.0,0
2020-10-26 00:00:00+00:00,LONG,0.7098923,1,1.0,0
2020-10-27 00:00:00+00:00,SHORT,0.7464286,1,0.0,0
2020-10-28 00:00:00+00:00,NO_TRADE,0.5077976,1,1.0,0
2020-10-29 00:00:00+00:00,NO_TRADE,0.52132326,1,1.0,0
2020-10-30 00:00:00+00:00,LONG,0.68377376,1,1.0,0
2020-10-31 00:00:00+00:00,NO_TRADE,0.56076074,1,1.0,0
2020-11-01 00:00:00+00:00,NO_TRADE,0.5737156,1,0.0,0
2020-11-02 00:00:00+00:00,LONG,0.66886836,1,0.0,0
2020-11-03 00:00:00+00:00,LONG,0.7228945,1,0.0,0
2020-11-04 00:00:00+00:00,NO_TRADE,0.50414574,1,1.0,0
2020-11-05 00:00:00+00:00,LONG,0.67928827,1,0.0,0
2020-11-06 00:00:00+00:00,SHORT,0.71956325,1,2.0,0
2020-11-07 00:00:00+00:00,NO_TRADE,0.5003976,1,2.0,0
2020-11-08 00:00:00+00:00,NO_TRADE,0.58348334,1,2.0,0
2020-11-09 00:00:00+00:00,LONG,0.7397803,1,2.0,0
2020-11-10 00:00:00+00:00,LONG,0.83456314,1,2.0,0
2020-11-11 00:00:00+00:00,LONG,0.9619107,1,2.0,0
2020-11-12 00:00:00+00:00,LONG,0.8266492,1,2.0,0
2020-11-13 00:00:00+00:00,LONG,0.8261164,1,2.0,0
2020-11-14 00:00:00+00:00,LONG,0.9432821,1,1.0,0
2020-11-15 00:00:00+00:00,LONG,0.6547948,1,1.0,0
2020-11-16 00:00:00+00:00,LONG,0.7336332,1,1.0,0
2020-11-17 00:00:00+00:00,NO_TRADE,0.59100956,1,1.0,0
2020-11-18 00:00:00+00:00,LONG,0.7158722,1,2.0,0
2020-11-19 00:00:00+00:00,NO_TRADE,0.61908454,0,2.0,1
2020-11-20 00:00:00+00:00,NO_TRADE,0.67157495,0,1.0,1
2020-11-21 00:00:00+00:00,NO_TRADE,0.6444589,0,2.0,1
2020-11-22 00:00:00+00:00,NO_TRADE,0.5919404,0,1.0,1
2020-11-23 00:00:00+00:00,NO_TRADE,0.6037823,0,1.0,1
2020-11-24 00:00:00+00:00,NO_TRADE,0.56170905,1,1.0,0
2020-11-25 00:00:00+00:00,SHORT,0.64970917,1,1.0,0
2020-11-26 00:00:00+00:00,NO_TRADE,0.5156496,1,1.0,0
2020-11-27 00:00:00+00:00,LONG,0.8287515,1,2.0,0
2020-11-28 00:00:00+00:00,LONG,0.7095762,1,2.0,0
2020-11-29 00:00:00+00:00,SHORT,0.94256836,1,2.0,0
2020-11-30 00:00:00+00:00,LONG,0.7434144,1,2.0,0
2020-12-01 00:00:00+00:00,NO_TRADE,0.7600794,0,2.0,1
2020-12-02 00:00:00+00:00,NO_TRADE,0.5669204,0,2.0,1
2020-12-03 00:00:00+00:00,NO_TRADE,0.8847196,0,2.0,1
2020-12-04 00:00:00+00:00,NO_TRADE,0.7709883,0,2.0,1
2020-12-05 00:00:00+00:00,NO_TRADE,0.59549856,0,2.0,1
2020-12-06 00:00:00+00:00,NO_TRADE,0.7620436,0,2.0,1
2020-12-07 00:00:00+00:00,NO_TRADE,0.63070416,0,2.0,1
2020-12-08 00:00:00+00:00,SHORT,0.692663,1,2.0,0
2020-12-09 00:00:00+00:00,LONG,0.6697148,1,2.0,0
2020-12-10 00:00:00+00:00,NO_TRADE,0.55986404,1,2.0,0
2020-12-11 00:00:00+00:00,LONG,0.7769562,1,1.0,0
2020-12-12 00:00:00+00:00,LONG,0.8879638,1,1.0,0
2020-12-13 00:00:00+00:00,LONG,0.89786375,1,1.0,0
2020-12-14 00:00:00+00:00,LONG,0.85863584,1,1.0,0
2020-12-15 00:00:00+00:00,LONG,0.7651726,1,1.0,0
2020-12-16 00:00:00+00:00,NO_TRADE,0.5119786,1,1.0,0
2020-12-17 00:00:00+00:00,LONG,0.6435446,1,2.0,0
2020-12-18 00:00:00+00:00,SHORT,0.638512,1,2.0,0
2020-12-19 00:00:00+00:00,LONG,0.82441205,1,2.0,0
2020-12-20 00:00:00+00:00,NO_TRADE,0.57010186,1,2.0,0
2020-12-21 00:00:00+00:00,SHORT,0.6292516,1,2.0,0
2020-12-22 00:00:00+00:00,NO_TRADE,0.56417054,1,2.0,0
2020-12-23 00:00:00+00:00,LONG,0.65335196,1,2.0,0
2020-12-24 00:00:00+00:00,NO_TRADE,0.5194608,1,2.0,0
2020-12-25 00:00:00+00:00,SHORT,0.84690815,1,2.0,0
2020-12-26 00:00:00+00:00,SHORT,0.67743516,1,2.0,0
2020-12-27 00:00:00+00:00,SHORT,0.7246859,1,2.0,0
2020-12-28 00:00:00+00:00,SHORT,0.7220403,1,2.0,0
2020-12-29 00:00:00+00:00,NO_TRADE,0.55783695,1,2.0,0
2020-12-30 00:00:00+00:00,NO_TRADE,0.5317641,1,2.0,0
2020-12-31 00:00:00+00:00,SHORT,0.705766,1,2.0,0
2021-01-01 00:00:00+00:00,NO_TRADE,0.54930735,1,2.0,0
2021-01-02 00:00:00+00:00,NO_TRADE,0.5286452,1,2.0,0
2021-01-03 00:00:00+00:00,LONG,0.89090145,1,2.0,0
2021-01-04 00:00:00+00:00,NO_TRADE,0.7969091,0,2.0,1
2021-01-05 00:00:00+00:00,NO_TRADE,0.5018128,0,2.0,1
2021-01-06 00:00:00+00:00,NO_TRADE,0.76431304,0,2.0,1
2021-01-07 00:00:00+00:00,NO_TRADE,0.7816621,0,2.0,1
2021-01-08 00:00:00+00:00,NO_TRADE,0.7260435,0,2.0,1
2021-01-09 00:00:00+00:00,NO_TRADE,0.77291703,0,2.0,1
2021-01-10 00:00:00+00:00,NO_TRADE,0.6602252,0,2.0,1
2021-01-11 00:00:00+00:00,NO_TRADE,0.85132813,0,2.0,1
2021-01-12 00:00:00+00:00,NO_TRADE,0.5242815,0,2.0,1
2021-01-13 00:00:00+00:00,NO_TRADE,0.5125464,0,2.0,1
2021-01-14 00:00:00+00:00,NO_TRADE,0.83159995,0,2.0,1
2021-01-15 00:00:00+00:00,NO_TRADE,0.83694077,0,2.0,1
2021-01-16 00:00:00+00:00,NO_TRADE,0.7461058,0,2.0,1
2021-01-17 00:00:00+00:00,NO_TRADE,0.63853425,0,2.0,1
2021-01-18 00:00:00+00:00,NO_TRADE,0.7036513,0,2.0,1
2021-01-19 00:00:00+00:00,NO_TRADE,0.59022933,0,2.0,1
2021-01-20 00:00:00+00:00,NO_TRADE,0.87282014,0,2.0,1
2021-01-21 00:00:00+00:00,NO_TRADE,0.5701188,0,2.0,1
2021-01-22 00:00:00+00:00,NO_TRADE,0.7683705,0,2.0,1
2021-01-23 00:00:00+00:00,SHORT,0.6565453,1,2.0,0
2021-01-24 00:00:00+00:00,NO_TRADE,0.59201944,1,2.0,0
2021-01-25 00:00:00+00:00,NO_TRADE,0.5543115,1,2.0,0
2021-01-26 00:00:00+00:00,NO_TRADE,0.53711694,1,2.0,0
2021-01-27 00:00:00+00:00,SHORT,0.7251818,1,2.0,0
2021-01-28 00:00:00+00:00,LONG,0.70015144,1,2.0,0
2021-01-29 00:00:00+00:00,LONG,0.7816703,1,2.0,0
2021-01-30 00:00:00+00:00,LONG,0.88810825,1,2.0,0
2021-01-31 00:00:00+00:00,LONG,0.8972472,1,2.0,0
2021-02-01 00:00:00+00:00,LONG,0.8193997,1,2.0,0
2021-02-02 00:00:00+00:00,LONG,0.8813708,1,2.0,0
2021-02-03 00:00:00+00:00,LONG,0.96918285,1,2.0,0
2021-02-04 00:00:00+00:00,LONG,0.9263096,1,2.0,0
2021-02-05 00:00:00+00:00,LONG,0.96169126,1,2.0,0
2021-02-06 00:00:00+00:00,LONG,0.7811377,1,2.0,0
2021-02-07 00:00:00+00:00,SHORT,0.61899924,1,2.0,0
2021-02-08 00:00:00+00:00,LONG,0.8642835,1,2.0,0
2021-02-09 00:00:00+00:00,LONG,0.6059642,1,2.0,0
2021-02-10 00:00:00+00:00,SHORT,0.6223669,1,2.0,0
2021-02-11 00:00:00+00:00,LONG,0.743363,1,2.0,0
2021-02-12 00:00:00+00:00,LONG,0.7013532,1,2.0,0
2021-02-13 00:00:00+00:00,LONG,0.83083427,1,2.0,0
2021-02-14 00:00:00+00:00,LONG,0.6591781,1,2.0,0
2021-02-15 00:00:00+00:00,LONG,0.77651286,1,2.0,0
2021-02-16 00:00:00+00:00,SHORT,0.84309375,1,2.0,0
2021-02-17 00:00:00+00:00,NO_TRADE,0.5396884,1,2.0,0
2021-02-18 00:00:00+00:00,NO_TRADE,0.638844,0,2.0,1
2021-02-19 00:00:00+00:00,NO_TRADE,0.6632747,0,2.0,1
2021-02-20 00:00:00+00:00,NO_TRADE,0.69023234,0,2.0,1
2021-02-21 00:00:00+00:00,NO_TRADE,0.6054804,0,2.0,1
2021-02-22 00:00:00+00:00,NO_TRADE,0.8865135,0,2.0,1
2021-02-23 00:00:00+00:00,NO_TRADE,0.5141281,0,2.0,1
2021-02-24 00:00:00+00:00,SHORT,0.6044164,1,2.0,0
2021-02-25 00:00:00+00:00,SHORT,0.7835175,1,2.0,0
2021-02-26 00:00:00+00:00,NO_TRADE,0.5366108,1,2.0,0
2021-02-27 00:00:00+00:00,LONG,0.60278153,1,2.0,0
2021-02-28 00:00:00+00:00,SHORT,0.79882663,1,2.0,0
2021-03-01 00:00:00+00:00,LONG,0.70369416,1,2.0,0
2021-03-02 00:00:00+00:00,NO_TRADE,0.56200427,1,2.0,0
2021-03-03 00:00:00+00:00,SHORT,0.71469265,1,2.0,0
2021-03-04 00:00:00+00:00,LONG,0.760708,1,2.0,0
2021-03-05 00:00:00+00:00,LONG,0.7285197,1,2.0,0
2021-03-06 00:00:00+00:00,LONG,0.80924594,1,2.0,0
2021-03-07 00:00:00+00:00,LONG,0.80607826,1,2.0,0
2021-03-08 00:00:00+00:00,NO_TRADE,0.5736072,1,2.0,0
2021-03-09 00:00:00+00:00,NO_TRADE,0.5933249,1,2.0,0
2021-03-10 00:00:00+00:00,LONG,0.7353231,1,2.0,0
2021-03-11 00:00:00+00:00,NO_TRADE,0.5459774,1,2.0,0
2021-03-12 00:00:00+00:00,SHORT,0.8712457,1,2.0,0
2021-03-13 00:00:00+00:00,LONG,0.67185867,1,2.0,0
2021-03-14 00:00:00+00:00,SHORT,0.64310324,1,2.0,0
2021-03-15 00:00:00+00:00,LONG,0.80262625,1,2.0,0
2021-03-16 00:00:00+00:00,NO_TRADE,0.76791954,0,2.0,1
2021-03-17 00:00:00+00:00,NO_TRADE,0.65963596,0,2.0,1
2021-03-18 00:00:00+00:00,NO_TRADE,0.63086444,0,2.0,1
2021-03-19 00:00:00+00:00,NO_TRADE,0.50342566,0,2.0,1
2021-03-20 00:00:00+00:00,NO_TRADE,0.7397297,0,2.0,1
2021-03-21 00:00:00+00:00,NO_TRADE,0.8466518,0,2.0,1
2021-03-22 00:00:00+00:00,SHORT,0.6681315,1,1.0,0
2021-03-23 00:00:00+00:00,LONG,0.6753181,1,2.0,0
2021-03-24 00:00:00+00:00,LONG,0.7457946,1,2.0,0
2021-03-25 00:00:00+00:00,NO_TRADE,0.530522,1,2.0,0
2021-03-26 00:00:00+00:00,NO_TRADE,0.52716225,1,2.0,0
2021-03-27 00:00:00+00:00,SHORT,0.6455853,1,2.0,0
2021-03-28 00:00:00+00:00,SHORT,0.6333878,1,2.0,0
2021-03-29 00:00:00+00:00,NO_TRADE,0.62776417,0,2.0,1
2021-03-30 00:00:00+00:00,NO_TRADE,0.548383,0,2.0,1
2021-03-31 00:00:00+00:00,NO_TRADE,0.67213136,0,2.0,1
2021-04-01 00:00:00+00:00,NO_TRADE,0.7306704,0,1.0,1
2021-04-02 00:00:00+00:00,NO_TRADE,0.8041435,0,1.0,1
2021-04-03 00:00:00+00:00,NO_TRADE,0.5017161,0,1.0,1
2021-04-04 00:00:00+00:00,NO_TRADE,0.59893286,1,1.0,0
2021-04-05 00:00:00+00:00,NO_TRADE,0.55608857,1,1.0,0
2021-04-06 00:00:00+00:00,LONG,0.64815974,1,1.0,0
2021-04-07 00:00:00+00:00,LONG,0.89556503,1,1.0,0
2021-04-08 00:00:00+00:00,LONG,0.743007,1,1.0,0
2021-04-09 00:00:00+00:00,LONG,0.658179,1,1.0,0
2021-04-10 00:00:00+00:00,LONG,0.7074465,1,1.0,0
2021-04-11 00:00:00+00:00,SHORT,0.6702709,1,1.0,0
2021-04-12 00:00:00+00:00,SHORT,0.7382881,1,1.0,0
2021-04-13 00:00:00+00:00,NO_TRADE,0.51923895,0,1.0,1
2021-04-14 00:00:00+00:00,NO_TRADE,0.56859004,0,1.0,1
2021-04-15 00:00:00+00:00,NO_TRADE,0.83552843,0,1.0,1
2021-04-16 00:00:00+00:00,NO_TRADE,0.79272753,0,1.0,1
2021-04-17 00:00:00+00:00,NO_TRADE,0.6031311,0,1.0,1
2021-04-18 00:00:00+00:00,NO_TRADE,0.6387211,0,1.0,1
2021-04-19 00:00:00+00:00,NO_TRADE,0.6807912,0,2.0,1
2021-04-20 00:00:00+00:00,NO_TRADE,0.79247546,0,1.0,1
2021-04-21 00:00:00+00:00,LONG,0.8370836,1,1.0,0
2021-04-22 00:00:00+00:00,LONG,0.75162816,1,2.0,0
2021-04-23 00:00:00+00:00,LONG,0.6238837,1,2.0,0
2021-04-24 00:00:00+00:00,LONG,0.6190173,1,1.0,0
2021-04-25 00:00:00+00:00,SHORT,0.81744915,1,1.0,0
2021-04-26 00:00:00+00:00,NO_TRADE,0.55688316,1,1.0,0
2021-04-27 00:00:00+00:00,SHORT,0.67954075,1,2.0,0
2021-04-28 00:00:00+00:00,LONG,0.84717935,1,2.0,0
2021-04-29 00:00:00+00:00,SHORT,0.70500207,1,2.0,0
2021-04-30 00:00:00+00:00,LONG,0.6898913,1,2.0,0
2021-05-01 00:00:00+00:00,NO_TRADE,0.58093464,1,2.0,0
2021-05-02 00:00:00+00:00,NO_TRADE,0.50985557,1,2.0,0
2021-05-03 00:00:00+00:00,NO_TRADE,0.56170255,1,2.0,0
2021-05-04 00:00:00+00:00,SHORT,0.69584143,1,2.0,0
2021-05-05 00:00:00+00:00,NO_TRADE,0.6251309,0,2.0,1
2021-05-06 00:00:00+00:00,NO_TRADE,0.7545256,0,2.0,1
2021-05-07 00:00:00+00:00,NO_TRADE,0.5846679,0,2.0,1
2021-05-08 00:00:00+00:00,NO_TRADE,0.71918267,0,2.0,1
2021-05-09 00:00:00+00:00,NO_TRADE,0.85979384,0,2.0,1
2021-05-10 00:00:00+00:00,NO_TRADE,0.60253114,0,2.0,1
2021-05-11 00:00:00+00:00,NO_TRADE,0.87410545,0,2.0,1
2021-05-12 00:00:00+00:00,NO_TRADE,0.5446665,0,2.0,1
2021-05-13 00:00:00+00:00,NO_TRADE,0.60476303,0,2.0,1
2021-05-14 00:00:00+00:00,NO_TRADE,0.62634575,0,2.0,1
2021-05-15 00:00:00+00:00,NO_TRADE,0.7058596,0,2.0,1
2021-05-16 00:00:00+00:00,NO_TRADE,0.63396037,0,2.0,1
2021-05-17 00:00:00+00:00,NO_TRADE,0.509129,0,2.0,1
2021-05-18 00:00:00+00:00,NO_TRADE,0.87466484,0,2.0,1
2021-05-19 00:00:00+00:00,NO_TRADE,0.5577327,0,2.0,1
2021-05-20 00:00:00+00:00,NO_TRADE,0.63515425,0,2.0,1
2021-05-21 00:00:00+00:00,NO_TRADE,0.81686676,0,2.0,1
2021-05-22 00:00:00+00:00,NO_TRADE,0.8850353,0,2.0,1
2021-05-23 00:00:00+00:00,NO_TRADE,0.757177,0,2.0,1
2021-05-24 00:00:00+00:00,NO_TRADE,0.80175567,0,2.0,1
2021-05-25 00:00:00+00:00,NO_TRADE,0.8123961,0,2.0,1
2021-05-26 00:00:00+00:00,NO_TRADE,0.55024785,1,2.0,0
2021-05-27 00:00:00+00:00,SHORT,0.8937764,1,2.0,0
2021-05-28 00:00:00+00:00,LONG,0.7914968,1,2.0,0
2021-05-29 00:00:00+00:00,SHORT,0.65968907,1,2.0,0
2021-05-30 00:00:00+00:00,NO_TRADE,0.70345193,0,2.0,1
2021-05-31 00:00:00+00:00,NO_TRADE,0.6208153,0,2.0,1
2021-06-01 00:00:00+00:00,NO_TRADE,0.5063691,0,2.0,1
2021-06-02 00:00:00+00:00,NO_TRADE,0.68723434,0,2.0,1
2021-06-03 00:00:00+00:00,NO_TRADE,0.78622186,0,2.0,1
2021-06-04 00:00:00+00:00,NO_TRADE,0.8414064,0,2.0,1
2021-06-05 00:00:00+00:00,NO_TRADE,0.5595602,1,2.0,0
2021-06-06 00:00:00+00:00,SHORT,0.6651906,1,2.0,0
2021-06-07 00:00:00+00:00,LONG,0.6380647,1,2.0,0
2021-06-08 00:00:00+00:00,SHORT,0.68629205,1,2.0,0
2021-06-09 00:00:00+00:00,NO_TRADE,0.5593241,1,2.0,0
2021-06-10 00:00:00+00:00,LONG,0.7215926,1,2.0,0
2021-06-11 00:00:00+00:00,NO_TRADE,0.7491405,0,2.0,1
2021-06-12 00:00:00+00:00,NO_TRADE,0.54233646,0,2.0,1
2021-06-13 00:00:00+00:00,NO_TRADE,0.69532627,0,2.0,1
2021-06-14 00:00:00+00:00,NO_TRADE,0.5749757,0,2.0,1
2021-06-15 00:00:00+00:00,NO_TRADE,0.6697808,0,2.0,1
2021-06-16 00:00:00+00:00,NO_TRADE,0.58031905,0,2.0,1
2021-06-17 00:00:00+00:00,NO_TRADE,0.6314528,0,2.0,1
2021-06-18 00:00:00+00:00,NO_TRADE,0.67040426,0,2.0,1
2021-06-19 00:00:00+00:00,NO_TRADE,0.70810294,0,2.0,1
2021-06-20 00:00:00+00:00,LONG,0.90909344,1,2.0,0
2021-06-21 00:00:00+00:00,NO_TRADE,0.5277904,1,2.0,0
2021-06-22 00:00:00+00:00,NO_TRADE,0.54126877,1,2.0,0
2021-06-23 00:00:00+00:00,LONG,0.6701933,1,2.0,0
2021-06-24 00:00:00+00:00,LONG,0.87688893,1,2.0,0
2021-06-25 00:00:00+00:00,NO_TRADE,0.547621,1,2.0,0
2021-06-26 00:00:00+00:00,SHORT,0.6311171,1,2.0,0
2021-06-27 00:00:00+00:00,NO_TRADE,0.5771769,1,2.0,0
2021-06-28 00:00:00+00:00,NO_TRADE,0.71032614,0,2.0,1
2021-06-29 00:00:00+00:00,NO_TRADE,0.74103767,0,2.0,1
2021-06-30 00:00:00+00:00,NO_TRADE,0.8173668,0,2.0,1
2021-07-01 00:00:00+00:00,NO_TRADE,0.59581196,0,2.0,1
2021-07-02 00:00:00+00:00,NO_TRADE,0.6707926,0,2.0,1
2021-07-03 00:00:00+00:00,NO_TRADE,0.7640717,0,2.0,1
2021-07-04 00:00:00+00:00,NO_TRADE,0.693349,0,2.0,1
2021-07-05 00:00:00+00:00,NO_TRADE,0.5508788,0,2.0,1
2021-07-06 00:00:00+00:00,NO_TRADE,0.66667724,0,2.0,1
2021-07-07 00:00:00+00:00,NO_TRADE,0.82285947,0,2.0,1
2021-07-08 00:00:00+00:00,NO_TRADE,0.6550143,0,2.0,1
2021-07-09 00:00:00+00:00,NO_TRADE,0.52293086,0,2.0,1
2021-07-10 00:00:00+00:00,NO_TRADE,0.7271697,0,2.0,1
2021-07-11 00:00:00+00:00,NO_TRADE,0.76956785,0,1.0,1
2021-07-12 00:00:00+00:00,NO_TRADE,0.53574675,0,1.0,1
2021-07-13 00:00:00+00:00,NO_TRADE,0.60516834,0,1.0,1
2021-07-14 00:00:00+00:00,NO_TRADE,0.7437293,0,1.0,1
2021-07-15 00:00:00+00:00,NO_TRADE,0.50154686,0,1.0,1
2021-07-16 00:00:00+00:00,LONG,0.6571595,1,1.0,0
2021-07-17 00:00:00+00:00,NO_TRADE,0.53899705,1,1.0,0
2021-07-18 00:00:00+00:00,LONG,0.6126993,1,1.0,0
2021-07-19 00:00:00+00:00,NO_TRADE,0.5623938,1,1.0,0
2021-07-20 00:00:00+00:00,LONG,0.6089014,1,1.0,0
2021-07-21 00:00:00+00:00,LONG,0.62468237,1,1.0,0
2021-07-22 00:00:00+00:00,LONG,0.78608066,1,2.0,0
2021-07-23 00:00:00+00:00,LONG,0.8389917,1,2.0,0
2021-07-24 00:00:00+00:00,LONG,0.7057418,1,2.0,0
2021-07-25 00:00:00+00:00,LONG,0.8024253,1,2.0,0
2021-07-26 00:00:00+00:00,LONG,0.8853457,1,2.0,0
2021-07-27 00:00:00+00:00,NO_TRADE,0.580409,1,2.0,0
2021-07-28 00:00:00+00:00,NO_TRADE,0.73400086,0,2.0,1
2021-07-29 00:00:00+00:00,NO_TRADE,0.62780225,0,2.0,1
2021-07-30 00:00:00+00:00,LONG,0.6767844,1,2.0,0
2021-07-31 00:00:00+00:00,LONG,0.8075304,1,2.0,0
2021-08-01 00:00:00+00:00,NO_TRADE,0.5118516,1,2.0,0
2021-08-02 00:00:00+00:00,LONG,0.65887415,1,2.0,0
2021-08-03 00:00:00+00:00,LONG,0.62240416,1,2.0,0
2021-08-04 00:00:00+00:00,LONG,0.6699991,1,2.0,0
2021-08-05 00:00:00+00:00,LONG,0.8288413,1,2.0,0
2021-08-06 00:00:00+00:00,LONG,0.8633243,1,2.0,0
2021-08-07 00:00:00+00:00,NO_TRADE,0.5629453,1,2.0,0
2021-08-08 00:00:00+00:00,LONG,0.72934103,1,2.0,0
2021-08-09 00:00:00+00:00,NO_TRADE,0.53168994,1,2.0,0
2021-08-10 00:00:00+00:00,NO_TRADE,0.5349593,1,2.0,0
2021-08-11 00:00:00+00:00,LONG,0.7467792,1,2.0,0
2021-08-12 00:00:00+00:00,SHORT,0.7254952,1,2.0,0
2021-08-13 00:00:00+00:00,NO_TRADE,0.54886204,1,1.0,0
2021-08-14 00:00:00+00:00,NO_TRADE,0.5743837,1,2.0,0
2021-08-15 00:00:00+00:00,LONG,0.65612733,1,2.0,0
2021-08-16 00:00:00+00:00,LONG,0.7550924,1,2.0,0
2021-08-17 00:00:00+00:00,SHORT,0.640122,1,2.0,0
2021-08-18 00:00:00+00:00,NO_TRADE,0.5056259,1,2.0,0
2021-08-19 00:00:00+00:00,NO_TRADE,0.5715948,1,1.0,0
2021-08-20 00:00:00+00:00,NO_TRADE,0.761756,0,2.0,1
2021-08-21 00:00:00+00:00,NO_TRADE,0.6343311,0,2.0,1
2021-08-22 00:00:00+00:00,NO_TRADE,0.6449265,0,2.0,1
2021-08-23 00:00:00+00:00,NO_TRADE,0.88733745,0,1.0,1
2021-08-24 00:00:00+00:00,NO_TRADE,0.5394619,0,1.0,1
2021-08-25 00:00:00+00:00,NO_TRADE,0.8273486,0,1.0,1
2021-08-26 00:00:00+00:00,NO_TRADE,0.5494051,1,1.0,0
2021-08-27 00:00:00+00:00,SHORT,0.8018209,1,1.0,0
2021-08-28 00:00:00+00:00,LONG,0.7740653,1,2.0,0
2021-08-29 00:00:00+00:00,LONG,0.76303536,1,1.0,0
2021-08-30 00:00:00+00:00,NO_TRADE,0.5176081,1,1.0,0
2021-08-31 00:00:00+00:00,SHORT,0.7410626,1,1.0,0
2021-09-01 00:00:00+00:00,NO_TRADE,0.52576375,0,1.0,1
2021-09-02 00:00:00+00:00,NO_TRADE,0.6008823,0,1.0,1
2021-09-03 00:00:00+00:00,NO_TRADE,0.7334076,0,1.0,1
2021-09-04 00:00:00+00:00,NO_TRADE,0.6074094,0,1.0,1
2021-09-05 00:00:00+00:00,NO_TRADE,0.59298414,0,1.0,1
2021-09-06 00:00:00+00:00,NO_TRADE,0.712899,0,1.0,1
2021-09-07 00:00:00+00:00,NO_TRADE,0.5364693,0,1.0,1
2021-09-08 00:00:00+00:00,NO_TRADE,0.84681296,0,2.0,1
2021-09-09 00:00:00+00:00,LONG,0.7557525,1,2.0,0
2021-09-10 00:00:00+00:00,SHORT,0.6502969,1,2.0,0
2021-09-11 00:00:00+00:00,LONG,0.7304985,1,2.0,0
2021-09-12 00:00:00+00:00,LONG,0.8526684,1,2.0,0
2021-09-13 00:00:00+00:00,NO_TRADE,0.8001035,0,2.0,1
2021-09-14 00:00:00+00:00,NO_TRADE,0.5044168,0,2.0,1
2021-09-15 00:00:00+00:00,NO_TRADE,0.6239126,0,2.0,1
2021-09-16 00:00:00+00:00,NO_TRADE,0.7014819,0,2.0,1
2021-09-17 00:00:00+00:00,NO_TRADE,0.67368746,0,2.0,1
2021-09-18 00:00:00+00:00,NO_TRADE,0.66662174,0,1.0,1
2021-09-19 00:00:00+00:00,NO_TRADE,0.7175345,0,1.0,1
2021-09-20 00:00:00+00:00,NO_TRADE,0.60021174,0,1.0,1
2021-09-21 00:00:00+00:00,NO_TRADE,0.5155346,0,2.0,1
2021-09-22 00:00:00+00:00,NO_TRADE,0.7252122,0,2.0,1
2021-09-23 00:00:00+00:00,NO_TRADE,0.55836725,1,2.0,0
2021-09-24 00:00:00+00:00,NO_TRADE,0.53691465,1,2.0,0
2021-09-25 00:00:00+00:00,LONG,0.62109375,1,2.0,0
2021-09-26 00:00:00+00:00,LONG,0.6954654,1,2.0,0
2021-09-27 00:00:00+00:00,LONG,0.88314766,1,2.0,0
2021-09-28 00:00:00+00:00,LONG,0.7962407,1,2.0,0
2021-09-29 00:00:00+00:00,LONG,0.9055802,1,2.0,0
2021-09-30 00:00:00+00:00,LONG,0.9502898,1,2.0,0
2021-10-01 00:00:00+00:00,LONG,0.6946798,1,2.0,0
2021-10-02 00:00:00+00:00,LONG,0.6787407,1,2.0,0
2021-10-03 00:00:00+00:00,LONG,0.71609837,1,2.0,0
2021-10-04 00:00:00+00:00,LONG,0.78763086,1,2.0,0
2021-10-05 00:00:00+00:00,SHORT,0.8650157,1,2.0,0
2021-10-06 00:00:00+00:00,LONG,0.74324197,1,2.0,0
2021-10-07 00:00:00+00:00,NO_TRADE,0.5529033,1,2.0,0
2021-10-08 00:00:00+00:00,LONG,0.7833768,1,2.0,0
2021-10-09 00:00:00+00:00,SHORT,0.66953814,1,2.0,0
2021-10-10 00:00:00+00:00,LONG,0.6638913,1,2.0,0
2021-10-11 00:00:00+00:00,NO_TRADE,0.5674819,1,2.0,0
2021-10-12 00:00:00+00:00,LONG,0.81062776,1,2.0,0
2021-10-13 00:00:00+00:00,LONG,0.82356244,1,2.0,0
2021-10-14 00:00:00+00:00,SHORT,0.68587095,1,2.0,0
2021-10-15 00:00:00+00:00,SHORT,0.761442,1,2.0,0
2021-10-16 00:00:00+00:00,SHORT,0.7794703,1,2.0,0
2021-10-17 00:00:00+00:00,NO_TRADE,0.7546137,0,2.0,1
2021-10-18 00:00:00+00:00,NO_TRADE,0.6401814,0,2.0,1
2021-10-19 00:00:00+00:00,NO_TRADE,0.5807482,0,2.0,1
2021-10-20 00:00:00+00:00,NO_TRADE,0.53047925,0,2.0,1
2021-10-21 00:00:00+00:00,NO_TRADE,0.81263965,0,2.0,1
2021-10-22 00:00:00+00:00,NO_TRADE,0.5268092,0,2.0,1
2021-10-23 00:00:00+00:00,NO_TRADE,0.59036016,0,2.0,1
2021-10-24 00:00:00+00:00,NO_TRADE,0.5290169,1,2.0,0
2021-10-25 00:00:00+00:00,NO_TRADE,0.5431835,1,1.0,0
2021-10-26 00:00:00+00:00,LONG,0.81806207,1,1.0,0
2021-10-27 00:00:00+00:00,LONG,0.74497676,1,2.0,0
2021-10-28 00:00:00+00:00,LONG,0.62860036,1,2.0,0
2021-10-29 00:00:00+00:00,SHORT,0.7584407,1,2.0,0
2021-10-30 00:00:00+00:00,NO_TRADE,0.5424611,1,2.0,0
2021-10-31 00:00:00+00:00,NO_TRADE,0.50282806,1,1.0,0
2021-11-01 00:00:00+00:00,LONG,0.66693765,1,1.0,0
2021-11-02 00:00:00+00:00,NO_TRADE,0.57034624,1,1.0,0
2021-11-03 00:00:00+00:00,LONG,0.6472201,1,1.0,0
2021-11-04 00:00:00+00:00,SHORT,0.70205086,1,1.0,0
2021-11-05 00:00:00+00:00,SHORT,0.6844604,1,1.0,0
2021-11-06 00:00:00+00:00,NO_TRADE,0.56695473,1,1.0,0
2021-11-07 00:00:00+00:00,NO_TRADE,0.77577066,0,1.0,1
2021-11-08 00:00:00+00:00,NO_TRADE,0.58407176,0,1.0,1
2021-11-09 00:00:00+00:00,NO_TRADE,0.7824114,0,1.0,1
2021-11-10 00:00:00+00:00,NO_TRADE,0.54537237,0,1.0,1
2021-11-11 00:00:00+00:00,NO_TRADE,0.55568326,0,1.0,1
2021-11-12 00:00:00+00:00,NO_TRADE,0.6445678,0,1.0,1
2021-11-13 00:00:00+00:00,NO_TRADE,0.5286479,0,1.0,1
2021-11-14 00:00:00+00:00,NO_TRADE,0.5259927,0,1.0,1
2021-11-15 00:00:00+00:00,NO_TRADE,0.85855734,0,1.0,1
2021-11-16 00:00:00+00:00,NO_TRADE,0.74700624,0,1.0,1
2021-11-17 00:00:00+00:00,NO_TRADE,0.8937237,0,1.0,1
2021-11-18 00:00:00+00:00,NO_TRADE,0.62322056,0,1.0,1
2021-11-19 00:00:00+00:00,NO_TRADE,0.5910613,0,2.0,1
2021-11-20 00:00:00+00:00,NO_TRADE,0.83490485,0,2.0,1
2021-11-21 00:00:00+00:00,NO_TRADE,0.86431533,0,1.0,1
2021-11-22 00:00:00+00:00,NO_TRADE,0.60324943,0,1.0,1
2021-11-23 00:00:00+00:00,NO_TRADE,0.6901572,0,1.0,1
2021-11-24 00:00:00+00:00,NO_TRADE,0.56556696,0,1.0,1
2021-11-25 00:00:00+00:00,NO_TRADE,0.8957684,0,1.0,1
2021-11-26 00:00:00+00:00,NO_TRADE,0.742166,0,1.0,1
2021-11-27 00:00:00+00:00,NO_TRADE,0.78416455,0,2.0,1
2021-11-28 00:00:00+00:00,NO_TRADE,0.56925136,0,2.0,1
2021-11-29 00:00:00+00:00,NO_TRADE,0.63239914,0,2.0,1
2021-11-30 00:00:00+00:00,NO_TRADE,0.5140352,0,2.0,1
2021-12-01 00:00:00+00:00,NO_TRADE,0.6084548,0,2.0,1
2021-12-02 00:00:00+00:00,NO_TRADE,0.81968194,0,2.0,1
2021-12-03 00:00:00+00:00,NO_TRADE,0.6614014,0,1.0,1
2021-12-04 00:00:00+00:00,NO_TRADE,0.5430567,0,2.0,1
2021-12-05 00:00:00+00:00,NO_TRADE,0.78739303,0,2.0,1
2021-12-06 00:00:00+00:00,NO_TRADE,0.5284401,0,2.0,1
2021-12-07 00:00:00+00:00,NO_TRADE,0.8379105,0,2.0,1
2021-12-08 00:00:00+00:00,NO_TRADE,0.54965264,1,2.0,0
2021-12-09 00:00:00+00:00,SHORT,0.679253,1,2.0,0
2021-12-10 00:00:00+00:00,NO_TRADE,0.546978,0,2.0,1
2021-12-11 00:00:00+00:00,NO_TRADE,0.7423354,0,2.0,1
2021-12-12 00:00:00+00:00,NO_TRADE,0.63474417,0,2.0,1
2021-12-13 00:00:00+00:00,NO_TRADE,0.76224655,0,2.0,1
2021-12-14 00:00:00+00:00,NO_TRADE,0.7146138,0,2.0,1
2021-12-15 00:00:00+00:00,NO_TRADE,0.821755,0,2.0,1
2021-12-16 00:00:00+00:00,NO_TRADE,0.5669097,1,2.0,0
2021-12-17 00:00:00+00:00,NO_TRADE,0.53508216,1,2.0,0
2021-12-18 00:00:00+00:00,LONG,0.7229469,1,2.0,0
2021-12-19 00:00:00+00:00,LONG,0.6802989,1,2.0,0
2021-12-20 00:00:00+00:00,NO_TRADE,0.5190001,1,1.0,0
2021-12-21 00:00:00+00:00,NO_TRADE,0.50795734,1,1.0,0
2021-12-22 00:00:00+00:00,NO_TRADE,0.65596664,0,1.0,1
2021-12-23 00:00:00+00:00,NO_TRADE,0.5174594,0,1.0,1
2021-12-24 00:00:00+00:00,NO_TRADE,0.563496,0,1.0,1
2021-12-25 00:00:00+00:00,NO_TRADE,0.74700624,0,1.0,1
2021-12-26 00:00:00+00:00,NO_TRADE,0.6754013,0,1.0,1
2021-12-27 00:00:00+00:00,NO_TRADE,0.7659577,0,1.0,1
2021-12-28 00:00:00+00:00,NO_TRADE,0.5969421,0,1.0,1
2021-12-29 00:00:00+00:00,NO_TRADE,0.602742,0,1.0,1
2021-12-30 00:00:00+00:00,NO_TRADE,0.61822224,0,1.0,1
2021-12-31 00:00:00+00:00,NO_TRADE,0.54607725,0,1.0,1
2022-01-01 00:00:00+00:00,NO_TRADE,0.53407425,0,1.0,1
2022-01-02 00:00:00+00:00,NO_TRADE,0.7848491,0,1.0,1
2022-01-03 00:00:00+00:00,NO_TRADE,0.5505163,0,1.0,1
2022-01-04 00:00:00+00:00,NO_TRADE,0.78383535,0,1.0,1
2022-01-05 00:00:00+00:00,NO_TRADE,0.53763235,1,1.0,0
2022-01-06 00:00:00+00:00,LONG,0.85681695,1,1.0,0
2022-01-07 00:00:00+00:00,LONG,0.6433175,1,1.0,0
2022-01-08 00:00:00+00:00,LONG,0.71409184,1,1.0,0
2022-01-09 00:00:00+00:00,SHORT,0.6121075,1,1.0,0
2022-01-10 00:00:00+00:00,NO_TRADE,0.58626944,1,1.0,0
2022-01-11 00:00:00+00:00,NO_TRADE,0.5372387,0,1.0,1
2022-01-12 00:00:00+00:00,NO_TRADE,0.8013908,0,1.0,1
2022-01-13 00:00:00+00:00,NO_TRADE,0.7384895,0,1.0,1
2022-01-14 00:00:00+00:00,NO_TRADE,0.75256807,0,1.0,1
2022-01-15 00:00:00+00:00,NO_TRADE,0.7002822,0,1.0,1
2022-01-16 00:00:00+00:00,NO_TRADE,0.68867934,0,0.0,1
2022-01-17 00:00:00+00:00,NO_TRADE,0.5584329,0,0.0,1
2022-01-18 00:00:00+00:00,NO_TRADE,0.50030434,0,0.0,1
2022-01-19 00:00:00+00:00,NO_TRADE,0.66546774,0,0.0,1
2022-01-20 00:00:00+00:00,NO_TRADE,0.8356822,0,0.0,1
2022-01-21 00:00:00+00:00,NO_TRADE,0.73846966,0,0.0,1
2022-01-22 00:00:00+00:00,SHORT,0.6976704,1,2.0,0
2022-01-23 00:00:00+00:00,LONG,0.62853336,1,2.0,0
2022-01-24 00:00:00+00:00,LONG,0.61716694,1,2.0,0
2022-01-25 00:00:00+00:00,SHORT,0.78653604,1,2.0,0
2022-01-26 00:00:00+00:00,LONG,0.8066655,1,2.0,0
2022-01-27 00:00:00+00:00,NO_TRADE,0.5989595,1,2.0,0
2022-01-28 00:00:00+00:00,NO_TRADE,0.5089733,1,1.0,0
2022-01-29 00:00:00+00:00,NO_TRADE,0.51974124,1,1.0,0
2022-01-30 00:00:00+00:00,LONG,0.6674708,1,1.0,0
2022-01-31 00:00:00+00:00,LONG,0.77041,1,1.0,0
2022-02-01 00:00:00+00:00,LONG,0.71333593,1,1.0,0
2022-02-02 00:00:00+00:00,LONG,0.68784654,1,1.0,0
2022-02-03 00:00:00+00:00,SHORT,0.6332383,1,1.0,0
2022-02-04 00:00:00+00:00,LONG,0.6331791,1,1.0,0
2022-02-05 00:00:00+00:00,NO_TRADE,0.54995966,1,2.0,0
2022-02-06 00:00:00+00:00,NO_TRADE,0.54244226,1,2.0,0
2022-02-07 00:00:00+00:00,NO_TRADE,0.78071976,0,2.0,1
2022-02-08 00:00:00+00:00,NO_TRADE,0.5086339,0,2.0,1
2022-02-09 00:00:00+00:00,NO_TRADE,0.6695054,0,2.0,1
2022-02-10 00:00:00+00:00,NO_TRADE,0.7428212,0,2.0,1
2022-02-11 00:00:00+00:00,NO_TRADE,0.70589113,0,2.0,1
2022-02-12 00:00:00+00:00,NO_TRADE,0.6832831,0,1.0,1
2022-02-13 00:00:00+00:00,NO_TRADE,0.50655806,0,1.0,1
2022-02-14 00:00:00+00:00,NO_TRADE,0.78798634,0,1.0,1
2022-02-15 00:00:00+00:00,NO_TRADE,0.50771934,0,1.0,1
2022-02-16 00:00:00+00:00,NO_TRADE,0.50556487,0,1.0,1
2022-02-17 00:00:00+00:00,NO_TRADE,0.5795115,0,1.0,1
2022-02-18 00:00:00+00:00,NO_TRADE,0.6558953,0,2.0,1
2022-02-19 00:00:00+00:00,NO_TRADE,0.51177347,0,2.0,1
2022-02-20 00:00:00+00:00,SHORT,0.67261076,1,2.0,0
2022-02-21 00:00:00+00:00,LONG,0.7371609,1,2.0,0
2022-02-22 00:00:00+00:00,LONG,0.9220512,1,2.0,0
2022-02-23 00:00:00+00:00,LONG,0.6243437,1,2.0,0
2022-02-24 00:00:00+00:00,NO_TRADE,0.5662203,1,2.0,0
2022-02-25 00:00:00+00:00,SHORT,0.6495675,1,2.0,0
2022-02-26 00:00:00+00:00,LONG,0.8066525,1,1.0,0
2022-02-27 00:00:00+00:00,NO_TRADE,0.5047163,0,1.0,1
2022-02-28 00:00:00+00:00,NO_TRADE,0.76722676,0,1.0,1
2022-03-01 00:00:00+00:00,NO_TRADE,0.8080398,0,2.0,1
2022-03-02 00:00:00+00:00,NO_TRADE,0.816023,0,2.0,1
2022-03-03 00:00:00+00:00,NO_TRADE,0.86318874,0,2.0,1
2022-03-04 00:00:00+00:00,NO_TRADE,0.55798715,0,2.0,1
2022-03-05 00:00:00+00:00,NO_TRADE,0.6976138,0,2.0,1
2022-03-06 00:00:00+00:00,NO_TRADE,0.7197572,0,2.0,1
2022-03-07 00:00:00+00:00,NO_TRADE,0.5204526,0,2.0,1
2022-03-08 00:00:00+00:00,NO_TRADE,0.58714867,1,2.0,0
2022-03-09 00:00:00+00:00,NO_TRADE,0.598734,1,2.0,0
2022-03-10 00:00:00+00:00,LONG,0.7506995,1,2.0,0
2022-03-11 00:00:00+00:00,NO_TRADE,0.5987212,1,2.0,0
2022-03-12 00:00:00+00:00,LONG,0.75611144,1,2.0,0
2022-03-13 00:00:00+00:00,NO_TRADE,0.51220864,1,2.0,0
2022-03-14 00:00:00+00:00,NO_TRADE,0.533183,1,2.0,0
2022-03-15 00:00:00+00:00,LONG,0.8637203,1,2.0,0
2022-03-16 00:00:00+00:00,NO_TRADE,0.58609414,1,2.0,0
2022-03-17 00:00:00+00:00,LONG,0.6468346,1,2.0,0
2022-03-18 00:00:00+00:00,LONG,0.6028515,1,2.0,0
2022-03-19 00:00:00+00:00,LONG,0.645188,1,2.0,0
2022-03-20 00:00:00+00:00,NO_TRADE,0.591562,1,2.0,0
2022-03-21 00:00:00+00:00,LONG,0.83967334,1,2.0,0
2022-03-22 00:00:00+00:00,LONG,0.67310405,1,1.0,0
2022-03-23 00:00:00+00:00,LONG,0.75427854,1,1.0,0
2022-03-24 00:00:00+00:00,LONG,0.7733239,1,1.0,0
2022-03-25 00:00:00+00:00,NO_TRADE,0.57626516,1,1.0,0
2022-03-26 00:00:00+00:00,SHORT,0.7506905,1,1.0,0
2022-03-27 00:00:00+00:00,SHORT,0.81637293,1,1.0,0
2022-03-28 00:00:00+00:00,NO_TRADE,0.7286912,0,1.0,1
2022-03-29 00:00:00+00:00,NO_TRADE,0.77409667,0,1.0,1
2022-03-30 00:00:00+00:00,NO_TRADE,0.66408086,0,1.0,1
2022-03-31 00:00:00+00:00,NO_TRADE,0.5157227,0,1.0,1
2022-04-01 00:00:00+00:00,NO_TRADE,0.6172335,0,1.0,1
2022-04-02 00:00:00+00:00,NO_TRADE,0.5082897,0,1.0,1
2022-04-03 00:00:00+00:00,NO_TRADE,0.50035006,0,1.0,1
2022-04-04 00:00:00+00:00,NO_TRADE,0.5661735,0,1.0,1
2022-04-05 00:00:00+00:00,NO_TRADE,0.80090696,0,0.0,1
2022-04-06 00:00:00+00:00,NO_TRADE,0.6597505,0,0.0,1
2022-04-07 00:00:00+00:00,NO_TRADE,0.86988735,0,1.0,1
2022-04-08 00:00:00+00:00,NO_TRADE,0.6939807,0,1.0,1
2022-04-09 00:00:00+00:00,NO_TRADE,0.69791436,0,1.0,1
2022-04-10 00:00:00+00:00,NO_TRADE,0.7014414,0,1.0,1
2022-04-11 00:00:00+00:00,NO_TRADE,0.70352054,0,1.0,1
2022-04-12 00:00:00+00:00,SHORT,0.68826383,1,1.0,0
2022-04-13 00:00:00+00:00,NO_TRADE,0.54644793,1,1.0,0
2022-04-14 00:00:00+00:00,SHORT,0.6796344,1,1.0,0
2022-04-15 00:00:00+00:00,SHORT,0.6382931,1,1.0,0
2022-04-16 00:00:00+00:00,LONG,0.7217206,1,1.0,0
2022-04-17 00:00:00+00:00,NO_TRADE,0.7343486,0,1.0,1
2022-04-18 00:00:00+00:00,NO_TRADE,0.6573667,0,1.0,1
2022-04-19 00:00:00+00:00,NO_TRADE,0.70392984,0,1.0,1
2022-04-20 00:00:00+00:00,NO_TRADE,0.60910016,0,1.0,1
2022-04-21 00:00:00+00:00,NO_TRADE,0.56668997,0,1.0,1
2022-04-22 00:00:00+00:00,NO_TRADE,0.7173537,0,1.0,1
2022-04-23 00:00:00+00:00,NO_TRADE,0.8169658,0,1.0,1
2022-04-24 00:00:00+00:00,NO_TRADE,0.654857,0,0.0,1
2022-04-25 00:00:00+00:00,NO_TRADE,0.50639176,0,0.0,1
2022-04-26 00:00:00+00:00,NO_TRADE,0.5985894,0,0.0,1
2022-04-27 00:00:00+00:00,NO_TRADE,0.56727093,0,1.0,1
2022-04-28 00:00:00+00:00,NO_TRADE,0.6019949,0,1.0,1
2022-04-29 00:00:00+00:00,NO_TRADE,0.5838176,0,1.0,1
2022-04-30 00:00:00+00:00,NO_TRADE,0.5379152,0,1.0,1
2022-05-01 00:00:00+00:00,NO_TRADE,0.5330925,0,1.0,1
2022-05-02 00:00:00+00:00,NO_TRADE,0.8722353,0,1.0,1
2022-05-03 00:00:00+00:00,NO_TRADE,0.74478525,0,1.0,1
2022-05-04 00:00:00+00:00,NO_TRADE,0.80451155,0,1.0,1
2022-05-05 00:00:00+00:00,NO_TRADE,0.62709844,0,1.0,1
2022-05-06 00:00:00+00:00,NO_TRADE,0.7484375,0,2.0,1
2022-05-07 00:00:00+00:00,NO_TRADE,0.7046331,0,2.0,1
2022-05-08 00:00:00+00:00,NO_TRADE,0.8634471,0,2.0,1
2022-05-09 00:00:00+00:00,NO_TRADE,0.7042065,0,2.0,1
2022-05-10 00:00:00+00:00,NO_TRADE,0.6092334,0,2.0,1
2022-05-11 00:00:00+00:00,NO_TRADE,0.5946125,1,2.0,0
2022-05-12 00:00:00+00:00,SHORT,0.6089456,1,2.0,0
2022-05-13 00:00:00+00:00,NO_TRADE,0.58415115,0,2.0,1
2022-05-14 00:00:00+00:00,NO_TRADE,0.710991,0,2.0,1
2022-05-15 00:00:00+00:00,NO_TRADE,0.64611393,0,2.0,1
2022-05-16 00:00:00+00:00,NO_TRADE,0.74582535,0,2.0,1
2022-05-17 00:00:00+00:00,NO_TRADE,0.56109107,0,2.0,1
2022-05-18 00:00:00+00:00,NO_TRADE,0.6609385,0,2.0,1
2022-05-19 00:00:00+00:00,NO_TRADE,0.81426257,0,2.0,1
2022-05-20 00:00:00+00:00,NO_TRADE,0.54307467,0,2.0,1
2022-05-21 00:00:00+00:00,NO_TRADE,0.63401365,0,2.0,1
2022-05-22 00:00:00+00:00,LONG,0.8406426,1,2.0,0
2022-05-23 00:00:00+00:00,SHORT,0.72664654,1,2.0,0
2022-05-24 00:00:00+00:00,SHORT,0.6398128,1,2.0,0
2022-05-25 00:00:00+00:00,LONG,0.6528522,1,2.0,0
2022-05-26 00:00:00+00:00,LONG,0.65303254,1,2.0,0
2022-05-27 00:00:00+00:00,NO_TRADE,0.50961334,1,2.0,0
2022-05-28 00:00:00+00:00,LONG,0.815894,1,1.0,0
2022-05-29 00:00:00+00:00,SHORT,0.756145,1,1.0,0
2022-05-30 00:00:00+00:00,SHORT,0.7065651,1,1.0,0
2022-05-31 00:00:00+00:00,LONG,0.80547214,1,2.0,0
2022-06-01 00:00:00+00:00,SHORT,0.6233071,1,2.0,0
2022-06-02 00:00:00+00:00,NO_TRADE,0.8202998,0,2.0,1
2022-06-03 00:00:00+00:00,NO_TRADE,0.521201,0,2.0,1
2022-06-04 00:00:00+00:00,NO_TRADE,0.5174594,0,2.0,1
2022-06-05 00:00:00+00:00,NO_TRADE,0.734924,0,2.0,1
2022-06-06 00:00:00+00:00,NO_TRADE,0.5063554,0,1.0,1
2022-06-07 00:00:00+00:00,NO_TRADE,0.805071,0,2.0,1
2022-06-08 00:00:00+00:00,NO_TRADE,0.5130471,0,1.0,1
2022-06-09 00:00:00+00:00,NO_TRADE,0.73376495,0,1.0,1
2022-06-10 00:00:00+00:00,NO_TRADE,0.7473655,0,1.0,1
2022-06-11 00:00:00+00:00,NO_TRADE,0.55256075,0,1.0,1
2022-06-12 00:00:00+00:00,NO_TRADE,0.90521884,0,1.0,1
2022-06-13 00:00:00+00:00,NO_TRADE,0.6379771,0,2.0,1
2022-06-14 00:00:00+00:00,NO_TRADE,0.6432602,0,2.0,1
2022-06-15 00:00:00+00:00,NO_TRADE,0.9189443,0,2.0,1
2022-06-16 00:00:00+00:00,NO_TRADE,0.8702853,0,2.0,1
2022-06-17 00:00:00+00:00,LONG,0.6829706,1,2.0,0
2022-06-18 00:00:00+00:00,LONG,0.6670872,1,2.0,0
2022-06-19 00:00:00+00:00,LONG,0.83513236,1,2.0,0
2022-06-20 00:00:00+00:00,LONG,0.6736698,1,2.0,0
2022-06-21 00:00:00+00:00,NO_TRADE,0.8494516,0,2.0,1
2022-06-22 00:00:00+00:00,NO_TRADE,0.71335983,0,2.0,1
2022-06-23 00:00:00+00:00,NO_TRADE,0.514881,0,2.0,1
2022-06-24 00:00:00+00:00,NO_TRADE,0.51107955,0,2.0,1
2022-06-25 00:00:00+00:00,NO_TRADE,0.84064245,0,2.0,1
2022-06-26 00:00:00+00:00,NO_TRADE,0.5047196,0,2.0,1
2022-06-27 00:00:00+00:00,NO_TRADE,0.59866136,0,2.0,1
2022-06-28 00:00:00+00:00,NO_TRADE,0.50300914,0,2.0,1
2022-06-29 00:00:00+00:00,LONG,0.68310636,1,2.0,0
2022-06-30 00:00:00+00:00,LONG,0.6245401,1,2.0,0
2022-07-01 00:00:00+00:00,LONG,0.71927595,1,2.0,0
2022-07-02 00:00:00+00:00,NO_TRADE,0.56669134,1,2.0,0
2022-07-03 00:00:00+00:00,LONG,0.70854,1,2.0,0
2022-07-04 00:00:00+00:00,SHORT,0.6470982,1,1.0,0
2022-07-05 00:00:00+00:00,NO_TRADE,0.5485234,0,2.0,1
2022-07-06 00:00:00+00:00,NO_TRADE,0.76244605,0,1.0,1
2022-07-07 00:00:00+00:00,NO_TRADE,0.6183233,0,1.0,1
2022-07-08 00:00:00+00:00,NO_TRADE,0.5453448,0,2.0,1
2022-07-09 00:00:00+00:00,NO_TRADE,0.8414064,0,1.0,1
2022-07-10 00:00:00+00:00,LONG,0.8362707,1,1.0,0
2022-07-11 00:00:00+00:00,LONG,0.6097431,1,1.0,0
2022-07-12 00:00:00+00:00,LONG,0.8351038,1,1.0,0
2022-07-13 00:00:00+00:00,LONG,0.7382938,1,1.0,0
2022-07-14 00:00:00+00:00,LONG,0.76656455,1,2.0,0
2022-07-15 00:00:00+00:00,LONG,0.6899459,1,1.0,0
2022-07-16 00:00:00+00:00,LONG,0.6189111,1,1.0,0
2022-07-17 00:00:00+00:00,SHORT,0.77811575,1,1.0,0
2022-07-18 00:00:00+00:00,NO_TRADE,0.72798806,0,1.0,1
2022-07-19 00:00:00+00:00,NO_TRADE,0.50391024,0,2.0,1
2022-07-20 00:00:00+00:00,NO_TRADE,0.6304953,0,2.0,1
2022-07-21 00:00:00+00:00,LONG,0.7788781,1,2.0,0
2022-07-22 00:00:00+00:00,LONG,0.73655504,1,2.0,0
2022-07-23 00:00:00+00:00,LONG,0.74577045,1,1.0,0
2022-07-24 00:00:00+00:00,NO_TRADE,0.5024115,1,1.0,0
2022-07-25 00:00:00+00:00,NO_TRADE,0.5685185,1,1.0,0
2022-07-26 00:00:00+00:00,NO_TRADE,0.51725656,1,2.0,0
2022-07-27 00:00:00+00:00,SHORT,0.6436441,1,1.0,0
2022-07-28 00:00:00+00:00,NO_TRADE,0.5541574,0,2.0,1
2022-07-29 00:00:00+00:00,NO_TRADE,0.6426164,0,2.0,1
2022-07-30 00:00:00+00:00,NO_TRADE,0.56877077,0,2.0,1
2022-07-31 00:00:00+00:00,NO_TRADE,0.5366677,0,2.0,1
2022-08-01 00:00:00+00:00,NO_TRADE,0.5974188,1,2.0,0
2022-08-02 00:00:00+00:00,SHORT,0.7467408,1,1.0,0
2022-08-03 00:00:00+00:00,LONG,0.8291065,1,1.0,0
2022-08-04 00:00:00+00:00,LONG,0.6128628,1,1.0,0
2022-08-05 00:00:00+00:00,SHORT,0.68918884,1,1.0,0
2022-08-06 00:00:00+00:00,NO_TRADE,0.5981308,1,1.0,0
2022-08-07 00:00:00+00:00,NO_TRADE,0.54609764,1,1.0,0
2022-08-08 00:00:00+00:00,NO_TRADE,0.5877737,1,1.0,0
2022-08-09 00:00:00+00:00,LONG,0.6621832,1,1.0,0
2022-08-10 00:00:00+00:00,SHORT,0.6731398,1,1.0,0
2022-08-11 00:00:00+00:00,LONG,0.72582287,1,1.0,0
2022-08-12 00:00:00+00:00,NO_TRADE,0.5080272,1,1.0,0
2022-08-13 00:00:00+00:00,SHORT,0.6847414,1,1.0,0
2022-08-14 00:00:00+00:00,NO_TRADE,0.75736934,0,0.0,1
2022-08-15 00:00:00+00:00,NO_TRADE,0.56170374,0,0.0,1
2022-08-16 00:00:00+00:00,NO_TRADE,0.56332004,0,0.0,1
2022-08-17 00:00:00+00:00,NO_TRADE,0.73172843,0,0.0,1
2022-08-18 00:00:00+00:00,NO_TRADE,0.53171563,0,0.0,1
2022-08-19 00:00:00+00:00,NO_TRADE,0.5278639,0,0.0,1
2022-08-20 00:00:00+00:00,NO_TRADE,0.6078616,0,2.0,1
2022-08-21 00:00:00+00:00,NO_TRADE,0.6455549,0,2.0,1
2022-08-22 00:00:00+00:00,NO_TRADE,0.60156727,0,2.0,1
2022-08-23 00:00:00+00:00,NO_TRADE,0.5980852,0,2.0,1
2022-08-24 00:00:00+00:00,NO_TRADE,0.53138065,0,1.0,1
2022-08-25 00:00:00+00:00,NO_TRADE,0.7100554,0,1.0,1
2022-08-26 00:00:00+00:00,NO_TRADE,0.661898,0,1.0,1
2022-08-27 00:00:00+00:00,NO_TRADE,0.71279067,0,2.0,1
2022-08-28 00:00:00+00:00,NO_TRADE,0.68935084,0,2.0,1
2022-08-29 00:00:00+00:00,NO_TRADE,0.5475013,0,1.0,1
2022-08-30 00:00:00+00:00,NO_TRADE,0.7886122,0,1.0,1
2022-08-31 00:00:00+00:00,NO_TRADE,0.51408684,0,1.0,1
2022-09-01 00:00:00+00:00,NO_TRADE,0.5025693,1,1.0,0
2022-09-02 00:00:00+00:00,SHORT,0.6283372,1,1.0,0
2022-09-03 00:00:00+00:00,LONG,0.7955723,1,1.0,0
2022-09-04 00:00:00+00:00,LONG,0.6597016,1,1.0,0
2022-09-05 00:00:00+00:00,NO_TRADE,0.5935143,1,1.0,0
2022-09-06 00:00:00+00:00,NO_TRADE,0.5659016,1,0.0,0
2022-09-07 00:00:00+00:00,LONG,0.62748367,1,1.0,0
2022-09-08 00:00:00+00:00,NO_TRADE,0.638813,0,1.0,1
2022-09-09 00:00:00+00:00,NO_TRADE,0.6464041,0,1.0,1
2022-09-10 00:00:00+00:00,NO_TRADE,0.7101984,0,2.0,1
2022-09-11 00:00:00+00:00,NO_TRADE,0.6060865,0,2.0,1
2022-09-12 00:00:00+00:00,NO_TRADE,0.83103615,0,2.0,1
2022-09-13 00:00:00+00:00,NO_TRADE,0.58717537,0,2.0,1
2022-09-14 00:00:00+00:00,NO_TRADE,0.74359316,0,2.0,1
2022-09-15 00:00:00+00:00,NO_TRADE,0.5653312,0,2.0,1
2022-09-16 00:00:00+00:00,NO_TRADE,0.84844416,0,2.0,1
2022-09-17 00:00:00+00:00,NO_TRADE,0.6055432,0,2.0,1
2022-09-18 00:00:00+00:00,NO_TRADE,0.5957025,0,2.0,1
2022-09-19 00:00:00+00:00,NO_TRADE,0.69975525,0,2.0,1
2022-09-20 00:00:00+00:00,NO_TRADE,0.58044887,1,2.0,0
2022-09-21 00:00:00+00:00,SHORT,0.61864334,1,2.0,0
2022-09-22 00:00:00+00:00,NO_TRADE,0.54203224,1,2.0,0
2022-09-23 00:00:00+00:00,SHORT,0.62361383,1,2.0,0
2022-09-24 00:00:00+00:00,NO_TRADE,0.5720251,1,2.0,0
2022-09-25 00:00:00+00:00,SHORT,0.80492187,1,2.0,0
2022-09-26 00:00:00+00:00,LONG,0.6326997,1,1.0,0
2022-09-27 00:00:00+00:00,SHORT,0.8132379,1,1.0,0
2022-09-28 00:00:00+00:00,LONG,0.69283795,1,1.0,0
2022-09-29 00:00:00+00:00,LONG,0.62263876,1,1.0,0
2022-09-30 00:00:00+00:00,NO_TRADE,0.57381576,1,1.0,0
2022-10-01 00:00:00+00:00,NO_TRADE,0.5200573,1,1.0,0
2022-10-02 00:00:00+00:00,NO_TRADE,0.55753225,1,0.0,0
2022-10-03 00:00:00+00:00,NO_TRADE,0.76676047,0,0.0,1
2022-10-04 00:00:00+00:00,NO_TRADE,0.5708752,0,1.0,1
2022-10-05 00:00:00+00:00,NO_TRADE,0.59389144,0,1.0,1
2022-10-06 00:00:00+00:00,NO_TRADE,0.6564165,0,1.0,1
2022-10-07 00:00:00+00:00,NO_TRADE,0.51195306,0,0.0,1
2022-10-08 00:00:00+00:00,NO_TRADE,0.51368266,0,0.0,1
2022-10-09 00:00:00+00:00,LONG,0.6655813,1,0.0,0
2022-10-10 00:00:00+00:00,SHORT,0.7094703,1,0.0,0
2022-10-11 00:00:00+00:00,LONG,0.66935855,1,0.0,0
2022-10-12 00:00:00+00:00,NO_TRADE,0.56880367,1,0.0,0
2022-10-13 00:00:00+00:00,NO_TRADE,0.5669986,0,0.0,1
2022-10-14 00:00:00+00:00,LONG,0.6203024,1,0.0,0
2022-10-15 00:00:00+00:00,NO_TRADE,0.515074,1,0.0,0
2022-10-16 00:00:00+00:00,SHORT,0.6338515,1,0.0,0
2022-10-17 00:00:00+00:00,SHORT,0.7670772,1,0.0,0
2022-10-18 00:00:00+00:00,NO_TRADE,0.5342906,1,0.0,0
2022-10-19 00:00:00+00:00,NO_TRADE,0.544459,1,0.0,0
2022-10-20 00:00:00+00:00,NO_TRADE,0.5015703,1,0.0,0
2022-10-21 00:00:00+00:00,NO_TRADE,0.59216547,1,0.0,0
2022-10-22 00:00:00+00:00,NO_TRADE,0.5317283,1,0.0,0
2022-10-23 00:00:00+00:00,LONG,0.7211276,1,0.0,0
2022-10-24 00:00:00+00:00,NO_TRADE,0.5461321,1,0.0,0
2022-10-25 00:00:00+00:00,SHORT,0.68907505,1,0.0,0
2022-10-26 00:00:00+00:00,NO_TRADE,0.55585206,1,0.0,0
2022-10-27 00:00:00+00:00,LONG,0.744355,1,0.0,0
2022-10-28 00:00:00+00:00,SHORT,0.66701704,1,0.0,0
2022-10-29 00:00:00+00:00,NO_TRADE,0.5607642,1,0.0,0
2022-10-30 00:00:00+00:00,NO_TRADE,0.7334076,0,0.0,1
2022-10-31 00:00:00+00:00,NO_TRADE,0.7433849,0,0.0,1
2022-11-01 00:00:00+00:00,NO_TRADE,0.57586056,0,0.0,1
2022-11-02 00:00:00+00:00,NO_TRADE,0.53483707,0,0.0,1
2022-11-03 00:00:00+00:00,NO_TRADE,0.6192558,0,0.0,1
2022-11-04 00:00:00+00:00,NO_TRADE,0.589079,0,0.0,1
2022-11-05 00:00:00+00:00,NO_TRADE,0.6211773,0,0.0,1
2022-11-06 00:00:00+00:00,NO_TRADE,0.5732928,0,0.0,1
2022-11-07 00:00:00+00:00,NO_TRADE,0.6517124,0,0.0,1
2022-11-08 00:00:00+00:00,NO_TRADE,0.87282014,0,0.0,1
2022-11-09 00:00:00+00:00,NO_TRADE,0.6972695,0,2.0,1
2022-11-10 00:00:00+00:00,NO_TRADE,0.52799857,0,2.0,1
2022-11-11 00:00:00+00:00,NO_TRADE,0.53542554,0,2.0,1
2022-11-12 00:00:00+00:00,NO_TRADE,0.6862639,0,2.0,1
2022-11-13 00:00:00+00:00,NO_TRADE,0.5066584,0,2.0,1
2022-11-14 00:00:00+00:00,NO_TRADE,0.5686443,0,2.0,1
2022-11-15 00:00:00+00:00,NO_TRADE,0.7474037,0,2.0,1
2022-11-16 00:00:00+00:00,NO_TRADE,0.59308857,0,2.0,1
2022-11-17 00:00:00+00:00,NO_TRADE,0.5351372,0,2.0,1
2022-11-18 00:00:00+00:00,NO_TRADE,0.70476705,0,2.0,1
2022-11-19 00:00:00+00:00,NO_TRADE,0.5665283,0,2.0,1
2022-11-20 00:00:00+00:00,LONG,0.73644966,1,2.0,0
2022-11-21 00:00:00+00:00,SHORT,0.6467944,1,2.0,0
2022-11-22 00:00:00+00:00,NO_TRADE,0.57277066,1,2.0,0
2022-11-23 00:00:00+00:00,LONG,0.6187698,1,2.0,0
2022-11-24 00:00:00+00:00,NO_TRADE,0.56628376,1,2.0,0
2022-11-25 00:00:00+00:00,NO_TRADE,0.521803,1,1.0,0
2022-11-26 00:00:00+00:00,NO_TRADE,0.5584701,1,1.0,0
2022-11-27 00:00:00+00:00,LONG,0.6850417,1,1.0,0
2022-11-28 00:00:00+00:00,NO_TRADE,0.5430422,1,1.0,0
2022-11-29 00:00:00+00:00,NO_TRADE,0.57670796,1,1.0,0
2022-11-30 00:00:00+00:00,LONG,0.78124374,1,1.0,0
2022-12-01 00:00:00+00:00,NO_TRADE,0.5171418,1,1.0,0
2022-12-02 00:00:00+00:00,LONG,0.86404735,1,1.0,0
2022-12-03 00:00:00+00:00,SHORT,0.6053382,1,1.0,0
2022-12-04 00:00:00+00:00,NO_TRADE,0.5357125,1,1.0,0
2022-12-05 00:00:00+00:00,SHORT,0.7331591,1,0.0,0
2022-12-06 00:00:00+00:00,LONG,0.6497118,1,0.0,0
2022-12-07 00:00:00+00:00,NO_TRADE,0.59825325,1,0.0,0
2022-12-08 00:00:00+00:00,LONG,0.6459977,1,0.0,0
2022-12-09 00:00:00+00:00,NO_TRADE,0.554392,0,0.0,1
2022-12-10 00:00:00+00:00,NO_TRADE,0.6132159,0,0.0,1
2022-12-11 00:00:00+00:00,NO_TRADE,0.6138566,0,0.0,1
2022-12-12 00:00:00+00:00,NO_TRADE,0.5855602,0,0.0,1
2022-12-13 00:00:00+00:00,NO_TRADE,0.512787,0,0.0,1
2022-12-14 00:00:00+00:00,NO_TRADE,0.6175622,0,0.0,1
2022-12-15 00:00:00+00:00,NO_TRADE,0.6192577,0,0.0,1
2022-12-16 00:00:00+00:00,NO_TRADE,0.52461964,1,0.0,0
2022-12-17 00:00:00+00:00,LONG,0.60211396,1,1.0,0
2022-12-18 00:00:00+00:00,LONG,0.6893482,1,0.0,0
2022-12-19 00:00:00+00:00,NO_TRADE,0.50342566,0,0.0,1
2022-12-20 00:00:00+00:00,NO_TRADE,0.5700391,0,0.0,1
2022-12-21 00:00:00+00:00,NO_TRADE,0.61698306,0,0.0,1
2022-12-22 00:00:00+00:00,NO_TRADE,0.7101834,0,0.0,1
2022-12-23 00:00:00+00:00,NO_TRADE,0.5037537,0,0.0,1
2022-12-24 00:00:00+00:00,NO_TRADE,0.6050643,0,0.0,1
2022-12-25 00:00:00+00:00,NO_TRADE,0.638639,0,0.0,1
2022-12-26 00:00:00+00:00,NO_TRADE,0.57934916,1,0.0,0
2022-12-27 00:00:00+00:00,NO_TRADE,0.51364195,1,0.0,0
2022-12-28 00:00:00+00:00,LONG,0.6670765,1,0.0,0
2022-12-29 00:00:00+00:00,NO_TRADE,0.58089495,1,0.0,0
2022-12-30 00:00:00+00:00,NO_TRADE,0.5948707,1,0.0,0
2022-12-31 00:00:00+00:00,NO_TRADE,0.5764113,1,0.0,0
2023-01-01 00:00:00+00:00,LONG,0.6264737,1,0.0,0
2023-01-02 00:00:00+00:00,NO_TRADE,0.5987269,1,0.0,0
2023-01-03 00:00:00+00:00,LONG,0.7549037,1,0.0,0
2023-01-04 00:00:00+00:00,LONG,0.7615125,1,0.0,0
2023-01-05 00:00:00+00:00,LONG,0.8067966,1,0.0,0
2023-01-06 00:00:00+00:00,LONG,0.6468348,1,0.0,0
2023-01-07 00:00:00+00:00,LONG,0.82641435,1,0.0,0
2023-01-08 00:00:00+00:00,LONG,0.845091,1,0.0,0
2023-01-09 00:00:00+00:00,LONG,0.6909621,1,0.0,0
2023-01-10 00:00:00+00:00,LONG,0.6421699,1,0.0,0
2023-01-11 00:00:00+00:00,LONG,0.84744406,1,0.0,0
2023-01-12 00:00:00+00:00,NO_TRADE,0.57077324,1,0.0,0
2023-01-13 00:00:00+00:00,SHORT,0.68696654,1,0.0,0
2023-01-14 00:00:00+00:00,NO_TRADE,0.5694846,1,1.0,0
2023-01-15 00:00:00+00:00,NO_TRADE,0.56664973,1,1.0,0
2023-01-16 00:00:00+00:00,NO_TRADE,0.59518427,1,1.0,0
2023-01-17 00:00:00+00:00,NO_TRADE,0.55485713,1,1.0,0
2023-01-18 00:00:00+00:00,LONG,0.75225323,1,1.0,0
2023-01-19 00:00:00+00:00,NO_TRADE,0.5365169,1,1.0,0
2023-01-20 00:00:00+00:00,NO_TRADE,0.50745124,1,1.0,0
2023-01-21 00:00:00+00:00,LONG,0.6712726,1,2.0,0
2023-01-22 00:00:00+00:00,NO_TRADE,0.5124302,1,2.0,0
2023-01-23 00:00:00+00:00,LONG,0.6200036,1,1.0,0
2023-01-24 00:00:00+00:00,SHORT,0.6809498,1,1.0,0
2023-01-25 00:00:00+00:00,SHORT,0.70314455,1,1.0,0
2023-01-26 00:00:00+00:00,NO_TRADE,0.5865122,1,1.0,0
2023-01-27 00:00:00+00:00,NO_TRADE,0.54715264,0,1.0,1
2023-01-28 00:00:00+00:00,NO_TRADE,0.73330003,0,1.0,1
2023-01-29 00:00:00+00:00,NO_TRADE,0.7417664,0,0.0,1
2023-01-30 00:00:00+00:00,NO_TRADE,0.82510597,0,1.0,1
2023-01-31 00:00:00+00:00,NO_TRADE,0.651412,0,1.0,1
2023-02-01 00:00:00+00:00,NO_TRADE,0.5905069,0,1.0,1
2023-02-02 00:00:00+00:00,NO_TRADE,0.57452816,0,1.0,1
2023-02-03 00:00:00+00:00,NO_TRADE,0.5916659,0,1.0,1
2023-02-04 00:00:00+00:00,NO_TRADE,0.639558,0,0.0,1
2023-02-05 00:00:00+00:00,NO_TRADE,0.7497171,0,0.0,1
2023-02-06 00:00:00+00:00,NO_TRADE,0.5049479,0,0.0,1
2023-02-07 00:00:00+00:00,LONG,0.6364224,1,0.0,0
2023-02-08 00:00:00+00:00,NO_TRADE,0.553107,1,0.0,0
2023-02-09 00:00:00+00:00,NO_TRADE,0.561803,1,0.0,0
2023-02-10 00:00:00+00:00,SHORT,0.63046205,1,1.0,0
2023-02-11 00:00:00+00:00,NO_TRADE,0.58278173,1,1.0,0
2023-02-12 00:00:00+00:00,NO_TRADE,0.5359543,1,1.0,0
2023-02-13 00:00:00+00:00,NO_TRADE,0.5696734,1,0.0,0
2023-02-14 00:00:00+00:00,SHORT,0.8774463,1,0.0,0
2023-02-15 00:00:00+00:00,SHORT,0.7495208,1,0.0,0
2023-02-16 00:00:00+00:00,NO_TRADE,0.5534169,0,2.0,1
2023-02-17 00:00:00+00:00,NO_TRADE,0.5023941,0,2.0,1
2023-02-18 00:00:00+00:00,NO_TRADE,0.6755589,0,2.0,1
2023-02-19 00:00:00+00:00,NO_TRADE,0.65158945,0,2.0,1
2023-02-20 00:00:00+00:00,NO_TRADE,0.71928394,0,2.0,1
2023-02-21 00:00:00+00:00,NO_TRADE,0.6943075,0,1.0,1
2023-02-22 00:00:00+00:00,NO_TRADE,0.61542493,0,1.0,1
2023-02-23 00:00:00+00:00,NO_TRADE,0.5987646,0,1.0,1
2023-02-24 00:00:00+00:00,NO_TRADE,0.72908247,0,1.0,1
2023-02-25 00:00:00+00:00,NO_TRADE,0.60516274,0,1.0,1
2023-02-26 00:00:00+00:00,NO_TRADE,0.5455185,0,1.0,1
2023-02-27 00:00:00+00:00,NO_TRADE,0.6095442,0,1.0,1
2023-02-28 00:00:00+00:00,NO_TRADE,0.5635893,0,1.0,1
2023-03-01 00:00:00+00:00,NO_TRADE,0.6827091,0,1.0,1
2023-03-02 00:00:00+00:00,NO_TRADE,0.8550072,0,0.0,1
2023-03-03 00:00:00+00:00,NO_TRADE,0.8152482,0,0.0,1
2023-03-04 00:00:00+00:00,NO_TRADE,0.5173567,0,1.0,1
2023-03-05 00:00:00+00:00,NO_TRADE,0.50567967,0,1.0,1
2023-03-06 00:00:00+00:00,NO_TRADE,0.51941824,1,1.0,0
2023-03-07 00:00:00+00:00,NO_TRADE,0.56031334,1,0.0,0
2023-03-08 00:00:00+00:00,LONG,0.7771829,1,0.0,0
2023-03-09 00:00:00+00:00,NO_TRADE,0.5829727,1,0.0,0
2023-03-10 00:00:00+00:00,LONG,0.9623448,1,1.0,0
2023-03-11 00:00:00+00:00,LONG,0.8686357,1,1.0,0
2023-03-12 00:00:00+00:00,NO_TRADE,0.5743687,1,1.0,0
2023-03-13 00:00:00+00:00,LONG,0.8515737,1,2.0,0
2023-03-14 00:00:00+00:00,LONG,0.68188226,1,2.0,0
2023-03-15 00:00:00+00:00,LONG,0.7836265,1,2.0,0
2023-03-16 00:00:00+00:00,SHORT,0.9001554,1,2.0,0
2023-03-17 00:00:00+00:00,SHORT,0.73714566,1,2.0,0
2023-03-18 00:00:00+00:00,SHORT,0.68066084,1,2.0,0
2023-03-19 00:00:00+00:00,LONG,0.61297446,1,2.0,0
2023-03-20 00:00:00+00:00,NO_TRADE,0.553809,0,2.0,1
2023-03-21 00:00:00+00:00,NO_TRADE,0.6793425,0,2.0,1
2023-03-22 00:00:00+00:00,LONG,0.7430625,1,2.0,0
2023-03-23 00:00:00+00:00,NO_TRADE,0.53012294,1,2.0,0
2023-03-24 00:00:00+00:00,SHORT,0.73918784,1,2.0,0
2023-03-25 00:00:00+00:00,NO_TRADE,0.51549363,1,2.0,0
2023-03-26 00:00:00+00:00,LONG,0.66978526,1,2.0,0
2023-03-27 00:00:00+00:00,SHORT,0.70886314,1,2.0,0
2023-03-28 00:00:00+00:00,SHORT,0.7079196,1,2.0,0
2023-03-29 00:00:00+00:00,NO_TRADE,0.5790516,0,1.0,1
2023-03-30 00:00:00+00:00,NO_TRADE,0.52802706,0,1.0,1
2023-03-31 00:00:00+00:00,NO_TRADE,0.55666,0,1.0,1
2023-04-01 00:00:00+00:00,NO_TRADE,0.58794165,1,1.0,0
2023-04-02 00:00:00+00:00,LONG,0.6065414,1,1.0,0
2023-04-03 00:00:00+00:00,SHORT,0.8337324,1,1.0,0
2023-04-04 00:00:00+00:00,LONG,0.6965202,1,1.0,0
2023-04-05 00:00:00+00:00,LONG,0.70869803,1,1.0,0
2023-04-06 00:00:00+00:00,LONG,0.70033145,1,0.0,0
2023-04-07 00:00:00+00:00,LONG,0.78435796,1,0.0,0
2023-04-08 00:00:00+00:00,SHORT,0.7934916,1,0.0,0
2023-04-09 00:00:00+00:00,SHORT,0.81310976,1,0.0,0
2023-04-10 00:00:00+00:00,NO_TRADE,0.5408788,0,0.0,1
2023-04-11 00:00:00+00:00,NO_TRADE,0.59401006,0,1.0,1
2023-04-12 00:00:00+00:00,NO_TRADE,0.6538932,0,1.0,1
2023-04-13 00:00:00+00:00,NO_TRADE,0.662551,0,0.0,1
2023-04-14 00:00:00+00:00,NO_TRADE,0.60766786,0,0.0,1
2023-04-15 00:00:00+00:00,NO_TRADE,0.6928556,0,0.0,1
2023-04-16 00:00:00+00:00,NO_TRADE,0.53327733,0,0.0,1
2023-04-17 00:00:00+00:00,NO_TRADE,0.52412224,0,0.0,1
2023-04-18 00:00:00+00:00,NO_TRADE,0.8246509,0,0.0,1
2023-04-19 00:00:00+00:00,NO_TRADE,0.6776393,0,0.0,1
2023-04-20 00:00:00+00:00,LONG,0.7979694,1,1.0,0
2023-04-21 00:00:00+00:00,NO_TRADE,0.50035363,1,1.0,0
2023-04-22 00:00:00+00:00,LONG,0.6945356,1,1.0,0
2023-04-23 00:00:00+00:00,LONG,0.6033149,1,1.0,0
2023-04-24 00:00:00+00:00,NO_TRADE,0.52736807,1,1.0,0
2023-04-25 00:00:00+00:00,NO_TRADE,0.5017419,0,1.0,1
2023-04-26 00:00:00+00:00,NO_TRADE,0.5327296,0,1.0,1
2023-04-27 00:00:00+00:00,NO_TRADE,0.61880285,0,1.0,1
2023-04-28 00:00:00+00:00,NO_TRADE,0.5401583,0,1.0,1
2023-04-29 00:00:00+00:00,NO_TRADE,0.5187656,0,1.0,1
2023-04-30 00:00:00+00:00,NO_TRADE,0.77944255,0,0.0,1
2023-05-01 00:00:00+00:00,NO_TRADE,0.7149925,0,0.0,1
2023-05-02 00:00:00+00:00,NO_TRADE,0.640483,0,1.0,1
2023-05-03 00:00:00+00:00,NO_TRADE,0.51756585,0,1.0,1
2023-05-04 00:00:00+00:00,NO_TRADE,0.7672015,0,1.0,1
2023-05-05 00:00:00+00:00,NO_TRADE,0.6299539,0,0.0,1
2023-05-06 00:00:00+00:00,NO_TRADE,0.52028346,0,0.0,1
2023-05-07 00:00:00+00:00,NO_TRADE,0.63517714,0,0.0,1
2023-05-08 00:00:00+00:00,NO_TRADE,0.5879915,0,0.0,1
2023-05-09 00:00:00+00:00,NO_TRADE,0.5447447,0,0.0,1
2023-05-10 00:00:00+00:00,NO_TRADE,0.61666864,0,0.0,1
2023-05-11 00:00:00+00:00,NO_TRADE,0.5572994,0,0.0,1
2023-05-12 00:00:00+00:00,NO_TRADE,0.5410199,0,0.0,1
2023-05-13 00:00:00+00:00,NO_TRADE,0.50233084,0,0.0,1
2023-05-14 00:00:00+00:00,NO_TRADE,0.65413785,0,0.0,1
2023-05-15 00:00:00+00:00,NO_TRADE,0.75972056,0,0.0,1
2023-05-16 00:00:00+00:00,NO_TRADE,0.6148336,0,0.0,1
2023-05-17 00:00:00+00:00,NO_TRADE,0.7496692,0,0.0,1
2023-05-18 00:00:00+00:00,NO_TRADE,0.5447447,0,0.0,1
2023-05-19 00:00:00+00:00,NO_TRADE,0.59249926,1,0.0,0
2023-05-20 00:00:00+00:00,LONG,0.67305684,1,0.0,0
2023-05-21 00:00:00+00:00,NO_TRADE,0.5133959,1,0.0,0
2023-05-22 00:00:00+00:00,LONG,0.6610938,1,0.0,0
2023-05-23 00:00:00+00:00,SHORT,0.6759857,1,0.0,0
2023-05-24 00:00:00+00:00,NO_TRADE,0.58921975,1,0.0,0
2023-05-25 00:00:00+00:00,LONG,0.73243964,1,0.0,0
2023-05-26 00:00:00+00:00,SHORT,0.6203936,1,0.0,0
2023-05-27 00:00:00+00:00,NO_TRADE,0.6652905,0,0.0,1
2023-05-28 00:00:00+00:00,NO_TRADE,0.6510054,0,0.0,1
2023-05-29 00:00:00+00:00,NO_TRADE,0.6583374,0,0.0,1
2023-05-30 00:00:00+00:00,NO_TRADE,0.56540346,0,0.0,1
2023-05-31 00:00:00+00:00,NO_TRADE,0.71962667,0,0.0,1
2023-06-01 00:00:00+00:00,NO_TRADE,0.58701324,0,0.0,1
2023-06-02 00:00:00+00:00,NO_TRADE,0.6406665,0,0.0,1
2023-06-03 00:00:00+00:00,NO_TRADE,0.51052517,0,0.0,1
2023-06-04 00:00:00+00:00,NO_TRADE,0.54009503,0,0.0,1
2023-06-05 00:00:00+00:00,NO_TRADE,0.574041,0,0.0,1
2023-06-06 00:00:00+00:00,NO_TRADE,0.72584355,0,1.0,1
2023-06-07 00:00:00+00:00,NO_TRADE,0.5525962,0,1.0,1
2023-06-08 00:00:00+00:00,NO_TRADE,0.6745922,0,1.0,1
2023-06-09 00:00:00+00:00,NO_TRADE,0.67832065,0,1.0,1
2023-06-10 00:00:00+00:00,NO_TRADE,0.5392877,1,1.0,0
2023-06-11 00:00:00+00:00,NO_TRADE,0.5033841,1,1.0,0
2023-06-12 00:00:00+00:00,NO_TRADE,0.53092396,1,1.0,0
2023-06-13 00:00:00+00:00,LONG,0.6110609,1,1.0,0
2023-06-14 00:00:00+00:00,NO_TRADE,0.5345931,1,0.0,0
2023-06-15 00:00:00+00:00,LONG,0.6205237,1,1.0,0
2023-06-16 00:00:00+00:00,NO_TRADE,0.55269873,1,1.0,0
2023-06-17 00:00:00+00:00,LONG,0.780896,1,1.0,0
2023-06-18 00:00:00+00:00,LONG,0.78171754,1,0.0,0
2023-06-19 00:00:00+00:00,LONG,0.6390366,1,0.0,0
2023-06-20 00:00:00+00:00,NO_TRADE,0.52749944,1,0.0,0
2023-06-21 00:00:00+00:00,LONG,0.6513023,1,1.0,0
2023-06-22 00:00:00+00:00,NO_TRADE,0.53777087,1,1.0,0
2023-06-23 00:00:00+00:00,NO_TRADE,0.62410474,0,1.0,1
2023-06-24 00:00:00+00:00,NO_TRADE,0.5680629,0,1.0,1
2023-06-25 00:00:00+00:00,NO_TRADE,0.5806588,1,1.0,0
2023-06-26 00:00:00+00:00,LONG,0.69010055,1,1.0,0
2023-06-27 00:00:00+00:00,NO_TRADE,0.55688715,1,1.0,0
2023-06-28 00:00:00+00:00,SHORT,0.6178068,1,1.0,0
2023-06-29 00:00:00+00:00,NO_TRADE,0.59611094,1,1.0,0
2023-06-30 00:00:00+00:00,NO_TRADE,0.5249973,1,0.0,0
2023-07-01 00:00:00+00:00,LONG,0.6336317,1,0.0,0
2023-07-02 00:00:00+00:00,NO_TRADE,0.632933,0,0.0,1
2023-07-03 00:00:00+00:00,NO_TRADE,0.52565455,0,0.0,1
2023-07-04 00:00:00+00:00,NO_TRADE,0.7691171,0,0.0,1
2023-07-05 00:00:00+00:00,NO_TRADE,0.50374836,1,0.0,0
2023-07-06 00:00:00+00:00,LONG,0.68548334,1,0.0,0
2023-07-07 00:00:00+00:00,LONG,0.68949723,1,0.0,0
2023-07-08 00:00:00+00:00,NO_TRADE,0.54841506,1,0.0,0
2023-07-09 00:00:00+00:00,NO_TRADE,0.6915891,0,0.0,1
2023-07-10 00:00:00+00:00,NO_TRADE,0.5245391,0,0.0,1
2023-07-11 00:00:00+00:00,NO_TRADE,0.6391658,0,0.0,1
2023-07-12 00:00:00+00:00,NO_TRADE,0.6348467,0,0.0,1
2023-07-13 00:00:00+00:00,NO_TRADE,0.6279205,0,0.0,1
2023-07-14 00:00:00+00:00,NO_TRADE,0.5547199,0,0.0,1
2023-07-15 00:00:00+00:00,NO_TRADE,0.58620083,0,0.0,1
2023-07-16 00:00:00+00:00,NO_TRADE,0.78801036,0,0.0,1
2023-07-17 00:00:00+00:00,NO_TRADE,0.51195306,0,0.0,1
2023-07-18 00:00:00+00:00,NO_TRADE,0.59893775,0,0.0,1
2023-07-19 00:00:00+00:00,NO_TRADE,0.5445188,0,0.0,1
2023-07-20 00:00:00+00:00,NO_TRADE,0.555166,0,0.0,1
2023-07-21 00:00:00+00:00,NO_TRADE,0.76139814,0,0.0,1
2023-07-22 00:00:00+00:00,NO_TRADE,0.5642668,0,0.0,1
2023-07-23 00:00:00+00:00,NO_TRADE,0.5369233,0,0.0,1
2023-07-24 00:00:00+00:00,NO_TRADE,0.61036974,0,0.0,1
2023-07-25 00:00:00+00:00,NO_TRADE,0.62239045,0,0.0,1
2023-07-26 00:00:00+00:00,NO_TRADE,0.5241209,0,0.0,1
2023-07-27 00:00:00+00:00,NO_TRADE,0.50626886,0,0.0,1
2023-07-28 00:00:00+00:00,NO_TRADE,0.5792989,0,0.0,1
2023-07-29 00:00:00+00:00,NO_TRADE,0.7172469,0,0.0,1
2023-07-30 00:00:00+00:00,NO_TRADE,0.53276634,0,0.0,1
2023-07-31 00:00:00+00:00,NO_TRADE,0.7846527,0,0.0,1
2023-08-01 00:00:00+00:00,NO_TRADE,0.5485188,0,0.0,1
2023-08-02 00:00:00+00:00,NO_TRADE,0.51047754,0,0.0,1
2023-08-03 00:00:00+00:00,NO_TRADE,0.7370243,0,0.0,1
2023-08-04 00:00:00+00:00,SHORT,0.6082625,1,0.0,0
2023-08-05 00:00:00+00:00,NO_TRADE,0.54355234,1,0.0,0
2023-08-06 00:00:00+00:00,SHORT,0.7668377,1,0.0,0
2023-08-07 00:00:00+00:00,NO_TRADE,0.67352724,0,0.0,1
2023-08-08 00:00:00+00:00,NO_TRADE,0.71382326,0,0.0,1
2023-08-09 00:00:00+00:00,NO_TRADE,0.71552086,0,0.0,1
2023-08-10 00:00:00+00:00,NO_TRADE,0.50148785,0,0.0,1
2023-08-11 00:00:00+00:00,NO_TRADE,0.6586169,0,0.0,1
2023-08-12 00:00:00+00:00,NO_TRADE,0.522555,0,0.0,1
2023-08-13 00:00:00+00:00,NO_TRADE,0.5148478,0,0.0,1
2023-08-14 00:00:00+00:00,NO_TRADE,0.6527734,0,0.0,1
2023-08-15 00:00:00+00:00,NO_TRADE,0.56073016,0,0.0,1
2023-08-16 00:00:00+00:00,NO_TRADE,0.80714655,0,0.0,1
2023-08-17 00:00:00+00:00,NO_TRADE,0.6184452,0,0.0,1
2023-08-18 00:00:00+00:00,NO_TRADE,0.75826216,0,1.0,1
2023-08-19 00:00:00+00:00,NO_TRADE,0.70456886,0,1.0,1
2023-08-20 00:00:00+00:00,SHORT,0.77932787,1,1.0,0
2023-08-21 00:00:00+00:00,SHORT,0.7396251,1,1.0,0
2023-08-22 00:00:00+00:00,NO_TRADE,0.5612934,1,1.0,0
2023-08-23 00:00:00+00:00,NO_TRADE,0.5147395,1,0.0,0
2023-08-24 00:00:00+00:00,NO_TRADE,0.58642554,1,0.0,0
2023-08-25 00:00:00+00:00,LONG,0.62214893,1,0.0,0
2023-08-26 00:00:00+00:00,NO_TRADE,0.5991648,1,0.0,0
2023-08-27 00:00:00+00:00,NO_TRADE,0.5787597,0,0.0,1
2023-08-28 00:00:00+00:00,NO_TRADE,0.7306704,0,0.0,1
2023-08-29 00:00:00+00:00,NO_TRADE,0.5106312,0,0.0,1
2023-08-30 00:00:00+00:00,NO_TRADE,0.81677824,0,1.0,1
2023-08-31 00:00:00+00:00,NO_TRADE,0.7023491,0,1.0,1
2023-09-01 00:00:00+00:00,NO_TRADE,0.7061358,0,1.0,1
2023-09-02 00:00:00+00:00,NO_TRADE,0.61072683,0,1.0,1
2023-09-03 00:00:00+00:00,NO_TRADE,0.5653558,0,1.0,1
2023-09-04 00:00:00+00:00,NO_TRADE,0.5529802,0,1.0,1
2023-09-05 00:00:00+00:00,NO_TRADE,0.5761033,0,1.0,1
2023-09-06 00:00:00+00:00,NO_TRADE,0.6979979,0,0.0,1
2023-09-07 00:00:00+00:00,SHORT,0.7663686,1,0.0,0
2023-09-08 00:00:00+00:00,SHORT,0.7866246,1,0.0,0
2023-09-09 00:00:00+00:00,NO_TRADE,0.548771,1,0.0,0
2023-09-10 00:00:00+00:00,NO_TRADE,0.58999467,1,0.0,0
2023-09-11 00:00:00+00:00,LONG,0.60419756,1,0.0,0
2023-09-12 00:00:00+00:00,LONG,0.9200006,1,0.0,0
2023-09-13 00:00:00+00:00,NO_TRADE,0.55836266,1,0.0,0
2023-09-14 00:00:00+00:00,LONG,0.6173792,1,0.0,0
2023-09-15 00:00:00+00:00,NO_TRADE,0.5410205,1,0.0,0
2023-09-16 00:00:00+00:00,NO_TRADE,0.55973834,0,0.0,1
2023-09-17 00:00:00+00:00,NO_TRADE,0.51877844,0,0.0,1
2023-09-18 00:00:00+00:00,NO_TRADE,0.56672513,0,0.0,1
2023-09-19 00:00:00+00:00,SHORT,0.71434176,1,0.0,0
2023-09-20 00:00:00+00:00,NO_TRADE,0.50674987,1,0.0,0
2023-09-21 00:00:00+00:00,LONG,0.71083903,1,0.0,0
2023-09-22 00:00:00+00:00,SHORT,0.60930765,1,0.0,0
2023-09-23 00:00:00+00:00,LONG,0.69128865,1,0.0,0
2023-09-24 00:00:00+00:00,LONG,0.7818365,1,0.0,0
2023-09-25 00:00:00+00:00,NO_TRADE,0.5260637,1,0.0,0
2023-09-26 00:00:00+00:00,NO_TRADE,0.5547492,1,0.0,0
2023-09-27 00:00:00+00:00,LONG,0.70491034,1,0.0,0
2023-09-28 00:00:00+00:00,LONG,0.7378195,1,0.0,0
2023-09-29 00:00:00+00:00,LONG,0.67371815,1,0.0,0
2023-09-30 00:00:00+00:00,NO_TRADE,0.5806563,1,0.0,0
2023-10-01 00:00:00+00:00,NO_TRADE,0.5565752,1,0.0,0
2023-10-02 00:00:00+00:00,NO_TRADE,0.5264658,1,0.0,0
2023-10-03 00:00:00+00:00,NO_TRADE,0.53636,0,0.0,1
2023-10-04 00:00:00+00:00,NO_TRADE,0.589576,0,0.0,1
2023-10-05 00:00:00+00:00,NO_TRADE,0.5578378,0,0.0,1
2023-10-06 00:00:00+00:00,NO_TRADE,0.57106674,0,0.0,1
2023-10-07 00:00:00+00:00,NO_TRADE,0.5192912,0,0.0,1
2023-10-08 00:00:00+00:00,NO_TRADE,0.517652,1,0.0,0
2023-10-09 00:00:00+00:00,SHORT,0.6210025,1,0.0,0
2023-10-10 00:00:00+00:00,NO_TRADE,0.5350706,1,0.0,0
2023-10-11 00:00:00+00:00,LONG,0.7052177,1,0.0,0
2023-10-12 00:00:00+00:00,NO_TRADE,0.52480614,1,0.0,0
2023-10-13 00:00:00+00:00,LONG,0.7295913,1,0.0,0
2023-10-14 00:00:00+00:00,LONG,0.7620144,1,0.0,0
2023-10-15 00:00:00+00:00,LONG,0.6337827,1,0.0,0
2023-10-16 00:00:00+00:00,LONG,0.6896968,1,0.0,0
2023-10-17 00:00:00+00:00,LONG,0.7106379,1,0.0,0
2023-10-18 00:00:00+00:00,LONG,0.80300915,1,0.0,0
2023-10-19 00:00:00+00:00,LONG,0.7131483,1,0.0,0
2023-10-20 00:00:00+00:00,LONG,0.7378312,1,0.0,0
2023-10-21 00:00:00+00:00,LONG,0.69725686,1,0.0,0
2023-10-22 00:00:00+00:00,LONG,0.76128477,1,0.0,0
2023-10-23 00:00:00+00:00,LONG,0.6773598,1,0.0,0
2023-10-24 00:00:00+00:00,SHORT,0.77556014,1,2.0,0
2023-10-25 00:00:00+00:00,NO_TRADE,0.5163743,1,2.0,0
2023-10-26 00:00:00+00:00,NO_TRADE,0.59755707,1,2.0,0
2023-10-27 00:00:00+00:00,SHORT,0.67783844,1,2.0,0
2023-10-28 00:00:00+00:00,SHORT,0.85042006,1,1.0,0
2023-10-29 00:00:00+00:00,NO_TRADE,0.59806716,1,1.0,0
2023-10-30 00:00:00+00:00,SHORT,0.73413265,1,1.0,0
2023-10-31 00:00:00+00:00,LONG,0.68414474,1,1.0,0
2023-11-01 00:00:00+00:00,NO_TRADE,0.5533756,1,1.0,0
2023-11-02 00:00:00+00:00,SHORT,0.6030294,1,1.0,0
2023-11-03 00:00:00+00:00,SHORT,0.652777,1,1.0,0
2023-11-04 00:00:00+00:00,SHORT,0.734144,1,0.0,0
2023-11-05 00:00:00+00:00,NO_TRADE,0.589275,1,0.0,0
2023-11-06 00:00:00+00:00,NO_TRADE,0.5712374,1,0.0,0
2023-11-07 00:00:00+00:00,NO_TRADE,0.50904,1,0.0,0
2023-11-08 00:00:00+00:00,NO_TRADE,0.5020498,1,0.0,0
2023-11-09 00:00:00+00:00,SHORT,0.71689177,1,0.0,0
2023-11-10 00:00:00+00:00,NO_TRADE,0.61699045,0,0.0,1
2023-11-11 00:00:00+00:00,NO_TRADE,0.5139322,0,0.0,1
2023-11-12 00:00:00+00:00,NO_TRADE,0.84809077,0,0.0,1
2023-11-13 00:00:00+00:00,NO_TRADE,0.8090739,0,0.0,1
2023-11-14 00:00:00+00:00,NO_TRADE,0.64649504,0,0.0,1
2023-11-15 00:00:00+00:00,LONG,0.61331505,1,0.0,0
2023-11-16 00:00:00+00:00,SHORT,0.66773194,1,1.0,0
2023-11-17 00:00:00+00:00,SHORT,0.6269636,1,1.0,0
2023-11-18 00:00:00+00:00,SHORT,0.63008237,1,1.0,0
2023-11-19 00:00:00+00:00,LONG,0.7470646,1,1.0,0
2023-11-20 00:00:00+00:00,LONG,0.733012,1,1.0,0
2023-11-21 00:00:00+00:00,SHORT,0.6788595,1,1.0,0
2023-11-22 00:00:00+00:00,SHORT,0.6724297,1,1.0,0
2023-11-23 00:00:00+00:00,SHORT,0.8279085,1,1.0,0
2023-11-24 00:00:00+00:00,NO_TRADE,0.5989766,1,1.0,0
2023-11-25 00:00:00+00:00,NO_TRADE,0.50451577,1,1.0,0
2023-11-26 00:00:00+00:00,NO_TRADE,0.5901545,1,1.0,0
2023-11-27 00:00:00+00:00,LONG,0.8926724,1,1.0,0
2023-11-28 00:00:00+00:00,LONG,0.6300578,1,1.0,0
2023-11-29 00:00:00+00:00,LONG,0.64328736,1,0.0,0
2023-11-30 00:00:00+00:00,LONG,0.7269991,1,0.0,0
2023-12-01 00:00:00+00:00,LONG,0.79100955,1,0.0,0
2023-12-02 00:00:00+00:00,LONG,0.91210335,1,0.0,0
2023-12-03 00:00:00+00:00,LONG,0.7154338,1,0.0,0
2023-12-04 00:00:00+00:00,NO_TRADE,0.54599285,1,0.0,0
2023-12-05 00:00:00+00:00,NO_TRADE,0.56159097,0,1.0,1
2023-12-06 00:00:00+00:00,NO_TRADE,0.56136256,0,1.0,1
2023-12-07 00:00:00+00:00,NO_TRADE,0.5247261,0,1.0,1
2023-12-08 00:00:00+00:00,NO_TRADE,0.5538743,0,1.0,1
2023-12-09 00:00:00+00:00,NO_TRADE,0.6252187,0,1.0,1
2023-12-10 00:00:00+00:00,NO_TRADE,0.6757557,0,1.0,1
2023-12-11 00:00:00+00:00,NO_TRADE,0.5465113,0,0.0,1
2023-12-12 00:00:00+00:00,NO_TRADE,0.5297204,1,1.0,0
2023-12-13 00:00:00+00:00,SHORT,0.8053678,1,1.0,0
2023-12-14 00:00:00+00:00,LONG,0.7595186,1,1.0,0
2023-12-15 00:00:00+00:00,NO_TRADE,0.59565973,1,1.0,0
2023-12-16 00:00:00+00:00,SHORT,0.6721166,1,1.0,0
2023-12-17 00:00:00+00:00,NO_TRADE,0.5539953,1,1.0,0
2023-12-18 00:00:00+00:00,NO_TRADE,0.8075925,0,1.0,1
2023-12-19 00:00:00+00:00,NO_TRADE,0.69070506,0,1.0,1
2023-12-20 00:00:00+00:00,NO_TRADE,0.52658963,0,1.0,1
2023-12-21 00:00:00+00:00,NO_TRADE,0.7370243,0,1.0,1
2023-12-22 00:00:00+00:00,NO_TRADE,0.8379105,0,1.0,1
2023-12-23 00:00:00+00:00,NO_TRADE,0.521307,0,0.0,1
2023-12-24 00:00:00+00:00,NO_TRADE,0.55703014,0,0.0,1
2023-12-25 00:00:00+00:00,NO_TRADE,0.57447255,1,0.0,0
2023-12-26 00:00:00+00:00,NO_TRADE,0.55367374,1,0.0,0
2023-12-27 00:00:00+00:00,LONG,0.60071456,1,0.0,0
2023-12-28 00:00:00+00:00,LONG,0.6959707,1,0.0,0
2023-12-29 00:00:00+00:00,NO_TRADE,0.59393847,1,0.0,0
2023-12-30 00:00:00+00:00,SHORT,0.62604386,1,0.0,0
2023-12-31 00:00:00+00:00,LONG,0.6289566,1,0.0,0
2024-01-01 00:00:00+00:00,LONG,0.7493934,1,0.0,0
2024-01-02 00:00:00+00:00,LONG,0.84212303,1,1.0,0
2024-01-03 00:00:00+00:00,NO_TRADE,0.576908,1,0.0,0
2024-01-04 00:00:00+00:00,LONG,0.6556483,1,1.0,0
2024-01-05 00:00:00+00:00,NO_TRADE,0.7086128,0,1.0,1
2024-01-06 00:00:00+00:00,NO_TRADE,0.64890325,0,1.0,1
2024-01-07 00:00:00+00:00,NO_TRADE,0.6332124,0,1.0,1
2024-01-08 00:00:00+00:00,NO_TRADE,0.52101856,0,0.0,1
2024-01-09 00:00:00+00:00,NO_TRADE,0.6023694,0,1.0,1
2024-01-10 00:00:00+00:00,NO_TRADE,0.5911963,0,1.0,1
2024-01-11 00:00:00+00:00,NO_TRADE,0.77128965,0,1.0,1
2024-01-12 00:00:00+00:00,NO_TRADE,0.65645224,0,1.0,1
2024-01-13 00:00:00+00:00,NO_TRADE,0.59813225,0,2.0,1
2024-01-14 00:00:00+00:00,NO_TRADE,0.66672117,0,2.0,1
2024-01-15 00:00:00+00:00,NO_TRADE,0.74187535,0,2.0,1
2024-01-16 00:00:00+00:00,NO_TRADE,0.6777619,0,2.0,1
2024-01-17 00:00:00+00:00,NO_TRADE,0.8246509,0,1.0,1
2024-01-18 00:00:00+00:00,NO_TRADE,0.7067226,0,1.0,1
2024-01-19 00:00:00+00:00,NO_TRADE,0.74203956,0,1.0,1
2024-01-20 00:00:00+00:00,LONG,0.7464223,1,1.0,0
2024-01-21 00:00:00+00:00,SHORT,0.64830256,1,1.0,0
2024-01-22 00:00:00+00:00,NO_TRADE,0.52786183,1,1.0,0
2024-01-23 00:00:00+00:00,SHORT,0.6637289,1,1.0,0
2024-01-24 00:00:00+00:00,LONG,0.75834894,1,1.0,0
2024-01-25 00:00:00+00:00,SHORT,0.6793648,1,1.0,0
2024-01-26 00:00:00+00:00,SHORT,0.637849,1,1.0,0
2024-01-27 00:00:00+00:00,SHORT,0.75885344,1,1.0,0
2024-01-28 00:00:00+00:00,NO_TRADE,0.5564849,1,1.0,0
2024-01-29 00:00:00+00:00,LONG,0.615761,1,1.0,0
2024-01-30 00:00:00+00:00,NO_TRADE,0.54409987,1,1.0,0
2024-01-31 00:00:00+00:00,NO_TRADE,0.56744415,1,1.0,0
2024-02-01 00:00:00+00:00,LONG,0.620955,1,0.0,0
2024-02-02 00:00:00+00:00,SHORT,0.7069892,1,0.0,0
2024-02-03 00:00:00+00:00,NO_TRADE,0.54162884,1,0.0,0
2024-02-04 00:00:00+00:00,NO_TRADE,0.53428733,1,0.0,0
2024-02-05 00:00:00+00:00,LONG,0.8935223,1,0.0,0
2024-02-06 00:00:00+00:00,LONG,0.9026968,1,0.0,0
2024-02-07 00:00:00+00:00,NO_TRADE,0.53792334,1,0.0,0
2024-02-08 00:00:00+00:00,LONG,0.6393476,1,0.0,0
2024-02-09 00:00:00+00:00,LONG,0.63628024,1,0.0,0
2024-02-10 00:00:00+00:00,LONG,0.84242374,1,1.0,0
2024-02-11 00:00:00+00:00,NO_TRADE,0.5834193,1,0.0,0
2024-02-12 00:00:00+00:00,SHORT,0.66412646,1,0.0,0
2024-02-13 00:00:00+00:00,NO_TRADE,0.55766296,1,1.0,0
2024-02-14 00:00:00+00:00,NO_TRADE,0.530851,1,0.0,0
2024-02-15 00:00:00+00:00,LONG,0.7407193,1,1.0,0
2024-02-16 00:00:00+00:00,SHORT,0.63089097,1,1.0,0
2024-02-17 00:00:00+00:00,NO_TRADE,0.5350058,1,0.0,0
2024-02-18 00:00:00+00:00,SHORT,0.6339344,1,0.0,0
2024-02-19 00:00:00+00:00,NO_TRADE,0.5187808,1,0.0,0
2024-02-20 00:00:00+00:00,NO_TRADE,0.5482057,1,0.0,0
2024-02-21 00:00:00+00:00,NO_TRADE,0.5044198,1,0.0,0
2024-02-22 00:00:00+00:00,LONG,0.65176016,1,0.0,0
2024-02-23 00:00:00+00:00,NO_TRADE,0.5859658,1,0.0,0
2024-02-24 00:00:00+00:00,LONG,0.70350266,1,0.0,0
2024-02-25 00:00:00+00:00,NO_TRADE,0.5658319,1,0.0,0
2024-02-26 00:00:00+00:00,LONG,0.61249834,1,0.0,0
2024-02-27 00:00:00+00:00,NO_TRADE,0.5147191,1,1.0,0
2024-02-28 00:00:00+00:00,LONG,0.6270147,1,1.0,0
2024-02-29 00:00:00+00:00,LONG,0.71536946,1,2.0,0
2024-03-01 00:00:00+00:00,NO_TRADE,0.5980384,1,2.0,0
2024-03-02 00:00:00+00:00,NO_TRADE,0.51536405,1,2.0,0
2024-03-03 00:00:00+00:00,NO_TRADE,0.5358608,1,2.0,0
2024-03-04 00:00:00+00:00,LONG,0.6710582,1,2.0,0
2024-03-05 00:00:00+00:00,NO_TRADE,0.58815056,1,2.0,0
2024-03-06 00:00:00+00:00,NO_TRADE,0.59925467,1,2.0,0
2024-03-07 00:00:00+00:00,LONG,0.6762543,1,2.0,0
2024-03-08 00:00:00+00:00,NO_TRADE,0.58302355,1,2.0,0
2024-03-09 00:00:00+00:00,NO_TRADE,0.5615927,1,2.0,0
2024-03-10 00:00:00+00:00,NO_TRADE,0.8206867,0,2.0,1
2024-03-11 00:00:00+00:00,NO_TRADE,0.5146679,0,2.0,1
2024-03-12 00:00:00+00:00,NO_TRADE,0.5193902,0,2.0,1
2024-03-13 00:00:00+00:00,NO_TRADE,0.6504565,0,2.0,1
2024-03-14 00:00:00+00:00,NO_TRADE,0.52985364,0,1.0,1
2024-03-15 00:00:00+00:00,NO_TRADE,0.5848998,0,1.0,1
2024-03-16 00:00:00+00:00,NO_TRADE,0.7613324,0,1.0,1
2024-03-17 00:00:00+00:00,NO_TRADE,0.5233259,0,2.0,1
2024-03-18 00:00:00+00:00,LONG,0.731566,1,2.0,0
2024-03-19 00:00:00+00:00,NO_TRADE,0.59246886,1,2.0,0
2024-03-20 00:00:00+00:00,NO_TRADE,0.5900384,1,2.0,0
2024-03-21 00:00:00+00:00,LONG,0.7105544,1,2.0,0
2024-03-22 00:00:00+00:00,NO_TRADE,0.5348949,1,2.0,0
2024-03-23 00:00:00+00:00,LONG,0.76226574,1,2.0,0
2024-03-24 00:00:00+00:00,LONG,0.6163457,1,2.0,0
2024-03-25 00:00:00+00:00,LONG,0.755883,1,2.0,0
2024-03-26 00:00:00+00:00,NO_TRADE,0.6736158,0,2.0,1
2024-03-27 00:00:00+00:00,NO_TRADE,0.7708676,0,2.0,1
2024-03-28 00:00:00+00:00,NO_TRADE,0.5689232,0,2.0,1
2024-03-29 00:00:00+00:00,NO_TRADE,0.5446665,0,2.0,1
2024-03-30 00:00:00+00:00,SHORT,0.7993424,1,2.0,0
2024-03-31 00:00:00+00:00,LONG,0.70803887,1,2.0,0
2024-04-01 00:00:00+00:00,SHORT,0.75557685,1,1.0,0
2024-04-02 00:00:00+00:00,NO_TRADE,0.59323394,1,1.0,0
2024-04-03 00:00:00+00:00,NO_TRADE,0.5609563,1,2.0,0
2024-04-04 00:00:00+00:00,NO_TRADE,0.5276155,1,2.0,0
2024-04-05 00:00:00+00:00,NO_TRADE,0.5129139,1,2.0,0
2024-04-06 00:00:00+00:00,NO_TRADE,0.65945864,0,1.0,1
2024-04-07 00:00:00+00:00,NO_TRADE,0.6074094,0,1.0,1
2024-04-08 00:00:00+00:00,NO_TRADE,0.62314284,0,1.0,1
2024-04-09 00:00:00+00:00,NO_TRADE,0.6654632,0,1.0,1
2024-04-10 00:00:00+00:00,NO_TRADE,0.6007645,0,1.0,1
2024-04-11 00:00:00+00:00,NO_TRADE,0.68358624,0,1.0,1
2024-04-12 00:00:00+00:00,SHORT,0.75041866,1,1.0,0
2024-04-13 00:00:00+00:00,NO_TRADE,0.5187503,1,1.0,0
2024-04-14 00:00:00+00:00,LONG,0.7771878,1,1.0,0
2024-04-15 00:00:00+00:00,LONG,0.73839426,1,1.0,0
2024-04-16 00:00:00+00:00,LONG,0.7314001,1,1.0,0
2024-04-17 00:00:00+00:00,LONG,0.62713563,1,1.0,0
2024-04-18 00:00:00+00:00,NO_TRADE,0.5004693,0,1.0,1
2024-04-19 00:00:00+00:00,NO_TRADE,0.7315783,0,1.0,1
2024-04-20 00:00:00+00:00,NO_TRADE,0.76692504,0,1.0,1
2024-04-21 00:00:00+00:00,NO_TRADE,0.74586785,0,1.0,1
2024-04-22 00:00:00+00:00,NO_TRADE,0.66075325,0,1.0,1
2024-04-23 00:00:00+00:00,NO_TRADE,0.5881072,0,1.0,1
2024-04-24 00:00:00+00:00,NO_TRADE,0.71012414,0,1.0,1
2024-04-25 00:00:00+00:00,NO_TRADE,0.5328588,0,1.0,1
2024-04-26 00:00:00+00:00,LONG,0.6070385,1,1.0,0
2024-04-27 00:00:00+00:00,SHORT,0.7667924,1,1.0,0
2024-04-28 00:00:00+00:00,NO_TRADE,0.5264174,1,0.0,0
2024-04-29 00:00:00+00:00,LONG,0.8284778,1,0.0,0
2024-04-30 00:00:00+00:00,LONG,0.7846066,1,0.0,0
2024-05-01 00:00:00+00:00,SHORT,0.6564344,1,1.0,0
2024-05-02 00:00:00+00:00,SHORT,0.7067367,1,1.0,0
2024-05-03 00:00:00+00:00,NO_TRADE,0.53579503,0,1.0,1
2024-05-04 00:00:00+00:00,NO_TRADE,0.5522188,0,2.0,1
2024-05-05 00:00:00+00:00,NO_TRADE,0.55798924,0,1.0,1
2024-05-06 00:00:00+00:00,NO_TRADE,0.58539355,1,1.0,0
2024-05-07 00:00:00+00:00,NO_TRADE,0.59935874,1,1.0,0
2024-05-08 00:00:00+00:00,LONG,0.673593,1,1.0,0
2024-05-09 00:00:00+00:00,LONG,0.69635594,1,1.0,0
2024-05-10 00:00:00+00:00,NO_TRADE,0.5408687,1,1.0,0
2024-05-11 00:00:00+00:00,LONG,0.7721089,1,1.0,0
2024-05-12 00:00:00+00:00,LONG,0.8423156,1,1.0,0
2024-05-13 00:00:00+00:00,NO_TRADE,0.5535465,1,1.0,0
2024-05-14 00:00:00+00:00,NO_TRADE,0.5526031,1,1.0,0
2024-05-15 00:00:00+00:00,LONG,0.6968881,1,1.0,0
2024-05-16 00:00:00+00:00,NO_TRADE,0.5669313,1,2.0,0
2024-05-17 00:00:00+00:00,LONG,0.6180026,1,1.0,0
2024-05-18 00:00:00+00:00,LONG,0.68940043,1,1.0,0
2024-05-19 00:00:00+00:00,SHORT,0.80712056,1,1.0,0
2024-05-20 00:00:00+00:00,NO_TRADE,0.53288823,1,1.0,0
2024-05-21 00:00:00+00:00,NO_TRADE,0.6915818,0,2.0,1
2024-05-22 00:00:00+00:00,NO_TRADE,0.7282815,0,2.0,1
2024-05-23 00:00:00+00:00,NO_TRADE,0.5241024,0,2.0,1
2024-05-24 00:00:00+00:00,NO_TRADE,0.5112141,0,1.0,1
2024-05-25 00:00:00+00:00,NO_TRADE,0.5694623,1,1.0,0
2024-05-26 00:00:00+00:00,NO_TRADE,0.58692265,1,1.0,0
2024-05-27 00:00:00+00:00,SHORT,0.67453516,1,1.0,0
2024-05-28 00:00:00+00:00,NO_TRADE,0.51895773,1,1.0,0
2024-05-29 00:00:00+00:00,LONG,0.6733247,1,1.0,0
2024-05-30 00:00:00+00:00,NO_TRADE,0.5482443,1,1.0,0
2024-05-31 00:00:00+00:00,NO_TRADE,0.5571364,1,0.0,0
2024-06-01 00:00:00+00:00,LONG,0.8338364,1,0.0,0
2024-06-02 00:00:00+00:00,SHORT,0.6380483,1,0.0,0
2024-06-03 00:00:00+00:00,NO_TRADE,0.50053,0,0.0,1
2024-06-04 00:00:00+00:00,NO_TRADE,0.6329559,0,0.0,1
2024-06-05 00:00:00+00:00,NO_TRADE,0.61072683,0,0.0,1
2024-06-06 00:00:00+00:00,NO_TRADE,0.65448844,0,0.0,1
2024-06-07 00:00:00+00:00,NO_TRADE,0.5345664,0,0.0,1
2024-06-08 00:00:00+00:00,NO_TRADE,0.5153568,0,0.0,1
2024-06-09 00:00:00+00:00,NO_TRADE,0.5938444,0,0.0,1
2024-06-10 00:00:00+00:00,NO_TRADE,0.7502906,0,0.0,1
2024-06-11 00:00:00+00:00,NO_TRADE,0.6935993,0,0.0,1
2024-06-12 00:00:00+00:00,NO_TRADE,0.68175673,0,0.0,1
2024-06-13 00:00:00+00:00,NO_TRADE,0.5612923,0,0.0,1
2024-06-14 00:00:00+00:00,NO_TRADE,0.525225,0,0.0,1
2024-06-15 00:00:00+00:00,NO_TRADE,0.52401066,0,0.0,1
2024-06-16 00:00:00+00:00,NO_TRADE,0.522838,0,0.0,1
2024-06-17 00:00:00+00:00,NO_TRADE,0.536454,0,0.0,1
2024-06-18 00:00:00+00:00,NO_TRADE,0.6048567,0,0.0,1
2024-06-19 00:00:00+00:00,NO_TRADE,0.55173486,0,0.0,1
2024-06-20 00:00:00+00:00,NO_TRADE,0.5556164,0,0.0,1
2024-06-21 00:00:00+00:00,NO_TRADE,0.6157527,0,0.0,1
2024-06-22 00:00:00+00:00,NO_TRADE,0.78455645,0,0.0,1
2024-06-23 00:00:00+00:00,NO_TRADE,0.5621029,1,0.0,0
2024-06-24 00:00:00+00:00,NO_TRADE,0.5382661,1,0.0,0
2024-06-25 00:00:00+00:00,NO_TRADE,0.6386595,0,0.0,1
2024-06-26 00:00:00+00:00,NO_TRADE,0.55932045,0,0.0,1
2024-06-27 00:00:00+00:00,NO_TRADE,0.57673305,0,0.0,1
2024-06-28 00:00:00+00:00,NO_TRADE,0.6362797,0,0.0,1
2024-06-29 00:00:00+00:00,NO_TRADE,0.80846995,0,0.0,1
2024-06-30 00:00:00+00:00,NO_TRADE,0.6692517,0,0.0,1
2024-07-01 00:00:00+00:00,NO_TRADE,0.526248,0,0.0,1
2024-07-02 00:00:00+00:00,NO_TRADE,0.6278786,0,0.0,1
2024-07-03 00:00:00+00:00,NO_TRADE,0.6319517,0,0.0,1
2024-07-04 00:00:00+00:00,NO_TRADE,0.54452455,0,0.0,1
2024-07-05 00:00:00+00:00,SHORT,0.6039021,1,1.0,0
2024-07-06 00:00:00+00:00,LONG,0.6691621,1,1.0,0
2024-07-07 00:00:00+00:00,NO_TRADE,0.5263837,1,1.0,0
2024-07-08 00:00:00+00:00,LONG,0.6950374,1,1.0,0
2024-07-09 00:00:00+00:00,SHORT,0.62476116,1,1.0,0
2024-07-10 00:00:00+00:00,NO_TRADE,0.51562196,1,1.0,0
2024-07-11 00:00:00+00:00,LONG,0.7108247,1,1.0,0
2024-07-12 00:00:00+00:00,SHORT,0.65154386,1,1.0,0
2024-07-13 00:00:00+00:00,NO_TRADE,0.59004253,1,0.0,0
2024-07-14 00:00:00+00:00,NO_TRADE,0.5578202,1,0.0,0
2024-07-15 00:00:00+00:00,LONG,0.71424156,1,1.0,0
2024-07-16 00:00:00+00:00,LONG,0.8828166,1,1.0,0
2024-07-17 00:00:00+00:00,NO_TRADE,0.5701327,1,1.0,0
2024-07-18 00:00:00+00:00,SHORT,0.68627393,1,1.0,0
2024-07-19 00:00:00+00:00,NO_TRADE,0.58650017,1,1.0,0
2024-07-20 00:00:00+00:00,SHORT,0.6087959,1,1.0,0
2024-07-21 00:00:00+00:00,NO_TRADE,0.52945006,1,1.0,0
2024-07-22 00:00:00+00:00,LONG,0.811797,1,1.0,0
2024-07-23 00:00:00+00:00,NO_TRADE,0.5413735,1,1.0,0
2024-07-24 00:00:00+00:00,SHORT,0.6208682,1,1.0,0
2024-07-25 00:00:00+00:00,NO_TRADE,0.7525473,0,1.0,1
2024-07-26 00:00:00+00:00,NO_TRADE,0.6247183,0,0.0,1
2024-07-27 00:00:00+00:00,NO_TRADE,0.52218395,0,1.0,1
2024-07-28 00:00:00+00:00,NO_TRADE,0.6916011,0,0.0,1
2024-07-29 00:00:00+00:00,NO_TRADE,0.56943876,0,0.0,1
2024-07-30 00:00:00+00:00,NO_TRADE,0.78547764,0,0.0,1
2024-07-31 00:00:00+00:00,NO_TRADE,0.50986475,0,0.0,1
2024-08-01 00:00:00+00:00,NO_TRADE,0.68274665,0,0.0,1
2024-08-02 00:00:00+00:00,NO_TRADE,0.5762998,0,0.0,1
2024-08-03 00:00:00+00:00,NO_TRADE,0.6599939,0,1.0,1
2024-08-04 00:00:00+00:00,SHORT,0.8044143,1,1.0,0
2024-08-05 00:00:00+00:00,LONG,0.7678455,1,1.0,0
2024-08-06 00:00:00+00:00,SHORT,0.67172915,1,2.0,0
2024-08-07 00:00:00+00:00,SHORT,0.6996281,1,2.0,0
2024-08-08 00:00:00+00:00,NO_TRADE,0.6816927,0,2.0,1
2024-08-09 00:00:00+00:00,NO_TRADE,0.6149776,0,2.0,1
2024-08-10 00:00:00+00:00,NO_TRADE,0.8200514,0,2.0,1
2024-08-11 00:00:00+00:00,NO_TRADE,0.64059305,0,2.0,1
2024-08-12 00:00:00+00:00,LONG,0.6681806,1,2.0,0
2024-08-13 00:00:00+00:00,LONG,0.8441379,1,2.0,0
2024-08-14 00:00:00+00:00,LONG,0.709896,1,2.0,0
2024-08-15 00:00:00+00:00,LONG,0.69081205,1,2.0,0
2024-08-16 00:00:00+00:00,SHORT,0.70265573,1,2.0,0
2024-08-17 00:00:00+00:00,LONG,0.7066117,1,2.0,0
2024-08-18 00:00:00+00:00,LONG,0.65272045,1,2.0,0
2024-08-19 00:00:00+00:00,SHORT,0.76320595,1,1.0,0
2024-08-20 00:00:00+00:00,SHORT,0.8593138,1,1.0,0
2024-08-21 00:00:00+00:00,NO_TRADE,0.72423345,0,1.0,1
2024-08-22 00:00:00+00:00,NO_TRADE,0.6389388,0,1.0,1
2024-08-23 00:00:00+00:00,NO_TRADE,0.5413407,0,1.0,1
2024-08-24 00:00:00+00:00,NO_TRADE,0.56314665,0,2.0,1
2024-08-25 00:00:00+00:00,NO_TRADE,0.7262062,0,1.0,1
2024-08-26 00:00:00+00:00,NO_TRADE,0.68274665,0,1.0,1
2024-08-27 00:00:00+00:00,NO_TRADE,0.67813647,0,1.0,1
2024-08-28 00:00:00+00:00,NO_TRADE,0.5117899,0,2.0,1
2024-08-29 00:00:00+00:00,NO_TRADE,0.5688283,0,1.0,1
2024-08-30 00:00:00+00:00,NO_TRADE,0.50040436,0,1.0,1
2024-08-31 00:00:00+00:00,NO_TRADE,0.7609989,0,1.0,1
2024-09-01 00:00:00+00:00,NO_TRADE,0.5021335,0,1.0,1
2024-09-02 00:00:00+00:00,NO_TRADE,0.76315624,0,1.0,1
2024-09-03 00:00:00+00:00,NO_TRADE,0.74863714,0,1.0,1
2024-09-04 00:00:00+00:00,LONG,0.8474186,1,1.0,0
2024-09-05 00:00:00+00:00,LONG,0.814564,1,1.0,0
2024-09-06 00:00:00+00:00,LONG,0.71705526,1,1.0,0
2024-09-07 00:00:00+00:00,NO_TRADE,0.56503224,1,1.0,0
2024-09-08 00:00:00+00:00,LONG,0.7550734,1,1.0,0
2024-09-09 00:00:00+00:00,NO_TRADE,0.50572973,1,1.0,0
2024-09-10 00:00:00+00:00,LONG,0.7218622,1,1.0,0
2024-09-11 00:00:00+00:00,SHORT,0.6301875,1,1.0,0
2024-09-12 00:00:00+00:00,LONG,0.74902594,1,1.0,0
2024-09-13 00:00:00+00:00,LONG,0.8629854,1,1.0,0
2024-09-14 00:00:00+00:00,NO_TRADE,0.50153154,1,1.0,0
2024-09-15 00:00:00+00:00,LONG,0.70707726,1,1.0,0
2024-09-16 00:00:00+00:00,LONG,0.6283169,1,1.0,0
2024-09-17 00:00:00+00:00,LONG,0.7674352,1,1.0,0
2024-09-18 00:00:00+00:00,LONG,0.73470426,1,1.0,0
2024-09-19 00:00:00+00:00,LONG,0.7034904,1,1.0,0
2024-09-20 00:00:00+00:00,NO_TRADE,0.5282925,1,1.0,0
2024-09-21 00:00:00+00:00,SHORT,0.7169465,1,0.0,0
2024-09-22 00:00:00+00:00,NO_TRADE,0.5427617,1,0.0,0
2024-09-23 00:00:00+00:00,NO_TRADE,0.5674696,0,0.0,1
2024-09-24 00:00:00+00:00,NO_TRADE,0.57137907,0,0.0,1
2024-09-25 00:00:00+00:00,NO_TRADE,0.63783103,0,0.0,1
2024-09-26 00:00:00+00:00,NO_TRADE,0.68084335,0,0.0,1
2024-09-27 00:00:00+00:00,NO_TRADE,0.66140234,0,0.0,1
2024-09-28 00:00:00+00:00,NO_TRADE,0.6078616,0,0.0,1
2024-09-29 00:00:00+00:00,NO_TRADE,0.6314197,0,0.0,1
2024-09-30 00:00:00+00:00,NO_TRADE,0.8487239,0,0.0,1
2024-10-01 00:00:00+00:00,NO_TRADE,0.5848766,0,0.0,1
2024-10-02 00:00:00+00:00,NO_TRADE,0.6960428,0,1.0,1
2024-10-03 00:00:00+00:00,NO_TRADE,0.6628308,0,0.0,1
2024-10-04 00:00:00+00:00,NO_TRADE,0.606532,0,0.0,1
2024-10-05 00:00:00+00:00,NO_TRADE,0.5146707,0,0.0,1
2024-10-06 00:00:00+00:00,NO_TRADE,0.57516277,1,0.0,0
2024-10-07 00:00:00+00:00,NO_TRADE,0.5818545,1,0.0,0
2024-10-08 00:00:00+00:00,NO_TRADE,0.5322506,1,0.0,0
2024-10-09 00:00:00+00:00,LONG,0.68621594,1,0.0,0
2024-10-10 00:00:00+00:00,NO_TRADE,0.5643007,1,0.0,0
2024-10-11 00:00:00+00:00,SHORT,0.6025083,1,0.0,0
2024-10-12 00:00:00+00:00,NO_TRADE,0.52705204,1,0.0,0
2024-10-13 00:00:00+00:00,NO_TRADE,0.5567423,1,0.0,0
2024-10-14 00:00:00+00:00,SHORT,0.6638957,1,0.0,0
2024-10-15 00:00:00+00:00,LONG,0.73739314,1,1.0,0
2024-10-16 00:00:00+00:00,NO_TRADE,0.55919635,1,1.0,0
2024-10-17 00:00:00+00:00,NO_TRADE,0.5463759,0,0.0,1
2024-10-18 00:00:00+00:00,NO_TRADE,0.708907,0,0.0,1
2024-10-19 00:00:00+00:00,NO_TRADE,0.7193624,0,0.0,1
2024-10-20 00:00:00+00:00,NO_TRADE,0.50771934,0,0.0,1
2024-10-21 00:00:00+00:00,NO_TRADE,0.53243726,1,0.0,0
2024-10-22 00:00:00+00:00,NO_TRADE,0.5860068,1,0.0,0
2024-10-23 00:00:00+00:00,SHORT,0.8600234,1,0.0,0
2024-10-24 00:00:00+00:00,LONG,0.64574623,1,0.0,0
2024-10-25 00:00:00+00:00,SHORT,0.67960644,1,0.0,0
2024-10-26 00:00:00+00:00,SHORT,0.6324173,1,0.0,0
2024-10-27 00:00:00+00:00,NO_TRADE,0.54764146,0,0.0,1
2024-10-28 00:00:00+00:00,NO_TRADE,0.56220996,0,0.0,1
2024-10-29 00:00:00+00:00,NO_TRADE,0.7078368,0,0.0,1
2024-10-30 00:00:00+00:00,LONG,0.60303867,1,1.0,0
2024-10-31 00:00:00+00:00,NO_TRADE,0.5780341,1,0.0,0
2024-11-01 00:00:00+00:00,NO_TRADE,0.50668234,1,0.0,0
2024-11-02 00:00:00+00:00,LONG,0.64367914,1,0.0,0
2024-11-03 00:00:00+00:00,LONG,0.63118416,1,0.0,0
2024-11-04 00:00:00+00:00,LONG,0.7698182,1,0.0,0
2024-11-05 00:00:00+00:00,SHORT,0.68884957,1,0.0,0
2024-11-06 00:00:00+00:00,LONG,0.7042218,1,0.0,0
2024-11-07 00:00:00+00:00,LONG,0.9366368,1,2.0,0
2024-11-08 00:00:00+00:00,LONG,0.64735234,1,2.0,0
2024-11-09 00:00:00+00:00,LONG,0.8581422,1,1.0,0
2024-11-10 00:00:00+00:00,SHORT,0.70655394,1,1.0,0
2024-11-11 00:00:00+00:00,LONG,0.8176197,1,1.0,0
2024-11-12 00:00:00+00:00,SHORT,0.84052974,1,2.0,0
2024-11-13 00:00:00+00:00,NO_TRADE,0.50102097,1,2.0,0
2024-11-14 00:00:00+00:00,LONG,0.67785966,1,2.0,0
2024-11-15 00:00:00+00:00,NO_TRADE,0.5735121,1,2.0,0
2024-11-16 00:00:00+00:00,LONG,0.6322426,1,2.0,0
2024-11-17 00:00:00+00:00,LONG,0.71996,1,2.0,0
2024-11-18 00:00:00+00:00,SHORT,0.62546235,1,2.0,0
2024-11-19 00:00:00+00:00,SHORT,0.64191556,1,2.0,0
2024-11-20 00:00:00+00:00,NO_TRADE,0.6503729,0,1.0,1
2024-11-21 00:00:00+00:00,NO_TRADE,0.5609446,0,1.0,1
2024-11-22 00:00:00+00:00,NO_TRADE,0.76962996,0,1.0,1
2024-11-23 00:00:00+00:00,NO_TRADE,0.6032577,0,1.0,1
2024-11-24 00:00:00+00:00,NO_TRADE,0.61724365,0,1.0,1
2024-11-25 00:00:00+00:00,LONG,0.9156535,1,1.0,0
2024-11-26 00:00:00+00:00,NO_TRADE,0.57553244,1,1.0,0
2024-11-27 00:00:00+00:00,LONG,0.6809184,1,1.0,0
2024-11-28 00:00:00+00:00,SHORT,0.6602824,1,1.0,0
2024-11-29 00:00:00+00:00,SHORT,0.681679,1,1.0,0
2024-11-30 00:00:00+00:00,NO_TRADE,0.5289506,1,1.0,0
2024-12-01 00:00:00+00:00,SHORT,0.63234663,1,1.0,0
2024-12-02 00:00:00+00:00,LONG,0.67305684,1,1.0,0
2024-12-03 00:00:00+00:00,NO_TRADE,0.53315425,1,1.0,0
2024-12-04 00:00:00+00:00,SHORT,0.74188554,1,0.0,0
2024-12-05 00:00:00+00:00,SHORT,0.84977615,1,1.0,0
2024-12-06 00:00:00+00:00,LONG,0.62034225,1,0.0,0
2024-12-07 00:00:00+00:00,SHORT,0.61965716,1,1.0,0
2024-12-08 00:00:00+00:00,LONG,0.6151772,1,0.0,0
2024-12-09 00:00:00+00:00,NO_TRADE,0.5373595,1,0.0,0
2024-12-10 00:00:00+00:00,NO_TRADE,0.53394926,1,1.0,0
2024-12-11 00:00:00+00:00,NO_TRADE,0.58087355,1,0.0,0
2024-12-12 00:00:00+00:00,SHORT,0.8410533,1,1.0,0
2024-12-13 00:00:00+00:00,NO_TRADE,0.59368443,0,1.0,1
2024-12-14 00:00:00+00:00,NO_TRADE,0.5307254,0,1.0,1
2024-12-15 00:00:00+00:00,NO_TRADE,0.6509542,0,1.0,1
2024-12-16 00:00:00+00:00,NO_TRADE,0.5494555,0,1.0,1
2024-12-17 00:00:00+00:00,NO_TRADE,0.8494516,0,1.0,1
2024-12-18 00:00:00+00:00,NO_TRADE,0.70308495,0,0.0,1
2024-12-19 00:00:00+00:00,NO_TRADE,0.66052544,0,1.0,1
2024-12-20 00:00:00+00:00,NO_TRADE,0.5928281,0,1.0,1
2024-12-21 00:00:00+00:00,NO_TRADE,0.8239378,0,1.0,1
2024-12-22 00:00:00+00:00,NO_TRADE,0.5063554,0,1.0,1
2024-12-23 00:00:00+00:00,NO_TRADE,0.732067,0,1.0,1
2024-12-24 00:00:00+00:00,NO_TRADE,0.6494812,0,1.0,1
2024-12-25 00:00:00+00:00,NO_TRADE,0.71748286,0,1.0,1
2024-12-26 00:00:00+00:00,NO_TRADE,0.67379874,0,1.0,1
2024-12-27 00:00:00+00:00,SHORT,0.6349276,1,1.0,0
2024-12-28 00:00:00+00:00,LONG,0.7033011,1,1.0,0
2024-12-29 00:00:00+00:00,NO_TRADE,0.5321695,1,1.0,0
2024-12-30 00:00:00+00:00,LONG,0.66953075,1,1.0,0
2024-12-31 00:00:00+00:00,NO_TRADE,0.57507896,1,0.0,0
2025-01-01 00:00:00+00:00,SHORT,0.7077826,1,0.0,0
2025-01-02 00:00:00+00:00,NO_TRADE,0.6756341,0,0.0,1
2025-01-03 00:00:00+00:00,NO_TRADE,0.50126725,0,0.0,1
2025-01-04 00:00:00+00:00,NO_TRADE,0.56000835,0,0.0,1
2025-01-05 00:00:00+00:00,NO_TRADE,0.68448263,0,0.0,1
2025-01-06 00:00:00+00:00,NO_TRADE,0.81677824,0,0.0,1
2025-01-07 00:00:00+00:00,NO_TRADE,0.8047534,0,0.0,1
2025-01-08 00:00:00+00:00,NO_TRADE,0.5058195,1,1.0,0
2025-01-09 00:00:00+00:00,NO_TRADE,0.5992459,1,1.0,0
2025-01-10 00:00:00+00:00,LONG,0.62995094,1,1.0,0
2025-01-11 00:00:00+00:00,NO_TRADE,0.53136945,1,1.0,0
2025-01-12 00:00:00+00:00,LONG,0.61399406,1,1.0,0
2025-01-13 00:00:00+00:00,NO_TRADE,0.5316372,1,1.0,0
2025-01-14 00:00:00+00:00,NO_TRADE,0.5778175,1,0.0,0
2025-01-15 00:00:00+00:00,SHORT,0.65506244,1,0.0,0
2025-01-16 00:00:00+00:00,NO_TRADE,0.5712887,0,1.0,1
2025-01-17 00:00:00+00:00,NO_TRADE,0.5247508,0,1.0,1
2025-01-18 00:00:00+00:00,NO_TRADE,0.5494343,0,1.0,1
2025-01-19 00:00:00+00:00,NO_TRADE,0.5189479,0,1.0,1
2025-01-20 00:00:00+00:00,NO_TRADE,0.6747227,0,1.0,1
2025-01-21 00:00:00+00:00,NO_TRADE,0.79676765,0,1.0,1
2025-01-22 00:00:00+00:00,NO_TRADE,0.5168507,0,1.0,1
2025-01-23 00:00:00+00:00,NO_TRADE,0.6335624,0,1.0,1
2025-01-24 00:00:00+00:00,NO_TRADE,0.51381445,0,1.0,1
2025-01-25 00:00:00+00:00,NO_TRADE,0.64178514,0,1.0,1
2025-01-26 00:00:00+00:00,NO_TRADE,0.5754492,0,0.0,1
2025-01-27 00:00:00+00:00,NO_TRADE,0.5257975,0,0.0,1
2025-01-28 00:00:00+00:00,NO_TRADE,0.61769176,0,0.0,1
2025-01-29 00:00:00+00:00,NO_TRADE,0.6186711,0,0.0,1
2025-01-30 00:00:00+00:00,NO_TRADE,0.5569921,0,0.0,1
2025-01-31 00:00:00+00:00,NO_TRADE,0.6248759,0,0.0,1
2025-02-01 00:00:00+00:00,NO_TRADE,0.55182946,0,0.0,1
2025-02-02 00:00:00+00:00,NO_TRADE,0.5922325,0,0.0,1
2025-02-03 00:00:00+00:00,NO_TRADE,0.7635939,0,0.0,1
2025-02-04 00:00:00+00:00,NO_TRADE,0.5833939,0,1.0,1
2025-02-05 00:00:00+00:00,NO_TRADE,0.53209186,1,1.0,0
2025-02-06 00:00:00+00:00,NO_TRADE,0.5249654,1,1.0,0
2025-02-07 00:00:00+00:00,SHORT,0.6197869,1,0.0,0
2025-02-08 00:00:00+00:00,LONG,0.6052448,1,0.0,0
2025-02-09 00:00:00+00:00,NO_TRADE,0.5007137,1,0.0,0
2025-02-10 00:00:00+00:00,NO_TRADE,0.52956563,0,0.0,1
2025-02-11 00:00:00+00:00,NO_TRADE,0.5062184,0,0.0,1
2025-02-12 00:00:00+00:00,NO_TRADE,0.6662854,0,0.0,1
2025-02-13 00:00:00+00:00,NO_TRADE,0.6540427,0,0.0,1
2025-02-14 00:00:00+00:00,NO_TRADE,0.6793264,0,0.0,1
2025-02-15 00:00:00+00:00,NO_TRADE,0.62976956,0,0.0,1
2025-02-16 00:00:00+00:00,NO_TRADE,0.52935433,0,0.0,1
2025-02-17 00:00:00+00:00,NO_TRADE,0.5028954,0,0.0,1
2025-02-18 00:00:00+00:00,NO_TRADE,0.6666102,0,0.0,1
2025-02-19 00:00:00+00:00,NO_TRADE,0.55439895,0,0.0,1
2025-02-20 00:00:00+00:00,NO_TRADE,0.71545047,0,0.0,1
2025-02-21 00:00:00+00:00,NO_TRADE,0.59625375,0,0.0,1
2025-02-22 00:00:00+00:00,NO_TRADE,0.5530993,0,0.0,1
2025-02-23 00:00:00+00:00,NO_TRADE,0.6160674,0,0.0,1
2025-02-24 00:00:00+00:00,NO_TRADE,0.5008792,0,0.0,1
2025-02-25 00:00:00+00:00,LONG,0.7502075,1,0.0,0
2025-02-26 00:00:00+00:00,NO_TRADE,0.53113633,1,1.0,0
2025-02-27 00:00:00+00:00,SHORT,0.6322236,1,1.0,0
2025-02-28 00:00:00+00:00,NO_TRADE,0.5517792,1,1.0,0
2025-03-01 00:00:00+00:00,NO_TRADE,0.5688133,0,1.0,1
2025-03-02 00:00:00+00:00,NO_TRADE,0.89111537,0,1.0,1
2025-03-03 00:00:00+00:00,NO_TRADE,0.6211479,0,2.0,1
2025-03-04 00:00:00+00:00,NO_TRADE,0.7062424,0,2.0,1
2025-03-05 00:00:00+00:00,NO_TRADE,0.5174594,0,2.0,1
2025-03-06 00:00:00+00:00,NO_TRADE,0.78551257,0,2.0,1
2025-03-07 00:00:00+00:00,NO_TRADE,0.50797975,0,2.0,1
2025-03-08 00:00:00+00:00,NO_TRADE,0.6414777,0,2.0,1
2025-03-09 00:00:00+00:00,LONG,0.63687885,1,2.0,0
2025-03-10 00:00:00+00:00,SHORT,0.86213577,1,2.0,0
2025-03-11 00:00:00+00:00,SHORT,0.7419018,1,2.0,0
2025-03-12 00:00:00+00:00,LONG,0.8608744,1,2.0,0
2025-03-13 00:00:00+00:00,LONG,0.63284487,1,2.0,0
2025-03-14 00:00:00+00:00,SHORT,0.69182163,1,2.0,0
2025-03-15 00:00:00+00:00,SHORT,0.65071213,1,2.0,0
2025-03-16 00:00:00+00:00,NO_TRADE,0.54607,1,2.0,0
2025-03-17 00:00:00+00:00,NO_TRADE,0.5762737,1,2.0,0
2025-03-18 00:00:00+00:00,LONG,0.619606,1,1.0,0
2025-03-19 00:00:00+00:00,LONG,0.79851216,1,1.0,0
2025-03-20 00:00:00+00:00,LONG,0.70035493,1,2.0,0
2025-03-21 00:00:00+00:00,LONG,0.60503244,1,2.0,0
2025-03-22 00:00:00+00:00,NO_TRADE,0.6577733,0,1.0,1
2025-03-23 00:00:00+00:00,NO_TRADE,0.62605673,0,1.0,1
2025-03-24 00:00:00+00:00,NO_TRADE,0.71236914,0,1.0,1
2025-03-25 00:00:00+00:00,NO_TRADE,0.6708193,0,1.0,1
2025-03-26 00:00:00+00:00,NO_TRADE,0.53469497,0,1.0,1
2025-03-27 00:00:00+00:00,NO_TRADE,0.70088506,0,1.0,1
2025-03-28 00:00:00+00:00,NO_TRADE,0.6439544,0,0.0,1
2025-03-29 00:00:00+00:00,NO_TRADE,0.6291071,0,1.0,1
2025-03-30 00:00:00+00:00,NO_TRADE,0.6717211,0,1.0,1
2025-03-31 00:00:00+00:00,NO_TRADE,0.69810414,0,0.0,1
2025-04-01 00:00:00+00:00,NO_TRADE,0.82359993,0,0.0,1
2025-04-02 00:00:00+00:00,NO_TRADE,0.62320435,0,0.0,1
2025-04-03 00:00:00+00:00,NO_TRADE,0.6087813,0,1.0,1
2025-04-04 00:00:00+00:00,NO_TRADE,0.72190714,0,0.0,1
2025-04-05 00:00:00+00:00,NO_TRADE,0.5376976,1,0.0,0
2025-04-06 00:00:00+00:00,LONG,0.80982316,1,0.0,0
2025-04-07 00:00:00+00:00,NO_TRADE,0.56589544,1,1.0,0
2025-04-08 00:00:00+00:00,SHORT,0.7756072,1,1.0,0
2025-04-09 00:00:00+00:00,LONG,0.76067525,1,1.0,0
2025-04-10 00:00:00+00:00,NO_TRADE,0.5307806,1,2.0,0
2025-04-11 00:00:00+00:00,NO_TRADE,0.5314205,1,2.0,0
2025-04-12 00:00:00+00:00,LONG,0.761224,1,2.0,0
2025-04-13 00:00:00+00:00,NO_TRADE,0.572894,1,2.0,0
2025-04-14 00:00:00+00:00,NO_TRADE,0.5137926,1,2.0,0
2025-04-15 00:00:00+00:00,LONG,0.7607891,1,2.0,0
2025-04-16 00:00:00+00:00,NO_TRADE,0.585215,1,1.0,0
2025-04-17 00:00:00+00:00,LONG,0.6633277,1,1.0,0
2025-04-18 00:00:00+00:00,NO_TRADE,0.57348174,1,1.0,0
2025-04-19 00:00:00+00:00,LONG,0.756472,1,1.0,0
2025-04-20 00:00:00+00:00,NO_TRADE,0.51644653,1,1.0,0
2025-04-21 00:00:00+00:00,LONG,0.6838676,1,1.0,0
2025-04-22 00:00:00+00:00,LONG,0.68505114,1,1.0,0
2025-04-23 00:00:00+00:00,NO_TRADE,0.54494107,1,1.0,0
2025-04-24 00:00:00+00:00,LONG,0.6364224,1,1.0,0
2025-04-25 00:00:00+00:00,LONG,0.7523821,1,1.0,0
2025-04-26 00:00:00+00:00,NO_TRADE,0.57401705,1,1.0,0
2025-04-27 00:00:00+00:00,LONG,0.6740526,1,1.0,0
2025-04-28 00:00:00+00:00,SHORT,0.6004461,1,1.0,0
2025-04-29 00:00:00+00:00,LONG,0.62082726,1,0.0,0
2025-04-30 00:00:00+00:00,NO_TRADE,0.57853484,1,0.0,0
2025-05-01 00:00:00+00:00,NO_TRADE,0.5095085,1,0.0,0
2025-05-02 00:00:00+00:00,NO_TRADE,0.5207836,1,0.0,0
2025-05-03 00:00:00+00:00,NO_TRADE,0.56522566,1,0.0,0
2025-05-04 00:00:00+00:00,LONG,0.66177434,1,0.0,0
2025-05-05 00:00:00+00:00,LONG,0.74552345,1,0.0,0
2025-05-06 00:00:00+00:00,NO_TRADE,0.54788494,1,0.0,0
2025-05-07 00:00:00+00:00,NO_TRADE,0.5716208,1,0.0,0
2025-05-08 00:00:00+00:00,SHORT,0.68330216,1,0.0,0
2025-05-09 00:00:00+00:00,LONG,0.6058312,1,1.0,0
2025-05-10 00:00:00+00:00,LONG,0.7375862,1,1.0,0
2025-05-11 00:00:00+00:00,NO_TRADE,0.594278,1,1.0,0
2025-05-12 00:00:00+00:00,SHORT,0.607134,1,1.0,0
2025-05-13 00:00:00+00:00,NO_TRADE,0.52652085,1,0.0,0
2025-05-14 00:00:00+00:00,NO_TRADE,0.5107334,1,0.0,0
2025-05-15 00:00:00+00:00,LONG,0.6114802,1,0.0,0
2025-05-16 00:00:00+00:00,NO_TRADE,0.5110687,1,0.0,0
2025-05-17 00:00:00+00:00,LONG,0.6716606,1,0.0,0
2025-05-18 00:00:00+00:00,NO_TRADE,0.5389638,1,0.0,0
2025-05-19 00:00:00+00:00,LONG,0.6893669,1,0.0,0
2025-05-20 00:00:00+00:00,NO_TRADE,0.6008596,0,0.0,1
2025-05-21 00:00:00+00:00,NO_TRADE,0.52802706,0,0.0,1
2025-05-22 00:00:00+00:00,NO_TRADE,0.781311,0,0.0,1
2025-05-23 00:00:00+00:00,NO_TRADE,0.5254693,0,0.0,1
2025-05-24 00:00:00+00:00,NO_TRADE,0.6409975,0,1.0,1
2025-05-25 00:00:00+00:00,NO_TRADE,0.60501564,0,0.0,1
2025-05-26 00:00:00+00:00,NO_TRADE,0.5160756,0,0.0,1
2025-05-27 00:00:00+00:00,NO_TRADE,0.6843413,0,0.0,1
2025-05-28 00:00:00+00:00,NO_TRADE,0.5680629,0,0.0,1
2025-05-29 00:00:00+00:00,NO_TRADE,0.531854,0,0.0,1
2025-05-30 00:00:00+00:00,NO_TRADE,0.58128095,0,0.0,1
2025-05-31 00:00:00+00:00,NO_TRADE,0.65064055,0,0.0,1
2025-06-01 00:00:00+00:00,NO_TRADE,0.7778124,0,0.0,1
2025-06-02 00:00:00+00:00,SHORT,0.8343112,1,0.0,0
2025-06-03 00:00:00+00:00,LONG,0.63673323,1,0.0,0
2025-06-04 00:00:00+00:00,LONG,0.77318716,1,0.0,0
2025-06-05 00:00:00+00:00,SHORT,0.7473892,1,0.0,0
2025-06-06 00:00:00+00:00,NO_TRADE,0.5186429,1,0.0,0
2025-06-07 00:00:00+00:00,NO_TRADE,0.57364815,0,0.0,1
2025-06-08 00:00:00+00:00,NO_TRADE,0.5029931,0,0.0,1
2025-06-09 00:00:00+00:00,NO_TRADE,0.737093,0,0.0,1
2025-06-10 00:00:00+00:00,NO_TRADE,0.71437675,0,0.0,1
2025-06-11 00:00:00+00:00,NO_TRADE,0.7199297,0,0.0,1
2025-06-12 00:00:00+00:00,NO_TRADE,0.5157227,0,0.0,1
2025-06-13 00:00:00+00:00,NO_TRADE,0.5280078,0,0.0,1
2025-06-14 00:00:00+00:00,NO_TRADE,0.56518656,0,0.0,1
2025-06-15 00:00:00+00:00,NO_TRADE,0.6042561,0,0.0,1
2025-06-16 00:00:00+00:00,NO_TRADE,0.6252902,0,0.0,1
2025-06-17 00:00:00+00:00,NO_TRADE,0.5549359,0,0.0,1
2025-06-18 00:00:00+00:00,LONG,0.86949116,1,0.0,0
2025-06-19 00:00:00+00:00,LONG,0.7636398,1,0.0,0
2025-06-20 00:00:00+00:00,LONG,0.7276563,1,0.0,0
2025-06-21 00:00:00+00:00,NO_TRADE,0.5351459,1,0.0,0
2025-06-22 00:00:00+00:00,SHORT,0.6823168,1,0.0,0
2025-06-23 00:00:00+00:00,SHORT,0.64990425,1,0.0,0
2025-06-24 00:00:00+00:00,LONG,0.61930233,1,0.0,0
2025-06-25 00:00:00+00:00,NO_TRADE,0.55724573,1,0.0,0
2025-06-26 00:00:00+00:00,LONG,0.72775465,1,0.0,0
2025-06-27 00:00:00+00:00,SHORT,0.76456594,1,0.0,0
2025-06-28 00:00:00+00:00,SHORT,0.8107271,1,0.0,0
2025-06-29 00:00:00+00:00,LONG,0.6013698,1,0.0,0
2025-06-30 00:00:00+00:00,SHORT,0.73760176,1,0.0,0
2025-07-01 00:00:00+00:00,SHORT,0.60383254,1,0.0,0
2025-07-02 00:00:00+00:00,SHORT,0.63523614,1,0.0,0
2025-07-03 00:00:00+00:00,LONG,0.67125964,1,0.0,0
2025-07-04 00:00:00+00:00,LONG,0.663451,1,0.0,0
2025-07-05 00:00:00+00:00,SHORT,0.62722695,1,0.0,0
2025-07-06 00:00:00+00:00,NO_TRADE,0.55640733,1,0.0,0
2025-07-07 00:00:00+00:00,LONG,0.616008,1,0.0,0
2025-07-08 00:00:00+00:00,NO_TRADE,0.5938159,1,0.0,0
2025-07-09 00:00:00+00:00,LONG,0.7896541,1,0.0,0
2025-07-10 00:00:00+00:00,LONG,0.7154826,1,0.0,0
2025-07-11 00:00:00+00:00,LONG,0.61063564,1,0.0,0
2025-07-12 00:00:00+00:00,LONG,0.7287625,1,0.0,0
2025-07-13 00:00:00+00:00,NO_TRADE,0.50050426,1,0.0,0
2025-07-14 00:00:00+00:00,LONG,0.7914705,1,0.0,0
2025-07-15 00:00:00+00:00,NO_TRADE,0.589487,0,0.0,1
2025-07-16 00:00:00+00:00,NO_TRADE,0.7342782,0,0.0,1
2025-07-17 00:00:00+00:00,NO_TRADE,0.8237789,0,0.0,1
2025-07-18 00:00:00+00:00,NO_TRADE,0.5455141,0,0.0,1
2025-07-19 00:00:00+00:00,NO_TRADE,0.56213176,0,0.0,1
2025-07-20 00:00:00+00:00,NO_TRADE,0.7116851,0,0.0,1
2025-07-21 00:00:00+00:00,NO_TRADE,0.52356166,0,0.0,1
2025-07-22 00:00:00+00:00,NO_TRADE,0.61552835,0,0.0,1
2025-07-23 00:00:00+00:00,NO_TRADE,0.5151739,0,0.0,1
2025-07-24 00:00:00+00:00,NO_TRADE,0.7275144,0,0.0,1
2025-07-25 00:00:00+00:00,NO_TRADE,0.51608396,0,0.0,1
2025-07-26 00:00:00+00:00,NO_TRADE,0.58557975,0,0.0,1
2025-07-27 00:00:00+00:00,NO_TRADE,0.6165177,0,0.0,1
2025-07-28 00:00:00+00:00,NO_TRADE,0.60847,0,0.0,1
2025-07-29 00:00:00+00:00,NO_TRADE,0.82141864,0,0.0,1
2025-07-30 00:00:00+00:00,NO_TRADE,0.72036237,0,0.0,1
2025-07-31 00:00:00+00:00,NO_TRADE,0.51763344,0,0.0,1
2025-08-01 00:00:00+00:00,NO_TRADE,0.54759383,0,0.0,1
2025-08-02 00:00:00+00:00,LONG,0.6188498,1,0.0,0
2025-08-03 00:00:00+00:00,NO_TRADE,0.5966124,1,0.0,0
2025-08-04 00:00:00+00:00,NO_TRADE,0.5471696,1,0.0,0
2025-08-05 00:00:00+00:00,NO_TRADE,0.5964365,1,0.0,0
2025-08-06 00:00:00+00:00,SHORT,0.6323267,1,0.0,0
2025-08-07 00:00:00+00:00,NO_TRADE,0.5683568,1,0.0,0
2025-08-08 00:00:00+00:00,LONG,0.71420175,1,0.0,0
2025-08-09 00:00:00+00:00,NO_TRADE,0.5134364,1,0.0,0
2025-08-10 00:00:00+00:00,NO_TRADE,0.55515605,1,0.0,0
2025-08-11 00:00:00+00:00,NO_TRADE,0.5595576,0,0.0,1
2025-08-12 00:00:00+00:00,NO_TRADE,0.5269449,0,0.0,1
2025-08-13 00:00:00+00:00,NO_TRADE,0.6627087,0,0.0,1
2025-08-14 00:00:00+00:00,NO_TRADE,0.65448844,0,0.0,1
2025-08-15 00:00:00+00:00,NO_TRADE,0.65571624,0,0.0,1
2025-08-16 00:00:00+00:00,NO_TRADE,0.63466525,0,0.0,1
2025-08-17 00:00:00+00:00,NO_TRADE,0.7648889,0,0.0,1
2025-08-18 00:00:00+00:00,NO_TRADE,0.5348363,0,0.0,1
2025-08-19 00:00:00+00:00,NO_TRADE,0.5435718,0,0.0,1
2025-08-20 00:00:00+00:00,NO_TRADE,0.51555955,0,0.0,1
2025-08-21 00:00:00+00:00,NO_TRADE,0.5781275,0,0.0,1
2025-08-22 00:00:00+00:00,NO_TRADE,0.5695112,0,0.0,1
2025-08-23 00:00:00+00:00,NO_TRADE,0.52458155,0,0.0,1
2025-08-24 00:00:00+00:00,NO_TRADE,0.58007824,0,0.0,1
2025-08-25 00:00:00+00:00,NO_TRADE,0.5363243,0,0.0,1
2025-08-26 00:00:00+00:00,NO_TRADE,0.76216197,0,0.0,1
2025-08-27 00:00:00+00:00,NO_TRADE,0.6021537,0,0.0,1
2025-08-28 00:00:00+00:00,NO_TRADE,0.5518786,1,0.0,0
2025-08-29 00:00:00+00:00,NO_TRADE,0.55474395,1,0.0,0
2025-08-30 00:00:00+00:00,SHORT,0.60175323,1,0.0,0
2025-08-31 00:00:00+00:00,SHORT,0.7886857,1,0.0,0
2025-09-01 00:00:00+00:00,SHORT,0.6502453,1,0.0,0
2025-09-02 00:00:00+00:00,SHORT,0.7252598,1,0.0,0
2025-09-03 00:00:00+00:00,LONG,0.77875954,1,0.0,0
2025-09-04 00:00:00+00:00,LONG,0.6006066,1,0.0,0
2025-09-05 00:00:00+00:00,SHORT,0.87262034,1,0.0,0
2025-09-06 00:00:00+00:00,LONG,0.657895,1,0.0,0
2025-09-07 00:00:00+00:00,NO_TRADE,0.55954397,1,0.0,0
2025-09-08 00:00:00+00:00,NO_TRADE,0.5107614,1,0.0,0
2025-09-09 00:00:00+00:00,LONG,0.7009843,1,0.0,0
2025-09-10 00:00:00+00:00,LONG,0.7536352,1,0.0,0
2025-09-11 00:00:00+00:00,SHORT,0.6897795,1,0.0,0
2025-09-12 00:00:00+00:00,NO_TRADE,0.5904802,1,0.0,0
2025-09-13 00:00:00+00:00,LONG,0.74486244,1,0.0,0
2025-09-14 00:00:00+00:00,NO_TRADE,0.7281104,0,0.0,1
2025-09-15 00:00:00+00:00,NO_TRADE,0.81112474,0,0.0,1
2025-09-16 00:00:00+00:00,NO_TRADE,0.51923895,0,0.0,1
2025-09-17 00:00:00+00:00,NO_TRADE,0.5341549,0,0.0,1
2025-09-18 00:00:00+00:00,NO_TRADE,0.586684,0,0.0,1
2025-09-19 00:00:00+00:00,NO_TRADE,0.6885096,0,0.0,1
2025-09-20 00:00:00+00:00,NO_TRADE,0.6061171,0,0.0,1
2025-09-21 00:00:00+00:00,NO_TRADE,0.542229,0,0.0,1
2025-09-22 00:00:00+00:00,NO_TRADE,0.52490705,0,0.0,1
2025-09-23 00:00:00+00:00,NO_TRADE,0.51173246,0,0.0,1
2025-09-24 00:00:00+00:00,LONG,0.66123784,1,0.0,0
2025-09-25 00:00:00+00:00,NO_TRADE,0.5534308,1,0.0,0
2025-09-26 00:00:00+00:00,LONG,0.6541634,1,0.0,0
2025-09-27 00:00:00+00:00,LONG,0.75609094,1,0.0,0
2025-09-28 00:00:00+00:00,LONG,0.8109093,1,0.0,0
2025-09-29 00:00:00+00:00,LONG,0.6142334,1,0.0,0
2025-09-30 00:00:00+00:00,NO_TRADE,0.59506756,1,0.0,0
2025-10-01 00:00:00+00:00,SHORT,0.6360297,1,0.0,0
2025-10-02 00:00:00+00:00,NO_TRADE,0.5098431,1,0.0,0
2025-10-03 00:00:00+00:00,NO_TRADE,0.52761936,0,0.0,1
2025-10-04 00:00:00+00:00,NO_TRADE,0.57218516,0,0.0,1
2025-10-05 00:00:00+00:00,NO_TRADE,0.7075433,0,0.0,1
2025-10-06 00:00:00+00:00,NO_TRADE,0.6215737,0,0.0,1
2025-10-07 00:00:00+00:00,NO_TRADE,0.6474884,0,0.0,1
2025-10-08 00:00:00+00:00,NO_TRADE,0.51923895,0,0.0,1
2025-10-09 00:00:00+00:00,NO_TRADE,0.5620287,0,0.0,1
2025-10-10 00:00:00+00:00,NO_TRADE,0.74241173,0,0.0,1
2025-10-11 00:00:00+00:00,NO_TRADE,0.51039016,0,1.0,1
2025-10-12 00:00:00+00:00,NO_TRADE,0.54497874,0,1.0,1
2025-10-13 00:00:00+00:00,NO_TRADE,0.5291781,0,1.0,1
2025-10-14 00:00:00+00:00,NO_TRADE,0.6589421,0,1.0,1
2025-10-15 00:00:00+00:00,NO_TRADE,0.7114829,0,1.0,1
2025-10-16 00:00:00+00:00,NO_TRADE,0.59277534,0,1.0,1
2025-10-17 00:00:00+00:00,NO_TRADE,0.5853523,1,1.0,0
2025-10-18 00:00:00+00:00,SHORT,0.6546753,1,1.0,0
2025-10-19 00:00:00+00:00,NO_TRADE,0.5902785,1,1.0,0
2025-10-20 00:00:00+00:00,LONG,0.63782054,1,1.0,0
2025-10-21 00:00:00+00:00,LONG,0.7693133,1,1.0,0
2025-10-22 00:00:00+00:00,SHORT,0.8105587,1,0.0,0
2025-10-23 00:00:00+00:00,SHORT,0.6345637,1,0.0,0
2025-10-24 00:00:00+00:00,NO_TRADE,0.5382614,0,0.0,1
2025-10-25 00:00:00+00:00,NO_TRADE,0.7684047,0,0.0,1
2025-10-26 00:00:00+00:00,NO_TRADE,0.51788676,0,0.0,1
2025-10-27 00:00:00+00:00,NO_TRADE,0.790849,0,0.0,1
2025-10-28 00:00:00+00:00,NO_TRADE,0.6846365,0,0.0,1
2025-10-29 00:00:00+00:00,NO_TRADE,0.7256135,0,0.0,1
2025-10-30 00:00:00+00:00,NO_TRADE,0.6110149,0,0.0,1
2025-10-31 00:00:00+00:00,NO_TRADE,0.67867637,0,0.0,1
2025-11-01 00:00:00+00:00,NO_TRADE,0.56207496,0,0.0,1
2025-11-02 00:00:00+00:00,NO_TRADE,0.74399847,0,0.0,1
2025-11-03 00:00:00+00:00,SHORT,0.79121184,1,0.0,0
2025-11-04 00:00:00+00:00,SHORT,0.6265983,1,0.0,0
2025-11-05 00:00:00+00:00,NO_TRADE,0.54998755,1,1.0,0
2025-11-06 00:00:00+00:00,NO_TRADE,0.56786287,1,1.0,0
2025-11-07 00:00:00+00:00,NO_TRADE,0.52028346,0,1.0,1
2025-11-08 00:00:00+00:00,NO_TRADE,0.6226798,0,1.0,1
2025-11-09 00:00:00+00:00,NO_TRADE,0.5686442,0,1.0,1
2025-11-10 00:00:00+00:00,NO_TRADE,0.6712142,0,1.0,1
2025-11-11 00:00:00+00:00,NO_TRADE,0.5404761,0,0.0,1
2025-11-12 00:00:00+00:00,NO_TRADE,0.8237906,0,1.0,1
2025-11-13 00:00:00+00:00,NO_TRADE,0.6572468,0,0.0,1
2025-11-14 00:00:00+00:00,NO_TRADE,0.61374676,0,0.0,1
2025-11-15 00:00:00+00:00,NO_TRADE,0.6247325,0,1.0,1
2025-11-16 00:00:00+00:00,NO_TRADE,0.7039789,0,1.0,1
2025-11-17 00:00:00+00:00,NO_TRADE,0.5193902,0,1.0,1
2025-11-18 00:00:00+00:00,NO_TRADE,0.6553774,0,1.0,1
2025-11-19 00:00:00+00:00,LONG,0.61133873,1,1.0,0
2025-11-20 00:00:00+00:00,NO_TRADE,0.5742041,1,0.0,0
2025-11-21 00:00:00+00:00,NO_TRADE,0.56907547,1,1.0,0
2025-11-22 00:00:00+00:00,LONG,0.71379745,1,1.0,0
2025-11-23 00:00:00+00:00,SHORT,0.69094336,1,1.0,0
2025-11-24 00:00:00+00:00,SHORT,0.6111227,1,1.0,0
2025-11-25 00:00:00+00:00,NO_TRADE,0.51967967,1,1.0,0
2025-11-26 00:00:00+00:00,NO_TRADE,0.5972516,0,1.0,1
2025-11-27 00:00:00+00:00,NO_TRADE,0.6661452,0,1.0,1
2025-11-28 00:00:00+00:00,NO_TRADE,0.6515886,0,1.0,1
2025-11-29 00:00:00+00:00,NO_TRADE,0.51346004,0,0.0,1
2025-11-30 00:00:00+00:00,NO_TRADE,0.5845612,1,0.0,0
2025-12-01 00:00:00+00:00,NO_TRADE,0.5762672,1,0.0,0
2025-12-02 00:00:00+00:00,LONG,0.61437947,1,1.0,0
2025-12-03 00:00:00+00:00,NO_TRADE,0.53673583,1,1.0,0
2025-12-04 00:00:00+00:00,LONG,0.63455826,1,1.0,0
2025-12-05 00:00:00+00:00,NO_TRADE,0.50384533,1,1.0,0
2025-12-06 00:00:00+00:00,SHORT,0.8346368,1,1.0,0
2025-12-07 00:00:00+00:00,NO_TRADE,0.5744221,1,1.0,0
2025-12-08 00:00:00+00:00,LONG,0.7579183,1,1.0,0
2025-12-09 00:00:00+00:00,LONG,0.841812,1,1.0,0
2025-12-10 00:00:00+00:00,LONG,0.84331876,1,1.0,0
2025-12-11 00:00:00+00:00,LONG,0.7762398,1,0.0,0
2025-12-12 00:00:00+00:00,LONG,0.8519647,1,0.0,0
2025-12-13 00:00:00+00:00,NO_TRADE,0.5866084,1,0.0,0
2025-12-14 00:00:00+00:00,SHORT,0.6126184,1,0.0,0
2025-12-15 00:00:00+00:00,NO_TRADE,0.54632276,0,0.0,1
2025-12-16 00:00:00+00:00,NO_TRADE,0.66050255,0,0.0,1
2025-12-17 00:00:00+00:00,NO_TRADE,0.7438631,0,0.0,1
2025-12-18 00:00:00+00:00,NO_TRADE,0.5453458,0,0.0,1
2025-12-19 00:00:00+00:00,NO_TRADE,0.6842464,0,0.0,1
2025-12-20 00:00:00+00:00,NO_TRADE,0.8107385,0,0.0,1
2025-12-21 00:00:00+00:00,NO_TRADE,0.78850496,0,0.0,1
2025-12-22 00:00:00+00:00,NO_TRADE,0.7678392,0,0.0,1
2025-12-23 00:00:00+00:00,NO_TRADE,0.50546676,0,0.0,1
2025-12-24 00:00:00+00:00,NO_TRADE,0.54139185,0,0.0,1
2025-12-25 00:00:00+00:00,NO_TRADE,0.59243846,0,0.0,1
2025-12-26 00:00:00+00:00,NO_TRADE,0.6332987,0,0.0,1
2025-12-27 00:00:00+00:00,NO_TRADE,0.5566957,0,0.0,1
2025-12-28 00:00:00+00:00,NO_TRADE,0.57154965,0,0.0,1
2025-12-29 00:00:00+00:00,NO_TRADE,0.61057866,0,0.0,1
2025-12-30 00:00:00+00:00,NO_TRADE,0.5593311,1,0.0,0
2025-12-31 00:00:00+00:00,NO_TRADE,0.5441886,1,0.0,0
2026-01-01 00:00:00+00:00,LONG,0.7124786,1,0.0,0
2026-01-02 00:00:00+00:00,NO_TRADE,0.5665362,1,0.0,0
2026-01-03 00:00:00+00:00,SHORT,0.62677926,1,0.0,0
2026-01-04 00:00:00+00:00,NO_TRADE,0.5345829,1,0.0,0
2026-01-05 00:00:00+00:00,NO_TRADE,0.5378816,1,0.0,0
2026-01-06 00:00:00+00:00,NO_TRADE,0.5366293,1,0.0,0
2026-01-07 00:00:00+00:00,LONG,0.7545668,1,0.0,0
2026-01-08 00:00:00+00:00,LONG,0.67948806,1,0.0,0
2026-01-09 00:00:00+00:00,NO_TRADE,0.5345938,1,0.0,0
2026-01-10 00:00:00+00:00,LONG,0.7306641,1,0.0,0
2026-01-11 00:00:00+00:00,NO_TRADE,0.5621207,1,0.0,0
2026-01-12 00:00:00+00:00,NO_TRADE,0.6197891,0,0.0,1
2026-01-13 00:00:00+00:00,NO_TRADE,0.56610996,0,0.0,1
2026-01-14 00:00:00+00:00,NO_TRADE,0.6120402,0,0.0,1
2026-01-15 00:00:00+00:00,NO_TRADE,0.598802,0,0.0,1
2026-01-16 00:00:00+00:00,NO_TRADE,0.62584734,0,0.0,1
2026-01-17 00:00:00+00:00,NO_TRADE,0.5735063,0,0.0,1
2026-01-18 00:00:00+00:00,NO_TRADE,0.5960396,0,0.0,1
2026-01-19 00:00:00+00:00,NO_TRADE,0.6162653,0,0.0,1
2026-01-20 00:00:00+00:00,NO_TRADE,0.6133335,0,0.0,1
2026-01-21 00:00:00+00:00,NO_TRADE,0.70234483,0,0.0,1
2026-01-22 00:00:00+00:00,NO_TRADE,0.52869034,0,0.0,1
2026-01-23 00:00:00+00:00,NO_TRADE,0.5328873,0,0.0,1
2026-01-24 00:00:00+00:00,SHORT,0.6357621,1,0.0,0
2026-01-25 00:00:00+00:00,LONG,0.7211021,1,0.0,0
2026-01-26 00:00:00+00:00,NO_TRADE,0.5366124,1,0.0,0
2026-01-27 00:00:00+00:00,NO_TRADE,0.52742326,1,0.0,0
2026-01-28 00:00:00+00:00,NO_TRADE,0.5143781,1,0.0,0
2026-01-29 00:00:00+00:00,NO_TRADE,0.5935951,1,0.0,0
2026-01-30 00:00:00+00:00,SHORT,0.6363095,1,1.0,0
2026-01-31 00:00:00+00:00,NO_TRADE,0.8133493,0,1.0,1
2026-02-01 00:00:00+00:00,NO_TRADE,0.8531652,0,2.0,1
2026-02-02 00:00:00+00:00,NO_TRADE,0.63865954,0,1.0,1
2026-02-03 00:00:00+00:00,NO_TRADE,0.6008479,0,1.0,1
2026-02-04 00:00:00+00:00,NO_TRADE,0.5876046,1,1.0,0
2026-02-05 00:00:00+00:00,SHORT,0.7156707,1,1.0,0
2026-02-06 00:00:00+00:00,NO_TRADE,0.5492005,1,2.0,0
2026-02-07 00:00:00+00:00,LONG,0.640647,1,2.0,0
2026-02-08 00:00:00+00:00,SHORT,0.669948,1,2.0,0
2026-02-09 00:00:00+00:00,NO_TRADE,0.5528626,1,2.0,0
2026-02-10 00:00:00+00:00,LONG,0.6253751,1,2.0,0
2026-02-11 00:00:00+00:00,LONG,0.82046974,1,2.0,0
2026-02-12 00:00:00+00:00,NO_TRADE,0.5760556,1,2.0,0
2026-02-13 00:00:00+00:00,LONG,0.6648741,1,2.0,0
2026-02-14 00:00:00+00:00,NO_TRADE,0.5233291,1,2.0,0
2026-02-15 00:00:00+00:00,NO_TRADE,0.59808743,1,2.0,0
2026-02-16 00:00:00+00:00,LONG,0.8725241,1,2.0,0
2026-02-17 00:00:00+00:00,LONG,0.78566074,1,2.0,0
2026-02-18 00:00:00+00:00,LONG,0.7650688,1,2.0,0
2026-02-19 00:00:00+00:00,LONG,0.8002242,1,2.0,0
2026-02-20 00:00:00+00:00,LONG,0.61926985,1,1.0,0
2026-02-21 00:00:00+00:00,NO_TRADE,0.56612176,1,1.0,0
2026-02-22 00:00:00+00:00,NO_TRADE,0.50001043,1,1.0,0
2026-02-23 00:00:00+00:00,NO_TRADE,0.5090385,1,1.0,0
2026-02-24 00:00:00+00:00,NO_TRADE,0.56054556,0,1.0,1
2026-02-25 00:00:00+00:00,NO_TRADE,0.6456676,0,1.0,1
2026-02-26 00:00:00+00:00,NO_TRADE,0.60856944,0,2.0,1
2026-02-27 00:00:00+00:00,NO_TRADE,0.6524179,0,1.0,1
2026-02-28 00:00:00+00:00,NO_TRADE,0.5905836,0,1.0,1
2026-03-01 00:00:00+00:00,NO_TRADE,0.73330003,0,1.0,1
2026-03-02 00:00:00+00:00,NO_TRADE,0.559046,0,1.0,1
2026-03-03 00:00:00+00:00,NO_TRADE,0.56590545,0,1.0,1
2026-03-04 00:00:00+00:00,NO_TRADE,0.60627747,0,1.0,1
2026-03-05 00:00:00+00:00,NO_TRADE,0.5095765,0,2.0,1
2026-03-06 00:00:00+00:00,NO_TRADE,0.5682935,0,2.0,1
2026-03-07 00:00:00+00:00,NO_TRADE,0.6857293,0,2.0,1
2026-03-08 00:00:00+00:00,SHORT,0.8688693,1,1.0,0
2026-03-09 00:00:00+00:00,NO_TRADE,0.5299169,1,1.0,0
2026-03-10 00:00:00+00:00,NO_TRADE,0.5186429,0,1.0,1
2026-03-11 00:00:00+00:00,NO_TRADE,0.592358,0,1.0,1
2026-03-12 00:00:00+00:00,NO_TRADE,0.5763082,0,1.0,1
2026-03-13 00:00:00+00:00,NO_TRADE,0.5013164,1,1.0,0
2026-03-14 00:00:00+00:00,SHORT,0.61789227,1,1.0,0
2026-03-15 00:00:00+00:00,NO_TRADE,0.58331746,1,1.0,0
2026-03-16 00:00:00+00:00,NO_TRADE,0.5876372,1,1.0,0
2026-03-17 00:00:00+00:00,LONG,0.8205776,1,1.0,0
2026-03-18 00:00:00+00:00,NO_TRADE,0.5509911,1,1.0,0
2026-03-19 00:00:00+00:00,NO_TRADE,0.5208795,1,1.0,0
2026-03-20 00:00:00+00:00,SHORT,0.7469038,1,1.0,0
2026-03-21 00:00:00+00:00,NO_TRADE,0.6529844,0,1.0,1
2026-03-22 00:00:00+00:00,NO_TRADE,0.6032801,0,1.0,1
2026-03-23 00:00:00+00:00,NO_TRADE,0.5120275,0,0.0,1
2026-03-24 00:00:00+00:00,NO_TRADE,0.6368698,0,1.0,1
2026-03-25 00:00:00+00:00,NO_TRADE,0.738617,0,1.0,1
2026-03-26 00:00:00+00:00,NO_TRADE,0.585675,1,1.0,0
2026-03-27 00:00:00+00:00,NO_TRADE,0.58408904,1,1.0,0
2026-03-28 00:00:00+00:00,LONG,0.65476537,1,1.0,0
2026-03-29 00:00:00+00:00,NO_TRADE,0.57318753,1,1.0,0
2026-03-30 00:00:00+00:00,LONG,0.64238495,1,1.0,0
2026-03-31 00:00:00+00:00,NO_TRADE,0.6221218,0,0.0,1
2026-04-01 00:00:00+00:00,NO_TRADE,0.5929403,1,0.0,0
2026-04-02 00:00:00+00:00,LONG,0.65501356,1,0.0,0
2026-04-03 00:00:00+00:00,NO_TRADE,0.5657676,1,0.0,0
2026-04-04 00:00:00+00:00,NO_TRADE,0.5515993,1,0.0,0
2026-04-05 00:00:00+00:00,NO_TRADE,0.67669666,0,0.0,1
2026-04-06 00:00:00+00:00,NO_TRADE,0.65082616,0,0.0,1
2026-04-07 00:00:00+00:00,NO_TRADE,0.53583074,0,0.0,1
2026-04-08 00:00:00+00:00,NO_TRADE,0.589079,0,1.0,1
2026-04-09 00:00:00+00:00,NO_TRADE,0.5830802,0,0.0,1
2026-04-10 00:00:00+00:00,NO_TRADE,0.65094113,0,0.0,1
2026-04-11 00:00:00+00:00,NO_TRADE,0.6482245,0,0.0,1
2026-04-12 00:00:00+00:00,NO_TRADE,0.5086499,0,0.0,1
2026-04-13 00:00:00+00:00,NO_TRADE,0.5524522,1,0.0,0
2026-04-14 00:00:00+00:00,NO_TRADE,0.55459297,1,1.0,0
2026-04-15 00:00:00+00:00,NO_TRADE,0.52556443,1,1.0,0
2026-04-16 00:00:00+00:00,NO_TRADE,0.5276791,1,1.0,0
2026-04-17 00:00:00+00:00,NO_TRADE,0.58995974,0,0.0,1
2026-04-18 00:00:00+00:00,NO_TRADE,0.66389364,0,1.0,1
2026-04-19 00:00:00+00:00,NO_TRADE,0.5487758,1,0.0,0
2026-04-20 00:00:00+00:00,NO_TRADE,0.5705671,0,1.0,1
2026-04-21 00:00:00+00:00,NO_TRADE,0.5893201,0,1.0,1
2026-04-22 00:00:00+00:00,NO_TRADE,0.52433157,0,0.0,1
2026-04-23 00:00:00+00:00,NO_TRADE,0.59382856,0,0.0,1
2026-04-24 00:00:00+00:00,NO_TRADE,0.6137191,0,0.0,1
2026-04-25 00:00:00+00:00,NO_TRADE,0.55168533,0,0.0,1
2026-04-26 00:00:00+00:00,NO_TRADE,0.5254208,0,0.0,1
2026-04-27 00:00:00+00:00,NO_TRADE,0.6345238,0,0.0,1
2026-04-28 00:00:00+00:00,NO_TRADE,0.6702818,0,0.0,1
2026-04-29 00:00:00+00:00,NO_TRADE,0.57742715,1,0.0,0
2026-04-30 00:00:00+00:00,NO_TRADE,0.53058624,1,0.0,0
2026-05-01 00:00:00+00:00,NO_TRADE,0.5538504,1,0.0,0
2026-05-02 00:00:00+00:00,SHORT,0.627796,1,0.0,0
2026-05-03 00:00:00+00:00,NO_TRADE,0.51347363,1,0.0,0
2026-05-04 00:00:00+00:00,LONG,0.7232656,1,0.0,0
2026-05-05 00:00:00+00:00,LONG,0.7004778,1,0.0,0
2026-05-06 00:00:00+00:00,NO_TRADE,0.57894605,1,0.0,0
2026-05-07 00:00:00+00:00,NO_TRADE,0.53668666,1,0.0,0
2026-05-08 00:00:00+00:00,NO_TRADE,0.7503325,0,0.0,1
2026-05-09 00:00:00+00:00,NO_TRADE,0.7713541,0,0.0,1
2026-05-10 00:00:00+00:00,NO_TRADE,0.5176621,1,0.0,0
2026-05-11 00:00:00+00:00,NO_TRADE,0.5171342,1,0.0,0
2026-05-12 00:00:00+00:00,NO_TRADE,0.55842435,1,0.0,0
2026-05-13 00:00:00+00:00,LONG,0.7491439,1,0.0,0
2026-05-14 00:00:00+00:00,LONG,0.68796897,1,0.0,0
2026-05-15 00:00:00+00:00,SHORT,0.69565153,1,0.0,0
2026-05-16 00:00:00+00:00,SHORT,0.71626925,1,0.0,0
2026-05-17 00:00:00+00:00,LONG,0.7090757,1,0.0,0
2026-05-18 00:00:00+00:00,SHORT,0.6736038,1,0.0,0
2026-05-19 00:00:00+00:00,LONG,0.71719044,1,0.0,0
2026-05-20 00:00:00+00:00,NO_TRADE,0.5599752,1,0.0,0
2026-05-21 00:00:00+00:00,SHORT,0.680298,1,0.0,0
2026-05-22 00:00:00+00:00,LONG,0.6572906,1,0.0,0
2026-05-23 00:00:00+00:00,SHORT,0.6477638,1,0.0,0
2026-05-24 00:00:00+00:00,LONG,0.7754901,1,0.0,0
2026-05-25 00:00:00+00:00,SHORT,0.82478136,1,0.0,0
2026-05-26 00:00:00+00:00,LONG,0.62371826,1,0.0,0
2026-05-27 00:00:00+00:00,NO_TRADE,0.639773,0,0.0,1
2026-05-28 00:00:00+00:00,NO_TRADE,0.6121791,0,0.0,1
2026-05-29 00:00:00+00:00,NO_TRADE,0.6349804,0,0.0,1
2026-05-30 00:00:00+00:00,NO_TRADE,0.5396707,0,0.0,1
2026-05-31 00:00:00+00:00,NO_TRADE,0.5407592,0,0.0,1
2026-06-01 00:00:00+00:00,NO_TRADE,0.74541914,0,0.0,1
2026-06-02 00:00:00+00:00,NO_TRADE,0.50492764,1,0.0,0
2026-06-03 00:00:00+00:00,LONG,0.73430294,1,1.0,0
2026-06-04 00:00:00+00:00,LONG,0.76330465,1,1.0,0
2026-06-05 00:00:00+00:00,SHORT,0.6153209,1,1.0,0
2026-06-06 00:00:00+00:00,LONG,0.8527172,1,1.0,0
2026-06-07 00:00:00+00:00,LONG,0.6120464,1,1.0,0
2026-06-08 00:00:00+00:00,LONG,0.6146384,1,1.0,0
2026-06-09 00:00:00+00:00,NO_TRADE,0.5012149,1,1.0,0
2026-06-10 00:00:00+00:00,NO_TRADE,0.5297101,0,1.0,1
2026-06-11 00:00:00+00:00,NO_TRADE,0.5506426,0,1.0,1
2026-06-12 00:00:00+00:00,NO_TRADE,0.547752,0,1.0,1
2026-06-13 00:00:00+00:00,NO_TRADE,0.5323036,0,1.0,1
2026-06-14 00:00:00+00:00,LONG,0.60114855,1,1.0,0
2026-06-15 00:00:00+00:00,NO_TRADE,0.5271106,1,1.0,0
2026-06-16 00:00:00+00:00,NO_TRADE,0.54408693,0,0.0,1
2026-06-17 00:00:00+00:00,NO_TRADE,0.52139,0,0.0,1
2026-06-18 00:00:00+00:00,NO_TRADE,0.69705623,0,0.0,1
2026-06-19 00:00:00+00:00,NO_TRADE,0.5166478,0,0.0,1
2026-06-20 00:00:00+00:00,NO_TRADE,0.5973665,0,0.0,1
2026-06-21 00:00:00+00:00,NO_TRADE,0.6321616,0,0.0,1
2026-06-22 00:00:00+00:00,NO_TRADE,0.54449797,0,0.0,1
2026-06-23 00:00:00+00:00,NO_TRADE,0.64073247,0,0.0,1
2026-06-24 00:00:00+00:00,NO_TRADE,0.5318257,1,0.0,0
2026-06-25 00:00:00+00:00,NO_TRADE,0.576765,1,0.0,0
2026-06-26 00:00:00+00:00,LONG,0.73030853,1,0.0,0
2026-06-27 00:00:00+00:00,LONG,0.6903275,1,0.0,0
2026-06-28 00:00:00+00:00,LONG,0.71192026,1,0.0,0
2026-06-29 00:00:00+00:00,NO_TRADE,0.5826005,1,0.0,0
2026-06-30 00:00:00+00:00,NO_TRADE,0.50247157,1,0.0,0
2026-07-01 00:00:00+00:00,NO_TRADE,0.5767051,0,0.0,1
2026-07-02 00:00:00+00:00,NO_TRADE,0.64712197,0,0.0,1
2026-07-03 00:00:00+00:00,NO_TRADE,0.7287121,0,0.0,1
2026-07-04 00:00:00+00:00,NO_TRADE,0.53568673,0,0.0,1
2026-07-05 00:00:00+00:00,NO_TRADE,0.5054575,0,0.0,1
2026-07-06 00:00:00+00:00,NO_TRADE,0.5111705,0,0.0,1
2026-07-07 00:00:00+00:00,NO_TRADE,0.6125417,0,0.0,1
2026-07-08 00:00:00+00:00,NO_TRADE,0.508993,0,0.0,1
2026-07-09 00:00:00+00:00,NO_TRADE,0.5890375,0,0.0,1
2026-07-10 00:00:00+00:00,NO_TRADE,0.54973733,0,0.0,1
2026-07-11 00:00:00+00:00,NO_TRADE,0.65537226,0,0.0,1
2026-07-12 00:00:00+00:00,NO_TRADE,0.58945453,0,0.0,1
2026-07-13 00:00:00+00:00,NO_TRADE,0.6437089,0,0.0,1
2026-07-14 00:00:00+00:00,NO_TRADE,0.6897894,0,0.0,1
2026-07-15 00:00:00+00:00,NO_TRADE,0.53429925,0,0.0,1
2026-07-16 00:00:00+00:00,NO_TRADE,0.632278,0,0.0,1
2026-07-17 00:00:00+00:00,NO_TRADE,0.56518656,0,0.0,1
2026-07-18 00:00:00+00:00,NO_TRADE,0.5163512,0,0.0,1
2026-07-19 00:00:00+00:00,NO_TRADE,0.53104824,0,0.0,1
2026-07-20 00:00:00+00:00,NO_TRADE,0.69863635,0,0.0,1
2026-07-21 00:00:00+00:00,NO_TRADE,0.506203,0,0.0,1
2026-07-22 00:00:00+00:00,NO_TRADE,0.6084548,0,0.0,1
2026-07-23 00:00:00+00:00,NO_TRADE,0.59130627,1,0.0,0
2026-07-24 00:00:00+00:00,NO_TRADE,0.54205847,1,0.0,0
2026-07-25 00:00:00+00:00,NO_TRADE,0.5613942,1,0.0,0
2026-07-26 00:00:00+00:00,NO_TRADE,0.5790888,1,0.0,0
2026-07-27 00:00:00+00:00,SHORT,0.6790385,1,0.0,0
2026-07-28 00:00:00+00:00,SHORT,0.63724726,1,0.0,0
2026-07-29 00:00:00+00:00,NO_TRADE,0.54049927,1,0.0,0
2026-07-30 00:00:00+00:00,NO_TRADE,0.5101539,0,0.0,1
2026-07-31 00:00:00+00:00,NO_TRADE,0.59054184,0,0.0,1
2026-08-01 00:00:00+00:00,NO_TRADE,0.5455749,0,0.0,1
2026-08-02 00:00:00+00:00,NO_TRADE,0.6188363,0,0.0,1
2026-08-03 00:00:00+00:00,NO_TRADE,0.5360998,0,0.0,1
2026-08-04 00:00:00+00:00,SHORT,0.77757007,1,0.0,0
2026-08-05 00:00:00+00:00,LONG,0.6324703,1,0.0,0
2026-08-06 00:00:00+00:00,NO_TRADE,0.5195925,1,0.0,0
2026-08-07 00:00:00+00:00,LONG,0.7910599,1,0.0,0
2026-08-08 00:00:00+00:00,LONG,0.7658724,1,0.0,0
2026-08-09 00:00:00+00:00,NO_TRADE,0.5776505,1,0.0,0
2026-08-10 00:00:00+00:00,SHORT,0.63919413,1,0.0,0
2026-08-11 00:00:00+00:00,NO_TRADE,0.5832456,1,0.0,0
2026-08-12 00:00:00+00:00,NO_TRADE,0.56102186,0,0.0,1
2026-08-13 00:00:00+00:00,NO_TRADE,0.5617646,0,0.0,1
2026-08-14 00:00:00+00:00,NO_TRADE,0.576712,0,0.0,1
2026-08-15 00:00:00+00:00,NO_TRADE,0.50916743,0,0.0,1
2026-08-16 00:00:00+00:00,NO_TRADE,0.6181619,0,0.0,1
2026-08-17 00:00:00+00:00,NO_TRADE,0.53317285,0,0.0,1
2026-08-18 00:00:00+00:00,NO_TRADE,0.5432933,0,0.0,1
2026-08-19 00:00:00+00:00,NO_TRADE,0.62383765,0,0.0,1
2026-08-20 00:00:00+00:00,NO_TRADE,0.7474037,0,1.0,1
2026-08-21 00:00:00+00:00,NO_TRADE,0.66075325,0,1.0,1
2026-08-22 00:00:00+00:00,NO_TRADE,0.5865103,0,2.0,1
2026-08-23 00:00:00+00:00,NO_TRADE,0.59858674,0,2.0,1
2026-08-24 00:00:00+00:00,NO_TRADE,0.50759405,0,2.0,1
2026-08-25 00:00:00+00:00,NO_TRADE,0.68663,0,1.0,1
2026-08-26 00:00:00+00:00,NO_TRADE,0.5598191,1,1.0,0
2026-08-27 00:00:00+00:00,NO_TRADE,0.55776477,1,1.0,0
2026-08-28 00:00:00+00:00,LONG,0.63016325,1,1.0,0
2026-08-29 00:00:00+00:00,SHORT,0.6953557,1,1.0,0
2026-08-30 00:00:00+00:00,SHORT,0.70508814,1,1.0,0
2026-08-31 00:00:00+00:00,LONG,0.7856088,1,1.0,0
2026-09-01 00:00:00+00:00,NO_TRADE,0.5030759,1,1.0,0
2026-09-02 00:00:00+00:00,LONG,0.77598304,1,0.0,0
2026-09-03 00:00:00+00:00,NO_TRADE,0.5699881,1,0.0,0
2026-09-04 00:00:00+00:00,NO_TRADE,0.54656875,0,1.0,1
2026-09-05 00:00:00+00:00,NO_TRADE,0.65762776,0,1.0,1
2026-09-06 00:00:00+00:00,NO_TRADE,0.65723073,0,1.0,1
2026-09-07 00:00:00+00:00,NO_TRADE,0.5181185,0,0.0,1
2026-09-08 00:00:00+00:00,NO_TRADE,0.6337493,0,0.0,1
2026-09-09 00:00:00+00:00,NO_TRADE,0.5680889,0,0.0,1
2026-09-10 00:00:00+00:00,NO_TRADE,0.60763764,0,0.0,1
2026-09-11 00:00:00+00:00,NO_TRADE,0.6409884,0,0.0,1
2026-09-12 00:00:00+00:00,LONG,0.65575284,1,0.0,0
2026-09-13 00:00:00+00:00,NO_TRADE,0.5681224,1,0.0,0
2026-09-14 00:00:00+00:00,NO_TRADE,0.57574755,1,0.0,0
2026-09-15 00:00:00+00:00,SHORT,0.8054756,1,0.0,0
2026-09-16 00:00:00+00:00,SHORT,0.8071208,1,0.0,0
2026-09-17 00:00:00+00:00,SHORT,0.7813567,1,0.0,0
2026-09-18 00:00:00+00:00,NO_TRADE,0.5857299,1,0.0,0
2026-09-19 00:00:00+00:00,NO_TRADE,0.50090647,1,1.0,0
2026-09-20 00:00:00+00:00,LONG,0.8013902,1,1.0,0
2026-09-21 00:00:00+00:00,SHORT,0.7102579,1,1.0,0
2026-09-22 00:00:00+00:00,SHORT,0.77286035,1,1.0,0
2026-09-23 00:00:00+00:00,NO_TRADE,0.57561827,1,1.0,0
2026-09-24 00:00:00+00:00,LONG,0.62638825,1,1.0,0
2026-09-25 00:00:00+00:00,NO_TRADE,0.51429933,0,1.0,1
2026-09-26 00:00:00+00:00,NO_TRADE,0.67842364,0,1.0,1
2026-09-27 00:00:00+00:00,NO_TRADE,0.50625324,0,1.0,1
2026-09-28 00:00:00+00:00,NO_TRADE,0.59154284,0,0.0,1
2026-09-29 00:00:00+00:00,NO_TRADE,0.582861602306366,0,0.0,1
2026-09-30 00:00:00+00:00,NO_TRADE,0.582706093788147,0,0.0,1
2026-10-01 00:00:00+00:00,NO_TRADE,0.5519536137580872,0,0.0,1
2026-10-02 00:00:00+00:00,NO_TRADE,0.6891025304794312,0,0.0,1
