threshold,coverage,directional_accuracy
0.6,0.42754367934224047,0.7884615384615384
0.65,0.276121959575197,0.8498759305210918
0.7,0.17266187050359713,0.8690476190476191
