date,Close,log_return,garch_vol
2018-01-02,14675.11,0.09239180672703995,0.07141858720092677
2018-01-03,14919.51,0.016516890986130406,0.07294064917594267
2018-01-04,15059.54,0.00934192500328912,0.06846227997886287
2018-01-05,16960.39,0.11886894796584535,0.064182648106869
2018-01-06,17069.79,0.006429609063577146,0.07090171620916104
2018-01-07,16150.03,-0.05538832719388509,0.06640529920761969
2018-01-08,14902.54,-0.0803902390303346,0.06462174623565
2018-01-09,14400.0,-0.03430346163979081,0.06566379580049349
2018-01-10,14907.09,0.03460873212019244,0.0624700734812166
2018-01-11,13238.78,-0.11868653745400337,0.05957950623752172
2018-01-12,13740.01,0.0371616133478323,0.06729546229082392
2018-01-13,14210.0,0.03363392751303351,0.06411718672387823
2018-01-14,13474.99,-0.05311056742925224,0.06102381014856197
2018-01-15,13539.93,0.004807722923947821,0.0596374465069585
2018-01-16,10900.0,-0.21688030836860683,0.05597010755839487
2018-01-17,10988.79,0.008112873027979361,0.08632451759756755
2018-01-18,10961.97,-0.0024436523697719537,0.08071563561004651
2018-01-19,11474.98,0.045737003132394705,0.07547539975614027
2018-01-20,12799.94,0.10927147038888485,0.07207412739585367
2018-01-21,11530.0,-0.10448814913361737,0.07577116199884029
2018-01-22,10760.05,-0.06911213271797756,0.07818792406604201
2018-01-23,10799.18,0.0036300037587384537,0.07631375728276683
2018-01-24,11349.99,0.04974665754802565,0.07139892543880463
2018-01-25,11175.27,-0.015513561588170077,0.06865576494023087
2018-01-26,11089.0,-0.0077496753105048555,0.06448032906518725
2018-01-27,11491.0,0.03561049430441798,0.06047821891319902
2018-01-28,11879.95,0.0332879848959351,0.05783036229471063
2018-01-29,11251.0,-0.05439509158249756,0.055287678332294796
2018-01-30,10237.51,-0.09439858760924658,0.05469732847521582
2018-01-31,10285.1,0.0046378199753878135,0.0594044342299491
2018-02-01,9224.52,-0.10883108990254975,0.055753364401721496
2018-02-02,8873.03,-0.0388488171614263,0.06262946568968455
2018-02-03,9199.96,0.036182797328356386,0.05998383846899461
2018-02-04,8184.81,-0.11691913886065741,0.05741776790670597
2018-02-05,6939.99,-0.1649796637633152,0.0653286279467151
2018-02-06,7652.14,0.09768501368551519,0.08037779050230613
2018-02-07,7599.0,-0.0069686875933516745,0.08124066862725227
2018-02-08,7784.02,0.024056254565827828,0.07599029097345793
2018-02-09,8683.92,0.10940012537559518,0.07149448463463189
2018-02-10,8533.98,-0.017417198432918113,0.07531204686269857
2018-02-11,8063.88,-0.05666101093024345,0.07067543284436813
2018-02-12,8903.0,0.0989934683256255,0.06854064526228329
2018-02-13,8539.9,-0.04163900046148683,0.07139315234751444
2018-02-14,9449.99,0.10126438517398562,0.06811045787246188
2018-02-15,10000.09,0.05658040964951283,0.07135361913540221
2018-02-16,10159.98,0.0158623806909155,0.06914074924802796
2018-02-17,11039.55,0.08302780550417488,0.06493658374022736
2018-02-18,10383.43,-0.0612730128352883,0.06625766542998017
2018-02-19,11153.0,0.07149725369905191,0.06501865562998102
2018-02-20,11200.99,0.004293647239373755,0.06497460544052781
2018-02-21,10437.6,-0.07058749628237315,0.060901201334571796
2018-02-22,9811.04,-0.06190638874009302,0.06131217437449329
2018-02-23,10131.04,0.032095696112001804,0.06072951866090417
2018-02-24,9694.51,-0.04404423244020528,0.05785362407629194
2018-02-25,9590.0,-0.010838857005756708,0.05605342047422326
2018-02-26,10324.0,0.0737503929610206,0.05274916840145095
2018-02-27,10569.04,0.023457690816911736,0.05478344664507298
2018-02-28,10326.76,-0.023190388304421106,0.05199566661869945
2018-03-01,10920.0,0.055857385947900795,0.04943837854453048
2018-03-02,11039.0,0.010838486719455531,0.049765752281316106
2018-03-03,11464.48,0.0378191028154955,0.0469623253195804
2018-03-04,11515.0,0.004396973420938366,0.04583854254577204
2018-03-05,11454.0,-0.005311519300983392,0.043244295904619125
2018-03-06,10716.48,-0.06655627045932455,0.040872189262724595
2018-03-07,9910.0,-0.07823839517044462,0.0440033565734621
2018-03-08,9271.64,-0.06658406963284946,0.048325978213688156
2018-03-09,9227.0,-0.0048263101126284624,0.05013234554643014
2018-03-10,8770.22,-0.05077207700814945,0.04719989952201846
2018-03-11,9533.57,0.08345736243611412,0.04727548622373149
2018-03-12,9131.34,-0.04310680129324851,0.051754701797245124
2018-03-13,9150.0,0.002041426556296244,0.05053817316790164
2018-03-14,8170.0,-0.11328497041551877,0.04755369831698574
2018-03-15,8240.98,0.00865036001644981,0.057327663174092575
2018-03-16,8260.0,0.0023053186445256557,0.05388427574708563
2018-03-17,7824.8,-0.0541264105387409,0.050640739697397255
2018-03-18,8189.99,0.04561449986886501,0.05061625304345174
2018-03-19,8600.0,0.04884952639645057,0.04975155409669079
2018-03-20,8909.98,0.03540979355182472,0.04929926805085369
2018-03-21,8885.0,-0.0028075352046723623,0.04773544172198768
2018-03-22,8722.9,-0.018412710167135415,0.0449762218215938
2018-03-23,8898.03,0.01987815248285507,0.04282553686477723
2018-03-24,8546.86,-0.040265939888987745,0.040937256404612855
2018-03-25,8470.15,-0.009015745963031563,0.04075457716964147
2018-03-26,8134.23,-0.040467134614262434,0.038658253958761636
2018-03-27,7795.51,-0.04253315653105183,0.038797441645253124
2018-03-28,7949.3,0.019535947550117783,0.03913676389402457
2018-03-29,7090.14,-0.11437878800473733,0.037580805140642874
2018-03-30,6840.23,-0.03588372967026032,0.050744254649465054
2018-03-31,6923.91,0.012159282162466312,0.04906534849365208
2018-04-01,6813.01,-0.016146619389951766,0.04635145471455893
2018-04-02,7056.0,0.03504429913185447,0.043990226880080696
2018-04-03,7405.21,0.048305487829903626,0.04297193775471492
2018-04-04,6796.1,-0.08583488829500219,0.04335878653780265
2018-04-05,6770.76,-0.003735577645429089,0.04910011156068257
2018-04-06,6601.39,-0.025333107675319155,0.04623925360229067
2018-04-07,6895.8,0.043632297701988065,0.04431838053071599
2018-04-08,7018.0,0.017565746540391558,0.04403496826491021
2018-04-09,6782.72,-0.034100075718871636,0.041932454044854885
2018-04-10,6843.9,0.008979543142650925,0.0410700015638787
2018-04-11,6953.79,0.015929090097948517,0.03894583798272162
2018-04-12,7923.0,0.1304830873003553,0.03723756017334283
2018-04-13,7877.41,-0.0057707523435404084,0.0542754946408506
2018-04-14,7999.01,0.01531861438260762,0.05102911481145694
2018-04-15,8355.0,0.0435423780251849,0.04824495493699084
2018-04-16,8064.92,-0.0353363699242184,0.04747100396113934
2018-04-17,7885.02,-0.022559035249718917,0.04609472317777659
2018-04-18,8173.0,0.03587128166057241,0.044037493764452706
2018-04-19,8278.0,0.012765354792547257,0.04308181007671303
2018-04-20,8856.98,0.06760445539741866,0.04088770324012932
2018-04-21,8915.31,0.006564174841322767,0.04417481988520418
2018-04-22,8787.02,-0.014494390964488346,0.04174402848351723
2018-04-23,8934.01,0.01658970964796147,0.03972520145125172
2018-04-24,9619.99,0.0739778829272808,0.03797301761452986
2018-04-25,8869.99,-0.08116955625089872,0.042918974115926684
2018-04-26,9266.0,0.04367811806931954,0.04796081168110405
2018-04-27,8915.35,-0.03857727677528722,0.04723314330852666
2018-04-28,9348.0,0.04738790645744295,0.04614183728221682
2018-04-29,9419.0,0.0075665091640679805,0.046002241497680875
2018-04-30,9246.01,-0.018536818726452964,0.043438317542795
2018-05-01,9071.48,-0.019056680995626962,0.04143144158479822
2018-05-02,9247.84,0.019254584623695337,0.03963337063846186
2018-05-03,9750.0,0.052877274267460805,0.038015165493049834
2018-05-04,9713.99,-0.0037001705287753595,0.0397236231094855
2018-05-05,9864.0,0.015324651381062537,0.03762670540803231
2018-05-06,9659.01,-0.021000607361559176,0.0360160333848655
2018-05-07,9365.0,-0.03091182260443226,0.034854611532266426
2018-05-08,9187.56,-0.019128940766176328,0.034565233550799504
2018-05-09,9310.0,0.013238696159099561,0.03344477196781113
2018-05-10,9002.2,-0.033620099379986,0.03214749044661507
2018-05-11,8400.0,-0.06923728605972101,0.03247889767229113
2018-05-12,8465.94,0.007819349052130775,0.03792988403164583
2018-05-13,8679.71,0.024937063074480292,0.036051399919879594
2018-05-14,8663.34,-0.0018877884641455012,0.035143732082612324
2018-05-15,8462.0,-0.023514777213858196,0.033427549649607785
2018-05-16,8330.0,-0.015722096119123563,0.03271260422018763
2018-05-17,8041.46,-0.035252797433914296,0.03160101594815207
2018-05-18,8239.81,0.024366626658270718,0.03218505254521036
2018-05-19,8233.49,-0.0007673022782412886,0.03167777510541348
2018-05-20,8526.98,0.035025271141501335,0.03026969631472608
2018-05-21,8381.24,-0.017239379358676032,0.03102983016451658
2018-05-22,7977.11,-0.04941968442854616,0.030175947193988462
2018-05-23,7501.95,-0.0614132037310231,0.032849902276615106
2018-05-24,7575.01,0.009691684778450949,0.036848166795226664
2018-05-25,7457.0,-0.015701482964916025,0.035111582365446814
2018-05-26,7333.96,-0.016637572977028725,0.033758923324670655
2018-05-27,7338.99,0.0006856153939089893,0.0325867075270381
2018-05-28,7099.0,-0.03324730192128911,0.031095002126679195
2018-05-29,7461.29,0.04977439246110116,0.03153837919916915
2018-05-30,7375.96,-0.011502258272255261,0.033993256656144
2018-05-31,7485.01,0.014676290629948241,0.03257692157435928
2018-06-01,7521.01,0.0047980835777625686,0.03142884725979159
2018-06-02,7640.03,0.015701092418485274,0.03008101820058802
2018-06-03,7714.26,0.00966903429778121,0.029244692755165752
2018-06-04,7487.0,-0.02990238092152353,0.028230616798711975
2018-06-05,7625.0,0.01826413924492698,0.028744429419127485
2018-06-06,7658.84,0.004428213760098387,0.028208947571903877
2018-06-07,7691.08,0.004200679535545149,0.027166081799565256
2018-06-08,7603.44,-0.011460439324659788,0.02622439829949858
2018-06-09,7491.73,-0.014801030973021767,0.025601801804860505
2018-06-10,6764.99,-0.10203896206637886,0.025223313870188824
2018-06-11,6872.0,0.01569440125689603,0.040443650717266556
2018-06-12,6530.0,-0.05104824139361597,0.03858780075237784
2018-06-13,6292.78,-0.0370039988334252,0.03996320409532455
2018-06-14,6635.98,0.053103414004969096,0.03959128038636531
2018-06-15,6388.9,-0.03794424886387482,0.04106618716597365
2018-06-16,6483.98,0.014772409756933058,0.040644831719804986
2018-06-17,6449.61,-0.0053148554896278455,0.03873455104641112
2018-06-18,6712.46,0.03994583692225717,0.03674129419990145
2018-06-19,6741.21,0.004273933248473583,0.03709063773897455
2018-06-20,6761.51,0.0030068038579091905,0.0352253868773224
2018-06-21,6718.84,-0.006330717304896538,0.033510150184949086
2018-06-22,6045.0,-0.10568403652030156,0.03199656796958855
2018-06-23,6149.98,0.017217345713863352,0.04524686860775142
2018-06-24,6136.97,-0.0021176947675520807,0.043022750298875055
2018-06-25,6252.0,0.01857027754616425,0.04063983127676316
2018-06-26,6070.78,-0.029414314919623763,0.03889263623793815
2018-06-27,6133.73,0.010315950128999773,0.03800004331482252
2018-06-28,5853.98,-0.04668127597212113,0.03617785319935869
2018-06-29,6197.92,0.05709198009629013,0.03739321791839902
2018-06-30,6390.07,0.030531471053254933,0.03979321124608405
2018-07-01,6356.81,-0.005218543750519444,0.038886159640646054
2018-07-02,6615.29,0.03985695716859894,0.036878544580741426
2018-07-03,6513.86,-0.015451421911738095,0.03719907336339061
2018-07-04,6586.98,0.011162758917985016,0.035634171754300524
2018-07-05,6529.2,-0.008810549072613583,0.034052483491221607
2018-07-06,6609.78,0.012265946107273606,0.03254688987127147
2018-07-07,6756.98,0.022025674267196038,0.03129859876781334
2018-07-08,6712.1,-0.006664176929376708,0.03072216073835142
2018-07-09,6662.12,-0.0074741155247473046,0.029477285618522076
2018-07-10,6296.91,-0.056378715333870844,0.028373603061829594
2018-07-11,6378.07,0.012806506870763457,0.0325729948756097
2018-07-12,6250.57,-0.02019288416513909,0.03134370246056304
2018-07-13,6214.57,-0.005776124470449062,0.03063637415188983
2018-07-14,6251.99,0.006003277950393127,0.02938101676158539
2018-07-15,6353.01,0.01602890327287021,0.02825192455312195
2018-07-16,6723.35,0.05665782588138413,0.0276361915648567
2018-07-17,7317.44,0.08467399780455231,0.03206753600674739
2018-07-18,7381.9,0.008770518023085927,0.04065105082712281
2018-07-19,7466.21,0.011356449556526371,0.03855797080145455
2018-07-20,7337.53,-0.017385233876318296,0.03671685832860179
2018-07-21,7398.78,0.008312848021665431,0.0352875872204363
2018-07-22,7394.79,-0.000539423559931862,0.03365592905992993
2018-07-23,7721.01,0.04316948630123818,0.03206719883270429
2018-07-24,8397.24,0.08395789593441805,0.03351882282958832
2018-07-25,8175.64,-0.026744079248489427,0.041509226263154335
2018-07-26,7920.0,-0.031767795354452844,0.04014348849275194
2018-07-27,8188.57,0.0333480736191305,0.03929496521904415
2018-07-28,8225.04,0.004443880416030055,0.038676828830619014
2018-07-29,8211.0,-0.0017084411348431416,0.036676971989308915
2018-07-30,8173.92,-0.004526120762385233,0.034825770665360044
2018-07-31,7730.93,-0.05571943212300745,0.03316314786757571
2018-08-01,7604.58,-0.016478468479517616,0.036183317139009324
2018-08-02,7525.71,-0.010425539018219965,0.03476235939104099
2018-08-03,7418.78,-0.014310535167938454,0.033237946654297156
2018-08-04,7009.84,-0.05669974692594515,0.03200694303817046
2018-08-05,7024.19,0.002045029831224454,0.03542419693660111
2018-08-06,6934.82,-0.012804807950120178,0.03368422052424255
2018-08-07,6720.06,-0.03145801506411594,0.03234616450491448
2018-08-08,6285.0,-0.06693124102441672,0.03243398754308286
2018-08-09,6529.79,0.03820894146407916,0.0374812398140338
2018-08-10,6144.01,-0.06089716005807588,0.03754745083104929
2018-08-11,6232.35,0.014275845289050793,0.04047570096980799
2018-08-12,6308.33,0.012117513516413325,0.03856201656985433
2018-08-13,6246.35,-0.009873689099787697,0.03674478599150792
2018-08-14,6188.08,-0.009372432278416554,0.03502256813030722
2018-08-15,6267.16,0.012698440598050809,0.03344293976974315
2018-08-16,6311.75,0.007089674188074824,0.03212410153868463
2018-08-17,6584.49,0.042303907787184514,0.03075552400990177
2018-08-18,6387.96,-0.030301914856385892,0.03232141402258269
2018-08-19,6477.53,0.01392429626744729,0.03230259090170165
2018-08-20,6254.84,-0.03498370080450286,0.03114792173747288
2018-08-21,6480.0,0.03536494630884235,0.03177006629424001
2018-08-22,6360.89,-0.018552205695518964,0.032341268581298856
2018-08-23,6525.01,0.025474181105966665,0.03142204607541565
2018-08-24,6681.64,0.023720980623560095,0.031094948978505624
2018-08-25,6733.64,0.0077523928581904045,0.030668606729133123
2018-08-26,6700.0,-0.005008332859462783,0.029455444024871515
2018-08-27,6908.64,0.03066527580341294,0.02829976373936601
2018-08-28,7076.11,0.023951519482311667,0.028883188925774753
2018-08-29,7031.22,-0.00636408895371865,0.028750917666250084
2018-08-30,6984.84,-0.006618146509982381,0.027692067045309476
2018-08-31,7011.21,0.0037682104884151357,0.02674602564378359
2018-09-01,7200.01,0.026572118202576434,0.025840592002021837
2018-09-02,7302.01,0.01406723781038366,0.026370808939502485
2018-09-03,7263.02,-0.005353932417026641,0.025860480112791767
2018-09-04,7359.06,0.01313648688962843,0.025075449033121013
2018-09-05,6700.0,-0.09382468079600059,0.024666719337883572
2018-09-06,6516.01,-0.02784530097444282,0.038094799709419196
2018-09-07,6395.54,-0.0186613529871007,0.037172285612889384
2018-09-08,6185.05,-0.03346578254922683,0.035762868895981154
2018-09-09,6250.81,0.010575965464806103,0.03559170568968106
2018-09-10,6312.0,0.009741528192618532,0.03399524751542885
2018-09-11,6294.91,-0.0027112132106275055,0.03252144276208024
2018-09-12,6338.62,0.006919708808448277,0.031046739403125644
2018-09-13,6487.38,0.023197672069711572,0.029776556443264764
2018-09-14,6476.63,-0.0016584378543225142,0.029470639504780207
2018-09-15,6514.96,0.00590075752350927,0.02827413508803027
2018-09-16,6505.0,-0.0015299589158246363,0.02725262248704773
2018-09-17,6248.69,-0.04019927018530822,0.026273131105798556
2018-09-18,6336.45,0.013946832938243503,0.028384479812883633
2018-09-19,6391.89,0.008711324587229896,0.02764141389915987
2018-09-20,6492.0,0.015540650347711349,0.026760382751955258
2018-09-21,6759.02,0.040307259479099855,0.026288092134475208
2018-09-22,6723.05,-0.00533598851616901,0.028411747002388594
2018-09-23,6708.0,-0.0022410766543128346,0.02736489897041672
2018-09-24,6581.39,-0.019054874732466587,0.026379211852481356
2018-09-25,6447.54,-0.020547306519356212,0.02618431166812636
2018-09-26,6465.12,0.0027229108273374436,0.026127111436524592
2018-09-27,6689.13,0.03406224730404617,0.025272133102364282
2018-09-28,6634.58,-0.008188455738146416,0.02674879921886012
2018-09-29,6596.38,-0.005774351391320209,0.025944821577244145
2018-09-30,6626.57,0.004566311217711672,0.025160162205436522
2018-10-01,6611.61,-0.00226013037565842,0.024433842021658853
2018-10-02,6525.79,-0.013065175876137758,0.02375299372855371
2018-10-03,6510.0,-0.002422562456494859,0.023500234097355542
2018-10-04,6593.79,0.012788840788173772,0.02292314887000259
2018-10-05,6635.65,0.006328331312571933,0.022758683214403382
2018-10-06,6594.27,-0.006255538195130583,0.02234120398110282
2018-10-07,6615.26,0.0031780112791537363,0.021970655670460307
2018-10-08,6673.01,0.008691931091451721,0.02157720676533774
2018-10-09,6656.61,-0.0024606865424718904,0.02138321308210508
2018-10-10,6631.0,-0.0038547235674961655,0.021049612376422472
2018-10-11,6252.68,-0.05874545054686742,0.020777096613559358
2018-10-12,6298.01,0.007223538643362559,0.027647129508337795
2018-10-13,6332.93,0.0055292937766537875,0.02672131459054515
2018-10-14,6339.34,0.0010116578240033647,0.025850004309585395
2018-10-15,6752.5,0.06313814460075129,0.02501105234825104
2018-10-16,6759.27,0.0010020893734168368,0.03139846774041318
2018-10-17,6740.89,-0.0027229323735902256,0.0300169524802434
2018-10-18,6618.96,-0.01825370577487817,0.028776301396514544
2018-10-19,6528.88,-0.013702845411440734,0.028236441428639257
2018-10-20,6588.4,0.00907511442824216,0.02749738292774708
2018-10-21,6590.11,0.000259513406234646,0.026643496476788896
2018-10-22,6581.2,-0.0013529408022598943,0.025721200398739916
2018-10-23,6553.51,-0.004216315551870409,0.0248972403823838
2018-10-24,6565.5,0.001827882338433895,0.02419281856753806
2018-10-25,6528.09,-0.005714261985446001,0.023534326349037224
2018-10-26,6538.63,0.0016132590712825134,0.023011552129345244
2018-10-27,6505.6,-0.005064318950868341,0.022481849262659805
2018-10-28,6489.93,-0.002411599618403315,0.022064281887916867
2018-10-29,6344.5,-0.0226634489786548,0.02165003914684224
2018-10-30,6330.87,-0.002150628384569586,0.02244205293053068
2018-10-31,6371.93,0.00646473895536559,0.02198150017492362
2018-11-01,6410.0,0.005956864506950765,0.02165984249061738
2018-11-02,6433.98,0.003734049393257166,0.021362258859859772
2018-11-03,6387.09,-0.007314554723070188,0.02104984083566158
2018-11-04,6485.85,0.015344115280427673,0.02086980095742517
2018-11-05,6468.99,-0.0026028896565168935,0.021145719833609116
2018-11-06,6519.11,0.007717872327008379,0.020842233367843823
2018-11-07,6578.46,0.009062811838116858,0.020702914156043813
2018-11-08,6479.84,-0.015104856690479451,0.020635917306667553
2018-11-09,6419.99,-0.009279258633064558,0.020928367895772845
2018-11-10,6433.05,0.0020322047538421373,0.02084170322932525
2018-11-11,6449.81,0.0026019081873638328,0.02056854284578229
2018-11-12,6453.07,0.0005053135531554176,0.020335151881962898
2018-11-13,6457.66,0.0007110365089157966,0.02011442083542508
2018-11-14,5922.41,-0.08652356242154902,0.019921643098538774
2018-11-15,5753.4,-0.028952476244432646,0.03371142925480541
2018-11-16,5655.94,-0.017084664071226996,0.0333928992391172
2018-11-17,5628.29,-0.004900654335793675,0.03228127716114475
2018-11-18,5662.0,0.005971520691176124,0.030855542564020504
2018-11-19,4910.03,-0.14249713492231209,0.02958311454009507
2018-11-20,4558.86,-0.07420745949631069,0.053190381088528825
2018-11-21,4661.07,0.02217244324317491,0.05521325635901465
2018-11-22,4370.0,-0.06448202640676293,0.052332620609994634
2018-11-23,4420.61,0.011514686509510597,0.05324979784038158
2018-11-24,3932.44,-0.11701759725291261,0.050181906660059034
2018-11-25,4085.78,0.038252554193137556,0.05995768625111569
2018-11-26,3862.2,-0.056275683252746234,0.05752772183125081
2018-11-27,3875.21,0.003362885580793673,0.05684808152279193
2018-11-28,4264.85,0.09580715545160601,0.05338254744068442
2018-11-29,4295.84,0.0072401022282448935,0.058586365565263684
2018-11-30,4041.32,-0.061075741284302154,0.05502554390095974
2018-12-01,4190.02,0.03613413591151371,0.0551690604890226
2018-12-02,4161.01,-0.006947673925981945,0.05306249314828557
2018-12-03,3884.01,-0.06888970817530371,0.04992543429369693
2018-12-04,3951.64,0.017262557527924827,0.051775235463514854
2018-12-05,3769.84,-0.04709812237798161,0.048993978314527134
2018-12-06,3508.75,-0.07177271154704634,0.048464320671010655
2018-12-07,3403.55,-0.03044084413648207,0.05095519794613516
2018-12-08,3410.93,0.002165976827358307,0.0488878725927005
2018-12-09,3545.37,0.038657545508275604,0.046033786765075
2018-12-10,3432.88,-0.032242967878472584,0.04508524171857803
2018-12-11,3380.39,-0.015408471560615311,0.043730816312526816
2018-12-12,3445.0,0.018932817011602765,0.0415702930452075
2018-12-13,3302.06,-0.04237738832719984,0.039753360433497455
2018-12-14,3224.17,-0.023870963355657082,0.03994353706507198
2018-12-15,3211.72,-0.0038689335989161577,0.03855392286836076
2018-12-16,3228.67,0.005263668546469091,0.03655806321560174
2018-12-17,3509.08,0.08328360712897442,0.034752746285341744
2018-12-18,3652.98,0.04018937798677236,0.04224725288842954
2018-12-19,3662.22,0.0025262480626864203,0.04189062339774808
2018-12-20,4049.62,0.1005535286471595,0.039603235122846144
2018-12-21,3838.66,-0.0534997021897361,0.0491336580776637
2018-12-22,3948.91,0.02831624409873612,0.049243046040513834
2018-12-23,3929.71,-0.004873959655055771,0.04721019246359734
2018-12-24,4008.01,0.019729226979576353,0.04451060885670726
2018-12-25,3745.79,-0.06766231613605989,0.04246055329976816
2018-12-26,3777.74,0.008493404576570995,0.04545198983688426
2018-12-27,3567.91,-0.057145957045561246,0.042950321994616285
2018-12-28,3839.26,0.07329964951128431,0.044399451138677756
2018-12-29,3695.32,-0.038212485527099105,0.04786602168166516
2018-12-30,3801.91,0.028436417865782104,0.04667409967738544
2018-12-31,3702.9,-0.0263872755984913,0.04489757759595927
2019-01-01,3797.14,0.025131855348199394,0.04316842907997445
2019-01-02,3858.56,0.016045905094793866,0.041533177387599214
2019-01-03,3766.78,-0.024073531785738567,0.039592773822225494
2019-01-04,3792.01,0.006675696426988509,0.03825152225503206
2019-01-05,3770.96,-0.00556661056611496,0.036322173856734266
2019-01-06,3987.6,0.05585993521242649,0.03454231308955344
2019-01-07,3975.45,-0.0030515969204376603,0.03730649185396689
2019-01-08,3955.13,-0.005124478781473485,0.035409912827701596
2019-01-09,3966.65,0.002908439295374876,0.03370386150797505
2019-01-10,3585.88,-0.1009179986058939,0.03212350487215854
2019-01-11,3601.31,0.004293757005466858,0.044228643470857004
2019-01-12,3583.13,-0.0050609480499446136,0.04176401217166642
2019-01-13,3476.81,-0.03012151338560365,0.03951136701573119
2019-01-14,3626.09,0.04203972603983708,0.03860402439048952
2019-01-15,3553.06,-0.02034572872980256,0.038917129603048425
2019-01-16,3591.84,0.0108554019840863,0.03742551812508861
2019-01-17,3616.21,0.0067619100468476745,0.03567065135957074
2019-01-18,3594.87,-0.005918686880882262,0.03397003531540235
2019-01-19,3665.3,0.01940235819347258,0.03240663426218247
2019-01-20,3539.28,-0.034986870748801024,0.03153144675395647
2019-01-21,3526.9,-0.0035040184843708744,0.03209683107217865
2019-01-22,3570.93,0.01240676792361306,0.030669147240134698
2019-01-23,3552.82,-0.005084411725233551,0.02961428595601663
2019-01-24,3569.62,0.004717493206436885,0.028444509875420364
2019-01-25,3565.29,-0.001213750567721661,0.027383083276690062
2019-01-26,3565.25,-1.1219346642832306e-05,0.02638886802501255
2019-01-27,3550.84,-0.004049982419134679,0.025492407070030774
2019-01-28,3434.15,-0.03341475285562723,0.024721725583375008
2019-01-29,3411.04,-0.0067522122258818484,0.02621600902606027
2019-01-30,3458.18,0.013725208982231507,0.025426799833008867
2019-01-31,3434.1,-0.006987556505922754,0.02500823176447442
2019-02-01,3462.07,0.008111793465488404,0.02435552145053206
2019-02-02,3504.77,0.012258221715457651,0.02381053355236844
2019-02-03,3458.11,-0.013402700741218965,0.023507386530723862
2019-02-04,3463.22,0.0014765950846022946,0.023304190526421267
2019-02-05,3471.59,0.002413910132883501,0.0227408361228926
2019-02-06,3405.37,-0.01925910483980786,0.02224890136476379
2019-02-07,3398.4,-0.0020488648023810896,0.022632202343100826
2019-02-08,3659.04,0.07389608530050928,0.022148963965504555
2019-02-09,3665.18,0.0016766294399506165,0.031871249875775914
2019-02-10,3680.06,0.004051609029863457,0.03044895278863974
2019-02-11,3631.05,-0.01340719374715249,0.029182630764976937
2019-02-12,3631.46,0.00011290862262036683,0.028327068640832266
2019-02-13,3609.4,-0.006093217726158784,0.027236626206002677
2019-02-14,3590.56,-0.005233374351931275,0.026324693455493965
2019-02-15,3602.47,0.003311542113424437,0.025488418885653497
2019-02-16,3618.41,0.004414981523567008,0.02470719442446333
2019-02-17,3667.58,0.013497341191241574,0.02402681774909572
2019-02-18,3898.6,0.061085470308546164,0.023764502097918017
2019-02-19,3907.79,0.0023544824804968556,0.030128303907691147
2019-02-20,3969.74,0.015728604560173665,0.028873812677420285
2019-02-21,3937.31,-0.00820285235134044,0.02817121327868577
2019-02-22,3962.0,0.006251199257121698,0.027219554135728675
2019-02-23,4117.76,0.0385603779120558,0.026313070187961946
2019-02-24,3743.56,-0.09527229584676888,0.02818921578025397
2019-02-25,3827.92,0.022284544389092886,0.04049651803067372
2019-02-26,3809.23,-0.004894505754567291,0.03895742632902637
2019-02-27,3818.07,0.002317990365705569,0.03693929380835234
2019-02-28,3813.69,-0.001147834963598271,0.03506887673028866
2019-03-01,3823.0,0.0024382303359971047,0.03335594678300836
2019-03-02,3819.93,-0.0008033568710192895,0.031803075289569216
2019-03-03,3807.75,-0.0031936343297811476,0.030383518851018643
2019-03-04,3715.3,-0.024579034902947328,0.029112784550673166
2019-03-05,3857.73,0.037619498976082966,0.029003429642241875
2019-03-06,3861.84,0.0010648262502552797,0.030274543716259008
2019-03-07,3873.64,0.003050879622914948,0.028998584611647248
2019-03-08,3864.89,-0.0022614123687425547,0.027859368471176607
2019-03-09,3943.04,0.02001877831297527,0.0268244858888302
2019-03-10,3916.82,-0.006671899312085117,0.026644280998432954
2019-03-11,3871.61,-0.011609658891011065,0.025807894848092948
2019-03-12,3882.73,0.0028680732654535745,0.025238883604410157
2019-03-13,3866.0,-0.004318133680232705,0.024478453489880602
2019-03-14,3877.12,0.002872229190487019,0.02382113956532805
2019-03-15,3923.76,0.011957767776502592,0.023213735945466708
2019-03-16,4005.98,0.020737866966801022,0.022968109831111406
2019-03-17,3981.14,-0.006220034276639197,0.02337339511617252
2019-03-18,3987.81,0.0016739975925545991,0.022882016124785166
2019-03-19,4015.53,0.006927135632308179,0.02236734014504282
2019-03-20,4043.04,0.006827540584872338,0.02201376154521628
2019-03-21,3980.64,-0.01555427386415964,0.021699318793736783
2019-03-22,3986.93,0.0015789007957778267,0.02187263545114015
2019-03-23,4006.01,0.004774222311484166,0.02147301974588791
2019-03-24,3992.18,-0.003458285883080947,0.021168198279796425
2019-03-25,3936.12,-0.014141981082905986,0.02087439657538838
2019-03-26,3948.55,0.003152956381777372,0.021065946540056554
2019-03-27,4038.05,0.022413479269575376,0.02077965502892678
2019-03-28,4027.81,-0.0025390982490289815,0.021690911472606905
2019-03-29,4103.25,0.01855653869744245,0.02132180433392429
2019-03-30,4106.97,0.0009061877159357579,0.021783869720706565
2019-03-31,4103.95,-0.0007356057874581268,0.0213907278869677
2019-04-01,4144.56,0.009846706404001537,0.021043175818237198
2019-04-02,4857.29,0.15868403825725075,0.02096753275945989
2019-04-03,4932.6,0.015385563184368678,0.054199082397708105
2019-04-04,4898.66,-0.006904534074751112,0.05115722040534159
2019-04-05,5004.95,0.02146572437803762,0.04816935690049082
2019-04-06,5043.89,0.00775018706876196,0.045870470833561605
2019-04-07,5170.27,0.024747301752011452,0.04332053958212257
2019-04-08,5236.9,0.012804808685313418,0.041647349496245684
2019-04-09,5150.0,-0.016733005537734158,0.039579055493006415
2019-04-10,5308.25,0.0302654994041216,0.03784672974702352
2019-04-11,5017.37,-0.05635632204445251,0.037141110093385124
2019-04-12,5048.01,0.006088214184202911,0.039482700210362986
2019-04-13,5045.22,-0.0005528458325159136,0.03743728545638572
2019-04-14,5131.3,0.016917777998498806,0.03551678536738334
2019-04-15,5024.95,-0.02094353473862043,0.03418243951672647
2019-04-16,5173.72,0.029176461915060514,0.03321114060513824
2019-04-17,5202.82,0.005608820722073915,0.032974967341657835
2019-04-18,5258.44,0.010633618530899724,0.031497043108733275
2019-04-19,5258.68,4.563987099892586e-05,0.030291363829732215
2019-04-20,5291.73,0.006265179857047443,0.029011869042823234
2019-04-21,5256.14,-0.0067483074901222295,0.027924863241993298
2019-04-22,5357.14,0.019033333534737906,0.02695833199917325
2019-04-23,5493.31,0.02510073764380394,0.026689398592853245
2019-04-24,5415.0,-0.014358107778425833,0.02695380473356557
2019-04-25,5219.9,-0.0366946358300293,0.02639221564473926
2019-04-26,5314.1,0.017885420753669834,0.028004498183882273
2019-04-27,5295.69,-0.003470383198314053,0.027531160361301748
2019-04-28,5307.52,0.0022314006623673777,0.026542004998300613
2019-04-29,5238.14,-0.01315820935362133,0.025639591309244047
2019-04-30,5320.81,0.015659073915911037,0.02516576558106394
2019-05-01,5383.2,0.011657445489033691,0.024892243567799562
2019-05-02,5492.87,0.02016789470383884,0.024430560589169835
2019-05-03,5772.69,0.049687288790707385,0.024578564249834657
2019-05-04,5829.45,0.00978447990297937,0.028565204506768218
2019-05-05,5775.62,-0.009277046336878314,0.02762473495702298
2019-05-06,5747.79,-0.004830176850003198,0.026764401858545336
2019-05-07,5846.34,0.01700039132049369,0.025874683940606658
2019-05-08,5987.29,0.023823064629956647,0.025600200904036363
2019-05-09,6209.18,0.036389953085034676,0.025901432187192815
2019-05-10,6373.33,0.026093253804356564,0.027564012135740768
2019-05-11,7076.22,0.1046177708836371,0.027797906540709016
2019-05-12,6967.31,-0.015510656289320579,0.04251119016428753
2019-05-13,7790.71,0.11170278768303099,0.04046216491091845
2019-05-14,7947.56,0.019932965098400146,0.05205457589944336
2019-05-15,8169.87,0.027588033554406977,0.04935043079456034
2019-05-16,7866.59,-0.03782831931935959,0.04726442081032771
2019-05-17,7355.26,-0.06720897402268022,0.04610778125667332
2019-05-18,7257.45,-0.013387176062389372,0.04837279181652059
2019-05-19,8148.48,0.11580287932324396,0.04575000422757544
2019-05-20,7938.15,-0.026151156161621003,0.05655103280812379
2019-05-21,7904.87,-0.004201225391387453,0.05373578450636035
2019-05-22,7628.43,-0.035596967825279435,0.05051589335560876
2019-05-23,7851.51,0.028823812570900387,0.048839648637729896
2019-05-24,7964.87,0.014334751838624982,0.04687622720875191
2019-05-25,8025.41,0.007572136231027926,0.04440790238447386
2019-05-26,8614.43,0.0708259460692684,0.04197487474983983
2019-05-27,8756.32,0.01633702123805847,0.04554116482387947
2019-05-28,8715.64,-0.004656612481813482,0.04325717619788585
2019-05-29,8645.68,-0.008059338653422898,0.04087604767774157
2019-05-30,8269.54,-0.04448088946995199,0.03874831234170568
2019-05-31,8555.0,0.03393702258832576,0.03931002788015354
2019-06-01,8544.07,-0.0012784322759831213,0.038741121003492314
2019-06-02,8725.98,0.02106730762970166,0.036711183248914696
2019-06-03,8115.82,-0.07248953939326164,0.03548193108499562
2019-06-04,7687.03,-0.05428075025237611,0.04076295648226836
2019-06-05,7776.5,0.011571872450241827,0.04219815397419585
2019-06-06,7786.7,0.001310784602193138,0.04004442572071762
2019-06-07,7980.53,0.024587675191698466,0.037904715667415365
2019-06-08,7893.62,-0.010949987040573816,0.03677257669731946
2019-06-09,7628.13,-0.034212108187754,0.03507971591566204
2019-06-10,7982.75,0.0454402335575832,0.03506899503356946
2019-06-11,7884.9,-0.012333425599225123,0.036308980229968806
2019-06-12,8127.64,0.030321060490253515,0.03470469366321703
2019-06-13,8218.54,0.011121979204144594,0.03438176095938549
2019-06-14,8650.0,0.0511667432229892,0.032915575267710696
2019-06-15,8808.7,0.01818054852494022,0.03530627168128669
2019-06-16,8953.33,0.016285660657365142,0.034057715693449835
2019-06-17,9313.96,0.03948881981460595,0.032837648255643954
2019-06-18,9081.55,-0.02526946705009614,0.033712722046271175
2019-06-19,9255.49,0.01897200608775762,0.03309460202820986
2019-06-20,9517.12,0.027875393047798624,0.03211954769953937
2019-06-21,10159.86,0.06535238050167891,0.031907720538807534
2019-06-22,10729.5,0.05455229470657308,0.03680566130357417
2019-06-23,10906.07,0.016322557734097742,0.03895414005365295
2019-06-24,11056.59,0.013707115321818009,0.03726206983541322
2019-06-25,11820.86,0.06683913707811229,0.03562010187149875
2019-06-26,13093.8,0.10227306836243244,0.03989553916534794
2019-06-27,11329.99,-0.14468564330387856,0.04968942004804682
2019-06-28,12400.63,0.0902940853450076,0.06537680140563791
2019-06-29,11903.13,-0.04094588702949942,0.06756760533913453
2019-06-30,10854.1,-0.09225850195043606,0.06459341914754081
2019-07-01,10624.93,-0.021339762238580917,0.06717763185248925
2019-07-02,10842.85,0.020302750031040873,0.0632850442502048
2019-07-03,11940.0,0.09638823137993136,0.0596680975326851
2019-07-04,11145.67,-0.06884302628932204,0.0637160436751114
2019-07-05,10970.73,-0.01582026447896112,0.06355421295384504
2019-07-06,11256.49,0.025714034006718123,0.05978082997931841
2019-07-07,11406.24,0.013215722867160551,0.05666670780755684
2019-07-08,12238.6,0.07043431738737382,0.05336783526540533
2019-07-09,12543.41,0.024600536605696277,0.05486797363111115
2019-07-10,12108.37,-0.03529847906198924,0.05212545130311745
2019-07-11,11342.89,-0.06530583308211035,0.05026403907108021
2019-07-12,11757.22,0.03587640404803771,0.05159601837817797
2019-07-13,11355.76,-0.034742415781849445,0.04982922720909541
2019-07-14,10174.18,-0.10987196578466474,0.04816185091541459
2019-07-15,10838.72,0.0632717694580105,0.05710527445216115
2019-07-16,9439.59,-0.13821236084774213,0.057210900699503686
2019-07-17,9667.92,0.02390064107545875,0.06920153922445917
2019-07-18,10627.16,0.09459980018040604,0.06523739315592243
2019-07-19,10504.29,-0.011629243117209143,0.06803642880954223
2019-07-20,10740.23,0.022212758971964064,0.06382620241943632
2019-07-21,10589.45,-0.014138281645308837,0.06023314324302922
2019-07-22,10340.31,-0.023808373187613086,0.05667629045405898
2019-07-23,9864.91,-0.047065833018246295,0.053741655899552994
2019-07-24,9763.28,-0.010355606728881028,0.0526448641064794
2019-07-25,9879.87,0.011870944237088565,0.049599826072459184
2019-07-26,9824.0,-0.005670982373686684,0.04683480739117165
2019-07-27,9476.52,-0.03601121113896788,0.04417483914215944
2019-07-28,9541.54,0.0068377377431900754,0.043215183020049175
2019-07-29,9507.64,-0.0035592120802121485,0.04086809902321814
2019-07-30,9574.21,0.00697733920664767,0.0386737093523992
2019-07-31,10080.53,0.05153281549061184,0.03671342596691297
2019-08-01,10374.99,0.028792261634819738,0.03846570636393041
2019-08-02,10523.75,0.014236505408860012,0.037573290237769036
2019-08-03,10816.86,0.02747142030429295,0.03592303394557543
2019-08-04,10929.23,0.010334823425408146,0.03521804810119187
2019-08-05,11828.8,0.07909638442126088,0.03364860421335359
2019-08-06,11481.69,-0.02978364322042637,0.04063926790189597
2019-08-07,11975.03,0.04207005591277557,0.03958095316251832
2019-08-08,11999.77,0.002063834424603783,0.039762256327555055
2019-08-09,11879.99,-0.010032010754347453,0.037649591591588545
2019-08-10,11309.31,-0.04922919187389496,0.03585065654287502
2019-08-11,11549.97,0.021056559252423668,0.037445647226615246
2019-08-12,11396.08,-0.013413402943790231,0.036140783311079165
2019-08-13,10892.71,-0.04517567847379311,0.03459219492630808
2019-08-14,10050.37,-0.08048430839645526,0.03587684032926746
2019-08-15,10293.93,0.02394495138193342,0.04252035418611007
2019-08-16,10331.54,0.003646951238948759,0.040878335663470614
2019-08-17,10216.02,-0.011244275926962644,0.03868390530374062
2019-08-18,10306.78,0.008844854667957591,0.03682812531558507
2019-08-19,10915.54,0.05738553087049425,0.035071039038834344
2019-08-20,10760.51,-0.014304510600249287,0.037959417608450854
2019-08-21,10142.57,-0.05914153365380059,0.03627603517629617
2019-08-22,10099.88,-0.0042178751376020784,0.0391902370627999
2019-08-23,10389.55,0.028276950708837845,0.037143972970353566
2019-08-24,10134.35,-0.024869849638529118,0.03636142692710945
2019-08-25,10142.69,0.0008226053181630277,0.035414930909732426
2019-08-26,10372.25,0.0223807217641383,0.033670580599068425
2019-08-27,10185.05,-0.01821301189423785,0.03284916213383485
2019-08-28,9721.0,-0.04663246500795282,0.03185616801970691
2019-08-29,9498.44,-0.023160919242776856,0.03380555344325626
2019-08-30,9584.54,0.00902380909619005,0.03302283902110094
2019-08-31,9587.47,0.00030565392181713946,0.03161938222864071
2019-09-01,9724.98,0.014240795332963074,0.030215886172602888
2019-09-02,10340.0,0.061322036133157454,0.02929070624826933
2019-09-03,10615.28,0.026274603494359283,0.03413014737709449
2019-09-04,10567.02,-0.004556642432767433,0.03354067546441175
2019-09-05,10564.49,-0.00023945283721538146,0.03199421492468008
2019-09-06,10298.73,-0.025477790642133513,0.03055609128663308
2019-09-07,10455.88,0.015143912929421077,0.030337599301485926
2019-09-08,10381.18,-0.007169948161161344,0.0294445698379357
2019-09-09,10303.12,-0.007547789442602593,0.02833629413153106
2019-09-10,10098.15,-0.020094523235165695,0.027348953974798116
2019-09-11,10158.33,0.005941819808336746,0.027108309630689283
2019-09-12,10415.01,0.02495397630474372,0.026206113045541313
2019-09-13,10342.06,-0.00702895932313119,0.026525568498753416
2019-09-14,10335.02,-0.0006809472393616289,0.02571111178657145
2019-09-15,10302.01,-0.0031991064753800202,0.024885464347964042
2019-09-16,10251.31,-0.004933519532107411,0.024166755667281214
2019-09-17,10187.82,-0.006212613179508608,0.023555569759107615
2019-09-18,10156.99,-0.003030750702409435,0.023043255236288616
2019-09-19,10244.29,0.008558338776577301,0.02252456498881751
2019-09-20,10168.59,-0.007416919809994482,0.022209117934135058
2019-09-21,9986.39,-0.018080391388432204,0.021890398678118955
2019-09-22,10028.87,0.004244767620694034,0.022228491047562117
2019-09-23,9702.25,-0.03311011623909543,0.021823112680220226
2019-09-24,8493.14,-0.1330990385485098,0.023838132210908608
2019-09-25,8430.05,-0.007456075631163017,0.04800884612897609
2019-09-26,8063.73,-0.04442647456865956,0.0452804400387166
2019-09-27,8177.91,0.014060388120546108,0.04495336175870878
2019-09-28,8198.81,0.0025524050416159128,0.04263981541051221
2019-09-29,8043.82,-0.019084927054642264,0.04029082398807927
2019-09-30,8289.34,0.03006625725194212,0.03860147643987462
2019-10-01,8292.44,0.00037390437409179356,0.037792880231148226
2019-10-02,8359.94,0.008106993678191898,0.03584166667177058
2019-10-03,8223.96,-0.016399405149611468,0.03415498590481535
2019-10-04,8137.13,-0.010614306896771453,0.03293077399496022
2019-10-05,8126.19,-0.0013453589611600592,0.03158533453424801
2019-10-06,7854.25,-0.03403739246641102,0.030187823001257764
2019-10-07,8190.09,0.0418701002521793,0.030850544975908004
2019-10-08,8168.39,-0.002653059786528189,0.032343625650810115
2019-10-09,8560.74,0.04691480798625669,0.030884725011357896
2019-10-10,8558.03,-0.00031661153489714877,0.033054376859257745
2019-10-11,8258.5,-0.035627050501410906,0.031519591923308866
2019-10-12,8300.09,0.005023385138249736,0.032156881350232036
2019-10-13,8275.01,-0.003026228395647479,0.03074466438283169
2019-10-14,8348.2,0.008805817040570929,0.029437993332591447
2019-10-15,8159.29,-0.022888791375660134,0.028376312910867868
2019-10-16,7991.74,-0.020748647101996198,0.028222026883884727
2019-10-17,8070.58,0.009816842542360149,0.02792130995458012
2019-10-18,7947.01,-0.015429593533156094,0.027048974642264398
2019-10-19,7948.01,0.00012582557320861554,0.026536540943132306
2019-10-20,8223.35,0.0340560857573049,0.025625033062608427
2019-10-21,8197.27,-0.003176496615743929,0.027037625500015556
2019-10-22,8020.0,-0.02186275013007588,0.02609458758817681
2019-10-23,7466.62,-0.07149600170506965,0.02615568268194665
2019-10-24,7412.41,-0.0072867975758335035,0.03389445583718311
2019-10-25,8655.02,0.1549838768309879,0.032365767490355066
2019-10-26,9230.0,0.06431954908625315,0.057870773958747
2019-10-27,9529.93,0.031978323898769645,0.057989162534885154
2019-10-28,9205.14,-0.03467534871867173,0.05535482034386488
2019-10-29,9407.62,0.021757975489204995,0.05313318412677473
2019-10-30,9154.72,-0.027250405905421715,0.05041272278656213
2019-10-31,9140.85,-0.0015162143247948734,0.0482077401278235
2019-11-01,9231.61,0.009880085552159912,0.045404859115148036
2019-11-02,9289.52,0.006253418524169163,0.04293665748705266
2019-11-03,9194.71,-0.010258564351078192,0.04060331776555017
2019-11-04,9393.35,0.02137367342977292,0.03855095943520167
2019-11-05,9308.66,-0.009056842435706258,0.037152988852855395
2019-11-06,9339.05,0.003259384332363169,0.0353722888316759
2019-11-07,9216.2,-0.013241728898574223,0.03364642473999116
2019-11-08,8773.73,-0.049200775574055555,0.03232958334714519
2019-11-09,8809.41,0.004058438819635413,0.034550032538591874
2019-11-10,9039.47,0.0257800760142608,0.03290599454439324
2019-11-11,8733.27,-0.034460674202545505,0.03242289075998825
2019-11-12,8821.94,0.010101930316499974,0.03280252326454228
2019-11-13,8777.12,-0.0050934648667020355,0.03145256990778656
2019-11-14,8646.68,-0.014972903375001678,0.030107351081115397
2019-11-15,8471.73,-0.020440694136174997,0.029230117455863725
2019-11-16,8491.02,0.0022743963467490858,0.028784754887521444
2019-11-17,8502.4,0.0013393421337379863,0.027658939148779614
2019-11-18,8187.17,-0.037780181777780086,0.026637792564887817
2019-11-19,8133.64,-0.006559746967310431,0.028347936415892686
2019-11-20,8098.01,-0.00439019535625107,0.02733400801255595
2019-11-21,7627.74,-0.05982675027493123,0.026378366600519204
2019-11-22,7268.23,-0.04827880660424988,0.03172075713912775
2019-11-23,7311.57,0.005945229379964445,0.033925316666116014
2019-11-24,6903.28,-0.057461364009618876,0.03236646837909153
2019-11-25,7109.57,0.029445102813371093,0.03582754091209471
2019-11-26,7156.14,0.006528965670785425,0.03529260478803335
2019-11-27,7508.52,0.04806764632517968,0.03362126130376717
2019-11-28,7419.49,-0.011928054119097808,0.03544846197578675
2019-11-29,7739.68,0.04225002141429357,0.03390995877518097
2019-11-30,7541.89,-0.025887529338627147,0.03494451315746782
2019-12-01,7390.89,-0.02022465301285692,0.034230794490562745
2019-12-02,7294.28,-0.013157681360597806,0.03320991322766443
2019-12-03,7292.71,-0.00021526031155971737,0.03193230361545033
2019-12-04,7194.32,-0.0135833932575391,0.030499857912073262
2019-12-05,7389.0,0.026700582009979712,0.029513967073333786
2019-12-06,7527.47,0.018566588172385323,0.02953712742600997
2019-12-07,7488.21,-0.005229212325060573,0.028929583568903988
2019-12-08,7510.11,0.002920329152090062,0.02782941170468391
2019-12-09,7338.64,-0.02309657345063343,0.026803855556820702
2019-12-10,7224.13,-0.01572672783220419,0.02687354615129009
2019-12-11,7210.0,-0.001957860226230679,0.026399002935768256
2019-12-12,7198.08,-0.0016546275033917368,0.02550899676126976
2019-12-13,7258.48,0.00835611673185177,0.024709010825564714
2019-12-14,7064.05,-0.027151899106012678,0.024132625416106755
2019-12-15,7118.59,0.007691130685451242,0.024990094389304
2019-12-16,6891.72,-0.03238898107806065,0.024360512562147964
2019-12-17,6623.82,-0.03964844822599822,0.025790981616745555
2019-12-18,7277.83,0.09416049805106397,0.02791996269481335
2019-12-19,7150.3,-0.017678426984101492,0.04007330674633426
2019-12-20,7187.83,0.005235004245315977,0.03833744236258101
2019-12-21,7132.75,-0.007692463798028015,0.03637714159196995
2019-12-22,7501.44,0.05039814779767582,0.03463303269698372
2019-12-23,7317.09,-0.024882294163374397,0.036597255216981955
2019-12-24,7255.77,-0.008415693543984304,0.03562583761955063
2019-12-25,7204.63,-0.007073139499327752,0.03396608296614173
2019-12-26,7202.0,-0.00036510967925273974,0.032426105591030006
2019-12-27,7254.74,0.007296283113744195,0.030948517205888263
2019-12-28,7316.14,0.008427818145063881,0.02969673715121367
2019-12-29,7388.24,0.009806680434861548,0.028597813082962952
2019-12-30,7246.0,-0.01943995444746882,0.027654761881134957
2019-12-31,7195.23,-0.00703128600097358,0.027328882851218886
2020-01-01,7200.85,0.0007807681376448272,0.026430711558190788
2020-01-02,6965.71,-0.03319953431039657,0.02553116301388321
2020-01-03,7344.96,0.05301482343030095,0.026853782872959718
2020-01-04,7354.11,0.0012449768838216357,0.030846767056859573
2020-01-05,7358.75,0.0006307407470522719,0.02951763306139735
2020-01-06,7758.0,0.052834487657440476,0.02831247410677983
2020-01-07,8145.28,0.04871404936371526,0.03192814137357789
2020-01-08,8055.98,-0.011023945589959894,0.034155275949237625
2020-01-09,7817.76,-0.03001660428030739,0.032707140561594544
2020-01-10,8197.02,0.047372605073736196,0.0326112642522858
2020-01-11,8020.01,-0.02183100482452005,0.03452488314447879
2020-01-12,8184.98,0.020361098565476965,0.033573333732824964
2020-01-13,8110.34,-0.009160976526191078,0.03263113120354608
2020-01-14,8810.01,0.0827487842214989,0.03126869676962035
2020-01-15,8821.41,0.001293146166174708,0.03970512314439385
2020-01-16,8720.01,-0.011561336478177253,0.03759383489768303
2020-01-17,8913.28,0.02192191473331384,0.03584582902150513
2020-01-18,8915.96,0.0003006297542889058,0.03475887022245586
2020-01-19,8701.7,-0.024324520325977872,0.033071497635806246
2020-01-20,8642.35,-0.006843872296917297,0.03245678525787872
2020-01-21,8736.03,0.010781316488658987,0.031051460219534855
2020-01-22,8682.36,-0.006162471944632486,0.02989501601178136
2020-01-23,8404.52,-0.03252372475192189,0.02871910201823722
2020-01-24,8439.0,0.004094161809796049,0.029439453372282806
2020-01-25,8340.58,-0.01173105985876255,0.028270662094341304
2020-01-26,8615.0,0.032372111662825276,0.027436898906990134
2020-01-27,8907.57,0.03339660703325187,0.02834179429996953
2020-01-28,9374.21,0.051060824626029344,0.02921894665762946
2020-01-29,9301.53,-0.007783398882224901,0.03234596909520802
2020-01-30,9513.21,0.022502456278909122,0.03097314178780237
2020-01-31,9352.89,-0.016995972584926022,0.030469522206738594
2020-02-01,9384.61,0.003385727050131848,0.02966266441932286
2020-02-02,9331.51,-0.00567426822151873,0.028463006203058253
2020-02-03,9292.24,-0.004217202035112777,0.02741782772754811
2020-02-04,9197.02,-0.010300124704077263,0.026450892728525882
2020-02-05,9612.04,0.04413696079004481,0.025754255648193305
2020-02-06,9772.0,0.016504674065094704,0.028554758679127996
2020-02-07,9813.73,0.004261272175808628,0.02793243765679398
2020-02-08,9895.05,0.008252206527558315,0.026914473207064634
2020-02-09,10151.75,0.025611472320488105,0.026094988463385788
2020-02-10,9851.83,-0.02998887968955266,0.026493017228817455
2020-02-11,10223.08,0.03699068450599974,0.027281790472035175
2020-02-12,10326.46,0.010061623972999811,0.02877210704465752
2020-02-13,10229.63,-0.009421122032286178,0.027820180118260728
2020-02-14,10344.36,0.011153032471666435,0.026944376376483458
2020-02-15,9904.72,-0.04343003244846244,0.026228933627524365
2020-02-16,9917.27,0.001266270609251663,0.028820165665931093
2020-02-17,9706.0,-0.021533430825941835,0.02768447337675837
2020-02-18,10164.71,0.04617766642322607,0.027510817238631472
2020-02-19,9593.79,-0.057805903246363144,0.03024712837345821
2020-02-20,9596.42,0.00027409809652567674,0.034241662074745605
2020-02-21,9677.05,0.008366990519609985,0.03260020221435616
2020-02-22,9650.86,-0.002710072225021065,0.03121849316178276
2020-02-23,9936.4,0.029157751478757987,0.029864298882863037
2020-02-24,9656.13,-0.02861183519342525,0.03006933955449713
2020-02-25,9315.84,-0.03587676971483944,0.030194011550134774
2020-02-26,8785.25,-0.05864199828916483,0.03106284795910157
2020-02-27,8823.21,0.004311570552474109,0.03500812977589574
2020-02-28,8692.91,-0.01487799849918403,0.033326406032265825
2020-02-29,8523.61,-0.019667790863485024,0.032112335510159504
2020-03-01,8531.88,0.0009697757904518767,0.03128576730347888
2020-03-02,8915.24,0.04395243605995347,0.029914620669438195
2020-03-03,8760.07,-0.017558276088587732,0.03185287753658253
2020-03-04,8750.87,-0.0010507717856942378,0.030928590991316233
2020-03-05,9054.68,0.034128627121274846,0.029591042297624562
2020-03-06,9131.88,0.008489836857210165,0.030355196306453364
2020-03-07,8886.66,-0.02722031208211817,0.02919299823842717
2020-03-08,8033.31,-0.10095462863465876,0.029306901618646446
2020-03-09,7929.87,-0.012960005190207013,0.04250715493182589
2020-03-10,7894.56,-0.0044627273908268705,0.040368920133812033
2020-03-11,7934.52,0.0050489459763713995,0.03822578682076377
2020-03-12,4800.0,-0.5026069427414583,0.03627246908307688
2020-03-13,5578.6,0.15032193094234536,0.16239059193888636
2020-03-14,5172.06,-0.07566678708579566,0.15864437868367223
2020-03-15,5361.3,0.03593542121832982,0.14981027371463457
2020-03-16,5028.97,-0.06399129121736635,0.14013546064518342
2020-03-17,5312.64,0.05487369507311968,0.13222980598266681
2020-03-18,5393.04,0.015020346505171034,0.12453651960183842
2020-03-19,6162.37,0.13335221046196466,0.1162693040399226
2020-03-20,6208.36,0.007435327078688658,0.11637185227483801
2020-03-21,6186.98,-0.003449686931126905,0.10860843355697891
2020-03-22,5816.19,-0.06180167576087392,0.10137433424394338
2020-03-23,6467.31,0.10611484879069444,0.09663846276906521
2020-03-24,6744.72,0.04199971957778459,0.09626808796272596
2020-03-25,6677.43,-0.01002679358493097,0.09087828663892834
2020-03-26,6737.36,0.00893497381659536,0.08496043169228219
2020-03-27,6359.11,-0.057779726345442484,0.07945933498155833
2020-03-28,6236.65,-0.019445251206402503,0.07651309945182215
2020-03-29,5881.42,-0.05864494989303459,0.07183737470704005
2020-03-30,6394.38,0.08362125023444555,0.06974404000865572
2020-03-31,6410.44,0.002508431734471017,0.07043750053884772
2020-04-01,6642.92,0.035623714536338724,0.06594899114197571
2020-04-02,6794.09,0.02250149077446295,0.06280338770442025
2020-04-03,6734.1,-0.00886894598981236,0.05930427219710241
2020-04-04,6856.99,0.01808439929397565,0.05571196958059206
2020-04-05,6772.78,-0.012356932145708655,0.0526333679037389
2020-04-06,7329.9,0.07905023544895862,0.049634914057678066
2020-04-07,7197.32,-0.01825313873279555,0.05296644222644936
2020-04-08,7361.28,0.022525096155241897,0.05012105495423305
2020-04-09,7283.54,-0.010616822906182932,0.047698100631599745
2020-04-10,6858.92,-0.06006701281559579,0.04505797757291312
2020-04-11,6876.83,0.002607795009357261,0.04654360767094901
2020-04-12,6903.79,0.003912746218315277,0.04387831867019419
2020-04-13,6837.91,-0.00958840678174333,0.04143854665309274
2020-04-14,6868.7,0.004492730411147505,0.03929727819219722
2020-04-15,6621.24,-0.036692196211825845,0.03724512471103711
2020-04-16,7101.94,0.07008532257417777,0.0371911820219706
2020-04-17,7027.55,-0.010529847481826948,0.04165536856224183
2020-04-18,7248.6,0.03097020809246942,0.03951947263876515
2020-04-19,7120.74,-0.017796694163898508,0.038678096248769084
2020-04-20,6826.83,-0.0421512156093069,0.03707952898214402
2020-04-21,6841.37,0.002127566978044726,0.037622052737929665
2020-04-22,7125.14,0.04064137110820454,0.03569159523029467
2020-04-23,7482.39,0.04892288458324856,0.036267971155698596
2020-04-24,7505.0,0.0030172054176969,0.037752873245713615
2020-04-25,7538.67,0.004476308802495055,0.0358175602211279
2020-04-26,7693.1,0.020278049334498505,0.03406626499072164
2020-04-27,7774.62,0.010540759050405413,0.03306613108399896
2020-04-28,7738.98,-0.004594686301059525,0.0317052882791698
2020-04-29,8778.57,0.126043628251022,0.030328415336193775
2020-04-30,8620.0,-0.018228439547185005,0.04926920011289049
2020-05-01,8826.96,0.02372558980130357,0.04673572067944647
2020-05-02,8972.05,0.016303515058973872,0.04467982894492448
2020-05-03,8894.16,-0.008719307953239053,0.04246977300452585
2020-05-04,8871.96,-0.002499140111014597,0.040221009316922386
2020-05-05,9021.83,0.01675145450840887,0.03807243771812149
2020-05-06,9142.92,0.013332613300692131,0.03648258191864827
2020-05-07,9986.4,0.08824435807397712,0.034898872624081825
2020-05-08,9800.01,-0.018840761270535467,0.043341507073143444
2020-05-09,9539.4,-0.026952815683586095,0.04135711774752627
2020-05-10,8722.77,-0.08949374237266561,0.040021069068190425
2020-05-11,8561.52,-0.01865910354451117,0.04725914072741998
2020-05-12,8810.79,0.028699362273098217,0.04491709510840183
2020-05-13,9309.37,0.055044313069878115,0.043332791887459685
2020-05-14,9791.98,0.050542263457842296,0.044456994670572715
2020-05-15,9316.42,-0.049785248551447836,0.04488456796002802
2020-05-16,9381.27,0.006936713576644493,0.045168362058510964
2020-05-17,9680.04,0.031350885201932854,0.04266199377082991
2020-05-18,9733.93,0.00555168658578431,0.041500933383737885
2020-05-19,9775.53,0.004264604253291893,0.039276844692070115
2020-05-20,9511.43,-0.027388091063620834,0.037223752912749195
2020-05-21,9068.65,-0.047670822575259564,0.03636435107723442
2020-05-22,9170.0,0.011113875556825192,0.03767350940109806
2020-05-23,9179.15,0.0009973214844727352,0.035904214334405535
2020-05-24,8720.34,-0.05127637976639399,0.034117470475163274
2020-05-25,8900.35,0.020432373821096306,0.036297686746262416
2020-05-26,8841.18,-0.006670249903319103,0.03507363627830105
2020-05-27,9204.07,0.040225425628928946,0.0334247350113809
2020-05-28,9575.89,0.03960270360557594,0.03429486858992563
2020-05-29,9427.07,-0.01566314327228646,0.034961172745329706
2020-05-30,9697.72,0.02830546846755233,0.03362149300462833
2020-05-31,9448.27,-0.026059150370553397,0.03325869561331372
2020-06-01,10200.77,0.07663155167361424,0.0327555185875831
2020-06-02,9518.04,-0.06927426238340928,0.03952028897309246
2020-06-03,9666.24,0.015450457159570163,0.0433456823034479
2020-06-04,9789.06,0.012626033176124096,0.04122056560509983
2020-06-05,9621.16,-0.017300596060589868,0.039183893007541076
2020-06-06,9666.3,0.004680770035724535,0.03751411794520725
2020-06-07,9746.99,0.008312909833360749,0.035617269672217226
2020-06-08,9782.01,0.0035864650046324442,0.03395576558632343
2020-06-09,9772.43,-0.0009798287004336714,0.03235953269616531
2020-06-10,9885.0,0.011453300920539533,0.03088936420635633
2020-06-11,9280.4,-0.06311380730512184,0.029774053467266057
2020-06-12,9465.13,0.019709870061973334,0.034811675611985685
2020-06-13,9473.34,0.0008670183509327245,0.03369910089504226
2020-06-14,9342.1,-0.01395047136177574,0.03210720991788469
2020-06-15,9426.02,0.008942883921490008,0.030973411224904508
2020-06-16,9525.59,0.010507911061560904,0.02976405113868105
2020-06-17,9465.14,-0.006366285463242249,0.02872686420914011
2020-06-18,9386.32,-0.00836226576684318,0.02767046061500937
2020-06-19,9310.23,-0.008139514519044155,0.026775310597680072
2020-06-20,9358.95,0.005219309107221903,0.025966992379369884
2020-06-21,9294.69,-0.006889835356611584,0.025167907265385103
2020-06-22,9685.69,0.04120626916014203,0.024494986413659353
2020-06-23,9624.89,-0.006297086976150723,0.027121280950243454
2020-06-24,9296.49,-0.03471554197335003,0.026226015049290168
2020-06-25,9249.49,-0.005068494694560499,0.027614824845761075
2020-06-26,9162.21,-0.009480998907667626,0.02664281549733222
2020-06-27,9012.0,-0.016530393391535725,0.02589407808836341
2020-06-28,9116.35,0.011512482108878785,0.02558651780679815
2020-06-29,9192.56,0.008324956553215301,0.02503817765045364
2020-06-30,9138.55,-0.005892731677256791,0.0244240194468472
2020-07-01,9232.0,0.010173980210907985,0.023806323318660255
2020-07-02,9086.54,-0.015881512101218576,0.023404322582110507
2020-07-03,9058.26,-0.0031171490343044894,0.02336940388655129
2020-07-04,9135.46,0.008486495706433672,0.022815270167815132
2020-07-05,9069.41,-0.007256331939538896,0.0224622647075295
2020-07-06,9344.2,0.029848617569280478,0.022107953268905037
2020-07-07,9257.39,-0.00933367848898925,0.02363551491908164
2020-07-08,9436.06,0.019116368674342965,0.02321853967369658
2020-07-09,9232.43,-0.0218162343476358,0.023450029495356593
2020-07-10,9288.34,0.006037564295295894,0.023880747080585286
2020-07-11,9234.03,-0.005864277156991449,0.023327129734433613
2020-07-12,9302.75,0.007414482431212122,0.022831651953871875
2020-07-13,9242.62,-0.006484660129130404,0.022438860497044025
2020-07-14,9255.85,0.0014303888111530938,0.02206338948951423
2020-07-15,9197.6,-0.00631320359825871,0.021640568903769662
2020-07-16,9133.72,-0.006969520861188627,0.021355520207755635
2020-07-17,9154.32,0.0022528394199241575,0.02112578111069009
2020-07-18,9170.28,0.0017419211372242671,0.02082062214498162
2020-07-19,9208.99,0.004212360691052908,0.02054736142014592
2020-07-20,9160.78,-0.005248852945237914,0.02034347989056788
2020-07-21,9390.0,0.024713965321002007,0.020189225885020205
2020-07-22,9518.16,0.013556259591712916,0.021455218599345738
2020-07-23,9603.27,0.008902112662381612,0.021528547116279283
2020-07-24,9537.8,-0.006840814574633924,0.021349272671448895
2020-07-25,9700.42,0.01690633264140473,0.02111610878714478
2020-07-26,9931.54,0.02354636809071131,0.021473997989604095
2020-07-27,11029.96,0.10489965515383304,0.022385922307291143
2020-07-28,10906.27,-0.01127735357367321,0.03971845439638891
2020-07-29,11100.53,0.017655001714240726,0.0377720364463809
2020-07-30,11099.61,-8.288236024789342e-05,0.0362535423175345
2020-07-31,11335.46,0.021025892837467808,0.0344349131857463
2020-08-01,11801.17,0.04026281369533535,0.03344171557388918
2020-08-02,11071.35,-0.0638379885940914,0.034313593390596066
2020-08-03,11219.81,0.013320275400209525,0.03838383584944107
2020-08-04,11191.97,-0.0024844090312949874,0.03662430278567276
2020-08-05,11744.91,0.048223398372741144,0.034782330821878864
2020-08-06,11762.46,0.0014931490218277332,0.03642752872100092
2020-08-07,11594.23,-0.014405543700158674,0.03459698468366863
2020-08-08,11761.41,0.014316272674541608,0.03323651885078969
2020-08-09,11681.68,-0.006802030569309281,0.032005912988886526
2020-08-10,11892.92,0.017921462403389654,0.03064197800940319
2020-08-11,11392.08,-0.04302488795968529,0.02987030344880255
2020-08-12,11564.33,0.01500698346852225,0.031690145391933655
2020-08-13,11780.0,0.018477817638045124,0.030648448161271383
2020-08-14,11760.54,-0.0016533184398284106,0.029909827887134314
2020-08-15,11852.4,0.00778051893633247,0.028671267813145822
2020-08-16,11911.0,0.00493196417881947,0.02765649111439467
2020-08-17,12281.13,0.030601595130667292,0.026677718761961233
2020-08-18,11945.01,-0.027750320081645796,0.027504798445306834
2020-08-19,11754.59,-0.016069815339021076,0.027906819136125884
2020-08-20,11853.55,0.008383598166901152,0.027332811153233893
2020-08-21,11531.34,-0.027558854687274703,0.02647351315948797
2020-08-22,11662.96,0.01134946196532205,0.027008497169431833
2020-08-23,11648.13,-0.0012723559473784007,0.026294444014472833
2020-08-24,11748.2,0.00855438525945651,0.02541082683630809
2020-08-25,11318.42,-0.03726855030411791,0.024763328878215213
2020-08-26,11461.43,0.01255599829022458,0.026762300624022003
2020-08-27,11330.38,-0.011499871598154243,0.026130302417314188
2020-08-28,11526.91,0.01719668807894692,0.025519996975064987
2020-08-29,11465.84,-0.0053121217435307955,0.025302782772422986
2020-08-30,11711.16,0.021170053246224896,0.024576179301535814
2020-08-31,11649.51,-0.0052781142940627745,0.024787589496064286
2020-09-01,11921.97,0.0231187973969309,0.024115821662644827
2020-09-02,11388.54,-0.04577532981158505,0.02456805499048749
2020-09-03,10140.85,-0.11603576554688999,0.02789790597254555
2020-09-04,10446.25,0.02967124125373033,0.04542245344279084
2020-09-05,10166.69,-0.02712637230891879,0.04385177924672564
2020-09-06,10256.2,0.008765710743618982,0.04227251621436322
2020-09-07,10373.44,0.011366292597354999,0.04004140271924972
2020-09-08,10126.65,-0.024078130687019694,0.03806922365678325
2020-09-09,10219.2,0.009097741146643301,0.03688616470673516
2020-09-10,10336.87,0.011448811499434441,0.03513033462250564
2020-09-11,10387.89,0.004923589278497786,0.03360500795866205
2020-09-12,10440.92,0.005091996574169144,0.03205811451883958
2020-09-13,10332.83,-0.010406496224026895,0.030656212413095543
2020-09-14,10671.77,0.03227573226362601,0.02952573063661813
2020-09-15,10785.31,0.010583085836547212,0.030096899308574305
2020-09-16,10954.01,0.015520576216204063,0.029028777643102157
2020-09-17,10939.99,-0.0012807163530030863,0.02829753864432221
2020-09-18,10933.39,-0.0006034732812487675,0.027212973847024792
2020-09-19,11080.65,0.01337893422299885,0.026233711187424277
2020-09-20,10920.28,-0.01457873284471134,0.025702659499297578
2020-09-21,10417.22,-0.04716140491019161,0.025299246642902375
2020-09-22,10529.61,0.010731082319475505,0.02868373378905908
2020-09-23,10241.46,-0.027747100849891737,0.02776592763159849
2020-09-24,10736.32,0.04718819847137645,0.028129863919912772
2020-09-25,10686.67,-0.004635215616035637,0.030889570973730896
2020-09-26,10728.6,0.003915902398667015,0.029590027983154545
2020-09-27,10774.25,0.004245955171711557,0.028404157947111364
2020-09-28,10696.12,-0.007277969114733551,0.02733902908890236
2020-09-29,10840.48,0.013406216589901376,0.026446463685070323
2020-09-30,10776.59,-0.005911086565506096,0.02589245618953801
2020-10-01,10619.13,-0.014719097354310762,0.02511650821792125
2020-10-02,10570.4,-0.004599449436266667,0.02479171566520871
2020-10-03,10542.06,-0.0026846721814166585,0.024105641859922134
2020-10-04,10666.63,0.011747206689255663,0.023464835467842872
2020-10-05,10792.21,0.011704400948838511,0.023177601194053907
2020-10-06,10599.66,-0.018002652442653755,0.022923407800872587
2020-10-07,10666.39,0.006275751163340004,0.02310784997661365
2020-10-08,10925.57,0.024008237238451358,0.0226484439314858
2020-10-09,11050.64,0.011382431304898688,0.023414916738693274
2020-10-10,11293.22,0.021714200807679163,0.023115592447755327
2020-10-11,11369.02,0.006689566668830693,0.023586897713983288
2020-10-12,11528.25,0.013908432475920662,0.023084321114903085
2020-10-13,11420.56,-0.009385304987830523,0.02296449593662743
2020-10-14,11417.89,-0.00023381621889129178,0.022629167178050552
2020-10-15,11505.12,0.00761073009635993,0.022136947041920218
2020-10-16,11319.32,-0.016281153381308755,0.02183356035403718
2020-10-17,11360.2,0.0036050184724860657,0.022040579041185854
2020-10-18,11503.14,0.012504022806048454,0.021645632717357595
2020-10-19,11751.47,0.021358297570117202,0.021630116553613035
2020-10-20,11909.99,0.01339920458829802,0.022297311982911284
2020-10-21,12780.96,0.07057901976281933,0.02224877807779481
2020-10-22,12968.52,0.01456831883483467,0.03117440645824821
2020-10-23,12923.07,-0.0035107961066547233,0.030164831425750892
2020-10-24,13111.73,0.014493163177938584,0.02891856026130256
2020-10-25,13028.83,-0.00634265508596954,0.028144941194781347
2020-10-26,13052.19,0.0017913414618497825,0.02714633662386966
2020-10-27,13636.17,0.04376988541595317,0.026179186416046604
2020-10-28,13266.4,-0.027491298279313625,0.02883219316178617
2020-10-29,13455.7,0.014168285177266426,0.02902096617170185
2020-10-30,13560.1,0.007728849021308548,0.028219762307661923
2020-10-31,13791.0,0.01688454837587372,0.02724932124490574
2020-11-01,13761.5,-0.0021413673004317957,0.02680129141118854
2020-11-02,13549.37,-0.015534786411903312,0.02587168654903037
2020-11-03,14023.53,0.0343965813014222,0.025504549721301336
2020-11-04,14144.01,0.008554579827325881,0.02698174331989065
2020-11-05,15590.02,0.09733975303388576,0.026164848034307953
2020-11-06,15579.92,-0.0006480603012697372,0.03980256486231695
2020-11-07,14818.3,-0.050120002204518954,0.037681431773425936
2020-11-08,15475.1,0.04336937714861122,0.03908639200583386
2020-11-09,15328.41,-0.009524311280310727,0.039476120706339504
2020-11-10,15297.21,-0.002037510476116111,0.03750263911900671
2020-11-11,15684.24,0.024985927702934063,0.03558191629908883
2020-11-12,16291.86,0.038009210042851294,0.034729810073456296
2020-11-13,16320.7,0.0017686441983020273,0.03515664649089867
2020-11-14,16070.45,-0.015452058926513246,0.033438675050694984
2020-11-15,15957.0,-0.0070845774181780286,0.032240320934191914
2020-11-16,16713.57,0.0463233598845072,0.030860690988873007
2020-11-17,17659.38,0.05504612265896114,0.03295158972328951
2020-11-18,17776.12,0.006588896577797598,0.03591193976971254
2020-11-19,17802.82,0.0015008881665483642,0.03418642705340747
2020-11-20,18655.67,0.04679324961628595,0.032553225303283195
2020-11-21,18703.8,0.002576590440238391,0.034398384444594726
2020-11-22,18414.43,-0.01559211538207883,0.03275296416052408
2020-11-23,18368.0,-0.002524576253394528,0.031630836351612145
2020-11-24,19160.01,0.04221527432609129,0.0302366356906144
2020-11-25,18719.11,-0.023280367279035374,0.031882297721216285
2020-11-26,17149.47,-0.0875776578398817,0.03132890543445889
2020-11-27,17139.52,-0.0005803612342791808,0.040764703644409976
2020-11-28,17719.85,0.03329857201976871,0.03856302224137971
2020-11-29,18184.99,0.025911048405214743,0.03802824015506476
2020-11-30,19695.87,0.07981244056034242,0.036973219282409785
2020-12-01,18764.96,-0.04841766813869519,0.043203127705441505
2020-12-02,19204.09,0.023131976224672002,0.04356998576652735
2020-12-03,19421.9,0.01127801817722407,0.04178023604835761
2020-12-04,18650.52,-0.04052726761991643,0.039654134819127475
2020-12-05,19147.66,0.026306487210307594,0.03966562522702823
2020-12-06,19359.4,0.010997574683671019,0.03846298816828302
2020-12-07,19166.9,-0.009993256658502148,0.036619442855702185
2020-12-08,18324.11,-0.04496715391155881,0.03491192259630194
2020-12-09,18541.28,0.011781918605684893,0.036118493670704466
2020-12-10,18254.63,-0.015580851185681865,0.03451268201964662
2020-12-11,18036.53,-0.012019600682396714,0.033213357374120414
2020-12-12,18808.69,0.041919851281026155,0.03189065439317143
2020-12-13,19174.99,0.019287828659587447,0.03321323373894056
2020-12-14,19273.14,0.0051055909978821035,0.03224425139327386
2020-12-15,19426.43,0.00792209327908644,0.030825266345284038
2020-12-16,21335.52,0.09373877942102915,0.029601399920381757
2020-12-17,22797.16,0.06626267735967417,0.04101032871623042
2020-12-18,23107.39,0.013516512987804319,0.04407059419592747
2020-12-19,23821.61,0.030440672117045153,0.041815135172674295
2020-12-20,23455.52,-0.015487290255670416,0.04067774441351053
2020-12-21,22719.71,-0.03187303196066793,0.03879230818633408
2020-12-22,23810.79,0.04690600959778024,0.03810861675515756
2020-12-23,23232.76,-0.024575487678829333,0.039047860470722444
2020-12-24,23729.2,0.02114300567337324,0.03779485092282546
2020-12-25,24712.47,0.04060161725614542,0.03645964374556075
2020-12-26,26493.39,0.06958729338063563,0.036920206563318424
2020-12-27,26281.66,-0.00802391038892658,0.041362048389476797
2020-12-28,27079.41,0.029902302982669937,0.03919229517435495
2020-12-29,27385.0,0.011221757725854431,0.03830379967234996
2020-12-30,28875.54,0.05299945173010734,0.03648126016567949
2020-12-31,28923.63,0.0016640381201611376,0.038472815105004415
2021-01-01,29331.69,0.014009593427539713,0.03646721549906699
2021-01-02,32178.33,0.0926247431168008,0.03491138059490078
2021-01-03,33000.05,0.02521583198655364,0.04425186623994289
2021-01-04,31988.71,-0.031126048570094156,0.04251546925502428
2021-01-05,33949.53,0.05949198197405359,0.04135339873762021
2021-01-06,36769.36,0.07978987964728823,0.04338016886885579
2021-01-07,39432.28,0.06991988054158327,0.04808967368273851
2021-01-08,40582.81,0.02875980772455833,0.050387388102508604
2021-01-09,40088.22,-0.012262052365310083,0.04827214261983918
2021-01-10,38150.02,-0.049556243592201454,0.04562620066021468
2021-01-11,35404.47,-0.0746881986220913,0.045783470291175486
2021-01-12,34051.24,-0.03897163438842277,0.04919232116886423
2021-01-13,37371.38,0.09303872186648476,0.0479160688754955
2021-01-14,39144.5,0.046354756422230636,0.05385182018171863
2021-01-15,36742.22,-0.06333342468810521,0.05267958242343233
2021-01-16,35994.98,-0.020547018278435303,0.05340882656135434
2021-01-17,35828.61,-0.004632748030489964,0.05061426349382997
2021-01-18,36631.27,0.02215551096647239,0.0476419269204812
2021-01-19,35891.49,-0.020402027184060145,0.045423293593278465
2021-01-20,35468.23,-0.01186285382495278,0.04332174244729777
2021-01-21,30850.13,-0.1394964019344247,0.0410800058482365
2021-01-22,32945.17,0.06570370018688365,0.05873157422364269
2021-01-23,32078.0,-0.026674227552627272,0.05888743068979624
2021-01-24,32259.9,0.005654535963060425,0.0558944443051375
2021-01-25,32254.2,-0.00017670555785009867,0.05252157915368651
2021-01-26,32467.77,0.006599637655449797,0.049378244035868366
2021-01-27,30366.15,-0.0669194037928218,0.04652711998474016
2021-01-28,33364.86,0.09417474914995339,0.04868000319416577
2021-01-29,34252.2,0.026247545889010127,0.05463713398805654
2021-01-30,34262.88,0.00031175618816980943,0.051995094196250397
2021-01-31,33092.98,-0.03474137711240388,0.048892710913324804
2021-02-01,33526.37,0.013011118061134752,0.0473220620316436
2021-02-02,35466.24,0.05624896473299401,0.04477582063750743
2021-02-03,37618.87,0.058924528115626984,0.04582632538527529
2021-02-04,36936.66,-0.018301232416527924,0.047045867422187186
2021-02-05,38290.24,0.0359904796336572,0.044707767776304745
2021-02-06,39186.94,0.023148494595259805,0.04368617714270655
2021-02-07,38795.69,-0.010034370035013396,0.041886234424302664
2021-02-08,46374.87,0.17844855970428242,0.039717742193657285
2021-02-09,46420.42,0.000981730940404546,0.0677392265797242
2021-02-10,44807.58,-0.035362127092163576,0.06344606212533174
2021-02-11,47969.51,0.06818827920686132,0.06051073218490966
2021-02-12,47287.6,-0.01431749606359567,0.06070318437412268
2021-02-13,47153.69,-0.0028358377938655366,0.057113989631456426
2021-02-14,48577.79,0.02975416368042083,0.05362509306620782
2021-02-15,47911.1,-0.013819220219636108,0.051264498540926545
2021-02-16,49133.45,0.025192855227892608,0.04841592176969235
2021-02-17,52119.71,0.0590031225827925,0.04628271285667306
2021-02-18,51552.6,-0.010940542497738903,0.04744147531815874
2021-02-19,55906.0,0.0810690632665132,0.044830163208416325
2021-02-20,55841.19,-0.001159939811758548,0.04943735841365272
2021-02-21,57408.57,0.027681826201510162,0.04653633766168649
2021-02-22,54087.67,-0.059587346715506584,0.04472622187219759
2021-02-23,48891.0,-0.10101291813933777,0.04620339896155481
2021-02-24,49676.2,0.015932614704777137,0.05398602247420243
2021-02-25,47073.73,-0.05381084921367574,0.050978227869453836
2021-02-26,46276.87,-0.01707282772111718,0.050875840519884225
2021-02-27,46106.43,-0.003689848563064757,0.048163210095867395
2021-02-28,45135.66,-0.021279798227402225,0.04537629057438303
2021-03-01,49587.03,0.09405668615894136,0.04332112234542473
2021-03-02,48440.65,-0.023389970343295374,0.050551344592667836
2021-03-03,50349.37,0.038646769416057936,0.04813142871353396
2021-03-04,48374.09,-0.04002176686968184,0.046945657203460105
2021-03-05,48751.71,0.007775933948250824,0.04600986398605803
2021-03-06,48882.2,0.0026730482820571666,0.043449004490055426
2021-03-07,50971.75,0.04185823565066116,0.04103445097155082
2021-03-08,52375.17,0.02716106637595317,0.04099855295497954
2021-03-09,54884.5,0.046798353080177435,0.03971398217229479
2021-03-10,55851.59,0.01746701708306908,0.040398954119109466
2021-03-11,57773.16,0.03382631374464218,0.03862311385939985
2021-03-12,57221.72,-0.009590761378339252,0.038127431425469344
2021-03-13,61188.39,0.0670239190495181,0.036274068077707056
2021-03-14,58968.31,-0.036957284677731295,0.04043382007416728
2021-03-15,55605.2,-0.058723458898573,0.039999218936022846
2021-03-16,56900.75,0.02303180000156324,0.04215735930627578
2021-03-17,58912.97,0.03475274808665141,0.040498214655337525
2021-03-18,57648.16,-0.02170294068462475,0.03985846177726527
2021-03-19,58030.01,0.006601961060384909,0.038349277059251674
2021-03-20,58102.28,0.0012446152457563642,0.03641011650295665
2021-03-21,57351.56,-0.01300486117254529,0.03458010472939207
2021-03-22,54083.25,-0.058675518517517844,0.03316362449973487
2021-03-23,54340.89,0.004752456139707206,0.0366465834907227
2021-03-24,52303.65,-0.03821082391191766,0.034826177209907425
2021-03-25,51293.78,-0.019496661048352237,0.03526095165897476
2021-03-26,55025.59,0.07022885249165967,0.03408955885580142
2021-03-27,55817.14,0.014282640925522117,0.03931215993831592
2021-03-28,55777.63,-0.0007080977298628,0.037503843477330906
2021-03-29,57635.47,0.032765283837184356,0.03557790360649946
2021-03-30,58746.57,0.01909459155439741,0.03536524780467482
2021-03-31,58740.55,-0.0001024793186736872,0.0341604914613066
2021-04-01,58720.44,-0.00034241155632130926,0.03252616930770236
2021-04-02,58950.01,0.0039019191524527486,0.03103941907003322
2021-04-03,57051.94,-0.03272771563018573,0.029715205905956853
2021-04-04,58202.01,0.019957809235044977,0.030306545731290675
2021-04-05,59129.99,0.015818350490324207,0.029701770996175467
2021-04-06,57991.15,-0.019447828016769364,0.028912944573077887
2021-04-07,55953.45,-0.03577031764177363,0.028436262432943442
2021-04-08,58077.52,0.037258574825072444,0.029576446304873168
2021-04-09,58142.54,0.0011189119465875308,0.030707721545676983
2021-04-10,59769.13,0.027591725106052678,0.029391129147174958
2021-04-11,60002.43,0.0038957544689939283,0.029512542994577923
2021-04-12,59860.0,-0.002376558977443821,0.028333883997292912
2021-04-13,63575.0,0.06021180888363098,0.02725308231977617
2021-04-14,62959.53,-0.009728172284079406,0.03242680936469322
2021-04-15,63159.98,0.003178733707175141,0.031100991352475633
2021-04-16,61334.8,-0.029323491032837268,0.029762410691231006
2021-04-17,60006.66,-0.02189182563638603,0.029997714018667222
2021-04-18,56150.01,-0.06642869678323038,0.02956540230352253
2021-04-19,55633.14,-0.009247792419996514,0.03526932627831107
2021-04-20,56425.0,0.014133255844770432,0.03366364467903194
2021-04-21,53787.63,-0.047868807623373755,0.032382714434509616
2021-04-22,51690.96,-0.03976060378704993,0.03440634893470631
2021-04-23,51125.14,-0.011006558547652645,0.03507384836668923
2021-04-24,50047.84,-0.021297004758734417,0.033539043948368034
2021-04-25,49066.77,-0.019797324384079218,0.032660095385717396
2021-04-26,54001.39,0.09582776337101784,0.031781721578517226
2021-04-27,55011.97,0.01854101094302152,0.04286479544980607
2021-04-28,54846.22,-0.003017528793609614,0.04091032853076502
2021-04-29,53555.0,-0.023824105906546933,0.03870782313383456
2021-04-30,57694.27,0.07444869860711911,0.03744190109653952
2021-05-01,57800.37,0.001837315218214286,0.04259423732000928
2021-05-02,56578.21,-0.021371248289668188,0.040245105952051025
2021-05-03,57169.39,0.01039468653491582,0.03867947859341588
2021-05-04,53200.01,-0.07196003096966841,0.036799198974733945
2021-05-05,57436.11,0.07661461528794256,0.04167211451670969
2021-05-06,56393.68,-0.018316104117849008,0.046229010534444524
2021-05-07,57314.75,0.016200912209964002,0.04396319937938406
2021-05-08,58862.05,0.02663856290765665,0.0418121905782528
2021-05-09,58240.84,-0.010609743743877686,0.040408289678016504
2021-05-10,55816.14,-0.042523751986188074,0.03838235663320465
2021-05-11,56670.02,0.015182248226727424,0.03877916878850027
2021-05-12,49631.32,-0.13262323703977863,0.037055163463598634
2021-05-13,49670.97,0.0007985717571479256,0.05468284397157404
2021-05-14,49841.45,0.003426309334663813,0.05137319597718761
2021-05-15,46762.99,-0.0637548890528592,0.04833123832336187
2021-05-16,46431.5,-0.007113969892818872,0.0497687759133738
2021-05-17,43538.04,-0.06434306949225999,0.04689408405486766
2021-05-18,42849.78,-0.015934527874399862,0.04863907343637777
2021-05-19,36690.09,-0.15519381949293098,0.04607506704713542
2021-05-20,40526.64,0.09945284430064305,0.06548363471787222
2021-05-21,37252.01,-0.08425363254795037,0.06892572792852868
2021-05-22,37449.73,0.005293597223083424,0.0698112910742203
2021-05-23,34655.25,-0.07755027101425505,0.06538556041886691
2021-05-24,38796.29,0.1128753941906151,0.06597828503633743
2021-05-25,38324.72,-0.012229504705665306,0.07135315391732688
2021-05-26,39241.91,0.02365018953907594,0.06690399972046758
2021-05-27,38529.98,-0.01830866877230619,0.06311530551863453
2021-05-28,35663.49,-0.07730916315520986,0.05944745347280616
2021-05-29,34605.15,-0.030124961488521507,0.06088153688387512
2021-05-30,35641.27,0.02950172116854155,0.0578865264962072
2021-05-31,37253.81,0.044249985387631696,0.05512406750330106
2021-06-01,36693.09,-0.015165767520091578,0.05363173240590493
2021-06-02,37568.68,0.023582270598655697,0.050629406096892024
2021-06-03,39246.79,0.043698932891587106,0.04821187159404037
2021-06-04,36829.0,-0.06358407913456254,0.04745619461992755
2021-06-05,35513.2,-0.03638111995464044,0.0490109512257542
2021-06-06,35796.31,0.007940357113332297,0.04755042721057678
2021-06-07,33552.79,-0.06472479604498638,0.044867267773090226
2021-06-08,33380.81,-0.00513883545678695,0.04700405860414927
2021-06-09,37388.05,0.11336995068009159,0.044323994871734225
2021-06-10,36675.72,-0.01923617890874496,0.05505490423842109
2021-06-11,37331.98,0.01773537623175514,0.052071480376435296
2021-06-12,35546.11,-0.04901960505525693,0.0492822380938609
2021-06-13,39020.57,0.09325821606697815,0.04890572768835737
2021-06-14,40516.29,0.037615172483382864,0.05465522079574629
2021-06-15,40144.04,-0.009230129428557277,0.052702730380835804
2021-06-16,38349.01,-0.04574527341953072,0.04963095670276885
2021-06-17,38092.97,-0.0066989619448758475,0.048895291200744234
2021-06-18,35819.84,-0.061527820827823376,0.04608410505209651
2021-06-19,35483.72,-0.009427930097443138,0.04759329192415111
2021-06-20,35600.16,0.003276132483096106,0.04493533412966703
2021-06-21,31608.93,-0.11891045662276056,0.0424041252434533
2021-06-22,32509.56,0.02809452431993975,0.054908498272075626
2021-06-23,33678.07,0.03531268376709562,0.052338090103848475
2021-06-24,34663.09,0.02882854837944926,0.05045629110652069
2021-06-25,31584.45,-0.09301052120369313,0.0483386001546601
2021-06-26,32283.65,0.021895999249812448,0.05417348144351587
2021-06-27,34700.34,0.07218857505595366,0.0513697622397386
2021-06-28,34494.89,-0.005938288050668206,0.05342237405827597
2021-06-29,35911.73,0.040252785948073466,0.05024426357954684
2021-06-30,35045.0,-0.02443103312082151,0.048956935387528586
2021-07-01,33504.69,-0.0449475209203527,0.046733351863372234
2021-07-02,33786.55,0.008377365268202652,0.04627510005117426
2021-07-03,34669.13,0.02578687134095503,0.043703682572751104
2021-07-04,35286.51,0.017651072284596836,0.04205537581329045
2021-07-05,33690.14,-0.04629552498009559,0.040135200295625395
2021-07-06,34220.01,0.015605347745179188,0.040701069668046826
2021-07-07,33862.12,-0.010513575195608027,0.03881823374381679
2021-07-08,32875.71,-0.029562898272272875,0.03692904437712661
2021-07-09,33815.81,0.028194357383748425,0.036273431318589976
2021-07-10,33502.87,-0.009297337803435113,0.03558456747912311
2021-07-11,34258.99,0.02231790521454613,0.03395147999078346
2021-07-12,33086.63,-0.03481973872786526,0.033094719981790026
2021-07-13,32729.77,-0.010844211993665809,0.03341643139249475
2021-07-14,32820.02,0.002753633750060658,0.03203231108689833
2021-07-15,31880.0,-0.029059841124267294,0.030602944728315404
2021-07-16,31383.87,-0.015684787261424304,0.0306974038637901
2021-07-17,31520.07,0.004330419138804942,0.029794124980339884
2021-07-18,31778.56,0.008167362765901132,0.0285945423657258
2021-07-19,30839.65,-0.02999064883210245,0.027598662443832293
2021-07-20,29790.35,-0.034616684167989575,0.028216523075797494
2021-07-21,32144.51,0.0760571584840477,0.02925534279595324
2021-07-22,32287.83,0.004448704994112873,0.036944273788781706
2021-07-23,33634.09,0.04084975691732318,0.035093910591089426
2021-07-24,34258.14,0.01838406474345433,0.035782238368833055
2021-07-25,35381.02,0.03225131745929666,0.034496566755195905
2021-07-26,37237.6,0.05114348533727764,0.03437522510424159
2021-07-27,39457.87,0.057914516924229886,0.036489387781709626
2021-07-28,40019.56,0.014134814167451992,0.03917932185286066
2021-07-29,40016.48,-7.696532715684157e-05,0.03737749603841318
2021-07-30,42206.37,0.05327978825254043,0.03546171099000335
2021-07-31,41461.83,-0.01779791255515306,0.03767648112089861
2021-08-01,39845.44,-0.03976527538307373,0.03617419191863688
2021-08-02,39147.82,-0.01766323196259023,0.036584426842411026
2021-08-03,38207.05,-0.024324684058786517,0.03518190798353642
2021-08-04,39723.18,0.038914842837089125,0.03432726742889144
2021-08-05,40862.46,0.028276896761955328,0.03491170814903911
2021-08-06,42836.87,0.04718738719476967,0.03438985360132638
2021-08-07,44572.54,0.039718793988718915,0.03596618778802572
2021-08-08,43794.37,-0.017612704032917037,0.03640108254889379
2021-08-09,46253.4,0.054629704462167084,0.03501405702025307
2021-08-10,45584.99,-0.014556479103525533,0.03750572542882324
2021-08-11,45511.0,-0.0016244406865872918,0.03587455448241369
2021-08-12,44399.0,-0.024737108317827605,0.034092806032052995
2021-08-13,47800.0,0.07380869283539049,0.033390847456989795
2021-08-14,47068.51,-0.015421439567331774,0.03944567769805327
2021-08-15,46973.82,-0.0020137746906012666,0.037670014002309064
2021-08-16,45901.29,-0.023097203992740845,0.0357347818267198
2021-08-17,44695.95,-0.026610327758852748,0.034735578591273616
2021-08-18,44705.29,0.00020894564849349706,0.034101386891657426
2021-08-19,46760.62,0.04494955657548161,0.032472389723720504
2021-08-20,49322.47,0.053338362433267505,0.03408559515164267
2021-08-21,48821.87,-0.010201389940110772,0.036566949730436976
2021-08-22,49239.22,0.008512092205915422,0.034870183130255736
2021-08-23,49488.85,0.005056931265299269,0.033281523202423544
2021-08-24,47674.01,-0.037361006005776076,0.03176619909563067
2021-08-25,48973.32,0.026889274355854198,0.03256096586091605
2021-08-26,46843.87,-0.044455503018914655,0.03220992213586142
2021-08-27,49069.9,0.046425655187308124,0.03380386625836715
2021-08-28,48895.35,-0.003563512259949775,0.03538082595341148
2021-08-29,48767.83,-0.0026114257690359466,0.03365728141621103
2021-08-30,46982.91,-0.03728695560163331,0.03207857597238608
2021-08-31,47100.89,0.00250797824579152,0.03281708492861361
2021-09-01,48810.52,0.035653966587030794,0.03131367649212156
2021-09-02,49246.64,0.008895278543619156,0.0319849311902968
2021-09-03,49999.14,0.015164663339700013,0.030676410817825607
2021-09-04,49915.64,-0.0016714247769797907,0.02974849417546618
2021-09-05,51756.88,0.03622298966548598,0.028525438402035554
2021-09-06,52663.9,0.01737284116472182,0.029705559620073402
2021-09-07,46863.73,-0.11668618261666985,0.029005124338882745
2021-09-08,46048.31,-0.017552965928857134,0.046183635434343284
2021-09-09,46395.14,0.007503649579211569,0.043890745309867404
2021-09-10,44850.91,-0.03385083421309609,0.041499228073161115
2021-09-11,45173.69,0.007170959564000157,0.04066584468529668
2021-09-12,46025.24,0.01867510394481009,0.03853852981169336
2021-09-13,44940.73,-0.02384543115686988,0.0369964779189282
2021-09-14,47111.52,0.047173046597375645,0.03591159683635164
2021-09-15,48121.41,0.021209635319468845,0.037231817944666006
2021-09-16,47737.82,-0.008003236568180583,0.035957657870533684
2021-09-17,47299.98,-0.009214083189828415,0.03425811958658326
2021-09-18,48292.74,0.020771366136939307,0.03274457504635216
2021-09-19,47241.75,-0.022003203281517614,0.03191878732599755
2021-09-20,43015.62,-0.09371472997414365,0.031269051808704394
2021-09-21,40734.38,-0.05449085222582184,0.04206459772964437
2021-09-22,43543.61,0.06669051131368064,0.04331812166122492
2021-09-23,44865.26,0.02990081126254296,0.04600718547124387
2021-09-24,42810.57,-0.04687874118217117,0.0443926282035969
2021-09-25,42670.64,-0.0032739387986815416,0.044430666172683674
2021-09-26,43160.9,0.011423896898211439,0.041940390691346946
2021-09-27,42147.35,-0.023763181042317782,0.03980462969711959
2021-09-28,41026.54,-0.026952637413387492,0.038422471854212825
2021-09-29,41524.28,0.01205914203844749,0.037398473646861816
2021-09-30,43824.1,0.05390557797621298,0.035684594860827715
2021-10-01,48141.61,0.09396298154418581,0.037946753341697864
2021-10-02,47634.9,-0.010581190057193268,0.04663592245731165
2021-10-03,48200.01,0.01179354266560928,0.04408231371125722
2021-10-04,49224.94,0.021041177106194908,0.0417738437464652
2021-10-05,51471.99,0.04463737058465789,0.04004302694230284
2021-10-06,55315.0,0.0720063432706084,0.040436818221266116
2021-10-07,53785.22,-0.028045411251504504,0.04450709525203853
2021-10-08,53951.43,0.0030854891415916796,0.04292127128713036
2021-10-09,54949.72,0.018334387918285344,0.04055285902421559
2021-10-10,54659.0,-0.005304699876692354,0.03880264628643105
2021-10-11,57471.35,0.0501726773419886,0.03680340782026307
2021-10-12,55996.93,-0.025989694956715326,0.03836087301510455
2021-10-13,57367.0,0.024172357303921643,0.03727548361374502
2021-10-14,57347.94,-0.00033230196825861924,0.0361825746822249
2021-10-15,61672.42,0.07269990621609956,0.034370270437342594
2021-10-16,60875.57,-0.013004884546981899,0.039966507812272095
2021-10-17,61528.33,0.010665774343541656,0.038053257166822514
2021-10-18,62009.84,0.0077953629773119815,0.036236425590781156
2021-10-19,64280.59,0.035964637291378665,0.03450716752770837
2021-10-20,66001.41,0.026418386013748574,0.034749725189091515
2021-10-21,62193.15,-0.05943124037142056,0.03409900789815942
2021-10-22,60688.22,-0.024495255024330476,0.0375024391570875
2021-10-23,61286.75,0.009814059457966096,0.036406912412896834
2021-10-24,60852.22,-0.007115367573462095,0.03471352558407953
2021-10-25,63078.78,0.035936119464491156,0.033106348305339074
2021-10-26,60328.81,-0.04457465397637783,0.033544004827055086
2021-10-27,58413.44,-0.03226376706842693,0.03492610788441779
2021-10-28,60575.89,0.036350958781548925,0.03475049300166448
2021-10-29,62253.71,0.027321172837899255,0.03499918785401963
2021-10-30,61859.19,-0.006357458874695965,0.034389947454359374
2021-10-31,61299.8,-0.009084092793678167,0.03279665866317766
2021-11-01,60911.11,-0.006360992003154209,0.03141629665903254
2021-11-02,63219.99,0.03720496031871967,0.030098543794241227
2021-11-03,62896.48,-0.00513034831339354,0.03113816941544696
2021-11-04,61395.01,-0.02416163880409883,0.029823219505315558
2021-11-05,60937.12,-0.007486048650989119,0.02958853991488728
2021-11-06,61470.61,0.00871666156843176,0.028474163276258003
2021-11-07,63273.59,0.028908848090944517,0.027507326623666728
2021-11-08,67525.83,0.0650421688463716,0.028025972271487662
2021-11-09,66947.66,-0.008599071276879755,0.033894928046116955
2021-11-10,64882.43,-0.03133425720348271,0.032398285770972396
2021-11-11,64774.26,-0.001668560644210615,0.032467142482903145
2021-11-12,64122.23,-0.010117196545531115,0.030990069695621666
2021-11-13,64380.0,0.004011920193832452,0.029816526914700336
2021-11-14,65519.1,0.017538677316071727,0.02861015650775524
2021-11-15,63606.74,-0.029622263612827382,0.028044191784040082
2021-11-16,60058.87,-0.05739419171453264,0.028556643025038863
2021-11-17,60344.87,0.004750691928606443,0.03288700051383606
2021-11-18,56891.62,-0.05892788542453076,0.031403073990945295
2021-11-19,58052.24,0.020195240460608943,0.035317853069809974
2021-11-20,59707.51,0.028114513307780697,0.03418106356632226
2021-11-21,58622.02,-0.018347414213867097,0.03373380511464758
2021-11-22,56247.18,-0.04135448742349368,0.032655578366325544
2021-11-23,57541.27,0.022746522987711515,0.03378228608418112
2021-11-24,57138.29,-0.007027959623695068,0.03297343724618103
2021-11-25,58960.36,0.03139088383840871,0.03152402320838424
2021-11-26,53726.53,-0.09295843321180186,0.031717575759031905
2021-11-27,54721.03,0.018341175751455552,0.042188336627375866
2021-11-28,57274.88,0.04561403694585309,0.04028677705384389
2021-11-29,57776.25,0.00871565839954691,0.0407541944739796
2021-11-30,56950.56,-0.014394268550105949,0.03865104248700311
2021-12-01,57184.07,0.004091840063050967,0.03690742627097646
2021-12-02,56480.34,-0.012382750098007378,0.03505593779004484
2021-12-03,53601.05,-0.05232395555977298,0.033570628574208145
2021-12-04,49152.47,-0.08664155778315319,0.03600335442827684
2021-12-05,49396.33,0.004949030282181965,0.04380016341878061
2021-12-06,50441.92,0.020946445463868812,0.041377843858530036
2021-12-07,50588.95,0.002910597598496878,0.03967986139777628
2021-12-08,50471.19,-0.002330494560926155,0.03757971700253443
2021-12-09,47545.59,-0.0597136382267216,0.035654160365976184
2021-12-10,47140.54,-0.008555687528783551,0.038779648709913406
2021-12-11,49389.99,0.046614419400292206,0.03684339380587542
2021-12-12,50053.9,0.013352652721007274,0.03794439219969332
2021-12-13,46702.75,-0.06929737535264024,0.03622619479710052
2021-12-14,48343.28,0.03452417623267223,0.04077720728940318
2021-12-15,48864.98,0.010733758816394712,0.04008469694614315
2021-12-16,47632.38,-0.02554820242818323,0.038090426456387654
2021-12-17,46131.2,-0.03202327139996619,0.03700354782156124
2021-12-18,46834.48,0.015130173120065038,0.03654647231156989
2021-12-19,46681.23,-0.0032775271061211697,0.03502967736689166
2021-12-20,46914.16,0.004977392174810191,0.03333430328580455
2021-12-21,48889.88,0.041250873237455465,0.031812906115487156
2021-12-22,48588.16,-0.0061905422711152625,0.03306473679377381
2021-12-23,50838.81,0.045280159454227586,0.03158938473754081
2021-12-24,50820.0,-0.00037006138896700236,0.03340277514349232
2021-12-25,50399.66,-0.008305548869195434,0.03183657808180552
2021-12-26,50775.49,0.00742932881557401,0.030525725437341538
2021-12-27,50701.44,-0.001459445277733451,0.02931811060631916
2021-12-28,47543.74,-0.06430418312979924,0.028135181889526666
2021-12-29,46464.66,-0.02295810578396207,0.03383295573407649
2021-12-30,47120.87,0.014023979023434663,0.0330330558015205
2021-12-31,46216.93,-0.019369821492674077,0.031809738744741745
2022-01-01,47722.65,0.03205994678177859,0.03099782556339657
2022-01-02,47286.18,-0.009188052743592579,0.0313321892894482
2022-01-03,46446.1,-0.017925574729597216,0.03009531125078652
2022-01-04,45832.01,-0.013309745191831368,0.029384607638369756
2022-01-05,43451.13,-0.05334589701670467,0.02850301528399782
2022-01-06,43082.31,-0.008524386257173333,0.03215910464317025
2022-01-07,41566.48,-0.03581839879061022,0.030823479644442625
2022-01-08,41679.74,0.002721086191884936,0.03158784936757147
2022-01-09,41864.62,0.004425919398926226,0.03019934017022672
2022-01-10,41822.49,-0.001006845703216186,0.02896228089635714
2022-01-11,42729.29,0.021450400439677608,0.027811737355675194
2022-01-12,43902.66,0.027090276943411595,0.027615470230434293
2022-01-13,42560.11,-0.03105748088409932,0.027936933697398896
2022-01-14,43059.96,0.01167613338290252,0.028617420657412466
2022-01-15,43084.29,0.0005648665034954092,0.02774459450727212
2022-01-16,43071.66,-0.0002931892710940076,0.02671217861023145
2022-01-17,42201.62,-0.020406631301085554,0.025782940607602868
2022-01-18,42352.12,0.003559869946295535,0.02576747695164321
2022-01-19,41660.01,-0.016476803005826213,0.0249603650879123
2022-01-20,40680.91,-0.02378273522619523,0.02476519045169493
2022-01-21,36445.31,-0.10994615987910983,0.025183745725818215
2022-01-22,35071.42,-0.03842622698585174,0.04243895565374494
2022-01-23,36244.55,0.032902471390134025,0.041893732879552587
2022-01-24,36660.35,0.01140676438620325,0.040938130725470236
2022-01-25,36958.32,0.008095001638555033,0.038888722000231135
2022-01-26,36809.34,-0.00403917387510333,0.03693261018774733
2022-01-27,37160.1,0.009483987687843864,0.03507832322777542
2022-01-28,37716.56,0.014863650295470876,0.033496708276082685
2022-01-29,38166.84,0.01186782049743762,0.03226497624155524
2022-01-30,37881.76,-0.007497346048859654,0.03102900287847504
2022-01-31,38466.9,0.015328401493649224,0.029774464136372032
2022-02-01,38694.59,0.005901665736713468,0.028951450491611307
2022-02-02,36896.36,-0.047586895787796735,0.027862519383339078
2022-02-03,37311.61,0.01119163707773474,0.030740053842872907
2022-02-04,41574.25,0.10817644695693396,0.029629772308798277
2022-02-05,41382.59,-0.004620724246787944,0.04442890028830157
2022-02-06,42380.87,0.023836820198473774,0.04195140360654817
2022-02-07,43839.99,0.03384933335689588,0.04035894120846982
2022-02-08,44042.99,0.004619787837025768,0.03965794184979254
2022-02-09,44372.72,0.007458663819306821,0.037576723016604606
2022-02-10,43495.44,-0.019968761180241046,0.035721542955699306
2022-02-11,42373.73,-0.02612751026362048,0.03452982017963349
2022-02-12,42217.87,-0.0036850036261721897,0.033882244373016845
2022-02-13,42053.66,-0.0038971692535803015,0.0322937373106449
2022-02-14,42535.94,0.011402943760909778,0.03085258747345413
2022-02-15,44544.86,0.04614740564728237,0.029739037207488373
2022-02-16,43873.56,-0.015184910543851515,0.03201934076924921
2022-02-17,40515.7,-0.07962230741964582,0.03095240117862346
2022-02-18,39974.44,-0.013449303448535233,0.038843540177258884
2022-02-19,40079.17,0.002616498112926635,0.03704688851220743
2022-02-20,38386.89,-0.043140752928049864,0.035169255506139155
2022-02-21,37008.16,-0.03657756618202512,0.03611291623608174
2022-02-22,38230.33,0.03249075076621821,0.03619831295144946
2022-02-23,37250.01,-0.02597696635358382,0.03588220859002632
2022-02-24,38327.21,0.028507874523143073,0.03506858408387703
2022-02-25,39219.17,0.02300557006710946,0.03454692757342767
2022-02-26,39116.72,-0.002615660801474462,0.03367104668005831
2022-02-27,37699.07,-0.03691457135600551,0.03209113556269945
2022-02-28,43160.0,0.13527871467525188,0.03278574907765306
2022-03-01,44421.2,0.02880269256962542,0.05293908085777766
2022-03-02,43892.98,-0.011962434549047885,0.050587512645590776
2022-03-03,42454.0,-0.03333326158825933,0.047744442497132944
2022-03-04,39148.66,-0.08105494230198751,0.04619079160199349
2022-03-05,39397.96,0.006347843793420793,0.05050966637479659
2022-03-06,38420.81,-0.025114798426121965,0.0475653004213237
2022-03-07,37988.0,-0.011328919506857105,0.04550708188712606
2022-03-08,38730.63,0.019360439473766533,0.0430659878987307
2022-03-09,41941.71,0.07965003732031306,0.04113081979609387
2022-03-10,39422.0,-0.061956761070048216,0.04631996136145978
2022-03-11,38729.57,-0.017720645144228442,0.04784665409693154
2022-03-12,38807.36,0.0020065284013579543,0.04541584412898078
2022-03-13,37777.34,-0.026900467390317928,0.04283796824567679
2022-03-14,39671.37,0.0489203168714063,0.04134647464648028
2022-03-15,39280.33,-0.009905884169983281,0.0420367075005831
2022-03-16,41114.0,0.04562481143050867,0.03985216535857696
2022-03-17,40917.9,-0.0047810759850470674,0.04038313352086809
2022-03-18,41757.51,0.020311695241442607,0.0382426400320692
2022-03-19,42201.13,0.010567682574770032,0.036815730510985335
2022-03-20,41262.11,-0.02250235248131105,0.0351072690988565
2022-03-21,41002.25,-0.006317702205992148,0.034136554283429474
2022-03-22,42364.13,0.03267507037255868,0.032565502296509716
2022-03-23,42882.76,0.012167866742906597,0.032742817803417854
2022-03-24,43991.46,0.025525643808284926,0.031471526806731466
2022-03-25,44313.16,0.007286174227543185,0.03114251642664663
2022-03-26,44511.27,0.004460717136023362,0.029871855833354544
2022-03-27,46827.76,0.05073377393082801,0.028666777724660295
2022-03-28,47122.21,0.006268250306014522,0.03186257773804986
2022-03-29,47434.8,0.006611696768466402,0.030500757052367183
2022-03-30,47067.99,-0.007762984396878281,0.02927602563774237
2022-03-31,45510.34,-0.03365359925692779,0.028200096992011585
2022-04-01,46283.49,0.016845757140593776,0.029129308533234186
2022-04-02,45811.0,-0.010261073071447413,0.028462203635304627
2022-04-03,46407.35,0.012933614904540036,0.027549672001007462
2022-04-04,46580.51,0.003724361441516777,0.026848427664784517
2022-04-05,45497.55,-0.02352373494806237,0.025931890310479277
2022-04-06,43170.47,-0.0525017816550033,0.026159023401791402
2022-04-07,43444.19,0.006320429156202678,0.030235497266647954
2022-04-08,42252.01,-0.02782519921842841,0.029029956642811067
2022-04-09,42753.97,0.011810129932037228,0.02922296205115493
2022-04-10,42158.85,-0.014017429746877141,0.028292236384014076
2022-04-11,39530.45,-0.06437336581826436,0.02756284943482839
2022-04-12,40074.94,0.013679940298763071,0.03343517804975011
2022-04-13,41147.79,0.02641901842530281,0.032157251339333316
2022-04-14,39942.38,-0.02973230413066652,0.031816997389609976
2022-04-15,40551.9,0.01514471960101993,0.031811811583588784
2022-04-16,40378.71,-0.0042799693311703635,0.03076429133334039
2022-04-17,39678.12,-0.01750276360422731,0.029471267174429484
2022-04-18,40801.13,0.02790987484302576,0.02880494996268263
2022-04-19,41493.18,0.016819299277376132,0.029037330786690754
2022-04-20,41358.19,-0.0032586092287818502,0.028379015973512736
2022-04-21,40480.01,-0.021462195138859386,0.027302852242830106
2022-04-22,39709.18,-0.01922587679520049,0.027172441347974745
2022-04-23,39441.6,-0.006761298356655843,0.026890694616766516
2022-04-24,39450.13,0.0002162457340766366,0.026030892926475604
2022-04-25,40426.08,0.0244377786503307,0.025171293098418514
2022-04-26,38112.65,-0.05892887322404583,0.02559212315680258
2022-04-27,39235.72,0.029041308349953,0.030986130452223107
2022-04-28,39742.07,0.01282276796963977,0.03102724352563314
2022-04-29,38596.11,-0.02925883015250008,0.02995349893511201
2022-04-30,37630.8,-0.02532863017771625,0.03015594694722116
2022-05-01,38468.35,0.022012961267668274,0.029975763599875953
2022-05-02,38525.16,0.0014757090645609594,0.029555059953140367
2022-05-03,37728.95,-0.02088383006942962,0.02834944422745096
2022-05-04,39690.0,0.050671562519541524,0.028043033859628426
2022-05-05,36552.97,-0.08233682535055209,0.03136748436089123
2022-05-06,36013.77,-0.01486107612278964,0.03968731496025278
2022-05-07,35472.39,-0.015146717920837105,0.03786714795572485
2022-05-08,34038.4,-0.041265348325588036,0.03622645401915396
2022-05-09,30076.31,-0.12375148039084216,0.036794286792401966
2022-05-10,31017.1,0.03080084662153304,0.052409496133436546
2022-05-11,29103.94,-0.06366510510454937,0.050225353511629905
2022-05-12,29029.75,-0.0025523939828087094,0.051358370108661344
2022-05-13,29287.05,0.008824272580557846,0.04831218124317199
2022-05-14,30086.74,0.026939104331734853,0.045583737233232426
2022-05-15,31328.89,0.040456131904644366,0.04382109468179985
2022-05-16,29874.01,-0.047551803408195426,0.043294822458897576
2022-05-17,30444.93,0.018930606202495426,0.043553850113333036
2022-05-18,28715.32,-0.05848869957421954,0.04155419633111751
2022-05-19,30319.23,0.054351386417769376,0.04341055058157159
2022-05-20,29201.01,-0.03757886695618318,0.04443778607064679
2022-05-21,29445.06,0.00832285637471486,0.04358049697767269
2022-05-22,30293.94,0.028421538420797532,0.041230375330120174
2022-05-23,29109.15,-0.03989513476921225,0.040008953829898844
2022-05-24,29654.58,0.018564024573910487,0.03990998216338247
2022-05-25,29542.15,-0.0037985251950818366,0.038231276027176304
2022-05-26,29201.35,-0.011603116040031836,0.03626228166492426
2022-05-27,28629.8,-0.019766807675974718,0.03463717682925527
2022-05-28,29031.33,0.013927458255286851,0.03354614423789715
2022-05-29,29468.1,0.014932730664861893,0.03226787636761972
2022-05-30,31734.22,0.07408727158891715,0.031163283074158766
2022-05-31,31801.04,0.002103399738537348,0.03788618610041871
2022-06-01,29805.83,-0.06479498169315434,0.03593293679327843
2022-06-02,30452.62,0.021468021186668906,0.039802523898537064
2022-06-03,29700.21,-0.025017916656656425,0.038285657626824676
2022-06-04,29864.04,0.0055009645259609385,0.037141897413441254
2022-06-05,29919.21,0.0018456679976868173,0.035289141653318236
2022-06-06,31373.1,0.04745008883495139,0.03355990455124714
2022-06-07,31125.33,-0.007928880711022046,0.03531484236057338
2022-06-08,30204.77,-0.030022098209931514,0.03367148100354606
2022-06-09,30109.93,-0.0031448412464669673,0.033452054669535956
2022-06-10,29091.88,-0.03439592024343874,0.031896663713629966
2022-06-11,28424.7,-0.02320061194727252,0.03234514331478587
2022-06-12,26574.53,-0.06730524721449882,0.03173186271817202
2022-06-13,22487.41,-0.16699764123151084,0.03702401638575154
2022-06-14,22136.41,-0.015731832867253104,0.06336384306431504
2022-06-15,22583.72,0.020005528538408868,0.05960298728710582
2022-06-16,20401.31,-0.1016301782416349,0.056273300839854434
2022-06-17,20468.81,0.00330314965423284,0.06182133494542409
2022-06-18,18970.79,-0.07600183634697188,0.05797818713428559
2022-06-19,20574.0,0.0811277149268701,0.059472331704211887
2022-06-20,20573.89,-5.346568196173962e-06,0.061395775696002367
2022-06-21,20723.52,0.0072464909918430465,0.0575752414963431
2022-06-22,19987.99,-0.03613769395083111,0.054092150153082635
2022-06-23,21110.13,0.054621426878467716,0.05209234169996041
2022-06-24,21237.69,0.00602441333699133,0.05192975091126119
2022-06-25,21491.19,0.01186565031702358,0.048869382474364204
2022-06-26,21038.07,-0.021309430090107995,0.04616395102548356
2022-06-27,20742.56,-0.014146025460121336,0.044038332568362225
2022-06-28,20281.29,-0.022488841996464615,0.041806416340637684
2022-06-29,20123.01,-0.007834849739538186,0.0401508068399502
2022-06-30,19942.21,-0.009025345538187679,0.038080366821631476
2022-07-01,19279.8,-0.033780675205104416,0.036216683917635946
2022-07-02,19252.81,-0.001400891578015262,0.03601678551389045
2022-07-03,19315.83,0.0032679428719752934,0.03422162390338042
2022-07-04,20236.71,0.04657331482099103,0.03259816910019366
2022-07-05,20175.83,-0.003012928464995568,0.03440553844423066
2022-07-06,20564.51,0.019081421173607893,0.032763190819694844
2022-07-07,21624.98,0.05028235345384857,0.031830054043504
2022-07-08,21594.75,-0.001398898370249313,0.03430214707986549
2022-07-09,21591.83,-0.00013522719346781287,0.032658171931576024
2022-07-10,20862.47,-0.034363151398205005,0.031159231719452733
2022-07-11,19963.61,-0.04404073474684722,0.03171211359479847
2022-07-12,19328.75,-0.03231749144575069,0.03333835873889076
2022-07-13,20234.87,0.04581372898770297,0.033375840824111144
2022-07-14,20588.84,0.017341827629275386,0.03494623097181379
2022-07-15,20830.04,0.011646994153803547,0.03369009360514101
2022-07-16,21195.6,0.01739743738897559,0.03230781872676163
2022-07-17,20798.16,-0.01892909171140289,0.03132620318812565
2022-07-18,22432.58,0.07564984518217699,0.030540257697510995
2022-07-19,23396.62,0.04207720104807322,0.03775380862873898
2022-07-20,23223.3,-0.007435482451242592,0.03819105088306298
2022-07-21,23152.19,-0.0030667085449955778,0.036281680479920156
2022-07-22,22684.83,-0.020392957340748197,0.03447419552194638
2022-07-23,22451.07,-0.010358144626698262,0.03343773846444792
2022-07-24,22579.68,0.0057121122651899725,0.0320355564580953
2022-07-25,21310.9,-0.05783170787580438,0.03064665430285192
2022-07-26,21254.67,-0.0026420429802271883,0.034552674856486415
2022-07-27,22952.45,0.07684804868982553,0.032894022066191055
2022-07-28,23842.93,0.03806305270838806,0.03966170994693455
2022-07-29,23773.75,-0.0029057065160618123,0.039428112338649346
2022-07-30,23643.51,-0.005493372140119135,0.03734917904558168
2022-07-31,23293.32,-0.014922034485877589,0.03547824285681502
2022-08-01,23268.01,-0.001087168364517055,0.03405482745740146
2022-08-02,22987.79,-0.012116250420426411,0.03243173740063036
2022-08-03,22818.37,-0.007397292091434693,0.031188931366738587
2022-08-04,22622.98,-0.008599709479179651,0.029916540743020113
2022-08-05,23312.42,0.03002006193057838,0.028800870653339777
2022-08-06,22954.21,-0.015484903813883122,0.029242939762891048
2022-08-07,23174.39,0.00954642768953029,0.02848619068062623
2022-08-08,23810.0,0.02705787086036615,0.02754556034152571
2022-08-09,23149.95,-0.028113039796075157,0.02787387747105864
2022-08-10,23954.05,0.03414479115449787,0.028258378054284546
2022-08-11,23934.39,-0.0008210750278987433,0.02923508435814647
2022-08-12,24403.68,0.019417603769849023,0.028057572016123637
2022-08-13,24441.38,0.001543656921956682,0.027681096511798963
2022-08-14,24305.24,-0.005585632561016851,0.026658846543238947
2022-08-15,24094.82,-0.008695085325241436,0.025795219282661982
2022-08-16,23854.74,-0.010013939908729341,0.025110440292295304
2022-08-17,23342.66,-0.02170035192362363,0.024551238940168352
2022-08-18,23191.2,-0.006509691431418219,0.02481186098688112
2022-08-19,20834.39,-0.10716790958304045,0.024167419497321197
2022-08-20,21140.07,0.014565304906856369,0.04119991776367526
2022-08-21,21515.61,0.017608426506097175,0.03923211130664582
2022-08-22,21399.83,-0.005395740129966242,0.03757205618561506
2022-08-23,21529.12,0.006023459269735909,0.035680258855643
2022-08-24,21368.08,-0.007508217623966473,0.03396493118607514
2022-08-25,21559.04,0.00889699843098768,0.03243481037751757
2022-08-26,20241.05,-0.06308249760374451,0.031083410350222124
2022-08-27,20037.6,-0.010102211978267661,0.03578495525668163
2022-08-28,19555.61,-0.024348306776797557,0.03415643891078333
2022-08-29,20285.73,0.0366554814045692,0.033418742980514594
2022-08-30,19811.66,-0.0236470299311744,0.033888478036895056
2022-08-31,20050.02,0.011959497995954749,0.03313071782441754
2022-09-01,20131.46,0.004053614327647281,0.03181376222879102
2022-09-02,19951.86,-0.008961393513317262,0.030419099395608426
2022-09-03,19831.9,-0.0060306197082571344,0.029264646893374224
2022-09-04,20000.3,0.008455521077104677,0.028147567951099427
2022-09-05,19796.84,-0.010224944437389638,0.02720604482033771
2022-09-06,18790.61,-0.052165052029039316,0.026424744351859427
2022-09-07,19292.84,0.026376765648059575,0.03037744382951389
2022-09-08,19319.77,0.0013948813284816453,0.03025850140751596
2022-09-09,21360.11,0.10039623993986346,0.028985456516691533
2022-09-10,21648.34,0.013403613252505053,0.04218293090697183
2022-09-11,21826.87,0.008213002469084074,0.040087440049167394
2022-09-12,22395.74,0.025728982590269567,0.03803038215849295
2022-09-13,20173.57,-0.10449743036114079,0.03696245299296523
2022-09-14,20226.71,0.0026306763540286937,0.04816005224357049
2022-09-15,19701.88,-0.026289945533484627,0.04536602873016431
2022-09-16,19803.3,0.005134527817078904,0.043585226889864964
2022-09-17,20113.62,0.015548607050206442,0.04118281101661202
2022-09-18,19416.18,-0.03529045844411449,0.03925415116867173
2022-09-19,19537.02,0.006204388221696888,0.03881247375415578
2022-09-20,18875.0,-0.034472832172509627,0.03682641158410578
2022-09-21,18461.36,-0.022158395968023825,0.036613408231029154
2022-09-22,19401.63,0.049677183991239104,0.035460567279678064
2022-09-23,19289.91,-0.005774921881410933,0.03718157521692758
2022-09-24,18920.5,-0.019336170941038233,0.035329717287565
2022-09-25,18807.38,-0.00599664433730851,0.0341421500299941
2022-09-26,19227.82,0.022108842641316073,0.03256453798629496
2022-09-27,19079.13,-0.007763121143595342,0.03184854143363589
2022-09-28,19412.82,0.017338605066758106,0.030522314972048645
2022-09-29,19591.51,0.009162636565832827,0.029729427596046906
2022-09-30,19422.61,-0.008658457767896977,0.028649751352442143
2022-10-01,19310.95,-0.005765558823590311,0.027663165368632347
2022-10-02,19056.8,-0.013248299277497821,0.026700372151563137
2022-10-03,19629.08,0.029588146889958367,0.026109430929795906
2022-10-04,20337.82,0.03547006675217901,0.026915004321162908
2022-10-05,20158.26,-0.008868076947532444,0.02827738001219674
2022-10-06,19960.67,-0.009850292500255264,0.027335571915239318
2022-10-07,19530.09,-0.02180748428132162,0.026526287396436525
2022-10-08,19417.96,-0.0057579421714510914,0.026525071254199884
2022-10-09,19439.02,0.0010839752375062517,0.025679138410348343
2022-10-10,19131.87,-0.015926855342589974,0.02485824394749735
2022-10-11,19060.0,-0.003763632670310102,0.024639928178417533
2022-10-12,19155.53,0.004999548559698752,0.023955755640818196
2022-10-13,19375.13,0.011398838108565457,0.023369308233462914
2022-10-14,19176.93,-0.010282290815579742,0.023076339072369292
2022-10-15,19069.39,-0.005623562392809589,0.022766281948831506
2022-10-16,19262.98,0.010100687533673991,0.02232912117999568
2022-10-17,19549.86,0.014783006060810067,0.022102296699191913
2022-10-18,19327.44,-0.011442277457684114,0.022167251408051647
2022-10-19,19123.97,-0.010583325769578877,0.02202604192333334
2022-10-20,19041.92,-0.004299657437842441,0.021859746295814674
2022-10-21,19164.37,0.006409961253210028,0.02149874979296821
2022-10-22,19204.35,0.0020839900038094328,0.021233824421035715
2022-10-23,19570.4,0.018881404774907296,0.02091397412966146
2022-10-24,19329.72,-0.01237441278798812,0.02146652002620297
2022-10-25,20080.07,0.03808397301398081,0.021467273252811333
2022-10-26,20771.59,0.033858406805052255,0.024294022662987715
2022-10-27,20295.11,-0.02320621734790862,0.02592438765489036
2022-10-28,20591.84,0.014514910485441845,0.026124278048324158
2022-10-29,20809.67,0.010522901703300391,0.025667424852111712
2022-10-30,20627.48,-0.008793615102668184,0.02506656497666813
2022-10-31,20490.74,-0.006651090639639534,0.024465609073413365
2022-11-01,20483.62,-0.00034753441282120434,0.023863208312944514
2022-11-02,20151.84,-0.016329943003791314,0.023233743046928806
2022-11-03,20207.82,0.002774058844849492,0.023252308352225755
2022-11-04,21148.52,0.04550026847944544,0.022706842503129016
2022-11-05,21299.37,0.007107568128679631,0.0264477635342854
2022-11-06,20905.58,-0.018661385830796462,0.025643667921075756
2022-11-07,20591.13,-0.015155708438383542,0.025513802911660995
2022-11-08,18547.23,-0.10453994878635697,0.025166920979509778
2022-11-09,15922.81,-0.1525677793793303,0.04104547338453518
2022-11-10,17601.15,0.10021156844027068,0.06186706223268975
2022-11-11,17070.31,-0.030623543661599584,0.06607902454246992
2022-11-12,16812.08,-0.01524302151959489,0.0626588470524109
2022-11-13,16329.85,-0.029102954245262325,0.0589402878109263
2022-11-14,16619.46,0.017579576532613217,0.056063313715941324
2022-11-15,16900.57,0.01677305124617945,0.052938963903430745
2022-11-16,16662.76,-0.014171059886844972,0.05004426220572149
2022-11-17,16692.56,0.001786821887998613,0.04730619646560992
2022-11-18,16700.45,0.00047255399539203324,0.04457592973843724
2022-11-19,16700.68,1.377198915086808e-05,0.042061416836968145
2022-11-20,16280.23,-0.025497948917879043,0.03975191447187252
2022-11-21,15781.29,-0.03112642711283975,0.03848595508092808
2022-11-22,16226.94,0.027847762883542515,0.03777626853864617
2022-11-23,16603.11,0.022917203202952763,0.03688948322723263
2022-11-24,16598.95,-0.00025058686248868867,0.03575555498759857
2022-11-25,16522.14,-0.004638140695062631,0.033980441786316574
2022-11-26,16458.57,-0.0038549854582061727,0.03239530034717051
2022-11-27,16428.78,-0.001811639317102376,0.030944260234168984
2022-11-28,16212.91,-0.013226836427964628,0.029608912221784703
2022-11-29,16442.53,0.014063432280211785,0.02869979318835674
2022-11-30,17163.64,0.042921922045644934,0.027928174601789826
2022-12-01,16977.37,-0.010911911994265111,0.030100417432101914
2022-12-02,17092.74,0.00677253117024712,0.02904407398876863
2022-12-03,16885.2,-0.012216313353322406,0.02796567301569142
2022-12-04,17105.7,0.012974242698660987,0.027185799685324107
2022-12-05,16966.35,-0.008179770631693728,0.026526792123091947
2022-12-06,17088.96,0.007200670308000312,0.0257461147757303
2022-12-07,16836.64,-0.014875177009226803,0.02501941551284928
2022-12-08,17224.1,0.022752101931693858,0.024715746827953803
2022-12-09,17128.56,-0.005562320142260546,0.025046318439336735
2022-12-10,17127.49,-6.247071687148775e-05,0.024352855211272634
2022-12-11,17085.05,-0.0024809629316511206,0.02367000996897198
2022-12-12,17209.83,0.007276920090015793,0.02307475611908924
2022-12-13,17774.7,0.03229536571300429,0.02264904546189431
2022-12-14,17803.15,0.0015993100237423619,0.024388482954115217
2022-12-15,17356.34,-0.02541755042203242,0.02370717090596939
2022-12-16,16632.12,-0.04262209197455569,0.024449217464985913
2022-12-17,16776.52,0.008644524244230567,0.02730299116825704
2022-12-18,16738.21,-0.00228615994732273,0.02645518707971996
2022-12-19,16438.88,-0.01804486904717173,0.025562142029190178
2022-12-20,16895.56,0.027401604731458917,0.0253983812265523
2022-12-21,16824.67,-0.004204603849787603,0.026081274430110758
2022-12-22,16821.43,-0.0001925929014063854,0.025251310152450985
2022-12-23,16778.5,-0.0025553638570467996,0.02447289194677155
2022-12-24,16836.12,0.0034282735568194056,0.02379081074475853
2022-12-25,16832.11,-0.00023820676162422671,0.023194277506220665
2022-12-26,16919.39,0.005171929813682752,0.022638500679770916
2022-12-27,16706.36,-0.012670816273175234,0.022205225707536958
2022-12-28,16547.31,-0.009565934397528508,0.022126027549871797
2022-12-29,16633.47,0.005193379640447304,0.021900531301415192
2022-12-30,16607.48,-0.0015637342071173066,0.021554346260264687
2022-12-31,16542.4,-0.003926414431065339,0.021191949699836465
2023-01-01,16616.75,0.004484440922006172,0.020903530732494
2023-01-02,16672.87,0.0033716247385005005,0.0206614712335352
2023-01-03,16675.18,0.0001385388353263295,0.020427909968377015
2023-01-04,16850.36,0.010450635209179993,0.02019518395645135
2023-01-05,16831.85,-0.001099096636671959,0.020261608032854168
2023-01-06,16950.65,0.00703325625515383,0.02005232338825258
2023-01-07,16943.57,-0.0004177703515821918,0.019989743631147833
2023-01-08,17127.83,0.010816215147354313,0.01981168003131692
2023-01-09,17178.26,0.0029400048985390725,0.01994999189996516
2023-01-10,17440.66,0.01515963093336481,0.019798234793441907
2023-01-11,17943.26,0.028410295154573717,0.020218507474858524
2023-01-12,18846.62,0.04911903051513278,0.021930085494750565
2023-01-13,19930.01,0.05589304850955479,0.026524534887535367
2023-01-14,20954.92,0.05014682768441858,0.031105170198988973
2023-01-15,20871.5,-0.003988871656174453,0.03370039934723457
2023-01-16,21185.65,0.014939473685251059,0.03213191720891978
2023-01-17,21134.81,-0.0024026215431760534,0.03104153805838038
2023-01-18,20677.47,-0.021876742420547046,0.02970126614869311
2023-01-19,21071.59,0.018880985981668985,0.029303572263885025
2023-01-20,22667.21,0.07299369909677722,0.028743288499116382
2023-01-21,22783.55,0.005119397523328573,0.03596669677934601
2023-01-22,22707.88,-0.003326783518994958,0.034211252953717894
2023-01-23,22916.45,0.009142992475146272,0.032589320809096496
2023-01-24,22632.89,-0.012450835212588274,0.03123033378292039
2023-01-25,23060.94,0.018736119160646325,0.03012042671529258
2023-01-26,23009.65,-0.002226584082814398,0.029457243156014418
2023-01-27,23074.16,0.0027996835390577957,0.028265918673870738
2023-01-28,23022.6,-0.0022370345118361,0.02719582277329718
2023-01-29,23742.3,0.03078192520585077,0.02622710282171432
2023-01-30,22826.15,-0.03935145882331703,0.027146694213040324
2023-01-31,23125.13,0.013013096440888106,0.02897282579041833
2023-02-01,23732.66,0.025932253556534945,0.028121228833833695
2023-02-02,23488.94,-0.010322486493569372,0.02826300601286023
2023-02-03,23431.9,-0.0024313302190961394,0.02737354936396899
2023-02-04,23326.84,-0.004493712909869885,0.026388673299135825
2023-02-05,22932.91,-0.01703163213982073,0.025531686854501686
2023-02-06,22762.52,-0.007457673107037266,0.02530188023509307
2023-02-07,23240.46,0.020779401555923727,0.024630882785648067
2023-02-08,22963.0,-0.012010500310640992,0.02480171895923857
2023-02-09,21796.35,-0.05214170035251797,0.02436768539745039
2023-02-10,21625.19,-0.007883685677702701,0.028843298397884676
2023-02-11,21862.55,0.010916288456746415,0.02781408224681048
2023-02-12,21783.54,-0.003620488630474483,0.0269951226900117
2023-02-13,21773.97,-0.00043941906477051873,0.02606217051964289
2023-02-14,22199.84,0.01936986197704016,0.025199634820181383
2023-02-15,24324.05,0.0913804911936591,0.025180581628998115
2023-02-16,23517.72,-0.03371139328266537,0.03779284189679419
2023-02-17,24569.97,0.043770785975072,0.03738857064920862
2023-02-18,24631.95,0.0025194152091874145,0.03806901478255028
2023-02-19,24271.76,-0.014730846119734409,0.036102779093065654
2023-02-20,24842.2,0.023230285350591018,0.034611203098297766
2023-02-21,24452.16,-0.01582526439406351,0.0337435942701069
2023-02-22,24182.21,-0.01110131671752157,0.032532556987429344
2023-02-23,23940.2,-0.010058184545767901,0.031242283834510363
2023-02-24,23185.29,-0.03204102846148693,0.03004194502246133
2023-02-25,23157.07,-0.0012178923770029826,0.03051205307503746
2023-02-26,23554.85,0.017031610581687673,0.029214263993476475
2023-02-27,23492.09,-0.0026679753126401806,0.02854861154210677
2023-02-28,23141.57,-0.015033201397947948,0.02744939993704803
2023-03-01,23628.97,0.020842934243896494,0.026868369142946772
2023-03-02,23465.32,-0.006949915104726756,0.026745436569349513
2023-03-03,22354.34,-0.04850310083198828,0.025905763461909415
2023-03-04,22346.57,-0.0003476439328977676,0.029368105031210984
2023-03-05,22430.24,0.00373720670958555,0.02817680947337312
2023-03-06,22410.0,-0.0009027606174552005,0.02712677589497769
2023-03-07,22197.96,-0.00950689504881197,0.026157034966591736
2023-03-08,21705.44,-0.022437472391169777,0.02546190677701056
2023-03-09,20362.22,-0.06388169730657545,0.025658723005195748
2023-03-10,20150.69,-0.010442692083691085,0.03199592775400418
2023-03-11,20455.73,0.01502450785778997,0.030734923514212063
2023-03-12,21997.11,0.07264804225261656,0.029793746470680338
2023-03-13,24113.48,0.09185993913307122,0.036632101719742204
2023-03-14,24670.41,0.022833529552860554,0.045287113266621944
2023-03-15,24285.66,-0.015718497080593252,0.043319060245915864
2023-03-16,24998.78,0.028940970979109082,0.041206395806506896
2023-03-17,27395.13,0.0915382366931734,0.04002464863828076
2023-03-18,26907.49,-0.017960573857960682,0.04765053015490839
2023-03-19,27972.87,0.03883042537639447,0.04524610301255924
2023-03-20,27717.01,-0.009188807742988914,0.0444033920992244
2023-03-21,28105.47,0.013917915171175466,0.042002905831019684
2023-03-22,27250.97,-0.03087510251124037,0.03994071086681111
2023-03-23,28295.41,0.03761048387612398,0.039044029723886105
2023-03-24,27454.47,-0.03017060445376707,0.03884587028679431
2023-03-25,27462.95,0.00030882732901105214,0.03801766663414726
2023-03-26,27968.05,0.018224963671601202,0.036047180152243126
2023-03-27,27124.91,-0.030610293346194695,0.03472659355269905
2023-03-28,27261.07,0.0050071832660627535,0.03442645866486924
2023-03-29,28348.6,0.03911796908951359,0.03280655363541986
2023-03-30,28028.53,-0.011354726247077451,0.033643294739636474
2023-03-31,28465.36,0.015464989442289578,0.03225511139667723
2023-04-01,28452.73,-0.0004437956441361024,0.03117769890066615
2023-04-02,28171.87,-0.009920151427765589,0.029815370990703763
2023-04-03,27800.0,-0.013287941665064196,0.02875217164686794
2023-04-04,28165.47,0.013060738888803769,0.027937037726916265
2023-04-05,28170.01,0.00016117729039777373,0.027199399947968148
2023-04-06,28033.82,-0.004846298430313922,0.026220857414191473
2023-04-07,27906.33,-0.004558093631494842,0.025387769591147972
2023-04-08,27938.38,0.0011478259451553896,0.024637018265980984
2023-04-09,28323.76,0.013699657615022787,0.02392640968596366
2023-04-10,29637.34,0.04533402443678369,0.02368806683114509
2023-04-11,30200.42,0.01882077875793975,0.02715618180580741
2023-04-12,29888.07,-0.01039642744810898,0.026847846445871074
2023-04-13,30373.84,0.016122307510293865,0.026111844113632918
2023-04-14,30466.93,0.003060121449609099,0.025751949824778245
2023-04-15,30295.09,-0.0056561799008818525,0.024939853095778845
2023-04-16,30304.65,0.0003155129074574603,0.024260076883846366
2023-04-17,29430.27,-0.02927742957203172,0.02358744413624316
2023-04-18,30380.01,0.031761089816273014,0.024777012658150275
2023-04-19,28797.1,-0.053510138704067955,0.026055856254201048
2023-04-20,28243.65,-0.01940603406257324,0.03033431404392991
2023-04-21,27262.84,-0.03534405077145486,0.02968990051167851
2023-04-22,27816.85,0.02011734939753218,0.030576758645120782
2023-04-23,27590.6,-0.00816681718841572,0.029951623110279203
2023-04-24,27510.93,-0.002891754748672426,0.028819924016336627
2023-04-25,28300.79,0.028306339200071307,0.027696421978491315
2023-04-26,28415.29,0.004037661120266378,0.028125988420194314
2023-04-27,29472.77,0.036539405650366064,0.02708529858386477
2023-04-28,29311.7,-0.0054800325013619755,0.028552789234454794
2023-04-29,29230.45,-0.0027757795765595006,0.02749473879400061
2023-04-30,29233.21,9.441762633599637e-05,0.02650108428579294
2023-05-01,28068.26,-0.040665991207925245,0.025593178370996
2023-05-02,28669.86,0.021206996165195946,0.027908011367699513
2023-05-03,29026.16,0.012351095602062045,0.027680881553770718
2023-05-04,28838.16,-0.006497982228264476,0.0269379714219381
2023-05-05,29505.61,0.022880904653343137,0.026066573983205745
2023-05-06,28848.2,-0.0225328154308162,0.026218202143832324
2023-05-07,28430.1,-0.014599156258650936,0.026319069364219655
2023-05-08,27668.79,-0.027143379896367392,0.025844155518731267
2023-05-09,27628.27,-0.0014655392981985926,0.026431769161524756
2023-05-10,27598.75,-0.0010690420309256154,0.02553511537697397
2023-05-11,26968.62,-0.023096513964306453,0.024729181125521898
2023-05-12,26795.01,-0.006458291727408749,0.025089208008210507
2023-05-13,26775.28,-0.0007366023552286549,0.024413112231015853
2023-05-14,26917.62,0.0053020169686401886,0.023724911197705385
2023-05-15,27162.14,0.009043001164108944,0.023170882601339784
2023-05-16,27033.84,-0.004734677357133066,0.02279710130226291
2023-05-17,27405.61,0.013658322391183475,0.022335835373702873
2023-05-18,26821.28,-0.021552134669640566,0.022297941752191103
2023-05-19,26880.26,0.0021965859345858263,0.022878822167174174
2023-05-20,27102.43,0.008231203535192577,0.02236901436409132
2023-05-21,26747.78,-0.013171912518513906,0.022059948493021772
2023-05-22,26849.27,0.0037871532594397905,0.022028962663761767
2023-05-23,27219.61,0.013699036917122598,0.021638476875310765
2023-05-24,26329.01,-0.03326629631528988,0.021695967674053348
2023-05-25,26473.79,0.005483813844003649,0.023759029112424775
2023-05-26,26705.92,0.008730076726596536,0.02320539233314339
2023-05-27,26854.27,0.005539576292267867,0.02281537444007756
2023-05-28,28065.0,0.04409840842612667,0.0223704446221564
2023-05-29,27736.4,-0.011777618425210079,0.025957884687138097
2023-05-30,27694.4,-0.001515403278954608,0.025379643209483493
2023-05-31,27210.35,-0.0176328110595243,0.024592327901547244
2023-06-01,26817.93,-0.014526721963617817,0.024524066451907568
2023-06-02,27242.59,0.015710863858149793,0.02426033582023487
2023-06-03,27069.22,-0.00638426849937801,0.024103438983273925
2023-06-04,27115.21,0.0016975360281126228,0.023534044226192125
2023-06-05,25728.2,-0.05250715845555831,0.022946721929582123
2023-06-06,27230.08,0.05673457801927029,0.027882668511471004
2023-06-07,26339.34,-0.03325860556385685,0.03226548818316086
2023-06-08,26498.61,0.006028639732694074,0.03254320244542321
2023-06-09,26477.81,-0.0007852550651321621,0.03111299257662512
2023-06-10,25841.21,-0.02433651927770164,0.029757398112382597
2023-06-11,25925.55,0.003258464490494717,0.029545325240721558
2023-06-12,25905.19,-0.0007856342026855145,0.028355483506638954
2023-06-13,25934.25,0.0011211542039806233,0.02726336088078678
2023-06-14,25128.6,-0.031557849238028624,0.026280735506536826
2023-06-15,25598.49,0.0185267256736541,0.02728016611566191
2023-06-16,26345.0,0.028745138290378947,0.026936316506868542
2023-06-17,26516.99,0.006507155969032397,0.02752369808134477
2023-06-18,26339.97,-0.006698102267959527,0.02659214892134579
2023-06-19,26844.35,0.01896781314400897,0.025761900692569544
2023-06-20,28307.99,0.053088726450114976,0.025639315592626794
2023-06-21,29993.89,0.057849597296170785,0.029950260481794118
2023-06-22,29884.92,-0.003639688908208427,0.03402201200892429
2023-06-23,30688.5,0.026533986237444296,0.032420411233478476
2023-06-24,30527.43,-0.0052623678739376345,0.03205723162566018
2023-06-25,30462.66,-0.002123952410926222,0.030658280040394198
2023-06-26,30267.99,-0.006410952846691131,0.029351868836130394
2023-06-27,30692.44,0.013925651745680057,0.028234573526854243
2023-06-28,30077.41,-0.020241978544882855,0.027506876953559176
2023-06-29,30447.31,0.012223257058952441,0.02725740602314613
2023-06-30,30472.0,0.0008105804662541516,0.02655494457415078
2023-07-01,30585.9,0.0037308892745926414,0.025642807748239176
2023-07-02,30617.03,0.0010172716464573739,0.02485127429158351
2023-07-03,31156.2,0.01745687224902781,0.024117218797810112
2023-07-04,30766.51,-0.012586501609655798,0.024098645586742976
2023-07-05,30504.81,-0.008542384639438794,0.02377773796627419
2023-07-06,29895.43,-0.020178750191661265,0.02331390868243501
2023-07-07,30344.7,0.014916247025860585,0.02362020813019485
2023-07-08,30284.63,-0.001981549842481556,0.023494028599469446
2023-07-09,30160.71,-0.004100239112277748,0.02291340701680177
2023-07-10,30411.57,0.008283044133909456,0.022426351875683856
2023-07-11,30622.1,0.006898842392956794,0.022112306673217796
2023-07-12,30380.0,-0.007937473335964285,0.021788278060805553
2023-07-13,31454.23,0.03474897613970285,0.021539009738453
2023-07-14,30312.01,-0.036989469688736065,0.02384659104901553
2023-07-15,30289.52,-0.0007422255191400495,0.025990553975733778
2023-07-16,30231.99,-0.0019011428276591857,0.02513611722494482
2023-07-17,30138.0,-0.003113801275832273,0.024377150102666393
2023-07-18,29859.13,-0.009296178277228506,0.023712070342144297
2023-07-19,29909.21,0.0016758040032573973,0.023284638367502018
2023-07-20,29800.0,-0.0036580662106331374,0.022724838093268057
2023-07-21,29901.72,0.003407610314390297,0.022251650559239198
2023-07-22,29794.0,-0.003608972868347493,0.02182894761612676
2023-07-23,30083.75,0.009678127907076117,0.02145890921234197
2023-07-24,29176.5,-0.030621568131758536,0.021322119450076907
2023-07-25,29228.91,0.001794697240116605,0.02310194462903189
2023-07-26,29351.96,0.004201036310069739,0.022563467388198474
2023-07-27,29222.78,-0.004410782171051508,0.022118397324822646
2023-07-28,29314.14,0.0031214513568595947,0.021729183831701207
2023-07-29,29352.9,0.0013213554199946742,0.021363265626669813
2023-07-30,29281.09,-0.002449433712540028,0.021021825231456855
2023-07-31,29232.25,-0.0016693633056039658,0.02073139461328883
2023-08-01,29705.99,0.01607615710438992,0.02046836760133573
2023-08-02,29186.01,-0.01765922409943066,0.02085769148392241
2023-08-03,29193.64,0.00026139245587941673,0.021314793312380224
2023-08-04,29113.99,-0.0027320626663573933,0.020975124594837843
2023-08-05,29072.13,-0.0014388313646502837,0.020693859952904622
2023-08-06,29088.42,0.0005601735343265801,0.02043365370162851
2023-08-07,29211.06,0.0042072478486439024,0.02020094950283345
2023-08-08,29770.42,0.018967878407380567,0.02004024396873778
2023-08-09,29581.99,-0.006349552885030363,0.020738994106685407
2023-08-10,29455.75,-0.004276592986208527,0.020566206618003083
2023-08-11,29426.03,-0.00100948043771254,0.020361322501601043
2023-08-12,29430.17,0.0001406818655240727,0.020139257747970752
2023-08-13,29303.84,-0.004301773191171421,0.019942178107468487
2023-08-14,29430.93,0.004327596697699221,0.01981622846944712
2023-08-15,29200.0,-0.007877452879609947,0.019706913563461385
2023-08-16,28730.51,-0.016209084961303688,0.01972143308532419
2023-08-17,26623.41,-0.07616872037641187,0.020234568090827253
2023-08-18,26054.0,-0.02161959666114832,0.03129553147772754
2023-08-19,26100.01,0.001764390194963994,0.030690678832393993
2023-08-20,26189.99,0.003441579224087832,0.029378845283442895
2023-08-21,26126.92,-0.002411076286948699,0.028207242567581985
2023-08-22,26056.0,-0.002718132433543019,0.02713921963328533
2023-08-23,26432.72,0.014354568703083714,0.026180744804678135
2023-08-24,26180.05,-0.009604966342235954,0.025708297698041473
2023-08-25,26060.01,-0.004595714908301574,0.0250661487402104
2023-08-26,26017.37,-0.0016375635459642268,0.02435045163719804
2023-08-27,26101.77,0.0032387362406804954,0.023673504199412033
2023-08-28,26120.0,0.0006981762870346131,0.023087224306033497
2023-08-29,27716.34,0.05932082656409854,0.022544354232859547
2023-08-30,27299.99,-0.015135795081848258,0.028940129926600302
2023-08-31,25940.78,-0.051070088063355,0.0281978404719617
2023-09-01,25805.05,-0.005246038619320714,0.031551731324143656
2023-09-02,25869.51,0.002494845952616842,0.030199800268624927
2023-09-03,25971.21,0.0039235616506463344,0.028939686773248752
2023-09-04,25826.02,-0.005606105973525288,0.027817114015597583
2023-09-05,25792.1,-0.001314267349624032,0.026835353227527895
2023-09-06,25759.95,-0.0012472832474372808,0.025896787761698813
2023-09-07,26255.0,0.019035486849341865,0.025054046869484748
2023-09-08,25910.5,-0.01320815513349416,0.025028714407838097
2023-09-09,25901.61,-0.0003431630206609526,0.024629343760693204
2023-09-10,25841.61,-0.0023191454606887874,0.023917056276644713
2023-09-11,25162.52,-0.026630397675802442,0.023292965160760747
2023-09-12,25840.1,0.026571963076776228,0.024231684582701064
2023-09-13,26222.0,0.014671204201256671,0.025011068929853365
2023-09-14,26522.73,0.011403348118843581,0.024696258580809583
2023-09-15,26600.0,0.0029091145916009253,0.024245409815458595
2023-09-16,26559.67,-0.0015173159554038307,0.023592039280163478
2023-09-17,26527.51,-0.0012115920994144602,0.022997053841810854
2023-09-18,26762.51,0.008819719840065687,0.02246646278942381
2023-09-19,27210.26,0.016592080487148664,0.022168237566089002
2023-09-20,27125.0,-0.0031382961994257386,0.02235122411742342
2023-09-21,26568.08,-0.02074531664949042,0.02191298217740031
2023-09-22,26580.14,0.00045382517822822876,0.022478404552449125
2023-09-23,26575.96,-0.00015727263695453075,0.022003679333057007
2023-09-24,26248.38,-0.012402774904893832,0.021583114366087904
2023-09-25,26304.81,0.0021475393477565774,0.021570043678136756
2023-09-26,26221.67,-0.003165644049664351,0.02121088856650945
2023-09-27,26372.99,0.005754212215801857,0.02090732283805972
2023-09-28,27021.39,0.02428839422275786,0.020696134257309907
2023-09-29,26906.96,-0.004243785383295062,0.02182248357784677
2023-09-30,26962.56,0.0020642478248635854,0.021464786401792838
2023-10-01,27992.57,0.037489880793176056,0.02111725649001891
2023-10-02,27494.51,-0.017952769440013228,0.023933183753830627
2023-10-03,27426.46,-0.0024781075361435256,0.023975538233044977
2023-10-04,27778.57,0.012756619276586889,0.023346674759611784
2023-10-05,27410.39,-0.013342721522066725,0.023127260371290457
2023-10-06,27931.09,0.018818266735083355,0.02296850042989925
2023-10-07,27956.67,0.0009154062279908004,0.023211232098970712
2023-10-08,27917.05,-0.0014181982742726973,0.02265528453585778
2023-10-09,27590.12,-0.011779875664382544,0.022164502294066614
2023-10-10,27390.12,-0.007275373195295032,0.02204137922330055
2023-10-11,26875.52,-0.01896652932854792,0.021738105357067397
2023-10-12,26759.63,-0.004321426540286666,0.022172425636989578
2023-10-13,26862.0,0.0038182399293198444,0.021775097670952828
2023-10-14,26852.48,-0.0003544668067032575,0.021415027941541282
2023-10-15,27154.15,0.011171707530674979,0.021063615606976862
2023-10-16,28500.78,0.04840156611029478,0.02105137041358435
2023-10-17,28395.91,-0.003686334609520614,0.02576474151794954
2023-10-18,28320.0,-0.0026768518861093327,0.024959746309844388
2023-10-19,28713.71,0.013806440226000305,0.024226785574455435
2023-10-20,29669.04,0.032729368812681514,0.023957481806784395
2023-10-21,29909.8,0.008082108028451884,0.02550483137158494
2023-10-22,29992.46,0.0027598308466529886,0.024831229822647134
2023-10-23,33069.99,0.09768020786547815,0.024112917021276048
2023-10-24,33922.73,0.025459066570862277,0.0387478338581717
2023-10-25,34496.05,0.016759533553248218,0.03758478929662527
2023-10-26,34151.66,-0.01003363081587949,0.036041784405780514
2023-10-27,33892.02,-0.007631605467210534,0.03438782551203744
2023-10-28,34081.0,0.005560455807826159,0.03282180965859351
2023-10-29,34525.89,0.01296943313090182,0.031357145731181445
2023-10-30,34474.73,-0.0014828854979818118,0.030256195723316854
2023-10-31,34639.77,0.004775852062776309,0.028983804703205034
2023-11-01,35421.43,0.022314560261213146,0.027870184106853296
2023-11-02,34941.59,-0.01363919395731017,0.027734579343193212
2023-11-03,34716.78,-0.00645466669736372,0.027047595389111178
2023-11-04,35062.07,0.009896775837230365,0.026163766697994504
2023-11-05,35011.88,-0.0014324869251005623,0.025482706475767065
2023-11-06,35046.09,0.0009766198683500704,0.024684089162706268
2023-11-07,35399.12,0.010022908737337133,0.023967689976721718
2023-11-08,35624.72,0.006352817835121982,0.02354025694570109
2023-11-09,36701.09,0.0297666759831543,0.023033493582591668
2023-11-10,37301.63,0.016230570534908395,0.024379981029947432
2023-11-11,37130.0,-0.004611757237880099,0.02424206220985181
2023-11-12,37064.13,-0.0017756126342121092,0.023616099441396313
2023-11-13,36462.93,-0.01635352749252128,0.023020302027733964
2023-11-14,35551.19,-0.025322498392936765,0.02306913501149769
2023-11-15,37858.2,0.06287397140001083,0.023903997395906228
2023-11-16,36163.51,-0.045797001672132964,0.03058730749073106
2023-11-17,36613.92,0.012377896572665747,0.03265585576945929
2023-11-18,36568.1,-0.0012522203127858234,0.03140125570502064
2023-11-19,37359.86,0.021420590373205428,0.03002041783683857
2023-11-20,37448.78,0.0023772666332870784,0.02955097238468577
2023-11-21,35741.65,-0.046657457238005406,0.028351856496050213
2023-11-22,37408.34,0.045576998787717926,0.03098505862711256
2023-11-23,37294.28,-0.00305371052944281,0.03294904583419755
2023-11-24,37713.57,0.011180012954367768,0.03143843498686474
2023-11-25,37780.67,0.0017776195288341512,0.03025815849046985
2023-11-26,37447.43,-0.008859513391714202,0.02898723414289842
2023-11-27,37242.7,-0.0054821303093675056,0.027972677479372945
2023-11-28,37818.87,0.015352231946753392,0.026972683705448485
2023-11-29,37854.64,0.0009453771250758081,0.02646462639648766
2023-11-30,37723.96,-0.0034581251896561582,0.025562166580877746
2023-12-01,38682.52,0.02509238206309128,0.024775176504176315
2023-12-02,39450.35,0.01965510083116584,0.025318596372328847
2023-12-03,39972.26,0.01314279428918752,0.025305793935008678
2023-12-04,41991.1,0.04927197753490198,0.024870218748867724
2023-12-05,44073.32,0.048396919644705605,0.02871203141478724
2023-12-06,43762.69,-0.007072982823142837,0.03153381495106192
2023-12-07,43273.14,-0.011249508685349241,0.030220712143981282
2023-12-08,44170.99,0.020536119557329258,0.0291649954778362
2023-12-09,43713.6,-0.010408972260494309,0.028734196410178735
2023-12-10,43789.51,0.001735024481821057,0.02779893234540286
2023-12-11,41253.4,-0.0596607573549246,0.026766138515444626
2023-12-12,41492.39,0.005776503301278879,0.031970312314000646
2023-12-13,42869.03,0.0326396168808305,0.030588717294464395
2023-12-14,43022.26,0.0035680023564594876,0.03104182260397763
2023-12-15,41940.3,-0.025470477640977762,0.029713199051266268
2023-12-16,42278.03,0.00802038725814036,0.029601980548825964
2023-12-17,41374.65,-0.02159919133520738,0.02850077061750597
2023-12-18,42657.8,0.03054176670855213,0.028229455765185884
2023-12-19,42275.99,-0.008990828549253038,0.028810383747678654
2023-12-20,43668.93,0.03241755264462931,0.027817979581844367
2023-12-21,43861.8,0.004406916568445496,0.028667256833931735
2023-12-22,43969.04,0.0024419680670515476,0.027578671663265882
2023-12-23,43702.16,-0.006088221088726087,0.026573342944649053
2023-12-24,42991.5,-0.016395107062852077,0.02572996369735899
2023-12-25,43576.13,0.013507101635685359,0.02543380565914467
2023-12-26,42508.93,-0.024795351864669968,0.02500257056534898
2023-12-27,43428.85,0.021409795298209744,0.02548274580771372
2023-12-28,42563.76,-0.020120779808234346,0.025589031022457465
2023-12-29,42066.95,-0.011740790238734533,0.025576728832892463
2023-12-30,42140.28,0.001741656115189727,0.02504007312432104
2023-12-31,42283.58,0.0033947781497314367,0.024290085528587482
2024-01-01,44179.55,0.043863181313779975,0.023638316148059845
2024-01-02,44946.91,0.017220003171136256,0.02687632997220438
2024-01-03,42845.23,-0.047887695212560644,0.026494185315956997
2024-01-04,44151.1,0.030023521507555273,0.02972055346496506
2024-01-05,44145.11,-0.0001356796630158641,0.030030739913811062
2024-01-06,43968.32,-0.004012787545088159,0.02877596530260843
2024-01-07,43929.02,-0.0008942250725407774,0.027670702105821173
2024-01-08,46951.04,0.06653020711240742,0.026646525175929466
2024-01-09,46110.0,-0.01807551041503075,0.03321114509807837
2024-01-10,46653.99,0.011728607963833682,0.03217228193035027
2024-01-11,46339.16,-0.006771062230729541,0.03094012966923633
2024-01-12,42782.73,-0.07985287546678066,0.02967674931863399
2024-01-13,42847.99,0.001524219640675284,0.038018595066125156
2024-01-14,41732.35,-0.02638212870563983,0.03605110984233735
2024-01-15,42511.1,0.018488610880348588,0.03524850264664721
2024-01-16,43137.95,0.014637901828299604,0.03402233759257383
2024-01-17,42776.1,-0.008423584725431255,0.032728314827659616
2024-01-18,41327.5,-0.034451397458159505,0.031336037027671265
2024-01-19,41659.03,0.007990013891328474,0.0318723383957901
2024-01-20,41696.04,0.0008880084302518299,0.030549681996421038
2024-01-21,41580.33,-0.0027789413603009905,0.029247163592962422
2024-01-22,39568.02,-0.04960600266842086,0.028081001465413327
2024-01-23,39897.6,0.008294955472882393,0.031226826632574506
2024-01-24,40084.88,0.004683034141145015,0.029974237837936856
2024-01-25,39961.09,-0.003092975166303802,0.02876283083123597
2024-01-26,41823.51,0.04555239092628405,0.027647075209154003
2024-01-27,42120.63,0.007079022806976809,0.03026034627997159
2024-01-28,42031.06,-0.0021287756389742896,0.029069836623075617
2024-01-29,43302.7,0.02980611994271065,0.027915164375482394
2024-01-30,42941.1,-0.008385579459892156,0.028465935909974812
2024-01-31,42580.0,-0.008444749797384077,0.027489675632815184
2024-02-01,43082.94,0.011742435619609637,0.026615923355528683
2024-02-02,43200.0,0.002713400165122337,0.02596239588782835
2024-02-03,43011.09,-0.004382505832046135,0.025124386537233548
2024-02-04,42582.88,-0.010005694851546565,0.024398535802387534
2024-02-05,42708.7,0.0029503519870903716,0.02392030348872254
2024-02-06,43098.95,0.009095988310425795,0.023302972584328306
2024-02-07,44349.6,0.02860505468519925,0.02291565651260753
2024-02-08,45288.65,0.020952759670056054,0.024143904373729902
2024-02-09,47132.77,0.03991206359421717,0.024397703041239532
2024-02-10,47751.09,0.013033381077871553,0.026850937522173237
2024-02-11,48299.99,0.011429459727835933,0.026232264457106566
2024-02-12,49917.27,0.032935681446588205,0.025607409223532898
2024-02-13,49699.59,-0.004370351494182856,0.0268843344841386
2024-02-14,51795.17,0.04130021810319917,0.02597416872560743
2024-02-15,51880.0,0.0016364577734702124,0.028303316772825875
2024-02-16,52124.11,0.004694246184426376,0.027220084981483098
2024-02-17,51642.64,-0.00927991780063131,0.02628124439065465
2024-02-18,52137.67,0.009540032294676593,0.02556427424481465
2024-02-19,51774.73,-0.006985527730707375,0.0249355948004197
2024-02-20,52258.82,0.009306488030901505,0.02429079051644261
2024-02-21,51849.39,-0.007865510526460895,0.023796748510162016
2024-02-22,51288.42,-0.010878174198952095,0.023306983431524694
2024-02-23,50744.15,-0.010668655359765467,0.02299648377553785
2024-02-24,51568.22,0.01610925093385518,0.022713870520126016
2024-02-25,51728.85,0.0031100616788890534,0.022786855662946887
2024-02-26,54476.47,0.051753212367561474,0.022298295067094416
2024-02-27,57037.34,0.045937275755512985,0.027279368293525418
2024-02-28,62432.1,0.09037342510456448,0.03002805045502518
2024-02-29,61130.98,-0.02106079086150814,0.0405233292822714
2024-03-01,62387.9,0.020352570995340713,0.038913709551087965
2024-03-02,61987.28,-0.006442143609634243,0.03742280488140651
2024-03-03,63113.97,0.018012936948412772,0.03556133931603809
2024-03-04,68245.71,0.07817243529189355,0.03427826171684302
2024-03-05,63724.01,-0.06855316030923575,0.0409164482917001
2024-03-06,66074.04,0.03621451680304233,0.044343337844167836
2024-03-07,66823.17,0.01127394524886327,0.04338145652885048
2024-03-08,68124.19,0.01928248631517704,0.041118104278896686
2024-03-09,68313.27,0.002771674597951801,0.03936033008171286
2024-03-10,68955.88,0.009362842188647136,0.037286109063979535
2024-03-11,72078.1,0.04428337356115364,0.0355014700104484
2024-03-12,71452.01,-0.008724217811494128,0.036530287180022186
2024-03-13,73072.41,0.022424831790491595,0.034796817636180956
2024-03-14,71388.94,-0.023307911945009252,0.03385464133054152
2024-03-15,69499.85,-0.026818361091169862,0.033076716443489806
2024-03-16,65300.63,-0.06232291027971115,0.032656658095598076
2024-03-17,68393.48,0.046275814432355844,0.03685147425222732
2024-03-18,67609.99,-0.011521745252219162,0.037909862529668305
2024-03-19,61937.4,-0.08763155563733527,0.036132055761748515
2024-03-20,67840.51,0.09103531158594258,0.044087476256430946
2024-03-21,65501.27,-0.03508997737785613,0.05057448956317618
2024-03-22,63796.64,-0.026369007379098974,0.048855660427234285
2024-03-23,63990.01,0.0030264530386610033,0.04674644509651779
2024-03-24,67209.99,0.049094919768705836,0.04406758762095706
2024-03-25,69880.01,0.038957731173825394,0.04438865537580038
2024-03-26,69988.0,0.0015441704140659596,0.043657713874223215
2024-03-27,69469.99,-0.007428938024620635,0.04122035563477773
2024-03-28,70780.6,0.018690091094532235,0.03905088637731313
2024-03-29,69850.54,-0.013227135327371187,0.037460251379579174
2024-03-30,69582.18,-0.0038493164497221954,0.03578191206897633
2024-03-31,71280.01,0.024107423379160053,0.034026115055977225
2024-04-01,69649.8,-0.023136094733017032,0.03328577386169693
2024-04-02,65463.99,-0.06197960825197768,0.03255995703507666
2024-04-03,65963.28,0.0075980030930278275,0.036719310467311216
2024-04-04,68487.79,0.03755725764251849,0.034942716581039646
2024-04-05,67820.62,-0.009789202703133881,0.03529092296808507
2024-04-06,68896.0,0.015731842680184016,0.0336985166806936
2024-04-07,69360.39,0.006717834111896082,0.03248748805175053
2024-04-08,71620.0,0.03205840927643777,0.03107655066314675
2024-04-09,69146.0,-0.035154153396540266,0.03139958961925907
2024-04-10,70631.08,0.021250063083032344,0.03200281450396929
2024-04-11,70006.23,-0.008886036167684352,0.03129159690057784
2024-04-12,67116.52,-0.04215402471169405,0.030049609611621793
2024-04-13,63924.51,-0.0487273574622229,0.03172046147057579
2024-04-14,65661.84,0.02681507891518642,0.03398894957673744
2024-04-15,63419.99,-0.03473882339913992,0.03345887398721279
2024-04-16,63793.39,0.0058704685364769915,0.03372113081186218
2024-04-17,61277.37,-0.0402389732109274,0.03217952293398557
2024-04-18,63470.08,0.03515800699881311,0.033247585353672685
2024-04-19,63818.01,0.005466825160537425,0.03358292216474869
2024-04-20,64940.59,0.01743741302682089,0.032046817952979346
2024-04-21,64941.15,8.623229101445418e-06,0.031095069930438233
2024-04-22,66819.32,0.028510785110947623,0.029740113948290806
2024-04-23,66414.0,-0.006084382651451392,0.029900275976759177
2024-04-24,64289.59,-0.03251015685090408,0.0287221907368635
2024-04-25,64498.34,0.0032417662557922,0.029440572547340248
2024-04-26,63770.01,-0.011356469895714483,0.02826064565955595
2024-04-27,63461.98,-0.004842030716018186,0.027412226896020617
2024-04-28,63118.62,-0.00542517324395142,0.026456524975834464
2024-04-29,63866.0,0.011771325220061968,0.02561049894419887
2024-04-30,60672.0,-0.05130483176825251,0.025071416420399992
2024-05-01,58364.97,-0.03876642553474419,0.029214341202961104
2024-05-02,59060.61,0.011848323644139569,0.03059298086693483
2024-05-03,62882.01,0.0626959085169645,0.029523025032305937
2024-05-04,63892.04,0.015934670725068045,0.03454999944251238
2024-05-05,64012.0,0.001875781799759224,0.03326370113754912
2024-05-06,63165.19,-0.013317207511331475,0.031715363390796676
2024-05-07,62312.08,-0.013598050793731886,0.030593178777151266
2024-05-08,61193.03,-0.018122013335119647,0.029598281175565965
2024-05-09,63074.01,0.030275504659908137,0.028955671800040196
2024-05-10,60799.99,-0.03671917430504479,0.029401338009245506
2024-05-11,60825.99,0.0004275402409259499,0.030496389676054756
2024-05-12,61483.99,0.010759650979382585,0.029197856980510965
2024-05-13,62940.08,0.023406346968515734,0.028227913349885947
2024-05-14,61577.49,-0.021886781008612743,0.02813515121085503
2024-05-15,66206.5,0.07248226375544675,0.0279319015424903
2024-05-16,65235.21,-0.014779291590716781,0.035303061468155456
2024-05-17,67024.0,0.027051410361314865,0.033890343493027386
2024-05-18,66915.2,-0.0016246180943362276,0.033391028090559396
2024-05-19,66274.01,-0.009628331806160517,0.03182980877955275
2024-05-20,71446.62,0.07515278314448004,0.030558323459497685
2024-05-21,70148.34,-0.018338454758227485,0.037667419747193516
2024-05-22,69166.62,-0.014093766386814366,0.03619291933577082
2024-05-23,67969.65,-0.01745709428892006,0.03466635490420151
2024-05-24,68549.99,0.008501978114690445,0.03344437491120542
2024-05-25,69290.57,0.010745561771344114,0.031987056888781985
2024-05-26,68507.67,-0.011363112097898309,0.03073732349241046
2024-05-27,69436.43,0.013465947937328693,0.029633822031675038
2024-05-28,68398.39,-0.015062371400381025,0.028733155248106806
2024-05-29,67652.42,-0.010966160005079217,0.028009733356995324
2024-05-30,68352.17,0.010290184685343817,0.027171994427141143
2024-05-31,67540.01,-0.011953148002231018,0.026396870906698285
2024-06-01,67766.85,0.0033529743062477024,0.025777374314633877
2024-06-02,67765.63,-1.8003064653271394e-05,0.02496637065131884
2024-06-03,68809.9,0.015292495676780149,0.024217961009168683
2024-06-04,70537.84,0.024801673478584974,0.024039575033231578
2024-06-05,71108.0,0.008050544645660906,0.024666673563705888
2024-06-06,70799.06,-0.004354124285061545,0.024084661749937713
2024-06-07,69355.6,-0.02059883045487254,0.023471113898700366
2024-06-08,69310.46,-0.0006510605636957933,0.023790760219640453
2024-06-09,69648.14,0.004860162159083359,0.02316987240789603
2024-06-10,69540.0,-0.001553868336177544,0.02266869273835854
2024-06-11,67314.24,-0.03253032241502929,0.02217729435100687
2024-06-12,68263.99,0.014010590579490056,0.024041160969474302
2024-06-13,66773.01,-0.022083437764671032,0.02380665817184391
2024-06-14,66043.99,-0.010977921824139258,0.024208984504490928
2024-06-15,66228.25,0.0027860739213121377,0.023795471069844018
2024-06-16,66676.87,0.0067510070922924825,0.02318984632918427
2024-06-17,66504.33,-0.0025910578449526156,0.022734586316150326
2024-06-18,65175.32,-0.020186188658431803,0.02224534838505766
2024-06-19,64974.37,-0.003087985221975842,0.02270958295634472
2024-06-20,64869.99,-0.0016077713731199594,0.022229518059060975
2024-06-21,64143.56,-0.011261416759841936,0.02178874189915584
2024-06-22,64262.01,0.0018449360662184944,0.021686596383615798
2024-06-23,63210.01,-0.016505957689854966,0.021310880474659285
2024-06-24,60293.3,-0.04724168823828023,0.021609380949395858
2024-06-25,61806.01,0.024779622477456797,0.02595008652060747
2024-06-26,60864.99,-0.015342476362677715,0.026289939761403532
2024-06-27,61706.47,0.013730655086801491,0.025861364061220957
2024-06-28,60427.84,-0.020938861751513826,0.025392032208252098
2024-06-29,60986.68,0.009205553774616959,0.025471710156204613
2024-06-30,62772.01,0.028853793809744843,0.024840731726885994
2024-07-01,62899.99,0.0020367312407110205,0.025769770533793056
2024-07-02,62135.47,-0.012229003319740528,0.024945390657906283
2024-07-03,60208.58,-0.031502134328121656,0.024505313464375993
2024-07-04,57050.01,-0.05388661548310125,0.025800432418223794
2024-07-05,56628.79,-0.007410738462198196,0.030211168877974596
2024-07-06,58230.13,0.027885405242017214,0.029033697450499617
2024-07-07,55857.81,-0.04159356377998513,0.02923190478934338
2024-07-08,56714.62,0.015222671228313445,0.030975309169030813
2024-07-09,58050.0,0.02327268232284574,0.03001881956981872
2024-07-10,57725.85,-0.00559962802257985,0.0296888686345019
2024-07-11,57339.89,-0.0067085380495210956,0.028521476829953984
2024-07-12,57889.1,0.009532569171712524,0.02749370082276497
2024-07-13,59204.02,0.022460333746385786,0.02665612326886764
2024-07-14,60797.91,0.026565968391389916,0.026691735234741977
2024-07-15,64724.14,0.06257882518464974,0.027095439903773753
2024-07-16,65043.99,0.00492957165544361,0.03275734001500508
2024-07-17,64087.99,-0.01480682734402805,0.03128808572485663
2024-07-18,63987.92,-0.001562667333203649,0.030278266601644403
2024-07-19,66660.0,0.04091075733544436,0.029004203398172987
2024-07-20,67139.96,0.00717432290208464,0.03069778229544118
2024-07-21,68165.34,0.01515682874098978,0.02946719610712591
2024-07-22,67532.01,-0.009334516829783368,0.028668429903471217
2024-07-23,65936.01,-0.023916981434217277,0.027701838961836124
2024-07-24,65376.0,-0.008529507623455501,0.02772145783000349
2024-07-25,65799.95,0.006463859817351647,0.026826268099486267
2024-07-26,67907.99,0.03153462223775705,0.0259656298731962
2024-07-27,67896.5,-0.00016921384598411748,0.02701451679312413
2024-07-28,68249.88,0.005191188977429206,0.026054581416067858
2024-07-29,66784.69,-0.02170181316434494,0.02524571061312615
2024-07-30,66188.0,-0.00897468502782317,0.02540916521441144
2024-07-31,64628.0,-0.02385142421501385,0.024776676693761646
2024-08-01,65354.02,0.011171199683344568,0.025200014534308313
2024-08-02,61498.33,-0.060808933125690245,0.024680268305544876
2024-08-03,60697.99,-0.013099436128861441,0.03070550297085618
2024-08-04,58161.0,-0.042695556818197034,0.029676628797239073
2024-08-05,54018.81,-0.07388270778154293,0.031487290491708494
2024-08-06,56022.01,0.03641232998749366,0.03807820253516056
2024-08-07,55134.16,-0.01597516146800615,0.0378888237461946
2024-08-08,61685.99,0.1122873509141602,0.036281543060495594
2024-08-09,60837.99,-0.013842409307287085,0.04944182999596017
2024-08-10,60923.51,0.0014047135434847036,0.04674379512487489
2024-08-11,58712.59,-0.03696495866820726,0.04405702004084794
2024-08-12,59346.64,0.010741321896940548,0.04319115163890472
2024-08-13,60587.15,0.020687318243457042,0.04092971783935496
2024-08-14,58683.39,-0.03192610181842426,0.0392610362142138
2024-08-15,57541.06,-0.019657942646201576,0.03852703420286172
2024-08-16,58874.6,0.022910978337254306,0.037036833459529
2024-08-17,59491.99,0.010431923382208552,0.03588701741261632
2024-08-18,58427.35,-0.018057579517002154,0.034259028418420205
2024-08-19,59438.5,0.01715806243594642,0.033110493416710185
2024-08-20,59013.8,-0.007170849698592718,0.03203192302384322
2024-08-21,61156.03,0.03565715238614686,0.030673914879139806
2024-08-22,60375.84,-0.01283944232757861,0.031443069849080914
2024-08-23,64037.24,0.058875764216626436,0.030327916464767214
2024-08-24,64157.01,0.0018685710918955323,0.034484494493954215
2024-08-25,64220.0,0.000981328433416806,0.03282661817928016
2024-08-26,62834.0,-0.02181836041812346,0.03131386251532704
2024-08-27,59415.0,-0.055949608501254744,0.030720901916444828
2024-08-28,59034.9,-0.006417925294742943,0.03429999697503814
2024-08-29,59359.01,0.005475126375225514,0.03271604355616863
2024-08-30,59123.99,-0.003967156608712941,0.03125964451128293
2024-08-31,58973.99,-0.002540264967475281,0.029915595308105183
2024-09-01,57301.86,-0.028763415319444263,0.028682950159205748
2024-09-02,59132.13,0.03144134758080419,0.02901562869864068
2024-09-03,57487.73,-0.028202897779850744,0.029574077663418907
2024-09-04,57970.9,0.008369626775024841,0.029727849175884086
2024-09-05,56180.0,-0.03138033882671998,0.02862412987569266
2024-09-06,53962.97,-0.04026275108028976,0.029234812198294765
2024-09-07,54160.86,0.0036604367595440834,0.030801901338334915
2024-09-08,54869.95,0.013007332470355237,0.02949700379186869
2024-09-09,57042.0,0.038821998779241085,0.028589645400186797
2024-09-10,57635.99,0.010359360363052517,0.030083963872801604
2024-09-11,57338.0,-0.0051836187862424055,0.029009097357742174
2024-09-12,58132.32,0.013758211280425314,0.02790025216331536
2024-09-13,60498.0,0.03988851517694947,0.027200935088440327
2024-09-14,59993.03,-0.008381917831568941,0.02908992359221471
2024-09-15,59132.0,-0.014456155768721501,0.028050344600361047
2024-09-16,58213.99,-0.015646529180742164,0.027370363223470223
2024-09-17,60313.99,0.035438379599160186,0.026833331080098145
2024-09-18,61759.99,0.023691660342148424,0.028206014823625017
2024-09-19,62947.99,0.019053086077914116,0.028139911841294735
2024-09-20,63201.05,0.004012085061528836,0.027728288732267133
2024-09-21,63348.96,0.0023375749610998753,0.026726933654689825
2024-09-22,63578.76,0.003620962404157879,0.02580658846416381
2024-09-23,63339.99,-0.00376256907174799,0.024996257244329884
2024-09-24,64262.7,0.014462486379391848,0.02427376976698968
2024-09-25,63152.01,-0.01743469234316386,0.02403717969287191
2024-09-26,65173.99,0.031515785691352605,0.024027589861237434
2024-09-27,65769.95,0.009102584128001467,0.025409470032271564
2024-09-28,65858.0,0.0013378619530755032,0.024781598775914487
2024-09-29,65602.01,-0.0038945733164776897,0.02405652668043043
2024-09-30,63327.59,-0.03528524055475302,0.023438017480200673
2024-10-01,60805.78,-0.040636244926659515,0.025425879078116075
2024-10-02,60649.28,-0.0025770863167764446,0.027770736947635696
2024-10-03,60752.71,0.0017039263528477733,0.02674751173572405
2024-10-04,62086.0,0.021708830410037905,0.025820127861599526
2024-10-05,62058.0,-0.00045108906551760697,0.02590549120658427
2024-10-06,62819.91,0.012202629820995625,0.025059159058306954
2024-10-07,62224.0,-0.009531284031325526,0.02460446598710518
2024-10-08,62160.49,-0.0010211885021860212,0.024083360674254265
2024-10-09,60636.02,-0.024830482976428314,0.023431875430578283
2024-10-10,60326.39,-0.005119452832531124,0.024157178294158244
2024-10-11,62540.0,0.03603669892744854,0.02355100516174662
2024-10-12,63206.22,0.01059636200193026,0.025620746773965367
2024-10-13,62870.02,-0.005333293519957039,0.02502820763787164
2024-10-14,66083.99,0.04985708823410562,0.024331590713260045
2024-10-15,67074.14,0.014872066015213292,0.028410918723916597
2024-10-16,67620.01,0.008105370403983514,0.027712961281502854
2024-10-17,67421.78,-0.0029358340463456756,0.026805537048781837
2024-10-18,68428.0,0.014813986471420293,0.025883270053671362
2024-10-19,68378.0,-0.0007309621248516862,0.02547196781306498
2024-10-20,69031.99,0.009518884880447942,0.02467140895166312
2024-10-21,67377.5,-0.024258886053489803,0.02414219146767743
2024-10-22,67426.0,0.0007195659176897351,0.024699752971436863
2024-10-23,66668.65,-0.011295872772436155,0.023980774152313
2024-10-24,68198.28,0.02268451715263531,0.023609176831479263
2024-10-25,66698.33,-0.022239429463164484,0.02409641237803904
2024-10-26,67092.76,0.005896224370562919,0.024470418987342812
2024-10-27,68021.7,0.013750632418521036,0.02384769575690769
2024-10-28,69962.21,0.028128467215207564,0.023622083196291443
2024-10-29,72736.42,0.03888698282937675,0.024672719172187253
2024-10-30,72344.74,-0.005399473668344257,0.026918831341288606
2024-10-31,70292.01,-0.028784611695909845,0.026024399942263625
2024-11-01,69496.01,-0.011388795745506997,0.026756251756541977
2024-11-02,69374.74,-0.0017465165389545234,0.02607154973723041
2024-11-03,68775.99,-0.008668122839253556,0.02521369649204876
2024-11-04,67850.01,-0.013555167807773216,0.024591932505108736
2024-11-05,69372.01,0.022183938373904866,0.024263855887623417
2024-11-06,75571.99,0.08560223984821569,0.024608496790654476
2024-11-07,75857.89,0.003776009592066032,0.036078336492550316
2024-11-08,76509.78,0.008556854319518692,0.03429568015578657
2024-11-09,76677.46,0.0021892171563333562,0.03276088924564633
2024-11-10,80370.01,0.04703330369431491,0.031260216991615734
2024-11-11,88647.99,0.09803226217916006,0.033375714404767554
2024-11-12,87952.01,-0.007882034011636563,0.04438542908036094
2024-11-13,90375.2,0.027178568661184954,0.04195994551925641
2024-11-14,87325.59,-0.03432634643790955,0.04057661156747841
2024-11-15,91032.07,0.04156831497482294,0.039890758144771485
2024-11-16,90586.92,-0.004902030249246181,0.03997755852397933
2024-11-17,89855.99,-0.008101554091419771,0.03787283188730859
2024-11-18,90464.08,0.006744588166355925,0.0360055669615656
2024-11-19,92310.79,0.020208170244352175,0.034274745191392925
2024-11-20,94286.56,0.02117761953708097,0.03324820294289764
2024-11-21,98317.12,0.04185951709945357,0.03239337736003594
2024-11-22,98892.0,0.0058301728478937775,0.03362500810977806
2024-11-23,97672.4,-0.012409323871574784,0.03209144294869538
2024-11-24,97900.04,0.0023279364188919516,0.030893760382668
2024-11-25,93010.01,-0.051239836346873346,0.029566747676889195
2024-11-26,91965.16,-0.011297312096131051,0.03264687515603121
2024-11-27,95863.11,0.04151142667791241,0.031352509029691375
2024-11-28,95643.98,-0.0022884802399172344,0.03271401290759907
2024-11-29,97460.0,0.018809281303804326,0.031218324200486706
2024-11-30,96407.99,-0.01085295541610698,0.030436905256309568
2024-12-01,97185.18,0.008029148706738098,0.02934443334581681
2024-12-02,95840.62,-0.013931627244584632,0.028269102653940528
2024-12-03,95849.69,9.463180488111789e-05,0.02753791663270346
2024-12-04,98587.32,0.028161417666881405,0.02652547696874812
2024-12-05,96945.63,-0.016792347041221234,0.0271144696810491
2024-12-06,99740.84,0.028424916087496754,0.026676618951232522
2024-12-07,99831.99,0.0009134510578210353,0.02727002661416576
2024-12-08,101109.59,0.012716305068206424,0.026285931033061993
2024-12-09,97276.47,-0.03864784755258377,0.025715390299181764
2024-12-10,96593.0,-0.007050855728158112,0.027718902743405424
2024-12-11,101125.0,0.04585110055392683,0.026781133264984137
2024-12-12,100004.29,-0.011144290310744154,0.029623245325922642
2024-12-13,101424.25,0.01409912937068647,0.028624370443756923
2024-12-14,101420.0,-4.190407172544042e-05,0.02786276490284616
2024-12-15,104463.99,0.029572108350642168,0.02681804465630109
2024-12-16,106058.66,0.015149918553744257,0.02751087599421005
2024-12-17,106133.74,0.0007076596818098579,0.026929363141054673
2024-12-18,100204.01,-0.057491789143002237,0.025978927296267627
2024-12-19,97461.86,-0.02774708582409957,0.030996135210935978
2024-12-20,97805.44,0.003519077229743317,0.03091764100015729
2024-12-21,97291.99,-0.005263536125710289,0.029600118199424333
2024-12-22,95186.27,-0.021880954382849538,0.0284349676088407
2024-12-23,94881.47,-0.0032072803231173452,0.028193517310149782
2024-12-24,98663.58,0.039087452998785466,0.027135067179962724
2024-12-25,99429.6,0.00773397467036574,0.028927717280275846
2024-12-26,95791.6,-0.0372748575929549,0.02788582986350959
2024-12-27,94299.03,-0.015704095193978418,0.029305921283278902
2024-12-28,95300.0,0.010558907393903638,0.028554202631000745
2024-12-29,93738.2,-0.01652402039817602,0.027643292233585578
2024-12-30,92792.05,-0.010144822242994067,0.027126797936926076
2024-12-31,93576.0,0.008412972329420398,0.026350908631283962
2025-01-01,94591.79,0.010796745473918179,0.025596537009373282
2025-01-02,96984.79,0.024983476262296023,0.025015259713632196
2025-01-03,98174.18,0.012189085912689634,0.025511846891626156
2025-01-04,98220.5,0.0004717032137406818,0.025004001975015355
2025-01-05,98363.61,0.0014559673747882584,0.024252063038078045
2025-01-06,102235.6,0.038609035123570834,0.023584566540153326
2025-01-07,96954.61,-0.053037022867576056,0.026018012052945808
2025-01-08,95060.61,-0.01972824267676998,0.030223106159086948
2025-01-09,92552.49,-0.026738745131460462,0.029612614812841494
2025-01-10,94726.11,0.023213731933838133,0.029626060892476106
2025-01-11,94599.99,-0.0013323046178594922,0.02934007576931318
2025-01-12,94545.06,-0.000580824098165067,0.028154403570702966
2025-01-13,94536.1,-9.477411717462303e-05,0.0270815186394375
2025-01-14,96560.86,0.02119171099482564,0.026114795508508752
2025-01-15,100497.35,0.03995787586321242,0.02611808668794617
2025-01-16,99987.3,-0.0050881810693717,0.028225967543572806
2025-01-17,104077.48,0.040092443843718684,0.027192923896288624
2025-01-18,104556.23,0.004589391046213365,0.029111368598154726
2025-01-19,101331.57,-0.03132700154192314,0.027982136322413247
2025-01-20,102260.01,0.009120676170878639,0.028684927521682876
2025-01-21,106143.82,0.03727627951194101,0.027709547297565265
2025-01-22,103706.66,-0.0232286300582345,0.02916073291929102
2025-01-23,103910.34,0.0019620750260607167,0.028934165487230063
2025-01-24,104870.5,0.009197843721146626,0.02779143407620759
2025-01-25,104746.85,-0.0011797688916672655,0.026910938574745184
2025-01-26,102620.0,-0.020513641237224434,0.025964075610074685
2025-01-27,102082.83,-0.005248302947391537,0.025933146565583848
2025-01-28,101335.52,-0.0073475511137690575,0.025138226687196546
2025-01-29,103733.24,0.023385612440133485,0.024481812762600197
2025-01-30,104722.94,0.009495592181071544,0.024904840217225922
2025-01-31,102429.56,-0.022142853251164496,0.02434825161006276
2025-02-01,100635.65,-0.01766877417515289,0.02467700316837357
2025-02-02,97700.59,-0.029598970722467755,0.024600292192422574
2025-02-03,101328.52,0.03646031368487357,0.025653737292863295
2025-02-04,97763.13,-0.035820399514262746,0.027371725059199385
2025-02-05,96612.43,-0.011840104206886082,0.028698466520201266
2025-02-06,96554.35,-0.000601345653224783,0.02782400742934614
2025-02-07,96506.8,-0.0004925900520280635,0.026783795084011013
2025-02-08,96444.74,-0.0006432703479841706,0.025847594807973412
2025-02-09,96462.75,0.00018672162550359417,0.02500767752128961
2025-02-10,97430.82,0.009985664239644976,0.024254963802888174
2025-02-11,95778.2,-0.01710748603028911,0.0237925026149125
2025-02-12,97869.99,0.021604863590942713,0.02379179077959759
2025-02-13,96608.14,-0.012976962582639473,0.024153195247160582
2025-02-14,97500.48,0.009194298389878952,0.02384656272373873
2025-02-15,97569.66,0.0007092833675130805,0.0233994358415554
2025-02-16,96118.12,-0.014988732643857361,0.022821833871721754
2025-02-17,95780.0,-0.0035239568777996055,0.022804174144367716
2025-02-18,95671.74,-0.0011309378701795936,0.02231977669009874
2025-02-19,96644.37,0.010114995490717149,0.02186563889063044
2025-02-20,98305.0,0.01703693802445372,0.021697385528041856
2025-02-21,96181.98,-0.021832868521334703,0.021980827044666074
2025-02-22,96551.01,0.0038294476827758217,0.022637968415876397
2025-02-23,96258.0,-0.003039383123901729,0.02217761131794881
2025-02-24,91552.88,-0.05011535775172149,0.021758068381290196
2025-02-25,88680.4,-0.03187783350742457,0.026587407980228316
2025-02-26,84250.09,-0.05124925785668921,0.027573385398891363
2025-02-27,84708.58,0.005427257747781411,0.031098823310160385
2025-02-28,84349.94,-0.004242797559088629,0.029792839323113576
2025-03-01,86064.53,0.020123266049919764,0.02859207105541231
2025-03-02,94270.0,0.09106564168828868,0.028200774383733033
2025-03-03,86220.61,-0.08925376118948591,0.03952705602338697
2025-03-04,87281.98,0.01223478265846012,0.0468515727706266
2025-03-05,90606.01,0.03737651951263388,0.04432262883580717
2025-03-06,89931.89,-0.0074679403380368825,0.04346128628760002
2025-03-07,86801.75,-0.03542582329824029,0.04110473706978158
2025-03-08,86222.45,-0.006696198157303712,0.040451557605516886
2025-03-09,80734.37,-0.06576620160006463,0.038333894439353124
2025-03-10,78595.86,-0.026845356703791623,0.04185114945516885
2025-03-11,82932.99,0.053713906024732694,0.040456880169710524
2025-03-12,83680.12,0.008968502033038561,0.0418691128927337
2025-03-13,81115.78,-0.03112391755655608,0.03967664544741302
2025-03-14,83983.2,0.034739262047200015,0.0388296461310226
2025-03-15,84338.44,0.004220972745168083,0.038390285918305005
2025-03-16,82574.53,-0.021136472120495853,0.036412315724815826
2025-03-17,84010.03,0.017234917011720086,0.03521797651713975
2025-03-18,82715.03,-0.015534869726955947,0.03392917796258376
2025-03-19,86845.94,0.048734417578945255,0.03268563662472162
2025-03-20,84223.39,-0.0306630706836426,0.03477393868719429
2025-03-21,84088.79,-0.001599409248855821,0.03447255524329547
2025-03-22,83840.59,-0.002956006634818209,0.03281432339325148
2025-03-23,86082.5,0.02638888098096004,0.0313150635670486
2025-03-24,87498.16,0.01631162582836687,0.03107739634346522
2025-03-25,87392.87,-0.001204064184658904,0.030166978796986564
2025-03-26,86909.17,-0.005550150091920614,0.028901751347257983
2025-03-27,87232.01,0.003707800416433926,0.027810522795877434
2025-03-28,84424.38,-0.03271512826249534,0.026796559103350402
2025-03-29,82648.54,-0.021259063189173588,0.027845397335852656
2025-03-30,82389.99,-0.003133210305684031,0.027630131976161532
2025-03-31,82550.01,0.00194034255129516,0.02662687729309047
2025-04-01,85158.34,0.031108055610872043,0.02571344021917278
2025-04-02,82516.29,-0.0315166187211986,0.026754769786461904
2025-04-03,83213.09,0.008408938788086573,0.027672203187954433
2025-04-04,83889.87,0.008100200026058602,0.026778329437306646
2025-04-05,83537.99,-0.004203368759458925,0.02596846641825381
2025-04-06,78430.0,-0.06309499122461837,0.02515026043966479
2025-04-07,79163.24,0.009305542434695724,0.031486130769019724
2025-04-08,76322.42,-0.03654531442655973,0.030237902509373707
2025-04-09,82615.22,0.079227189821367,0.031177357636077603
2025-04-10,79607.3,-0.037088127865999354,0.03891894466574855
2025-04-11,83423.84,0.04682832264786185,0.03868661925458674
2025-04-12,85276.9,0.021969489076607118,0.039528518112633616
2025-04-13,83760.0,-0.017948042350266036,0.038067205065861816
2025-04-14,84591.58,0.00987916790997545,0.03653453997326849
2025-04-15,83643.99,-0.011265156602012993,0.03483145111089393
2025-04-16,84030.38,0.004608822254111189,0.03332786555704192
2025-04-17,84947.91,0.010859844983459155,0.031801518666519535
2025-04-18,84474.69,-0.005586282238965623,0.030573933331463615
2025-04-19,85077.01,0.007104883451191313,0.029320889228625677
2025-04-20,85179.24,0.0012008958529978742,0.02822321463168043
2025-04-21,87516.23,0.027066519704467495,0.027145591023024163
2025-04-22,93442.99,0.06552725583428476,0.027532332448414215
2025-04-23,93691.08,0.0026514695623873763,0.033636231582802927
2025-04-24,93980.47,0.003084007452041959,0.032059750553361625
2025-04-25,94638.68,0.006979277255771521,0.030630991539055564
2025-04-26,94628.0,-0.00011285663183002725,0.02940217861698454
2025-04-27,93749.3,-0.00932921719418367,0.02820741828055954
2025-04-28,95011.18,0.013370370730845238,0.027288147280493447
2025-04-29,94256.82,-0.00797138443390999,0.026637306618032385
2025-04-30,94172.0,-0.0009002869702090521,0.02583838609210427
2025-05-01,96489.91,0.024315545810010164,0.025000214375883942
2025-05-02,96887.14,0.004108352658418468,0.02543460301931154
2025-05-03,95856.42,-0.010695349046804026,0.02467100039539102
2025-05-04,94277.62,-0.016607613109211883,0.024190881568073554
2025-05-05,94733.68,0.004825752587871435,0.024102835569260354
2025-05-06,96834.02,0.02192879243775714,0.02349647378421222
2025-05-07,97030.5,0.0020269832486352612,0.02393056311480117
2025-05-08,103261.6,0.062240212129403005,0.02330227673346512
2025-05-09,102971.99,-0.002808564699583016,0.03005070660145086
2025-05-10,104809.53,0.01768769336789866,0.02880765648026574
2025-05-11,104118.0,-0.0066198315306778,0.02822825477712896
2025-05-12,102791.32,-0.012823957677925435,0.027227832042551733
2025-05-13,104103.72,0.012686796194268268,0.02655687566383705
2025-05-14,103507.82,-0.005740544445961504,0.025954249265220122
2025-05-15,103763.71,0.0024691295519918555,0.02516782225426569
2025-05-16,103463.9,-0.0028935353660735075,0.024410572268496192
2025-05-17,103126.65,-0.003264915065875229,0.023739091321271878
2025-05-18,106454.26,0.031757564800075855,0.02314592133090594
2025-05-19,105573.74,-0.008305743221750816,0.024720378949257014
2025-05-20,106849.99,0.012016222070837301,0.024140986867446052
2025-05-21,109643.99,0.02581277442421026,0.023785571771695106
2025-05-22,111696.21,0.018544112729196982,0.02455629961438707
2025-05-23,107318.3,-0.03998359037453092,0.02455974106874714
2025-05-24,107761.91,0.004125071563271021,0.02698929851755721
2025-05-25,109004.19,0.011462065339149063,0.026064414255503498
2025-05-26,109434.79,0.003942524889582799,0.02545979770460221
2025-05-27,108938.17,-0.004548373170013775,0.024690831931924194
2025-05-28,107781.78,-0.010671846084497005,0.024014708209158287
2025-05-29,105589.75,-0.02054732532520731,0.023610146838641
2025-05-30,103985.48,-0.015310028157546895,0.023905349357553552
2025-05-31,104591.88,0.00581464554481137,0.023767797273029644
2025-06-01,105642.93,0.009998903196041908,0.023221202952384886
2025-06-02,105857.99,0.0020336561573319756,0.02288114866168691
2025-06-03,105376.89,-0.004555126803575504,0.022369542179875062
2025-06-04,104696.86,-0.00647422512636453,0.021953949438115853
2025-06-05,101508.68,-0.030924814911037046,0.021635879362656006
2025-06-06,104288.44,0.027016209665029933,0.023393362100815364
2025-06-07,105552.15,0.012044621848145809,0.024357806954830884
2025-06-08,105734.0,0.0017213626629395407,0.023977924723748503
2025-06-09,110263.02,0.04194209634941082,0.023342014734537134
2025-06-10,110274.39,0.00010311175786625881,0.02634068640388807
2025-06-11,108645.12,-0.014884923520730453,0.02544917670409976
2025-06-12,105671.73,-0.027749388787279727,0.025093957613105827
2025-06-13,106066.59,0.003729702377263777,0.025861455118644145
2025-06-14,105414.64,-0.006165578527108195,0.025046976264978874
2025-06-15,105594.01,0.0017001202861059994,0.024367918575247543
2025-06-16,106794.53,0.011305061807508565,0.02368952493771158
2025-06-17,104551.17,-0.02123009135616627,0.023353231510898832
2025-06-18,104886.78,0.00320486604513448,0.023745436815067262
2025-06-19,104658.59,-0.0021779540173216816,0.02315072892036199
2025-06-20,103297.99,-0.01308561061098601,0.022610145061006733
2025-06-21,102120.01,-0.01146922774935355,0.022502519620305403
2025-06-22,100963.87,-0.011385960226361291,0.022320303891585645
2025-06-23,105333.93,0.04237285938879154,0.02215678763218551
2025-06-24,106083.0,0.007086217120932048,0.02550855116015497
2025-06-25,107340.58,0.011784963544526406,0.024804204895282497
2025-06-26,106947.06,-0.003672824455673407,0.024358900003315614
2025-06-27,107047.59,0.000939556268303221,0.023703779415828068
2025-06-28,107296.79,0.0023252311283279425,0.023093421697878785
2025-06-29,108356.93,0.009831952261780685,0.022560729618103913
2025-06-30,107146.5,-0.011233628430861842,0.022293360910147202
2025-07-01,105681.14,-0.013770609458806149,0.022125489850084848
2025-07-02,108849.6,0.02954066545374623,0.022122268057549643
2025-07-03,109584.78,0.006731383365641719,0.023608544231961504
2025-07-04,107984.24,-0.014713205707566956,0.023104713886877362
2025-07-05,108198.12,0.001978700480306017,0.02303217854212978
2025-07-06,109203.84,0.009252236497324873,0.022503067066039308
2025-07-07,108262.94,-0.008653329682976718,0.022217954862018306
2025-07-08,108922.98,0.006078129116499298,0.021943355767559885
2025-07-09,111233.99,0.020994973616712542,0.02161509473823415
2025-07-10,116010.0,0.04204039370937984,0.022250228885202738
2025-07-11,117527.66,0.012997315848982893,0.025524240712892568
2025-07-12,117420.0,-0.0009164595002584264,0.025055499366180088
2025-07-13,119086.64,0.01409404479001175,0.024299377826452903
2025-07-14,119841.18,0.006316070756330561,0.024037799620601326
2025-07-15,117758.09,-0.017534930762700185,0.023473910843848707
2025-07-16,118630.43,0.007380594962262066,0.023547106843442314
2025-07-17,119177.56,0.004601451493543962,0.023070082280816143
2025-07-18,117924.84,-0.010567009500656255,0.022574852534677507
2025-07-19,117840.0,-0.000719700220457753,0.0223392386519742
2025-07-20,117265.12,-0.00489041791811573,0.02188113443367701
2025-07-21,117380.36,0.0009822478512298005,0.02153018367280295
2025-07-22,119954.42,0.02169223520627206,0.021167152146063285
2025-07-23,118755.99,-0.010040953545907172,0.021941295348485493
2025-07-24,118340.99,-0.003500680808423695,0.02176010079818114
2025-07-25,117614.31,-0.006159491204291712,0.021396390164139124
2025-07-26,117919.99,0.0025956319026292363,0.02113654852491556
2025-07-27,119415.55,0.012603083346819588,0.020834073874569793
2025-07-28,118062.32,-0.011396806340219001,0.02093352477058581
2025-07-29,117950.76,-0.0009453714032190419,0.020950623123794133
2025-07-30,117840.3,-0.0009369312651674733,0.020656475092509344
2025-07-31,115764.08,-0.017775990938678987,0.02039790935285577
2025-08-01,113297.93,-0.021533429249677383,0.020935206074157563
2025-08-02,112546.35,-0.006655760991845838,0.021731710130950353
2025-08-03,114208.8,0.014663215250676487,0.021445962018827803
2025-08-04,115055.03,0.007382183600908476,0.021592779388633878
2025-08-05,114129.75,-0.008074576568789738,0.021347739405917207
2025-08-06,114992.27,0.007528949634181714,0.021158162168473195
2025-08-07,117472.01,0.021335183728332652,0.020972144207379414
2025-08-08,116674.74,-0.006810029019948871,0.021743100828331263
2025-08-09,116462.25,-0.0018228772606168064,0.021460797756634512
2025-08-10,119294.01,0.02402393212706322,0.021111525386713268
2025-08-11,118686.0,-0.005109768025592487,0.022136118603391975
2025-08-12,120134.08,0.012127102101079146,0.021760077602622697
2025-08-13,123306.43,0.026064105677022553,0.021708164268045317
2025-08-14,118295.09,-0.04149029256629255,0.022854998897282593
2025-08-15,117342.05,-0.008089091530436576,0.025895219552105133
2025-08-16,117380.66,0.0003289839346880541,0.02517941556623768
2025-08-17,117405.01,0.00020742322210054454,0.024408712252367355
2025-08-18,116227.05,-0.01008397547729345,0.02371993498753523
2025-08-19,112872.94,-0.029282844329104663,0.02332423550877387
2025-08-20,114271.24,0.012312159298069503,0.02456061567449655
2025-08-21,112500.0,-0.015621698947350993,0.02417011230495939
2025-08-22,116935.99,0.038673469425647866,0.024018906129074848
2025-08-23,115438.05,-0.01289266863906846,0.026369759493888298
2025-08-24,113493.59,-0.016987662875338927,0.02579844055286026
2025-08-25,110111.98,-0.030248511573908843,0.025532538406406936
2025-08-26,111763.22,0.014884678291290143,0.026505102021523716
2025-08-27,111262.01,-0.004494655997294927,0.026024639582594943
2025-08-28,112566.9,0.01165984129118236,0.025205575169155572
2025-08-29,108377.4,-0.0379281313827633,0.024707709475323456
2025-08-30,108816.33,0.004041834886722384,0.02681005612450575
2025-08-31,108246.35,-0.005251767001620777,0.0259021842870323
2025-09-01,109237.42,0.00911403053483184,0.025110599778545396
2025-09-02,111240.01,0.018166440657326532,0.02451640725951252
2025-09-03,111705.71,0.004177704576074248,0.024496958633669453
2025-09-04,110730.87,-0.008765161209067784,0.023835136143152563
2025-09-05,110659.99,-0.0006403155254179893,0.023372906543947147
2025-09-06,110187.97,-0.004274621497469155,0.022798042358605042
2025-09-07,111137.34,0.008579008182540093,0.022327416956665024
2025-09-08,112065.23,0.008314378685941648,0.022036601436477392
2025-09-09,111546.39,-0.004640554288638299,0.021771021965221814
2025-09-10,113960.0,0.021406951444262745,0.021427621120158696
2025-09-11,115482.69,0.013273138970621545,0.02213179187093557
2025-09-12,116029.42,0.004723131039401807,0.022097407304746235
2025-09-13,115918.29,-0.0009582332889035428,0.021717204830593667
2025-09-14,115268.01,-0.005625607702317126,0.021332087623107315
2025-09-15,115349.71,0.0007085318805337693,0.021065224495706147
2025-09-16,116788.96,0.012400074849789888,0.020756364575266802
2025-09-17,116447.59,-0.0029272448401407303,0.020854342238907586
2025-09-18,117073.53,0.005360898398272695,0.020590398411869625
2025-09-19,115632.38,-0.01238617811420717,0.02040805470603732
2025-09-20,115685.63,0.00046040514476786143,0.020553223255163223
2025-09-21,115232.29,-0.003926421842189498,0.02030562229039839
2025-09-22,112650.99,-0.022655549003408382,0.020126118568721426
2025-09-23,111998.8,-0.005806298169945379,0.021175442325856268
2025-09-24,113307.0,0.011612792050812004,0.020932632326222268
2025-09-25,108994.49,-0.03880361851008374,0.020961671075409697
2025-09-26,109643.46,0.005936498269548451,0.024023152096425422
2025-09-27,109635.85,-6.94091932622598e-05,0.023451020041051013
2025-09-28,112163.95,0.022797220643521854,0.02286661957360183
2025-09-29,114311.96,0.01896956203457023,0.023478060418808858
2025-09-30,114048.93,-0.0023036354107670576,0.02366127975000527
2025-10-01,118594.99,0.03908667600199678,0.02306515635919299
2025-10-02,120529.35,0.016179048899138238,0.025683135091713775
2025-10-03,122232.0,0.014027586512955992,0.02537890669108432
2025-10-04,122391.0,0.001299959712628862,0.024982755772869136
2025-10-05,123482.31,0.008877068978927483,0.02423608530192726
2025-10-06,124658.54,0.009480412513902081,0.023731932085714023
2025-10-07,121332.95,-0.027039899832891123,0.02330957861210464
2025-10-08,123306.0,0.01613065116385748,0.024290677765120505
2025-10-09,121662.4,-0.013419074980520307,0.024157521988480136
2025-10-10,112774.5,-0.07585974612842605,0.023874740707914698
2025-10-11,110644.4,-0.01906879449319554,0.0333762494818446
2025-10-12,114958.8,0.03825234811823108,0.03237696780359433
2025-10-13,115166.0,0.0018007625079210499,0.03317997181200966
2025-10-14,113028.14,-0.018737751551798354,0.03163877610578546
2025-10-15,110763.28,-0.02024150281585335,0.030806766169076235
2025-10-16,108194.28,-0.023466811492916406,0.030163609495397918
2025-10-17,106431.68,-0.0164252229988886,0.029831029578968736
2025-10-18,107185.01,0.007053129818340054,0.029061702268464117
2025-10-19,108642.78,0.013508845814879322,0.02798846057337639
2025-10-20,110532.09,0.01724063345299598,0.027266982072399224
2025-10-21,108297.67,-0.020422246574193892,0.026839441167179907
2025-10-22,107567.44,-0.006765639759505504,0.02668783174543841
2025-10-23,110078.18,0.023072840914215575,0.02584931873703309
2025-10-24,111004.89,0.008383413777913518,0.026047878781163915
2025-10-25,111646.27,0.005761315360732766,0.025325146622134774
2025-10-26,114559.4,0.0257578960116831,0.02460622637599418
2025-10-27,114107.65,-0.003951164697452825,0.025242222918244694
2025-10-28,112898.45,-0.010653558973311661,0.024496473048853634
2025-10-29,110021.29,-0.025814849578230437,0.02403472656540099
2025-10-30,108322.88,-0.015557495821203915,0.024766009624259
2025-10-31,109608.01,0.011794059086765785,0.02453563498270871
2025-11-01,110098.1,0.004461330755654913,0.024122305159327825
2025-11-02,110540.68,0.004011811464845749,0.023506619021608395
2025-11-03,106583.04,-0.03645919836858269,0.02295104527618035
2025-11-04,101497.22,-0.048892990692746,0.025204784134375217
2025-11-05,103885.16,0.02325464931597665,0.028899841006169297
2025-11-06,101346.04,-0.02474525864647603,0.028708364104751527
2025-11-07,103339.08,0.01947482055427585,0.02866595603810584
2025-11-08,102312.94,-0.009979464496074897,0.028220429711491312
2025-11-09,104722.96,0.02328223138207619,0.027322726608950725
2025-11-10,106011.13,0.01222570154598479,0.027338648393019485
2025-11-11,103058.99,-0.028242545864333835,0.026627385002490626
2025-11-12,101654.37,-0.01372301293113054,0.027209339610893953
2025-11-13,99692.02,-0.0194928961604397,0.026585221742021888
2025-11-14,94594.0,-0.05249158454481062,0.02639628646798959
2025-11-15,95596.24,0.010539439640718129,0.03041204333562593
2025-11-16,94261.44,-0.014061290467363818,0.0293106667512409
2025-11-17,92215.14,-0.0219478729477931,0.028472949831095103
2025-11-18,92960.83,0.008053896310370234,0.028231920111205726
2025-11-19,91554.96,-0.015238773937443995,0.027269619501552912
2025-11-20,86637.23,-0.05520981689189419,0.02672074846888381
2025-11-21,85129.43,-0.017556826574242734,0.031129155766322854
2025-11-22,84739.74,-0.004588127246520912,0.03028272158029792
2025-11-23,86830.0,0.024367507087484697,0.029040195775467518
2025-11-24,88300.01,0.01678803678763785,0.02892241303097658
2025-11-25,87369.96,-0.010588704373343916,0.028275210982382358
2025-11-26,90484.02,0.03502174404226999,0.027394609222343585
2025-11-27,91333.95,0.009349308992867122,0.02861902161132543
2025-11-28,90890.7,-0.004864883803623599,0.027657996536230446
2025-11-29,90802.44,-0.0009715282254703084,0.026677844328071902
2025-11-30,90360.0,-0.004884465893088219,0.02575375378937761
2025-12-01,86286.01,-0.046134215573856,0.02497041775963642
2025-12-02,91277.88,0.05624100401714749,0.028264243397415706
2025-12-03,93429.95,0.023303477601613665,0.03246663443410401
2025-12-04,92078.06,-0.01457526208899651,0.03184676742653749
2025-12-05,89330.04,-0.03029887006416132,0.03076823330377723
2025-12-06,89236.79,-0.0010444269910223625,0.030959002293964727
2025-12-07,90395.31,0.01289898702078851,0.02961858622444099
2025-12-08,90634.34,0.0026407844119589186,0.02869357278805869
2025-12-09,92678.8,0.0223065817697794,0.02757990791208753
2025-12-10,92015.37,-0.007184123390461039,0.02748113290042022
2025-12-11,92513.38,0.005397654393828333,0.026571337243457706
2025-12-12,90268.42,-0.024565606595954748,0.025712795513996994
2025-12-13,90240.01,-0.00031477754512110323,0.026066773245249718
2025-12-14,88172.17,-0.023181518223392317,0.025203577159356803
2025-12-15,86432.08,-0.01993247714905877,0.025503005712689094
2025-12-16,87863.42,0.01642466016055444,0.025487360052080486
2025-12-17,86243.22,-0.018612119227457313,0.025222994242220364
2025-12-18,85516.41,-0.008463156774887182,0.02514386474532927
2025-12-19,88136.94,0.030183453965175744,0.02452271274935347
2025-12-20,88360.9,0.002537822788109878,0.025657216141235627
2025-12-21,88658.86,0.003366407020218176,0.024849169885186106
2025-12-22,88620.79,-0.000429490926737941,0.024136614521991038
2025-12-23,87486.0,-0.012887699635667715,0.023477524632437942
2025-12-24,87669.45,0.002094711492890866,0.023249058666566444
2025-12-25,87225.27,-0.005079409544226365,0.022696693668061978
2025-12-26,87369.56,0.0016528557328907567,0.02225455913155906
2025-12-27,87877.01,0.005791285025194881,0.021811234651637087
2025-12-28,87952.71,0.0008610604018155499,0.021490917791546618
2025-12-29,87237.13,-0.008169240631806574,0.02113199205885393
2025-12-30,88485.49,0.01420854073060518,0.020973151718311853
2025-12-31,87648.22,-0.00950728065188855,0.02115528716624226
2026-01-01,88839.04,0.013494889906894514,0.021049591623507235
2026-01-02,89995.13,0.012929364730522863,0.021174534442422885
2026-01-03,90628.01,0.007007768661280167,0.021247265278527765
2026-01-04,91529.73,0.009900511123454692,0.021032173207636222
2026-01-05,93859.71,0.025137383113591483,0.020960483781955013
2026-01-06,93747.97,-0.001191209370672297,0.022134902363357675
2026-01-07,91364.16,-0.02575673226108499,0.02170236839949905
2026-01-08,91099.99,-0.0028955845252411905,0.022815451751392497
2026-01-09,90641.28,-0.005047956075854287,0.022320762877992804
2026-01-10,90504.7,-0.0015079553615393593,0.021921614672323696
2026-01-11,91013.65,0.0056077122089455145,0.02151578377965227
2026-01-12,91296.2,0.003099670437196167,0.021226152965777897
2026-01-13,95414.0,0.044116152506372686,0.020919768376866297
2026-01-14,96951.78,0.015988423287945253,0.02488987650399821
2026-01-15,95604.8,-0.01399071349755232,0.02467157619437411
2026-01-16,95550.94,-0.0005635195827800032,0.024358434895350167
2026-01-17,95147.77,-0.004228351630569449,0.02367564882411753
2026-01-18,93673.14,-0.015619668190675284,0.023105078954817997
2026-01-19,92631.0,-0.011187629751686856,0.023091924793929585
2026-01-20,88427.66,-0.04643904221674866,0.022822475823778502
2026-01-21,89454.73,0.011547870630408852,0.02669558739902944
2026-01-22,89559.67,0.0011724197832183592,0.02602455308501055
2026-01-23,89600.26,0.00045311471928499714,0.025168237205478228
2026-01-24,89225.34,-0.004193141802224076,0.024398910502641716
2026-01-25,86670.36,-0.029053123136140613,0.023748031216491973
2026-01-26,88347.08,0.019161191027651014,0.02488349200714164
2026-01-27,89250.0,0.010168272808073198,0.024890338984703213
2026-01-28,89299.99,0.000559955240616361,0.024362467557136887
2026-01-29,84650.16,-0.053474377187153976,0.023679238505742595
2026-01-30,84260.49,-0.004613926845758343,0.028588143156053163
2026-01-31,78741.09,-0.06774794341998813,0.027510744014986654
2026-02-01,76968.21,-0.02277264898561171,0.03405687700121425
2026-02-02,78738.61,0.022741152862616687,0.03321928394024034
2026-02-03,75770.21,-0.038428424839562325,0.032473214869180145
2026-02-04,73165.83,-0.03497669878289855,0.03328166858228
2026-02-05,62909.86,-0.1510256005239139,0.03359332420882563
2026-02-06,70580.26,0.11504759382535035,0.05743247938936172
2026-02-07,69289.38,-0.01845885430431693,0.06500780484957845
2026-02-08,70330.38,0.01491220570587437,0.06119500841365663
2026-02-09,70138.0,-0.002739123499285512,0.05758240294723788
2026-02-10,68841.29,-0.018661019632782327,0.054057273818813936
2026-02-11,67082.52,-0.025880206939472572,0.051135754268948445
2026-02-12,66272.17,-0.01215345293767811,0.04878937127731735
2026-02-13,68853.96,0.038217689464747906,0.04609797392712405
2026-02-14,69822.95,0.013975012427655642,0.045104728155050094
2026-02-15,68832.58,-0.014285572925025747,0.04277542595043749
2026-02-16,68892.43,0.0008691232444615338,0.040658225894398756
2026-02-17,67503.52,-0.020366557940658225,0.03846595630952051
2026-02-18,66461.0,-0.015564435209117988,0.03701994494607036
2026-02-19,67003.73,0.008132980025301606,0.03547695164913254
2026-02-20,68020.01,0.015053637111472895,0.03382377478092653
2026-02-21,67975.93,-0.0006482546691266577,0.032568238478170065
2026-02-22,67643.4,-0.004903883043688495,0.03107813721397307
2026-02-23,64656.02,-0.04516857121636342,0.029765060148087503
2026-02-24,64058.15,-0.009289953077214363,0.03190094358375231
2026-02-25,67988.04,0.05954054276582177,0.030612162497169547
2026-02-26,67485.18,-0.007423789136971948,0.03481451282427045
2026-02-27,65872.1,-0.024193035094981497,0.0332049170967816
2026-02-28,66973.26,0.01657845212786846,0.03256494184456919
2026-03-01,65776.47,-0.018031259656581256,0.031512260490075134
2026-03-02,68830.06,0.045378392529425327,0.03065188966472069
2026-03-03,68338.0,-0.007174587301422619,0.032650111845399336
2026-03-04,72666.77,0.06141821531693026,0.03123413280535302
2026-03-05,70890.72,-0.024744659742351516,0.035609715147918754
2026-03-06,68114.02,-0.03995647071445951,0.03473729745811125
2026-03-07,67262.91,-0.01257409536326648,0.03537762230323348
2026-03-08,65971.2,-0.019390687162495368,0.03386904559276649
2026-03-09,68432.16,0.036624606413520056,0.0328365733960594
2026-03-10,69948.63,0.021918225932273216,0.03338791530349917
2026-03-11,70191.86,0.0034712343910410226,0.03256664819242222
2026-03-12,70541.34,0.00496657104904763,0.031095339405485933
2026-03-13,70930.0,0.005494554272369001,0.029781672335818247
2026-03-14,71211.95,0.003967166199519312,0.028603229255161927
2026-03-15,72815.24,0.02226463253976796,0.027514286986975386
2026-03-16,74884.67,0.028023922724338846,0.027420630132058966
2026-03-17,73909.36,-0.013109719098400419,0.027862209059722146
2026-03-18,71246.54,-0.03669322101311323,0.02713510909659587
2026-03-19,69930.0,-0.018651514850331452,0.02861340419866902
2026-03-20,70510.73,0.008270155102977128,0.02811855023212903
2026-03-21,68918.12,-0.022845763534558472,0.02717432350107704
2026-03-22,67859.0,-0.015487110258323611,0.02717316369505242
2026-03-23,70906.45,0.043929379576091776,0.026649671767787944
2026-03-24,70556.74,-0.0049441937848229145,0.029227468219412897
2026-03-25,71336.53,0.010991329616636847,0.028092899313200016
2026-03-26,68820.31,-0.0359096335700837,0.02724736145615634
2026-03-27,66407.28,-0.03569221583695459,0.02860680595533827
2026-03-28,66377.03,-0.0004556261281685181,0.02970936576205583
2026-03-29,66010.93,-0.005530728522709083,0.0284855266709662
2026-03-30,66797.37,0.01184337413418568,0.027435181053116122
2026-03-31,68284.48,0.022018799448927595,0.02669617312248003
2026-04-01,68113.92,-0.0025009104050788267,0.02668977154355437
2026-04-02,66901.99,-0.017952884972725514,0.025774741198531324
2026-04-03,66964.3,0.0009309289814485311,0.025577582474219804
2026-04-04,67300.42,0.005006835781815155,0.024766656408883318
2026-04-05,69034.18,0.02543526692025644,0.024091390771373695
2026-04-06,68853.66,-0.0026183614615238326,0.024774599793638
2026-04-07,71924.22,0.043629681945819954,0.024060771438595415
2026-04-08,71069.93,-0.011948742855087957,0.027162026405768612
2026-04-09,71787.97,0.010052591375902864,0.026457555128464424
2026-04-10,72962.7,0.0162314383904949,0.025750439400266997
2026-04-11,73043.16,0.0011021476555086451,0.0254413100614596
2026-04-12,70740.98,-0.032025462086224366,0.024645336502382938
2026-04-13,74417.99,0.050672676455565835,0.025979705859927725
2026-04-14,74131.55,-0.003856496021567679,0.029786969559550874
2026-04-15,74809.99,0.009110214548757156,0.02858131077981398
2026-04-16,75154.29,0.004591768185656875,0.0276161927567489
2026-04-17,77072.0,0.025196849489871553,0.02663542795398997
2026-04-18,75691.76,-0.01807074609568282,0.02691642005403391
2026-04-19,73801.79,-0.025286317737348796,0.026585808000648845
2026-04-20,75840.97,0.02725566189452877,0.026882219837986856
2026-04-21,76336.15,0.006507965819315231,0.027326059988166708
2026-04-22,78178.23,0.023844606278444758,0.026414813186221537
2026-04-23,78257.48,0.001013195858920568,0.02660324647490686
2026-04-24,77437.13,-0.010538034574906874,0.025686906277246263
2026-04-25,77625.0,0.00242315892250744,0.02508449868402737
2026-04-26,78657.55,0.013214079557604563,0.024335619281310995
2026-04-27,77371.32,-0.016487450519109714,0.024019757491339767
2026-04-28,76342.77,-0.013382837592731178,0.02394568038671155
2026-04-29,75780.0,-0.007398926108951542,0.02368689848947986
2026-04-30,76346.57,0.007448700376111006,0.02319443747677378
2026-05-01,78231.13,0.024384544212576742,0.022760354934874636
2026-05-02,78686.85,0.005808401067080027,0.02354741611374391
2026-05-03,78568.57,-0.0015043045550342526,0.023025510488059432
2026-05-04,79861.01,0.016316001996393936,0.02249348715678574
2026-05-05,80905.52,0.012994305434801845,0.022611258181300317
2026-05-06,81447.01,0.0066705706140410825,0.02249821440179756
2026-05-07,80006.0,-0.017850992874903326,0.022121257454478523
2026-05-08,80193.17,0.0023367172896868738,0.022407487978148493
2026-05-09,80678.4,0.006032532305335181,0.021952794916708106
2026-05-10,82210.07,0.01880691918505839,0.021622132132265236
2026-05-11,81745.65,-0.005665203289169085,0.022060245972428602
2026-05-12,80504.47,-0.01529988651922487,0.021706901060442364
2026-05-13,79313.61,-0.014902970184666131,0.021861269905931603
2026-05-14,81089.99,0.022149784988148014,0.0219670797619481
2026-05-15,79113.21,-0.024679661013994547,0.022657079833138596
2026-05-16,78148.05,-0.012274760081870895,0.023491628463929756
2026-05-17,77457.67,-0.008873510947942975,0.023228337241032963
2026-05-18,77001.87,-0.005901886319804817,0.02284112494334399
2026-05-19,76834.36,-0.002177771337791512,0.022402447031662418
2026-05-20,77552.23,0.009299708915348148,0.021946703083868143
2026-05-21,77615.52,0.0008157623412063941,0.021731971805203983
2026-05-22,75539.5,-0.02711170893923054,0.021344535347295527
2026-05-23,76752.01,0.015923876796854586,0.022678799981670075
2026-05-24,77064.96,0.004069127506717507,0.02274353155706645
2026-05-25,77322.01,0.0033299473074173136,0.022275316389959544
2026-05-26,75930.01,-0.018166654938214677,0.021848676018306378
2026-05-27,74449.3,-0.01969363812297864,0.022199885658909017
2026-05-28,73617.51,-0.011235451754407322,0.022627739446343977
2026-05-29,73460.78,-0.0021312466894336524,0.02241802147553615
2026-05-30,73884.38,0.005749780542727123,0.02196003553836865
2026-05-31,73674.39,-0.002846189918187747,0.021620828258224152
2026-06-01,71408.9,-0.031232737545769496,0.021263861571845347
2026-06-02,66760.83,-0.0673059801266156,0.023136918862322407
2026-06-03,64142.75,-0.040005463003792485,0.031013044145564054
2026-06-04,63885.99,-0.0040109797882657006,0.032242956505860114
2026-06-05,61056.47,-0.045300914871313935,0.030807950028956765
2026-06-06,60884.62,-0.002818575982386662,0.03276655843800888
2026-06-07,63332.01,0.039410290872275766,0.031270393851669125
2026-06-08,63085.99,-0.0038921721682001476,0.0323851293873604
2026-06-09,61730.0,-0.021728679963230135,0.030935490376618642
2026-06-10,61510.99,-0.0035541783711394714,0.030380229444254385
2026-06-11,63625.99,0.033806176636380414,0.02911397305089859
2026-06-12,63580.01,-0.0007229219062381276,0.029915986833786525
2026-06-13,64458.01,0.013714891287420983,0.02867299660627363
2026-06-14,65746.45,0.019791673152566247,0.027886994358576417
2026-06-15,66328.74,0.008817610222800809,0.027557747552103492
2026-06-16,65675.01,-0.009904799591062385,0.02668892465035526
2026-06-17,64509.4,-0.01790753821922131,0.02595100974129287
2026-06-18,62958.01,-0.024342953377447074,0.02572853765948434
2026-06-19,63543.91,0.009263166748530338,0.026059419137804306
2026-06-20,64298.01,0.011797519098186271,0.025365966159511467
2026-06-21,63311.99,-0.015453955391466323,0.02485612866912265
2026-06-22,64020.01,0.011120964047776738,0.02460803578049907
2026-06-23,62734.57,-0.0202830393828215,0.024154369643195495
2026-06-24,61077.99,-0.026761079213191152,0.024350217612722044
2026-06-25,59794.0,-0.021246250672291467,0.0251307193958015
2026-06-26,60097.27,0.005059094742014381,0.025271553731835216
2026-06-27,60029.0,-0.0011366374291004178,0.02454296822123178
2026-06-28,59577.01,-0.007558017387369276,0.023842384152232294
2026-06-29,60260.21,0.011402257194722765,0.023337267565718564
2026-06-30,58624.71,-0.02751573853574385,0.02304837053827099
2026-07-01,60024.0,0.023588202184315676,0.024127240115676817
2026-07-02,61560.0,0.025267826727251474,0.024622200535220108
2026-07-03,62583.26,0.016485521233796874,0.025206325780992814
2026-07-04,63144.01,0.008920160569786617,0.024980873477585784
2026-07-05,63650.0,0.007981334229153703,0.024394062345264582
2026-07-06,64042.02,0.006140105413393826,0.023840335431510762
2026-07-07,63363.99,-0.01064371140853737,0.023293926982908
2026-07-08,62290.0,-0.01709481974221916,0.02297406257755102
2026-07-09,63230.0,0.01497797280446811,0.02308273152298792
2026-07-10,64161.72,0.01462789910845963,0.023030077178393803
2026-07-11,63819.0,-0.005355819520902472,0.022961828245624396
2026-07-12,63780.0,-0.0006112900761667817,0.02249558388542562
2026-07-13,62334.52,-0.022924296143489897,0.022019279357713223
2026-07-14,65043.98,0.042548291040841235,0.02277750621269399
2026-07-15,64756.28,-0.004432972185700379,0.026006915846284145
2026-07-16,63830.2,-0.014404251707617277,0.02518861587030582
2026-07-17,63931.67,0.0015884241727963655,0.024836682743169004
2026-07-18,64834.22,0.014018693630676538,0.024107257211520416
2026-07-19,64722.54,-0.0017240324265905826,0.02386502674990575
2026-07-20,65255.51,0.008200969119187107,0.02324147925084449
2026-07-21,66556.16,0.019735615458980504,0.022827654454770672
2026-07-22,66114.49,-0.006658166393920695,0.02316664364929357
2026-07-23,65098.97,-0.015479208870313954,0.022711330253827114
2026-07-24,64139.99,-0.014840688920713774,0.022741078021300903
2026-07-25,64375.0,0.003657320627853622,0.022724418046376517
2026-07-26,65399.99,0.01579674657404162,0.022251266319182336
2026-07-27,63755.86,-0.025461004175307167,0.02236532036279093
2026-07-28,63915.0,0.0024929742373505093,0.023331751842596282
2026-07-29,63984.28,0.001083352568924667,0.022774163736450997
2026-07-30,64780.02,0.012359794291489479,0.02226803115782043
2026-07-31,62887.88,-0.02964376414494474,0.022163196613771804
2026-08-01,62823.64,-0.0010220225734549615,0.02365467293490922
2026-08-02,63570.0,0.011810225186316359,0.023050063456573025
2026-08-03,63520.0,-0.0007868440094362938,0.02281704921893519
2026-08-04,64106.56,0.00919188184495745,0.02230483200171498
2026-08-05,64665.23,0.008676954869745401,0.022041402140152853
2026-08-06,64323.61,-0.0052969047359656685,0.021789334074873948
2026-08-07,64923.19,0.009278129921447942,0.021458913274213173
2026-08-08,64962.6,0.0006068408439343642,0.02130438951132997
2026-08-09,64901.59,-0.0009395970434731282,0.020966669340321792
2026-08-10,63970.01,-0.014457742854215638,0.02067056328522581
2026-08-11,63600.0,-0.005800909439233948,0.020912448796658288
2026-08-12,63479.99,-0.0018887322178127164,0.020701924325002823
2026-08-13,63490.86,0.00017122040258321647,0.020444386953856024
2026-08-14,63043.56,-0.007070042494493833,0.020209663521185764
2026-08-15,63086.01,0.0006731173602325669,0.0201279730383011
2026-08-16,62900.0,-0.002952869690190596,0.019933378867200827
2026-08-17,64532.1,0.02561661071509569,0.019783908834532425
2026-08-18,64725.42,0.0029912401869456318,0.02123216648155995
2026-08-19,69334.79,0.06879278581945769,0.02092348659828579
2026-08-20,73025.15,0.05185710193486415,0.029956735202103926
2026-08-21,78338.03,0.07022927876272256,0.033049871444827204
2026-08-22,77074.93,-0.016255115559973277,0.03853460805979572
2026-08-23,77734.0,0.008514676535273935,0.036878857777710314
2026-08-24,78992.75,0.016063334003019847,0.035109104477456486
2026-08-25,78539.14,-0.005758976848367681,0.03377365672943602
2026-08-26,79023.75,0.0061513409419617915,0.03222525326964743
2026-08-27,80249.58,0.015393088154173284,0.030827073221156912
2026-08-28,77845.87,-0.030410682217402396,0.02989489456032968
2026-08-29,78230.0,0.00492235956282272,0.030219056446803207
2026-08-30,77682.0,-0.007029635392424183,0.02898809129525053
2026-08-31,78581.29,0.011510060081940665,0.027921590119583208
2026-09-01,77439.0,-0.014643100724700986,0.02711568936206903
2026-09-02,77340.01,-0.0012791141834647135,0.0265511556895153
2026-09-03,81270.37,0.0495700820018925,0.02564130847927383
2026-09-04,79660.77,-0.02000425369260661,0.029344432870262612
2026-09-05,79831.75,0.002144051213171849,0.028854969768982844
2026-09-06,80341.83,0.006369111863600452,0.027721278973418934
2026-09-07,79112.01,-0.015425710493643052,0.026766233566778413
2026-09-08,78455.8,-0.008329287483537229,0.026286508855382352
2026-09-09,78306.43,-0.001905689211042727,0.025536312852417146
2026-09-10,76568.72,-0.02244108142065926,0.024735269377849048
2026-09-11,77225.7,0.008543664930190431,0.0250350557112957
2026-09-12,77278.73,0.0006864528361081312,0.024428773066779833
2026-09-13,76842.01,-0.0056672602126699445,0.023738737162826505
2026-09-14,78189.21,0.017380162682426814,0.02319177257805598
2026-09-15,75644.48,-0.033087188533484024,0.02329183282035678
2026-09-16,76206.01,0.007395861015403682,0.025011371550699324
2026-09-17,76417.01,0.0027649843965491527,0.024370332385418733
2026-09-18,80883.87,0.05680910686215235,0.023701679865423313
2026-09-19,81249.99,0.004516275900723343,0.029238118928677267
2026-09-20,81178.0,-0.0008864236356540545,0.02809532749471205
2026-09-21,86620.0,0.06488646128921793,0.027029087092695008
2026-09-22,86208.56,-0.004761259102828319,0.033154981664050835
2026-09-23,84397.6,-0.02123051150500821,0.031646662540659204
2026-09-24,84410.24,0.00014975607795975066,0.03097454092325739
2026-09-25,84099.99,-0.0036822731837720113,0.02963087450489531
2026-09-26,84433.1,0.003953056741353933,0.02843795018444534
2026-09-27,84472.0,0.00046061369002714514,0.027365103483889715
2026-09-28,83500.01,-0.011573366886930003,0.026370304832607824
2026-09-29,83663.66,0.0019579619456884245,0.025736483586509665
2026-09-30,83146.22,-0.0062039689693982325,0.024914941277071688
