date,Close,log_return,garch_vol,realized_vol,tr,atr,vov,downside_vol,vol_momentum,vol_rank,vol_regime,crash_flag
2018-09-10,6312.0,0.0097415281926185,0.0339946532071693,0.030944194795055786,152.97999999999956,286.3735714285714,0.00492663759505547,0.039927796070862207,0.008125455911766801,0.29365079365079366,1,0
2018-09-11,6294.91,-0.0027112132106275,0.0325231973784866,0.02972558073714346,234.3199999999997,283.4678571428571,0.004957015413066096,0.03736133189978644,0.00743817813906,0.2261904761904762,1,0
2018-09-12,6338.62,0.0069197088084482,0.0310507043374471,0.030004750005447826,167.6300000000001,279.6221428571428,0.004940010816571331,0.039868446783313236,0.0063742599290547985,0.13095238095238096,1,0
2018-09-13,6487.38,0.0231976720697115,0.0297822964670702,0.031103097898420844,197.60000000000036,273.82071428571425,0.004881418679354865,0.04297800111524027,-0.008303226225929397,0.0992063492063492,1,0
2018-09-14,6476.63,-0.0016584378543225,0.0294765194612494,0.031015387798266448,199.3699999999999,273.7042857142857,0.004768907186250736,0.03979483436557746,-0.007688837719564898,0.09523809523809523,1,0
2018-09-15,6514.96,0.0059007575235092,0.0282815888700069,0.02983211853697915,99.31999999999971,261.7799999999999,0.004616400954310204,0.03979483436557746,-0.007477084090385302,0.06349206349206349,1,0
2018-09-16,6505.0,-0.0015299589158246,0.0272612867685123,0.029264996563394666,154.6199999999999,257.2207142857142,0.0045543795065237785,0.0372285889296961,-0.008327129629031396,0.04365079365079365,1,0
2018-09-17,6248.69,-0.0401992701853082,0.0262828870991051,0.030456740572814025,332.84000000000015,270.52,0.004519438747643193,0.03980430159021077,-0.007711766108064202,0.031746031746031744,0,0
2018-09-18,6336.45,0.0139468329382435,0.0283900991653094,0.03050634635986524,165.02000000000044,269.2478571428572,0.004261594946024156,0.03980430159021077,-0.0041330982131772,0.08333333333333333,1,0
2018-09-19,6391.89,0.0087113245872298,0.0276479683922478,0.01923871303960416,394.6999999999998,246.34785714285712,0.003969893266603269,0.02351895489115189,-0.0034027359451993013,0.05555555555555555,1,0
2018-09-20,6492.0,0.0155406503477113,0.0267680485842847,0.018470661419548152,215.0,228.84785714285712,0.003671318347936185,0.022717936701524912,-0.003014247882785502,0.04365079365079365,0,0
2018-09-21,6759.02,0.0403072594790998,0.0262961247418821,0.02055816922750867,293.8599999999997,233.8378571428571,0.0033356213516349967,0.02344517772394905,-0.003180394719367298,0.03571428571428571,0,0
2018-09-22,6723.05,-0.005335988516169,0.0284159631022049,0.01781131637758011,212.02999999999975,222.7685714285714,0.0028982367140820563,0.0182038235783054,0.00013437423219800002,0.0992063492063492,1,0
2018-09-23,6708.0,-0.0022410766543128,0.0273706808818644,0.017884919800882835,126.47999999999956,210.41214285714275,0.002326810574786664,0.016642908344200964,0.00010939411335209731,0.05952380952380952,1,0
2018-09-24,6581.39,-0.0190548747324665,0.0263863768332874,0.018928336268163197,173.0,211.8421428571428,0.0018700227366142564,0.017008429170732774,0.00010348973418230004,0.04365079365079365,0,0
2018-09-25,6447.54,-0.0205473065193562,0.0261914683478102,0.019915731722681452,258.9899999999998,213.60428571428565,0.0014927220375226095,0.018669485294449763,-0.0021986308174992003,0.027777777777777776,0,0
2018-09-26,6465.12,0.0027229108273374,0.0261340472366042,0.019862818029825712,178.28999999999996,214.3657142857142,0.0012319732124152392,0.018669485294449763,-0.0015139211556436,0.027777777777777776,0,0
2018-09-27,6689.13,0.0340622473040461,0.0252802079656204,0.020961344376902374,316.0,222.82285714285703,0.0011701188933741409,0.018669485294449763,-0.001487840618664301,0.015873015873015872,0,0
2018-09-28,6634.58,-0.0081884557381464,0.0267540983377483,0.021125516733476044,273.9200000000001,228.14785714285705,0.0009626225418070475,0.01891389572085887,0.00045797359586619707,0.05952380952380952,0,0
2018-09-29,6596.38,-0.0057743513913202,0.0259513003565876,0.02117820418098257,171.4300000000003,233.2985714285714,0.000917198534836612,0.01780972800665098,-0.0024646627456173,0.031746031746031744,0,0
2018-09-30,6626.57,0.0045663112177116,0.0251677231784142,0.021187354104088833,129.0,231.46857142857138,0.001002074474372482,0.01903061638174127,-0.0022029577034501993,0.011904761904761904,0,0
2018-10-01,6611.61,-0.0022601303756584,0.0244423320133443,0.01758869871048122,157.09000000000015,218.91499999999996,0.0011613810518681495,0.011490849682412272,-0.001944044819943102,0.003968253968253968,0,0
2018-10-02,6525.79,-0.0130651758761377,0.0237622928703833,0.01789634753397819,146.0,217.5564285714285,0.001242118388427378,0.011699231842523732,-0.002429175477426899,0.003968253968253968,0,0
2018-10-03,6510.0,-0.0024225624564948,0.0235095469934652,0.017827352975782345,119.0,197.86357142857136,0.0013541665456829315,0.011059661510274314,-0.002624500243138997,0.003968253968253968,0,0
2018-10-04,6593.79,0.0127888407881737,0.0229330751935092,0.017672856552556376,138.3699999999999,192.38999999999993,0.0015378452752031952,0.011059661510274314,-0.0023471327721111997,0.003968253968253968,0,0
2018-10-05,6635.65,0.0063283313125719,0.0227684537576629,0.013780450326725523,153.92000000000007,182.39428571428567,0.0016981245369851094,0.011059661510274314,-0.0039856445800854,0.003968253968253968,0,0
2018-10-06,6594.27,-0.0062555381951305,0.0223513109756323,0.013803258352339448,84.22999999999956,173.26571428571424,0.0016313559651532905,0.011113075377743288,-0.0035999893809553,0.003968253968253968,0,0
2018-10-07,6615.26,0.0031780112791537,0.0219810106960856,0.013853191152904641,115.0,172.44571428571427,0.0016466458615223677,0.011760535567057157,-0.0031867124823285985,0.003968253968253968,0,0
2018-10-08,6673.01,0.0086919310914517,0.0215878571482134,0.013031012687714033,128.60000000000036,169.27428571428572,0.001730864474547967,0.010305292146147471,-0.0028544748651309,0.003968253968253968,0,0
2018-10-09,6656.61,-0.0024606865424718,0.0213937865722655,0.011543465006568901,78.38000000000011,156.37357142857147,0.0017806966805808957,0.006837465033413491,-0.0023685062981178007,0.003968253968253968,0,0
2018-10-10,6631.0,-0.0038547235674961,0.0210603985907638,0.011657322123657136,129.94999999999982,152.9207142857143,0.0017981310559257156,0.00653945133749647,-0.0024491484027014017,0.003968253968253968,0,0
2018-10-11,6252.68,-0.0587454505468674,0.020787986452824,0.01704756652361902,428.9200000000001,160.9864285714286,0.001855152849074191,0.020529500048895272,-0.0021450887406852005,0.003968253968253968,0,0
2018-10-12,6298.01,0.0072235386433625,0.0276467394854406,0.01730889892267923,151.0,152.2064285714286,0.001997501166988732,0.021581509860708125,0.004878285727777702,0.1388888888888889,1,0
2018-10-13,6332.93,0.0055292937766537,0.026722822735759,0.017468535707231996,59.93000000000029,144.24214285714288,0.0020867404240220316,0.022968143805068963,0.004371511760126699,0.1111111111111111,0,0
2018-10-14,6339.34,0.0010116578240033,0.025853195853527,0.017377082834954222,108.0,142.74214285714288,0.002141413268894382,0.022968143805068963,0.0038721851574414004,0.07539682539682539,0,0
2018-10-15,6752.5,0.0631381446007512,0.0250157649797067,0.02483071432843794,1380.0,230.09285714285716,0.002169361516488638,0.024791266001145514,0.003427907831493302,0.051587301587301584,0,0
2018-10-16,6759.27,0.0010020893734168,0.0313943989177927,0.024477829103170572,230.0,236.09285714285716,0.003051409988008068,0.02652147205176557,0.0100006123455272,0.2857142857142857,1,0
2018-10-17,6740.89,-0.0027229323735902,0.0300155576079685,0.024482617139238792,135.10999999999967,237.2435714285714,0.0034517644964524863,0.026527298960951292,0.0089551590172047,0.23015873015873015,1,0
2018-10-18,6618.96,-0.0182537057748781,0.0287772096891149,0.024880563343565747,229.0,243.71714285714285,0.003611227328656265,0.02533668527824906,0.0079892232362909,0.20238095238095238,1,0
2018-10-19,6528.88,-0.0137028454114407,0.0282384810075543,0.025080660358242274,125.14000000000033,241.6614285714286,0.0036686716380896042,0.02402217338122694,0.0005917415221136993,0.16666666666666666,1,0
2018-10-20,6588.4,0.0090751144282421,0.0275007523347891,0.025175503893144293,112.09999999999945,243.65214285714288,0.0036186890947229942,0.025820928009379525,0.0007779295990301,0.14682539682539683,1,0
2018-10-21,6590.11,0.0002595134062346,0.0266482763073482,0.02515867466237344,83.89999999999964,241.43071428571426,0.0034747707497916787,0.025820928009379525,0.0007950804538211995,0.11904761904761904,0,0
2018-10-22,6581.2,-0.0013529408022598,0.0257274130990287,0.025026253270838805,103.72999999999956,239.65428571428563,0.0032480534444357116,0.023911002812237417,0.000711648119321999,0.07539682539682539,0,0
2018-10-23,6553.51,-0.0042163155518704,0.0249046460331692,0.02503858736084368,79.55000000000018,239.73785714285708,0.002972366532387052,0.023945994973751196,-0.006489752884623501,0.051587301587301584,0,0
2018-10-24,6565.5,0.0018278823384338,0.0242011532127547,0.025036817020685116,82.47000000000025,236.34642857142853,0.0026335451608507196,0.025816712394618246,-0.005814404395213801,0.04365079365079365,0,0
2018-10-25,6528.09,-0.005714261985446,0.0235434676649902,0.018820814816833755,72.28999999999996,210.8728571428571,0.002232205797315803,0.009837349433684547,-0.005233742024124698,0.03968253968253968,0,0
2018-10-26,6538.63,0.0016132590712825,0.02302122528417,0.018785472011227846,84.98999999999978,206.15785714285707,0.002441054064504139,0.009837349433684547,-0.005217255723384301,0.03571428571428571,0,0
2018-10-27,6505.6,-0.0050643189508683,0.0224920526677256,0.018874936576333885,95.3100000000004,208.68499999999995,0.00266804806353798,0.00930658744974767,-0.0050086996670635,0.027777777777777776,0,0
2018-10-28,6489.93,-0.0024115996184033,0.0220747962724349,0.018909770708737787,61.17000000000007,205.33999999999995,0.0028917064690710645,0.008747169559621048,-0.004573480034913299,0.023809523809523808,0,0
2018-10-29,6344.5,-0.0226634489786548,0.0216608605189362,0.008492782110204477,190.01000000000022,120.34071428571426,0.0031076560080160816,0.011183995122228004,-0.004066552580092499,0.01984126984126984,0,0
2018-10-30,6330.87,-0.0021506283845695,0.0224509729130406,0.008378068172822483,77.98999999999978,109.4828571428571,0.002752286511259453,0.010631843323218669,-0.002453673120128598,0.03571428571428571,0,0
2018-10-31,6371.93,0.0064647389553655,0.0219909613874232,0.0088872673589682,182.97999999999956,112.9021428571428,0.002468506244473535,0.011170131620549252,-0.002210191825331498,0.027777777777777776,0,0
2018-11-01,6410.0,0.0059568645069507,0.0216695712759679,0.008236365401941299,93.98999999999978,103.25857142857136,0.0022456792366630537,0.009935723358591778,-0.0018738963890223004,0.023809523809523808,0,0
2018-11-02,6433.98,0.0037340493932571,0.0213722083834664,0.0076774204450347685,72.14000000000033,99.47285714285707,0.0019856261296465633,0.009273470739525804,-0.0016490169007035982,0.011904761904761904,0,0
2018-11-03,6387.09,-0.0073145547230701,0.0210600398663183,0.007253281784949486,94.97000000000025,98.2492857142857,0.001720404478663964,0.00905181975968559,-0.001432012801407298,0.007936507936507936,0,0
2018-11-04,6485.85,0.0153441152804276,0.0208800019891557,0.008637682355517614,166.0,104.11357142857143,0.001466521036308951,0.00905181975968559,-0.0011947942832792012,0.007936507936507936,0,0
2018-11-05,6468.99,-0.0026028896565168,0.0211550991607682,0.00864651833615173,73.36999999999989,101.94500000000004,0.0012151855932674264,0.009085896443418907,-0.0005057613581679991,0.01984126984126984,0,0
2018-11-06,6519.11,0.0077178723270083,0.0208519347016304,0.008913445933939513,86.13000000000011,102.41500000000003,0.0010189258479105633,0.009581610337451594,-0.0015990382114102024,0.007936507936507936,0,0
2018-11-07,6578.46,0.0090628118381168,0.0207126241527187,0.009254262316920312,106.14999999999964,104.10642857142855,0.0008616260538043607,0.009581610337451594,-0.0012783372347044998,0.003968253968253968,0,0
2018-11-08,6479.84,-0.0151048566904794,0.0206455146505248,0.010019935516942153,125.77999999999975,107.92714285714283,0.0007460208806609858,0.010942412258291923,-0.001024056625443099,0.003968253968253968,0,0
2018-11-09,6419.99,-0.0092792586330645,0.0209372202703509,0.010260723424062708,120.51999999999953,110.46499999999995,0.0006346698317501117,0.01074860074028373,-0.00043498811311550034,0.023809523809523808,0,0
2018-11-10,6433.05,0.0020322047538421,0.0208505689481701,0.0102361378117748,64.55000000000018,108.26785714285708,0.000570848737951427,0.01133018734277152,-0.00020947091814819963,0.015873015873015872,0,0
2018-11-11,6449.81,0.0026019081873638,0.0205777662686489,0.010263121122628583,107.14000000000033,111.55142857142853,0.0005561926922040883,0.012198334611991213,-0.00030223572050680145,0.003968253968253968,0,0
2018-11-12,6453.07,0.0005053135531554,0.0203446431932561,0.008029355453127619,76.0,103.40785714285708,0.0005830910517033743,0.008708206293244638,-0.0008104559675120998,0.003968253968253968,0,0
2018-11-13,6457.66,0.0007110365089157,0.0201241467918654,0.007973398177903662,106.85000000000036,105.46928571428569,0.0004956213145902459,0.009676506107320085,-0.000727787909765,0.003968253968253968,0,0
2018-11-14,5922.41,-0.086523562421549,0.0199315446866,0.024677603890258786,825.9700000000003,151.39714285714288,0.00046463095036253585,0.03965063917743495,-0.0007810794661186997,0.003968253968253968,0,0
2018-11-15,5753.4,-0.0289524762444326,0.0337020804778159,0.025218523213889017,536.1199999999999,182.97785714285718,0.003489789692691326,0.038076921743098166,0.0130565658272911,0.5436507936507936,1,0
2018-11-16,5655.94,-0.0170846640712269,0.0333853796640969,0.02510476342328666,233.64000000000033,194.51357142857145,0.004686953874156798,0.03583892050950595,0.012448159393746001,0.5158730158730159,1,0
2018-11-17,5628.29,-0.0049006543357936,0.0322763333204322,0.025127034425660107,91.17000000000007,194.24214285714288,0.0053337894074565705,0.035780104737387526,0.011425764372262098,0.45634920634920634,1,0
2018-11-18,5662.0,0.0059715206911761,0.0308533692559856,0.024545694463044457,121.17000000000007,191.04000000000002,0.005641085726110784,0.035780104737387526,0.0102756029873367,0.373015873015873,1,0
2018-11-19,4910.03,-0.142497134922312,0.029583316990044,0.0429832665897128,809.0,243.58500000000004,0.005759746264228753,0.06465310697609042,0.009238673796787899,0.3373015873015873,1,1
2018-11-20,4558.86,-0.0742074594963106,0.0531654464382471,0.04451353346731821,722.2399999999998,289.0214285714286,0.009433519287260559,0.06592317189020974,0.03304129964638171,0.9880952380952381,2,1
2018-11-21,4661.07,0.0221724432431749,0.0551892092553488,0.04542614845091783,373.34999999999945,308.10714285714283,0.011869699063356328,0.06592317189020974,0.0352576645687488,0.996031746031746,2,1
2018-11-22,4370.0,-0.0644820264067629,0.0523140972303576,0.04653462283362521,386.77000000000044,326.74928571428575,0.013033971552215291,0.06954916585625925,0.018612016752541698,0.9841269841269841,2,1
2018-11-23,4420.61,0.0115146865095105,0.0532322936472772,0.047504595362912086,261.0600000000004,336.78785714285726,0.013824192155600335,0.07426841967738408,0.019846913983180295,0.9920634920634921,2,1
2018-11-24,3932.44,-0.1170175972529126,0.0501696155097077,0.052379937092801074,702.31,382.3421428571429,0.013904963037082076,0.08085767217499927,0.0178932821892755,0.9682539682539683,2,1
2018-11-25,4085.78,0.0382525541931375,0.0599360720170767,0.05515010846174916,580.3400000000001,416.14214285714297,0.014499843354360858,0.08085767217499927,0.029082702761091102,1.0,2,1
2018-11-26,3862.2,-0.0562756832527462,0.0575108682893417,0.0546127014742197,505.0,446.78500000000014,0.014246920036478969,0.07850736534593471,0.027927551299297703,0.996031746031746,2,0
2018-11-27,3875.21,0.0033628855807936,0.0568335932509882,0.05475671910837678,250.8800000000001,457.0728571428572,0.013355054851735236,0.07850736534593471,0.0036681468127410938,0.9920634920634921,2,0
2018-11-28,4264.85,0.095807155451606,0.0533734396338422,0.06300026159588222,520.2000000000003,435.23214285714295,0.011560486134634316,0.07744702291560741,-0.001815769621506598,0.9801587301587301,2,0
2018-11-29,4295.84,0.0072401022282448,0.0585718665678446,0.06349782407251385,324.7300000000005,420.13285714285723,0.011345217470836999,0.08206799009466002,0.006257769337487,0.996031746031746,2,0
2018-11-30,4041.32,-0.0610757412843021,0.0550165095966473,0.06437858451902428,398.3599999999997,431.8985714285715,0.010604509044718456,0.0850079369523314,0.001784215949370102,0.9801587301587301,2,0
2018-12-01,4190.02,0.0361341359115137,0.0551604948652489,0.06622320821276537,336.97999999999956,449.4564285714286,0.009378668411447126,0.09179726666348506,0.004990879355541197,0.9801587301587301,2,0
2018-12-02,4161.01,-0.0069476739259819,0.0530571435372258,0.06590653384062475,209.94999999999982,455.79785714285714,0.007257271411744909,0.08502831391811594,-0.0068789284798509015,0.9563492063492064,2,0
2018-12-03,3884.01,-0.0688897081753037,0.049924428392701,0.05801857166100429,352.0,423.15500000000003,0.0029484096887186463,0.07076021643118258,-0.0075864398966407065,0.9365079365079365,2,0
2018-12-04,3951.64,0.0172625575279248,0.0517715139068936,0.05617056996907137,304.0,393.2807142857143,0.0030207741138683413,0.0701692128130493,-0.005062079344094597,0.9484126984126984,2,1
2018-12-05,3769.84,-0.0470981223779816,0.0489940217414693,0.05614957803908175,225.0,382.68428571428575,0.0033385212495709755,0.06735889345497355,-0.004379417892372901,0.9206349206349206,2,1
2018-12-06,3508.75,-0.0717727115470463,0.0484647224861559,0.056673589866369924,399.9899999999998,383.62857142857143,0.0036327498123087908,0.0684041916903201,-0.010107144081688696,0.9166666666666666,2,1
2018-12-07,3403.55,-0.030440844136482,0.0509518562691019,0.05623258321753688,325.3899999999999,388.22357142857135,0.003706459760309583,0.06488507058386389,-0.004064653327545402,0.9404761904761905,2,1
2018-12-08,3410.93,0.0021659768273583,0.0488873092548954,0.04871893415631845,273.0,357.5585714285714,0.0038108632971362846,0.0534354898259028,-0.0062731856103534975,0.9206349206349206,2,1
2018-12-09,3545.37,0.0386575455082756,0.0460369316904581,0.04875000335413373,263.96000000000004,334.96000000000004,0.003804710998785047,0.0534354898259028,-0.007020211846767703,0.8849206349206349,2,0
2018-12-10,3432.88,-0.0322429678784725,0.0450890744014511,0.04740479772051201,239.88999999999987,316.0235714285714,0.003982529642182564,0.050511833779801285,-0.004835353991249895,0.873015873015873,2,1
2018-12-11,3380.39,-0.0154084715606153,0.0437358958310431,0.04731135878843854,155.67999999999984,309.22357142857135,0.004186860196580938,0.04756250947230157,-0.0080356180758505,0.8531746031746031,2,0
2018-12-12,3445.0,0.0189328170116027,0.0415777827732472,0.03757640247656467,142.0,282.2092857142856,0.004745263268197183,0.04756250947230157,-0.007416238968222098,0.8253968253968254,2,0
2018-12-13,3302.06,-0.0423773883271998,0.0397626002224741,0.037632002419415916,204.5,273.62142857142845,0.004734222584379998,0.04701463306467762,-0.008702122263681805,0.7738095238095238,2,0
2018-12-14,3224.17,-0.023870963355657,0.0399512178911068,0.03567940131161485,158.38999999999987,256.4807142857142,0.004840106703342995,0.043118645384252946,-0.0110006383779951,0.7817460317460317,2,0
2018-12-15,3211.72,-0.0038689335989161,0.0385627270412598,0.03264413379190324,120.23999999999978,240.99928571428563,0.00482129530702182,0.04092423104366097,-0.010324582213635601,0.7301587301587301,2,0
2018-12-16,3228.67,0.005263668546469,0.0365689502279669,0.03314995368042078,108.0,233.7171428571428,0.005026272853684197,0.04307571717616379,-0.009467981462491198,0.6468253968253969,2,0
2018-12-17,3509.08,0.0832836071289744,0.0347653283731667,0.039552490539676514,369.0,234.9314285714285,0.005499042262507335,0.03865531140685774,-0.010323746028284404,0.5873015873015873,2,0
2018-12-18,3652.98,0.0401893779867723,0.042246981759468,0.04109026056020127,254.12000000000035,231.36857142857139,0.005023885048084571,0.03865531140685774,-0.001488914071575101,0.8492063492063492,2,0
2018-12-19,3662.22,0.0025262480626864,0.0418907477661086,0.03933944542287251,290.17999999999984,236.02428571428567,0.004751186290758024,0.037293491711323415,0.0003129649928613962,0.8452380952380952,2,0
2018-12-20,4049.62,0.1005535286471595,0.0396064629770621,0.042670681711043226,485.0,242.09642857142853,0.004515511056300674,0.027641483152869833,-0.00015613724541199692,0.7658730158730159,2,0
2018-12-21,3838.66,-0.0534997021897361,0.0491240523764621,0.04475581763391059,375.9899999999998,245.71071428571423,0.00425958020971894,0.032964330945207995,0.009172834485355302,0.9325396825396826,2,0
2018-12-22,3948.91,0.0283162440987361,0.0492342139903281,0.045011902078194964,194.0,240.0678571428571,0.004303595498568484,0.032964330945207995,0.010671486949068304,0.9365079365079365,2,0
2018-12-23,3929.71,-0.0048739596550557,0.0472046698435704,0.044413866778441065,151.5300000000002,232.0371428571428,0.004397910313673451,0.0305745883530525,0.0106357196156035,0.9047619047619048,2,0
2018-12-24,4008.01,0.0197292269795763,0.0445090305028782,0.04299930639809614,273.1700000000001,234.41428571428568,0.004370172114326908,0.030287591499650164,0.009743702129711505,0.8809523809523809,2,0
2018-12-25,3745.79,-0.0676623161360598,0.0424617838889724,0.04750564927680156,373.59000000000015,249.9792857142857,0.004345625775206162,0.04050678383958234,0.0002148021295044003,0.8531746031746031,2,0
2018-12-26,3777.74,0.0084934045765709,0.0454488785040305,0.04739133565373148,180.4100000000003,252.72285714285718,0.0044414060522517665,0.04050678383958234,0.0035581307379219038,0.8928571428571429,2,0
2018-12-27,3567.91,-0.0571459570455612,0.0429507481666701,0.04871105428833002,278.98,258.04285714285714,0.004386087748263198,0.043425442978701496,0.0033442851896079984,0.8611111111111112,2,0
2018-12-28,3839.26,0.0732996495112843,0.0443976969907052,0.05106530699639231,347.21000000000004,271.53000000000003,0.0043508170121788516,0.046356858599028494,-0.0047263553857569,0.876984126984127,2,0
2018-12-29,3695.32,-0.0382124855270991,0.0478598210451624,0.05270912615924325,222.0,278.7985714285715,0.004366486710834093,0.04937614221224162,-0.0013743929451657047,0.9126984126984127,2,0
2018-12-30,3801.91,0.0284364178657821,0.0466699088866367,0.0529117745295763,245.5999999999999,288.6271428571429,0.003957816414881888,0.04937614221224162,-0.0005347609569337011,0.9007936507936508,2,0
2018-12-31,3702.9,-0.0263872755984913,0.0448959923356146,0.04950298141862694,179.67000000000007,275.10357142857146,0.0028876197143874287,0.04634347385254346,0.00038696183273639884,0.873015873015873,2,0
2019-01-01,3797.14,0.0251318553481993,0.0431691903660524,0.04881122448444922,168.15999999999985,268.96357142857147,0.0028326124329963926,0.04634347385254346,0.0007074064770800012,0.8531746031746031,2,0
2019-01-02,3858.56,0.0160459050947938,0.0415359869468806,0.048939713932518336,131.69000000000005,257.64285714285717,0.002863587401112894,0.04634347385254346,-0.003912891557149904,0.8253968253968254,2,0
2019-01-03,3766.78,-0.0240735317857385,0.0395979561607131,0.040596648693839395,132.73999999999978,232.48142857142858,0.0028648053392502904,0.04385990740816108,-0.003352792005956999,0.7619047619047619,2,0
2019-01-04,3792.01,0.0066756964269885,0.0382580225964462,0.03820113578375826,120.06999999999971,214.20142857142858,0.0031039181291643973,0.042038914929258875,-0.006139674394258998,0.7222222222222222,2,0
2019-01-05,3770.96,-0.0055666105661149,0.036330862350658,0.03727159968285213,89.98999999999978,206.77214285714285,0.003383400271414447,0.03897729992072597,-0.011528958694504397,0.6507936507936508,2,0
2019-01-06,3987.6,0.0558599352124264,0.0345528603469556,0.04047069742770699,287.71000000000004,216.4992857142857,0.0038928433264228952,0.042053247756173084,-0.012117048539681097,0.5793650793650794,2,0
2019-01-07,3975.45,-0.0030515969204376,0.0373114736510741,0.04011809348327882,96.36999999999989,203.87071428571426,0.004055019067100662,0.03895082270324481,-0.007584518684540499,0.6984126984126984,2,0
2019-01-08,3955.13,-0.0051244787814734,0.0354172117804882,0.03526230022911064,166.80000000000018,189.09999999999997,0.004391962648064077,0.02944301368188812,-0.007751978585564201,0.623015873015873,2,0
2019-01-09,3966.65,0.0029084392953748,0.0337130723895137,0.035237729646431605,76.76999999999998,181.6971428571428,0.004654207970679455,0.02944301368188812,-0.007822914557366896,0.5634920634920635,1,0
2019-01-10,3585.88,-0.1009179986058939,0.0321343491470882,0.042271214595595276,456.0100000000002,194.34214285714282,0.005089193277063266,0.04307305989108843,-0.007463607013624897,0.45634920634920634,1,0
2019-01-11,3601.31,0.0042937570054668,0.0442213210815177,0.03677804166809361,193.0,183.32714285714283,0.005076881469145184,0.04307305989108843,0.005963298485071503,0.876984126984127,2,0
2019-01-12,3583.13,-0.0050609480499446,0.0417605628441179,0.035490029288113754,88.19000000000005,173.76928571428567,0.004557010411864159,0.04062447988884555,0.0054297004934599005,0.8452380952380952,2,0
2019-01-13,3476.81,-0.0301215133856036,0.0395112733964024,0.03504928807983339,169.79999999999973,168.35499999999996,0.004032422281189938,0.039464769308070226,0.004958413049446796,0.7738095238095238,2,0
2019-01-14,3626.09,0.042039726039837,0.0386051783133994,0.0367740335471999,204.8499999999999,170.15357142857138,0.0036239145384513775,0.04099382500329057,0.0012937046623252985,0.75,2,0
2019-01-15,3553.06,-0.0203457287298025,0.0389177045801252,0.03624564856150808,131.80000000000018,167.55642857142854,0.003351902999129217,0.03901506839727054,0.0035004927996370033,0.7658730158730159,2,0
2019-01-16,3591.84,0.0108554019840863,0.0374281278451319,0.036042593721060584,101.48999999999978,165.39928571428567,0.00319373487073614,0.03901506839727054,0.0037150554556181978,0.7023809523809523,2,0
2019-01-17,3616.21,0.0067619100468476,0.0356755620245757,0.03573588588639621,104.30999999999995,163.36857142857139,0.0031861961292658702,0.0407042812134242,0.0035412128774874943,0.6309523809523809,2,0
2019-01-18,3594.87,-0.0059186868808822,0.0339770471022561,0.03563429158370904,54.25,158.66714285714284,0.0033025705945540947,0.038132827750680505,-0.0102442739792616,0.5634920634920635,1,0
2019-01-19,3665.3,0.0194023581934725,0.0324154334668768,0.036160756442212186,125.76999999999998,161.22285714285712,0.003531580488407933,0.04071137655129578,-0.0093451293772411,0.48412698412698413,1,0
2019-01-20,3539.28,-0.034986870748801,0.0315408054624189,0.032985092252622375,218.73000000000002,156.29571428571427,0.0037651037619585597,0.04004059563384247,-0.007970467933983497,0.42063492063492064,1,0
2019-01-21,3526.9,-0.0035040184843708,0.0321043592875303,0.03297954488401498,84.01000000000022,155.41285714285715,0.0039440938756744245,0.04004522488930026,-0.006500819025869103,0.45634920634920634,1,0
2019-01-22,3570.93,0.012406767923613,0.0306783058055296,0.03344915820549413,173.6500000000001,155.90214285714288,0.004214624242637761,0.0427663085161594,-0.008239398774595601,0.36904761904761907,1,0
2019-01-23,3552.82,-0.0050844117252335,0.0296243771077168,0.03332952966415358,93.48000000000002,157.0957142857143,0.004509604929634073,0.04004458648070764,-0.007803750737415099,0.3412698412698413,1,0
2019-01-24,3569.62,0.0047174932064368,0.0284557129965228,0.019893187258149467,59.7800000000002,128.79357142857143,0.004824143164352465,0.019435272825707475,-0.007219849028052897,0.30158730158730157,1,0
2019-01-25,3565.29,-0.0012137505677216,0.0273951810153839,0.01984923977394218,64.63999999999987,119.625,0.004531382680318469,0.0181850969172164,-0.006581866086872203,0.24603174603174602,1,0
2019-01-26,3565.25,-1.1219346642832306e-05,0.0264017299844666,0.019810093154307516,117.94000000000005,121.75,0.004404344836910908,0.018096853765979356,-0.006013703482410201,0.21428571428571427,0,0
2019-01-27,3550.84,-0.0040499824191346,0.0255058529208566,0.01793341165039838,93.0,116.26428571428573,0.004414958607489068,0.014701469819265232,-0.006034952541562302,0.1626984126984127,0,0
2019-01-28,3434.15,-0.0334147528556272,0.024735528913724,0.016054087979116474,177.48000000000002,114.30928571428574,0.0043873513028997325,0.017781424224850115,-0.007368830373806298,0.1388888888888889,0,0
2019-01-29,3411.04,-0.0067522122258818,0.0262259945151977,0.015378797477686687,93.52999999999975,111.57571428571428,0.0039260666868069964,0.01659067716645377,-0.004452311290331901,0.20238095238095238,0,0
2019-01-30,3458.18,0.0137252089822315,0.0254374839138745,0.015594065136526941,90.90000000000009,110.81928571428573,0.003502291962681814,0.01659067716645377,-0.0041868931938423,0.16666666666666666,0,0
2019-01-31,3434.1,-0.0069875565059227,0.0250189301193231,0.015383270879740025,70.39999999999964,108.39714285714285,0.0031499227199024925,0.015893649881310704,-0.003436782877199701,0.15079365079365079,0,0
2019-02-01,3462.07,0.0081117934654884,0.024366690926452,0.015681107870921772,86.80000000000018,110.72214285714287,0.002911314034461733,0.01663680728953776,-0.0030284900889319018,0.13095238095238096,0,0
2019-02-02,3504.77,0.0122582217154576,0.023821977115503,0.015008750086881855,86.11000000000013,107.88928571428573,0.002777651848272802,0.01663680728953776,-0.0025797528689636,0.12698412698412698,0,0
2019-02-03,3458.11,-0.0134027007412189,0.0235186681792102,0.012368636624733744,85.09000000000015,98.34357142857145,0.0026457545643689346,0.012678071503664694,-0.0019871847416464,0.11904761904761904,0,0
2019-02-04,3463.22,0.0014765950846022,0.0233151695991251,0.01238305138931152,51.570000000000164,96.0264285714286,0.002271783350755993,0.013389937116774955,-0.0014203593145988985,0.11507936507936507,0,0
2019-02-05,3471.59,0.0024139101328835,0.0227522357245853,0.011806696967889635,30.539999999999964,85.80428571428573,0.00199682551349968,0.013389937116774955,-0.003473758790612399,0.10317460317460317,0,0
2019-02-06,3405.37,-0.0192591048398078,0.0222605904886737,0.012666596587894246,102.7199999999998,86.46428571428571,0.0017758763670861597,0.014913857668995794,-0.0031768934252008017,0.09126984126984126,0,0
2019-02-07,3398.4,-0.002048864802381,0.0226425505220073,0.012475990152079371,36.44999999999982,84.79785714285711,0.0015577551127743906,0.014077496035031518,-0.002376379597315799,0.10714285714285714,0,0
2019-02-08,3659.04,0.0738960853005092,0.0221597146923034,0.024190072433814724,360.48,105.9292857142857,0.0014406441044918338,0.014925271610201556,-0.002206976234148599,0.09126984126984126,0,0
2019-02-09,3665.18,0.0016766294399506,0.0318670420874179,0.024184266858386812,54.88999999999987,101.42571428571425,0.002469514842223416,0.015955785942197397,0.008045064971914897,0.47619047619047616,1,0
2019-02-10,3680.06,0.0040516090298634,0.0304474626384818,0.024125880352607258,75.22999999999956,100.1564285714285,0.002928024158560699,0.01715472421636515,0.006928794459271602,0.4126984126984127,1,0
2019-02-11,3631.05,-0.0134071937471524,0.0291834648665154,0.02235930827885534,69.36999999999989,92.43428571428565,0.003142514142353029,0.011753825713417073,0.0058682952673903,0.376984126984127,1,0
2019-02-12,3631.46,0.0001129086226203,0.028329477290094,0.022180342072292268,85.25999999999976,91.84357142857137,0.003243212478519952,0.012516566170199864,0.005577241565508699,0.34523809523809523,1,0
2019-02-13,3609.4,-0.0060932177261587,0.0272408526690678,0.022176828564187907,78.25,90.93999999999993,0.0032818601097137816,0.011693655300513273,0.004980262180394102,0.29365079365079366,1,0
2019-02-14,3590.56,-0.0052333743519312,0.0263303504975868,0.022120595246170344,58.289999999999964,90.07499999999995,0.0032859510704340523,0.011539870788613144,0.003687799975579501,0.25793650793650796,0,0
2019-02-15,3602.47,0.0033115421134244,0.0254953016119762,0.02207546707514771,79.7800000000002,89.57357142857138,0.003267467815449124,0.011539870788613144,0.003335586919672801,0.20634920634920634,0,0
2019-02-16,3618.41,0.004414981523567,0.0247151460797203,0.02191700612943398,50.289999999999964,87.01499999999994,0.0032372115767786255,0.011539870788613144,-0.007151896007697597,0.17063492063492064,0,0
2019-02-17,3667.58,0.0134973411912415,0.0240356133239286,0.021613477417147618,95.71000000000004,87.77357142857136,0.0032128715386390973,0.01112995345676389,-0.0064118493145532,0.15476190476190477,0,0
2019-02-18,3898.6,0.0610854703085461,0.0237733688540437,0.02638109162343877,270.0,103.37571428571421,0.003188184223692701,0.01112995345676389,-0.0054100960124717,0.15079365079365079,0,0
2019-02-19,3907.79,0.0023544824804968,0.0301271741992399,0.02638214379633052,138.51999999999998,111.08857142857134,0.0032540434484081985,0.01112995345676389,0.0017976969091458989,0.4166666666666667,1,0
2019-02-20,3969.74,0.0157286045601736,0.0288749741636148,0.025184971577539142,116.32000000000016,112.05999999999995,0.0030941310912575098,0.007881405339752932,0.0016341214945469994,0.376984126984127,1,0
2019-02-21,3937.31,-0.0082028523513404,0.028173708430835,0.02548132618244843,115.44999999999982,117.70285714285708,0.002867014850556556,0.00882546231419917,0.0018433579332481978,0.3333333333333333,1,0
2019-02-22,3962.0,0.0062511992571216,0.0272236564647836,0.017791274113767734,61.34999999999991,96.33642857142851,0.0024753398854610543,0.00882546231419917,0.001728354852807399,0.2976190476190476,1,0
2019-02-23,4117.76,0.0385603779120558,0.0263186083819232,0.01977304788851712,228.87000000000035,108.7635714285714,0.0021560066797959155,0.00882546231419917,0.0016034623022029015,0.2619047619047619,0,0
2019-02-24,3743.56,-0.0952722958467688,0.0281917898709176,0.03407057881842259,485.34000000000015,138.05714285714288,0.0019676593996339046,0.043332125487106306,0.004156176546989,0.34523809523809523,1,0
2019-02-25,3827.92,0.0222845443890928,0.0404840694920431,0.03422671152456583,132.65999999999985,142.57785714285714,0.004097288352842711,0.0479807582578109,0.0167107006379994,0.8214285714285714,2,0
2019-02-26,3809.23,-0.0048945057545672,0.0389482956949618,0.034293981971035295,64.51000000000022,141.09571428571434,0.005068893636636731,0.04297108059744239,0.008821121495721899,0.7817460317460317,2,0
2019-02-27,3818.07,0.0023179903657055,0.0369337907724969,0.034188131803539794,161.67999999999984,147.05500000000004,0.005516119822306808,0.04794643244366851,0.008058816608882101,0.7063492063492064,2,0
2019-02-28,3813.69,-0.0011478349635982,0.0350665752577999,0.03412049079637901,124.13000000000011,151.75785714285718,0.005651807746799937,0.047878415946795067,0.006892866826964904,0.6428571428571429,2,0
2019-03-01,3823.0,0.0024382303359971,0.0333564348881837,0.03412324762274407,43.98999999999978,149.20142857142858,0.005572299418805903,0.047878415946795067,0.006132778423400098,0.5793650793650794,1,0
2019-03-02,3819.93,-0.0008033568710192,0.0318059598879807,0.03414972651175996,69.05999999999995,150.54214285714286,0.005328394445824738,0.04282526412425146,0.005487351506057496,0.503968253968254,1,0
2019-03-03,3807.75,-0.0031936343297811,0.0303884670235546,0.03407909486556155,53.679999999999836,147.54,0.004951334867055939,0.03911567362066825,0.0021966771526370013,0.44047619047619047,1,0
2019-03-04,3715.3,-0.0245790349029473,0.0291194561925482,0.0302623389389309,159.30999999999995,139.63357142857143,0.004503393165123827,0.03738667542158408,-0.011364613299494897,0.4007936507936508,1,0
2019-03-05,3857.73,0.0376194989760829,0.0290098495458768,0.032188131760026856,173.54999999999973,142.13571428571427,0.004544774819989931,0.03738667542158408,-0.009938446149084998,0.4007936507936508,1,0
2019-03-06,3861.84,0.0010648262502552,0.0302786123863477,0.03184138917068222,93.90999999999985,140.53499999999994,0.004492681077206731,0.03738667542158408,-0.006655178386149201,0.44841269841269843,1,0
2019-03-07,3873.64,0.0030508796229149,0.0290044752343591,0.03181393045247362,65.0,136.93142857142854,0.00444624535202285,0.04024313131217604,-0.006062100023440802,0.4007936507936508,1,0
2019-03-08,3864.89,-0.0022614123687425,0.0278667697696588,0.03174256383158742,132.0,141.97785714285712,0.004397645016069626,0.03726770277859478,-0.005489665118524896,0.3412698412698413,1,0
2019-03-09,3943.04,0.0200187783129752,0.0268331553263765,0.030283576421665983,117.0,133.9871428571428,0.00434918210836939,0.03726770277859478,-0.004972804561604198,0.30158730158730157,1,0
2019-03-10,3916.82,-0.0066718993120851,0.026652698138799,0.014879011504539243,61.73999999999978,103.72999999999992,0.00446925707505867,0.009927419296877604,-0.0037357688847556025,0.2857142857142857,0,0
2019-03-11,3871.61,-0.011609658891011,0.0258172258316619,0.01428608237147662,106.98000000000002,101.89571428571422,0.003979079132564787,0.010152953737938505,-0.0033022303608863032,0.2261904761904762,0,0
2019-03-12,3882.73,0.0028680732654535,0.0252486246410568,0.014197990850425661,79.13999999999987,102.9407142857142,0.0034709318761049885,0.010695149569890244,-0.0037612249048200007,0.20634920634920634,0,0
2019-03-13,3866.0,-0.0043181336802327,0.02448894555817,0.0142743014944231,53.559999999999945,95.21785714285706,0.0030783787872283703,0.010120213984500429,-0.005789666828177699,0.1746031746031746,0,0
2019-03-14,3877.12,0.002872229190487,0.0238321778552586,0.014270564627034953,109.57000000000016,94.17785714285706,0.0028062528352715845,0.010810261815469369,-0.0051722973791005,0.15873015873015872,0,0
2019-03-15,3923.76,0.0119577677765025,0.0232252248717756,0.014559096627084307,67.01999999999998,95.82285714285707,0.0026546886333422537,0.010810261815469369,-0.004641544897883203,0.13095238095238096,0,0
2019-03-16,4005.98,0.020737866966801,0.0229793729697243,0.015371771822016694,135.0,100.53285714285708,0.0025742008973327155,0.011671810352088715,-0.003853782356652201,0.12698412698412698,0,0
2019-03-17,3981.14,-0.0062200342766391,0.0233832896168462,0.015492389350809523,61.98999999999978,101.1264285714285,0.0024958579097601637,0.011873475112907206,-0.0032694085219527984,0.14285714285714285,0,0
2019-03-18,3987.81,0.0016739975925545,0.0228923140136089,0.013308820118038212,83.67000000000007,95.72357142857138,0.002503303199720744,0.006953380627876763,-0.002924911818052999,0.12301587301587301,0,0
2019-03-19,4015.53,0.0069271356323081,0.0223780819918771,0.00952102173377723,61.0,87.68428571428568,0.0024810988580113553,0.006953380627876763,-0.0028705426491797,0.10317460317460317,0,0
2019-03-20,4043.04,0.0068275405848723,0.0220246424082919,0.009561755854311666,69.5,85.94071428571426,0.0021821676736248556,0.006953380627876763,-0.0024643031498781005,0.0873015873015873,0,0
2019-03-21,3980.64,-0.0155542738641596,0.0217102806929895,0.010807147904486747,189.30999999999995,94.81999999999996,0.0019488737919216097,0.008978520165947334,-0.0021218971622690985,0.07936507936507936,0,0
2019-03-22,3986.93,0.0015789007957778,0.0218827879241418,0.010740665457171545,39.75,88.23071428571426,0.00173642961723047,0.009783342581351592,-0.0013424369476338002,0.08333333333333333,0,0
2019-03-23,4006.01,0.0047742223114841,0.0214835118808951,0.009498382352934622,40.81999999999971,82.78928571428567,0.0016036753607735915,0.009783342581351592,-0.0014958610888291986,0.06746031746031746,0,0
2019-03-24,3992.18,-0.0034582858830809,0.0211788501581137,0.009332674810508219,56.01999999999998,82.38071428571425,0.0014130835286756988,0.009444728277075536,-0.0022044394587325024,0.05952380952380952,0,0
2019-03-25,3936.12,-0.0141419810829059,0.0208851972317265,0.009623417924316594,110.59000000000015,82.6385714285714,0.0012748072790272128,0.010111635975672667,-0.002007116781882399,0.04365079365079365,0,0
2019-03-26,3948.55,0.0031529563817773,0.021075994654605,0.009627561425755252,64.98000000000002,81.62714285714284,0.001105990692761538,0.010111635975672667,-0.0013020873372720995,0.05952380952380952,0,0
2019-03-27,4038.05,0.0224134792695753,0.0207899204380987,0.0110015799760826,111.84999999999991,85.79071428571426,0.0010022420374992274,0.011097067541046921,-0.0012347219701932012,0.031746031746031744,0,0
2019-03-28,4027.81,-0.0025390982490289,0.0216992161457008,0.011105152141695093,37.69999999999982,80.65714285714282,0.0008766890672112618,0.009990261777956075,-1.106454728870207e-05,0.0992063492063492,0,0
2019-03-29,4103.25,0.0185565386974424,0.0213306262682087,0.011653719349650963,99.67999999999984,82.98999999999994,0.0008119660460505355,0.009990261777956075,-0.0005521616559330984,0.07539682539682539,0,0
2019-03-30,4106.97,0.0009061877159357,0.0217917067018127,0.010506079861193911,88.0,79.63285714285709,0.0007422926887601603,0.009990261777956075,0.000308194820917599,0.1111111111111111,0,0
2019-03-31,4103.95,-0.0007356057874581,0.0213991710681237,0.010284818185188904,33.54999999999973,77.60142857142851,0.0005777310156881519,0.009600822271372666,0.00022032091001000093,0.0873015873015873,0,0
2019-04-01,4144.56,0.0098467064040015,0.0210521094132659,0.010484494658634517,91.69999999999982,78.17499999999993,0.00046072086431891914,0.009600822271372666,0.0001669121815393998,0.05555555555555555,0,0
2019-04-02,4857.29,0.1586840382572507,0.0209764389041514,0.04303916363014661,757.4499999999998,127.92142857142848,0.00039793046301055845,0.009600822271372666,-9.955575045359974e-05,0.05555555555555555,0,0
2019-04-03,4932.6,0.0153855631843686,0.0541707636192843,0.04299642552897218,521.5100000000002,160.20785714285708,0.008784805020353812,0.009600822271372666,0.0333808431811856,0.9722222222222222,2,0
2019-04-04,4898.66,-0.0069045340747511,0.0511349471018608,0.04259618854216094,262.0799999999999,165.4057142857142,0.011407452988212248,0.007302274943886288,0.02943573095616,0.9444444444444444,2,0
2019-04-05,5004.95,0.0214657243780376,0.0481526168976607,0.04245190720765091,147.60000000000036,173.10928571428568,0.012794230716278363,0.007302274943886288,0.026821990629451998,0.9087301587301587,2,0
2019-04-06,5043.89,0.0077501870687619,0.0458581113601405,0.0423974765955048,276.40999999999985,189.93714285714282,0.013527748030273673,0.007302274943886288,0.0240664046583278,0.8888888888888888,2,0
2019-04-07,5170.27,0.0247473017520114,0.0433125249503021,0.04204708749802546,208.0,200.79285714285712,0.01378490722833047,0.007978977934726834,0.0219133538821784,0.8571428571428571,2,0
2019-04-08,5236.9,0.0128048086853134,0.0416422905211356,0.041044166015077835,266.0,211.8935714285714,0.01373255647817018,0.004268517563985671,0.0205901811078697,0.8293650793650794,2,0
2019-04-09,5150.0,-0.0167330055377341,0.0395772446582898,0.042019292828160214,161.71999999999935,218.80357142857133,0.013440271930225345,0.009146778133692794,0.018600805754138403,0.7936507936507936,2,0
2019-04-10,5308.25,0.0302654994041216,0.0378474956064407,0.04212100050634067,287.0,231.31428571428563,0.012936026009865135,0.009146778133692794,-0.016323268012843603,0.7579365079365079,2,0
2019-04-11,5017.37,-0.0563563220444525,0.037142809809898,0.04651695390077977,405.6700000000001,257.5978571428571,0.012360593397527993,0.02959832011858031,-0.013992137291962796,0.7341269841269841,2,0
2019-04-12,5048.01,0.0060882141842029,0.0394810289424364,0.04657720237258653,219.35999999999967,266.1464285714285,0.011622227131947422,0.02959832011858031,-0.008671587955224297,0.7857142857142857,2,0
2019-04-13,5045.22,-0.0005528458325159,0.037438621819922,0.046612302790061504,95.0,266.6464285714285,0.010723880615818089,0.02647469680235207,-0.008419489540218504,0.7420634920634921,2,0
2019-04-14,5131.3,0.0169177779984988,0.0355207825909327,0.046401011383481294,152.98999999999978,275.1778571428571,0.00959502484873667,0.029597325630907143,-0.0077917423593694,0.6944444444444444,2,0
2019-04-15,5024.95,-0.0209435347386204,0.0341880602800278,0.04743120178825126,217.3800000000001,284.1549999999999,0.00818924130490371,0.028080734980963768,-0.0074542302411078,0.6706349206349206,2,0
2019-04-16,5173.72,0.0291764619150605,0.0332177217900984,0.02366859348550418,193.78000000000065,243.89285714285714,0.006408882993755814,0.028080734980963768,-0.0063595228681914,0.6388888888888888,1,0
2019-04-17,5202.82,0.0056088207220739,0.0329812918964144,0.02346632954998772,83.59999999999945,212.61357142857136,0.005594645193785597,0.028080734980963768,-0.004866203710026301,0.6349206349206349,1,0
2019-04-18,5258.44,0.0106336185308997,0.0315051374729376,0.0233180283208651,88.19999999999982,200.19357142857137,0.004965493969641719,0.031204830533773983,-0.0056376723369604,0.5833333333333334,1,0
2019-04-19,5258.68,4.563987099892586e-05,0.0303007001804012,0.022857113050138846,145.0,200.00785714285706,0.004548278492775896,0.031204830533773983,-0.0091803287620352,0.5396825396825397,1,0
2019-04-20,5291.73,0.0062651798570474,0.0290225344079872,0.022839472669609354,103.31999999999971,187.64428571428562,0.004285042295222662,0.031204830533773983,-0.008416087411934798,0.5,1,0
2019-04-21,5256.14,-0.0067483074901222,0.0279364805148291,0.022117551852729133,149.35000000000036,183.45499999999993,0.004220422643743354,0.02807313822338875,-0.0075843020761036,0.44047619047619047,1,0
2019-04-22,5357.14,0.0190333335347379,0.0269706685906681,0.022429884441017085,191.64999999999964,178.14428571428562,0.004223776852211799,0.02807313822338875,-0.007217391689359698,0.4007936507936508,1,0
2019-04-23,5493.31,0.0251007376438039,0.0267011700956889,0.022582636979659815,267.59000000000015,185.70642857142852,0.004269485079924797,0.030251082518736466,-0.006516551694409501,0.38095238095238093,0,0
2019-04-24,5415.0,-0.0143581077784258,0.026964149720119,0.02181918009117611,248.84999999999945,182.9814285714285,0.004285301018061497,0.02780887352338639,-0.006017142176295398,0.40476190476190477,1,0
2019-04-25,5219.9,-0.0366946358300293,0.0264027583496102,0.01813606480140616,389.84000000000015,181.85071428571422,0.004274023947013859,0.020184788814941467,-0.005102379123327401,0.373015873015873,0,0
2019-04-26,5314.1,0.0178854207536698,0.0280115485371625,0.018568186261706417,348.3800000000001,191.06642857142853,0.003644483068076572,0.020184788814941467,-0.0022891516432387016,0.4603174603174603,1,0
2019-04-27,5295.69,-0.003470383198314,0.027538568780351,0.018635467271497716,84.82999999999993,190.33999999999995,0.0031196984390976417,0.02024285759742206,-0.0014839656276362002,0.44047619047619047,1,0
2019-04-28,5307.52,0.0022314006623673,0.0265506270706545,0.01822860138508486,80.52000000000044,185.16357142857143,0.0027552091383037107,0.02024285759742206,-0.0013858534441745993,0.376984126984127,0,0
2019-04-29,5238.14,-0.0131582093536213,0.0256492289947436,0.017568083972798965,153.19999999999982,180.5792857142857,0.002489735477837971,0.01888583196257696,-0.0013214395959245014,0.30952380952380953,0,0
2019-04-30,5320.81,0.015659073915911,0.0251756228794719,0.016345817972172477,147.82999999999993,177.29714285714277,0.0022467706189887573,0.01888583196257696,-0.0015255472162170013,0.2896825396825397,0,0
2019-05-01,5383.2,0.0116574454890336,0.0249019753829776,0.016527402234720854,85.80000000000018,177.4542857142857,0.0018690089330099689,0.01888583196257696,-0.002062174337141398,0.2698412698412698,0,0
2019-05-02,5492.87,0.0201678947038388,0.0244405364373549,0.01707848649771446,168.0,183.1542857142857,0.0016120783889234406,0.01888583196257696,-0.001962221912255299,0.25,0,0
2019-05-03,5772.69,0.0496872887907073,0.024587710709964,0.021077259530391794,366.4300000000003,198.9707142857143,0.0013924988725232117,0.01888583196257696,-0.0034238378271984997,0.2619047619047619,0,0
2019-05-04,5829.45,0.0097844799029793,0.0285675697377042,0.021093152370992168,312.5500000000002,213.91571428571433,0.0013328700518487854,0.01888583196257696,0.0010290009573532023,0.5277777777777778,1,0
2019-05-05,5775.62,-0.0092770463368783,0.0276286784744884,0.021229518413018997,143.89999999999964,213.52642857142857,0.0013089126760432964,0.01909919987511946,0.0010780514038339004,0.46825396825396826,1,0
2019-05-06,5747.79,-0.0048301768500031,0.0267696971281535,0.021123608997693742,185.85999999999967,213.11285714285714,0.0013036782531645065,0.01754626165194513,0.0011204681334099006,0.42857142857142855,0,0
2019-05-07,5846.34,0.0170003913204936,0.0258812977201273,0.020636818816198787,280.6700000000001,214.04714285714286,0.0013085159979007255,0.01754626165194513,0.0007056748406553993,0.3492063492063492,0,0
2019-05-08,5987.29,0.0238230646299566,0.025607040206774,0.02048253007449555,242.52000000000044,213.59500000000006,0.0013107541027992978,0.018116691357829277,0.0007050648237963975,0.3253968253968254,0,0
2019-05-09,6209.18,0.0363899530850346,0.0259075485618511,0.017543831664474013,240.84000000000015,202.95214285714292,0.00131343566020595,0.008581611592174283,0.0014670121244961982,0.35714285714285715,0,0
2019-05-10,6373.33,0.0260932538043565,0.0275673932790126,0.01787537978383645,296.9200000000001,199.27642857142862,0.0012717927251838118,0.008581611592174283,0.0029796825690486008,0.4801587301587302,1,0
2019-05-11,7076.22,0.1046177708836371,0.0278010383224338,0.029672116748123662,971.1399999999994,262.5842857142857,0.00129479930050395,0.00970451218991489,-0.0007665314152704022,0.49206349206349204,1,0
2019-05-12,6967.31,-0.0155106562893205,0.042496576933654,0.03087618558608174,771.7799999999997,311.96,0.004545074614181629,0.011435833256239546,0.014867898459165602,0.8452380952380952,2,0
2019-05-13,7790.71,0.1117027876830309,0.0404515919706671,0.03795805627760925,1230.0,388.8742857142857,0.005694027254101653,0.010800843418676934,0.013681894842513597,0.8095238095238095,2,0
2019-05-14,7947.56,0.0199329650984001,0.0520332250150697,0.03786517032975024,766.4399999999996,433.06071428571425,0.008400491536317821,0.010800843418676934,0.0261519272949424,0.9484126984126984,2,0
2019-05-15,8169.87,0.0275880335544069,0.0493342317080681,0.037552999257618375,399.0,455.4321428571428,0.009633156418053245,0.010800843418676934,0.023727191501294105,0.9246031746031746,2,0
2019-05-16,7866.59,-0.0378283193193595,0.0472522906343199,0.04167019784124426,615.0,487.3607142857142,0.010157175831907646,0.021100689551480055,0.021344742072468798,0.8928571428571429,2,0
2019-05-17,7355.26,-0.0672089740226802,0.0460982923486631,0.047752122395618296,1012.0,533.472857142857,0.010297708507386219,0.035490851179911305,0.018530899069650497,0.8809523809523809,2,0
2019-05-18,7257.45,-0.0133871760623893,0.0483616482125785,0.0484296254268625,301.3900000000003,532.6757142857142,0.010663104936897743,0.03285630094390437,0.020560609890144698,0.9007936507936508,2,0
2019-05-19,8148.48,0.1158028793232439,0.045743132294904,0.05461910739642372,1032.0100000000002,596.1121428571429,0.010582103452065372,0.03575235791262412,0.0032465553612500003,0.8650793650793651,2,0
2019-05-20,7938.15,-0.026151156161621,0.0565325626013658,0.055787116943880506,603.0299999999997,625.91,0.01113818662885422,0.03755451462008014,0.0160809706306987,0.9841269841269841,2,0
2019-05-21,7904.87,-0.0042012253913874,0.0537222685722237,0.0562501653919295,271.3199999999997,625.2421428571428,0.010891491421084863,0.034325301981041875,0.0016890435571540047,0.9642857142857143,2,0
2019-05-22,7628.43,-0.0355969678252794,0.0505074462155218,0.05827069153102094,551.0,647.2764285714285,0.009993252795354408,0.034509837634449106,0.001173214507453696,0.9246031746031746,2,0
2019-05-23,7851.51,0.0288238125709003,0.0488339876946281,0.05811492921005946,479.97999999999956,664.357857142857,0.008610850593868026,0.034509837634449106,0.0015816970603082028,0.8928571428571429,2,0
2019-05-24,7964.87,0.0143347518386249,0.0468734941883838,0.05805464500042837,364.0,669.1492857142856,0.006896607615796157,0.034509837634449106,0.0007752018397207058,0.8650793650793651,2,0
2019-05-25,8025.41,0.0075721362310279,0.0444085793231255,0.052142309644616344,183.46000000000004,612.8864285714286,0.004309042512369763,0.034509837634449106,-0.0039530688894529944,0.8253968253968254,2,0
2019-05-26,8614.43,0.0708259460692684,0.0419787189907925,0.05409072135573721,906.5799999999999,622.515,0.0043622423396086595,0.03673309542353426,-0.003764413304111501,0.7857142857142857,2,0
2019-05-27,8756.32,0.0163370212380584,0.0455394141067473,0.046464480484911724,319.3199999999997,557.4664285714285,0.0038681194442104654,0.03673309542353426,-0.0109931484946185,0.8412698412698413,2,0
2019-05-28,8715.64,-0.0046566124818134,0.0432585408062831,0.04645754341787202,287.8600000000006,523.2821428571428,0.003939620507732865,0.03405375128522684,-0.010463727765940602,0.8015873015873016,2,0
2019-05-29,8645.68,-0.0080593386534228,0.0408804939701152,0.046194265832949236,343.39999999999964,519.3107142857142,0.0043081020461587065,0.03198155479276917,-0.009626952245406599,0.753968253968254,2,0
2019-05-30,8269.54,-0.0444808894699519,0.0387553049055291,0.04668967631060704,1069.2600000000002,551.7578571428571,0.004855192158694743,0.03303431276947847,-0.010078682789099,0.7063492063492064,2,0
2019-05-31,8555.0,0.0339370225883257,0.0393152446633569,0.042536094218760694,485.5,514.1507142857142,0.005226405511065558,0.024533010915419148,-0.0075582495250269,0.7142857142857143,2,0
2019-06-01,8544.07,-0.0012784322759831,0.0387464831749484,0.042127754181625635,183.63999999999942,505.7399999999999,0.005522735829859797,0.024010409284877708,-0.005662096148177101,0.6984126984126984,2,0
2019-06-02,8725.98,0.0210673076297016,0.0367189664101277,0.02996536260676016,290.78000000000065,452.79499999999996,0.0059825615697936905,0.024010409284877708,-0.0052597525806648004,0.6587301587301587,2,0
2019-06-03,8115.82,-0.0724895393932616,0.035490728701245,0.03567346786004794,720.1500000000005,461.1607142857143,0.00540139021325985,0.035063918432830084,-0.0100486854055023,0.6388888888888888,2,0
2019-06-04,7687.03,-0.0542807502523761,0.0407629303616815,0.038681858415975635,634.7999999999993,487.1235714285714,0.004497226074448198,0.04059397946955174,-0.002495610444601601,0.75,2,0
2019-06-05,7776.5,0.0115718724502418,0.0421961199623286,0.037568260472864504,323.9200000000001,470.9035714285714,0.003827894159595392,0.04136817227826795,0.0013156259922134025,0.7777777777777778,2,0
2019-06-06,7786.7,0.0013107846021931,0.0400454738238833,0.03673215036492767,423.5500000000002,466.8728571428572,0.003243470004904167,0.04136817227826795,0.0012901689183541995,0.7341269841269841,2,0
2019-06-07,7980.53,0.0245876751916984,0.0379086535746017,0.037152452809397385,362.5100000000002,466.7664285714286,0.0028732461336116637,0.04136817227826795,-0.0014065910887552033,0.6706349206349206,2,0
2019-06-08,7893.62,-0.0109499870405738,0.0367777196313215,0.037197207402107,293.64999999999964,474.63714285714286,0.0027825997056257494,0.038522454086740994,-0.001968763543626899,0.6428571428571429,2,0
2019-06-09,7628.13,-0.034212108187754,0.0350868679216065,0.03175003704696954,428.34000000000015,440.4771428571429,0.0029857088879698132,0.03801040092643403,-0.0016320984885212012,0.6111111111111112,2,0
2019-06-10,7982.75,0.0454402335575832,0.035075376432853,0.03435986869487522,509.0,454.02571428571434,0.0026150713663752176,0.03801040092643403,-0.0004153522683919969,0.6071428571428571,2,0
2019-06-11,7884.9,-0.0123334255992251,0.0363128061350378,0.034387600233960224,317.77000000000044,456.1621428571429,0.0023138245406739634,0.03822426254342898,-0.004450124226643697,0.626984126984127,2,0
2019-06-12,8127.64,0.0303210604902535,0.0347105351518061,0.03581040714808553,411.0100000000002,460.9914285714286,0.0023407870714354916,0.040749760799265254,-0.0074855848105225,0.5912698412698413,2,0
2019-06-13,8218.54,0.0111219792041445,0.0343875013378656,0.03406569555533483,299.78999999999996,406.0292857142858,0.0024774580593787707,0.040094163141998755,-0.0056579724860177025,0.5833333333333334,2,0
2019-06-14,8650.0,0.0511667432229892,0.0329230388816536,0.03567639542208255,540.0900000000001,409.9285714285715,0.0026773813504208507,0.040094163141998755,-0.004985614692948101,0.5476190476190477,1,0
2019-06-15,8808.7,0.0181805485249402,0.0353093743706617,0.03596752785613237,297.3600000000006,418.05142857142874,0.0026563754205880417,0.04391723379098231,-0.0014683452606598021,0.6071428571428571,2,0
2019-06-16,8953.33,0.0162856606573651,0.0340624109334934,0.03579666279512196,573.0,438.2100000000001,0.0027477134653680828,0.04391723379098231,-0.0010244569881130983,0.5714285714285714,2,0
2019-06-17,9313.96,0.0394888198146059,0.0328437967726956,0.029943204212331334,494.0,422.0564285714286,0.0029090913140992,0.033124325645255664,-0.0022315796601573984,0.5357142857142857,1,0
2019-06-18,9081.55,-0.0252694670500961,0.0337169873797436,0.025894875454470043,386.3600000000006,404.3107142857144,0.0026808237488217604,0.022809153397522406,-0.002595818755294202,0.5634920634920635,1,0
2019-06-19,9255.49,0.0189720060877576,0.0330994568890832,0.025962927423341137,344.0,405.7450000000002,0.0020400624743628424,0.022809153397522406,-0.0016110782627229009,0.5396825396825397,1,0
2019-06-20,9517.12,0.0278753930477986,0.0321255087043765,0.026057821632956304,414.7999999999993,405.12000000000006,0.00164051133116532,0.022809153397522406,-0.002261992633489099,0.5119047619047619,1,0
2019-06-21,10159.86,0.0653523805016789,0.0319135202138164,0.029360067082521077,657.869999999999,426.21714285714285,0.0014842240974397864,0.022809153397522406,-0.0010095186678371962,0.503968253968254,1,0
2019-06-22,10729.5,0.054552294706573,0.0368040033038638,0.02973794923495863,1238.2800000000007,493.69071428571436,0.0014877921019871697,0.025567738126123566,0.0014946289332020968,0.6428571428571429,2,0
2019-06-23,10906.07,0.0163225577340977,0.0389499883214348,0.025106161624578214,837.4599999999991,522.9135714285715,0.001955708754915082,0.01988289908448355,0.004887577387941398,0.6984126984126984,2,0
2019-06-24,11056.59,0.013707115321818,0.0372606827592189,0.0245980679055253,522.8299999999999,523.9014285714286,0.0020923045242875193,0.01988289908448355,0.004416885986523296,0.6468253968253969,2,0
2019-06-25,11820.86,0.0668391370781122,0.0356212236440431,0.024883089223883315,824.0,560.0607142857142,0.0020566508246406523,0.0252694670500961,0.0019042362642994956,0.6071428571428571,2,0
2019-06-26,13093.8,0.1022730683624324,0.0398909640959455,0.03169291440725728,2229.0,689.9171428571428,0.0025046115861489583,0.0252694670500961,0.0067915072068623,0.7261904761904762,2,0
2019-06-27,11329.99,-0.1446856433038785,0.0496740549043964,0.057343908758209584,2952.9400000000005,879.427857142857,0.004659111240683311,0.1038568277564192,0.0175485462000199,0.9126984126984127,2,1
2019-06-28,12400.63,0.0902940853450076,0.0653473823638786,0.059729670596577605,1497.1200000000008,947.7871428571428,0.009021331190063896,0.1038568277564192,0.0334338621500622,1.0,2,1
2019-06-29,11903.13,-0.0409458870294994,0.0675391280052024,0.06233774971324713,966.5200000000004,995.5842857142858,0.011857657164925114,0.08803228007930876,0.0307351247013386,1.0,2,1
2019-06-30,10854.1,-0.092258501950436,0.0645708174588586,0.06938805996291551,1413.9699999999993,1055.6535714285712,0.013275981850383454,0.0891076290084415,0.025620829137423806,0.9920634920634921,2,1
2019-07-01,10624.93,-0.0213397622385809,0.0671544982720674,0.06955672761469296,1252.2800000000007,1109.8164285714286,0.014412676358620495,0.08026962519212774,0.029893815512848504,0.996031746031746,2,1
2019-07-02,10842.85,0.0203027500310408,0.0632683115112587,0.06887210772892752,1211.75,1168.7728571428572,0.014751766374753837,0.08885032031094127,0.0276470878672156,0.9841269841269841,2,1
2019-07-03,11940.0,0.0963882313799313,0.0596569909845437,0.07243353779994095,1150.8499999999985,1226.405,0.014480179875246166,0.08885032031094127,0.019766026888598194,0.9761904761904762,2,0
2019-07-04,11145.67,-0.068843026289322,0.0637009832210451,0.07596508799755222,945.0,1264.2764285714286,0.014057302423903753,0.08522544214740072,0.014026928316648701,0.9841269841269841,2,0
2019-07-05,10970.73,-0.0158202644789611,0.0635405332703377,0.07460637161848262,610.3899999999994,1260.885,0.013176915831997631,0.07806745023192446,-0.0018068490935408965,0.9801587301587301,2,0
2019-07-06,11256.49,0.0257140340067181,0.0597727204953469,0.07353786792681893,700.4899999999998,1222.4714285714285,0.012300888774468903,0.07806745023192446,-0.007766407509855501,0.9682539682539683,2,0
2019-07-07,11406.24,0.0132157228671605,0.0566629571985646,0.07350063061746281,443.6299999999992,1194.3407142857143,0.011350209963336235,0.07806745023192446,-0.007907860260294004,0.9484126984126984,2,0
2019-07-08,12238.6,0.0704343173873738,0.0533684187155221,0.07565626769980442,1118.0300000000007,1236.8549999999998,0.009960511746822734,0.07806745023192446,-0.013786079556545303,0.9166666666666666,2,0
2019-07-09,12543.41,0.0246005366056962,0.0548659405734007,0.07391964089817202,726.7299999999996,1229.9071428571426,0.007738243732974938,0.07806745023192446,-0.008402370937857999,0.9285714285714286,2,0
2019-07-10,12108.37,-0.0352984790619892,0.0521268885624881,0.06885538547725592,1578.08,1183.412857142857,0.005847864617845519,0.0734974667574854,-0.007530102422055596,0.8928571428571429,2,0
2019-07-11,11342.89,-0.0653058330821103,0.0502674573523033,0.059097005197152254,1111.7299999999996,1051.8978571428572,0.00576817480167587,0.0549598032262346,-0.013433525868741802,0.8690476190476191,2,0
2019-07-12,11757.22,0.0358764040480377,0.0515967026717696,0.054302109817826155,812.0,1002.9607142857141,0.005978612187593943,0.0549598032262346,-0.011943830598568107,0.8809523809523809,2,1
2019-07-13,11355.76,-0.0347424157818494,0.0498318507789096,0.054000204246324054,969.9799999999996,1003.2078571428568,0.005940113094164316,0.0543461519000345,-0.009940869716437296,0.8531746031746031,2,0
2019-07-14,10174.18,-0.1098719657846647,0.048166132854348,0.0563832292884608,1349.0,998.5671428571428,0.006134558684815083,0.058839669887924245,-0.0084968243442166,0.8134920634920635,2,1
2019-07-15,10838.72,0.0632717694580105,0.0570967828031362,0.05893045820789113,1240.0,997.6899999999997,0.0053573893779903965,0.06295416562235329,0.0037283640876141014,0.9523809523809523,2,0
2019-07-16,9439.59,-0.1382123608477421,0.057202788701001,0.0693337420612679,1677.9899999999998,1030.9928571428568,0.004953976780745239,0.07826878460640488,0.002336848127600301,0.9523809523809523,2,0
2019-07-17,9667.92,0.0239006410754587,0.0691801424054644,0.06322318684824678,897.0,1012.8607142857139,0.0060844457771834755,0.07826878460640488,0.017053253842976297,1.0,2,1
2019-07-18,10627.16,0.094599800180406,0.0652223160122295,0.06747842929269288,1536.0,1055.0749999999996,0.006239528124643393,0.07973148294711269,0.014954858659926198,0.9841269841269841,2,1
2019-07-19,10504.29,-0.0116292431172091,0.0680193062986332,0.06742838087623611,647.869999999999,1057.7521428571424,0.006731940669582323,0.07961115370450006,0.016422603626863604,0.996031746031746,2,1
2019-07-20,10740.23,0.022212758971964,0.0638153724067662,0.06731968117039167,718.9899999999998,1059.0735714285713,0.0069581673423676,0.07961115370450006,0.013983521627856599,0.9722222222222222,2,1
2019-07-21,10589.45,-0.0141382816453088,0.0602274241988001,0.06719863908975512,529.8999999999996,1065.235714285714,0.007011518706422597,0.07389906801350385,0.0120612913444521,0.9563492063492064,2,1
2019-07-22,10340.31,-0.023808373187613,0.0566753140271849,0.06365449482798306,583.1599999999999,1027.030714285714,0.006927218941428096,0.06963686560175214,-0.00042146877595130444,0.9206349206349206,2,0
2019-07-23,9864.91,-0.0470658330182462,0.0537442732437599,0.06336232950881529,521.9699999999993,1012.4049999999999,0.006965778966473234,0.06750270533211848,-0.0034585154572410945,0.8888888888888888,2,1
2019-07-24,9763.28,-0.010355606728881,0.0526481800893571,0.06316337596630585,412.0,929.1135714285712,0.006936932879322657,0.06655890708489978,-0.016531962316107297,0.8611111111111112,2,0
2019-07-25,9879.87,0.0118709442370885,0.0496066848270456,0.06182417241330441,454.96999999999935,882.2021428571425,0.006991279062055892,0.06671388646346282,-0.0156156311851839,0.8055555555555556,2,1
2019-07-26,9824.0,-0.0056709823736866,0.0468446155318145,0.060441383470540205,252.97999999999956,842.2721428571424,0.007396225132828685,0.06292685455489935,-0.021174690766818702,0.746031746031746,2,1
2019-07-27,9476.52,-0.0360112111389678,0.044187316574868,0.060477705358643385,855.6599999999999,834.1064285714282,0.007951232905442425,0.06300606063519916,-0.0196280558318982,0.6904761904761905,2,1
2019-07-28,9541.54,0.00683773774319,0.043227375819615,0.05375614296938172,429.9899999999998,768.4628571428568,0.008448982878174043,0.054378332341005794,-0.017000048379185104,0.6746031746031746,2,1
2019-07-29,9507.64,-0.0035592120802121,0.0408824272859453,0.05011049563559295,334.0,703.7485714285712,0.009385478704464779,0.051282108875148155,-0.015792886741239597,0.623015873015873,2,1
2019-07-30,9574.21,0.0069773392066476,0.0386898631105807,0.033743192436329866,312.28000000000065,606.197857142857,0.010324522487734411,0.023890467568249033,-0.015054410133179201,0.5476190476190477,2,0
2019-07-31,10080.53,0.0515328154906118,0.0367309615684317,0.035922773688855526,554.7999999999993,581.7549999999998,0.010244226194717754,0.023890467568249033,-0.015917218520925404,0.49603174603174605,2,0
2019-08-01,10374.99,0.0287922616348197,0.0384779550505089,0.025927756013799656,604.4000000000015,515.2121428571427,0.009971603606168038,0.023890467568249033,-0.0111287297765367,0.5436507936507936,2,0
2019-08-02,10523.75,0.01423650540886,0.0375854258463429,0.02608804460053928,388.64999999999964,496.69642857142844,0.008896151321640554,0.0251589127335972,-0.009259189685471604,0.5317460317460317,2,0
2019-08-03,10816.86,0.0274714203042929,0.0359364210150675,0.026465544375286615,406.84000000000015,474.3999999999999,0.008010805910407344,0.0251589127335972,-0.008250895559800499,0.4801587301587302,2,0
2019-08-04,10929.23,0.0103348234254081,0.0352309977463349,0.026230936137187424,488.0,471.4071428571428,0.007193428390505093,0.026554676994443117,-0.007996378073280103,0.45634920634920634,2,0
2019-08-05,11828.8,0.0790963844212608,0.0336627309161563,0.032121804820291366,1009.7200000000012,501.8757142857143,0.006580108123050669,0.02707052488532348,-0.007219696369789003,0.4087301587301587,1,0
2019-08-06,11481.69,-0.0297836432204263,0.0406408140848209,0.030041048321278945,1104.0,543.4492857142858,0.005639878808594357,0.021614529158021468,0.0019509509742401954,0.6428571428571429,2,0
2019-08-07,11975.03,0.0420700559127755,0.039583734272333,0.030460204375217587,758.3299999999999,568.1871428571429,0.004542939173240759,0.02360455868519657,0.0028527727039013018,0.6111111111111112,2,0
2019-08-08,11999.77,0.0020638344246037,0.0397643810095625,0.0306396720317303,539.0,574.1892857142858,0.0036263528510720143,0.02360455868519657,0.0012864259590536012,0.626984126984127,2,0
2019-08-09,11879.99,-0.0100320107543474,0.0376544882684127,0.030875046995737447,345.6800000000003,580.8107142857144,0.002939701064156889,0.02396446307339387,6.90624220698044e-05,0.5476190476190477,2,0
2019-08-10,11309.31,-0.0492291918738949,0.0358577060260937,0.03265853893353762,715.0,570.7635714285716,0.0025705035817910693,0.029256999019233308,-7.871498897379925e-05,0.4880952380952381,2,0
2019-08-11,11549.97,0.0210565592524236,0.037449476028544,0.032685658798431654,487.8899999999994,574.8992857142858,0.0021136833711182515,0.029256999019233308,0.002218478282209106,0.5476190476190477,2,0
2019-08-12,11396.08,-0.0134134029437902,0.0361461123106118,0.033186898557173564,342.5699999999997,575.5114285714287,0.0019414304778276356,0.029963057897794017,0.0024833813944555028,0.49603174603174605,2,0
2019-08-13,10892.71,-0.0451756784737931,0.0345993211103552,0.03665379930239093,667.7099999999991,600.8992857142857,0.0020357090803737607,0.03356182736358007,-0.006041492974465698,0.44047619047619047,2,0
2019-08-14,10050.37,-0.0804843083964552,0.03588124158014,0.04158031109962382,969.3799999999992,630.5121428571429,0.0020598993856698563,0.04492531798805931,-0.003702492692192999,0.49603174603174605,2,0
2019-08-15,10293.93,0.0239449513819334,0.0425152566737747,0.041339683539163306,549.0,626.555,0.0025108886585443616,0.04492531798805931,0.002750875664212199,0.7301587301587301,2,0
2019-08-16,10331.54,0.0036469512389487,0.0408758951650074,0.04114453793059976,786.0300000000007,654.9392857142857,0.002685382954353757,0.04492531798805931,0.0032214068965946974,0.6825396825396826,2,0
2019-08-17,10216.02,-0.0112442759269626,0.0386846898667319,0.04035428513427269,465.1399999999994,659.1035714285714,0.0026581130412806435,0.041809327255822336,0.002826983840638203,0.5952380952380952,2,0
2019-08-18,10306.78,0.0088448546679575,0.036831465410931,0.040315284630165114,420.0,654.2464285714285,0.0025743857076880624,0.041809327255822336,-0.0006180106176130046,0.5357142857142857,2,0
2019-08-19,10915.54,0.0573855308704942,0.0350766476731212,0.0371592303161237,671.3999999999996,630.0807142857141,0.0024198301334103062,0.041809327255822336,-0.0010694646374906011,0.4603174603174603,2,0
2019-08-20,10760.51,-0.0143045106002492,0.0379602398538536,0.03661507264274553,389.9599999999991,579.0778571428569,0.002294959750667045,0.04062668464924103,0.003360918743498399,0.5873015873015873,2,0
2019-08-21,10142.57,-0.0591415336538005,0.0362791899578899,0.036676136611701354,946.1299999999992,592.4921428571425,0.00226459916781735,0.043375415764643904,0.00039794837774990294,0.5119047619047619,2,0
2019-08-22,10099.88,-0.004217875137602,0.0391890108869074,0.03653078723208555,480.0,588.2778571428569,0.0022260410853353566,0.04091889540803335,-0.003326245786867299,0.6388888888888888,2,0
2019-08-23,10389.55,0.0282769507088378,0.0371457300694794,0.038115103872611134,425.2099999999991,593.9585714285711,0.002227478258030146,0.04325587066073635,-0.003730165095527996,0.5555555555555556,2,0
2019-08-24,10134.35,-0.0248698496385291,0.0363641448164097,0.03669521617238831,529.4200000000001,580.7028571428567,0.002203372306924263,0.04056408334572763,-0.002320545050322205,0.5238095238095238,2,0
2019-08-25,10142.69,0.000822605318163,0.0354187782721451,0.035858672839909955,426.03000000000065,576.2842857142854,0.002272696884462255,0.04056408334572763,-0.0014126871387858952,0.4801587301587302,2,0
2019-08-26,10372.25,0.0223807217641383,0.0336767056872538,0.0368049192852917,466.0699999999997,585.105714285714,0.0024616916013850444,0.043067454538367765,-0.0013999419858674034,0.4126984126984127,1,0
2019-08-27,10185.05,-0.0182130118942378,0.0328559830228568,0.0353132828773461,340.0,561.697857142857,0.0026398392070967197,0.04013283543361744,-0.005104256830996801,0.3888888888888889,1,0
2019-08-28,9721.0,-0.0466324650079528,0.0318639287863601,0.03057301347600901,697.9899999999998,542.312857142857,0.002974272798452099,0.03155805139343539,-0.004415261171529801,0.3611111111111111,1,0
2019-08-29,9498.44,-0.0231609192427768,0.0338095887378828,0.030040432670170487,404.0,531.9557142857141,0.0025614271699839508,0.030634544297298998,-0.0053794221490246,0.43253968253968256,1,0
2019-08-30,9584.54,0.00902380909619,0.0330277360914148,0.030203667923831907,345.59000000000015,500.4957142857141,0.002290960187168074,0.030634544297298998,-0.004117993978064602,0.40476190476190477,1,0
2019-08-31,9587.47,0.0003056539218171,0.031626059333066,0.030188335717156664,263.7600000000002,486.1114285714284,0.0023325543430515296,0.03247277693546599,-0.0047380854833436944,0.35714285714285715,1,0
2019-09-01,9724.98,0.014240795332963,0.0302242624430468,0.030405972294001264,310.0,478.2542857142856,0.0026036627416147497,0.03247277693546599,-0.005194515829098304,0.32936507936507936,1,0
2019-09-02,10340.0,0.0613220361331574,0.0292999045776573,0.031030583379084997,737.5,482.97571428571416,0.002957459310845169,0.03247277693546599,-0.004376801109596498,0.32142857142857145,1,0
2019-09-03,10615.28,0.0262746034943592,0.0341311957886027,0.031864846381962554,501.0,490.9071428571428,0.0027524995266357223,0.03458503932288036,0.001275212765745902,0.4603174603174603,2,0
2019-09-04,10567.02,-0.0045566424327674,0.0335426267873212,0.027197242902056905,429.1100000000006,453.9771428571429,0.0026681254346621964,0.024832074880174505,0.0016786980009610986,0.43253968253968256,1,0
2019-09-05,10564.49,-0.0002394528372153,0.0319984108780263,0.027137550534388436,450.0,451.8342857142857,0.0021839355327499077,0.02477249322707349,-0.0018111778598564957,0.38492063492063494,1,0
2019-09-06,10298.73,-0.0254777906421335,0.0305622477734148,0.027121256551432577,755.8700000000008,475.4528571428573,0.001970388251131023,0.024874474409714516,-0.0024654883179999997,0.3531746031746032,1,0
2019-09-07,10455.88,0.015143912929421,0.0303436625625772,0.026470543430891984,269.4300000000003,456.88214285714304,0.0017656190139506672,0.0248752451213174,-0.0012823967704888029,0.34523809523809523,1,0
2019-09-08,10381.18,-0.0071699481611613,0.02945163917534,0.026589177769390387,384.5,453.9157142857144,0.001676162038120452,0.023188898439023702,-0.0007726232677067978,0.3253968253968254,1,0
2019-09-09,10303.12,-0.0075477894426025,0.0283446772269466,0.025991504253572956,411.5,450.0178571428573,0.0018362779625591653,0.021854759782417403,-0.0009552273507106995,0.2896825396825397,1,0
2019-09-10,10098.15,-0.0200945232351656,0.0273583911951769,0.02609492077793931,431.9899999999998,456.5885714285715,0.002094951235476421,0.022059919149235097,-0.006772804593425798,0.24603174603174602,1,0
2019-09-11,10158.33,0.0059418198083367,0.0271174669626274,0.022497736309863584,413.0,436.232142857143,0.002334481209372704,0.01566859219789874,-0.006425159824693799,0.23809523809523808,1,0
2019-09-12,10415.01,0.0249539763047437,0.0262161874420257,0.021835686384939334,408.8099999999995,436.57571428571435,0.0024540353576511416,0.014036293967651292,-0.005782223436000603,0.19047619047619047,0,0
2019-09-13,10342.06,-0.0070289593231311,0.0265343904928332,0.022117152582215308,286.0,432.3192857142858,0.0024981682888918955,0.013263869071623408,-0.004027857280581602,0.21428571428571427,0,0
2019-09-14,10335.02,-0.0006809472393616,0.0257207759344649,0.02213631135709397,197.65999999999985,427.5978571428572,0.0026539809963748457,0.012409548986501132,-0.004622886628112301,0.17857142857142858,0,0
2019-09-15,10302.01,-0.00319910647538,0.0248959664415627,0.02208894395536594,107.85000000000036,413.1585714285715,0.0028899286730085885,0.011748330995544233,-0.0045556727337772995,0.14285714285714285,0,0
2019-09-16,10251.31,-0.0049335195321074,0.024177881346884,0.014777705835134611,277.0,380.26571428571435,0.003156286361134631,0.011254106564278984,-0.0041667958800626,0.11904761904761904,0,0
2019-09-17,10187.82,-0.0062126131795086,0.0235671135118816,0.012624222164929083,146.98999999999978,354.97928571428577,0.0029905686174732894,0.010892640167978633,-0.0037912776832953014,0.10317460317460317,0,0
2019-09-18,10156.99,-0.0030307507024094,0.0230550378770215,0.012615736409912884,158.02000000000044,335.6157142857143,0.0027580937443922927,0.01084421994210295,-0.0040624290856059,0.0873015873015873,0,0
2019-09-19,10244.29,0.0085583387765773,0.0225366172236115,0.012968712207321665,672.0,351.4728571428572,0.002620210025443254,0.011373261757378513,-0.0036795702184142,0.07142857142857142,0,0
2019-09-20,10168.59,-0.0074169198099944,0.0222210664557823,0.011260692354655847,219.61000000000058,313.16857142857145,0.0025533856563646562,0.008363036012609223,-0.004313324037050901,0.06349206349206349,0,0
2019-09-21,9986.39,-0.0180803913884322,0.0219022904555835,0.011117546782472017,276.7000000000007,313.68785714285724,0.0023959209364456313,0.009659212589030231,-0.0038184854788813997,0.05555555555555555,0,0
2019-09-22,10028.87,0.004244767620694,0.0222391217855738,0.011228454187949188,235.03000000000065,303.01142857142867,0.002182251801029928,0.009873682745597717,-0.0026568446559889006,0.07142857142857142,0,0
2019-09-23,9702.25,-0.0331101162390954,0.0218340050557778,0.013882945674161014,434.21999999999935,304.6342857142858,0.0020360648618288906,0.014192275298568893,-0.0023438762911062,0.051587301587301584,0,0
2019-09-24,8493.14,-0.1330990385485098,0.0238450015933068,0.03714311636946553,1994.9899999999998,416.2771428571429,0.0018282068003120646,0.043961086178565666,0.00027788808142520036,0.14285714285714285,0,0
2019-09-25,8430.05,-0.007456075631163,0.0479873167036882,0.03680626208824043,514.3600000000006,423.51714285714297,0.006670377155639444,0.04197549506320259,0.0249322788266667,0.8452380952380952,2,0
2019-09-26,8063.73,-0.0444264745686595,0.0452641562760316,0.03591644480770477,715.9899999999998,445.4585714285716,0.0085184918346004,0.042185182713059086,0.0227275390524201,0.8134920634920635,2,0
2019-09-27,8177.91,0.0140603881205461,0.0449393459190334,0.036854478986367664,412.85000000000036,454.5192857142859,0.009792397551238449,0.04400998793377777,0.022718279463251098,0.8095238095238095,2,0
2019-09-28,8198.81,0.0025524050416159,0.0426300284330572,0.0369730007276063,313.90999999999985,462.8228571428573,0.010487075097850525,0.04615756246608038,0.020727737977473702,0.7857142857142857,2,0
2019-09-29,8043.82,-0.0190849270546422,0.0402850132090047,0.03677533919507546,339.1299999999992,479.3428571428572,0.010785015523542541,0.046539451959108115,0.018045891423430896,0.7341269841269841,2,0
2019-09-30,8289.34,0.0300662572519421,0.0385985325693132,0.03883975017683044,627.2600000000002,504.3614285714287,0.010827107712677192,0.049029318067602995,0.0167645275135354,0.6746031746031746,2,0
2019-10-01,8292.44,0.0003739043740917,0.037791407974973,0.0389962245381898,326.9499999999998,517.2157142857144,0.010692679392108443,0.05195703719065569,0.013946406381666197,0.6547619047619048,2,0
2019-10-02,8359.94,0.0081069936781918,0.0358431240946586,0.039364544922610885,222.6899999999996,521.835,0.0103640897457502,0.05553259565237246,-0.012144192609029603,0.5714285714285714,2,0
2019-10-03,8223.96,-0.0163994051496114,0.0341588234722681,0.03883035962844664,333.0,497.6207142857143,0.009879172849074296,0.05226856697443786,-0.011105332803763503,0.5119047619047619,2,0
2019-10-04,8137.13,-0.0106143068967714,0.0329361522244268,0.03878733278796694,227.40999999999985,498.17785714285714,0.009271729962779517,0.05233745976822115,-0.012003193694606597,0.4603174603174603,1,0
2019-10-05,8126.19,-0.00134535896116,0.0315923600735984,0.03897302663864888,170.4300000000003,490.5871428571428,0.008550967982482583,0.051947794705233655,-0.011037668359458803,0.4166666666666667,1,0
2019-10-06,7854.25,-0.034037392466411,0.0301965077454473,0.038882662340635366,368.8699999999999,500.14714285714274,0.007819865656032113,0.050273840208523414,-0.010088505463557398,0.38095238095238093,1,0
2019-10-07,8190.09,0.0418701002521793,0.0308574060004588,0.0416279047000515,537.9200000000001,507.55428571428564,0.006849364335862265,0.05202265286205003,-0.0077411265688543986,0.4087301587301587,1,0
2019-10-08,8168.39,-0.0026530597865281,0.0323476441891781,0.022805403095977308,236.25,381.92999999999995,0.005913552558236987,0.02219948183555219,-0.005443763785794899,0.4444444444444444,1,0
2019-10-09,8560.74,0.0469148079862566,0.0308907323485709,0.026309101939327742,555.0,384.83285714285705,0.005323942752433152,0.023564328023271807,-0.004952391746087699,0.40476190476190477,1,0
2019-10-10,8558.03,-0.0003166115348971,0.0330566987472171,0.022851806851298298,229.47999999999956,350.08214285714274,0.004708618136170394,0.016532787711448473,-0.0011021247250509944,0.46825396825396826,1,0
2019-10-11,8258.5,-0.0356270505014109,0.0315241337765305,0.024971077983464613,567.130000000001,361.10214285714284,0.003926206488560261,0.019945607956430016,-0.0014120184478962974,0.40476190476190477,1,0
2019-10-12,8300.09,0.0050233851382497,0.0321601990872556,0.02499389687032955,150.0,349.3942857142857,0.0031805643721782417,0.019945607956430016,0.0005678390136572009,0.4365079365079365,1,0
2019-10-13,8275.01,-0.0030262283956474,0.0307499737206717,0.02436796684155127,291.3700000000008,345.9828571428572,0.0026450487210597762,0.018800072578431856,0.0005534659752244007,0.38492063492063494,1,0
2019-10-14,8348.2,0.0088058170405709,0.0294450268863888,0.02311627847205219,185.85000000000036,314.45357142857154,0.0022732789645851783,0.018800072578431856,-0.0014123791140700018,0.3412698412698413,1,0
2019-10-15,8159.29,-0.0228887913756601,0.0283845864668467,0.023947582807440124,313.0,313.45714285714297,0.001918535141298377,0.019297203603610938,-0.0039630577223313986,0.3055555555555556,1,0
2019-10-16,7991.74,-0.0207486471019961,0.0282299586657994,0.02432774376699986,264.15999999999985,316.4192857142858,0.0017311454063598881,0.019447223346370314,-0.0026607736827714973,0.29365079365079366,1,0
2019-10-17,8070.58,0.0098168425423601,0.0279291948720686,0.02424385610146155,195.89000000000033,306.6257142857144,0.001707238957613113,0.019756867918594243,-0.005127503875148504,0.27380952380952384,1,0
2019-10-18,7947.01,-0.015429593533156,0.027057797669822,0.02441900455638727,298.9899999999998,311.73857142857156,0.0018419899638872155,0.02010642052036161,-0.004466336106708501,0.23412698412698413,1,0
2019-10-19,7948.01,0.0001258255732086,0.0265456442747752,0.024423760818736144,231.1800000000003,316.0778571428573,0.0020545262767613596,0.021320774272233268,-0.0056145548124804,0.20634920634920634,0,0
2019-10-20,8223.35,0.0340560857573049,0.0256351193530337,0.024243170733718095,427.0,320.23000000000013,0.0023533034853986576,0.018815112613564132,-0.0051148543676379984,0.16666666666666666,0,0
2019-10-21,8197.27,-0.0031764966157439,0.027044661483487,0.02156934032760076,190.97000000000025,295.4478571428573,0.002419955039391108,0.017635721453124385,-0.002400365402901797,0.24206349206349206,1,0
2019-10-22,8020.0,-0.0218627501300758,0.0261028329235029,0.02235218383560236,297.9899999999998,299.8578571428573,0.002401817931839267,0.019232428624580834,-0.0022817535433438015,0.19047619047619047,0,0
2019-10-23,7466.62,-0.0714960017050696,0.0261633727203932,0.02495242753014187,747.5900000000001,313.61428571428587,0.0024341962155981665,0.02994581912240855,-0.0020665859454062005,0.19444444444444445,0,0
2019-10-24,7412.41,-0.0072867975758335,0.0338906647491747,0.02481852973924361,165.6900000000005,309.05785714285736,0.002559334549111346,0.030043978731658674,0.0059614698771061035,0.5,1,0
2019-10-25,8655.02,0.1549838768309879,0.0323647021196251,0.049673061545546134,1438.0,371.2628571428573,0.0026409329823503564,0.029271315299336024,0.005306904449803095,0.4365079365079365,1,0
2019-10-26,9230.0,0.0643195490862531,0.0578430590619982,0.05228600292447526,1899.6200000000008,496.2357142857145,0.008233384244969243,0.029271315299336024,0.031297414787223005,0.9444444444444444,2,0
2019-10-27,9529.93,0.0319783238987696,0.0579643730506653,0.0525756884367036,720.6399999999994,526.8978571428572,0.011028203829704599,0.031271440956617554,0.032329253697631594,0.9444444444444444,2,0
2019-10-28,9205.14,-0.0346753487186717,0.0553353341949607,0.05392408694600656,742.1000000000004,566.6300000000001,0.012547733133149632,0.031716913755289955,0.0282906727114737,0.9166666666666666,2,0
2019-10-29,9407.62,0.0217579754892049,0.0531181089312788,0.05333881606257958,478.0,578.4157142857144,0.013362394123532179,0.032784587351475124,0.027015276007775903,0.8928571428571429,2,0
2019-10-30,9154.72,-0.0272504059054217,0.0504022622129108,0.05365607679424602,408.8299999999999,588.7492857142859,0.013669881101547115,0.03345761164751729,0.024238889492517603,0.8650793650793651,2,0
2019-10-31,9140.85,-0.0015162143247948,0.0482009253028837,0.053739674538452166,492.0,609.9000000000002,0.013632167467586302,0.03130132055115906,0.014310260553709,0.8333333333333334,2,0
2019-11-01,9231.61,0.0098800855521599,0.04540219837466,0.05328220948739154,249.0,606.3292857142858,0.013260204857705528,0.03295041510549904,0.013037496255034906,0.7896825396825397,2,0
2019-11-02,9289.52,0.0062534185241691,0.0429374522333315,0.05321376627815542,187.53000000000065,603.2114285714288,0.012649612202606984,0.03295041510549904,-0.0149056068286667,0.7579365079365079,2,0
2019-11-03,9194.71,-0.0102585643510781,0.0406071840732138,0.053063589223217425,296.4300000000003,593.8850000000002,0.011800426213835612,0.031034954349729,-0.017357188977451497,0.7103174603174603,2,0
2019-11-04,9393.35,0.0213736734297729,0.0385573180292173,0.05307237006373246,397.84000000000015,608.6614285714287,0.011001927100171636,0.03315603155895356,-0.016778016165743398,0.6388888888888888,2,0
2019-11-05,9308.66,-0.0090568424357062,0.0371606843378308,0.052594207817980625,279.1900000000005,607.3185714285717,0.010009675301375446,0.03229175824267449,-0.015957424593448004,0.5992063492063492,2,0
2019-11-06,9339.05,0.0032593843323631,0.0353818849686093,0.04712376634835133,190.89999999999964,567.5550000000002,0.008975927610639615,0.01909461221135443,-0.015020377244301504,0.5198412698412699,2,0
2019-11-07,9216.2,-0.0132417288985742,0.0336577650545959,0.04737616251186084,274.0,575.2914285714287,0.00899817049880705,0.019620870089117677,-0.0145431602482878,0.44841269841269843,1,0
2019-11-08,8773.73,-0.0492007755740555,0.0323419041344697,0.02902855128356988,565.0,512.9342857142858,0.009000619924287884,0.025996119423078657,-0.013060294240190305,0.3968253968253968,1,0
2019-11-09,8809.41,0.0040584388196354,0.0345573489150007,0.022688342762740576,155.1200000000008,388.327142857143,0.008570500157521678,0.025996119423078657,-0.008380103318330799,0.4880952380952381,2,0
2019-11-10,9039.47,0.0257800760142608,0.0329151694313583,0.02199624065690582,397.1900000000005,365.22357142857163,0.007848658533747886,0.025996119423078657,-0.007692014641855503,0.4087301587301587,1,0
2019-11-11,8733.27,-0.0344606742025455,0.0324319028322227,0.021973104528478973,453.6399999999994,344.61928571428587,0.007086144458048054,0.02595530728316677,-0.006125415196994603,0.3968253968253968,1,0
2019-11-12,8821.94,0.0101019303164999,0.0328100130090496,0.021136800613604397,320.39999999999964,333.36214285714294,0.00617796228572691,0.02595530728316677,-0.004350671328781197,0.3968253968253968,1,0
2019-11-13,8777.12,-0.005093464866702,0.0314615200899661,0.020114455338215154,142.98999999999978,314.37357142857155,0.0053636839975024116,0.023901896504202807,-0.003920364878643202,0.3412698412698413,1,0
2019-11-14,8646.68,-0.0149729033750016,0.0301177012909534,0.020357701821335658,217.39999999999964,294.7592857142858,0.004587942161887005,0.024556039481391997,-0.003540063763642503,0.3055555555555556,1,0
2019-11-15,8471.73,-0.0204406941361749,0.0292410052393535,0.020383757221158885,390.0,304.83071428571435,0.003959570194122128,0.02408011498584058,-0.0031008988951161977,0.2896825396825397,1,0
2019-11-16,8491.02,0.002274396346749,0.0287954212651719,0.020224846546223897,143.0,301.65000000000003,0.0034335929989518415,0.02408011498584058,-0.005761927649828802,0.28174603174603174,1,0
2019-11-17,8502.4,0.0013393421337379,0.0276706437231693,0.020292928961412104,284.3199999999997,300.78499999999997,0.003121832380647279,0.025449045335182507,-0.005244525708188997,0.24603174603174602,1,0
2019-11-18,8187.17,-0.03778018177778,0.0266503286714523,0.0204045576916317,443.52000000000044,304.04785714285714,0.00300856637146213,0.02729679352613444,-0.005781574160770398,0.1984126984126984,0,0
2019-11-19,8133.64,-0.0065597469673104,0.0283564427467538,0.02042261680051289,215.6299999999992,299.50785714285706,0.002706759104197395,0.02720735971165994,-0.0044535702622958,0.2698412698412698,1,0
2019-11-20,8098.01,-0.004390195356251,0.0273436010091501,0.020151531309621235,225.89000000000124,302.00714285714287,0.0025949884369806126,0.02569305395779459,-0.004117919080815997,0.2222222222222222,1,0
2019-11-21,7627.74,-0.0598267502749312,0.0263889095335018,0.024145501642855248,634.7299999999996,327.7735714285714,0.0026616905921763583,0.03222334188362175,-0.0037287917574516,0.17063492063492064,0,0
2019-11-22,7268.23,-0.0482788066042498,0.0317221505134183,0.02404171069323454,960.0,355.98785714285714,0.0026260441000864484,0.0320680192184968,0.002481145274064799,0.35714285714285715,1,0
2019-11-23,7311.57,0.0059452293799644,0.0339238124416675,0.02415241923667569,264.46999999999935,363.79857142857134,0.002546331184313964,0.0320680192184968,0.005128391176495599,0.4642857142857143,1,0
2019-11-24,6903.28,-0.0574613640096188,0.0323675210313389,0.024034454829434778,469.3900000000003,368.9557142857142,0.0025017154867565125,0.035435898553905526,0.0046968773081695996,0.38492063492063494,1,0
2019-11-25,7109.57,0.029445102813371,0.0358240952050696,0.026830811037252916,862.6899999999996,398.17357142857134,0.002894211618619097,0.035542605101691147,0.0091737665336173,0.5357142857142857,2,0
2019-11-26,7156.14,0.0065289656707854,0.0352904423222864,0.026592761962391267,322.52000000000044,398.32499999999993,0.003132950239959441,0.035542605101691147,0.006933999575532597,0.5079365079365079,2,0
2019-11-27,7508.52,0.0480676463251796,0.033621807920046,0.03145847454024766,815.0,446.32571428571424,0.0032422397914046554,0.03765558991103533,0.006278206910895902,0.42857142857142855,1,0
2019-11-28,7419.49,-0.0119280541190978,0.0354466793510305,0.03144053722575641,283.0,451.01142857142855,0.003494101038412626,0.037519392072592805,0.009057769817528698,0.5198412698412699,2,0
2019-11-29,7739.68,0.0422500214142935,0.0339106581581177,0.03431521086553211,487.6999999999998,457.98999999999995,0.003545737489752892,0.039358818716316135,0.0021885076446994042,0.44841269841269843,1,0
2019-11-30,7541.89,-0.0258875293386271,0.0349439080873475,0.034588450313601464,369.0,474.1328571428571,0.003600466937996201,0.03793741631039392,0.0010200956456800012,0.48412698412698413,2,0
2019-12-01,7390.89,-0.0202246530128569,0.034231421523568,0.03459831049850157,331.8900000000003,477.5307142857143,0.0034634271828002314,0.03639752287046714,0.0018639004922290994,0.4642857142857143,2,0
2019-12-02,7294.28,-0.0131576813605978,0.0332121055705083,0.033691862349168315,269.46000000000004,465.09785714285715,0.0030861823084771924,0.0344299602794177,-0.0026119896345613014,0.4007936507936508,1,0
2019-12-03,7292.71,-0.0002152603115597,0.0319363312310434,0.033758925260100305,158.64999999999964,461.02785714285716,0.0028452684277594457,0.034360532172031846,-0.003354111091242999,0.3253968253968254,1,0
2019-12-04,7194.32,-0.0135833932575391,0.030505856290399,0.03377700299103728,683.0,493.6785714285714,0.0024742283154180066,0.034626660084439806,-0.003115951629647,0.27380952380952384,1,0
2019-12-05,7389.0,0.0267005820099797,0.0295211184770195,0.031492433422477754,335.0,472.2692857142857,0.0018950464260437813,0.030024594603780767,-0.005925560874010999,0.25,1,0
2019-12-06,7527.47,0.0185665881723853,0.029543729939761,0.02894480870298854,285.02999999999975,424.0571428571428,0.002113088598485402,0.02640607906697811,-0.004366928218356703,0.25,1,0
2019-12-07,7488.21,-0.0052292123250605,0.0289367194385344,0.028996619268854322,149.46000000000004,415.84214285714285,0.0023786094752022736,0.024769718769550704,-0.006007188648813101,0.2222222222222222,1,0
2019-12-08,7510.11,0.00292032915209,0.0278378763715019,0.023486214258725564,189.14000000000033,395.82428571428574,0.002725676365794617,0.01514927338915324,-0.0063935451520661,0.18253968253968253,1,0
2019-12-09,7338.64,-0.0230965734506334,0.0268134688993369,0.023652096711442108,377.0,361.13214285714287,0.0029320942598071286,0.01635525563349458,-0.006398636671171399,0.13095238095238096,0,0
2019-12-10,7224.13,-0.0157267278322041,0.0268823609383038,0.02408738678982591,250.5,355.98785714285714,0.0030303181789461064,0.01628661707934828,-0.005053970292739598,0.13095238095238096,1,0
2019-12-11,7210.0,-0.0019578602262306,0.0264080460225447,0.01985483366603335,149.84000000000015,308.4764285714286,0.0032023797262818385,0.015463241185693664,-0.004097810267854302,0.10317460317460317,0,0
2019-12-12,7198.08,-0.0016546275033917,0.025519001711426,0.0196845292042223,214.69999999999982,303.59785714285715,0.0031751238471004126,0.015005257734461552,-0.004002116765593498,0.05952380952380952,0,0
2019-12-13,7258.48,0.0083561167318517,0.0247197883782142,0.015425402689164635,118.28999999999996,277.2114285714286,0.003256685777801118,0.015005257734461552,-0.0048239415615468,0.047619047619047616,0,0
2019-12-14,7064.05,-0.0271518991060126,0.024143749829435,0.015562807326133908,259.77000000000044,269.4092857142858,0.003107459760527823,0.015227078007881192,-0.0047929696090994005,0.03571428571428571,0,0
2019-12-15,7118.59,0.0076911306854512,0.0249990016277505,0.015201456180529491,191.94999999999982,259.4135714285714,0.002779725293541297,0.014566332784466948,-0.002838874743751399,0.06349206349206349,0,0
2019-12-16,6891.72,-0.0323889810780606,0.024370047481961,0.016985217818839948,314.0,262.59499999999997,0.0024742667316221406,0.017592687791549693,-0.002443421417375899,0.04365079365079365,0,0
2019-12-17,6623.82,-0.0396484482259982,0.0257975969559068,0.019397760632699337,382.21000000000004,278.56357142857144,0.0021049522462531236,0.02200372969219941,-0.0010847639823969996,0.09523809523809523,0,0
2019-12-18,7277.83,0.0941604980510639,0.0279230566127207,0.03307892649506104,1005.0,301.56357142857144,0.0018594184379889759,0.022839025020010822,0.001515010590175999,0.21428571428571427,1,0
2019-12-19,7150.3,-0.0176784269841014,0.0400613595827625,0.03253033503374251,341.6899999999996,302.0414285714286,0.004001512110052649,0.0223246134508022,0.014542357871336502,0.7222222222222222,2,0
2019-12-20,7187.83,0.0052350042453159,0.0383290037411643,0.03206285475442947,140.5,291.71785714285716,0.00493843135394834,0.0223246134508022,0.013609215362950098,0.6626984126984127,2,0
2019-12-21,7132.75,-0.007692463798028,0.0363722207012468,0.03208102202316386,85.57999999999993,287.15500000000003,0.005417391931499524,0.022403681813718462,0.012228470871811802,0.6031746031746031,2,0
2019-12-22,7501.44,0.0503981477976758,0.0346311187939388,0.035169682601413385,396.0699999999997,301.93571428571425,0.005644874100896971,0.022403681813718462,0.009632117166188298,0.5119047619047619,2,0
2019-12-23,7317.09,-0.0248822941633743,0.0365932263117567,0.03526268443890534,429.53999999999996,305.6885714285714,0.0059415704972288,0.02261514115947112,0.012223178829795702,0.6031746031746031,2,0
2019-12-24,7255.77,-0.0084156935439843,0.0356236997353182,0.03506881955823486,279.6400000000003,307.77,0.00607287019354814,0.022177304255785856,0.009826102779411396,0.5595238095238095,2,0
2019-12-25,7204.63,-0.0070731394993277,0.0339666206153088,0.03512089887537663,142.91000000000076,307.27500000000003,0.006027238130689932,0.02229272801758649,0.006043564002588101,0.4722222222222222,1,0
2019-12-26,7202.0,-0.0003651096792527,0.0324289847258359,0.035118066777721585,277.8800000000001,311.7878571428572,0.00582954788716779,0.022286236447880848,-0.007632374856926603,0.38492063492063494,1,0
2019-12-27,7254.74,0.0072962831137441,0.0309535136428909,0.03509989616924824,199.4399999999996,317.5842857142857,0.005507096844658677,0.022286236447880848,-0.007375490098273398,0.32142857142857145,1,0
2019-12-28,7316.14,0.0084278181450638,0.0297033866187234,0.034263722450837995,126.34000000000015,308.05357142857144,0.005091821990715239,0.02160110353093849,-0.0066688340825234,0.28174603174603174,1,0
2019-12-29,7388.24,0.0098066804348615,0.0286057855301794,0.034293008268138005,240.44999999999982,311.51785714285717,0.004777272355906844,0.02160110353093849,-0.0060253332637594005,0.24603174603174602,1,0
2019-12-30,7246.0,-0.0194399544474688,0.0276637363641332,0.03343909112089278,188.23999999999978,302.53499999999997,0.004411867971457783,0.01956312578449339,-0.008929489947623503,0.1984126984126984,1,0
2019-12-31,7195.23,-0.0070312860009735,0.0273377604296595,0.031260831225451355,174.98999999999978,287.7335714285714,0.004240761799454484,0.013870682480402269,-0.008285939305658695,0.1746031746031746,1,0
2020-01-01,7200.85,0.0007807681376448,0.026440511438798,0.018228280861399413,79.85000000000036,221.65142857142857,0.004389714555567348,0.013870682480402269,-0.007526109176510799,0.13095238095238096,0,0
2020-01-02,6965.71,-0.0331995343103965,0.0255418618565049,0.01974532013853875,287.7600000000002,217.79928571428576,0.004246131586219863,0.017061832249102446,-0.0068871228693309985,0.07936507936507936,0,0
2020-01-03,7344.96,0.0530148234303009,0.026861475969841,0.024599929902409005,533.96,245.90357142857147,0.003972026715284827,0.017061832249102446,-0.0040920376730499,0.15873015873015872,1,0
2020-01-04,7354.11,0.0012449768838216,0.0308479552816736,0.024457333660753835,131.78999999999996,249.20428571428576,0.003648776610833551,0.018006645433157355,0.0011445686629502003,0.30952380952380953,1,0
2020-01-05,7358.75,0.0006307407470522,0.0295209611887745,0.020147330003945047,177.0,233.55642857142863,0.003455756279357394,0.018006645433157355,0.0009151756585951028,0.26587301587301587,1,0
2020-01-06,7758.0,0.0528344876574404,0.0283176314896117,0.02358462287314614,448.5799999999999,234.91642857142864,0.002937652404186373,0.01658586946497648,0.0006538951254785007,0.21825396825396826,1,0
2020-01-07,8145.28,0.0487140493637152,0.0319278639150958,0.02605115535880031,483.97000000000025,249.51142857142864,0.0024812574507538307,0.017774827693281172,0.004590103485436297,0.3492063492063492,1,0
2020-01-08,8055.98,-0.0110239455899598,0.034152377117922,0.026250665073724623,585.0,281.0892857142857,0.0025085120740412255,0.018172619908106927,0.007711865679124002,0.4801587301587302,2,0
2020-01-09,7817.76,-0.0300166042803073,0.0327067633889511,0.028106176444998722,305.97999999999956,283.09642857142853,0.002536049127860381,0.02259240491433039,0.0071649015324461995,0.38492063492063494,1,0
2020-01-10,8197.02,0.0473726050737361,0.0326113408542889,0.030224745606174046,527.0,306.49357142857144,0.0026537965986722215,0.02259240491433039,0.005749864884447901,0.38095238095238093,1,0
2020-01-11,8020.01,-0.02183100482452,0.0345226476302659,0.03130985466924619,283.1800000000003,317.69642857142856,0.0029820564284439906,0.0224672968657169,0.0036746923485922976,0.49206349206349204,2,0
2020-01-12,8184.98,0.0203610985654769,0.0335728588957822,0.03152036973540431,237.0,317.45,0.0031225102557745185,0.0224672968657169,0.004051897707007701,0.4246031746031746,1,0
2020-01-13,8110.34,-0.009160976526191,0.032632259290246,0.030964023384523028,140.10999999999967,314.01214285714286,0.0031011216525201482,0.021349036796021483,0.004314627800634296,0.373015873015873,1,0
2020-01-14,8810.01,0.0827487842214989,0.031271920209757,0.03641730500461605,774.46,356.8314285714286,0.0029679596793215327,0.02317433602017451,-0.0006559437053388004,0.29365079365079366,1,0
2020-01-15,8821.41,0.0012931461661747,0.039697222832984,0.036402752471094126,352.47999999999956,376.30499999999995,0.003536959309661115,0.02317433602017451,0.005544845715061995,0.7063492063492064,2,0
2020-01-16,8720.01,-0.0115613364781772,0.037589549198357,0.03463839874499923,273.8099999999995,375.3085714285713,0.003378264112166977,0.01852946125830012,0.004882785809405897,0.6388888888888888,2,0
2020-01-17,8913.28,0.0219219147333138,0.0358444490550174,0.033045792664961514,369.2099999999991,363.54071428571416,0.003043418718777651,0.01852946125830012,0.0032331082007285017,0.5595238095238095,2,0
2020-01-18,8915.96,0.0003006297542889,0.0347592857138133,0.03307439434883452,182.5,367.162857142857,0.0029869632304216323,0.01852946125830012,0.00023663808354740246,0.49603174603174605,2,0
2020-01-19,8701.7,-0.0243245203259778,0.0330744412411869,0.03447883544006904,732.9799999999996,406.8757142857141,0.0027647118478839215,0.019614565003686812,-0.0004984176545953026,0.3968253968253968,1,0
2020-01-20,8642.35,-0.0068438722969172,0.0324604993718122,0.03268067570098694,225.70999999999913,390.9564285714283,0.0023235673630880344,0.01834286762796624,-0.0001717599184337948,0.3531746031746032,1,0
2020-01-21,8736.03,0.0107813164886589,0.0310571009689673,0.03052076500471937,301.0,377.8871428571426,0.002395536438648285,0.01834286762796624,-0.00021481924078969872,0.2777777777777778,1,0
2020-01-22,8682.36,-0.0061624719446324,0.0299020874800325,0.03035160126913188,228.0,352.3871428571426,0.0026319389802148974,0.018014574392568254,-0.009795135352951498,0.23412698412698413,1,0
2020-01-23,8404.52,-0.0325237247519218,0.0287275697861073,0.030582828040011036,385.4200000000001,358.06142857142834,0.0029431068675635605,0.018625905051973174,-0.008861979412249699,0.19444444444444445,1,0
2020-01-24,8439.0,0.004094161809796,0.0294461092451904,0.028073091361844684,290.02000000000044,341.1342857142855,0.003125032741771511,0.018625905051973174,-0.006398339809827,0.21825396825396826,1,0
2020-01-25,8340.58,-0.0117310598587625,0.0282787733524834,0.02753604851795744,196.36000000000058,334.93285714285696,0.003356099952152935,0.017277133388207876,-0.006480512361329901,0.1746031746031746,1,0
2020-01-26,8615.0,0.0323721116628252,0.0274458344430207,0.02830176189671307,324.46999999999935,341.1807142857141,0.0036272177610081014,0.017277133388207876,-0.005628606798166201,0.15079365079365079,1,0
2020-01-27,8907.57,0.0333966070332518,0.0283486114355223,0.029093490334193287,465.0,364.3871428571427,0.003774628937026817,0.01828283291270835,-0.004111887936289901,0.19047619047619047,1,0
2020-01-28,9374.21,0.0510608246260293,0.0292239816452607,0.02339653777014107,537.6000000000004,347.46857142857124,0.0038437768271398125,0.01828283291270835,-0.0018331193237066008,0.21825396825396826,1,0
2020-01-29,9301.53,-0.0077833988822249,0.0323462300990176,0.023614998676183187,233.23999999999978,338.95142857142844,0.0031234952658874397,0.017180359110016502,0.0024441426189851026,0.36507936507936506,1,0
2020-01-30,9513.21,0.0225024562789091,0.0309756106930702,0.023666923886592545,373.5599999999995,346.07642857142844,0.0025501257542823222,0.017946627691028096,0.0022480409069629004,0.3055555555555556,1,0
2020-01-31,9352.89,-0.016995972584926,0.0304727621479544,0.023964304138994145,320.2099999999991,342.57642857142844,0.0021062238648601813,0.01781392616141257,0.0010266529027639984,0.2777777777777778,1,0
2020-02-01,9384.61,0.0033857270501318,0.0296670714898041,0.02394740592445842,183.53000000000065,342.6499999999999,0.0017101599203293895,0.01781392616141257,0.0013882981373206996,0.25396825396825395,1,0
2020-02-02,9331.51,-0.0056742682215187,0.0284691210574211,0.02276028725457975,357.03000000000065,315.7964285714285,0.0015275798906435854,0.015408099853883183,0.0010232866144004003,0.20238095238095238,1,0
2020-02-03,9292.24,-0.0042172020351127,0.0274253131702519,0.022665852137451602,384.7900000000009,327.15928571428583,0.001436156489219036,0.015272818959272958,-0.0009232982652704023,0.15079365079365079,1,0
2020-02-04,9197.02,-0.0103001247040772,0.0264595545768084,0.022963350322368754,256.9899999999998,324.01571428571435,0.0015523131541657794,0.014743242357342203,-0.0027644270684522992,0.10317460317460317,0,0
2020-02-05,9612.04,0.0441369607900448,0.0257635769785191,0.02513803119882745,567.2300000000014,348.24642857142874,0.0017643003111291918,0.015588134229004595,-0.006582653120498504,0.07539682539682539,0,0
2020-02-06,9772.0,0.0165046740650947,0.028558986082214,0.022438645120013756,336.21999999999935,344.732142857143,0.0017653290076111905,0.010353234836284116,-0.002416624610856198,0.21825396825396826,1,0
2020-02-07,9813.73,0.0042612721758086,0.0279375529430829,0.022434865964140006,155.0,335.0878571428572,0.0017674013488674584,0.010353234836284116,-0.0025352092048714983,0.1865079365079365,1,0
2020-02-08,9895.05,0.0082522065275583,0.0269210509624523,0.021509075011302708,272.8899999999994,340.55428571428575,0.00182674423668407,0.010055039174877572,-0.0027460205273517994,0.1349206349206349,1,0
2020-02-09,10151.75,0.0256114723204881,0.026102624463794,0.021093402470812483,285.25,337.7528571428572,0.0019231987689150166,0.010055039174877572,-0.002366496593627098,0.08333333333333333,0,0
2020-02-10,9851.83,-0.0299888796895526,0.0264996284672174,0.02281605541506391,432.0,335.39571428571435,0.001994815632761756,0.015301699083631605,-0.0009256847030344982,0.11507936507936507,0,0
2020-02-11,10223.08,0.0369906845059997,0.0272868870717793,0.020970536781921855,623.5900000000001,341.5378571428572,0.0019963006830751415,0.015301699083631605,0.0008273324949709011,0.15873015873015872,1,0
2020-02-12,10326.46,0.0100616239729998,0.0287748385558516,0.020594709220943176,226.92000000000007,341.08642857142866,0.001619112549517676,0.01639677206596624,0.0030112615773325024,0.25,1,0
2020-02-13,10229.63,-0.0094211220322861,0.0278244565470514,0.020569138226553024,420.0,344.4035714285715,0.001365468791198313,0.01545438563031802,-0.0007345295351625994,0.19047619047619047,1,0
2020-02-14,10344.36,0.0111530324716664,0.0269499809932228,0.019586334531794144,270.1899999999987,340.83071428571435,0.0011235024629322598,0.015127227949336417,-0.0009875719498600999,0.14682539682539683,1,0
2020-02-15,9904.72,-0.0434300324484624,0.0262355273471184,0.02382488199857456,574.0,368.7214285714286,0.0009724976811337333,0.022473439306695733,-0.0006855236153338988,0.0992063492063492,0,0
2020-02-16,9917.27,0.0012662706092516,0.0288225419728384,0.0236831784750268,411.8799999999992,372.6392857142856,0.0010109846701480303,0.02448728456068857,0.002719917509044399,0.2698412698412698,1,0
2020-02-17,9706.0,-0.0215334308259418,0.0276887080108245,0.02459940259690598,511.4899999999998,381.6892857142856,0.0010168424758031668,0.026245149555342014,0.0011890795436070994,0.1984126984126984,1,0
2020-02-18,10164.71,0.046177666423226,0.0275152979161397,0.026766300821409322,673.9899999999998,411.47499999999985,0.0009906642129369429,0.028887483478973228,0.00022841084436039938,0.19047619047619047,1,0
2020-02-19,9593.79,-0.0578059032463631,0.0302475717652009,0.029641106949263554,900.0,435.24428571428547,0.0011506913658227164,0.036549881688234497,0.0014727332093492987,0.34523809523809523,1,0
2020-02-20,9596.42,0.0002740980965256,0.0342371778604265,0.02925509249012184,299.0,432.58571428571406,0.0020987057274195983,0.036549881688234497,0.0064127213133751,0.5992063492063492,2,0
2020-02-21,9677.05,0.0083669905196099,0.0325986412656527,0.029335544364244768,205.3000000000011,436.1785714285713,0.0024203631756870908,0.036549881688234497,0.005648660272429898,0.47619047619047616,1,0
2020-02-22,9650.86,-0.002710072225021,0.0312193113387133,0.02921559357505159,149.14999999999964,427.33999999999986,0.0024889478798860295,0.03338366304193447,0.0049837839915948985,0.39285714285714285,1,0
2020-02-23,9936.4,0.0291577514787579,0.0298673074113406,0.02948552378720739,345.0,431.60785714285703,0.0023863042166659743,0.03338366304193447,0.0010447654385021994,0.32936507936507936,1,0
2020-02-24,9656.13,-0.0286118351934252,0.0300720648542297,0.029385417866366143,516.4400000000005,437.6392857142856,0.0022893088917071425,0.03318161628745098,0.0023833568434051995,0.3373015873015873,1,0
2020-02-25,9315.84,-0.0358767697148394,0.03019659925511,0.028495943519088754,425.0,423.4542857142856,0.002229798686993502,0.03357988462895481,0.0026813013389703003,0.3492063492063492,1,0
2020-02-26,8785.25,-0.0586419982891648,0.0310642398881189,0.031187558075033685,743.8100000000013,460.375,0.002260495482647047,0.03763665853460529,0.0008166681229179983,0.40476190476190477,1,0
2020-02-27,8823.21,0.0043115705524741,0.035004393851103,0.03147415192266604,440.77000000000044,461.85857142857145,0.002611477266729514,0.04007740187055292,0.0007672159906765008,0.626984126984127,2,0
2020-02-28,8692.91,-0.014877998499184,0.0333255466983163,0.03085530047926234,455.0,475.05928571428586,0.0025712136542495848,0.03785621122120898,0.0007269054326635993,0.5357142857142857,1,0
2020-02-29,8523.61,-0.019667790863485,0.032113514823283,0.02964845732417528,266.4500000000007,453.09142857142876,0.0022697879078200454,0.035294114422899175,0.0008942034845697,0.4523809523809524,1,0
2020-03-01,8531.88,0.0009697757904518,0.0312882781401343,0.029639336264092986,339.0,447.8857142857145,0.00218195798360151,0.035294114422899175,0.001420970728793703,0.4166666666666667,1,0
2020-03-02,8915.24,0.0439524360599534,0.0299191857585501,0.03280458852562038,467.75,444.76142857142884,0.001979963522339202,0.03684273035492111,-0.00015287909567960126,0.3373015873015873,1,0
2020-03-03,8760.07,-0.0175582760885877,0.0318544009145534,0.029223033735866825,268.64999999999964,415.80857142857167,0.0016481007191231506,0.035017853516529696,0.001657801659443403,0.4444444444444444,1,0
2020-03-04,8750.87,-0.0010507717856942,0.0309315654508372,0.025924596674498233,188.29000000000087,364.9721428571432,0.00161330907209403,0.02843761195683185,-0.00013267443728169973,0.3968253968253968,1,0
2020-03-05,9054.68,0.0341286271212748,0.0295959974509663,0.028099669749197382,412.8799999999992,373.1064285714288,0.0015245541160563085,0.02843761195683185,-0.005408396400136701,0.32142857142857145,1,0
2020-03-06,9131.88,0.0084898368572101,0.0303587698084091,0.028103898187151963,184.5,371.6207142857144,0.0015020205365722575,0.02843761195683185,-0.0029667768899071974,0.373015873015873,1,0
2020-03-07,8886.66,-0.0272203120821181,0.0291982581524193,0.028763537467445494,353.0,386.18142857142874,0.001594387198595498,0.030006630702316947,-0.0029152566708636994,0.2857142857142857,1,0
2020-03-08,8033.31,-0.1009546286346587,0.0293117424713491,0.03653710176026177,886.7600000000002,424.87857142857166,0.0016327136585557933,0.04396339402983614,-0.0019765356687852023,0.30158730158730157,1,0
2020-03-09,7929.87,-0.012960005190207,0.0424950187733426,0.03633359343756791,547.3000000000002,427.08285714285734,0.0034472884160799593,0.043133313695253334,0.012575833014792502,0.8412698412698413,2,0
2020-03-10,7894.56,-0.0044627273908268,0.0403607089522046,0.03584996468500612,420.9899999999998,426.79642857142875,0.004073447392711444,0.04146902201723244,0.008506308037651199,0.8253968253968254,2,0
2020-03-11,7934.52,0.0050489459763713,0.0382212345345033,0.033409965471489424,390.0,401.5242857142858,0.004304367583549706,0.03879148443963728,0.007289669083666104,0.7777777777777778,2,0
2020-03-12,4800.0,-0.5026069427414583,0.0362710954735025,0.13626207310385427,3556.17,624.0528571428573,0.004359502089561191,0.17148112076589933,0.006675098022536196,0.7222222222222222,2,1
2020-03-13,5578.6,0.1503219309423453,0.1622841977180704,0.14575229645896398,2172.87,746.7578571428572,0.0347670243731698,0.18180711556922724,0.1319254279096613,1.0,2,1
2020-03-14,5172.06,-0.0756667870857956,0.1585519826935507,0.14616499320200918,585.3900000000003,769.5392857142857,0.0463650678172358,0.18363321419451065,0.1293537245411314,0.996031746031746,2,1
2020-03-15,5361.3,0.0359354212183298,0.1497347461488645,0.14713498421028395,846.8999999999996,805.8178571428572,0.05276350996888542,0.18363321419451065,0.1204230036775154,0.9920634920634921,2,1
2020-03-16,5028.97,-0.0639912912173663,0.1400761961356324,0.1456020685653837,923.3000000000002,838.3571428571429,0.05605407311774551,0.17444010248504022,0.0975811773622898,0.9880952380952381,2,1
2020-03-17,5312.64,0.0548736950731196,0.1321837745462351,0.14776592316004056,603.5500000000002,862.2785714285716,0.05749936181318499,0.18491749887981088,0.09182306559403049,0.9841269841269841,2,1
2020-03-18,5393.04,0.015020346505171,0.1245024592927464,0.14811799966927625,426.8000000000002,879.3149999999999,0.05742489809625492,0.19768472266081136,0.0862812247582431,0.9801587301587301,2,0
2020-03-19,6162.37,0.1333522104619646,0.1162470176323619,0.15391862976834944,1147.4700000000003,931.7857142857143,0.056035355950181984,0.19768472266081136,0.0799759221588594,0.9761904761904762,2,0
2020-03-20,6208.36,0.0074353270786886,0.1163503222810701,0.15389992653314571,1230.0,1006.4642857142857,0.053922738330976126,0.19768472266081136,-0.045933875437000296,0.9761904761904762,2,0
2020-03-21,6186.98,-0.0034496869311269,0.1085972582247088,0.15403505741901655,596.9599999999991,1023.89,0.0506614042343253,0.19742112420061703,-0.0499547244688419,0.9682539682539683,2,0
2020-03-22,5816.19,-0.0618016757608739,0.1013722154394436,0.15291824085965947,673.8599999999997,1008.6828571428571,0.04645030149598533,0.1951019191706656,-0.04836253070942091,0.9642857142857143,2,0
2020-03-23,6467.31,0.1061148487906944,0.0966413846751761,0.1567862582380093,912.0,1034.732857142857,0.042988423783048194,0.21066772823335184,-0.0434348114604563,0.9603174603174603,2,0
2020-03-24,6744.72,0.0419997195777845,0.0962695071079353,0.15750657896881562,461.6700000000001,1037.6385714285714,0.03851901126302961,0.2307663035966228,-0.035914267438299785,0.9563492063492064,2,0
2020-03-25,6677.43,-0.0100267935849309,0.0908855075623554,0.15743814004874454,507.96000000000004,1046.0642857142855,0.03284309760941644,0.21069961674060944,-0.033616951730391004,0.9523809523809523,2,0
2020-03-26,6737.36,0.0089349738165953,0.0849739568834371,0.06994948576774651,270.0,811.3378571428572,0.0254462756059334,0.05244469863756049,-0.03127306074892479,0.9484126984126984,2,0
2020-03-27,6359.11,-0.0577797263454424,0.079478261753545,0.06284059379558696,581.5900000000001,697.6750000000001,0.02444180870725404,0.05337091725599393,-0.036872060527525105,0.9444444444444444,2,0
2020-03-28,6236.65,-0.0194452512064025,0.0765330158861084,0.0586458427479449,336.0,679.8614285714286,0.022707212320245817,0.0442405997154007,-0.03206424233860039,0.9404761904761905,2,0
2020-03-29,5881.42,-0.0586449498930345,0.0718611976201541,0.061236766939968316,399.4399999999996,647.8999999999999,0.021221578329725512,0.046571932269227206,-0.029511017819289498,0.9365079365079365,2,0
2020-03-30,6394.38,0.0836212502344455,0.0697671935284187,0.060851616562009506,741.2399999999998,634.8957142857142,0.019943676357770508,0.04298784474585156,-0.026874191146757404,0.9325396825396826,2,0
2020-03-31,6410.44,0.002508431734471,0.0704554798961431,0.05995778183122078,201.82999999999993,606.2014285714284,0.018465918334094656,0.04298784474585156,-0.025814027211792198,0.9325396825396826,2,0
2020-04-01,6642.92,0.0356237145363387,0.0659709779267379,0.06025229387375713,529.8299999999999,613.5607142857142,0.017414634062219096,0.04298784474585156,-0.024914529635617508,0.9246031746031746,2,0
2020-04-02,6794.09,0.0225014907744629,0.0628269390219717,0.04987758916805679,647.0,577.8128571428571,0.016817441999655375,0.04298784474585156,-0.022147017861465404,0.9206349206349206,2,0
2020-04-03,6734.1,-0.0088689459898123,0.0593300338507849,0.05005593469474326,445.89999999999964,521.8057142857141,0.015533500321034607,0.03993993164442758,-0.0201482279027601,0.9166666666666666,2,0
2020-04-04,6856.99,0.0180843992939756,0.0557401300687749,0.05008048447833303,340.39999999999964,503.4799999999999,0.014730726945547211,0.043117062822058516,-0.020792885817333503,0.9047619047619048,2,0
2020-04-05,6772.78,-0.0123569321457086,0.0526629705755468,0.04644024299241382,218.01999999999953,470.9199999999999,0.014353534927483683,0.035326414299617935,-0.019198227044607295,0.8928571428571429,2,0
2020-04-06,7329.9,0.0790502354489586,0.0496658787575127,0.04257303763070874,590.1400000000003,447.9299999999999,0.01409510621304871,0.035326414299617935,-0.020101314770906,0.8849206349206349,2,0
2020-04-07,7197.32,-0.0182531387327955,0.0529868145254895,0.0420161059768277,382.6899999999996,442.2885714285713,0.012673372921990122,0.033425632502207,-0.017468665370653606,0.8928571428571429,2,0
2020-04-08,7361.28,0.0225250961552418,0.0501432330297521,0.04204275998260062,270.0,425.2914285714284,0.011478945111133069,0.035871004464175446,-0.015827744896985796,0.8809523809523809,2,0
2020-04-09,7283.54,-0.0106168229061829,0.0477213089378043,0.04229623192108886,263.84000000000015,424.85142857142847,0.010644472339904966,0.03345165102958217,-0.015105630084167397,0.8650793650793651,2,0
2020-04-10,6858.92,-0.0600670128155957,0.0450826829483651,0.042563320978376666,555.7700000000004,423.00714285714275,0.01020982977053026,0.03402234548954417,-0.014247350902419798,0.8531746031746031,2,0
2020-04-11,6876.83,0.0026077950093572,0.0465621193198578,0.04197696200136876,184.30000000000018,412.17142857142846,0.009440459213589384,0.03588064044808669,-0.009178010748917102,0.8611111111111112,2,0
2020-04-12,6903.79,0.0039127462183152,0.0438988265887271,0.03755010839572539,397.0,411.9971428571428,0.009049515028239714,0.029275559792539308,-0.008764143986819704,0.8412698412698413,2,0
2020-04-13,6837.91,-0.0095884067817433,0.0414606345302633,0.03155352043752251,328.78999999999996,382.53642857142853,0.008700183338021103,0.027009965909039643,-0.0082052442272494,0.8214285714285714,2,0
2020-04-14,6868.7,0.0044927304111475,0.0393203996079811,0.03154693852576425,223.72000000000025,384.09999999999997,0.007885537758420803,0.027009965909039643,-0.013666414917508397,0.7857142857142857,2,0
2020-04-15,6621.24,-0.0366921962118258,0.0372691660504253,0.032051353733529325,328.0,369.6835714285714,0.007397267156372171,0.028594571945668355,-0.012874066979326797,0.7420634920634921,2,0
2020-04-16,7101.94,0.0700853225741777,0.0372122073909611,0.03681647547300338,721.7299999999996,375.02142857142854,0.006835395180913228,0.028594571945668355,-0.010509101546843203,0.7420634920634921,2,0
2020-04-17,7027.55,-0.0105298474818269,0.0416659044843079,0.036860886468073936,175.14000000000033,355.68142857142857,0.005975562621176737,0.028674942516600386,-0.0034167784640571977,0.8214285714285714,2,0
2020-04-18,7248.6,0.0309702080924694,0.0395320080688966,0.03742187109367288,278.6800000000003,351.27285714285716,0.005451589467140701,0.028674942516600386,-0.007030111250961202,0.7896825396825397,2,0
2020-04-19,7120.74,-0.0177966941638985,0.0386903493740377,0.03763205367573576,210.54999999999927,350.73928571428576,0.0051432568476446495,0.029080663308956072,-0.005208477214689394,0.7777777777777778,2,0
2020-04-20,6826.83,-0.0421512156093069,0.0370928694043164,0.03252951299107292,469.0,342.0864285714286,0.00511110562340963,0.03101717231382546,-0.004367765125946901,0.7261904761904762,2,0
2020-04-21,6841.37,0.0021275669780447,0.0376327897399317,0.03235012029178891,178.0,327.46571428571434,0.00433645119253835,0.032433102034728226,-0.0016876098680494028,0.746031746031746,2,0
2020-04-22,7125.14,0.0406413711082045,0.0357041926505873,0.03380607500441664,338.3800000000001,332.35,0.0038547558609611137,0.032433102034728226,-0.0015649733998380003,0.6825396825396826,2,0
2020-04-23,7482.39,0.0489228845832485,0.036278069987369,0.03633381672962208,718.0,364.79,0.00342512996850216,0.03476258962482608,-0.0009341374035920988,0.7023809523809523,2,0
2020-04-24,7505.0,0.0030172054176969,0.0377593909573914,0.031666481666930445,227.96000000000004,341.375,0.003102701640398315,0.026991034792891725,-0.003906513526916504,0.753968253968254,2,0
2020-04-25,7538.67,0.004476308802495,0.0358263010396971,0.03165306791929599,273.9300000000003,347.77714285714285,0.0024187992649775045,0.026991034792891725,-0.0037057070291994995,0.6904761904761905,2,0
2020-04-26,7693.1,0.0202780493344985,0.0340768416778127,0.031849226209314324,220.0,335.13428571428574,0.0021495131386965864,0.026991034792891725,-0.004613507696225004,0.6150793650793651,2,0
2020-04-27,7774.62,0.0105407590504054,0.0330771923003357,0.031459115713406184,186.02000000000044,324.9364285714286,0.0022245897642355116,0.029793632924432347,-0.004015677103980701,0.5674603174603174,1,0
2020-04-28,7738.98,-0.0045946863010595,0.0317174711118776,0.03165618394875825,120.88000000000011,317.59071428571434,0.002574046461122969,0.026727339536693213,-0.005915318628054098,0.4603174603174603,1,0
2020-04-29,8778.57,0.126043628251022,0.0303417342010261,0.0419735755115067,1242.8399999999992,382.93642857142856,0.0030702992509660243,0.02358726420497562,-0.005362458449561201,0.376984126984127,1,0
2020-04-30,8620.0,-0.018228439547185,0.0492555063703615,0.04050123940229695,1059.0,407.02714285714285,0.004657010360206315,0.022617303725363355,0.0129774363829925,0.873015873015873,2,0
2020-05-01,8826.96,0.0237255898013035,0.046726385436847,0.03994687211173765,445.6200000000008,426.3471428571429,0.005207044586177334,0.024732743736978206,0.0089669944794556,0.8571428571428571,2,0
2020-05-02,8972.05,0.0163035150589738,0.0446739500801204,0.03972378377806204,257.0,424.79857142857145,0.005539146090382888,0.024732743736978206,0.008847649040423303,0.8333333333333334,2,0
2020-05-03,8894.16,-0.008719307953239,0.0424672985020858,0.0392139465345292,488.0,444.6164285714286,0.005677397950088519,0.023484774105025027,0.008390456824273099,0.8134920634920635,2,0
2020-05-04,8871.96,-0.0024991401110145,0.0402217768913961,0.03600004621381416,428.0,441.68785714285724,0.005698579681528244,0.010436225167756065,0.0071445845910603975,0.7896825396825397,2,0
2020-05-05,9021.83,0.0167514545084088,0.0380761238142776,0.03569251956851748,358.5799999999999,454.58642857142866,0.005696006586447411,0.010436225167756065,0.006358652702399999,0.75,2,0
2020-05-06,9142.92,0.0133326133006921,0.0364881871196985,0.03520654740599689,488.7900000000009,465.3300000000001,0.005672326071808173,0.010436225167756065,0.006146452918672399,0.7103174603174603,2,0
2020-05-07,9986.4,0.0882443580739771,0.0349062867651171,0.03921930454347522,1046.0,488.75857142857154,0.005722609890772418,0.010436225167756065,-0.0143492196052444,0.6507936507936508,2,0
2020-05-08,9800.01,-0.0188407612705354,0.0433363394576075,0.040391489574292234,330.9599999999991,496.1157142857143,0.005877236441500331,0.012574843683018307,-0.0033900459792394963,0.8253968253968254,2,0
2020-05-09,9539.4,-0.026952815683586,0.0413550374791182,0.04210149214231825,394.25,504.71000000000004,0.005858151593065378,0.015901193569116578,-0.0033189126010021996,0.7976190476190477,2,0
2020-05-10,8722.77,-0.0894937423726656,0.0400209731867272,0.05074174514045583,1457.83,593.1264285714286,0.005682651381957443,0.03689021872955356,-0.0024463253153585995,0.7738095238095238,2,0
2020-05-11,8561.52,-0.0186591035445111,0.0472498370742349,0.05126969164163304,968.0,648.9821428571429,0.005717333293648503,0.03513257002142904,0.007028060182838802,0.8571428571428571,2,0
2020-05-12,8810.79,0.0286993622730982,0.0449115876137392,0.051467952367398595,449.47999999999956,672.4535714285713,0.005226741727483941,0.037518126415830695,0.006835463799461601,0.8293650793650794,2,0
2020-05-13,9309.37,0.0550443130698781,0.0433298247906484,0.04163463451691474,605.0100000000002,626.8942857142857,0.004148537261429322,0.037518126415830695,0.0068416376709498974,0.8134920634920635,2,0
2020-05-14,9791.98,0.0505422634578422,0.0444527936175598,0.04282560042044295,682.2399999999998,599.9828571428571,0.003709702153055691,0.03983506131528353,0.009546506852442696,0.8214285714285714,2,0
2020-05-15,9316.42,-0.0497852485514478,0.0448801651738029,0.045328559416223664,695.6200000000008,617.84,0.0035591141038532905,0.041403180749592226,0.0015438257161954003,0.8253968253968254,2,0
2020-05-16,9381.27,0.0069367135766444,0.0451639540943207,0.04519962507646001,368.0,625.7685714285715,0.0035909324488560576,0.041403180749592226,0.0038089166152025025,0.8373015873015873,2,0
2020-05-17,9680.04,0.0313508852019328,0.0426612458355728,0.045654163203563636,565.8999999999996,631.3328571428572,0.0035935852890382233,0.04457865203229833,0.0026402726488456013,0.7936507936507936,2,0
2020-05-18,9733.93,0.0055516865857843,0.0415017365417063,0.04558888024776769,485.77000000000044,635.4592857142858,0.003562866595896021,0.0488206751301248,-0.005748100532528597,0.7738095238095238,2,0
2020-05-19,9775.53,0.0042646042532918,0.0392806187790781,0.04549753770673072,423.2099999999991,640.0757142857143,0.003473629803466316,0.0488206751301248,-0.005630968834661104,0.7261904761904762,2,0
2020-05-20,9511.43,-0.0273880910636208,0.0372300919748457,0.046269272318925705,516.0,642.0192857142856,0.0033858177992935204,0.04594815762159769,-0.0060997328158027,0.6785714285714286,2,0
2020-05-21,9068.65,-0.0476708225752595,0.0363712450685892,0.04091658253635677,763.4699999999993,621.8385714285713,0.0031593629941749457,0.04619818558267195,-0.008081548548970599,0.6507936507936508,2,0
2020-05-22,9170.0,0.0111138755568251,0.0376776131345303,0.041026390493639917,337.47999999999956,622.3042857142856,0.0033672432168591264,0.04930336731682006,-0.0072025520392726,0.6904761904761905,2,0
2020-05-23,9179.15,0.0009973214844727,0.0359104944055749,0.04053981152184123,237.85000000000036,611.132857142857,0.003725781903458092,0.052646895253927975,-0.009253459688745802,0.6349206349206349,2,1
2020-05-24,8720.34,-0.0512763797663939,0.0341258557724894,0.035182137836608354,598.0,549.7164285714285,0.004204994170376324,0.04117915758602336,-0.008535390063083396,0.5515873015873016,2,0
2020-05-25,8900.35,0.0204323738210963,0.0363018073744185,0.03514026759774103,336.9400000000005,504.64071428571424,0.003975746342730079,0.04508451217543542,-0.005199929167287801,0.6428571428571429,2,0
2020-05-26,8841.18,-0.0066702499033191,0.0350791594394095,0.03439643763068199,317.6700000000001,495.2257142857143,0.0039614198928770725,0.04043499767815171,-0.0042014593396685965,0.5912698412698413,2,0
2020-05-27,9204.07,0.0402254256289289,0.0334322551031505,0.032769951138375004,413.27000000000044,481.53000000000003,0.004118685680033991,0.04043499767815171,-0.003797836871695194,0.5079365079365079,1,0
2020-05-28,9575.89,0.0396027036055759,0.0343002757410533,0.03155926522147125,515.4699999999993,469.61785714285713,0.0039488838646873714,0.04043499767815171,-0.0020709693275359,0.5595238095238095,2,0
2020-05-29,9427.07,-0.0156631432722864,0.0349650587859173,0.028743171452702134,275.2600000000002,439.5921428571428,0.003511351150413731,0.034472331716898424,-0.0027125543486130055,0.5833333333333334,2,0
2020-05-30,9697.72,0.0283054684675523,0.033627050403271,0.029644861600431026,408.77000000000044,442.5042857142857,0.0028473364171351886,0.034472331716898424,-0.0022834440023039027,0.5079365079365079,1,0
2020-05-31,9448.27,-0.0260591503705533,0.0332643008582867,0.0292962305601114,318.59000000000015,424.8392857142857,0.002378795412747576,0.03321843762138358,-0.0008615549142027001,0.4880952380952381,1,0
2020-06-01,10200.77,0.0766315516736142,0.0327614015337756,0.03603873183083242,958.3299999999999,458.5935714285714,0.0019046736098042173,0.03321843762138358,-0.003540405840642899,0.45634920634920634,1,0
2020-06-02,9518.04,-0.0692742623834092,0.0395162327322452,0.04092287642192478,962.9899999999998,497.1492857142857,0.0019431181362471288,0.0403904356019377,0.0044370732928357,0.7301587301587301,2,0
2020-06-03,9666.24,0.0154504571595701,0.0433374207718581,0.04047007357141208,324.7900000000009,483.4914285714286,0.0028686403139661747,0.042169506132375544,0.009905165668707597,0.8095238095238095,2,0
2020-06-04,9789.06,0.012626033176124,0.0412158503062475,0.03800798805201631,431.6299999999992,459.7885714285715,0.0032186191785473044,0.040980717806521835,0.006915574565194198,0.7658730158730159,2,0
2020-06-05,9621.16,-0.0173005960605898,0.0391823689542975,0.03843907218081518,273.75,455.2364285714287,0.0032991764667422998,0.03807100117705639,0.0042173101683802006,0.7222222222222222,2,0
2020-06-06,9666.3,0.0046807700357245,0.037515072557557,0.03843374209631775,203.95000000000073,452.8150000000001,0.0033155893381191944,0.03807100117705639,0.0038880221542859986,0.6785714285714286,2,0
2020-06-07,9746.99,0.0083129098333607,0.0356208793192786,0.03502634459453148,429.5400000000009,440.782142857143,0.0032627831135192188,0.0348342924767911,0.0023565784609918955,0.6031746031746031,2,0
2020-06-08,9782.01,0.0035864650046324,0.0339615348430366,0.03485347764852853,167.0,428.6435714285716,0.003329513960642913,0.0348342924767911,0.0012001333092609978,0.5238095238095238,1,0
2020-06-09,9772.43,-0.0009798287004336,0.0323672560343194,0.03471789060084738,307.0,427.8814285714287,0.0034796239203778393,0.03470909820869044,-0.007148976697925802,0.42063492063492064,1,0
2020-06-10,9885.0,0.0114533009205395,0.0308987544383559,0.0334375454031652,288.53999999999905,418.9721428571429,0.003687382394335996,0.03470909820869044,-0.012438666333502199,0.3333333333333333,1,0
2020-06-11,9280.4,-0.0631138073051218,0.0297844424632385,0.036420164203710116,851.0,442.9385714285715,0.004020138050421534,0.04083903395211219,-0.011431407843008997,0.2698412698412698,1,0
2020-06-12,9465.13,0.0197098700619733,0.0348133170770584,0.03664353023064232,324.6100000000006,446.4635714285715,0.00402210636893502,0.04418512443726387,-0.0043690518772391,0.5793650793650794,2,0
2020-06-13,9473.34,0.0008670183509327,0.033702306242444,0.03575267322052631,143.72999999999956,427.5321428571429,0.004019371023555472,0.04418512443726387,-0.0038127663151130003,0.5158730158730159,1,0
2020-06-14,9342.1,-0.0139504713617757,0.0321126073536279,0.03526040974149951,235.98999999999978,421.63214285714287,0.004081436807182378,0.04307473143471258,-0.0035082719656506986,0.3968253968253968,1,0
2020-06-15,9426.02,0.00894288392149,0.0309801643008706,0.027643182606199378,584.5499999999993,394.9335714285714,0.004198941524928823,0.04307473143471258,-0.002981370542166,0.34523809523809523,1,0
2020-06-16,9525.59,0.0105079110615609,0.0297722167659553,0.020922943647957954,215.90999999999985,341.57071428571425,0.004263687266895791,0.03345982296761916,-0.0025950392683640987,0.2698412698412698,1,0
2020-06-17,9465.14,-0.0063662854632422,0.028736092776024,0.020496323824153846,328.3899999999994,341.827857142857,0.0037307908085192926,0.030062496911258542,-0.002162661662331901,0.20634920634920634,1,0
2020-06-18,9386.32,-0.0083622657668431,0.0276807501685324,0.02014810604912122,209.0,325.9257142857142,0.0033443796036838553,0.027654704516749836,-0.0021036922947061006,0.14285714285714285,1,0
2020-06-19,9310.23,-0.0081395145190441,0.0267863456827874,0.019793606318092016,222.5099999999984,322.2657142857141,0.003115560488796271,0.026943264971684783,-0.008026971394270999,0.08333333333333333,0,0
2020-06-20,9358.95,0.0052193091072219,0.0259786061646883,0.01980883115922452,224.04999999999927,323.70142857142827,0.0030017397346210864,0.026943264971684783,-0.007723700077755698,0.03968253968253968,0,0
2020-06-21,9294.69,-0.0068898353566115,0.0251800858882222,0.019597383791364067,140.45999999999913,303.05285714285674,0.0030466613452606677,0.02508017713325381,-0.006932521465405701,0.01984126984126984,0,0
2020-06-22,9685.69,0.041206269160142,0.0245074990310049,0.022924811372963278,502.90999999999985,327.0464285714282,0.0031922699303500485,0.02508017713325381,-0.006472665269865702,0.011904761904761904,0,0
2020-06-23,9624.89,-0.0062970869761507,0.0271283231052732,0.022973676833942924,142.96999999999935,315.32999999999953,0.0031396438917719025,0.02519013479051649,-0.0026438936606821006,0.12698412698412698,1,0
2020-06-24,9296.49,-0.03471554197335,0.0262341791025878,0.02430996620427839,462.0,327.71999999999963,0.003186628182029203,0.02656823547456189,-0.0025019136734362006,0.06349206349206349,0,0
2020-06-25,9249.49,-0.0050684946945604,0.0276202882699596,0.017526531305738117,330.3099999999995,290.5278571428567,0.003188425310783528,0.014531457496475069,-6.046189857280074e-05,0.15873015873015872,1,0
2020-06-26,9162.21,-0.0094809989076676,0.0266496538706239,0.016687083839601994,252.54999999999927,285.38071428571374,0.00268282435186974,0.014060169890162486,-0.00013669181216349746,0.09523809523809523,0,0
2020-06-27,9012.0,-0.0165303933915357,0.0259018483780185,0.017074510505347897,363.2399999999998,301.0599999999995,0.0021891199046862333,0.014326371842657908,-7.675778666979896e-05,0.047619047619047616,0,0
2020-06-28,9116.35,0.0115124821088787,0.0255944252942648,0.017238640622714456,242.9400000000005,301.5564285714281,0.0017946431042686001,0.014367531491856093,0.000414339406042602,0.03571428571428571,0,0
2020-06-29,9192.56,0.0083249565532153,0.02504663731471,0.017209931388188732,213.32999999999993,275.0407142857139,0.0014666802340347882,0.014367531491856093,0.0005391382837051026,0.023809523809523808,0,0
2020-06-30,9138.55,-0.0058927316772567,0.0244331253502676,0.016863017782307095,140.11000000000058,269.6264285714282,0.0012673179854744163,0.013757027066722787,-0.0026951977550055996,0.011904761904761904,0,0
2020-07-01,9232.0,0.0101739802109079,0.0238160599608973,0.017182616035861624,211.89999999999964,261.3057142857139,0.001205054339571662,0.014345066308455806,-0.0024181191416904994,0.003968253968253968,0,0
2020-07-02,9086.54,-0.0158815121012185,0.0234142824604517,0.017518378034234554,321.9599999999991,269.3742857142853,0.0012575876765086728,0.015034491028638037,-0.0042060058095079005,0.003968253968253968,0,0
2020-07-03,9058.26,-0.0031171490343044,0.0233789333910511,0.017441260500336574,87.53000000000065,259.7328571428569,0.0013359919152608564,0.014824110263381795,-0.003270720479572803,0.003968253968253968,0,0
2020-07-04,9135.46,0.0084864957064336,0.0228253588536468,0.017566119469937153,149.95999999999913,254.44071428571402,0.0014797242804218374,0.014824110263381795,-0.0030764895243717005,0.003968253968253968,0,0
2020-07-05,9069.41,-0.0072563319395388,0.0224725294898432,0.017574677330222343,252.20999999999913,262.4228571428569,0.0016400295180523628,0.014843527313215872,-0.0031218958044216018,0.003968253968253968,0,0
2020-07-06,9344.2,0.0298486175692804,0.0221184065905453,0.015589098097721257,319.0799999999999,249.2921428571426,0.0018035431955706145,0.014843527313215872,-0.002928230724164701,0.003968253968253968,0,0
2020-07-07,9257.39,-0.0093336784889892,0.0236428339262975,0.015665971700445296,176.42000000000007,251.68142857142837,0.0016882938333520748,0.015020123455752004,-0.0007902914239701006,0.023809523809523808,0,0
2020-07-08,9436.06,0.0191163686743429,0.0232264060691075,0.013708938656862816,239.0,235.75285714285695,0.0016428557446016567,0.010156698055537403,-0.0005896538917898007,0.015873015873015872,0,0
2020-07-09,9232.43,-0.0218162343476358,0.0234573026828407,0.014958998511747005,280.7900000000009,232.2157142857142,0.0013444872328811316,0.012626987792883518,4.302022238900083e-05,0.027777777777777776,0,0
2020-07-10,9288.34,0.0060375642952958,0.0238871649643792,0.014786909559850321,192.47999999999956,227.92499999999993,0.001107235205088825,0.013014482183244067,0.0005082315733281016,0.03968253968253968,0,0
2020-07-11,9234.03,-0.0058642771569914,0.023334410546671,0.01407305557428376,121.03000000000065,210.6242857142857,0.0009311445833084251,0.011629845020346358,0.0005090516930242005,0.01984126984126984,0,0
2020-07-12,9302.75,0.0074144824312121,0.0228396451823085,0.01389562148989389,187.5,206.66428571428565,0.0007558638268821958,0.011629845020346358,0.00036711569246530157,0.015873015873015872,0,0
2020-07-13,9242.62,-0.0064846601291304,0.0224473474963135,0.013895350167583422,142.9300000000003,201.63571428571427,0.0006354686553495144,0.011117687953050638,0.0003289409057681998,0.007936507936507936,0,0
2020-07-14,9255.85,0.001430388811153,0.0220723158228727,0.01377807442374662,166.54000000000087,203.52357142857142,0.0006056895550639536,0.011674756630997336,-0.0015705181034247999,0.003968253968253968,0,0
2020-07-15,9197.6,-0.0063132035982587,0.0216500021429923,0.013629237705526041,115.92000000000007,196.66785714285717,0.0006724978108881513,0.011146502458306038,-0.001576403926115199,0.003968253968253968,0,0
2020-07-16,9133.72,-0.0069695208611886,0.0213651886790948,0.013039174846695827,178.89999999999964,186.44928571428576,0.0007705845396430816,0.009939239978725572,-0.0020921140037458985,0.003968253968253968,0,0
2020-07-17,9154.32,0.0022528394199241,0.0211355810039628,0.013007651677478324,97.02000000000044,187.1271428571429,0.0008611503862490513,0.010559973706241,-0.002751583960416401,0.003968253968253968,0,0
2020-07-18,9170.28,0.0017419211372242,0.0208306985951233,0.012822802414764127,98.19999999999891,183.43000000000004,0.0009789011510179363,0.010559973706241,-0.0025037119515477005,0.003968253968253968,0,0
2020-07-19,9208.99,0.0042123606910529,0.0205576511677443,0.012670307810500462,130.92000000000007,174.76642857142866,0.001103315851670646,0.011014664161310427,-0.0022819940145641995,0.003968253968253968,0,0
2020-07-20,9160.78,-0.0052488529452379,0.0203538531294664,0.009656313454721874,90.52000000000044,158.44071428571442,0.001223144804156536,0.010388781151934116,-0.002093494366847099,0.003968253968253968,0,0
2020-07-21,9390.0,0.024713965321002,0.0201995985503098,0.01160060329172685,284.9300000000003,166.19142857142873,0.0012564378088905255,0.01055438189113611,-0.0018727172725628988,0.003968253968253968,0,0
2020-07-22,9518.16,0.0135562595917129,0.0214630304873883,0.011013585454591098,283.0,169.33428571428587,0.0012064725601280348,0.01055438189113611,-0.00018697165560399923,0.027777777777777776,0,0
2020-07-23,9603.27,0.0089021126623816,0.0215361813894739,0.009092557705261977,223.67000000000007,165.2542857142858,0.001112512361880209,0.006203576089848288,0.00017099271037909758,0.031746031746031744,0,0
2020-07-24,9537.8,-0.0068408145746339,0.0213571850290919,0.009387882678796493,173.5599999999995,163.90285714285724,0.0009165361133516364,0.006314250094788381,0.00022160402512910043,0.023809523809523808,0,0
2020-07-25,9700.42,0.0169063326414047,0.0211243755650813,0.009899130598420914,219.89999999999964,170.965,0.0007541019051480039,0.006400449655816369,0.000293676969957999,0.01984126984126984,0,0
2020-07-26,9931.54,0.0235463680907113,0.0214815590850872,0.011236003143901434,461.0,190.5007142857143,0.0006242265077220603,0.006400449655816369,0.0009239079173428977,0.03968253968253968,0,0
2020-07-27,11029.96,0.104899655153833,0.0223919288753264,0.028657387928782755,1477.6500000000015,285.8378571428572,0.000616210193689008,0.006379223346005097,0.002038075745859999,0.05952380952380952,0,0
2020-07-28,10906.27,-0.0112773535736732,0.0397032601124125,0.029234775357281716,677.2299999999996,322.3157142857143,0.0049809721248297535,0.007615204076300327,0.0195036615621027,0.7857142857142857,2,0
2020-07-29,11100.53,0.0176550017142407,0.0377608906714199,0.028795998629572613,530.8199999999997,351.95142857142855,0.006420027973890915,0.007907277122142599,0.016297860184031596,0.7420634920634921,2,0
2020-07-30,11099.61,-8.288236024789342e-05,0.0362456502481202,0.028477743238801215,339.0,363.38714285714286,0.007195561683700349,0.007098111974260059,0.014709468858646303,0.6746031746031746,2,0
2020-07-31,11335.46,0.0210258928374678,0.0344303898652743,0.028327493071727484,484.0,391.0285714285714,0.007553863904007877,0.007098111974260059,0.013073204836182403,0.5992063492063492,2,0
2020-08-01,11801.17,0.0402628136953353,0.0334392584286855,0.02878011666840927,641.0,429.80000000000007,0.007682532536053811,0.007098111974260059,0.012314882863604205,0.5436507936507936,1,0
2020-08-02,11071.35,-0.0638379885940914,0.0343105627630765,0.036105255496195,1604.9599999999991,535.0885714285714,0.007733082936109376,0.029246611982025814,0.012829003677989302,0.5952380952380952,2,0
2020-08-03,11219.81,0.0133202754002095,0.038376358451596,0.03571611501716382,537.0,566.9799999999999,0.007939097848673145,0.032593216721026275,0.015984429576269603,0.753968253968254,2,0
2020-08-04,11191.97,-0.0024844090312949,0.0366200055668527,0.03585619163655664,414.97999999999956,576.2692857142856,0.007774969532830859,0.029173424184109505,-0.0030832545455597993,0.6984126984126984,2,0
2020-08-05,11744.91,0.0482233983727411,0.0347811057852422,0.03710705512125666,687.9300000000003,605.1928571428571,0.0074560450072376095,0.029173424184109505,-0.0029797848861777,0.6111111111111112,2,0
2020-08-06,11762.46,0.0014931490218277,0.0364244687910493,0.037253494479850345,337.5,613.3235714285713,0.007058385798697497,0.029173424184109505,0.00017881854292909477,0.6865079365079365,2,0
2020-08-07,11594.23,-0.0144055437001586,0.0345968823881225,0.03763948796806882,587.9400000000005,642.9221428571428,0.006371684273073007,0.029719240698182655,0.0001664925228481995,0.5992063492063492,2,0
2020-08-08,11761.41,0.0143162726745416,0.0332385266749832,0.03763018257828954,296.27000000000044,648.3771428571429,0.005384200486818503,0.029719240698182655,-0.00020073175370230456,0.5277777777777778,1,0
2020-08-09,11681.68,-0.0068020305693092,0.0320097024817767,0.037896314438375385,275.14000000000124,635.1014285714288,0.0041091381575196475,0.02727157848459454,-0.0023008602812997977,0.4722222222222222,1,0
2020-08-10,11892.92,0.0179214624033896,0.0306476487690152,0.026980472892488304,617.3500000000004,573.6514285714286,0.002500841229741894,0.02727157848459454,-0.007728709682580805,0.4126984126984127,1,0
2020-08-11,11392.08,-0.0430248879596852,0.0298768098668432,0.029686705058129634,810.0,583.1350000000001,0.00251399761756379,0.03211021706187981,-0.006743195700009502,0.376984126984127,1,0
2020-08-12,11564.33,0.0150069834685222,0.0316934269698085,0.02959521993241488,467.52000000000044,578.6135714285716,0.00242688026877039,0.03211021706187981,-0.003087678815433696,0.4603174603174603,1,0
2020-08-13,11780.0,0.0184778176380451,0.030653181383563,0.029864673768368873,522.5999999999985,591.7278571428571,0.002496811613082035,0.03517496089288681,-0.005771287407486298,0.4126984126984127,1,0
2020-08-14,11760.54,-0.0016533184398284,0.0299154480569632,0.029497511161511208,215.96999999999935,572.5828571428572,0.0026735690436695916,0.03211729241116085,-0.004681434331159303,0.376984126984127,1,0
2020-08-15,11852.4,0.0077805189363324,0.0286785262231248,0.027520968514918222,300.0,548.2257142857143,0.0029470206658990697,0.03211729241116085,-0.0045600004518583995,0.3055555555555556,1,0
2020-08-16,11911.0,0.0049319641788194,0.0276649405165604,0.02040912364061755,245.71999999999935,451.13714285714286,0.003238309450637744,0.02056129394374156,-0.004344761965216302,0.25793650793650796,1,0
2020-08-17,12281.13,0.0306015951306672,0.026687250059968,0.021433521555035338,698.2199999999993,462.6528571428571,0.003114715176318192,0.02056129394374156,-0.0039603987090472,0.20238095238095238,0,0
2020-08-18,11945.01,-0.0277503200816457,0.0275122819089017,0.023232414558803753,569.8400000000001,473.7142857142857,0.0029498148241239117,0.02399058990355896,-0.0023645279579414986,0.24206349206349206,1,0
2020-08-19,11754.59,-0.016069815339021,0.0279132120330203,0.020100237549101344,459.0799999999999,457.36785714285713,0.0028467752436716807,0.022861834953454487,-0.0037802149367881996,0.2698412698412698,1,0
2020-08-20,11853.55,0.0083835981669011,0.0273398096411651,0.020222050241636976,220.0,448.97499999999997,0.002402097719511472,0.022861834953454487,-0.003313371742397899,0.2261904761904762,1,0
2020-08-21,11531.34,-0.0275588546872747,0.0264815622590631,0.02124982455685569,392.1900000000005,434.99285714285713,0.0021435409261412763,0.024792309852758453,-0.003433885797900098,0.18253968253968253,0,0
2020-08-22,11662.96,0.011349461965322,0.0270152159336306,0.02110620809469193,309.1900000000005,435.9157142857143,0.0018968331864195956,0.024792309852758453,-0.0016633102894942006,0.21031746031746032,1,0
2020-08-23,11648.13,-0.0012723559473784,0.0263020235830817,0.021032838152573386,203.9400000000005,430.8299999999999,0.001778272778586873,0.02464177698138575,-0.0013629169334787028,0.16666666666666666,0,0
2020-08-24,11748.2,0.0085543852594565,0.0254195152182374,0.020555415372814634,239.8099999999995,403.862857142857,0.0018307595183930927,0.02464177698138575,-0.001267734841730598,0.12698412698412698,0,0
2020-08-25,11318.42,-0.0372685503041179,0.0247726673181908,0.019686644005584585,650.210000000001,392.4492857142856,0.0019502485744338004,0.02302573522036165,-0.0027396145907109017,0.11904761904761904,0,0
2020-08-26,11461.43,0.0125559982902245,0.0267678246412667,0.01954890219130809,295.3199999999997,380.1492857142856,0.0015886346513704316,0.02302573522036165,-0.001145387391753603,0.19444444444444445,0,0
2020-08-27,11330.38,-0.0114998715981542,0.026136701654635,0.01892581667179114,467.2000000000007,376.19214285714287,0.0013025744452504946,0.02175629282169464,-0.001203107986530099,0.15873015873015872,0,0
2020-08-28,11526.91,0.0171966880789469,0.0255271828436179,0.01966807544437193,265.7600000000002,379.74857142857155,0.001064514216947429,0.023489786715151246,-0.0009543794154452008,0.1349206349206349,0,0
2020-08-29,11465.84,-0.0053121217435307,0.0253100530504385,0.019506881237424317,162.97999999999956,369.96142857142866,0.0009663523988955768,0.021839803495184353,-0.001705162883192099,0.13095238095238096,0,0
2020-08-30,11711.16,0.0211700532462248,0.0245843988989604,0.020435019506092233,261.0,371.05285714285725,0.0010268914109044169,0.021839803495184353,-0.0017176246841212987,0.11904761904761904,0,0
2020-08-31,11649.51,-0.0052781142940627,0.0247951052279357,0.018274383889272244,230.77000000000044,337.66357142857163,0.0010902110147124968,0.02051431697455175,-0.0006244099903017011,0.12698412698412698,0,0
2020-09-01,11921.97,0.0231187973969309,0.0241242071156455,0.018196898972624723,535.8500000000004,335.2357142857145,0.0011358394797326512,0.019259941191221847,-0.0006484602025453,0.1111111111111111,0,0
2020-09-02,11388.54,-0.045775329811585,0.0245753397735243,0.021609420192384047,794.4699999999993,359.19214285714304,0.0010237523387313702,0.025167323477518606,-0.0021924848677424003,0.12301587301587301,0,0
2020-09-03,10140.85,-0.1160357655468899,0.0278998188581481,0.03699953266918508,1501.800000000001,450.749285714286,0.0011026050955242916,0.04729965391417681,0.0017631172035131003,0.30158730158730157,1,0
2020-09-04,10446.25,0.0296712412537303,0.0454043376894185,0.038189166445015264,751.5499999999993,476.4178571428573,0.005393137169010273,0.04948097413802153,0.019877154845800597,0.873015873015873,2,1
2020-09-05,10166.69,-0.0271263723089187,0.0438374506375253,0.03814693283944905,740.6800000000003,507.23857142857156,0.007015798815439633,0.04726839283043025,0.018527397587086804,0.8412698412698413,2,0
2020-09-06,10256.2,0.0087657107436189,0.0422616417307765,0.03841310188890688,352.27999999999884,517.8342857142858,0.0079145216139835,0.050529749082691214,0.017677242831816098,0.8134920634920635,2,1
2020-09-07,10373.44,0.0113662925973549,0.0400344619654271,0.03851966058052573,535.75,538.9728571428572,0.008305187219352235,0.050529749082691214,0.0152393567374914,0.7817460317460317,2,1
2020-09-08,10126.65,-0.0240781306870196,0.0380656267401098,0.03792890971342211,588.0,534.5292857142857,0.008368182669701825,0.04937263604775533,0.0139414196244643,0.7301587301587301,2,0
2020-09-09,10219.2,0.0090977411466433,0.0368846324728962,0.03779613641296486,361.9899999999998,539.2914285714286,0.00837604814827853,0.04937263604775533,0.012309292699371904,0.6865079365079365,2,0
2020-09-10,10336.87,0.0114488114994344,0.0351315013839654,0.03813783449325272,412.52000000000044,535.3857142857142,0.008226849972894473,0.053121485429398416,0.007231682525817296,0.6309523809523809,2,0
2020-09-11,10387.89,0.0049235892784977,0.0336083777450402,0.03768827883304846,197.60000000000036,530.5171428571429,0.007960628992198425,0.053121485429398416,-0.0117959599443783,0.5515873015873016,1,0
2020-09-12,10440.92,0.0050919965741691,0.0320635972644242,0.037835576386564894,208.71999999999935,533.7842857142857,0.007635729495200505,0.05814315892336198,-0.011773853373101106,0.47619047619047616,1,0
2020-09-13,10332.83,-0.0104064962240268,0.0306634751184777,0.036978583596018355,380.1100000000006,542.2921428571428,0.007233290298445936,0.05324695579967823,-0.011598166612298799,0.4166666666666667,1,0
2020-09-14,10671.77,0.032275732263626,0.0295342453025253,0.03859184453975171,537.6599999999999,564.2128571428572,0.006858499799654488,0.05828133718626595,-0.0105002166629018,0.34523809523809523,1,0
2020-09-15,10785.31,0.0105830858365472,0.0301037942606962,0.03799859061066929,323.5600000000013,549.0492857142857,0.006322687053002734,0.05828133718626595,-0.007961832479413598,0.3888888888888889,1,0
2020-09-16,10954.01,0.015520576216204,0.029036893916135,0.03671630648312759,431.78000000000065,523.1428571428572,0.005851446712406415,0.06100858648939662,-0.007847738556761203,0.32936507936507936,1,0
2020-09-17,10939.99,-0.001280716353003,0.028306254507563,0.01700586840335337,299.6299999999992,437.2735714285714,0.005812661351550739,0.01887810802265947,-0.006825246876402395,0.2976190476190476,1,0
2020-09-18,10933.39,-0.0006034732812487,0.0272228815944419,0.015546874161893784,225.1900000000005,399.67642857142863,0.005411342876198628,0.01688724980606363,-0.006385496150598299,0.23809523809523808,1,0
2020-09-19,11080.65,0.0133789342229988,0.0262445885315785,0.013021861475248036,292.4200000000001,367.6578571428572,0.004991026666666133,0.01313445807237502,-0.005819008732845698,0.19047619047619047,0,0
2020-09-20,10920.28,-0.0145787328447113,0.0257136712916932,0.014110152834711967,357.64999999999964,368.0414285714287,0.004513895987942212,0.013435738958296067,-0.004949803826784498,0.1626984126984127,0,0
2020-09-21,10417.22,-0.0471614049101916,0.0253101860032328,0.019539210495012407,692.5100000000002,379.23857142857156,0.004097504656022865,0.022828321298628225,-0.004224059299292499,0.15079365079365079,0,0
2020-09-22,10529.61,0.0107310823194755,0.0286883344668251,0.01837862055515649,219.70999999999913,352.93214285714294,0.0034996529278350542,0.022570056014548225,-0.0014154597938711017,0.3333333333333333,1,0
2020-09-23,10241.46,-0.0277471008498917,0.0277718322420283,0.01997423515553833,400.3299999999999,355.6707142857144,0.0028945144021287274,0.023512190979976335,-0.001265061674106699,0.29365079365079366,1,0
2020-09-24,10736.32,0.0471881984713764,0.0281349515617374,0.023501090754244416,604.3099999999995,369.37,0.0023529226347860097,0.023512190979976335,-0.00017130294582560004,0.3134920634920635,1,0
2020-09-25,10686.67,-0.0046352156160356,0.0308904324966521,0.02357052988885431,204.29000000000087,369.8478571428572,0.0020073616734774145,0.021838445692599826,0.003667550902210201,0.4603174603174603,1,0
2020-09-26,10728.6,0.003915902398667,0.0295930138336262,0.023560853714055675,176.26000000000022,367.52928571428583,0.0017690674205176166,0.021838445692599826,0.0033484253020477014,0.38492063492063494,1,0
2020-09-27,10774.25,0.0042459551717115,0.0284089714633852,0.02329407859602635,204.1800000000003,354.9628571428572,0.0016425673548168783,0.02320247403554105,0.0026953001716919986,0.32936507936507936,1,0
2020-09-28,10696.12,-0.0072779691147335,0.027345378857059,0.02182069786109404,324.0,339.70142857142866,0.001610837044058138,0.021656729876661417,0.002035192853826199,0.2619047619047619,1,0
2020-09-29,10840.48,0.0134062165899013,0.0264539865977761,0.021937136732069047,231.67000000000007,333.1378571428572,0.0015478805554895083,0.021656729876661417,-0.002234347869048997,0.20634920634920634,0,0
2020-09-30,10776.59,-0.005911086565506,0.0259005219423085,0.0215423720889118,184.21000000000095,315.45428571428573,0.001580832238010931,0.020365530274951287,-0.0018713102997197986,0.1746031746031746,0,0
2020-10-01,10619.13,-0.0147190973543107,0.0251254775098779,0.021845124341643995,483.0,328.55214285714294,0.0016916224340350068,0.021015024921435636,-0.003009474051859501,0.14285714285714285,0,0
2020-10-02,10570.4,-0.0045994494362666,0.0248007614636231,0.02184980212682124,290.6399999999994,333.2271428571429,0.0018235826068365962,0.021076767229297994,-0.006089671033029001,0.1388888888888889,0,0
2020-10-03,10542.06,-0.0026846721814166,0.0241154164780034,0.02137338236543368,107.10000000000036,319.99000000000007,0.0019880763563045797,0.019891506840373833,-0.005477597355622799,0.1111111111111111,0,0
2020-10-04,10666.63,0.0117472066892556,0.0234752359764964,0.021487072753702006,179.0,307.22928571428577,0.0021816388023135967,0.020458827398180373,-0.004933735486888798,0.0992063492063492,0,0
2020-10-05,10792.21,0.0117044009488385,0.0231879654795535,0.017242480264535478,182.36000000000058,270.7900000000001,0.002363612037392846,0.012673430220996335,-0.004157413377505501,0.07936507936507936,0,0
2020-10-06,10599.66,-0.0180026524426537,0.0229337036154177,0.017888696387982062,275.0,274.73928571428587,0.0024894943712608798,0.013455511556311356,-0.0035202829823584025,0.07936507936507936,0,0
2020-10-07,10666.39,0.00627575116334,0.0231173148424014,0.015967862796625727,135.70000000000073,255.83714285714308,0.0025860995016722507,0.009845265173546747,-0.0027832070999071028,0.08333333333333333,0,0
2020-10-08,10925.57,0.0240082372384513,0.0226583263009375,0.011637324898416585,419.59000000000015,242.6428571428574,0.0026458215415785316,0.009845265173546747,-0.0024671512089404005,0.07142857142857142,0,0
2020-10-09,11050.64,0.0113824313048986,0.0234230291638333,0.01180065253923348,275.6399999999994,247.73928571428587,0.002207549663882731,0.010464380062502724,-0.0013777322997898002,0.1111111111111111,0,0
2020-10-10,11293.22,0.0217142008076791,0.023123972572241,0.012886218628168845,440.4899999999998,266.61285714285725,0.001824730079521795,0.010464380062502724,-0.0009914439057624007,0.09126984126984126,0,0
2020-10-11,11369.02,0.0066895666688306,0.023594212997647,0.01291123941018148,224.0,268.0285714285715,0.0014651299109230175,0.010464380062502724,0.00011897702115059791,0.12698412698412698,0,0
2020-10-12,11528.25,0.0139084324759206,0.0230923352875629,0.012748710984202808,548.0100000000002,284.02928571428583,0.0011839955751288282,0.010991366303786006,-9.563019199059983e-05,0.0873015873015873,0,0
2020-10-13,11420.56,-0.0093853049878305,0.0229725059269756,0.013091604552044183,257.0,285.8385714285715,0.000956584089058297,0.010740380314763908,3.880231155790198e-05,0.0873015873015873,0,0
2020-10-14,11417.89,-0.0002338162188912,0.0226375571197795,0.012856022585343149,267.97999999999956,291.82214285714286,0.0007489237263272181,0.010466202283811126,-0.00047975772262189714,0.07142857142857142,0,0
2020-10-15,11505.12,0.0076107300963599,0.0221459785344814,0.011668047854899232,366.5100000000002,283.5014285714286,0.0006523754203155009,0.009387188232354172,-0.0005123477664560998,0.05952380952380952,0,0
2020-10-16,11319.32,-0.0162811533813087,0.0218428639910824,0.012823559241625286,341.14999999999964,287.10928571428576,0.0005810649765099592,0.011700577206763518,-0.0015801651727508984,0.051587301587301584,0,0
2020-10-17,11360.2,0.003605018472486,0.0220492341182309,0.012646749319793286,147.42000000000007,289.98928571428576,0.0005434022134427263,0.013012590731052537,-0.001074738454010099,0.05555555555555555,0,0
2020-10-18,11503.14,0.0125040228060484,0.0216547780501883,0.012677828418665613,158.78000000000065,288.5450000000001,0.0006033087278311392,0.013012590731052537,-0.0019394349474586986,0.051587301587301584,0,0
2020-10-19,11751.47,0.0213582975701172,0.0216390459452465,0.013295048943822574,416.03000000000065,305.2357142857144,0.0006556348903607763,0.013012590731052537,-0.0014532893423163974,0.047619047619047616,0,0
2020-10-20,11909.99,0.013399204588298,0.022304863249592,0.011438361072094063,360.78999999999905,311.36357142857145,0.0006551101628902223,0.010850723096711302,-0.0006676426773836001,0.07936507936507936,0,0
2020-10-21,12780.96,0.0705790197628193,0.0222563260386693,0.020147209302931488,1330.7299999999996,396.7228571428571,0.0006420543177995508,0.010850723096711302,-0.0003812310811102011,0.07936507936507936,0,0
2020-10-22,12968.52,0.0145683188348346,0.0311692150807045,0.019904009812486887,506.9200000000001,402.96071428571423,0.0023992791200904986,0.010850723096711302,0.009023236546223098,0.5,1,0
2020-10-23,12923.07,-0.0035107961066547,0.030161950150758,0.020346685720848107,307.6100000000006,405.2442857142857,0.0030492240800228812,0.009559553656774647,0.008319086159675599,0.44841269841269843,1,0
2020-10-24,13111.73,0.0144931631779385,0.028918123452777,0.020149686228723967,296.72999999999956,394.9757142857143,0.0033549749176930337,0.009559553656774647,0.006868889334546099,0.3888888888888889,1,0
2020-10-25,13028.83,-0.0063426550859695,0.0281461134344167,0.020642456574278056,462.0,411.9757142857143,0.003525579956777771,0.009008546364498424,0.0064913353842284,0.36507936507936506,1,0
2020-10-26,13052.19,0.0017913414618497,0.0271493227903882,0.020707875874220443,473.8099999999995,406.6757142857142,0.003579991827041195,0.009008546364498424,0.005510276845141698,0.3134920634920635,1,0
2020-10-27,13636.17,0.0437698854159531,0.0261838222541386,0.021939992854969063,769.4200000000001,443.2771428571428,0.0035673558859618294,0.008911868326731394,0.0038789590045466005,0.2698412698412698,0,0
2020-10-28,13266.4,-0.0274912982793136,0.0288329395077276,0.024259501723876534,971.4799999999996,493.5271428571428,0.003651635412594504,0.016381410190746456,0.006576613469058301,0.3888888888888889,1,0
2020-10-29,13455.7,0.0141682851772664,0.0290218221267016,0.024258196528377345,722.1399999999994,518.9292857142856,0.0036545528827293893,0.016381410190746456,-0.002147392954002899,0.3968253968253968,1,0
2020-10-30,13560.1,0.0077288490213085,0.0282221207323761,0.022982081112926156,554.9799999999996,534.202857142857,0.003517067691422885,0.01641469305149371,-0.0019398294183818991,0.36904761904761907,1,0
2020-10-31,13791.0,0.0168845483758737,0.0272533262920162,0.02284249295893182,688.5,572.8514285714284,0.0033059017657524796,0.01641469305149371,-0.0016647971607607996,0.3253968253968254,1,0
2020-11-01,13761.5,-0.0021413673004317,0.0268060219487141,0.023240755534307916,292.0,582.3671428571427,0.0029792951037179026,0.014255804939038217,-0.0013400914857026013,0.30952380952380953,0,0
2020-11-02,13549.37,-0.0155347864119033,0.0258778553460539,0.02426521472620174,634.9500000000007,598.0042857142855,0.0025808050305017433,0.01452061628652917,-0.0012714674443343003,0.25396825396825395,0,0
2020-11-03,14023.53,0.0343965813014222,0.0255111502075825,0.02511430882081481,781.1200000000008,628.0278571428571,0.002219735638198197,0.01452061628652917,-0.0006726720465561019,0.24206349206349206,0,0
2020-11-04,14144.01,0.0085545798273258,0.0269858210487851,0.018530495884948796,734.0,585.4042857142857,0.0016380060784041005,0.01452061628652917,-0.0018471184589425003,0.32142857142857145,1,0
2020-11-05,15590.02,0.0973397530338857,0.0261702388362439,0.030431671995164528,1656.4400000000005,667.5128571428571,0.0013906772412432835,0.01452061628652917,-0.002851583290457701,0.2777777777777778,0,0
2020-11-06,15579.92,-0.0006480603012697,0.0397905092766409,0.03032052245240828,794.0,702.255,0.0035318262099933917,0.014438391735610038,0.011568388544264799,0.7738095238095238,2,0
2020-11-07,14818.3,-0.0501200022045189,0.037673348530259,0.03473073155682153,1409.300000000001,781.7242857142858,0.004348529061487479,0.024339098862172504,0.010420022238242798,0.7142857142857143,2,0
2020-11-08,15475.1,0.0433693771486112,0.0390777820374205,0.03560048183558389,946.1200000000008,816.3042857142858,0.005127848532913004,0.026510832227586014,0.012271760088706403,0.746031746031746,2,0
2020-11-09,15328.41,-0.0095243112803107,0.0394681848381754,0.03598358040166552,1034.4599999999991,856.3507142857144,0.005698135837812402,0.024511336262908773,0.013590329492121501,0.7579365079365079,2,0
2020-11-10,15297.21,-0.0020375104761161,0.0374981551377301,0.03488778820068846,387.5400000000009,829.0735714285717,0.0058408167818361665,0.022706151090148622,0.011987004930147604,0.6944444444444444,2,0
2020-11-11,15684.24,0.024985927702934,0.0355805902506878,0.03355037659351933,692.3199999999997,809.1335714285716,0.00589975248798461,0.02180677876341212,0.008594769201902698,0.623015873015873,2,0
2020-11-12,16291.86,0.0380092100428512,0.0347299605142125,0.03426851922725443,900.0600000000013,821.8421428571431,0.005891621205269831,0.02180677876341212,0.008559721677968604,0.5952380952380952,2,0
2020-11-13,16320.7,0.001768644198302,0.0351563666633288,0.03438471942943797,527.6499999999996,819.8900000000003,0.005823566913806693,0.02180677876341212,-0.004634142613312096,0.6190476190476191,2,0
2020-11-14,16070.45,-0.0154520589265132,0.033441009576379,0.03519726021185806,656.9899999999998,817.6392857142861,0.00561059584542961,0.02101693101589032,-0.004232338953879998,0.5476190476190477,1,0
2020-11-15,15957.0,-0.007084577418178,0.0322443455512137,0.03536283737033298,405.28000000000065,825.7307142857146,0.005320096546569853,0.021171360400873248,-0.006833436486206802,0.5158730158730159,1,0
2020-11-16,16713.57,0.0463233598845072,0.0308665855957548,0.03571257263149571,1016.0,852.9485714285718,0.004921368932272059,0.021970646780428774,-0.008601599242420599,0.4801587301587302,1,0
2020-11-17,17659.38,0.0550461226589611,0.0329539350026565,0.03697962063344687,1320.8199999999997,891.4985714285716,0.004313265920979375,0.021970646780428774,-0.004544220135073607,0.5317460317460317,1,0
2020-11-18,17776.12,0.0065888965777975,0.0359101405746465,0.03701568572925846,1262.4799999999996,929.2471428571431,0.003756329167160304,0.021970646780428774,0.00032955032395869804,0.6468253968253969,2,0
2020-11-19,17802.82,0.0015008881665483,0.0341873518957511,0.028839851522257577,844.1499999999978,871.2264285714285,0.0027858451713454733,0.021970646780428774,-0.0005426086184614001,0.5833333333333334,2,0
2020-11-20,18655.67,0.0467932496162859,0.0325565824816774,0.03030800824056035,1075.1800000000003,891.3107142857143,0.0026171114814900307,0.02406589261817691,-0.002599784181651403,0.5277777777777778,1,0
2020-11-21,18703.8,0.0025765904402383,0.0343989345608814,0.02462243764751128,657.3199999999997,837.597857142857,0.0025133188885059395,0.009795679105696686,0.0009579249845024021,0.5992063492063492,2,0
2020-11-22,18414.43,-0.0155921153820788,0.0327559871495956,0.02473981327919931,1139.1399999999994,851.3849999999999,0.002251966570909612,0.011197637060158618,0.0005116415983818998,0.5317460317460317,1,0
2020-11-23,18368.0,-0.0025245762533945,0.0316354013335472,0.024329507576665518,766.0,832.2092857142856,0.0018327686982922654,0.010417258358609894,0.0007688157377923957,0.5,1,0
2020-11-24,19160.01,0.0422152743260912,0.0302430795438155,0.025099021695674652,1400.9700000000012,904.5971428571428,0.0017458644782456063,0.011602207867576925,-0.002710855458840998,0.4642857142857143,1,0
2020-11-25,18719.11,-0.0232803672790353,0.03188577046448,0.02702314138880695,983.9399999999987,925.4271428571427,0.0016569511797774419,0.014699798707850617,-0.0040243701101665,0.5158730158730159,1,0
2020-11-26,17149.47,-0.0875776578398817,0.0313330566316197,0.036967112699589445,2727.029999999999,1055.9249999999997,0.0016436723823299473,0.03818871247497098,-0.002854295264131404,0.503968253968254,1,0
2020-11-27,17139.52,-0.0005803612342791,0.0407562543594568,0.03698170699486632,1019.5399999999972,1091.0599999999995,0.0026360860179242126,0.035356558054317526,0.008199671877779403,0.8253968253968254,2,0
2020-11-28,17719.85,0.0332985720197687,0.0385583124852846,0.03735356189402257,1014.9300000000003,1116.6271428571424,0.002998075585812234,0.03766483164498381,0.004159377924403199,0.7738095238095238,2,0
2020-11-29,18184.99,0.0259110484052147,0.0380248515610753,0.03743880905781679,843.0499999999993,1147.896428571428,0.0031901179191761823,0.041137929019034694,0.005268864411479703,0.7619047619047619,2,0
2020-11-30,19695.87,0.0798124405603424,0.0369717040188379,0.040894251249486264,1678.1699999999983,1195.1942857142851,0.003145102724890219,0.041137929019034694,0.0053363026852907,0.7182539682539683,2,0
2020-12-01,18764.96,-0.0484176681386951,0.0431941175967366,0.04180244230350274,1886.880000000001,1235.6271428571422,0.0038780565475494085,0.0424380265953867,0.012951038052921103,0.873015873015873,2,0
2020-12-02,19204.09,0.023131976224672,0.0435615701906059,0.04210371048382214,1012.0,1217.7357142857138,0.004482149334016532,0.0424380265953867,0.011675799726125903,0.8888888888888888,2,0
2020-12-03,19421.9,0.011278018177224,0.0417749529029054,0.04211301910518558,730.7999999999993,1209.6392857142853,0.004734369020914739,0.0424380265953867,0.010441896271285701,0.8611111111111112,2,0
2020-12-04,18650.52,-0.0405272676199164,0.0396521913505575,0.04210757633524183,961.6899999999987,1201.5328571428565,0.004686887844425191,0.0421703620171473,-0.0011040630088993003,0.8174603174603174,2,0
2020-12-05,19147.66,0.0263064872103075,0.0396638934370125,0.04269365851575261,677.0,1202.9385714285709,0.004693432781601643,0.0421703620171473,0.0011055809517278997,0.8214285714285714,2,0
2020-12-06,19359.4,0.010997574683671,0.0384630870985943,0.04245719297198036,563.0,1161.7857142857138,0.004527954549212649,0.04510222087383422,0.0004382355375189967,0.7817460317460317,2,0
2020-12-07,19166.9,-0.0099932566585021,0.0366221504241868,0.04258644918203855,518.0299999999988,1144.0735714285709,0.00421188803445272,0.0452746317119132,-0.0003495535946510947,0.7142857142857143,2,0
2020-12-08,18324.11,-0.0449671539115588,0.0349168903083245,0.042791201594828465,1094.8400000000001,1122.2071428571421,0.003713386380647053,0.04523083428497182,-0.008277227288412105,0.6468253968253969,2,0
2020-12-09,18541.28,0.0117819186056848,0.036121189890115,0.04255005336231131,989.5699999999997,1122.609285714285,0.0033059445821556266,0.047921503680768224,-0.0074403803004908994,0.6904761904761905,2,0
2020-12-10,18254.63,-0.0155808511856818,0.034517510269853,0.03490363835365992,646.2000000000007,973.978571428571,0.0028497218438761425,0.032536491977230395,-0.007257442633052398,0.626984126984127,2,0
2020-12-11,18036.53,-0.0120196006823967,0.0332197252329971,0.03516365638617783,720.3999999999978,952.6114285714282,0.003142699106789779,0.0329035809664852,-0.006432466117560404,0.5634920634920635,1,0
2020-12-12,18808.69,0.0419198512810261,0.0318985212888304,0.03579279928284222,927.9599999999991,946.3992857142852,0.0035652934204905757,0.0329035809664852,-0.007765372148182098,0.5238095238095238,1,0
2020-12-13,19174.99,0.0192878286595874,0.0332183024924872,0.035527396243139414,699.880000000001,936.1728571428567,0.003763467473193861,0.0329035809664852,-0.005244784606107097,0.5674603174603174,1,0
2020-12-14,19273.14,0.0051055909978821,0.0322503876074589,0.02805445857473624,349.0,841.2321428571425,0.00400963139618479,0.0329035809664852,-0.004371762816727902,0.5436507936507936,1,0
2020-12-15,19426.43,0.0079220932790864,0.0308331381229117,0.024648408508341053,520.0,743.5978571428568,0.003918884385668092,0.028815285022083238,-0.004083752185412796,0.48412698412698413,1,0
2020-12-16,21335.52,0.0937387794210291,0.0296106093341044,0.03446783726982596,2281.4000000000015,834.2692857142855,0.0036669249336729096,0.028815285022083238,-0.006510580556010601,0.44047619047619047,1,0
2020-12-17,22797.16,0.0662626773596741,0.0410028955592039,0.03789182737478175,2570.0,965.6407142857141,0.0035647773061499182,0.028815285022083238,0.006485385289350901,0.8928571428571429,2,0
2020-12-18,23107.39,0.0135165129878043,0.0440604528986457,0.03481797996455095,935.1800000000003,963.7471428571428,0.0041417818131795105,0.025045677440344614,0.0108407276656486,0.9603174603174603,2,0
2020-12-19,23821.61,0.0304406721170451,0.041808844220475,0.03493579001544606,1421.4700000000012,1016.9235714285714,0.0043441007537357,0.025045677440344614,0.009910322931644594,0.9206349206349206,2,0
2020-12-20,23455.52,-0.0154872902556704,0.0406736048495586,0.035907792370110374,1235.0,1064.9235714285714,0.004493375791608854,0.02344781436827975,0.007455302357071397,0.8888888888888888,2,0
2020-12-21,22719.71,-0.0318730319606679,0.0387911257971203,0.037461302886496635,2287.7700000000004,1191.3335714285715,0.004561954149502096,0.02707406501052102,0.006540738189661402,0.8333333333333334,2,0
2020-12-22,23810.79,0.0469060095977802,0.0381085253604395,0.03462649903370341,1483.699999999997,1219.1092857142855,0.004587479970503455,0.02026684515448676,0.007275387237527801,0.8174603174603174,2,0
2020-12-23,23232.76,-0.0245754876788293,0.0390465372720071,0.03649873158661886,1500.0,1255.5685714285714,0.004652181294562722,0.021198748287179905,0.009435927937902697,0.8373015873015873,2,0
2020-12-24,23729.2,0.0211430056733732,0.037795410460878,0.03534730022011781,1091.010000000002,1287.3407142857143,0.004634771234693297,0.022383988256372583,-0.003207485098325906,0.7976190476190477,2,0
2020-12-25,24712.47,0.0406016172561454,0.036462063036402,0.034615633962861526,1356.260000000002,1332.759285714286,0.004533076384784341,0.024897797228412476,-0.007598389862243697,0.7420634920634921,2,0
2020-12-26,26493.39,0.0695872933806356,0.0369217486599965,0.03654598025906042,2367.029999999999,1435.5500000000004,0.004306198639801531,0.024897797228412476,-0.004887095560478498,0.7619047619047619,2,0
2020-12-27,26281.66,-0.0080239103889265,0.0413575323934246,0.03755879157623845,2722.0,1579.987142857143,0.004278877461231407,0.021932191285932618,0.0006839275438660017,0.9126984126984127,2,0
2020-12-28,27079.41,0.0299023029826699,0.0391911266044295,0.03725792480609904,1399.0,1654.987142857143,0.003982494686891017,0.021932191285932618,0.00040000080730919624,0.8492063492063492,2,0
2020-12-29,27385.0,0.0112217577258544,0.0383039862138821,0.03715671674615318,1530.0,1727.1300000000003,0.0033628651007142165,0.021932191285932618,0.00019546085344259584,0.8174603174603174,2,0
2020-12-30,28875.54,0.0529994517301073,0.0364840241846369,0.032640043750883516,1676.0,1683.887142857143,0.002229588403907628,0.021932191285932618,-0.002562513087370197,0.7420634920634921,2,0
2020-12-31,28923.63,0.0016640381201611,0.0384725144583987,0.03032706874820869,1450.0,1603.887142857143,0.0021817763226421095,0.021932191285932618,0.0006771039975207033,0.8253968253968254,2,0
2021-01-01,29331.69,0.0140095934275397,0.0364697924410579,0.030322996036990787,975.4300000000003,1606.762142857143,0.0017576705946494553,0.021932191285932618,7.729404655897054e-06,0.7380952380952381,2,0
2021-01-02,32178.33,0.0926247431168008,0.0349160077990979,0.036385706214901344,4353.470000000001,1816.1907142857144,0.00174396607169669,0.021932191285932618,-0.0020057408608986013,0.6746031746031746,2,0
2021-01-03,33000.05,0.0252158319865536,0.0442436726882993,0.03479622857159769,2815.119999999999,1929.0564285714286,0.002319754319300094,0.023694077311623474,0.0028861402948746964,0.9642857142857143,2,0
2021-01-04,31988.71,-0.0311260485700941,0.0425102986289094,0.03470377599001321,5470.0,2156.3585714285714,0.002575929121819132,0.023360712262041373,0.0033191720244798995,0.9285714285714286,2,0
2021-01-05,33949.53,0.0594919819740535,0.0413502651233692,0.03548477419486246,4460.0,2368.951428571429,0.002673030402604065,0.023360712262041373,0.003046278909487103,0.8968253968253969,2,0
2021-01-06,36769.36,0.0797898796472882,0.043374762812259,0.03515326779772725,3651.209999999999,2522.6092857142858,0.0029380110150071556,0.02272899071139521,0.0068907386276221005,0.9484126984126984,2,0
2021-01-07,39432.28,0.0699198805415832,0.0480791271088763,0.036308002411850504,4065.0,2735.037142857143,0.0037510804762383066,0.02272899071139521,0.009606612650477603,1.0,2,0
2021-01-08,40582.81,0.0287598077245583,0.0503752486692183,0.036337429055344844,5450.0,3027.4471428571424,0.004539762690345307,0.02272899071139521,0.013905456228160404,1.0,2,0
2021-01-09,40088.22,-0.01226205236531,0.0482636978800332,0.03699770942329657,2660.0,3048.3735714285713,0.004787987950202395,0.019862627937301282,0.013347690080935302,0.996031746031746,2,0
2021-01-10,38150.02,-0.0495562435922014,0.0456218360605689,0.041621441347262346,6238.889999999999,3299.5799999999995,0.004900831339793955,0.034520574091243345,0.0013781633722696057,0.9841269841269841,2,0
2021-01-11,35404.47,-0.0746881986220913,0.0457792311783505,0.0496071570245004,7844.739999999998,3759.9900000000002,0.004929127993265582,0.04783653708249591,0.003268932549441099,0.9841269841269841,2,0
2021-01-12,34051.24,-0.0389716343884227,0.0491841329700978,0.05198103733048633,4097.0,3943.347142857143,0.005081200859393052,0.04619983854319172,0.007833867846728598,0.996031746031746,2,0
2021-01-13,37371.38,0.0930387218664847,0.0479101755024075,0.05520097492439378,5470.0,4214.347142857143,0.004826751483878964,0.04619983854319172,0.0045354126901484965,0.9841269841269841,2,0
2021-01-14,39144.5,0.0463547564222306,0.0538392627326068,0.055448973548817955,3398.769999999997,4353.544999999999,0.005196521728829703,0.04619983854319172,0.005760135623730497,1.0,2,0
2021-01-15,36742.22,-0.0633334246881052,0.0526695488189686,0.059936289568431216,5339.760000000002,4665.282857142856,0.004914066776333809,0.04946926333561209,0.0022943001497502946,0.996031746031746,2,0
2021-01-16,35994.98,-0.0205470182784353,0.0533987703383499,0.05634405990471518,2592.199999999997,4539.477857142856,0.004024344123421799,0.04645339915279638,0.0051350724583167015,0.996031746031746,2,0
2021-01-17,35828.61,-0.0046327480304899,0.0506084774056731,0.05620732288777895,3002.5,4552.862142857142,0.003973469641140816,0.0434840350074846,0.004986641345104195,0.9880952380952381,2,0
2021-01-18,36631.27,0.0221555109664723,0.0476403682924846,0.05530594066413227,2669.8300000000017,4352.849999999999,0.003644337874463226,0.04497310228612735,0.0018611371141341038,0.9642857142857143,2,0
2021-01-19,35891.49,-0.0204020271840601,0.0454246664224801,0.05387411645498446,2005.9400000000023,4177.5599999999995,0.003166356782235966,0.042682405944792466,-0.0037594665476176972,0.9523809523809523,2,0
2021-01-20,35468.23,-0.0118628538249527,0.0433256956785155,0.049329400344010316,3015.3099999999977,4132.138571428571,0.0031727567616350464,0.04043517379537638,-0.004584479823891999,0.9087301587301587,2,0
2021-01-21,30850.13,-0.1394964019344247,0.0410866105885226,0.05683592364200764,5529.0,4236.709999999999,0.003775106747904687,0.05845876809462478,-0.0127526521440842,0.8690476190476191,2,1
2021-01-22,32945.17,0.0657037001868836,0.0587148867335615,0.05992426478387028,4976.529999999999,4202.890714285713,0.004688295341504608,0.05845876809462478,0.006045337914592899,1.0,2,1
2021-01-23,32078.0,-0.0266742275526272,0.0588721188908871,0.05999934030175406,2065.84,4160.450714285714,0.0053955663961884615,0.058936773035797384,0.005473348552537199,1.0,2,1
2021-01-24,32259.9,0.0056545359630604,0.0558839764178367,0.059430345110708306,2171.0,3869.887142857143,0.005512736356315475,0.059888424850588554,0.0052754990121635995,0.9920634920634921,2,1
2021-01-25,32254.2,-0.00017670555785,0.0525160882486029,0.05665400307171117,2965.0,3521.334285714285,0.0053792519055105015,0.054468456815953525,0.004875719956118296,0.9761904761904762,2,0
2021-01-26,32467.77,0.0065996376554497,0.0493771321009898,0.05595939446027458,2084.5099999999984,3377.584999999999,0.005375062665138765,0.056105399477565494,0.003952465678509695,0.9642857142857143,2,0
2021-01-27,30366.15,-0.0669194037928218,0.04652973793268,0.05085057232406541,3315.5699999999997,3223.6971428571424,0.005444462157312599,0.05740763925963976,0.003204042254164499,0.9404761904761905,2,1
2021-01-28,33364.86,0.0941747491499533,0.0486790077608018,0.05656172576322845,3941.8800000000047,3262.490714285715,0.005390447353017741,0.05740763925963976,0.007592397172279199,0.9563492063492064,2,0
2021-01-29,34252.2,0.0262475458890101,0.0546283004070063,0.05528878059658451,6616.5,3353.6864285714287,0.005480299521093906,0.05662332859074131,-0.004086586326555196,0.9880952380952381,2,1
2021-01-30,34262.88,0.0003117561881698,0.0519901999517718,0.055118746762522965,2108.0,3319.1007142857147,0.005435289015250678,0.06003264679135148,-0.0068819189391153,0.9682539682539683,2,0
2021-01-31,33092.98,-0.0347413771124038,0.0488921093074725,0.05574917481166887,2171.020000000004,3259.709285714286,0.005449004727916477,0.06142699696710651,-0.006991867110364196,0.9484126984126984,2,1
2021-02-01,33526.37,0.0130111180611347,0.0473233457652198,0.05545081614166873,2421.109999999997,3241.9435714285714,0.00546134802615996,0.06142699696710651,-0.005192742483383098,0.9246031746031746,2,1
2021-02-02,35466.24,0.056248964732994,0.0447802724811957,0.05769295143873606,2566.3300000000017,3281.971428571429,0.00550749856912513,0.06582386722858619,-0.0045968596197941,0.9007936507936508,2,1
2021-02-03,37618.87,0.0589245281156269,0.0458284534702403,0.05971997559489962,2300.25,3230.895714285715,0.005304581937763939,0.07191100288646664,-0.0007012844624396941,0.9166666666666666,2,0
2021-02-04,36936.66,-0.0183012324165279,0.0470457580982639,0.04400304549023136,2546.3199999999997,3017.8471428571434,0.004708426124523266,0.03669237151234646,-0.0016332496625379028,0.9206349206349206,2,0
2021-02-05,38290.24,0.0359904796336572,0.0447106525866683,0.04192583579969657,1740.1200000000026,2786.675,0.0043707906083051366,0.03669237151234646,-0.009917647820338,0.8888888888888888,2,0
2021-02-06,39186.94,0.0231484945952598,0.0436899352307805,0.04059934790925806,2739.5699999999997,2834.798571428572,0.003788698547346846,0.038794768398815495,-0.008300264720991303,0.873015873015873,2,0
2021-02-07,38795.69,-0.0100343700350133,0.0418919725353044,0.041070078299512584,2349.0,2847.5128571428577,0.003589628641726735,0.03498806883058997,-0.007000136772168104,0.8412698412698413,2,0
2021-02-08,46374.87,0.1784485597042824,0.0397259319386511,0.059990323635711336,8805.559999999998,3264.6957142857145,0.0038865490212412353,0.039117750375041796,-0.0075974138265687,0.7936507936507936,2,0
2021-02-09,46420.42,0.0009817309404045,0.067712794305907,0.06014819950656936,3181.100000000006,3343.0235714285727,0.006812536604463319,0.039117750375041796,0.022932521824711304,1.0,2,0
2021-02-10,44807.58,-0.0353621270921635,0.0634267159650973,0.056921660146139835,3583.0,3362.125714285715,0.00791939619105695,0.026893619160090386,0.017598262494857,0.996031746031746,2,0
2021-02-11,47969.51,0.0681882792068613,0.0604964390503091,0.054980968166492984,4684.880000000005,3415.1971428571437,0.008458525873408946,0.026893619160090386,0.013450680952045206,0.9920634920634921,2,0
2021-02-12,47287.6,-0.0143174960635956,0.0606898495889523,0.056022150413985075,2860.800000000003,3146.932857142858,0.008851241748240226,0.02489199750780559,0.015979197002284,0.9920634920634921,2,0
2021-02-13,47153.69,-0.0028358377938655,0.057106024394669,0.0561265790858942,1947.4700000000012,3135.4664285714293,0.00901770680465749,0.022752654334663586,0.013416089163888499,0.9761904761904762,2,0
2021-02-14,48577.79,0.0297541636804208,0.0536220340388528,0.05363075947705975,2693.260000000002,3172.7692857142865,0.009023220559215788,0.019489157970368345,0.011730061503548404,0.9603174603174603,2,0
2021-02-15,47911.1,-0.0138192202196361,0.051264509917874,0.054654765338220564,3440.1299999999974,3245.5564285714295,0.008951162234761681,0.01866416905663835,0.011538577979222898,0.9404761904761905,2,0
2021-02-16,49133.45,0.0251928552278926,0.0484195020117384,0.05393631143344747,3685.5599999999977,3325.501428571429,0.008790188195064972,0.01866416905663835,-0.019293292294168603,0.9126984126984127,2,0
2021-02-17,52119.71,0.0590031225827925,0.046288601389596,0.053940310464533,3671.739999999998,3423.4650000000006,0.008766847645595448,0.01866416905663835,-0.017138114575501302,0.8809523809523809,2,0
2021-02-18,51552.6,-0.0109405424977389,0.0474446165601144,0.05353812115233067,1628.0999999999985,3357.877857142858,0.008750619589749781,0.017677045386742467,-0.013051822490194702,0.8928571428571429,2,0
2021-02-19,55906.0,0.0810690632665132,0.0448364113052868,0.055641026008215085,5657.800000000003,3637.7121428571436,0.008742741537891048,0.017677045386742467,-0.0158534382836655,0.8531746031746031,2,0
2021-02-20,55841.19,-0.0011599398117585,0.0494360282536658,0.05614857034427271,3836.529999999999,3716.0664285714292,0.008457845190200191,0.016371635148270582,-0.0076699961410032005,0.9285714285714286,2,0
2021-02-21,57408.57,0.0276818262015101,0.0465388239273407,0.055220065973131394,2875.2100000000064,3753.652857142858,0.008101146477024236,0.01720234712666195,-0.007083210111512105,0.876984126984127,2,0
2021-02-22,54087.67,-0.0595873467155065,0.0447307117579371,0.039832290218551954,9886.470000000001,3830.8607142857154,0.007581006129200082,0.027584095750452783,-0.0065337981599368974,0.8373015873015873,2,0
2021-02-23,48891.0,-0.1010129181393377,0.0462049567764192,0.0498669026154847,9291.029999999999,4267.284285714287,0.0064678851515853324,0.04405931513257947,-0.0022145452353192,0.8650793650793651,2,0
2021-02-24,49676.2,0.0159326147047771,0.0539770121274914,0.04864522794460723,4386.299999999996,4324.662857142857,0.005551706308205353,0.04516526156735513,0.007688410737895397,0.9642857142857143,2,0
2021-02-25,47073.73,-0.0538108492136757,0.0509736579651756,0.04783241203954959,5367.390000000007,4373.413571428572,0.004803957130267462,0.046334265749321785,0.0035290414050611965,0.9325396825396826,2,0
2021-02-26,46276.87,-0.0170728277211171,0.0508715799616247,0.047895514407147254,4317.330000000002,4477.4514285714295,0.003739241550916067,0.04645078607124703,0.006035168656337894,0.9285714285714286,2,0
2021-02-27,46106.43,-0.0036898485630647,0.0481626935234459,0.04789783106543892,3394.0,4580.775000000001,0.00301721136380315,0.046458284002316656,-0.0012733347302198994,0.8888888888888888,2,0
2021-02-28,45135.66,-0.0212797982274022,0.0453794080819776,0.04726551043325128,3638.459999999999,4648.289285714286,0.0027933556199221175,0.044371921842682654,-0.001159415845363096,0.8253968253968254,2,0
2021-03-01,49587.03,0.0940566861589413,0.0433265944002797,0.054065083143461,4839.470000000001,4748.242142857144,0.002921894954279416,0.04680923544643653,-0.0014041173576574,0.7817460317460317,2,0
2021-03-02,48440.65,-0.0233899703432953,0.0505460323511965,0.054052592608770426,3152.4000000000015,4710.159285714287,0.0030206179132383592,0.04481558124048138,0.004341075574777302,0.9206349206349206,2,0
2021-03-03,50349.37,0.0386467694160579,0.0481295658844597,0.05256730865269182,4539.290000000001,4772.127142857144,0.002991306918491182,0.04481558124048138,-0.005847446243031698,0.8809523809523809,2,0
2021-03-04,48374.09,-0.0400217668696818,0.0469453075156621,0.053494253555476406,4273.879999999997,4961.111428571429,0.003000079340718861,0.046616607973417955,-0.004028350449513496,0.8531746031746031,2,0
2021-03-05,48751.71,0.0077759339482508,0.0460105522587081,0.047748944272344856,3148.9300000000003,4781.9064285714285,0.002924471476098072,0.046616607973417955,-0.004861027702916597,0.8333333333333334,2,0
2021-03-06,48882.2,0.0026730482820571,0.0434529827916284,0.0478131231180345,2130.0,4660.011428571429,0.0031204483278437244,0.049442678667016904,-0.004709710731817494,0.7698412698412699,2,0
2021-03-07,50971.75,0.0418582356506611,0.0410413390319627,0.04880121069806462,2567.8300000000017,4638.055714285715,0.0035670664354446138,0.049442678667016904,-0.004338069050014902,0.7182539682539683,2,0
2021-03-08,52375.17,0.0271610663759531,0.0410044977283725,0.047299019458179485,3128.1100000000006,4155.315714285714,0.003884376622231941,0.04781807175051995,-0.002322096671907199,0.7142857142857143,2,0
2021-03-09,54884.5,0.0467983530801774,0.0397210149695781,0.03940795659724281,3105.5899999999965,3713.4985714285717,0.004329409474176528,0.031097605134320184,-0.010825017381618403,0.6865079365079365,2,0
2021-03-10,55851.59,0.017467017083069,0.0404039841151383,0.03943306310256342,4382.690000000002,3713.240714285715,0.004009020976108492,0.031097605134320184,-0.0077255817693214004,0.6984126984126984,2,0
2021-03-11,57773.16,0.0338263137446421,0.0386301132650555,0.03556969173950382,3877.1800000000003,3606.797142857143,0.004052282518451578,0.024111237120660725,-0.008315194250606603,0.6468253968253969,2,0
2021-03-12,57221.72,-0.0095907613783392,0.0381342782004597,0.03510996733060392,3118.6700000000055,3521.178571428572,0.003951127207685165,0.02326912131931473,-0.007876274058248402,0.623015873015873,2,0
2021-03-13,61188.39,0.0670239190495181,0.0362829564148028,0.037212575115096264,5765.769999999997,3690.5907142857145,0.004173335304296133,0.025950168845532518,-0.0071700263768256015,0.5555555555555556,2,0
2021-03-14,58968.31,-0.0369572846777312,0.0404354069991382,0.03876097313322395,2758.010000000002,3627.701428571429,0.004146122463068502,0.03002772106986518,-0.0006059320328244966,0.6984126984126984,2,0
2021-03-15,55605.2,-0.058723458898573,0.0400011494744563,0.03751974342321565,6033.43,3712.984285714286,0.004186067034987638,0.037563548170030193,-0.0010033482539162017,0.6865079365079365,2,0
2021-03-16,56900.75,0.0230318000015632,0.0421560133284123,0.03655376318585026,3666.9500000000044,3749.7378571428576,0.0034311446472557543,0.04033611918290684,0.002434998358834206,0.7420634920634921,2,0
2021-03-17,58912.97,0.0347527480866514,0.0404991965400796,0.036345512685856,4851.040000000001,3772.005714285715,0.002874398473143128,0.04033611918290684,9.521242494130167e-05,0.6944444444444444,2,0
2021-03-18,57648.16,-0.0217029406846247,0.0398601493980949,0.03464900470653556,3106.970000000001,3688.655000000001,0.002328793092261786,0.036664989615230494,0.0012300361330394027,0.6746031746031746,2,0
2021-03-19,58030.01,0.0066019610603849,0.0383528748062355,0.03466280820961815,3197.260000000002,3692.107142857144,0.001781338275875805,0.036664989615230494,0.00021859660577579904,0.6071428571428571,2,0
2021-03-20,58102.28,0.0012446152457563,0.0364161641173527,0.03469586912389862,2059.8300000000017,3687.095000000001,0.0017233880598534663,0.036664989615230494,0.0001332077025498965,0.5317460317460317,2,0
2021-03-21,57351.56,-0.0130048611725452,0.0345883194751328,0.0342004605660492,3138.989999999998,3727.892142857144,0.002099986205982284,0.03330589217558062,-0.005847087524005402,0.4801587301587302,2,0
2021-03-22,54083.25,-0.0586755185175178,0.0331732352661606,0.03805929097963394,4780.730000000003,3845.9364285714296,0.0025332504183634545,0.03870665046508284,-0.0068279142082956976,0.43253968253968256,1,0
2021-03-23,54340.89,0.0047524561397072,0.0366497909637713,0.035873293552413914,2830.9000000000015,3826.315714285716,0.002550005599387835,0.03870665046508284,-0.005506222364641003,0.5555555555555556,2,0
2021-03-24,52303.65,-0.0382108239119176,0.0348317714078057,0.03677789664518198,5500.0,3906.1235714285726,0.002622773912733089,0.03863620767656045,-0.005667425132273897,0.4880952380952381,2,0
2021-03-25,51293.78,-0.0194966610483522,0.0352653203080301,0.03521016844115557,2859.4400000000023,3833.4278571428586,0.002699616879283555,0.03679234906440892,-0.0045948290900648045,0.503968253968254,2,0
2021-03-26,55025.59,0.0702288524916596,0.0340952754621165,0.04100494439755957,3858.8600000000006,3886.2985714285724,0.0028516904345309165,0.03916527779552089,-0.004257599344118998,0.4444444444444444,2,0
2021-03-27,55817.14,0.0142826409255221,0.0393099319656047,0.036243309736364006,2750.3600000000006,3670.9121428571443,0.002880872067558074,0.03916527779552089,0.002893767848252002,0.6428571428571429,2,0
2021-03-28,55777.63,-0.0007080977298628,0.0375043472539021,0.03518422815367281,1867.9100000000035,3607.3335714285727,0.0027585947572160785,0.036590579203720934,0.0029160277787693006,0.5674603174603174,2,0
2021-03-29,57635.47,0.0327652838371843,0.0355811445431292,0.03263713786636213,3605.8099999999977,3433.9321428571443,0.002681973018581715,0.03142092927820041,0.0024079092769686006,0.5,2,0
2021-03-30,58746.57,0.0190945915543974,0.0353685090801057,0.03246368256929066,2296.6500000000015,3336.0535714285725,0.002262915373766209,0.03142092927820041,-0.0012812818836656012,0.49206349206349204,2,0
2021-03-31,58740.55,-0.0001024793186736,0.0341652599276772,0.031089225522105687,3031.0,3206.0507142857155,0.002030741872915141,0.029090153666157966,-0.000666511480128501,0.42857142857142855,2,0
2021-04-01,58720.44,-0.0003424115563213,0.0325330305782667,0.03047126251076723,1554.550000000003,3095.1635714285726,0.0019237708310786232,0.027909954428888297,-0.0027322897297633944,0.38095238095238093,1,0
2021-04-02,58950.01,0.0039019191524527,0.0310480430369696,0.030443767721511875,1771.4300000000003,2993.3185714285723,0.002091236622410665,0.027909954428888297,-0.0030472324251469007,0.3373015873015873,1,0
2021-04-03,57051.94,-0.0327277156301857,0.029725252096614,0.03175889264513425,2911.720000000001,3054.167857142858,0.0024803684788548045,0.028556659170692247,-0.009584679868990701,0.2896825396825397,1,0
2021-04-04,58202.01,0.0199578092350449,0.0303147016310993,0.032045204745590514,2104.8499999999985,2980.3007142857155,0.002727293536510105,0.030130041604948466,-0.0071896456228028,0.30952380952380953,1,0
2021-04-05,59129.99,0.0158183504903242,0.0297102311363528,0.02718032539386729,2494.230000000003,2816.9792857142866,0.0029784047052237644,0.02202997721481612,-0.005870913406776403,0.28174603174603174,1,0
2021-04-06,57991.15,-0.0194478280167693,0.0289220203649015,0.02804699228738967,2082.220000000001,2763.502142857144,0.0031614722632714505,0.021679936053812326,-0.006446488715204198,0.2619047619047619,1,0
2021-04-07,55953.45,-0.0357703176417736,0.0284454054817152,0.027766326718833223,3182.0,2597.930714285715,0.003399383196843848,0.021076682956858637,-0.005719854445962003,0.24603174603174602,1,0
2021-04-08,58077.52,0.0372585748250724,0.0295830115032661,0.028084605028115356,2453.3099999999977,2568.9214285714293,0.0034468929781248598,0.021328643335560178,-0.0029500190750006046,0.28174603174603174,1,0
2021-04-09,58142.54,0.0011189119465875,0.0307120962765523,0.021852632523667585,1240.9000000000015,2381.9242857142863,0.0034520823263147443,0.021328643335560178,-0.00033594676041729873,0.3373015873015873,1,0
2021-04-10,59769.13,0.0275917251060526,0.029397334162787,0.022613619582439383,3599.989999999998,2442.612142857143,0.0028851200435383727,0.021328643335560178,-0.00032791793382699885,0.2777777777777778,1,0
2021-04-11,60002.43,0.0038957544689939,0.029518177849569,0.022559417503057455,1466.4800000000032,2413.938571428572,0.002383022321616036,0.023362212039180607,-0.0007965237815302992,0.28174603174603174,1,0
2021-04-12,59860.0,-0.0023765589774438,0.0283410843286992,0.021170496520889166,1949.4100000000035,2295.6242857142865,0.0020980293533927373,0.021348742310307357,-0.0013691468076536019,0.24206349206349206,1,0
2021-04-13,63575.0,0.0602118088836309,0.0272616142879147,0.025935011194397443,3972.6199999999953,2415.336428571429,0.0017589542102742636,0.021348742310307357,-0.001660406076986802,0.1984126984126984,1,0
2021-04-14,62959.53,-0.0097281722840794,0.0324269579181443,0.026224983475932342,3553.0,2452.6221428571434,0.0014797534378751082,0.021714970348315852,0.003981552436429104,0.4126984126984127,1,0
2021-04-15,63159.98,0.0031787337071751,0.0311032859221101,0.02618713410739545,1780.0,2468.7257142857147,0.001321413321314522,0.023787065299004487,0.0015202744188440032,0.373015873015873,1,0
2021-04-16,61334.8,-0.0293234910328372,0.0297667409151848,0.0277719923518166,3520.6100000000006,2593.667142857143,0.0012679333826678778,0.02479579770864545,-0.0009453553613675003,0.31746031746031744,1,0
2021-04-17,60006.66,-0.021891825636386,0.0300015378115601,0.026840065798091232,2925.1399999999994,2594.6257142857144,0.0012711875331006923,0.022719808403578973,0.0006042036487730988,0.32936507936507936,1,0
2021-04-18,56150.01,-0.0664286967832303,0.0295697826562374,0.03218887510733335,9567.699999999997,3127.6864285714287,0.0012580483947600472,0.03275430161431445,5.160480666839898e-05,0.2976190476190476,1,0
2021-04-19,55633.14,-0.0092477924199965,0.0352656632136483,0.031782314092365725,3305.229999999996,3185.6149999999993,0.0019645488643475766,0.030812804936287696,0.006924578884949104,0.5119047619047619,2,0
2021-04-20,56425.0,0.0141332558447704,0.0336627375116585,0.03182273297280367,3746.279999999999,3304.4764285714277,0.0021592027231965086,0.03210966380961142,0.006401123223743799,0.45634920634920634,1,0
2021-04-21,53787.63,-0.0478688076233737,0.032383928432644,0.03295574554074624,3221.8900000000067,3307.325714285714,0.0021469471784235136,0.034286858558874936,-4.302948550029967e-05,0.4126984126984127,1,0
2021-04-22,51690.96,-0.0397606037870499,0.0344049089333059,0.03216985906652927,5021.480000000003,3490.7664285714286,0.0023418456065440727,0.03501789953431822,0.0033016230111958013,0.4722222222222222,2,0
2021-04-23,51125.14,-0.0110065585476526,0.0350719017279835,0.03205919180629343,4631.8499999999985,3732.977142857143,0.0025802446604565347,0.03321841964504321,0.005305160812798703,0.49603174603174605,2,0
2021-04-24,50047.84,-0.0212970047587344,0.0335396066943821,0.030362586009910972,2509.0800000000017,3655.0550000000003,0.002582993459325442,0.03222535189120717,0.0035380688828220014,0.44047619047619047,1,0
2021-04-25,49066.77,-0.0197973243840792,0.0326620601832181,0.03002609576738976,3637.9100000000035,3810.1571428571433,0.002524631990959075,0.03130011196304364,0.0030922775269806996,0.4126984126984127,1,0
2021-04-26,54001.39,0.0958277633710178,0.0317849794248213,0.04209104388805664,5603.18,4071.1407142857142,0.0023191363729928977,0.03281923074253338,-0.003480683788827002,0.373015873015873,1,0
2021-04-27,55011.97,0.0185410109430215,0.0428538500806239,0.038242801164475364,2238.0,3947.2392857142863,0.003349970087819269,0.03281923074253338,0.009191112568965404,0.75,2,0
2021-04-28,54846.22,-0.0030175287936096,0.0409029745440877,0.03829299475299466,2614.8399999999965,3880.2278571428574,0.003920971575280394,0.03268866349263612,0.008519046111443697,0.6984126984126984,2,0
2021-04-29,53555.0,-0.0238241059065469,0.0387041137709186,0.038266085678916185,2864.899999999994,3957.720714285714,0.004045502068752617,0.031984478098537925,0.004299204837612695,0.6190476190476191,2,0
2021-04-30,57694.27,0.0744486986071191,0.0374403530991051,0.04419785520345403,4949.989999999998,4059.8192857142853,0.0038972735608079467,0.03223849888757461,0.0023684513711215993,0.5595238095238095,2,0
2021-05-01,57800.37,0.0018373152182142,0.0425864494950156,0.04392842472254402,1501.9300000000003,3958.161428571428,0.004131115308682226,0.03318961697671187,0.009046842800633503,0.746031746031746,2,0
2021-05-02,56578.21,-0.0213712482896681,0.0402411317218919,0.040407781744136284,1875.7699999999968,3408.7378571428567,0.003874893660210879,0.025729176202833014,0.0075790715386738,0.6706349206349206,2,0
2021-05-03,57169.39,0.0103946865349158,0.0386780331975814,0.04038269393999271,2546.4400000000023,3354.5385714285717,0.0038961016751428313,0.02709334075941105,0.006893053772760102,0.6071428571428571,2,0
2021-05-04,53200.01,-0.0719600309696684,0.036800542325361,0.044707588957950246,4153.309999999998,3383.6121428571428,0.003791854255681636,0.03504067313724334,-0.006053307755262902,0.5317460317460317,2,0
2021-05-05,57436.11,0.0766146152879425,0.0416669080660365,0.04763815347959395,5169.82,3522.7499999999995,0.0037330127563021996,0.033089303826759085,0.000763933521948798,0.7182539682539683,2,0
2021-05-06,56393.68,-0.018316104117849,0.0462188817000233,0.046428429271076425,3160.0,3389.787142857142,0.004239779297766844,0.03064675814515645,0.0075147679291047015,0.8373015873015873,2,0
2021-05-07,57314.75,0.016200912209964,0.0439568726943324,0.04622087417701981,3408.3700000000026,3302.395714285714,0.004348993235517744,0.03249757342017753,0.006516519595227296,0.7777777777777778,2,0
2021-05-08,58862.05,0.0266385629076566,0.0418092534625436,0.04564252970285425,2600.0,3308.8899999999994,0.00408245484324867,0.03400755684575916,-0.0007771960324720051,0.7182539682539683,2,0
2021-05-09,58240.84,-0.0106097437438776,0.0404075006811776,0.04522067087174584,3064.3399999999965,3267.920714285713,0.0035386458183898346,0.033315952498384156,0.00016636895928569956,0.6587301587301587,2,0
2021-05-10,55816.14,-0.042523751986188,0.0383844330301344,0.04041099755980024,6100.0,3303.407857142856,0.0026454426864340923,0.03478091765040621,-0.0002936001674470057,0.5674603174603174,2,0
2021-05-11,56670.02,0.0151822482267274,0.0387804283377313,0.04031741264706355,2492.4300000000003,3321.5814285714273,0.002621430083102691,0.03478091765040621,0.0019798860123702994,0.5912698412698413,2,0
2021-05-12,49631.32,-0.1326232370397786,0.0370587376028415,0.05410900833119428,9400.010000000002,3806.236428571428,0.002769714494617062,0.06100094045073568,-0.004608170463194998,0.5158730158730159,2,1
2021-05-13,49670.97,0.0007985717571479,0.0546646529965965,0.05392472427347909,5367.190000000002,3984.9714285714285,0.004712269810571362,0.06516672863876811,0.008445771296573201,0.9682539682539683,2,1
2021-05-14,49841.45,0.0034263093346638,0.0513605228692261,0.04894843243882126,2683.25,3823.0614285714287,0.005263554359088714,0.06516672863876811,0.007403650174893701,0.9325396825396826,2,1
2021-05-15,46762.99,-0.0637548890528592,0.0483234019159144,0.0507863993662478,4145.0,4011.852142857143,0.00550296346001288,0.0649669157637897,0.0065141484533708036,0.8809523809523809,2,1
2021-05-16,46431.5,-0.0071139698928188,0.0497598929630608,0.05079469400924666,5970.5,4304.332857142857,0.005752914697622607,0.06451885584982416,0.009352392281883198,0.9047619047619048,2,1
2021-05-17,43538.04,-0.0643430694922599,0.046889569010016,0.05193493201556148,4685.0,4457.087142857143,0.005650019032551381,0.06449690875623275,0.008505135979881603,0.8333333333333334,2,0
2021-05-18,42849.78,-0.0159345278743998,0.0486326559549971,0.049687951768757975,3549.270000000004,4413.941428571429,0.005367184903485631,0.05953410055831752,0.009852227617265799,0.8809523809523809,2,0
2021-05-19,36690.09,-0.1551938194929309,0.04607244356867,0.05498803834839624,13584.900000000001,5015.018571428572,0.005294802132646079,0.07633231050487024,0.009013705965828497,0.8055555555555556,2,0
2021-05-20,40526.64,0.099452844300643,0.0654590999357365,0.06528789436128382,7601.669999999998,5332.280714285715,0.007589094594563852,0.08070324882947048,0.010794446939139994,0.996031746031746,2,1
2021-05-21,37252.01,-0.0842536325479503,0.0689000821410492,0.06609236574636207,8712.0,5711.111428571428,0.009598032678266458,0.08110541122554062,0.017539559271823102,1.0,2,1
2021-05-22,37449.73,0.0052935972230834,0.0697871851400142,0.06490151545854099,3628.3799999999974,5784.567142857143,0.010954580483065027,0.08110541122554062,0.021463783224099794,1.0,2,1
2021-05-23,34655.25,-0.077550271014255,0.0653684978077382,0.06564224787021378,7159.630000000001,6077.087857142857,0.01124459066034754,0.08505179300654273,0.015608604844677396,0.9841269841269841,2,1
2021-05-24,38796.29,0.1128753941906151,0.0659619641323362,0.0768355970189688,5889.0,6062.016428571429,0.011070685982644903,0.08894942239811572,0.019072395122320195,0.9880952380952381,2,0
2021-05-25,38324.72,-0.0122295047056653,0.071332146516978,0.07605120646326707,3372.149999999994,6124.853571428571,0.011030109568470819,0.08396133947968962,0.022699490561980902,1.0,2,0
2021-05-26,39241.91,0.0236501895390759,0.0668898156495217,0.07079090682077101,3040.5599999999977,5670.607142857143,0.009822013487944028,0.07571049773818017,0.020817372080851708,0.9841269841269841,2,0
2021-05-27,38529.98,-0.0183086687723061,0.0631066882823608,0.0706099542755624,3276.8700000000026,5521.298571428572,0.009825679572713499,0.07164095902819675,-0.0023524116533756995,0.9642857142857143,2,1
2021-05-28,35663.49,-0.0773091631552098,0.0594438831180047,0.0719962464910861,4193.830000000002,5629.197142857142,0.009568018068279014,0.07222779922029796,-0.009456199023044502,0.9523809523809523,2,0
2021-05-29,34605.15,-0.0301249614885215,0.0608758952652883,0.07112021346811588,3705.8199999999997,5597.827142857143,0.008989666633510607,0.07000812612020069,-0.008911289874725899,0.9603174603174603,2,0
2021-05-30,35641.27,0.0295017211685415,0.0578848439401659,0.07235278060701109,3109.0,5393.434285714285,0.008483647348216574,0.07375693463516447,-0.007483653867572292,0.9365079365079365,2,0
2021-05-31,37253.81,0.0442499853876316,0.0551257590632366,0.07292387846872826,3345.1600000000035,5297.731428571428,0.007661752511683863,0.07485046598827687,-0.010836205069099596,0.9246031746031746,2,0
2021-06-01,36693.09,-0.0151657675200915,0.0536347490831536,0.07292027525304709,2228.8099999999977,5203.412857142857,0.007097635564764927,0.07483049962681575,-0.017697397433824404,0.9047619047619048,2,0
2021-06-02,37568.68,0.0235822705986556,0.0506358877160857,0.0603039235158451,2305.0,4397.705714285714,0.006370971220677324,0.054394994237109924,-0.016253927933436003,0.8650793650793651,2,0
2021-06-03,39246.79,0.0436989328915871,0.0482207451523711,0.05495487289382119,2306.0,4019.443571428571,0.007338591690047346,0.054394994237109924,-0.014885943129989698,0.8095238095238095,2,1
2021-06-04,36829.0,-0.0635840791345625,0.047464717106137,0.05281971772917927,3733.9199999999983,3663.866428571428,0.007833795066734477,0.05022231761769978,-0.0119791660118677,0.7857142857142857,2,1
2021-06-05,35513.2,-0.0363811199546404,0.0490157006791076,0.05361724044749202,3125.0,3627.910714285714,0.007741863122511881,0.048707743477559295,-0.011860194586180699,0.8333333333333334,2,0
2021-06-06,35796.31,0.0079403571133322,0.0475563364005252,0.04926218362804327,1258.0,3206.365714285714,0.007936391626431423,0.043037375223704204,-0.0103285075396407,0.7817460317460317,2,0
2021-06-07,33552.79,-0.0647247960449863,0.044876164513145,0.04072921430409077,3600.0,3042.865714285714,0.008091646618090215,0.04630713887470057,-0.010249594550091598,0.7063492063492064,2,0
2021-06-08,33380.81,-0.0051388354567869,0.0470083380627827,0.040748418244723264,3068.010000000002,3021.141428571428,0.0069454347865636114,0.04614062165081935,-0.006626411020370898,0.7619047619047619,2,0
2021-06-09,37388.05,0.1133699506800915,0.0443314122278111,0.05194249651010552,5137.970000000001,3170.9564285714287,0.006228738988456254,0.04614062165081935,-0.006304475488274605,0.6825396825396826,2,0
2021-06-10,36675.72,-0.0192361789087449,0.0550465956123594,0.05196348403417982,2709.0,3130.394285714286,0.00545616313519833,0.04618776753290272,0.006825850459988306,0.9206349206349206,2,0
2021-06-11,37331.98,0.0177353762317551,0.0520674958532945,0.04760810910284997,1743.6300000000047,2955.3800000000006,0.00496498595401292,0.03980267803199186,0.004602778747157504,0.8809523809523809,2,0
2021-06-12,35546.11,-0.0490196050552569,0.0492820423085474,0.048878374358132436,2863.269999999997,2895.1978571428576,0.0040748572015191975,0.04240144981469605,0.00026634162943980216,0.8293650793650794,2,0
2021-06-13,39020.57,0.0932582160669781,0.0489056993258136,0.05431410212652809,4623.0,3003.3407142857145,0.003418104344747722,0.04240144981469605,0.0013493629252884012,0.8174603174603174,2,0
2021-06-14,40516.29,0.0376151724833828,0.0546473814973573,0.053987061529219366,2334.050000000003,2931.1185714285716,0.0033595608715350817,0.04240144981469605,0.009771216984212301,0.9126984126984127,2,0
2021-06-15,40144.04,-0.0092301294285572,0.052697851618941,0.0538311674241196,1823.5999999999985,2902.1749999999997,0.0032787520232275074,0.04215680831221821,0.0056895135561583,0.8849206349206349,2,0
2021-06-16,38349.01,-0.0457452734195307,0.0496303065043282,0.055299707113851515,2411.1299999999974,2909.7557142857145,0.0032608239907859025,0.0426218920417363,0.005298894276517106,0.8293650793650794,2,0
2021-06-17,38092.97,-0.0066989619448758,0.0488953469127677,0.05396338839581426,2194.8799999999974,2901.818571428571,0.0032479818215739894,0.040246299403213996,-0.006151248699591702,0.8015873015873016,2,0
2021-06-18,35819.84,-0.0615278208278233,0.0460877574543901,0.05378576866631587,3073.5499999999956,2854.6492857142853,0.003330487031601316,0.03988959646784653,-0.005979738398904401,0.6984126984126984,2,0
2021-06-19,35483.72,-0.0094279300974431,0.0475940578344661,0.052935522823574034,1653.4800000000032,2749.540714285714,0.0033609995992787615,0.038131234111912105,-0.0016879844740812985,0.75,2,0
2021-06-20,35600.16,0.0032761324830961,0.0449394646830018,0.0528959653772692,2801.720000000001,2859.806428571428,0.0035273521444118923,0.038131234111912105,-0.003966234642811803,0.6626984126984127,2,0
2021-06-21,31608.93,-0.1189104566227605,0.0424112664717748,0.05953145565158426,4498.77,2924.0042857142857,0.0038000371690286006,0.05059239798543012,-0.0122361150255825,0.5833333333333334,2,1
2021-06-22,32509.56,0.0280945243199397,0.0548979341490796,0.060153182316655715,4493.779999999999,3025.8450000000003,0.004084336256841285,0.05363057543905511,0.0022000825301385987,0.9166666666666666,2,1
2021-06-23,33678.07,0.0353126837670956,0.0523315225191057,0.05166712112313506,3198.0,2887.2757142857145,0.003876796250342128,0.05363057543905511,0.002701216014777498,0.8690476190476191,2,0
2021-06-24,34663.09,0.0288285483794492,0.0504525298310483,0.05241622929880561,3011.4300000000003,2908.877857142857,0.003597459306271145,0.05687062811628337,0.0015571829182806016,0.8293650793650794,2,0
2021-06-25,31584.45,-0.0930105212036931,0.0483377414831317,0.05703200194169048,4225.0,3086.1185714285707,0.0035408406196506706,0.06254082211940339,0.002249984028741596,0.7698412698412699,2,0
2021-06-26,32283.65,0.0218959992498124,0.05416491588039,0.05663340923302729,2579.0,3065.8135714285713,0.003765397396951446,0.06424052322682476,0.0065708580459238955,0.9007936507936508,2,1
2021-06-27,34700.34,0.0721885750559536,0.0513653324371559,0.05398580907647822,2775.5499999999993,2933.8528571428574,0.0037821344224553497,0.06424052322682476,0.006425867754154102,0.8531746031746031,2,1
2021-06-28,34494.89,-0.0059382880506682,0.0534154854838581,0.05236181111663205,1434.989999999998,2869.634285714285,0.003675760956076127,0.06012817251106817,0.011004219012083295,0.8809523809523809,2,0
2021-06-29,35911.73,0.0402527859480734,0.0502418837201898,0.054165284753171644,2374.5699999999997,2908.989285714285,0.0035843706214242943,0.06418498015991222,-0.0046560504288898005,0.8095238095238095,2,0
2021-06-30,35045.0,-0.0244310331208215,0.048956194939908,0.05331433771207612,2082.449999999997,2885.512142857143,0.0035888349924296653,0.06249825950264687,-0.003375327579197701,0.7777777777777778,2,1
2021-07-01,33504.69,-0.0449475209203527,0.0467354295649191,0.054299779279628584,2346.5699999999997,2896.347142857142,0.0036660328687602886,0.06471655852558467,-0.003717100266129203,0.6785714285714286,2,1
2021-07-02,33786.55,0.0083773652682026,0.0462772612912493,0.052291504097562,1278.0400000000009,2768.096428571429,0.0036530952878513316,0.06523286223975772,-0.0020604801918823953,0.6626984126984127,2,0
2021-07-03,34669.13,0.025786871340955,0.0437090186261542,0.05286318095678381,1628.8799999999974,2766.339285714285,0.003940160765735589,0.07133452464273521,-0.010455897254235798,0.5793650793650794,2,1
2021-07-04,35286.51,0.0176510722845968,0.0420623065812776,0.0531054587432306,1610.699999999997,2681.2664285714272,0.004240778795801957,0.07133452464273521,-0.009303025855878298,0.5277777777777778,2,1
2021-07-05,33690.14,-0.0462955249800955,0.0401440747485375,0.043306783683559016,2168.229999999996,2514.799285714285,0.004542414161614917,0.051858752335501135,-0.0132714107353206,0.44841269841269843,2,1
2021-07-06,34220.01,0.0156053477451791,0.040707838403276,0.042911410793744366,1586.8799999999974,2307.1635714285703,0.004656935842657831,0.051858752335501135,-0.009534045316913799,0.4722222222222222,2,1
2021-07-07,33862.12,-0.010513575195608,0.0388269667767626,0.04205060311412848,1281.3199999999997,2170.2578571428558,0.005025395878813001,0.047534524702872415,-0.010129228163145397,0.39285714285714285,2,0
2021-07-08,32875.71,-0.0295628982722728,0.0369396738664215,0.04190841142739741,1852.6399999999994,2087.4871428571414,0.005543759447984259,0.04540476876563373,-0.009795755698497596,0.3055555555555556,2,0
2021-07-09,33815.81,0.0281943573837484,0.0362838095764469,0.03379053957850295,1838.9300000000003,1917.0535714285702,0.006041204163939745,0.031038132815516976,-0.009993451714802405,0.2698412698412698,2,0
2021-07-10,33502.87,-0.0092973378034351,0.0355948108994268,0.033609873392884286,1257.2200000000012,1822.640714285713,0.005908463834063172,0.02894979551438567,-0.008114207726727399,0.25396825396825395,2,0
2021-07-11,34258.99,0.0223179052145461,0.0339632373872484,0.02781595913164925,1359.5299999999988,1721.4964285714273,0.005992966099268579,0.02894979551438567,-0.008099069194029203,0.17857142857142858,1,0
2021-07-12,33086.63,-0.0348197387278652,0.0331065936905511,0.029251185990720456,2020.0900000000001,1763.2892857142847,0.005569266954500574,0.03172152392839307,-0.007037481057986399,0.15079365079365079,1,0
2021-07-13,32729.77,-0.0108442119936658,0.0334264417566551,0.02650075669127664,1137.75,1674.944999999999,0.005217453584991981,0.029919438698237776,-0.007281396646620898,0.1626984126984127,1,0
2021-07-14,32820.02,0.0027536337500606,0.0320435615219178,0.026088608611571775,1564.0299999999988,1637.914999999999,0.004872624994353005,0.03062330372396203,-0.006783405254844804,0.10714285714285714,1,0
2021-07-15,31880.0,-0.0290598411242672,0.0306154893539584,0.024499675905889678,2052.25,1616.8921428571418,0.00469308147945637,0.02774553206263847,-0.006324184512463103,0.06349206349206349,1,0
2021-07-16,31383.87,-0.0156847872614243,0.030708498598638,0.024442484677909472,1229.1800000000003,1613.4021428571418,0.004253569656047682,0.026539391471707755,-0.005575310977808896,0.06746031746031746,1,0
2021-07-17,31520.07,0.0043304191388049,0.0298056853021006,0.022973973313651964,791.609999999997,1553.5971428571418,0.004005265026357092,0.026539391471707755,-0.0057891255973262015,0.051587301587301584,1,0
2021-07-18,31778.56,0.0081673627659011,0.0286071130657323,0.022328239116991836,1326.0299999999988,1533.2635714285705,0.0038703806317849664,0.026539391471707755,-0.005356124321516099,0.015873015873015872,1,0
2021-07-19,30839.65,-0.0299906488321024,0.0276118591578043,0.020498072414547677,1491.5600000000013,1484.9299999999996,0.0038742242660160103,0.02342775539209922,-0.005494734532746799,0.007936507936507936,1,0
2021-07-20,29790.35,-0.0346166841679895,0.0282274135232931,0.020759776913148252,1785.0699999999997,1499.0864285714283,0.003491684886999175,0.0249203009712577,-0.005199028233362001,0.011904761904761904,1,0
2021-07-21,32144.51,0.0760571584840477,0.0292635424291714,0.03095386922727035,3375.3899999999994,1648.6628571428569,0.0030815265030246486,0.026169298187687665,-0.002780019092746399,0.031746031746031744,1,0
2021-07-22,32287.83,0.0044487049941128,0.0369407873773351,0.030092128869021524,883.3499999999985,1579.4278571428567,0.0030816673965725562,0.025647869270543296,0.006325298023376703,0.3253968253968254,2,0
2021-07-23,33634.09,0.0408497569173231,0.0350934238902531,0.031215052148737873,1725.6800000000003,1571.338571428571,0.002964760941708125,0.025647869270543296,0.004384925291615098,0.25,2,0
2021-07-24,34258.14,0.0183840647434543,0.0357810440877075,0.03148264689991027,1098.8600000000006,1560.0271428571425,0.002983521893910299,0.027441610425899356,0.005975358785606899,0.2698412698412698,2,0
2021-07-25,35381.02,0.0322513174592966,0.0344974286889917,0.03209171597971173,1546.8799999999974,1573.4092857142853,0.003016554139315974,0.027441610425899356,0.005890315623259399,0.21825396825396826,2,0
2021-07-26,37237.6,0.0511434853372776,0.0343763308308092,0.03266151417367179,5344.220000000001,1810.8471428571424,0.0030761362487900868,0.025713178300335312,0.006764471673004903,0.20634920634920634,2,0
2021-07-27,39457.87,0.0579145169242298,0.0364876492961356,0.03464759534884568,3159.6100000000006,1955.2657142857138,0.0032920277535451055,0.028232254416538403,0.0082602357728425,0.30158730158730157,2,0
2021-07-28,40019.56,0.0141348141674519,0.0391744365863697,0.034513016672915155,2128.0,1995.5492857142854,0.003788921230177702,0.028232254416538403,0.009910894157198303,0.4087301587301587,2,0
2021-07-29,40016.48,-7.696532715684157e-05,0.0373755804415095,0.0325331700815616,1440.0,1951.8171428571425,0.003936682459797455,0.024206261149001006,0.0004347930641743977,0.32936507936507936,2,0
2021-07-30,42206.37,0.0532797882525404,0.0354627312675749,0.03254912545568235,4003.479999999996,2149.981428571428,0.003915862692388901,0.026443397183534015,0.0003693073773217981,0.25,2,0
2021-07-31,41461.83,-0.017797912555153,0.0376744927131357,0.03393706603057026,1447.8499999999985,2196.855714285714,0.003912790050623656,0.02456891051277649,0.0018934486254282012,0.3373015873015873,2,0
2021-08-01,39845.44,-0.0397652753830737,0.0361745563683724,0.037416695540961165,3176.989999999998,2329.0671428571422,0.0036158168641369838,0.028269427236613635,0.001677127679380698,0.2619047619047619,2,0
2021-08-02,39147.82,-0.0176632319625902,0.0365842899854474,0.0363777556663116,1790.010000000002,2350.3849999999993,0.003033762678719172,0.026108823517825338,0.0022079591546382005,0.2896825396825397,2,0
2021-08-03,38207.05,-0.0243246840587865,0.0351838513197905,0.035342844533939,2137.970000000001,2375.5921428571423,0.00227466443696737,0.023671623346100262,-0.0013037979763450974,0.2222222222222222,2,0
2021-08-04,39723.18,0.0389148428370891,0.0343303457013681,0.031853007824981405,2461.100000000006,2310.285714285714,0.0014055372932551236,0.023671623346100262,-0.004844090885001602,0.17857142857142858,2,0
2021-08-05,40862.46,0.0282768967619553,0.0349137283896387,0.03187549079534294,4017.300000000003,2534.139285714286,0.0014145562193860503,0.023671623346100262,-0.0024618520518708,0.20238095238095238,2,0
2021-08-06,42836.87,0.0471873871947696,0.0343925270669147,0.032285329364867284,3538.5699999999997,2663.631428571429,0.0014584099623426595,0.023671623346100262,-0.001070204200660195,0.18253968253968253,2,0
2021-08-07,44572.54,0.0397187939887189,0.0359664683327413,0.032840414250711866,2253.5899999999965,2746.1121428571428,0.0014582219501015129,0.023671623346100262,-0.001708024380394399,0.25793650793650796,2,0
2021-08-08,43794.37,-0.017612704032917,0.0364008488945629,0.033954389942008154,2049.0,2781.9778571428574,0.001405202461576386,0.022774020661524706,0.00022629252619050383,0.2777777777777778,2,0
2021-08-09,46253.4,0.054629704462167,0.0350158992927306,0.03424947304686754,3675.1500000000015,2662.7585714285715,0.0013566692962322948,0.022774020661524706,-0.0015683906927168034,0.21825396825396826,2,0
2021-08-10,45584.99,-0.0145564791035255,0.0375040568503721,0.032789178095488744,2110.540000000001,2587.8250000000003,0.0014063759055132734,0.021790650637505394,0.0023202055305815983,0.34523809523809523,2,0
2021-08-11,45511.0,-0.0016244406865872,0.0358753951530734,0.03291804028974849,1402.3300000000017,2535.991428571429,0.001105537077937143,0.020391376835518425,0.001545049451705298,0.2619047619047619,2,0
2021-08-12,44399.0,-0.0247371083178276,0.0340962207374303,0.03409064716861264,2448.1200000000026,2608.0000000000005,0.0011203103729081087,0.022187791119924742,-0.0008175076522084004,0.17063492063492064,2,0
2021-08-13,47800.0,0.0738086928353904,0.0333950576658958,0.03656642117054342,3668.6100000000006,2584.080714285715,0.0012770454507376274,0.022187791119924742,-0.0009974694010188995,0.15079365079365079,1,0
2021-08-14,47068.51,-0.0154214395673317,0.0394412816311615,0.036438294451354644,2172.970000000001,2635.875000000001,0.0015604523177985756,0.02196428835991301,0.0034748132984201985,0.44047619047619047,2,0
2021-08-15,46973.82,-0.0020137746906012,0.0376684979700334,0.033852295015061,1872.2699999999968,2542.680714285715,0.0016468538066544628,0.01689015196598339,0.0012676490754705005,0.36507936507936506,2,0
2021-08-16,45901.29,-0.0230972039927408,0.0357361819889977,0.03424443434296146,2393.8300000000017,2585.810714285715,0.0016300768677333173,0.01769077774007588,0.0007202826962671022,0.26587301587301587,2,0
2021-08-17,44695.95,-0.0266103277588527,0.0347383581035038,0.034432618777257236,2784.0,2631.955714285715,0.001645384860161159,0.018097403906582495,-0.0027656987468683003,0.21031746031746032,2,0
2021-08-18,44705.29,0.0002089456484934,0.0341049030181475,0.033579865571931385,1796.7200000000012,2584.5000000000005,0.0016606084918992015,0.018097403906582495,-0.0017704921349258954,0.17857142857142858,2,0
2021-08-19,46760.62,0.0449495565754816,0.032478105263678,0.03461712873261069,3105.300000000003,2519.3571428571436,0.0018604413597129138,0.018097403906582495,-0.0016181154737522976,0.12698412698412698,1,0
2021-08-20,49322.47,0.0533383624332675,0.0340884216016396,0.03516515488353209,2760.0,2463.7450000000003,0.0018759102225855745,0.018097403906582495,0.0006933639357437973,0.17063492063492064,2,0
2021-08-21,48821.87,-0.0102013899401107,0.0365661300503432,0.03445122097934546,1535.0400000000009,2412.420000000001,0.001894990698610517,0.01739794554274246,-0.0028751515808183026,0.31746031746031744,2,0
2021-08-22,49239.22,0.0085120922059154,0.034871929076132,0.033744716301469,1450.0,2369.6342857142868,0.0018835875274088875,0.017370914046988716,-0.0027965688939014036,0.21428571428571427,2,0
2021-08-23,49488.85,0.0050569312652992,0.0332855259371559,0.03100706680555389,1471.0,2212.1950000000006,0.0019656176648656693,0.017370914046988716,-0.002450656051841804,0.1388888888888889,1,0
2021-08-24,47674.01,-0.037361006005776,0.0317722262414939,0.03265880848468927,2260.0,2222.870714285715,0.0020602756241197306,0.02120714185273211,-0.002966131862009898,0.0992063492063492,1,0
2021-08-25,48973.32,0.0268892743558541,0.0325652968233738,0.03321905346847994,2138.020000000004,2275.420000000001,0.0021244106605665856,0.02266307291278346,-0.001539606194773703,0.12301587301587301,1,0
2021-08-26,46843.87,-0.0444555030189146,0.0322144870499993,0.03496009484341063,3102.8399999999965,2322.1857142857148,0.0022181808000980457,0.026618123089589503,-0.0002636182136786999,0.10714285714285714,1,0
2021-08-27,49069.9,0.0464256551873081,0.0338057805622095,0.03132024950866263,2801.9300000000003,2260.28,0.0022051957991849874,0.026618123089589503,-0.0002826410394300982,0.1626984126984127,1,0
2021-08-28,48895.35,-0.0035635122599497,0.0353805013374799,0.030975017102969998,952.1200000000026,2173.076428571429,0.001723018075769877,0.026007002241115518,-0.0011856287128632972,0.2619047619047619,2,0
2021-08-29,48767.83,-0.0026114257690359,0.0336595722851654,0.030982453720710013,1869.729999999996,2172.8950000000004,0.0014136889013619354,0.026014593198621618,-0.0012123567909666025,0.15873015873015872,1,0
2021-08-30,46982.91,-0.0372869556016333,0.0320831232173764,0.03210235163478256,2035.6100000000006,2147.3078571428573,0.001395192001824469,0.028269492998597535,-0.0012024027197794981,0.10714285714285714,1,0
2021-08-31,47100.89,0.0025079782457915,0.0328202318693029,0.031055814443871853,1546.1100000000006,2058.8871428571433,0.0013780539415760432,0.028536643394504537,0.001048005627808997,0.1388888888888889,1,0
2021-09-01,48810.52,0.0356539665870307,0.0313189337871419,0.03217030699249642,2644.0,2119.4071428571433,0.0014884494583418822,0.028536643394504537,-0.0012463630362318998,0.09523809523809523,1,0
2021-09-02,49246.64,0.0088952785436191,0.0319888160447206,0.0302202007749972,1866.0699999999997,2030.8907142857145,0.0015160044102032024,0.028536643394504537,-0.00022567100527870476,0.10714285714285714,1,0
2021-09-03,49999.14,0.0151646633397,0.0306820826552533,0.026941202502715977,2683.1600000000035,2025.4021428571432,0.0016498978899246379,0.028536643394504537,-0.0031236979069562028,0.07936507936507936,1,0
2021-09-04,49915.64,-0.0016714247769797,0.0297552491245623,0.02676492106538708,1165.6900000000023,1999.0200000000004,0.0015410544132425633,0.028239350209195758,-0.005625252212917601,0.05952380952380952,1,0
2021-09-05,51756.88,0.0362229896654859,0.0285337085894316,0.028297572203764897,2450.0,2070.448571428572,0.001736461995226915,0.028239350209195758,-0.005125863695733798,0.023809523809523808,1,0
2021-09-06,52663.9,0.0173728411647218,0.029711329970418,0.02853803903283541,1810.6699999999983,2094.7107142857144,0.0018149886018687701,0.028239350209195758,-0.0023717932469583987,0.05952380952380952,1,0
2021-09-07,46863.73,-0.1166861826166698,0.0290116615604566,0.04211931698697896,10076.949999999997,2653.0642857142857,0.0019706402254399276,0.05323624367745595,-0.0038085703088463,0.03571428571428571,1,1
2021-09-08,46048.31,-0.0175529659288571,0.0461682508703405,0.04150777343177414,2928.970000000001,2709.5607142857143,0.004353354616424111,0.049731697937478794,0.014849317083198602,0.6507936507936508,2,1
2021-09-09,46395.14,0.0075036495792115,0.0438796568012872,0.039944132139120445,1886.8899999999994,2622.707142857143,0.005280673314978692,0.050557559127440255,0.0118908407565666,0.5793650793650794,2,1
2021-09-10,44850.91,-0.033850834213096,0.0414922402110952,0.038392489298857274,2900.709999999999,2629.7628571428572,0.005699492178213704,0.04852433805608747,0.010810157555841898,0.5158730158730159,2,0
2021-09-11,45173.69,0.0071709595640001,0.0406607136623459,0.03856078090303523,1265.7099999999991,2652.1621428571425,0.005963971822523483,0.05239208125096038,0.010905464537783603,0.4880952380952381,2,1
2021-09-12,46025.24,0.01867510394481,0.0385367668664858,0.03910582993457656,1717.9400000000023,2641.32,0.006058348672001515,0.05738076598006725,0.010003058277054201,0.4166666666666667,2,1
2021-09-13,44940.73,-0.0238454311568698,0.036997064935277,0.03838768166887776,3510.0,2746.6335714285715,0.006033615628425525,0.05593040148490812,0.007285734964858997,0.376984126984127,2,0
2021-09-14,47111.52,0.0471730465973756,0.0359137163032638,0.04068362700635346,2655.5599999999977,2825.88,0.0059998123085705105,0.05593040148490812,0.006902054742807202,0.3253968253968254,2,0
2021-09-15,48121.41,0.0212096353194688,0.0372319273094465,0.03988565749544512,1817.6800000000003,2766.8571428571427,0.005902909976924192,0.05593040148490812,-0.008936323560894001,0.3888888888888889,2,0
2021-09-16,47737.82,-0.0080032365681805,0.0359596100269508,0.03981829645896647,1535.9000000000015,2743.2735714285714,0.005802597967289171,0.05116167323117524,-0.0079200467743364,0.32936507936507936,2,0
2021-09-17,47299.98,-0.0092140831898284,0.0342624209075585,0.03953145489321353,1450.4400000000023,2655.222142857143,0.005624548183029769,0.04749436083204345,-0.007229819303536694,0.23015873015873015,2,0
2021-09-18,48292.74,0.0207713661369393,0.0327508158035264,0.04008277224087695,1807.6399999999994,2701.075714285714,0.005409540733167417,0.05129523453357257,-0.0079098978588195,0.16666666666666666,1,0
2021-09-19,47241.75,-0.0220032032815176,0.0319257677982268,0.038770634891275024,1543.6500000000015,2636.3364285714283,0.005091526855359126,0.048212842790770837,-0.006610999068259002,0.12698412698412698,1,0
2021-09-20,43015.62,-0.0937147299741436,0.0312764522105414,0.04445543206333104,4847.25,2853.235,0.004940015863806728,0.055961815200076086,-0.005720612724735598,0.11507936507936507,1,0
2021-09-21,40734.38,-0.0544908522258218,0.0420566799488424,0.035698560376247725,4039.0,2421.9528571428573,0.0045611426262397985,0.04243728585593285,0.006142963645578599,0.5634920634920635,2,0
2021-09-22,43543.61,0.0666905113136806,0.0433096335451446,0.04103147001500623,3435.1600000000035,2458.109285714286,0.004207695612836045,0.04487964736563406,0.006077706235698102,0.5873015873015873,2,0
2021-09-23,44865.26,0.0299008112625429,0.0459965025556066,0.04194082826903309,1908.9100000000035,2459.6821428571434,0.004480320517220396,0.04487964736563406,0.010036892528655798,0.6587301587301587,2,0
2021-09-24,42810.57,-0.0468787411821711,0.0443850128786126,0.04282759593443499,4525.0,2575.7028571428577,0.004726581456126068,0.04652344513644725,0.010122591971054098,0.623015873015873,2,0
2021-09-25,42670.64,-0.0032739387986815,0.04442380649633,0.04272152253113485,1320.5599999999977,2579.620714285715,0.004992286326190735,0.043534089095221745,0.0116729906928036,0.626984126984127,2,0
2021-09-26,43160.9,0.0114238968982114,0.0419373934431425,0.042467735368418746,3200.0,2685.4821428571436,0.0050908424356523605,0.043534089095221745,0.0100116256449157,0.5634920634920635,2,0
2021-09-27,42147.35,-0.0237631810423177,0.039804782360845,0.042464872193070824,2252.0,2595.6250000000005,0.0050841174970809,0.04352846696846586,0.008528330150303597,0.49206349206349204,2,0
2021-09-28,41026.54,-0.0269526374133874,0.038424506403495,0.04006876415850711,1899.3799999999974,2541.612142857143,0.005023730739279736,0.04201093000178792,-0.0036321735453474016,0.44841269841269843,2,0
2021-09-29,41524.28,0.0120591420384474,0.0374017335246191,0.039594467522955,1836.1200000000026,2542.9292857142864,0.005019755789597876,0.04201093000178792,-0.0059079000205255056,0.4166666666666667,2,0
2021-09-30,43824.1,0.0539055779762129,0.0356900358334986,0.043192266346836386,2731.2000000000044,2628.307857142858,0.005032201974350674,0.04446938885482048,-0.010306466722107999,0.32936507936507936,2,0
2021-10-01,48141.61,0.0939629815441858,0.0379482989852188,0.05076113611234181,5211.970000000001,2896.9885714285724,0.004868505520701161,0.04741204342470197,-0.0064367138933938,0.4444444444444444,2,0
2021-10-02,47634.9,-0.0105811900571932,0.0466262042116809,0.0505251666977753,906.4099999999962,2832.6150000000007,0.004889912360373563,0.04450740755055166,0.0022023977153508983,0.7222222222222222,2,0
2021-10-03,48200.01,0.0117935426656092,0.0440767085111752,0.0502500530482424,2140.0800000000017,2875.2171428571432,0.004382057360151609,0.04684798160055173,0.0021393150680327003,0.6349206349206349,2,0
2021-10-04,49224.94,0.0210411771061949,0.0417717690195448,0.04225956445076108,2645.1200000000026,2717.9221428571436,0.0033829295472303793,0.03311767666517079,0.0019669866586998,0.5714285714285714,2,0
2021-10-05,51471.99,0.0446373705846578,0.0400434647802675,0.03885696091123697,2863.9000000000015,2633.9864285714293,0.0034094597857256747,0.026875379327170205,0.0016189583767724988,0.5198412698412699,2,0
2021-10-06,55315.0,0.0720063432706084,0.0404366096354077,0.03940501798426106,5367.5899999999965,2772.0171428571434,0.0033824040811977502,0.026875379327170205,0.0030348761107885994,0.5436507936507936,2,0
2021-10-07,53785.22,-0.0280454112515045,0.0445015318308942,0.04096832171946744,1975.3099999999977,2776.7599999999998,0.0032454150699383114,0.027073896290715323,0.0088114959973956,0.6626984126984127,2,0
2021-10-08,53951.43,0.0030854891415916,0.0429182695335161,0.037373899717461585,2482.3899999999994,2630.8592857142858,0.003158877607054509,0.020977887345190262,0.0049699705482973006,0.6190476190476191,2,0
2021-10-09,54949.72,0.0183343879182853,0.0405532925719773,0.036937150742984384,1827.3300000000017,2667.057142857143,0.0030158086500785414,0.02339679525105926,-0.006072911639703603,0.5515873015873016,2,0
2021-10-10,54659.0,-0.0053046998766923,0.0388054322102024,0.03743572336555976,2481.3099999999977,2615.722142857143,0.003046289880421846,0.021060768992901168,-0.005271276300972801,0.48412698412698413,2,0
2021-10-11,57471.35,0.0501726773419886,0.0368087833431774,0.036465150403516056,3423.980000000003,2699.4350000000004,0.003210514038784059,0.020329112004781276,-0.004962985676367396,0.3968253968253968,2,0
2021-10-12,55996.93,-0.0259896949567153,0.0383633300730916,0.036366178802477014,3801.0,2835.2650000000003,0.003213492481262202,0.02001318790208941,-0.001680134707175894,0.4603174603174603,2,0
2021-10-13,57367.0,0.0241723573039216,0.0372792131930454,0.0362497516509228,3609.8099999999977,2961.957142857143,0.0032225124441299237,0.02001318790208941,-0.0031573964423622994,0.42063492063492064,2,0
2021-10-14,57347.94,-0.0003323019682586,0.0361875012159129,0.035594859878874424,1714.489999999998,2889.3349999999996,0.003168686782770894,0.017900956313088193,-0.008314030614981295,0.3611111111111111,2,0
2021-10-15,61672.42,0.0726999062160995,0.0343774456722418,0.032477009467184625,6083.0,2951.551428571428,0.0035109117931013544,0.017900956313088193,-0.008540823861274298,0.25396825396825395,2,0
2021-10-16,60875.57,-0.0130048845469818,0.0399648676994354,0.032645339400966,2228.4199999999983,3045.980714285714,0.002984397570003011,0.018217500507310778,-0.000588424872541897,0.5396825396825397,2,0
2021-10-17,61528.33,0.0106657743435416,0.0380544158230105,0.03266194143099532,2755.3899999999994,3089.931428571428,0.002731524453477244,0.018217500507310778,-0.0007510163871918968,0.4642857142857143,2,0
2021-10-18,62009.84,0.0077953629773119,0.0362400779951226,0.03274130421655929,2851.3300000000017,3104.6607142857138,0.00274503439830305,0.018217500507310778,-0.0005687053480548029,0.36904761904761907,2,0
2021-10-19,64280.59,0.0359646372913786,0.0345130480700573,0.03224612551812383,3163.779999999999,3126.0807142857134,0.0029568561596063888,0.018217500507310778,-0.0038502820030343055,0.2698412698412698,2,0
2021-10-20,66001.41,0.0264183860137485,0.0347546435964777,0.028188044672207778,3518.5999999999985,2994.0099999999993,0.003058824099509449,0.018217500507310778,-0.0025245695965676954,0.28174603174603174,2,0
2021-10-21,62193.15,-0.0594312403714205,0.0341044383617905,0.03257710892438573,4639.740000000005,3184.3264285714286,0.0026132899662379013,0.029681353956613532,-0.0020830628541224014,0.23412698412698413,2,0
2021-10-22,60688.22,-0.0244952550243304,0.0375024402195435,0.033860495905625496,3732.3899999999994,3273.6121428571428,0.002070347055307654,0.028881745625324983,0.003124994547301696,0.4603174603174603,2,0
2021-10-23,61286.75,0.009814059457966,0.0364085011719036,0.03374466689575884,2185.489999999998,3299.1949999999997,0.001795903487174343,0.028881745625324983,-0.0035563665275318013,0.3968253968253968,2,0
2021-10-24,60852.22,-0.007115367573462,0.0347174647978492,0.03380216164804926,1989.3700000000026,3264.0564285714286,0.0017536310554672908,0.02894655994851999,-0.0033369510251613013,0.28174603174603174,2,0
2021-10-25,63078.78,0.0359361194644911,0.0331123813945452,0.03261847733215158,3060.6299999999974,3238.102857142857,0.0019507840686433298,0.02894655994851999,-0.0031276966005773996,0.1865079365079365,1,0
2021-10-26,60328.81,-0.0445746539763778,0.0335488207831568,0.03437964978251389,3475.9300000000003,3214.883571428571,0.0019478997976643568,0.03250347553285717,-0.0009642272869004945,0.21031746031746032,1,0
2021-10-27,58413.44,-0.0322637670684269,0.0349284790642554,0.035295864854699696,3496.0,3206.7542857142857,0.0019086211162010695,0.03246933981408126,0.0001738354677776957,0.3134920634920635,2,0
2021-10-28,60575.89,0.0363509587815489,0.034752971224276,0.03650690909930676,4679.0,3418.505,0.0019132158806758695,0.03507063294538102,0.0006485328624855,0.2976190476190476,2,0
2021-10-29,62253.71,0.0273211728378992,0.035001156061503,0.03161655024444973,2805.1900000000023,3184.3757142857144,0.001892248312128197,0.03507063294538102,-0.002501284158040497,0.32142857142857145,2,0
2021-10-30,61859.19,-0.0063574588746959,0.0343926980371087,0.031444831311460045,1686.25,3145.649285714286,0.001416976618874349,0.03476345310907465,-0.002015803134794901,0.27380952380952384,2,0
2021-10-31,61299.8,-0.0090840927936781,0.0328016068216205,0.031427854849375915,2459.9400000000023,3124.545714285715,0.0012757737474051263,0.032367326502166935,-0.001915857976228702,0.17857142857142858,1,0
2021-11-01,60911.11,-0.0063609920031542,0.0314229964835024,0.03137623484560619,3032.739999999998,3137.503571428572,0.0014817287711219188,0.030360272136357197,-0.0016893849110427989,0.12301587301587301,1,0
2021-11-02,63219.99,0.0372049603187196,0.0301068119975996,0.03149102096259774,3645.3199999999997,3171.899285714286,0.0018770129330749404,0.030360272136357197,-0.0034420087855572025,0.0873015873015873,1,0
2021-11-03,62896.48,-0.0051303483133935,0.0311440871000325,0.030475979190661036,3117.239999999998,3143.2307142857144,0.0020240701419672984,0.028674978382954318,-0.0037843919642228975,0.11904761904761904,1,0
2021-11-04,61395.01,-0.0241616388040988,0.0298307925451573,0.026717688809785225,2409.2999999999956,2983.913571428571,0.0022882858550903485,0.02224110789851443,-0.0049221786791187015,0.08333333333333333,1,0
2021-11-05,60937.12,-0.0074860486509891,0.0295959077275271,0.025938680615323863,1874.7200000000012,2851.222857142857,0.0022116229058712616,0.020838067010690475,-0.005405248333975904,0.05952380952380952,1,0
2021-11-06,61470.61,0.0087166615684317,0.0284828158870069,0.025909334569011313,1510.489999999998,2803.008571428571,0.00228069358916656,0.020838067010690475,-0.005909882150101797,0.023809523809523808,1,0
2021-11-07,63273.59,0.0289088480909445,0.0275169608296106,0.026895521859406666,1963.5699999999997,2801.165714285714,0.002521236121681272,0.021958474659492987,-0.005284645992009899,0.007936507936507936,1,0
2021-11-08,67525.83,0.0650421688463716,0.0280340094425204,0.03053386700104123,4515.419999999998,2905.079285714285,0.0026932681431467496,0.021958474659492987,-0.0033889870409819986,0.015873015873015872,1,0
2021-11-09,66947.66,-0.0085990712768797,0.0338937497612834,0.02740661953787817,2301.850000000006,2821.2164285714284,0.002714551753308762,0.015590225802902157,0.0037869377636837974,0.2619047619047619,1,0
2021-11-10,64882.43,-0.0313342572034827,0.0323995481451565,0.02730398154231656,6177.0999999999985,3012.723571428571,0.002552813732551906,0.015351409274607774,0.0012554610451239977,0.1865079365079365,1,0
2021-11-11,64774.26,-0.0016685606442106,0.0324684267823671,0.02607710425908831,1500.070000000007,2785.6571428571433,0.0023886334739883857,0.014484130121371987,0.0026376342372098037,0.19444444444444445,1,0
2021-11-12,64122.23,-0.0101171965455311,0.0309936138586741,0.025501725062255502,3172.699999999997,2811.907857142857,0.0021264989169702416,0.01410839428955834,0.0013977061311470015,0.13095238095238096,1,0
2021-11-13,64380.0,0.0040119201938324,0.0298217397607545,0.02538713190546004,1639.7799999999988,2808.5885714285714,0.00189276631892191,0.01471979246137275,0.0013389238737476009,0.0992063492063492,1,0
2021-11-14,65519.1,0.0175386773160717,0.0286170004703004,0.0254212677340801,1974.239999999998,2773.895714285714,0.0018496436628985978,0.015278783774685813,0.0011000396406898004,0.04365079365079365,1,0
2021-11-15,63606.74,-0.0296222636128273,0.0280515311818086,0.026919676541249604,3001.820000000007,2771.687142857143,0.0019119022265813614,0.018386632886938748,1.752173928819961e-05,0.01984126984126984,1,0
2021-11-16,60058.87,-0.0573941917145326,0.0285627072129876,0.029452154282845137,5043.239999999998,2871.5385714285717,0.0019535964723187064,0.025816961250561578,-0.005331042548295799,0.04365079365079365,1,0
2021-11-17,60344.87,0.0047506919286064,0.0328864296108297,0.029532594828675807,2467.230000000003,2825.109285714286,0.0020859759780911405,0.027322881711351943,0.0004868814656732029,0.24603174603174602,1,0
2021-11-18,56891.62,-0.0589278854245307,0.0314049203985052,0.03274017933545539,4501.739999999998,2974.5692857142863,0.002113605021993275,0.03328105656940433,-0.0010635063838619063,0.17063492063492064,1,0
2021-11-19,58052.24,0.0201952404606089,0.035314489691923,0.033435678064496994,2720.0,3034.946428571429,0.0025052276973516296,0.0354662593915524,0.004320875833248902,0.42857142857142855,2,0
2021-11-20,59707.51,0.0281145133077806,0.0341797947152639,0.03436819345703836,2492.0,3105.0542857142864,0.0025953411478958836,0.0354662593915524,0.004358054954509402,0.32936507936507936,2,0
2021-11-21,58622.02,-0.018347414213867,0.0337335140686341,0.03339758191343938,1543.1100000000006,3075.021428571429,0.0024809548983144893,0.0338038764325509,0.005116513598333698,0.29365079365079366,1,0
2021-11-22,56247.18,-0.0413544874234936,0.0326570554637528,0.02774984609117941,3834.0,3026.348571428572,0.002291079083127138,0.034724007265222866,0.004605524281944197,0.23412698412698413,1,0
2021-11-23,57541.27,0.0227465229877115,0.0337822657349069,0.02935504537147756,2692.989999999998,3054.287142857143,0.0022833651546876658,0.03670467629977888,0.005219558521919299,0.30158730158730157,1,0
2021-11-24,57138.29,-0.007027959623695,0.0329747714406168,0.028760871448557525,1898.0,2748.6371428571433,0.002300546711354044,0.03508101808697738,8.834182978709887e-05,0.25793650793650796,1,0
2021-11-25,58960.36,0.0313908838384087,0.0315275439643383,0.030707370814874613,2398.9000000000015,2812.839285714286,0.002293808914902729,0.03749788288409906,0.00012262356583310485,0.17857142857142858,1,0
2021-11-26,53726.53,-0.0929584332118018,0.0317206740078122,0.03842477990927498,5650.0,2989.789285714286,0.002283561436044751,0.05124388630402568,-0.003593815684110803,0.18253968253968253,1,0
2021-11-27,54721.03,0.0183411757514555,0.0421779810419276,0.03908743020311122,1670.0,2991.9478571428576,0.0035149482608379935,0.05124388630402568,0.007998186326663694,0.7380952380952381,2,1
2021-11-28,57274.88,0.045614036945853,0.040279915163317,0.041352570982002866,4188.4100000000035,3150.102857142858,0.0038433780365120887,0.05124388630402568,0.006546401094682901,0.6825396825396826,2,1
2021-11-29,57776.25,0.0087156583995469,0.0407476167250627,0.041194173688411544,2199.300000000003,3092.78,0.003950645362995404,0.05401245640780705,0.0080905612613099,0.7023809523809523,2,1
2021-11-30,56950.56,-0.0143942685501059,0.0386479211973512,0.03866233848041367,3301.439999999995,2968.3657142857146,0.0037117352666560933,0.0490190004109964,0.004865655462444302,0.623015873015873,2,0
2021-12-01,57184.07,0.0040918400630509,0.0369070560333963,0.038651534653596914,2595.540000000001,2977.530714285714,0.003678910160764062,0.0490190004109964,0.0039322845927795,0.5396825396825397,2,0
2021-12-02,56480.34,-0.0123827500980073,0.035058299573654,0.03541518749383545,1597.7000000000044,2770.099285714286,0.003496282937952652,0.043007772993461445,0.0035307556093156986,0.4246031746031746,2,0
2021-12-03,53601.05,-0.0523239555597729,0.033575025354124,0.03740032840868598,5920.0,2998.670714285715,0.003541404152475006,0.04445833933111466,0.0018543513463118028,0.2976190476190476,1,0
2021-12-04,49152.47,-0.0866415577831531,0.0360038922386463,0.04174288506494609,11858.799999999996,3667.7278571428574,0.003519842022565497,0.05165095242061759,-0.006174088803281297,0.49603174603174605,2,0
2021-12-05,49396.33,0.0049490302821819,0.0437908743593037,0.0420151984548405,1971.8400000000038,3698.351428571429,0.004070911642086176,0.05478000088577688,0.0035109591959867,0.7619047619047619,2,1
2021-12-06,50441.92,0.0209464454638688,0.0413725476212539,0.04199260386352901,3791.1100000000006,3695.287857142858,0.004117679499702454,0.05670941404690542,0.0006249308961912003,0.7023809523809523,2,1
2021-12-07,50588.95,0.0029105975984968,0.0396773553613572,0.04121071748033611,1896.5900000000038,3638.4021428571436,0.0040598772292334585,0.05670941404690542,0.001029434164005999,0.6468253968253969,2,0
2021-12-08,50471.19,-0.0023304945609261,0.0375803579855378,0.0412488485780929,2600.0,3688.545000000001,0.00384949367991468,0.05664477739634128,0.0006733019521414987,0.5793650793650794,2,0
2021-12-09,47545.59,-0.0597136382267216,0.0356575226238854,0.04159489905671165,3477.760000000002,3765.6064285714297,0.0034724013160432467,0.05709328635532518,0.0005992230502313983,0.4523809523809524,2,0
2021-12-10,47140.54,-0.0085556875287835,0.038778328775399,0.03509256338020015,3273.0,3595.820714285715,0.0029503518914663573,0.04511799278693795,0.005203303421275,0.623015873015873,2,0
2021-12-11,49389.99,0.0466144194002922,0.0368449265177779,0.03753659764138022,2734.709999999999,3671.8714285714295,0.002791409750825872,0.04511799278693795,0.0008410342791315972,0.5238095238095238,2,0
2021-12-12,50053.9,0.0133526527210072,0.0379442723582188,0.034937152485796846,2139.0,3525.4850000000006,0.0027271549876883108,0.04511799278693795,-0.005846602001084895,0.5833333333333334,2,0
2021-12-13,46702.75,-0.0692973753526402,0.0362285453697502,0.037883856495634166,4517.220000000001,3691.0507142857145,0.002648571662913833,0.048800050131403545,-0.0051440022515037015,0.4801587301587302,2,0
2021-12-14,48343.28,0.0345241762326722,0.0407732058896498,0.040151792735370964,2410.4100000000035,3627.4057142857155,0.0027642843154399755,0.05188498843668896,0.0010958505282925995,0.6944444444444444,2,1
2021-12-15,48864.98,0.0107337588163947,0.0400820514290007,0.040391314413161204,2953.0,3652.9385714285722,0.0028090076382911344,0.05188498843668896,0.0025016934434628976,0.6547619047619048,2,1
2021-12-16,47632.38,-0.0255482024281832,0.0380907766564073,0.04057307713667218,1925.4300000000003,3676.3478571428577,0.002670095218215522,0.05256797276295731,0.0024332540325219046,0.5833333333333334,2,0
2021-12-17,46131.2,-0.0320232713999661,0.0370054105828261,0.03937262267514645,2539.959999999999,3434.916428571429,0.002338548075438661,0.05018741434233424,-0.0017729181925729004,0.5238095238095238,2,0
2021-12-18,46834.48,0.015130173120065,0.0365488192878652,0.033185910065093784,1892.3700000000026,2723.0285714285724,0.002296907889441985,0.04107853529823999,-0.00029610722991269683,0.48412698412698413,2,0
2021-12-19,46681.23,-0.0032775271061211,0.0350340337677873,0.0330984585434195,1893.0999999999985,2717.4042857142863,0.0019384285793473792,0.03805150373868076,-0.002910238590431505,0.376984126984127,2,0
2021-12-20,46914.16,0.0049773921748101,0.0333408368770829,0.03243981253546301,1978.7200000000012,2587.947857142858,0.0020406527419597454,0.03805150373868076,-0.0028877084926672986,0.23412698412698413,1,0
2021-12-21,48889.88,0.0412508732374554,0.031821239771547,0.034713902779537203,2698.959999999999,2645.2600000000007,0.002412275700150217,0.03805150373868076,-0.008951966118102797,0.14682539682539683,1,0
2021-12-22,48588.16,-0.0061905422711152,0.0330703065259223,0.034728290812583225,1154.2599999999948,2541.9928571428572,0.0025993846411463896,0.038113196376313045,-0.007011744903078397,0.21825396825396826,1,0
2021-12-23,50838.81,0.0452801594542275,0.0315967842540036,0.03275336735139433,3454.5800000000017,2540.337142857143,0.002910460160015526,0.03317275884382652,-0.006493992402403705,0.13095238095238096,1,0
2021-12-24,50820.0,-0.000370061388967,0.0334067280073238,0.032569472311646946,1425.5699999999997,2408.377857142857,0.0029021159404676797,0.03298870698740567,-0.0035986825755023044,0.23809523809523808,1,0
2021-12-25,50399.66,-0.0083055488691954,0.0318426325970873,0.03045843181808442,1013.9100000000035,2285.463571428572,0.0030720987583317118,0.030702514727680437,-0.004706186690777901,0.14285714285714285,1,0
2021-12-26,50775.49,0.007429328815574,0.0305333721809121,0.03032113809457015,1868.0,2266.1064285714288,0.0032490744861700944,0.030702514727680437,-0.004500661586875197,0.07936507936507936,1,0
2021-12-27,50701.44,-0.0014594452777334,0.0293271090940207,0.022675650342912256,1639.0,2060.519285714286,0.0035506022206154395,0.016029056758533552,-0.004013727783062197,0.051587301587301584,1,0
2021-12-28,47543.74,-0.0643041831297992,0.0281454421274399,0.02785913597084553,3391.040000000001,2130.5642857142857,0.003425865605715562,0.02723403796714872,-0.0036757976441071025,0.01984126984126984,1,0
2021-12-29,46464.66,-0.022958105783962,0.0338336081808092,0.02820286333991215,2042.0900000000038,2065.499285714286,0.0028733400927597372,0.026792654907966375,0.0007633016548869026,0.2777777777777778,1,0
2021-12-30,47120.87,0.0140239790234346,0.033034972543206,0.027814040414474,2000.0,2070.8257142857146,0.002492172666891031,0.026944170440572453,0.001438188289202398,0.21825396825396826,1,0
2021-12-31,46216.93,-0.019369821492674,0.0318134461066852,0.026911323435743043,2870.260000000002,2094.418571428572,0.0021770798954247246,0.025390959610034226,-0.0015932819006386004,0.14682539682539683,1,0
2022-01-01,47722.65,0.0320599467817785,0.0310025811295587,0.027995612619030913,1746.2599999999948,2083.9821428571427,0.0018388974669095357,0.025390959610034226,-0.0008400514675286005,0.10714285714285714,1,0
2022-01-02,47286.18,-0.0091880527435925,0.0313361663401593,0.028114944828485446,1336.0,2044.189285714286,0.001619939107422537,0.025571675660373713,0.0008027941592472013,0.12301587301587301,1,0
2022-01-03,46446.1,-0.0179255747295972,0.0301009929350796,0.02852403026476586,1874.0,2036.7092857142857,0.0016021770274794722,0.024838614646511742,0.0007738838410588991,0.08333333333333333,1,0
2022-01-04,45832.01,-0.0133097451918313,0.0293910590115273,0.025961200646379714,2057.540000000001,1990.8935714285715,0.0016926648655013943,0.023936917752903453,0.001245616884087402,0.05952380952380952,1,0
2022-01-05,43451.13,-0.0533458970167046,0.0285104726970148,0.029056085170116933,4570.0,2234.8750000000005,0.0017663962897535045,0.0292185253392416,-0.0053231354837944035,0.031746031746031744,1,0
2022-01-06,43082.31,-0.0085243862571733,0.0321605324045027,0.024701328642058016,1385.4199999999983,2087.0778571428573,0.001787564879957079,0.02797708054016638,-0.000874440138703296,0.19047619047619047,1,0
2022-01-07,41566.48,-0.0358183987906102,0.0308269602295637,0.02524761545286004,2535.8300000000017,2166.382142857143,0.0016516683619382077,0.02998894968840735,-0.0009864858771214992,0.11507936507936507,1,0
2022-01-08,41679.74,0.0027210861918849,0.0315901142936777,0.02562015435963767,1799.0,2222.46,0.0016413066425003508,0.0313428237329273,0.0005875331641190043,0.15476190476190477,1,0
2022-01-09,41864.62,0.0044259193989262,0.0302036910234432,0.025442758696996522,1586.6800000000003,2202.3657142857146,0.0016482258165183233,0.0313428237329273,-0.001132475316716102,0.0992063492063492,1,0
2022-01-10,41822.49,-0.0010068457032161,0.0289683700723393,0.02545990480931119,2598.5,2270.901428571429,0.001675540104286468,0.0313410429840567,-0.0011326228627402991,0.051587301587301584,1,0
2022-01-11,42729.29,0.0214504004396776,0.0278193390479386,0.022506412134154528,1831.0699999999997,2159.475,0.0017167410620755497,0.02513868595808757,-0.001571719963588701,0.011904761904761904,1,0
2022-01-12,43902.66,0.0270902769434115,0.0276229191480618,0.02382022663214218,1872.0,2147.325714285714,0.0016620261369579051,0.025398098265683573,-0.0008875535489529969,0.011904761904761904,1,0
2022-01-13,42560.11,-0.0310574808840993,0.0279434201569999,0.024232368134478415,2188.779999999999,2160.81,0.0015753898028545007,0.026087617929186135,-0.0042171122475028015,0.01984126984126984,1,0
2022-01-14,43059.96,0.0116761333829025,0.0286225022951251,0.02445952039258807,1722.8300000000017,2078.850714285714,0.0015145978055497952,0.02680924350460744,-0.0022044579344385994,0.06349206349206349,1,0
2022-01-15,43084.29,0.0005648665034954,0.0277508623207703,0.022119908818430824,1245.0,2043.0464285714286,0.0015518771064688091,0.02680924350460744,-0.0038392519729074023,0.015873015873015872,1,0
2022-01-16,43071.66,-0.000293189271094,0.0267198311215684,0.022189246694102067,893.2099999999991,2011.4185714285716,0.0016182423597206905,0.026611909798632302,-0.0034838599018747994,0.003968253968253968,0,0
2022-01-17,42201.62,-0.0204066313010855,0.025791740868138,0.02229572520542287,1635.760000000002,1994.4014285714288,0.0018223190433486957,0.026834339745735326,-0.003176629204201302,0.003968253968253968,0,0
2022-01-18,42352.12,0.0035598699462955,0.0257757970313988,0.022375195840672567,1441.0,1950.3628571428574,0.0019885571245185744,0.02824258436081668,-0.0020435420165397997,0.003968253968253968,0,0
2022-01-19,41660.01,-0.0164768030058262,0.0249696259067206,0.018087295291107645,1420.5699999999997,1725.4035714285715,0.002212472722159325,0.02073370378469689,-0.0026532932413412015,0.003968253968253968,0,0
2022-01-20,40680.91,-0.0237827352261952,0.0247742775220592,0.018887356833730398,2951.6900000000023,1837.2800000000004,0.002109729845866613,0.022367574241677554,-0.0031691426349407005,0.003968253968253968,0,0
2022-01-21,36445.31,-0.1099461598791098,0.025191643391284,0.03333151593986088,5659.550000000003,2060.4028571428576,0.0020263578525516034,0.0452096055255617,-0.0034308589038410976,0.011904761904761904,0,0
2022-01-22,35071.42,-0.0384262269858517,0.0424245243083971,0.033988949004714795,2827.220000000001,2133.8471428571434,0.004411098092136238,0.044418371681668053,0.014673661987626797,0.7658730158730159,2,0
2022-01-23,36244.55,0.032902471390134,0.041881669067746,0.03586895027505807,1897.989999999998,2156.0835714285718,0.0057294977686561015,0.044418371681668053,0.015161837946177599,0.746031746031746,2,0
2022-01-24,36660.35,0.0114067643862032,0.0409286334304072,0.036267478138402455,4632.830000000002,2301.392857142858,0.006553848972177765,0.04748371180059898,0.015136892562269202,0.7341269841269841,2,0
2022-01-25,36958.32,0.008095001638555,0.0388828592694792,0.035562093990041795,1844.1399999999994,2302.326428571429,0.006942696726190472,0.04748371180059898,0.013107062238080402,0.6746031746031746,2,0
2022-01-26,36809.34,-0.0040391738751033,0.0369300177412594,0.03397803102395302,2685.350000000006,2360.422857142858,0.007073579620400335,0.04443989639126328,0.011960391834538796,0.5793650793650794,2,0
2022-01-27,37160.1,0.0094839876878438,0.0350786586818386,0.034010389166830995,1727.4599999999991,2327.4714285714294,0.007068032430344338,0.04603518531865991,0.0103043811597794,0.4642857142857143,2,0
2022-01-28,37716.56,0.0148636502954708,0.0334994087633918,0.03417470918071486,1844.989999999998,2336.1971428571437,0.007017399100158844,0.04603518531865991,0.008307765372107801,0.3333333333333333,1,0
2022-01-29,38166.84,0.0118678204974376,0.0322693774229704,0.03456118310045193,1452.2999999999956,2351.004285714286,0.006900677750969306,0.04603518531865991,-0.010155146885426701,0.25793650793650796,1,0
2022-01-30,37881.76,-0.0074973460488596,0.0310350112620161,0.03448062006239569,1007.6300000000047,2359.1771428571437,0.006716137839103624,0.04612218593675343,-0.010846657805729899,0.17857142857142858,1,0
2022-01-31,38466.9,0.0153284014936492,0.0297820276973704,0.03490497682989163,2111.3899999999994,2393.150714285715,0.006475437528454344,0.04911612370704205,-0.011146605733036802,0.12698412698412698,1,0
2022-02-01,38694.59,0.0059016657367134,0.0289597796504422,0.03496306888074319,1265.199999999997,2380.593571428572,0.006250350345535457,0.04911612370704205,-0.009923079619037,0.09523809523809523,1,0
2022-02-02,36896.36,-0.0475868957877967,0.0278720390834476,0.03659960437391343,2268.970000000001,2441.193571428572,0.00599465388565179,0.0523885949125357,-0.009057978657811796,0.047619047619047616,1,0
2022-02-03,37311.61,0.0111916370777347,0.0307442472329191,0.03668248919079315,1137.0,2311.5728571428576,0.0055166996306946214,0.05639462876306442,-0.004334411448919499,0.17857142857142858,1,0
2022-02-04,41574.25,0.1081764469569339,0.0296354862016135,0.03552075376084138,4745.5999999999985,2246.2907142857143,0.005084086286505198,0.030877227427573904,-0.0038639225617783032,0.12698412698412698,1,0
2022-02-05,41382.59,-0.0046207242467879,0.0444155239659432,0.03308460625995187,1070.6800000000003,2120.8235714285715,0.005350301870644637,0.024281623023663105,0.012146146542972802,0.8531746031746031,2,0
2022-02-06,42380.87,0.0238368201984737,0.041942404116376,0.03272700603838352,1539.4400000000023,2095.2128571428575,0.005356835926811887,0.024281623023663105,0.0109073928543599,0.8015873015873016,2,0
2022-02-07,43839.99,0.0338493333568958,0.0403529378410098,0.03328428806881082,2854.6500000000015,1968.2000000000003,0.005305045537363207,0.024281623023663105,0.010570910143639402,0.753968253968254,2,0
2022-02-08,44042.99,0.0046197878370257,0.0396535562410689,0.03333479653394407,2826.0,2038.3328571428574,0.005359025811980748,0.024281623023663105,0.010693776590626699,0.7261904761904762,2,0
2022-02-09,44372.72,0.0074586638193068,0.0375756180997532,0.03303555645055252,1681.0800000000017,1966.5992857142858,0.005384809291794821,0.027940853846770846,0.009703579016305596,0.6587301587301587,2,0
2022-02-10,43495.44,-0.019968761180241,0.0357232091609121,0.03421722841477117,2646.989999999998,2032.28,0.005393007438272082,0.026176446302608226,0.004978961927993002,0.5317460317460317,2,0
2022-02-11,42373.73,-0.0261275102636204,0.0345331200616495,0.03560917985293782,1981.489999999998,2042.03,0.005384839446915006,0.026166666416297342,0.004897633860035999,0.4523809523809524,2,0
2022-02-12,42217.87,-0.0036850036261721,0.0338862501430549,0.035732252839295355,1390.6100000000006,2037.6235714285717,0.005348066214771753,0.023934115847585355,-0.010529273822888298,0.39285714285714285,1,0
2022-02-13,42053.66,-0.0038971692535803,0.0322998477548916,0.03563111284700554,890.0,2029.2214285714285,0.005291369186185889,0.023790856572951574,-0.009642556361484401,0.2857142857142857,1,0
2022-02-14,42535.94,0.0114029437609097,0.0308604689628812,0.03557986208353235,1291.8400000000038,1970.6821428571432,0.005219868143472969,0.023790856572951574,-0.009492468878128602,0.19047619047619047,1,0
2022-02-15,44544.86,0.0461474056472823,0.0297480680077152,0.037063351530112386,2324.3700000000026,2046.3371428571434,0.005154829631820479,0.023790856572951574,-0.009905488233353701,0.1349206349206349,1,0
2022-02-16,43873.56,-0.0151849105438515,0.032023985805913,0.03407835357870267,1242.9700000000012,1973.0514285714291,0.004825462332101644,0.01506706118411212,-0.005551632293840196,0.27380952380952384,1,0
2022-02-17,40515.7,-0.0796223074196458,0.0309583778632142,0.04203451208277262,4091.5,2184.0871428571436,0.00481042365945568,0.033170145430542225,-0.004764831297697902,0.1984126984126984,1,0
2022-02-18,39974.44,-0.0134493034485352,0.0388382055534485,0.03015761290259494,1509.8799999999974,1952.9642857142862,0.004607538492058993,0.03139007326853911,0.0043050854917990045,0.75,2,0
2022-02-19,40079.17,0.0026164981129266,0.0370445702396331,0.030186070777349205,805.2900000000009,1934.0078571428578,0.003933292199527763,0.03351192219807575,0.003158320096578196,0.6666666666666666,2,0
2022-02-20,38386.89,-0.0431407529280498,0.0351698688497764,0.031023404096081578,2125.4400000000023,1975.8650000000005,0.0034523093105188964,0.03486127340808891,0.0028700210948848018,0.5317460317460317,2,0
2022-02-21,37008.16,-0.0365775661820251,0.0361123063261702,0.029552928400432592,2694.3499999999985,1964.4150000000004,0.003106217327682158,0.03505612233241727,0.005251837363288998,0.5952380952380952,2,0
2022-02-22,38230.33,0.0324907507662182,0.0361977832236559,0.03163154827862345,2079.0,1911.0578571428575,0.002795692105506674,0.03505612233241727,0.006449715215940698,0.6071428571428571,2,0
2022-02-23,37250.01,-0.0259769663535838,0.035882294741846,0.031464848449930964,2213.1399999999994,1949.062142857143,0.0026798747235837993,0.03425666095492067,0.0038583089359330025,0.5793650793650794,2,0
2022-02-24,38327.21,0.028507874523143,0.0350699213148793,0.03319904415112564,5520.720000000001,2154.3285714285716,0.002657546971324914,0.03549090145489618,0.0041115434516651,0.5238095238095238,2,0
2022-02-25,39219.17,0.0230055700671094,0.034548992082411,0.03384392747912177,1669.1599999999962,2132.019285714286,0.0026577091336849046,0.03649279035329235,-0.004289213471037501,0.4801587301587302,2,0
2022-02-26,39116.72,-0.0026156608014744,0.0336742944906894,0.033849608019323886,1775.2699999999968,2159.495,0.0026601667684259082,0.036481249313617,-0.0033702757489436977,0.3968253968253968,1,0
2022-02-27,37699.07,-0.0369145713560055,0.0320965547103916,0.03486801259263718,2855.699999999997,2299.9021428571427,0.0026717109273700105,0.038721037663757174,-0.003073314139384803,0.2896825396825397,1,0
2022-02-28,43160.0,0.1352787146752518,0.0327897003415404,0.051749218896199906,6775.669999999998,2691.604285714285,0.002534734360455591,0.038721037663757174,-0.0033226059846298006,0.3333333333333333,1,0
2022-03-01,44421.2,0.0288026925696254,0.052918920076563,0.050784896235233995,2139.019999999997,2678.364999999999,0.005344066124809748,0.038721037663757174,0.016721136852907104,0.9920634920634921,2,0
2022-03-02,43892.98,-0.0119624345490478,0.0505720107416376,0.05071900740714152,2065.9100000000035,2737.146428571428,0.006474894426818477,0.0385795742494981,0.014689715999791596,0.9841269841269841,2,0
2022-03-03,42454.0,-0.0333332615882593,0.0477337830045589,0.04645663826298498,2268.840000000004,2606.956428571428,0.0067615640279952895,0.028893041730369606,0.012663861689679597,0.9682539682539683,2,0
2022-03-04,39148.66,-0.0810549423019875,0.0461830740923022,0.051568278373929625,3977.300000000003,2783.200714285714,0.007069836701890739,0.040415780939799334,0.011634082009891196,0.9563492063492064,2,0
2022-03-05,39397.96,0.0063478437934207,0.0504976093272026,0.051600772812400206,1205.6500000000015,2811.797857142857,0.007672272448910537,0.040415780939799334,0.016823314836513198,0.9841269841269841,2,0
2022-03-06,38420.81,-0.0251147984261219,0.0475579318814005,0.05069128321302702,1605.300000000003,2774.645,0.007790713608490041,0.03846607487217873,0.0154613771710089,0.9722222222222222,2,0
2022-03-07,37988.0,-0.0113289195068571,0.0455029653499429,0.049727399560748765,2392.5699999999997,2753.089285714286,0.007756041105879755,0.03644780068462447,0.012713265008402502,0.9484126984126984,2,0
2022-03-08,38730.63,0.0193604394737665,0.0430654070385904,0.04922668575803033,1494.4300000000003,2711.3342857142857,0.00760959320453045,0.03644780068462447,-0.009853513037972599,0.9126984126984127,2,0
2022-03-09,41941.71,0.079650037320313,0.0411328491099904,0.052753906109294625,3937.6100000000006,2834.5107142857146,0.0074113383979963485,0.037707018325569185,-0.009439161631647201,0.8690476190476191,2,0
2022-03-10,39422.0,-0.0619567610700482,0.0463147077112634,0.05557610812509948,3499.899999999994,2690.1664285714282,0.007163140032291152,0.04152013797442861,-0.0014190752932954978,0.9761904761904762,2,0
2022-03-11,38729.57,-0.0177206451442284,0.0478399094104769,0.055458438955208224,2012.6600000000035,2714.702142857143,0.0068022030094432,0.03958871349212267,0.0016568353181747042,0.9880952380952381,2,0
2022-03-12,38807.36,0.0020065284013579,0.0454127700781951,0.05546118068733936,826.1900000000023,2646.9107142857147,0.006101014184557576,0.04197998696138436,-0.005084839249007496,0.9523809523809523,2,0
2022-03-13,37777.34,-0.0269004673903179,0.0428385356533722,0.055019156688880744,1731.489999999998,2566.6100000000006,0.004917845417775783,0.041017532851275844,-0.004719396228028298,0.9087301587301587,2,0
2022-03-14,39671.37,0.0489203168714063,0.0413489158482029,0.0420056357168601,2392.1200000000026,2253.4992857142865,0.0035164002916994097,0.041017532851275844,-0.004154049501740004,0.8690476190476191,2,0
2022-03-15,39280.33,-0.0099058841699832,0.0420377539003825,0.04079365084498339,1789.2799999999988,2228.5178571428582,0.003134960328857367,0.0388124128924885,-0.0010276531382078999,0.8928571428571429,2,0
2022-03-16,41114.0,0.0456248114305086,0.0398560810316677,0.04327644870562957,2889.519999999997,2287.3471428571434,0.0031290125711041857,0.040948947957323664,-0.0012767680783227,0.8134920634920635,2,0
2022-03-17,40917.9,-0.004781075985047,0.0403857216245768,0.04248743456918269,978.8199999999997,2195.2028571428573,0.003215704087191146,0.039252839180682654,-0.0059289860866865995,0.8333333333333334,2,0
2022-03-18,41757.51,0.0203116952414426,0.0382479744179599,0.03627858013491988,2189.979999999996,2067.5371428571425,0.0035383323621570907,0.028676469693007297,-0.009591934992517002,0.753968253968254,2,0
2022-03-19,42201.13,0.01056768257477,0.0368225641903208,0.03631166166650994,900.7099999999991,2045.7557142857138,0.003407666790652201,0.028676469693007297,-0.008590205887874298,0.6666666666666666,2,0
2022-03-20,41262.11,-0.022502352481311,0.0351159812451168,0.03615186103661505,1385.260000000002,2030.038571428571,0.0036671270682136995,0.028364923423094716,-0.007722554408255401,0.5476190476190477,2,0
2022-03-21,41002.25,-0.0063177022059921,0.0341458443232198,0.03600121964677635,1076.2799999999988,1936.0178571428567,0.004034984409863756,0.028141355205353005,-0.007203071524983097,0.4444444444444444,2,0
2022-03-22,42364.13,0.0326750703725586,0.0325763754757041,0.036568245181351315,2485.489999999998,2006.8078571428564,0.00456857085410399,0.028141355205353005,-0.009461378424678403,0.3253968253968254,1,0
2022-03-23,42882.76,0.0121678667429065,0.0327522319617666,0.03003483609000072,1274.489999999998,1816.5849999999991,0.004980298392083762,0.028141355205353005,-0.007103849069901101,0.3333333333333333,1,0
2022-03-24,43991.46,0.0255256438082849,0.0314820867327424,0.02436287106867654,1660.4300000000003,1685.1942857142853,0.005040505965378257,0.016856803113609157,-0.008903634891834399,0.23412698412698413,1,0
2022-03-25,44313.16,0.0072861742275431,0.0311525641480491,0.023235835147339623,1515.1399999999994,1649.6571428571422,0.004654097348475991,0.01667866663098843,-0.0070954102699107985,0.21031746031746032,1,0
2022-03-26,44511.27,0.0044607171360233,0.0298830909402124,0.023183177058629163,721.0199999999968,1642.1449999999988,0.004454363210088148,0.01667866663098843,-0.006939473250108404,0.15476190476190477,1,0
2022-03-27,46827.76,0.050733773930828,0.0286790587918081,0.023014826146627212,2577.540000000001,1702.577142857142,0.004470800087951328,0.012915634490034527,-0.006436922453308701,0.09523809523809523,1,0
2022-03-28,47122.21,0.0062682503060145,0.0318684230434461,0.020958982170333037,1526.2799999999988,1640.7314285714274,0.004197056912789317,0.012915634490034527,-0.002277421279773699,0.26587301587301587,1,0
2022-03-29,47434.8,0.0066116967684664,0.0305082955732752,0.020058750430027028,1145.6200000000026,1594.7557142857133,0.0037408700762254724,0.013773500111101681,-0.0020680799024288994,0.1626984126984127,1,0
2022-03-30,47067.99,-0.0077629843968782,0.0292849567869307,0.01848973014628524,1254.800000000003,1477.9899999999996,0.003486988050836738,0.012543841543539686,-0.003467275174835898,0.10317460317460317,1,0
2022-03-31,45510.34,-0.0336535992569277,0.0282101138200947,0.021576890566258364,2400.0,1579.5028571428568,0.0030057343523461864,0.020851246353928224,-0.003271972912647702,0.06349206349206349,1,0
2022-04-01,46283.49,0.0168457571405937,0.029136957120516,0.0214392407386282,2520.0899999999965,1603.0821428571423,0.0025454473982828023,0.020851246353928224,-0.0020156070275331,0.10714285714285714,1,0
2022-04-02,45811.0,-0.0102610730714474,0.028470390119274,0.021916203093051142,1593.0,1652.5314285714283,0.0021632424571666918,0.01920618399696516,-0.0014127008209384,0.06746031746031746,1,0
2022-04-03,46407.35,0.01293361490454,0.0275587957883015,0.02038078000352554,1913.1900000000023,1690.240714285714,0.0019780377163026034,0.018289557481205223,-0.0011202630035065976,0.031746031746031744,1,0
2022-04-04,46580.51,0.0037243614415167,0.0268580888402701,0.019996274252645593,1772.7099999999991,1739.985714285714,0.0018748952717923743,0.020801588803659864,-0.005010334203176002,0.027777777777777776,1,0
2022-04-05,45497.55,-0.0235237349480623,0.0259424622369534,0.0205355980513861,1846.1900000000023,1694.3214285714287,0.0019784302460556027,0.021514439315122355,-0.004565833336321799,0.023809523809523808,0,0
2022-04-06,43170.47,-0.0525017816550033,0.0261684479849665,0.025496791026544004,2386.1399999999994,1773.7250000000001,0.0019048540980787973,0.030357606865910793,-0.003116508801964197,0.027777777777777776,0,0
2022-04-07,43444.19,0.0063204291562026,0.0302378919184848,0.024544327477338094,1173.6399999999994,1738.9542857142858,0.001803620660385188,0.030357606865910793,0.0020277780983901025,0.19047619047619047,1,0
2022-04-08,42252.01,-0.0278251992184284,0.0290342265148156,0.025422304872006075,1863.4800000000032,1763.8357142857146,0.0016806419760129856,0.029950412308434083,-0.00010273060570040182,0.12698412698412698,1,0
2022-04-09,42753.97,0.0118101299320372,0.0292268370438692,0.025671814697352423,674.5199999999968,1760.514285714286,0.0016541370131616486,0.029950412308434083,0.0007564469245951999,0.1349206349206349,1,0
2022-04-10,42158.85,-0.0140174297468771,0.0282974767411104,0.020602537738816915,1542.300000000003,1686.5685714285719,0.001656870515702287,0.02823030671707228,0.0007386809528088997,0.08333333333333333,1,0
2022-04-11,39530.45,-0.0643733658182643,0.0275690504710937,0.025124750643771024,3214.709999999999,1807.1707142857147,0.0013866268402340856,0.03486147900647632,0.0007109616308236012,0.047619047619047616,1,0
2022-04-12,40074.94,0.013679940298763,0.0334326963740242,0.025605789189138917,1444.3700000000026,1828.5100000000004,0.0018754626129191224,0.03486147900647632,0.0074902341370707975,0.43253968253968256,1,0
2022-04-13,41147.79,0.0264190184253028,0.0321570525218175,0.027597517408697553,1972.7699999999968,1879.7935714285716,0.00210710478926939,0.037152807664343174,0.005988604536850996,0.3373015873015873,1,0
2022-04-14,39942.38,-0.0297323041306665,0.0318175956251943,0.027353451653951633,1948.0599999999977,1847.5121428571426,0.002253382024817737,0.036671832295526036,0.0015797037067095017,0.3055555555555556,1,0
2022-04-15,40551.9,0.0151447196010199,0.031812653485931,0.027231784096221973,1103.9599999999991,1746.3600000000001,0.0023765934790176404,0.036671832295526036,0.0027784269711154004,0.30158730158730157,1,0
2022-04-16,40378.71,-0.0042799693311703,0.0307668385816352,0.02726486017862621,717.7999999999956,1683.845714285714,0.002402618576480665,0.03650203811193577,0.001540001537766001,0.2261904761904762,1,0
2022-04-17,39678.12,-0.0175027636042273,0.0294757767733215,0.026585022418020576,1049.5,1622.153571428571,0.0023467465949402254,0.03470075330245358,0.0011783000322110986,0.15873015873015872,1,0
2022-04-18,40801.13,0.0279098748430257,0.0288103280574222,0.028355569267765734,2580.220000000001,1679.832857142857,0.0022339024923927852,0.03470075330245358,0.0012412775863284986,0.12301587301587301,1,0
2022-04-19,41493.18,0.0168192992773761,0.0290421123675298,0.02886206395479287,1189.0,1632.8907142857138,0.001980032230365605,0.036015417595713195,-0.004390584006494398,0.14285714285714285,1,0
2022-04-20,41358.19,-0.0032586092287818,0.0283846493215221,0.02565799452627727,1379.0,1560.9521428571425,0.0017370535010229576,0.030080733248356625,-0.003772403200295399,0.09126984126984126,1,0
2022-04-21,40480.01,-0.0214621951388593,0.0273099605385853,0.025949145325026485,3225.0,1707.4778571428567,0.0018774011713255626,0.029143136862497296,-0.004507635086609004,0.03968253968253968,1,0
2022-04-22,39709.18,-0.0192258767952004,0.0271793834665122,0.025465786031719465,1618.0599999999977,1689.9478571428565,0.0019969035059743696,0.02826210368251315,-0.004633270019418802,0.03968253968253968,1,0
2022-04-23,39441.6,-0.0067612983566558,0.0268977470603202,0.025034602992580944,695.0,1691.4107142857138,0.0021287076939753616,0.026740911627352124,-0.0038690915213149997,0.03968253968253968,1,0
2022-04-24,39450.13,0.0002162457340766,0.0260390232650634,0.024962384899288197,1010.3799999999974,1653.4164285714276,0.002304862117143577,0.027926687181010365,-0.0034367535082580995,0.027777777777777776,0,0
2022-04-25,40426.08,0.0244377786503307,0.0251804546134212,0.019281289928666463,2416.0,1596.3657142857135,0.002523685716684618,0.017300985225769203,-0.003629873444000998,0.011904761904761904,0,0
2022-04-26,38112.65,-0.0589288732240458,0.0256000551864599,0.02476702389316346,3095.0499999999956,1714.2714285714271,0.002368156221426235,0.02638152935277742,-0.0034420571810699005,0.01984126984126984,0,0
2022-04-27,39235.72,0.029041308349953,0.0309855958332642,0.025020023439150076,1593.4100000000035,1687.174285714285,0.0022507926021437035,0.02638152935277742,0.0026009465117421,0.28174603174603174,1,0
2022-04-28,39742.07,0.0128227679696397,0.0310270815287458,0.0241443584311938,1491.199999999997,1654.5414285714276,0.0021702191277105636,0.025867439044408167,0.0037171209901604996,0.29365079365079366,1,0
2022-04-29,38596.11,-0.0292588301525,0.029955225544887,0.02485703954636798,1750.25,1700.7049999999992,0.001999924254217646,0.02631527588898235,0.0027758420783748003,0.23412698412698413,1,0
2022-04-30,37630.8,-0.0253286301777162,0.0301575668728958,0.02553320547927753,1217.1800000000003,1736.3749999999995,0.0019488526028002265,0.02775601585717456,0.003259819812575601,0.24603174603174602,1,0
2022-05-01,38468.35,0.0220129612676682,0.0299778299037448,0.026223644493861394,1288.6200000000026,1753.4549999999997,0.0019767907533834615,0.028925580859272892,0.003938806638681399,0.23809523809523808,1,0
2022-05-02,38525.16,0.0014757090645609,0.0295578778137868,0.024801068170742895,1115.3399999999965,1648.8207142857136,0.0020008645960256045,0.028925580859272892,0.004377423200365601,0.1984126984126984,1,0
2022-05-03,37728.95,-0.0208838300694296,0.0283541385650728,0.02439855061410134,1133.7099999999991,1644.871428571428,0.0019917316984019487,0.028046744362521723,0.002754083378612899,0.11507936507936507,1,0
2022-05-04,39690.0,0.0506715625195415,0.0280480816354242,0.028850666355942835,2353.769999999997,1714.4978571428562,0.001993039665600894,0.029957923875679967,-0.00293751419784,0.0992063492063492,1,0
2022-05-05,36552.97,-0.082336825350552,0.0313675334186076,0.03564427321680697,4273.610000000001,1789.3985714285704,0.0021276873410946045,0.04242820391002745,0.00034045188986180433,0.34523809523809523,1,0
2022-05-06,36013.77,-0.0148610761227896,0.0396773699288772,0.035550799140855766,1417.6299999999974,1775.082142857142,0.0036003613392285236,0.04217698196579199,0.009722144383990203,0.8015873015873016,2,0
2022-05-07,35472.39,-0.0151467179208371,0.0378606382048291,0.0356174576573751,1361.300000000003,1822.6749999999993,0.004144791860614466,0.04248696028952361,0.007703071331933299,0.7380952380952381,2,0
2022-05-08,34038.4,-0.041265348325588,0.0362229034988238,0.03663034953414435,1800.270000000004,1879.095714285714,0.004237620033457639,0.04233618655319731,0.006245073595079004,0.6626984126984127,2,0
2022-05-09,30076.31,-0.1237514803908421,0.0367905886165315,0.04596674762789772,4209.82,2007.225714285714,0.0041466199446231955,0.05740039724394285,0.007232710802744697,0.6785714285714286,2,0
2022-05-10,31017.1,0.030800846621533,0.0523890209721597,0.04654207432774995,2928.59,1995.3357142857144,0.006541418422525449,0.057206466346041596,0.024034882407086903,0.996031746031746,2,1
2022-05-11,29103.94,-0.0636651051045493,0.0502093979529867,0.04643256466250471,4377.59,2194.2057142857143,0.007812702356375255,0.0579596449095591,0.0221613163175625,0.9841269841269841,2,1
2022-05-12,29029.75,-0.0025523939828087,0.0513428986406747,0.045739122173915486,3543.0,2340.7628571428572,0.008817350291779298,0.05499127081403293,0.019975365222067096,0.9920634920634921,2,1
2022-05-13,29287.05,0.0088242725805578,0.0483017702589875,0.04642931208482238,2331.7000000000007,2382.2950000000005,0.009117653878493512,0.05713951689167904,0.008624400330110298,0.9761904761904762,2,1
2022-05-14,30086.74,0.0269391043317348,0.0455776698328747,0.04801744839923793,1713.2700000000004,2417.73,0.0090446851143574,0.05994036620764293,0.007717031628045601,0.9404761904761905,2,0
2022-05-15,31328.89,0.0404561319046443,0.0438178341179968,0.04937385110008616,1980.0,2467.1142857142854,0.008736526353197759,0.05994036620764293,0.007594930619172997,0.9047619047619048,2,0
2022-05-16,29874.01,-0.0475518034081954,0.0432924985404496,0.049877182972448635,2241.8600000000006,2547.5800000000004,0.008234655817838856,0.058693132303364655,0.006501909923918102,0.8928571428571429,2,0
2022-05-17,30444.93,0.0189306062024954,0.0435513236385598,0.05083613957690718,1337.989999999998,2562.171428571429,0.007407076189599924,0.061814055498985825,-0.008837697333599903,0.8968253968253969,2,0
2022-05-18,28715.32,-0.0584886995742195,0.0415545299626742,0.048240694644718134,2055.5200000000004,2540.8678571428577,0.006231970103155991,0.06145345812142615,-0.008654867990312502,0.8452380952380952,2,0
2022-05-19,30319.23,0.0543513864177693,0.0434082289596332,0.04915716625401145,1853.7999999999993,2368.024285714286,0.005258395239594583,0.05831958807610184,-0.0079346696810415,0.9007936507936508,2,0
2022-05-20,29201.01,-0.0375788669561831,0.0444342534177669,0.049583791467739696,2047.3300000000017,2413.002857142858,0.005119404267020952,0.05958262591258542,-0.0038675168412206015,0.9285714285714286,2,0
2022-05-21,29445.06,0.0083228563747148,0.0435783498458977,0.04997288366731733,708.9000000000015,2366.4028571428576,0.004792699722990801,0.06343871217993377,-0.0019993199869769995,0.9007936507936508,2,0
2022-05-22,30293.94,0.0284215384207975,0.0412315427045239,0.050441734991081545,1232.880000000001,2325.8750000000005,0.004278187005305424,0.06641844930552962,-0.0025862914134728993,0.8253968253968254,2,0
2022-05-23,29109.15,-0.0398951347692122,0.0400116084032749,0.03946548154767215,1804.1599999999999,2154.042142857143,0.0038722420190224695,0.04608986752030549,-0.0032808901371747037,0.7777777777777778,2,0
2022-05-24,29654.58,0.0185640245739104,0.0399123818501297,0.038805146882582964,1176.8600000000006,2028.9185714285718,0.00350720816048692,0.04608986752030549,-0.0036389417884300987,0.7698412698412699,2,0
2022-05-25,29542.15,-0.0037985251950818,0.0382357658741248,0.03471342611848024,929.5300000000025,1782.6285714285718,0.003414466428874993,0.03809382827073224,-0.003318764088549399,0.7142857142857143,2,0
2022-05-26,29201.35,-0.0116031160400318,0.0362691968934463,0.03486995014807689,1867.079999999998,1662.9200000000003,0.0030945564087017006,0.03837307237442075,-0.0071390320661869,0.6309523809523809,2,0
2022-05-27,28629.8,-0.0197668076759747,0.0346458579913795,0.035175840590229025,1114.7599999999984,1575.9957142857145,0.0032301688456086654,0.03630364559894024,-0.009788395426387396,0.5357142857142857,2,0
2022-05-28,29031.33,0.0139274582552868,0.0335556308275413,0.03452913227081809,816.0,1511.9050000000002,0.003608365784645527,0.03630364559894024,-0.010022719018356399,0.4722222222222222,1,0
2022-05-29,29468.1,0.0149327306648618,0.0322784642290987,0.03270961610676418,748.5699999999997,1423.9457142857143,0.004087136982614966,0.03630364559894024,-0.008953078475425202,0.3968253968253968,1,0
2022-05-30,31734.22,0.0740872715889171,0.0311746417545254,0.036314724831383864,2922.380000000001,1472.554285714286,0.004529597015474743,0.034069802805031774,-0.008836966648749497,0.3134920634920635,1,0
2022-05-31,31801.04,0.0021033997385373,0.0378861511742643,0.03607141646783337,1198.9900000000016,1462.6257142857146,0.004325338909236699,0.034069802805031774,-0.0020262306758654022,0.6984126984126984,2,0
2022-06-01,29805.83,-0.0647949816931543,0.0359357073750021,0.03692903153392602,2681.970000000001,1507.3721428571432,0.004274617984560051,0.03592114153200824,-0.0023000584991226952,0.6031746031746031,2,0
2022-06-02,30452.62,0.0214680211866689,0.0397997406956411,0.03434379949041458,1094.4500000000007,1453.1328571428578,0.004027675818374594,0.03592114153200824,0.0035305438021948007,0.7698412698412699,2,0
2022-06-03,29700.21,-0.0250179166566564,0.0382852378201968,0.03342964269938942,1416.6399999999994,1408.0835714285718,0.0035538647299200197,0.03404823873541845,0.0036393798288172977,0.7301587301587301,2,0
2022-06-04,29864.04,0.0055009645259609,0.0371431445007595,0.03339194785969877,503.880000000001,1393.4392857142861,0.003068326894698097,0.03404823873541845,0.003587513673218197,0.6785714285714286,2,0
2022-06-05,29919.21,0.0018456679976868,0.0352929708207608,0.03245601032159167,657.5800000000017,1352.346428571429,0.0028215124026456572,0.03404823873541845,0.0030145065916621014,0.5833333333333334,2,0
2022-06-06,31373.1,0.0474500888349513,0.0335659962927415,0.032774711879727456,1875.4099999999999,1357.4357142857148,0.0027213325113296157,0.03275385042296766,0.0023913545382160985,0.47619047619047616,1,0
2022-06-07,31125.33,-0.007928880711022,0.0353177294207022,0.03271783853976665,2370.6399999999994,1442.7057142857145,0.002479326188569851,0.03007474227370954,-0.002568421753562096,0.5952380952380952,2,0
2022-06-08,30204.77,-0.0300220982099315,0.033676580895295,0.03389469638955905,1483.3400000000001,1482.2635714285716,0.0024150435392302706,0.03243927230032914,-0.0022591264797071006,0.4880952380952381,1,0
2022-06-09,30109.93,-0.0031448412464669,0.0334570372519709,0.033716465380398145,755.9000000000015,1402.893571428572,0.002448953670267704,0.03211722292082668,-0.006342703443670203,0.4642857142857143,1,0
2022-06-10,29091.88,-0.0343959202434387,0.0319036351458045,0.034662660596043955,1532.7999999999993,1432.7535714285718,0.002597041511295834,0.034111211970480886,-0.006381602674392299,0.376984126984127,1,0
2022-06-11,28424.7,-0.0232006119472725,0.0323508012272939,0.03502773988786511,1340.4199999999983,1470.2121428571431,0.0026657845976023596,0.032775681506041716,-0.004792343273465602,0.4087301587301587,1,0
2022-06-12,26574.53,-0.0673052472144988,0.0317380117801793,0.03875573995060723,1984.9599999999991,1558.5257142857147,0.002709627665855511,0.03880997518342287,-0.0035549590405815,0.3531746031746032,1,0
2022-06-13,22487.41,-0.1669976412315108,0.0370221027379674,0.051301668785394494,4970.07,1704.7892857142858,0.0025498983375857563,0.06661491788780548,0.0034561064452258983,0.7023809523809523,2,0
2022-06-14,22136.41,-0.0157318328672531,0.063334209465973,0.05080653022571802,2516.880000000001,1798.9242857142858,0.007944503995280279,0.06339196804971019,0.028016480045270797,1.0,2,1
2022-06-15,22583.72,0.0200055285384088,0.0595801559805723,0.050864720540779194,2688.380000000001,1799.382142857143,0.009947999984891875,0.06323415610037433,0.025903575085277297,0.996031746031746,2,1
2022-06-16,20401.31,-0.1016301782416349,0.0562563136540138,0.05373709915214069,2763.7299999999996,1918.6164285714287,0.010998659916444619,0.06805565340878379,0.0227992764020429,0.9920634920634921,2,1
2022-06-17,20468.81,0.0033031496542328,0.0618000937233418,0.05441165976787981,1118.7700000000004,1897.3400000000001,0.012431470403969292,0.07125059333485945,0.029896458577537297,0.996031746031746,2,1
2022-06-18,18970.79,-0.0760018363469718,0.0579632036295007,0.05507022700835142,3170.0600000000013,2087.781428571429,0.013085082414849862,0.07173987913513483,0.025612402402206802,0.9880952380952381,2,1
2022-06-19,20574.0,0.0811277149268701,0.0594570065615241,0.062446310552918334,2855.540000000001,2244.7785714285715,0.013562487896235587,0.07173987913513483,0.027718994781344798,0.9880952380952381,2,1
2022-06-20,20573.89,-5.346568196173962e-06,0.0613796312294083,0.05931856155452019,1452.9700000000012,2214.604285714286,0.013822425334628081,0.06840129093134754,0.024357528491440905,0.9920634920634921,2,1
2022-06-21,20723.52,0.007246490991843,0.0575649511603236,0.05989149796326755,1374.5999999999985,2143.4585714285718,0.013678578319615173,0.07169604972555581,-0.005769258305649401,0.9761904761904762,2,0
2022-06-22,19987.99,-0.0361376939508311,0.0540869254899755,0.059921399039920976,1129.4900000000016,2118.1835714285717,0.013063427363404812,0.07197766459510262,-0.005493230490596801,0.9682539682539683,2,0
2022-06-23,21110.13,0.0546214268784677,0.0520898938016349,0.06374217465708573,1342.9300000000003,2160.114285714286,0.012184465504568271,0.07586387808230782,-0.004166419852378894,0.9563492063492064,2,0
2022-06-24,21237.69,0.0060244133369913,0.0519273795048256,0.06421528340158877,821.6899999999987,2109.3207142857145,0.010849731581188508,0.07954155568772872,-0.009872714218516196,0.9523809523809523,2,0
2022-06-25,21491.19,0.0118656503170235,0.0488710506541909,0.06486549090647777,707.880000000001,2064.139285714286,0.009258434797034134,0.0845801431062064,-0.009092152975309797,0.9325396825396826,2,0
2022-06-26,21038.07,-0.0213094300901079,0.0461689311809515,0.0634327023941228,923.2700000000004,1988.3042857142862,0.007185642014243884,0.08106496492075693,-0.013288075380572598,0.9047619047619048,2,0
2022-06-27,20742.56,-0.0141460254601213,0.0440455719627585,0.04645309716415874,1029.8499999999985,1706.8600000000004,0.005993667087489563,0.051147682006763326,-0.017334059266649805,0.8809523809523809,2,0
2022-06-28,20281.29,-0.0224888419964646,0.0418159766169115,0.046599442898921845,1010.0900000000001,1599.2321428571431,0.0065174859974150975,0.051507080056509336,-0.0157489745434121,0.8253968253968254,2,1
2022-06-29,20123.01,-0.0078348497395381,0.0401616467041417,0.0459826901500999,577.390000000003,1448.4471428571433,0.007218215458806115,0.048260024790289395,-0.0139252787858338,0.7777777777777778,2,0
2022-06-30,19942.21,-0.0090253455381876,0.0380931518398484,0.03736896775246246,1553.0800000000017,1361.9721428571434,0.008055361503365813,0.03237476578048863,-0.013996741961786505,0.7142857142857143,2,0
2022-07-01,19279.8,-0.0337806752051044,0.0362310068448713,0.03829554353391651,1943.3499999999985,1420.8707142857147,0.008336870726303765,0.0325339782928637,-0.0156963726599543,0.6388888888888888,2,0
2022-07-02,19252.81,-0.0014008915780152,0.0360296653869328,0.03226223349218977,490.380000000001,1229.4650000000004,0.00863425798947485,0.020417370222289222,-0.012841385267258101,0.623015873015873,2,0
2022-07-03,19315.83,0.0032679428719752,0.0342360408461333,0.022687119845088092,866.630000000001,1087.4000000000003,0.008625602481318523,0.020417370222289222,-0.011932890334818202,0.5357142857142857,2,0
2022-07-04,20236.71,0.046573314820991,0.032613794669771,0.026494076262040846,1298.699999999997,1076.3807142857145,0.008064312163041645,0.021655891324765454,-0.0114317772929875,0.42857142857142855,1,0
2022-07-05,20175.83,-0.0030129284649955,0.0344162227335746,0.026384724597749088,1445.5999999999985,1081.452142857143,0.0073806920661953716,0.020442055698147804,-0.007399753883336899,0.5396825396825397,2,0
2022-07-06,20564.51,0.0190814211736078,0.0327754389815335,0.024964055420572607,913.9700000000012,1066.0578571428573,0.0069238338123872945,0.017517726188106073,-0.007386207722608201,0.44047619047619047,1,0
2022-07-07,21624.98,0.0502823534538485,0.0318425681588192,0.02427843113213029,1586.4199999999983,1083.45,0.006455274074258272,0.017517726188106073,-0.006250583681029195,0.373015873015873,1,0
2022-07-08,21594.75,-0.0013988983702493,0.0343092348020625,0.024258272753466707,1338.1100000000006,1120.337142857143,0.005424713439425371,0.016522451940253716,-0.0019217720428088003,0.5436507936507936,2,0
2022-07-09,21591.83,-0.0001352271934678,0.0326671532323392,0.024063299213463823,657.880000000001,1116.7657142857145,0.004583921674923125,0.01567463252984196,-0.0033625121545936,0.44047619047619047,1,0
2022-07-10,20862.47,-0.034363151398205,0.031169794795561,0.025192834806741022,952.6500000000015,1118.8642857142859,0.003936568428203992,0.017842856869645513,-0.003066246050572298,0.3134920634920635,1,0
2022-07-11,19963.61,-0.0440407347468472,0.0317207054686248,0.027582981259599078,993.25,1116.2500000000002,0.0032564809090455415,0.02218817634108381,-0.0008930892011461966,0.3531746031746032,1,0
2022-07-12,19328.75,-0.0323174914457506,0.0333435709908969,0.02824167598857114,819.4199999999983,1102.6307142857145,0.0025824658422979353,0.02337054542032455,-0.001072651742677698,0.47619047619047616,1,0
2022-07-13,20234.87,0.0458137289877029,0.0333805464418853,0.03109453411041005,1455.670000000002,1165.365,0.0019479595500794464,0.02449589322041415,0.0006051074603518058,0.47619047619047616,1,0
2022-07-14,20588.84,0.0173418276292753,0.034948246612473,0.031277975855373424,1283.9300000000003,1146.1399999999999,0.0015527453257525282,0.0257851270112969,0.0031056784536537957,0.5634920634920635,2,0
2022-07-15,20830.04,0.0116469941538035,0.0336938405163733,0.02955838704343003,817.7099999999991,1065.7371428571428,0.001350513383777713,0.024430216017397532,-0.0006153942856891997,0.5079365079365079,1,0
2022-07-16,21195.6,0.0173974373889755,0.0323133840887267,0.02964644780450126,1110.329999999998,1110.0192857142854,0.0011350718466481117,0.02638145082371196,-0.00035376914361250067,0.4007936507936508,1,0
2022-07-17,20798.16,-0.0189290917114028,0.0313328533171584,0.030436745863668145,934.5300000000025,1114.8692857142855,0.0011764318758121317,0.025450782189501968,0.00016305852159739787,0.2976190476190476,1,0
2022-07-18,22432.58,0.0756498451821769,0.03054761838682,0.03422712444429096,2015.1800000000003,1166.0464285714286,0.0013335119647522348,0.025450782189501968,-0.0011730870818047988,0.24206349206349206,1,0
2022-07-19,23396.62,0.0420772010480732,0.0377503073727183,0.03528135946299236,2220.459999999999,1221.3935714285715,0.001851580648846901,0.027462454553041183,0.004406736381821395,0.6944444444444444,2,0
2022-07-20,23223.3,-0.0074354824512425,0.0381874962437918,0.03550089135246799,1370.550000000003,1254.0064285714288,0.0023120815624717893,0.0255801397844663,0.004806949801906497,0.7142857142857143,2,0
2022-07-21,23152.19,-0.0030667085449955,0.0362811602745972,0.03349918007612288,1101.3100000000013,1219.3557142857148,0.002389265033368215,0.023952582222616932,0.0013329136621242008,0.6388888888888888,2,0
2022-07-22,22684.83,-0.0203929573407481,0.0344763861066244,0.03415107574755218,1256.4900000000016,1213.525714285715,0.002393017539435312,0.025009311649616336,0.0007825455902511005,0.5357142857142857,2,0
2022-07-23,22451.07,-0.0103581446266982,0.033441339569412,0.03434393423807645,1066.2000000000007,1242.691428571429,0.0023761767038090157,0.02527597235324199,0.001127955480685297,0.4642857142857143,1,0
2022-07-24,22579.68,0.0057121122651899,0.0320410345655418,0.03263699151754095,757.489999999998,1228.751428571429,0.002313818531110804,0.023695002647330113,0.0007081812483833994,0.36507936507936506,1,0
2022-07-25,21310.9,-0.0578317078758043,0.0306538932234576,0.034412008148344095,1416.0,1258.9478571428574,0.002404026349054007,0.027607173425938925,0.00010627483663759943,0.23412698412698413,1,0
2022-07-26,21254.67,-0.0026420429802271,0.0345535085151173,0.03283668000149941,641.3199999999997,1246.2264285714289,0.002410331159294954,0.02477802110671092,-0.003196798857600998,0.5436507936507936,2,0
2022-07-27,22952.45,0.0768480486898255,0.0328973149630876,0.036515585036827704,2070.100000000002,1290.114285714286,0.00242068007150628,0.02477802110671092,-0.005290181280704201,0.4246031746031746,1,0
2022-07-28,23842.93,0.038063052708388,0.039655781182373,0.037291366059386696,1617.5900000000001,1313.9471428571433,0.0028772271144855027,0.02477802110671092,0.0033746209077758008,0.746031746031746,2,0
2022-07-29,23773.75,-0.0029057065160618,0.039423230547834,0.03745882292371294,1028.630000000001,1329.0128571428577,0.0031997375962407645,0.023200472624791954,0.0049468444412095955,0.7380952380952381,2,0
2022-07-30,23643.51,-0.0054933721401191,0.0373476255425581,0.037584229445207396,1165.75,1332.9714285714292,0.0032131488220106387,0.021950126746228857,0.003906285973146101,0.6706349206349206,2,0
2022-07-31,23293.32,-0.0149220344858775,0.0354795320346729,0.0373796645098284,967.5099999999984,1335.3271428571431,0.0030458740276604504,0.021604087004696904,0.0034384974691311007,0.5753968253968254,2,0
2022-08-01,23268.01,-0.001087168364517,0.034058140648986,0.031942072984055554,659.6800000000003,1238.5057142857147,0.002765396512951025,0.02049831971848285,0.0034042474255283964,0.5,2,0
2022-08-02,22987.79,-0.0121162504204264,0.0324372615390227,0.030017257024255777,805.5200000000004,1137.438571428572,0.0027893323794389536,0.019882872110670146,-0.0021162469760945962,0.39285714285714285,1,0
2022-08-03,22818.37,-0.0073972920914346,0.0311959536573221,0.03001665429188428,966.4599999999991,1108.5750000000003,0.002813382060373687,0.019881577054845105,-0.0017013613057654982,0.28174603174603174,1,0
2022-08-04,22622.98,-0.0085997094791796,0.0299250401172434,0.030078683682853984,823.3199999999997,1088.7185714285715,0.003020749200693675,0.020028612419353563,-0.0097307410651296,0.19444444444444445,1,0
2022-08-05,23312.42,0.0300200619305783,0.0288105229508498,0.030674195200268532,885.9099999999999,1062.2485714285715,0.0033318800347202373,0.019991812726188562,-0.010612707596984197,0.1349206349206349,1,0
2022-08-06,22954.21,-0.0154849038138831,0.0292510513561666,0.030862451509999788,444.84000000000015,1017.8657142857143,0.0035394753979539526,0.02032047451908435,-0.008096574186391498,0.1626984126984127,1,0
2022-08-07,23174.39,0.0095464276895302,0.0284949314294372,0.030918873682661288,557.380000000001,1003.572142857143,0.003764643484500793,0.02032047451908435,-0.006984600605235699,0.11904761904761904,1,0
2022-08-08,23810.0,0.0270578708603661,0.0275552275722006,0.026290266645098412,1090.75,980.3400000000001,0.004006391135228293,0.009337561012593757,-0.0065029130767853965,0.06349206349206349,1,0
2022-08-09,23149.95,-0.0281130397960751,0.0278822583822447,0.02790894995453522,1068.25,1010.8350000000002,0.0041914952204228015,0.013199633944594127,-0.004555003156778002,0.09126984126984126,1,0
2022-08-10,23954.05,0.0341447911544978,0.0282655463896538,0.021080231166887287,1561.3100000000013,974.4928571428572,0.004334519310413837,0.013199633944594127,-0.0029304072676683,0.1111111111111111,1,0
2022-08-11,23934.39,-0.0008210750278987,0.0292402641660611,0.01851825236112278,1066.4099999999999,935.1228571428572,0.0038043777144943403,0.012524963834849873,-0.0006847759511822982,0.17857142857142858,1,0
2022-08-12,24403.68,0.019417603769849,0.0280643777643852,0.019172956386770735,873.5,924.0421428571428,0.0031047381770724657,0.013166894767161267,-0.0007461451864646008,0.10317460317460317,1,0
2022-08-13,24441.38,0.0015436569219566,0.0276881276031029,0.019057015058572296,596.7799999999988,883.4014285714285,0.0024969940787276917,0.013829890287054215,-0.001562923753063699,0.07936507936507936,1,0
2022-08-14,24305.24,-0.0055856325610168,0.0266671740986089,0.018562259258853457,903.5600000000013,878.8335714285715,0.002047715325745502,0.012935702052481658,-0.001827757330828298,0.04365079365079365,0,0
2022-08-15,24094.82,-0.0086950853252414,0.0258045161923501,0.01880211489669575,1438.0999999999985,934.4350000000001,0.0017195786627201134,0.013290417950938598,-0.0017507113798505003,0.031746031746031744,0,0
2022-08-16,23854.74,-0.0100139399087293,0.0251203563729584,0.018684479041986578,576.2700000000004,918.0600000000001,0.001591366607487734,0.01306979888296969,-0.002761902009286301,0.011904761904761904,0,0
2022-08-17,23342.66,-0.0217003519236236,0.024561535285948,0.019642265488780473,1266.3099999999977,939.477857142857,0.0015992661956058057,0.014927920510126818,-0.003704011103705801,0.003968253968253968,0,0
2022-08-18,23191.2,-0.0065096914314182,0.0248210783423538,0.019566392250808775,488.9599999999991,915.5949999999999,0.0016263244475687327,0.014795115602198362,-0.004419185823707299,0.011904761904761904,0,0
2022-08-19,20834.39,-0.1071679095830404,0.0241772712015221,0.03362985074579435,2425.0999999999985,1025.5371428571427,0.0017615192841787272,0.03834945227749968,-0.0038871065628630977,0.003968253968253968,0,0
2022-08-20,21140.07,0.0145653049068563,0.041186795617457,0.0340733079706202,620.9499999999971,1038.116428571428,0.004179190120097112,0.04030561710812281,0.0134986680143541,0.8174603174603174,2,0
2022-08-21,21515.61,0.0176084265060971,0.0392228390423731,0.03442044987873272,730.8899999999994,1050.5099999999995,0.005176322009109856,0.04030561710812281,0.0125556649437642,0.753968253968254,2,0
2022-08-22,21399.83,-0.0053957401299662,0.0375659781799691,0.03314235232801572,658.5299999999988,1019.6371428571422,0.005688510653698315,0.03804304020927838,0.011761461987619001,0.7023809523809523,2,0
2022-08-23,21529.12,0.0060234592697359,0.0356774355288183,0.03277258871569785,794.7299999999996,1000.0999999999993,0.005915523833812055,0.03910740525895837,0.010557079155859902,0.626984126984127,2,0
2022-08-24,21368.08,-0.0075082176239664,0.0339649192403652,0.03075613053372518,755.0,942.5064285714278,0.00599283801813079,0.03695565886692393,0.009403383954417203,0.5515873015873016,1,0
2022-08-25,21559.04,0.0088969984309876,0.0324371759878523,0.031042834949605958,509.72999999999956,902.7435714285706,0.006011511977184888,0.039196320516718536,0.007616097645498497,0.4523809523809524,1,0
2022-08-26,20241.05,-0.0630824976037445,0.031087748059691,0.033295746466218024,1778.869999999999,967.4128571428563,0.005971569365888937,0.04251824946788676,0.006910476858168899,0.3333333333333333,1,0
2022-08-27,20037.6,-0.0101022119782676,0.0357824876843239,0.03303928357942122,602.9300000000003,967.8521428571421,0.0060475308204252145,0.04046265998074636,-0.005404307933133103,0.6468253968253969,2,0
2022-08-28,19555.61,-0.0243483067767975,0.0341566263464504,0.03304392980653208,651.1800000000003,949.8249999999991,0.005937275465826969,0.04115083143627268,-0.005066212695922702,0.5714285714285714,2,0
2022-08-29,20285.73,0.0366554814045692,0.033420142786567,0.035867794903387595,882.8299999999981,910.1628571428563,0.0056867148796380055,0.04327984489876713,-0.004145835393402103,0.5119047619047619,1,0
2022-08-30,19811.66,-0.0236470299311744,0.0338892681205775,0.035986078229773205,1036.25,943.0185714285706,0.0052962895118240485,0.043864954123387825,-0.0017881674082408025,0.5555555555555556,1,0
2022-08-31,20050.02,0.0119594979959547,0.0331326936076982,0.03649992132641406,692.0600000000013,902.0007142857137,0.004709082395538304,0.045888863747936104,-0.0008322256326670011,0.49206349206349204,1,0
2022-09-01,20131.46,0.0040536143276472,0.0318176576132595,0.03670539110362464,642.7099999999991,912.9828571428565,0.004026539266172961,0.04899551939584574,-0.0006195183745928007,0.39285714285714285,1,0
2022-09-02,19951.86,-0.0089613935133172,0.0304249255294207,0.0238685311204941,685.9699999999975,788.759285714285,0.0030749676171052138,0.027772731167158178,-0.0006628225302703003,0.28174603174603174,1,0
2022-09-03,19831.9,-0.0060306197082571,0.0292719216877133,0.02332506012816349,403.2099999999991,773.206428571428,0.0027274221348303662,0.026066358945603368,-0.006510565996610599,0.21825396825396826,1,0
2022-09-04,20000.3,0.0084555210771046,0.0281561632352249,0.022777671042445456,446.130000000001,752.8664285714282,0.002605779931134363,0.026066358945603368,-0.006000463111225499,0.1388888888888889,1,0
2022-09-05,19796.84,-0.0102249444373896,0.0272156070903251,0.022817126085362936,423.4399999999987,736.0742857142852,0.0026520489908423654,0.026246609368273343,-0.006204535696241898,0.08333333333333333,1,0
2022-09-06,18790.61,-0.0521650520290393,0.0264349610863355,0.025666363277485782,1530.4900000000016,788.6285714285711,0.0028553990666070413,0.030243950138532295,-0.007454307034241998,0.06349206349206349,0,0
2022-09-07,19292.84,0.0263767656480595,0.0303806089375896,0.027427989848904988,953.2900000000009,802.7921428571426,0.002778363679064954,0.03196853012719972,-0.0027520846701086024,0.2896825396825397,1,0
2022-09-08,19319.77,0.0013948813284816,0.030261812940411,0.02715922654224223,446.25,798.2578571428569,0.002768137845539413,0.03196853012719972,-0.0015558446728484963,0.2896825396825397,1,0
2022-09-09,21360.11,0.1003962399398634,0.0289906580363515,0.03545454128644472,2305.470000000001,835.8721428571428,0.0028251406005546584,0.024484671134706124,-0.0014342674930691995,0.20238095238095238,1,0
2022-09-10,21648.34,0.013403613252505,0.0421710356617927,0.03529954652665457,699.6699999999983,842.7821428571426,0.003955225098166724,0.026122911901142534,0.0128991139740794,0.8452380952380952,2,0
2022-09-11,21826.87,0.008213002469084,0.040079407429247,0.03423671102056953,510.0,832.697857142857,0.004544582086057504,0.026463556504264813,0.011923244194022103,0.7896825396825397,2,0
2022-09-12,22395.74,0.0257289825902695,0.038025894316317,0.03364900684369398,949.4900000000016,837.4592857142858,0.004826366755518143,0.026463556504264813,0.010810287225991897,0.7222222222222222,2,0
2022-09-13,20173.57,-0.1044974303611407,0.0369599739213382,0.044510893114461644,2939.0,973.37,0.004978337222217253,0.0526538318487604,0.0105250128350027,0.6825396825396826,2,1
2022-09-14,20226.71,0.0026306763540286,0.0481448479386583,0.044408639813225105,923.8600000000006,989.9271428571428,0.00652833596317249,0.0526538318487604,0.017764239001068702,0.9246031746031746,2,1
2022-09-15,19701.88,-0.0262899455334846,0.045355633444555,0.04496550005531938,833.2400000000016,1003.5364285714287,0.007232240706447509,0.04924985833810635,0.015093820504144002,0.8849206349206349,2,0
2022-09-16,19803.3,0.0051345278170789,0.0435780899793912,0.04494436716376193,569.9900000000016,995.2521428571433,0.0075219357065485605,0.05380145853829753,0.0145874319430397,0.8611111111111112,2,1
2022-09-17,20113.62,0.0155486070502064,0.0411794715931641,0.04511107552430098,440.91999999999825,997.9457142857146,0.0074536010861451715,0.06007623558898959,-0.0009915640686285962,0.7976190476190477,2,0
2022-09-18,19416.18,-0.0352904584441144,0.039253736232022,0.04606057606989898,781.6399999999994,1021.9107142857146,0.007113598170261194,0.056003629859806205,-0.0008256711972250003,0.7380952380952381,2,0
2022-09-19,19537.02,0.0062043882216968,0.0388127056788315,0.046047407976423094,1453.6399999999994,1095.4964285714289,0.006538260060006426,0.0624048942363962,0.0007868113625145029,0.7222222222222222,2,0
2022-09-20,18875.0,-0.0344728321725096,0.0368294320391282,0.0447582783551015,922.75,1052.0864285714288,0.005678289151245047,0.059255098522036094,-0.0001305418822099974,0.6507936507936508,2,0
2022-09-21,18461.36,-0.0221583959680238,0.0366164226299379,0.04446348026155888,1830.0200000000004,1114.7100000000003,0.005211620238638333,0.05391782880513745,-0.011528425308720398,0.6388888888888888,2,0
2022-09-22,19401.63,0.0496771839912391,0.0354649754314668,0.04666100349888749,1193.7799999999988,1168.105,0.004699483696046614,0.05391782880513745,-0.0098906580130882,0.5833333333333334,2,0
2022-09-23,19289.91,-0.0057749218814109,0.0371830469274716,0.036707942279121775,968.5800000000017,1072.6128571428574,0.00371105024374973,0.04927644981468827,-0.006395043051919604,0.6706349206349206,2,0
2022-09-24,18920.5,-0.0193361709410382,0.0353337482488516,0.036329705305219555,510.7999999999993,1059.122142857143,0.003847263284314475,0.04620281151726282,-0.005845723344312506,0.5753968253968254,2,0
2022-09-25,18807.38,-0.0059966443373085,0.0341475850247832,0.035990064844261066,551.0099999999984,1062.0514285714287,0.004095618810466022,0.04327074399638596,-0.005106151207238806,0.5079365079365079,2,0
2022-09-26,19227.82,0.022108842641316,0.0325719165207625,0.03572069494865784,638.239999999998,1039.8192857142856,0.004446259122380721,0.04327074399638596,-0.006240789158068999,0.40476190476190477,1,0
2022-09-27,19079.13,-0.0077631211435953,0.0318563660153361,0.023480503761745476,1569.5400000000009,942.0007142857141,0.0047932517063923544,0.022691990287915628,-0.004973066023792105,0.3492063492063492,1,0
2022-09-28,19412.82,0.0173386050667581,0.0305315878948006,0.02411956656428712,1318.7200000000012,970.2049999999999,0.004299092473363908,0.022691990287915628,-0.0060848347351373025,0.25396825396825395,1,0
2022-09-29,19591.51,0.0091626365658328,0.0297391825451199,0.023326804623682276,802.510000000002,968.01,0.003993709954802247,0.02213029645938304,-0.0057257928863469025,0.20238095238095238,1,0
2022-09-30,19422.61,-0.0086584577678969,0.028660484796623,0.023366255573174767,1029.6399999999994,1000.8421428571427,0.003782249642567409,0.020926117176209867,-0.008522562130848597,0.1349206349206349,1,0
2022-10-01,19310.95,-0.0057655588235903,0.0276746903898289,0.02286699712171215,324.58000000000175,992.532142857143,0.003771427050349717,0.019822716231435097,-0.007659057859022697,0.08333333333333333,1,0
2022-10-02,19056.8,-0.0132482992774978,0.0267126390506039,0.021161156360191318,475.5600000000013,970.6692857142859,0.0038908669702118156,0.016554830398400975,-0.007434945974179298,0.051587301587301584,0,0
2022-10-03,19629.08,0.0295881468899583,0.0261217487808693,0.02267096796740647,759.4199999999983,921.0821428571429,0.00391317140129732,0.016554830398400975,-0.006450167739893202,0.03968253968253968,0,0
2022-10-04,20337.82,0.035470066752179,0.0269248980844256,0.022109856357481954,984.4000000000015,925.4857142857145,0.0038882156384084,0.012640142046691836,-0.004931467930910496,0.06746031746031746,1,0
2022-10-05,20158.26,-0.0088680769475324,0.0282842799273089,0.02110105026537219,635.5999999999985,840.1700000000001,0.0036585238378352364,0.010403327620021378,-0.002247307967491702,0.13095238095238096,1,0
2022-10-06,19960.67,-0.0098502925002552,0.0273436043332619,0.01734755438570718,603.5999999999985,798.0142857142857,0.0035025719817734246,0.010343339600903575,-0.002395578211857999,0.08333333333333333,1,0
2022-10-07,19530.09,-0.0218074842813216,0.0265351765348491,0.01839963974680231,748.8199999999997,782.3171428571428,0.0029934346140196933,0.012494793203749896,-0.0021253082617739005,0.051587301587301584,0,0
2022-10-08,19417.96,-0.005757942171451,0.0265333962456365,0.01759196075726864,390.2400000000016,773.7057142857144,0.002557313048016099,0.010874767462285218,-0.0011412941441923986,0.051587301587301584,0,0
2022-10-09,19439.02,0.0010839752375062,0.0256884124807053,0.01745011558494787,241.95999999999913,751.6307142857144,0.0021754021839406625,0.011337908553393021,-0.0010242265698986001,0.027777777777777776,0,0
2022-10-10,19131.87,-0.0159268553425899,0.0248683905955451,0.017096114447094458,504.75,742.0957142857145,0.0019549615560165595,0.011935242324145216,-0.0012533581853242,0.015873015873015872,0,0
2022-10-11,19060.0,-0.0037636326703101,0.0246498381748054,0.01699596624444384,408.09000000000015,659.1350000000002,0.0017022195864009313,0.011718688611745555,-0.0022750599096202015,0.011904761904761904,0,0
2022-10-12,19155.53,0.0049995485596987,0.023966310359547,0.016330580274715352,272.4300000000003,584.4000000000002,0.0016040336761960492,0.011718688611745555,-0.004317969567761898,0.003968253968253968,0,0
2022-10-13,19375.13,0.0113988381085654,0.0233803163688639,0.016447648336806106,1323.7900000000009,621.6342857142857,0.001575177304605678,0.011718688611745555,-0.003963287964398002,0.003968253968253968,0,0
2022-10-14,19176.93,-0.0102822908155797,0.0230872553651742,0.016512975553123525,881.5,611.0528571428573,0.0016197153775371444,0.01186360250003343,-0.0034479211696748988,0.003968253968253968,0,0
2022-10-15,19069.39,-0.0056235623928095,0.0227771736197409,0.016509806582326633,252.5,605.9042857142857,0.0017189986571278875,0.011856026896556014,-0.0037562226258956027,0.003968253968253968,0,0
2022-10-16,19262.98,0.0101006875336739,0.0223402549274477,0.016344868236186597,362.09999999999854,597.7999999999998,0.0018704857990607014,0.01167031988743554,-0.0033481575532576004,0.003968253968253968,0,0
2022-10-17,19549.86,0.01478300606081,0.0221132882440318,0.014736646038198718,524.9300000000003,581.0507142857142,0.0020161388811092977,0.01167031988743554,-0.0027551023515133,0.003968253968253968,0,0
2022-10-18,19327.44,-0.0114422774576841,0.0221775964297177,0.010783512713552788,615.6599999999999,554.7121428571427,0.0020469726194560995,0.011645202367495062,-0.0024722417450877,0.007936507936507936,0,0
2022-10-19,19123.97,-0.0105833257695788,0.0220361988604941,0.010856978017088152,294.1899999999987,530.3257142857141,0.0018417711408481355,0.011803298217103408,-0.0019301114990529014,0.003968253968253968,0,0
2022-10-20,19041.92,-0.0042996574378424,0.0218697971454337,0.010718013522683043,447.8199999999997,519.1985714285713,0.0016753011707446143,0.011427644021597114,-0.0015105192234301998,0.003968253968253968,0,0
2022-10-21,19164.37,0.00640996125321,0.0215090816246392,0.009575534908234236,600.0,508.5685714285714,0.0015591946993050844,0.009352493385984094,-0.001578173740535,0.003968253968253968,0,0
2022-10-22,19204.35,0.0020839900038094,0.0212442583013044,0.009527107134324043,144.27999999999884,490.9999999999997,0.0013581547412534554,0.00975850663508683,-0.0015329153184364987,0.003968253968253968,0,0
2022-10-23,19570.4,0.0188814047749072,0.0209246257888506,0.01088678295365016,624.8899999999994,518.3521428571427,0.0012165409924836089,0.00975850663508683,-0.0014156291385970972,0.003968253968253968,0,0
2022-10-24,19329.72,-0.0123744127879881,0.0214757778567711,0.010509805430299944,444.15000000000146,514.0235714285712,0.0010669736760843154,0.008992540821409191,-0.0006375103872607001,0.011904761904761904,0,0
2022-10-25,20080.07,0.0380839730139808,0.0214762864622357,0.014372942607067894,1178.869999999999,569.0792857142854,0.0008704485734017848,0.009590755984244666,-0.0007013099674820014,0.015873015873015872,0,0
2022-10-26,20771.59,0.0338584068050522,0.0242981398467367,0.016484321318288777,969.5900000000001,618.8764285714284,0.0009258807409157141,0.009590755984244666,0.002261940986242602,0.06349206349206349,0,0
2022-10-27,20295.11,-0.0232062173479086,0.0259262772775676,0.01809375065172086,672.2099999999991,572.3349999999997,0.0013360686804596306,0.012480980534364639,0.004056480132133899,0.10317460317460317,0,0
2022-10-28,20591.84,0.0145149104854418,0.0261262771079358,0.017872823571644266,749.9099999999999,562.935714285714,0.0016666065590129576,0.012810793764622658,0.004617195483296598,0.11904761904761904,0,0
2022-10-29,20809.67,0.0105229017033003,0.0256704734336589,0.017648216988726602,530.9900000000016,582.8278571428569,0.0018594947010296921,0.01380633309240616,0.0044262151323545,0.09523809523809523,0,0
2022-10-30,20627.48,-0.0087936151026681,0.0250707932903568,0.01804802874763447,416.2099999999991,586.692857142857,0.001948717420849989,0.013104718195280023,0.004146167501506197,0.08333333333333333,0,0
2022-10-31,20490.74,-0.0066510906396395,0.024470929539712,0.018053239089737032,607.9699999999975,592.6242857142853,0.001968505120967399,0.012390312117381525,0.0029951516829408997,0.06746031746031746,0,0
2022-11-01,20483.62,-0.0003475344128212,0.0238695481416773,0.017591200389912066,369.2599999999984,575.0242857142852,0.0019552729313631395,0.011611779163002598,0.002393261679441601,0.05555555555555555,0,0
2022-11-02,20151.84,-0.0163299430037913,0.0232410840021988,0.01802317397607842,751.9599999999991,607.7221428571423,0.0019223910171506885,0.012527080160735388,-0.0010570558445379026,0.051587301587301584,0,0
2022-11-03,20207.82,0.0027740588448494,0.0232594857562681,0.017879042832744284,362.0799999999981,601.5978571428566,0.001874271419742091,0.013416452011067342,-0.0026667915212994983,0.05555555555555555,0,0
2022-11-04,21148.52,0.0455002684794454,0.0227148366605784,0.021019704473147285,1121.0900000000001,638.8185714285709,0.001803666350777313,0.013416452011067342,-0.0034114404473573993,0.04365079365079365,0,0
2022-11-05,21299.37,0.0071075681286796,0.0264496932785628,0.02097147221901633,400.0,657.0842857142852,0.001827080712064333,0.013416452011067342,0.0007792198449039014,0.15873015873015872,0,0
2022-11-06,20905.58,-0.0186613858307964,0.025647154610959,0.02177474478960743,479.1399999999994,646.6735714285709,0.0016583382931607393,0.014284129197506911,0.000576361320602202,0.11904761904761904,0,0
2022-11-07,20591.13,-0.0151557084383835,0.0255176949658711,0.02195459178769348,684.880000000001,663.8685714285709,0.001477558080061098,0.014662020105113423,0.0010467654261590992,0.11507936507936507,0,0
2022-11-08,18547.23,-0.1045399487863569,0.0251715116512119,0.03461805144783916,3534.0499999999993,832.0957142857138,0.0011872438518303519,0.03942306546806288,0.0013019635095346017,0.1111111111111111,0,0
2022-11-09,15922.81,-0.1525677793793303,0.0410307255948937,0.05046901404005243,2999.7599999999984,977.1078571428565,0.0044803079948970695,0.06299060955759234,0.017789641592694902,0.8134920634920635,2,1
2022-11-10,17601.15,0.1002115684402706,0.0618346905190511,0.05962404779028486,2444.74,1103.7171428571423,0.01056887900327988,0.06630594195501543,0.038575204762783,0.996031746031746,2,1
2022-11-11,17070.31,-0.0306235436615995,0.0660464207777804,0.059406416340279405,1333.3999999999996,1145.3949999999993,0.014507968457734305,0.06334177569584871,0.043331584117202004,1.0,2,1
2022-11-12,16812.08,-0.0152430215195948,0.0626329426606828,0.059006146926520564,487.7099999999991,1142.3035714285706,0.016592979901959324,0.060284305287343014,0.036183249382119996,0.9920634920634921,2,1
2022-11-13,16329.85,-0.0291029542452623,0.0589208558835993,0.059085146612044816,725.2799999999988,1164.3799999999992,0.01761575794681213,0.06091931460465038,0.0332737012726403,0.9682539682539683,2,1
2022-11-14,16619.46,0.0175795765326132,0.0560489502532655,0.05975288216214904,1374.7900000000009,1219.1528571428566,0.017976905094148364,0.06417631261896746,0.0305312552873944,0.9523809523809523,2,1
2022-11-15,16900.57,0.0167730512461794,0.052929575824813,0.060248022548130116,606.9699999999975,1236.1321428571423,0.01780446273912834,0.0680691478683064,0.0277580641736011,0.9444444444444444,2,0
2022-11-16,16662.76,-0.0141710598868449,0.0500392270043625,0.06024363020114416,637.3099999999977,1227.9428571428564,0.017199725698980387,0.06800866032347311,0.009008501409468801,0.9206349206349206,2,0
2022-11-17,16692.56,0.0017868218879986,0.0473050298487655,0.06022358929099964,340.2599999999984,1226.384285714285,0.01628176543570907,0.06800866032347311,-0.014529660670285598,0.9007936507936508,2,0
2022-11-18,16700.45,0.000472553995392,0.0445783988592396,0.057982277313389306,464.9599999999991,1179.5178571428564,0.015037734873265998,0.06800866032347311,-0.021468021918540803,0.8849206349206349,2,0
2022-11-19,16700.68,1.377198915086808e-05,0.0420670212037407,0.057787321062023445,268.880000000001,1170.152142857142,0.014019838640970842,0.06800866032347311,-0.020565921456942096,0.8452380952380952,2,0
2022-11-20,16280.23,-0.025497948917879,0.0397601963467906,0.05782791357614896,573.3300000000017,1176.8799999999994,0.012811957006297748,0.06828554121283772,-0.019160659536808698,0.7857142857142857,2,0
2022-11-21,15781.29,-0.0311264271128397,0.0384951087790013,0.05792786530686067,843.0,1188.1742857142851,0.011446427647984517,0.0689587558584685,-0.017553841474264198,0.7619047619047619,2,0
2022-11-22,16226.94,0.0278477628835425,0.0377853588807576,0.053529067325559516,698.3700000000008,985.6257142857138,0.009799233386588143,0.06223673603281585,-0.015144216944055405,0.7301587301587301,2,0
2022-11-23,16603.11,0.0229172032029527,0.0368988379215262,0.03469512645775313,545.7999999999993,810.3428571428567,0.010145054080081982,0.02528817865917059,-0.013140389082836303,0.7023809523809523,2,0
2022-11-24,16598.95,-0.0002505868624886,0.0357655953685177,0.020542663383569543,354.58000000000175,661.045714285714,0.010132424873325394,0.023412495665973018,-0.011539434480247801,0.6587301587301587,2,0
2022-11-25,16522.14,-0.0046381406950626,0.0339922483483312,0.01909313139785304,323.1900000000005,588.8878571428569,0.009279118494768044,0.020426612878713408,-0.010586150510908401,0.5873015873015873,1,0
2022-11-26,16458.57,-0.0038549854582061,0.0324084968004807,0.018740058482776895,316.9900000000016,576.6935714285713,0.008471091662324966,0.019651378736486706,-0.009658524403260003,0.5,1,0
2022-11-27,16428.78,-0.0018116393171023,0.0309585856061775,0.016987371316842127,199.0,539.1021428571429,0.007788046215387363,0.016298715527512032,-0.0088016107406131,0.40476190476190477,1,0
2022-11-28,16212.91,-0.0132268364279646,0.0296241518550518,0.016585723691834253,491.77000000000044,476.0292857142857,0.0071282658274125785,0.01594712394453724,-0.0088709569239495,0.34523809523809523,1,0
2022-11-29,16442.53,0.0140634322802117,0.0287151451560544,0.016367074437916608,448.7099999999991,464.7250000000001,0.006523802135840365,0.01594712394453724,-0.009070213724703197,0.29365079365079366,1,0
2022-11-30,17163.64,0.0429219220456449,0.0279434294675332,0.019836246257378065,820.7000000000007,477.824285714286,0.005969241724818026,0.0161849452027093,-0.008955408453993001,0.24206349206349206,1,0
2022-12-01,16977.37,-0.0109119119942651,0.0301103046317542,0.020140436734582618,468.9900000000016,487.01928571428624,0.005222909305624265,0.015623447850400636,-0.005655290736763501,0.376984126984127,1,0
2022-12-02,17092.74,0.0067725311702471,0.0290548602017877,0.02019304162025987,317.880000000001,476.5135714285721,0.004632832244697659,0.015623447850400636,-0.0049373881465435004,0.32142857142857145,1,0
2022-12-03,16885.2,-0.0122163133533224,0.0279773813949999,0.020531375586935015,330.23999999999796,480.89642857142906,0.004216849744849235,0.015282434702116418,-0.004431115405480798,0.24603174603174602,1,0
2022-12-04,17105.7,0.0129742426986609,0.0271978740505568,0.019279440552793237,324.59000000000015,463.1292857142861,0.003955043377131818,0.013471404412687002,-0.003760711555620702,0.20634920634920634,1,0
2022-12-05,16966.35,-0.0081797706316937,0.026539028481106,0.016939637070652498,557.25,442.7185714285718,0.003710110368818583,0.00829068813170459,-0.0030851233739458,0.18253968253968253,0,0
2022-12-06,17088.96,0.0072006703080003,0.0257587709409062,0.015664361422021034,200.63999999999942,407.1664285714288,0.0034161467380436376,0.00829068813170459,-0.002956374215148199,0.1388888888888889,0,0
2022-12-07,16836.64,-0.0148751770092268,0.025032407954357,0.015350618488965075,463.3799999999974,401.27928571428583,0.0030850463276595086,0.00925655904770791,-0.002911021513176199,0.10317460317460317,0,0
2022-12-08,17224.1,0.0227521019316938,0.0247282954781434,0.016401786421198265,565.5099999999984,416.34571428571417,0.0027104848240395558,0.009817663767781497,-0.005382009153610798,0.09523809523809523,0,0
2022-12-09,17128.56,-0.0055623201422605,0.0250573311795745,0.016435161238982022,301.7900000000009,414.81714285714276,0.0023667736282319005,0.00987749481849698,-0.0039975290222132,0.1111111111111111,0,0
2022-12-10,17127.49,-6.247071687148775e-05,0.0243643767681414,0.016352076298094237,135.72000000000116,401.8692857142856,0.0021653685352219726,0.009783035193786765,-0.0036130046268584987,0.08333333333333333,0,0
2022-12-11,17085.05,-0.0024809629316511,0.023682024646775,0.016367711158088563,199.9900000000016,401.94,0.002108100527032301,0.009801373378740855,-0.0035158494037817976,0.06746031746031746,0,0
2022-12-12,17209.83,0.0072769200900157,0.0230871043262925,0.01572839289513521,370.0400000000009,393.245,0.0021675440422009792,0.009208584186071697,-0.003451924154813501,0.051587301587301584,0,0
2022-12-13,17774.7,0.0322953657130042,0.0226614175993696,0.01728052735230214,919.8600000000006,426.89857142857153,0.002266350862498342,0.009208584186071697,-0.0030973533415366017,0.04365079365079365,0,0
2022-12-14,17803.15,0.0015993100237423,0.0243969663974647,0.013531172616507655,727.010000000002,420.2064285714288,0.002223283635569402,0.009208584186071697,-0.0006354415568923001,0.0992063492063492,0,0
2022-12-15,17356.34,-0.0254175504220324,0.0237164688126928,0.015109761593241107,579.3100000000013,428.08642857142877,0.0018746013619875082,0.012652318844892544,-0.0010118266654506013,0.07936507936507936,0,0
2022-12-16,16632.12,-0.0426220919745556,0.024456813873013,0.01905507462988061,1004.4099999999999,477.1242857142858,0.0015232643469246326,0.019161194278271246,-0.0006005173065615002,0.10714285714285714,0,0
2022-12-17,16776.52,0.0086445242442305,0.0273058450822153,0.019006199266872536,216.97000000000116,469.03357142857175,0.0014265435834635949,0.0199569988346755,0.002941468314073898,0.25,1,0
2022-12-18,16738.21,-0.0022861599473227,0.0264595091367101,0.01860985497134526,200.1899999999987,460.1478571428574,0.0013446002590335193,0.018685553058163065,0.0027774844899350996,0.21031746031746032,0,0
2022-12-19,16438.88,-0.0180448690471717,0.0255679102575412,0.019061434510242753,559.6900000000023,460.32214285714326,0.0012712163686312997,0.019531729941488395,0.002480805931248699,0.1626984126984127,0,0
2022-12-20,16895.56,0.0274016047314589,0.0254043223086154,0.020539624900748517,664.0699999999997,493.42428571428616,0.0012526294816691303,0.019531729941488395,0.002742904709245802,0.15873015873015872,0,0
2022-12-21,16824.67,-0.0042046038497876,0.0260860341104846,0.020172363726349476,202.0,474.7542857142863,0.001304169851967444,0.018869007653211697,0.0016890677130199025,0.20238095238095238,0,0
2022-12-22,16821.43,-0.0001925929014063,0.0252573967181273,0.019079709124155315,308.6700000000019,456.4085714285723,0.0013100878311170716,0.01778998685453691,0.0015409279054344992,0.15873015873015872,0,0
2022-12-23,16778.5,-0.0025553638570467,0.0244801450120913,0.01904966240447401,224.0099999999984,450.85285714285783,0.0013111829775248312,0.01771359543664529,2.3331139078298924e-05,0.11507936507936507,0,0
2022-12-24,16836.12,0.0034282735568194,0.0237990052316488,0.019092369068823212,93.37000000000262,447.8278571428579,0.0013335002625594007,0.018788092196414603,-0.0035068398505665004,0.08333333333333333,0,0
2022-12-25,16832.11,-0.0002382067616242,0.023203218796928,0.019090434371100636,136.95999999999913,443.3257142857149,0.0013684065274349954,0.018767794331117,-0.0032562903397821003,0.06349206349206349,0,0
2022-12-26,16919.39,0.0051719298136827,0.0226480850974697,0.019027863023344072,153.52000000000044,427.8600000000006,0.0014126701809637622,0.018767794331117,-0.0029198251600714986,0.04365079365079365,0,0
2022-12-27,16706.36,-0.0126708162731752,0.0222152076931865,0.01657285315262587,380.46000000000276,389.3314285714293,0.0014656236945549859,0.018191543876419983,-0.003189114615428902,0.03968253968253968,0,0
2022-12-28,16547.31,-0.0095659343975285,0.0221357516454321,0.016529104914162433,319.85999999999694,360.2492857142861,0.0016120600592757536,0.017521123018708704,-0.003950282465052503,0.03571428571428571,0,0
2022-12-29,16633.47,0.0051933796404473,0.0219103028459277,0.01565401899135665,175.5,331.40571428571457,0.0017447722034769752,0.01641085565143688,-0.0033470938721995996,0.027777777777777776,0,0
2022-12-30,16607.48,-0.0015637342071173,0.0215644007133408,0.01074365658782088,344.34999999999854,284.2585714285716,0.0018961048871812811,0.008230351614560663,-0.002915744298750498,0.023809523809523808,0,0
2022-12-31,16542.4,-0.0039264144310653,0.0212023159922934,0.010478104462810521,174.09000000000015,281.1957142857144,0.0018134436800503588,0.007906104727223069,-0.0025966892393553993,0.007936507936507936,0,0
2023-01-01,16616.75,0.0044844409220061,0.0209140678050187,0.010570208608070784,128.9900000000016,276.1100000000003,0.001771729244356372,0.008298851274413072,-0.0022891509919093014,0.003968253968253968,0,0
2023-01-02,16672.87,0.0033716247385005,0.0206720987155482,0.009313975275030245,250.52999999999884,254.02714285714293,0.001775675385321495,0.00606445683206534,-0.0019759863819215004,0.003968253968253968,0,0
2023-01-03,16675.18,0.0001385388353263,0.020438624244872,0.005398563714974522,173.12000000000262,218.95928571428598,0.0017463757063089663,0.00606445683206534,-0.0017765834483144984,0.003968253968253968,0,0
2023-01-04,16850.36,0.0104506352091799,0.0202059959273191,0.006092632757071608,339.2099999999991,228.76000000000022,0.0015408126122493523,0.00628538440477161,-0.001929755718112998,0.003968253968253968,0,0
2023-01-05,16831.85,-0.0010990966366719,0.0202719598043578,0.006100895726259101,126.81999999999971,215.77071428571435,0.0013401619325786786,0.0062986769722049515,-0.0016383430415698973,0.007936507936507936,0,0
2023-01-06,16950.65,0.0070332562551538,0.0200627895330229,0.0063208651013199136,362.0,225.62714285714304,0.0011793219980744697,0.0067228892196658264,-0.0015016111803178994,0.003968253968253968,0,0
2023-01-07,16943.57,-0.0004177703515821,0.0200000525975072,0.006277964045894492,73.90999999999985,224.23714285714283,0.001043156714221016,0.006226188570707432,-0.0012022633947861988,0.003968253968253968,0,0
2023-01-08,17127.83,0.0108162151473543,0.0198220768949863,0.006852991354406932,265.9900000000016,233.4535714285716,0.0009416425728544237,0.006724349118003559,-0.0010919909100323977,0.003968253968253968,0,0
2023-01-09,17178.26,0.002940004898539,0.0199598860930083,0.006780160180669548,294.1399999999994,243.4978571428572,0.0008503815220402473,0.006724349118003559,-0.0007122126225399018,0.007936507936507936,0,0
2023-01-10,17440.66,0.0151596309333648,0.0198082232308541,0.006511462641636985,352.65999999999985,241.51214285714272,0.0007858494754188996,0.004706413524887291,-0.0006304010140179006,0.003968253968253968,0,0
2023-01-11,17943.26,0.0284102951545737,0.0202275331082164,0.008460087688691166,684.4000000000015,267.5507142857145,0.0006623597144378387,0.002193429987393667,2.153718089729917e-05,0.027777777777777776,0,0
2023-01-12,18846.62,0.0491190305151327,0.0219360529989565,0.014331549889212623,1224.9900000000016,342.514285714286,0.0006665865921637706,0.002193429987393667,0.0016640931945986967,0.08333333333333333,0,0
2023-01-13,19930.01,0.0558930485095547,0.0265238240102857,0.018668288741794936,1285.880000000001,409.76642857142906,0.001734537471526789,0.002366380905368812,0.0064610344772628,0.30158730158730157,0,0
2023-01-14,20954.92,0.0501468276844185,0.0310993294683502,0.02040402020092191,1369.9500000000007,495.1850000000005,0.0032443380519939485,0.0008314281338169024,0.011099276870843,0.46825396825396826,1,0
2023-01-15,20871.5,-0.0039888716561744,0.0336926153214008,0.020919437832501536,499.7300000000032,521.6664285714293,0.004572213778493695,0.0024009472139717427,0.013870538426414496,0.5952380952380952,1,0
2023-01-16,21185.65,0.014939473685251,0.032127282127784,0.02059615697915375,862.5699999999997,565.3835714285722,0.005204980363907949,0.0024009472139717427,0.0121673960347757,0.5158730158730159,1,0
2023-01-17,21134.81,-0.002402621543176,0.0310392135523479,0.020767713418006314,806.1399999999994,610.5992857142862,0.005518576944979025,0.0024013659057174857,0.0112309903214938,0.4642857142857143,1,0
2023-01-18,20677.47,-0.021876742420547,0.0297014155315022,0.023198333600883813,1242.8499999999985,675.1450000000004,0.005592086995201033,0.010016567194278988,0.009473882423285802,0.4246031746031746,1,0
2023-01-19,21071.59,0.0188809859816689,0.0293046865129299,0.022767532904877458,532.8100000000013,704.1442857142863,0.005558687023022361,0.011185370784765995,0.0073686335139734015,0.42063492063492064,1,0
2023-01-20,22667.21,0.0729936990967772,0.0287455089764097,0.027159989690086494,1894.6500000000015,813.6192857142863,0.005402097874253485,0.011185370784765995,0.0022216849661239983,0.3968253968253968,1,0
2023-01-21,22783.55,0.0051193975233285,0.0359596802089437,0.026866632417606052,949.7999999999993,876.1828571428578,0.005713714615558949,0.012913501284884301,0.004860350740593503,0.7103174603174603,2,0
2023-01-22,22707.88,-0.0033267835189949,0.0342074600945037,0.02754262057694461,786.3400000000001,913.3507142857148,0.005588770412556371,0.011306447661471547,0.0005148447731029016,0.6468253968253969,2,0
2023-01-23,22916.45,0.0091429924751462,0.0325883647438579,0.027293351301321475,680.0,940.9121428571434,0.005165392089679847,0.011306447661471547,0.0004610826160739018,0.5634920634920635,1,0
2023-01-24,22632.89,-0.0124508352125882,0.0312316681199956,0.028678068168865287,699.2700000000004,965.6700000000006,0.004441573693687096,0.011544404119549937,0.0001924545676477013,0.5,1,0
2023-01-25,23060.94,0.0187361191606463,0.0301235397100778,0.0285400914269091,1516.7299999999996,1025.1221428571432,0.0034670010439307266,0.011544404119549937,0.00042212417857559817,0.44841269841269843,1,0
2023-01-26,23009.65,-0.0022265840828143,0.0294613392381556,0.027503156538173198,432.46000000000276,968.5128571428577,0.002458535242199523,0.010577680976591307,0.00015665272522569912,0.42857142857142855,1,0
2023-01-27,23074.16,0.0027996835390577,0.0282717524805687,0.02485299936876183,965.119999999999,945.601428571429,0.0022414820839413755,0.010577680976591307,-0.000473756495840999,0.38095238095238093,1,0
2023-01-28,23022.6,-0.0022370345118361,0.0272031096627401,0.022223074897691986,310.5400000000009,869.9292857142862,0.0024902180609393354,0.009829462508647848,-0.008756570546203605,0.3333333333333333,1,0
2023-01-29,23742.3,0.0307819252058507,0.0262356055403379,0.02286763027154374,992.7800000000025,905.1471428571432,0.002656313977606354,0.010491403110586656,-0.007971854554165797,0.2896825396825397,0,0
2023-01-30,22826.15,-0.039351458823317,0.0271531866985125,0.02618338962474196,1300.5099999999984,936.4285714285717,0.0027448676814196818,0.01776414746816977,-0.0054351780453454,0.3333333333333333,1,0
2023-01-31,23125.13,0.0130130964408881,0.0289762077772326,0.02615744133902325,605.2299999999996,922.0778571428574,0.0027452272585089857,0.019162384840343,-0.0022554603427629993,0.42063492063492064,1,0
2023-02-01,23732.66,0.0259322535565349,0.0281259209662006,0.02528408077802386,1052.4300000000003,908.476428571429,0.002787734121929441,0.018571968649992294,-0.001997618743877199,0.38492063492063494,1,0
2023-02-02,23488.94,-0.0103224864935693,0.0282673739759349,0.025682632125293654,891.7299999999996,934.1135714285717,0.0028163431002190286,0.017469706280164927,-0.0011939652622206982,0.3968253968253968,1,0
2023-02-03,23431.9,-0.0024313302190961,0.0273792281102253,0.017577205188634794,511.08000000000175,835.2871428571432,0.0028769825142504093,0.0161998906157052,-0.0008925243703434005,0.35714285714285715,1,0
2023-02-04,23326.84,-0.0044937129098698,0.0263957435070971,0.01764915542290152,333.8199999999997,791.2885714285718,0.0023527620914291034,0.015236668957821884,-0.0008073661556429988,0.29365079365079366,0,0
2023-02-05,22932.91,-0.0170316321398207,0.0255398657418368,0.018315894874032942,690.3300000000017,784.4307142857148,0.0019802897371830196,0.016341120112334486,-0.0006957397985011028,0.25,0,0
2023-02-06,22762.52,-0.0074576731070372,0.0253100397683617,0.018264845999326984,530.119999999999,773.7250000000004,0.0017215576792394512,0.015605819927113258,-0.0018431469301508005,0.24206349206349206,0,0
2023-02-07,23240.46,0.0207794015559237,0.0246397998169347,0.01874266938393302,604.4700000000012,766.9535714285719,0.0016191772569424548,0.01595639073728118,-0.004336407960297901,0.20238095238095238,0,0
2023-02-08,22963.0,-0.0120105003106409,0.0248098999317637,0.018415671909920463,786.1500000000015,714.7692857142863,0.0015433247685661712,0.015567428106281705,-0.0033160210344369,0.21428571428571427,0,0
2023-02-09,21796.35,-0.0521417003525179,0.0243762499005621,0.023062232661104073,1323.3899999999994,778.4071428571432,0.0015134061652606102,0.02332119350760441,-0.003891124075372801,0.18253968253968253,0,0
2023-02-10,21625.19,-0.0078836856777027,0.0288445366677581,0.023001256648335272,487.15999999999985,744.2671428571432,0.0015682350100514378,0.022264444972729468,0.0014653085575327997,0.45634920634920634,1,0
2023-02-11,21862.55,0.0109162884567464,0.02781712947959,0.023372270461637045,306.5400000000009,743.981428571429,0.00159294775770767,0.023456936372922094,0.0014213859724928994,0.3968253968253968,1,0
2023-02-12,21783.54,-0.0036204886304744,0.026999539368159,0.021173950644714657,460.0,705.9257142857144,0.001588708333861364,0.022282636096192104,0.0014596736263222006,0.35714285714285715,1,0
2023-02-13,21773.97,-0.0004394190647705,0.0260680488556594,0.018913794536487203,543.9200000000019,651.8835714285718,0.0015944904590363218,0.01848462737396809,0.0007580090872977008,0.2976190476190476,0,0
2023-02-14,22199.84,0.0193698619770401,0.0252067789253325,0.019407236532103207,786.3100000000013,664.8178571428577,0.0014922888702573996,0.01848462737396809,0.0005669791083977999,0.25,0,0
2023-02-15,24324.05,0.0913804911936591,0.0251875093929877,0.031194274905326207,2332.720000000001,756.2671428571435,0.001438489068844709,0.01848462737396809,0.00037760946122400094,0.25,0,0
2023-02-16,23517.72,-0.0337113932826653,0.0377828576940688,0.03249040841465304,1744.75,817.1971428571435,0.0033998259475503823,0.021087244488536463,0.013406607793506699,0.8214285714285714,2,0
2023-02-17,24569.97,0.043770785975072,0.0373804213104327,0.0344992313825098,1681.7400000000016,900.815714285715,0.00441219013580373,0.022213127836581543,0.008535884642674598,0.8095238095238095,2,0
2023-02-18,24631.95,0.0025194152091874,0.0380612051247474,0.03442682970379913,447.0,908.9000000000007,0.005199202162313514,0.02350695104336825,0.010244075645157402,0.8293650793650794,2,0
2023-02-19,24271.76,-0.0147308461197344,0.0360984499768119,0.0343246218014126,999.4300000000003,930.978571428572,0.005504511525012302,0.023311840641880938,0.0090989106086529,0.7658730158730159,2,0
2023-02-20,24842.2,0.023230285350591,0.0346095036005232,0.03451236877262766,1280.3999999999978,984.5700000000005,0.005561807944592909,0.02476148629490157,0.0085414547448638,0.7301587301587301,2,0
2023-02-21,24452.16,-0.0158252643940635,0.0337434781907996,0.03471253309623643,1101.6599999999999,1020.0835714285719,0.0054367333448681445,0.023828442610329684,0.008536699265467098,0.6825396825396826,1,0
2023-02-22,24182.21,-0.0111013167175215,0.0325343800872492,0.034681857707207615,901.3600000000006,1028.3128571428574,0.005201850829394045,0.02377326369322537,0.007346870694261501,0.6309523809523809,1,0
2023-02-23,23940.2,-0.0100581845457679,0.031246033685218,0.031109854447461883,991.5900000000001,1004.6128571428575,0.0048348802358277035,0.015426254785778281,-0.006536824008850799,0.5873015873015873,1,0
2023-02-24,23185.29,-0.0320410284614869,0.0300473700015898,0.03261459787061873,1291.1599999999999,1062.041428571429,0.004793782296689278,0.018934854431480908,-0.007333051308842896,0.5277777777777778,1,0
2023-02-25,23157.07,-0.0012178923770029,0.0305164460871211,0.03260581334837648,497.130000000001,1075.6550000000004,0.004681719642127573,0.017856567296633905,-0.0075447590376262995,0.5515873015873016,1,0
2023-02-26,23554.85,0.0170316105816876,0.0292204679844457,0.0326962650095287,630.8100000000013,1087.8557142857148,0.004541333637824717,0.018896444846351206,-0.006877981992366201,0.49206349206349204,1,0
2023-02-27,23492.09,-0.0026679753126401,0.0285555080545822,0.032733250345466834,791.2200000000012,1105.5200000000004,0.004336325296023371,0.018919335432976758,-0.006053995545941,0.4603174603174603,1,0
2023-02-28,23141.57,-0.0150332013979479,0.0274576736878401,0.03289679052040358,579.0299999999988,1090.714285714286,0.004093775411176659,0.018527838424247448,-0.0062858045029594994,0.4007936507936508,1,0
2023-03-01,23628.97,0.0208429342438964,0.0268770759991037,0.021866496267018507,979.9700000000012,994.089285714286,0.00388711282151077,0.018527838424247448,-0.005657304088145503,0.36507936507936506,1,0
2023-03-02,23465.32,-0.0069499151047267,0.0267537867859251,0.01997574305755631,601.0299999999988,912.3950000000002,0.003837845918200192,0.014912226352074544,-0.004492246899292899,0.36507936507936506,0,0
2023-03-03,22354.34,-0.0485031008319882,0.0259150325970497,0.019585086635745094,1505.8199999999997,899.8292857142858,0.003743129254016025,0.020866051958378647,-0.004132337404540103,0.30158730158730157,0,0
2023-03-04,22346.57,-0.0003476439328977,0.0293712918661012,0.01949548698474614,252.91999999999825,885.9664285714285,0.003120739462609257,0.019895276048718092,-0.0011451542210199027,0.5317460317460317,1,0
2023-03-05,22430.24,0.0037372067095855,0.0281818270684367,0.019553602182805274,472.869999999999,848.3549999999998,0.0026541338899935658,0.020339725347699168,-0.0010386409160089982,0.45634920634920634,1,0
2023-03-06,22410.0,-0.0009027606174552,0.0271333007095585,0.017798025550806215,344.1899999999987,781.482857142857,0.0023079686548561178,0.019395077278270164,-0.0014222073450236988,0.38492063492063494,1,0
2023-03-07,22197.96,-0.0095068950488119,0.026164859080768,0.017646311547505893,630.9099999999999,747.857857142857,0.0020069946061630544,0.019016264113690343,-0.0012928146070721007,0.3253968253968254,0,0
2023-03-08,21705.44,-0.0224374723911697,0.0254705010615006,0.018107566416888564,707.0,733.9749999999998,0.0018120489422347045,0.01990432169541369,-0.0014065749376031,0.2698412698412698,0,0
2023-03-09,20362.22,-0.0638816973065754,0.0256665274938002,0.023541177733971838,1792.2700000000004,791.1664285714285,0.0016663357819727091,0.027531315092771055,-0.0010872592921249008,0.2896825396825397,0,0
2023-03-10,20150.69,-0.010442692083691,0.0319940396324988,0.022791705027657715,818.6899999999987,757.4185714285712,0.0019391704295680906,0.025972238205082203,0.006079007035449099,0.6666666666666666,1,0
2023-03-11,20455.73,0.0150245078577899,0.0307353082507988,0.023670671189147015,921.4799999999996,787.7292857142854,0.001963435956153549,0.027237190511054707,0.0013640163846976028,0.6150793650793651,1,0
2023-03-12,21997.11,0.0726480422526165,0.0297957886456311,0.03166668860834233,1879.4000000000015,876.9142857142854,0.0020006426642730003,0.027237190511054707,0.0016139615771944005,0.5714285714285714,1,0
2023-03-13,24113.48,0.0918599391330712,0.0366253558438942,0.040906045629394656,2686.119999999999,1012.2642857142853,0.003084602719066938,0.028696742705374204,0.009492055134335702,0.8492063492063492,2,0
2023-03-14,24670.41,0.0228335295528605,0.0452716856667011,0.040954649986352495,2410.4500000000007,1143.0799999999997,0.005430756673464521,0.0299698394907588,0.019106826585933104,0.9603174603174603,2,0
2023-03-15,24285.66,-0.0157184970805932,0.043307590099432,0.04100280066606753,1300.0200000000004,1165.940714285714,0.00645074890352829,0.028737512038153938,0.017837089037931398,0.9484126984126984,2,0
2023-03-16,24998.78,0.028940970979109,0.0411987401124751,0.04152172872860825,1044.4000000000015,1197.61,0.0068801094040290165,0.030381532349694925,0.015532212618674903,0.9365079365079365,2,0
2023-03-17,27395.13,0.0915382366931734,0.0400193685570782,0.044524954089300295,2866.84,1294.8257142857142,0.006965820288673271,0.02681084341670751,0.008025328924579404,0.9166666666666666,2,0
2023-03-18,26907.49,-0.0179605738579606,0.0476369930095286,0.045220889968934926,1146.8499999999985,1358.677857142857,0.007897484002341965,0.027656594744446022,0.0169016847587298,0.9682539682539683,2,0
2023-03-19,27972.87,0.0388304253763944,0.0452367961574603,0.045622878425168156,1562.8799999999974,1436.535714285714,0.008202485683965362,0.027656594744446022,0.015441007511829197,0.9523809523809523,2,0
2023-03-20,27717.01,-0.0091888077429889,0.0443960943213107,0.04590870686750835,1347.5299999999988,1508.2028571428568,0.008153977527307127,0.027871721052541563,0.0077707384774164945,0.9444444444444444,2,0
2023-03-21,28105.47,0.0139179151711754,0.0419993907751302,0.04536333133399128,1135.4500000000007,1544.2414285714283,0.007666884900776173,0.029853667523286803,-0.0032722948915709024,0.9246031746031746,2,0
2023-03-22,27250.97,-0.0308751025112403,0.0399402875100417,0.04597740698249197,2266.25,1655.6164285714283,0.006801837171897337,0.03108397383250944,-0.003367302589390296,0.8968253968253969,2,0
2023-03-23,28295.41,0.0376104838761239,0.0390448586748595,0.03998078893908538,1645.0,1645.0971428571427,0.005650322837783918,0.01852786725207123,-0.0021538814376156,0.873015873015873,2,0
2023-03-24,27454.47,-0.030170604453767,0.0388468596714458,0.04158467284289551,1374.2999999999993,1684.7835714285713,0.005201026297956513,0.022439362199950113,-0.0011725088856324034,0.8690476190476191,2,0
2023-03-25,27462.95,0.000308827329011,0.0380196965714007,0.04196133715252063,631.2400000000016,1664.0521428571428,0.004487039697896798,0.022439362199950113,-0.0096172964381279,0.8452380952380952,2,0
2023-03-26,27968.05,0.0182249636716012,0.0360518585438548,0.039245662872500156,776.640000000003,1585.2835714285716,0.003511166009505935,0.022439362199950113,-0.009184937613605497,0.7857142857142857,2,0
2023-03-27,27124.91,-0.0306102933461946,0.0347327795891092,0.034698600977107814,1515.7200000000012,1501.6835714285717,0.0037326475499394893,0.023995190276535405,-0.0096633147322015,0.753968253968254,2,0
2023-03-28,27261.07,0.0050071832660627,0.0344324643202373,0.034454653885214695,888.2200000000012,1392.9528571428575,0.003924819958268185,0.023995190276535405,-0.007566926454892903,0.7420634920634921,2,0
2023-03-29,28348.6,0.0391179690895135,0.0328145030268227,0.03477257319289219,1409.9000000000015,1400.801428571429,0.004300019644126493,0.025328023167907193,-0.007125784483219003,0.6904761904761905,1,0
2023-03-30,28028.53,-0.0113547262470774,0.0336491423007227,0.03484533835869214,1498.6800000000003,1433.2500000000002,0.004549946321954947,0.02358132593146636,-0.005395716374136807,0.7103174603174603,1,0
2023-03-31,28465.36,0.0154649894422895,0.0322625888102524,0.025531772872503453,1144.9799999999996,1310.2600000000002,0.004883976325669133,0.02358132593146636,-0.0065842708611933976,0.6666666666666666,1,0
2023-04-01,28452.73,-0.0004437956441361,0.0311862200919689,0.02485980357006903,599.4399999999987,1271.159285714286,0.004480034631978522,0.02241312241144602,-0.006833476479431805,0.6349206349206349,1,0
2023-04-02,28171.87,-0.0099201514277655,0.0298253799994065,0.02294452029609098,673.5699999999997,1207.6371428571433,0.004276427186300537,0.021086548663383154,-0.0062264785444482995,0.5753968253968254,1,0
2023-04-03,27800.0,-0.0132879416650641,0.0287630988631102,0.023103361916266763,1300.75,1204.2957142857147,0.004012623446219415,0.02139637134685998,-0.0059696807259989985,0.5119047619047619,1,0
2023-04-04,28165.47,0.0130607388888037,0.0279484226166825,0.02306535442413302,781.6499999999978,1179.024285714286,0.003913445688677947,0.02139637134685998,-0.006484041703554797,0.45634920634920634,1,0
2023-04-05,28170.01,0.0001611772903977,0.0272111114312062,0.02127590315525973,969.9000000000015,1086.4278571428574,0.003932944984882055,0.019370772625313278,-0.0056033915956165,0.4126984126984127,1,0
2023-04-06,28033.82,-0.0048462984303139,0.0262333573319432,0.01874113650730183,471.0499999999993,1002.574285714286,0.0039585584994160745,0.018027152540721854,-0.007415784968779496,0.3373015873015873,0,0
2023-04-07,27906.33,-0.0045580936314948,0.0254007845481908,0.01678742712728039,333.0600000000013,928.2000000000005,0.0038740628653315765,0.014067990238902482,-0.006861804262061601,0.26587301587301587,0,0
2023-04-08,27938.38,0.0011478259451553,0.0246504068579843,0.01678562907290217,295.97000000000116,904.2521428571433,0.0037420423196943657,0.014067990238902482,-0.006535813233984597,0.21428571428571427,0,0
2023-04-09,28323.76,0.0136996576150227,0.0239401194000533,0.0164737782248578,730.0,900.9207142857146,0.0037271168352222286,0.014067990238902482,-0.005885260599353202,0.16666666666666666,0,0
2023-04-10,29637.34,0.0453340244367836,0.0237012047574022,0.017752815057973503,1600.0,906.9407142857144,0.003702588402037261,0.008644539575100798,-0.005061894105707999,0.15476190476190477,0,0
2023-04-11,30200.42,0.0188207787579397,0.0271623621038842,0.01805509873515975,960.0,912.0678571428572,0.0033302137646279784,0.008644539575100798,-0.000786060512798302,0.4246031746031746,1,0
2023-04-12,29888.07,-0.0103964274481089,0.0268542751452839,0.016088394960281388,848.5999999999985,871.9749999999998,0.0030648179294674657,0.008915909459874007,-0.000356836285922299,0.40476190476190477,1,0
2023-04-13,30373.84,0.0161223075102938,0.0261192129716414,0.01577331958234405,740.4099999999999,817.812857142857,0.002575480946596207,0.008441211231517934,-0.00011414436030180233,0.3412698412698413,0,0
2023-04-14,30466.93,0.003060121449609,0.0257595772278388,0.015531560039280589,1034.0,809.8857142857141,0.002149788440757904,0.008441211231517934,0.00035879267964799774,0.32142857142857145,0,0
2023-04-15,30295.09,-0.0056561799008818,0.024948503507568,0.015729532981951684,393.59999999999854,795.182857142857,0.001777952575409153,0.00874947330631976,0.000298096649583697,0.24206349206349206,0,0
2023-04-16,30304.65,0.0003155129074574,0.0242694756490642,0.01523886809401795,429.9900000000016,777.7842857142857,0.001540145189923655,0.008496002524460715,0.0003293562490109016,0.18253968253968253,0,0
2023-04-17,29430.27,-0.0292774295720317,0.0235975539972661,0.01720449974581946,1075.4099999999999,761.6885714285714,0.0014223946730524623,0.014432662839056028,-0.00010365076013610017,0.15079365079365079,0,0
2023-04-18,30380.01,0.031761089816273,0.0247845398352498,0.018623591762399107,1388.2200000000012,805.0150000000002,0.0012546445893176876,0.014432662839056028,-0.0023778222686343976,0.23809523809523808,0,0
2023-04-19,28797.1,-0.0535101387040679,0.026061042242183,0.024411177702563076,1893.5299999999988,870.9885714285714,0.001155826300293053,0.025510924873009242,-0.000793232903100901,0.3531746031746032,0,0
2023-04-20,28243.65,-0.0194060340625732,0.0303332601203028,0.025008510041187357,1078.2999999999993,914.3635714285714,0.0017769752030318698,0.026639417150843777,0.004214047148661401,0.6349206349206349,1,0
2023-04-21,27262.84,-0.0353440507714548,0.0296902634023198,0.02678124466711582,1249.0200000000004,979.7892857142857,0.0020926005388046745,0.030238984176615784,0.003930686174481002,0.5992063492063492,1,0
2023-04-22,27816.85,0.0201173493975321,0.0305762766494818,0.027407133946995885,742.3700000000026,1011.6750000000001,0.0024073758884483585,0.030238984176615784,0.005627773141913803,0.6507936507936508,1,0
2023-04-23,27590.6,-0.0081668171884157,0.0299524525825301,0.027169281642304623,505.59999999999854,995.6464285714285,0.0024942378377510338,0.028165515610382042,0.005682976933465901,0.6111111111111112,1,0
2023-04-24,27510.93,-0.0028917547486724,0.0288226879043888,0.023538173343748896,1057.1800000000003,956.8735714285714,0.0023940320584233186,0.02636625715928692,0.0052251339071227,0.5476190476190477,1,0
2023-04-25,28300.79,0.0283063392000713,0.0277009877904955,0.02440693645536141,1207.9900000000016,974.5871428571429,0.0024000110383088124,0.02636625715928692,0.0029164479552456976,0.48412698412698413,1,0
2023-04-26,28415.29,0.0040376611202663,0.0281298344119648,0.024449913362991606,2801.0,1114.044285714286,0.002413931896051619,0.02791146827543269,0.0020687921697817996,0.503968253968254,1,0
2023-04-27,29472.77,0.036539405650366,0.0270907566006085,0.026259341795851814,1511.1399999999994,1169.0964285714288,0.0023944780496173365,0.02791146827543269,-0.0032425035196942988,0.42857142857142855,1,0
2023-04-28,29311.7,-0.0054800325013619,0.0285558617433816,0.026228148947797656,708.5400000000009,1145.849285714286,0.002375750201775333,0.026180577689504343,-0.0011344016589381993,0.5277777777777778,1,0
2023-04-29,29230.45,-0.0027757795765595,0.0274994990612629,0.026214985934385895,417.880000000001,1147.5835714285718,0.0022630271021035877,0.026122532817559746,-0.0030767775882189,0.4722222222222222,1,0
2023-04-30,29233.21,9.441762633599636e-05,0.0265073337729232,0.026213189968159155,889.7999999999993,1180.427142857143,0.0020775016362716047,0.026122532817559746,-0.003445118809606903,0.38492063492063494,0,0
2023-05-01,28068.26,-0.0406659912079252,0.0256006980569893,0.02726146211672446,1670.3899999999994,1222.9257142857145,0.0018180429907076723,0.027963477799206368,-0.0032219898473994993,0.30158730158730157,0,0
2023-05-02,28669.86,0.0212069961651959,0.0279115587071801,0.026345348376480355,1007.880000000001,1195.7585714285717,0.0015750233998311997,0.027963477799206368,0.00021057091668459996,0.49603174603174605,1,0
2023-05-03,29026.16,0.012351095602062,0.0276848298592827,0.022442255425807023,1152.9700000000012,1142.8614285714289,0.0014633011758874352,0.022014001326704637,-0.00044500455268209685,0.4880952380952381,1,0
2023-05-04,28838.16,-0.0064979822282644,0.0269430829816646,0.021815011424102183,716.1900000000023,1116.996428571429,0.0013770868398786486,0.02090093434646323,-0.00014767361894390055,0.42857142857142855,1,0
2023-05-05,29505.61,0.0228809046533431,0.0260729807714472,0.019700730318265487,877.0,1090.423571428572,0.00138449650617596,0.01736251455939389,-0.002482880971934401,0.34523809523809523,0,0
2023-05-06,28848.2,-0.0225328154308162,0.0262241576249002,0.020569414463238157,1520.0,1145.9685714285717,0.0011847576840067588,0.018191321487339655,-0.0012753414363627022,0.36904761904761907,0,0
2023-05-07,28430.1,-0.0145991562586509,0.0263247066968207,0.02089763881467979,743.0600000000013,1162.9300000000005,0.000981248748626861,0.01875750403235128,-0.000182627076102497,0.38095238095238093,0,0
2023-05-08,27668.79,-0.0271433798963673,0.0258504315573674,0.022304674912291173,1369.0099999999984,1185.2035714285719,0.0009277120207862802,0.021351843444462212,0.0002497335003780986,0.32936507936507936,0,0
2023-05-09,27628.27,-0.0014655392981985,0.0264369347715475,0.020809396975875392,465.0,1132.1328571428573,0.0009164076227486865,0.019979540581468374,-0.001474623935632597,0.3968253968253968,0,0
2023-05-10,27598.75,-0.0010690420309256,0.0255416484012927,0.020745407492351556,1554.4199999999983,1043.0914285714287,0.000913893268644719,0.018840261810035733,-0.002143181457990001,0.2976190476190476,0,0
2023-05-11,26968.62,-0.0230965139643064,0.0247368578809803,0.01816743597916226,928.0900000000001,1001.4450000000003,0.001049268604706166,0.019308154088207446,-0.0022062251006843003,0.23015873015873015,0,0
2023-05-12,26795.01,-0.0064582917274087,0.0250960011849198,0.018165745441223385,1279.6599999999999,1042.2392857142859,0.0009463421006075447,0.019338373558187235,-0.000976979586527399,0.2619047619047619,0,0
2023-05-13,26775.28,-0.0007366023552286,0.0244208370416723,0.018205278007381254,353.4200000000019,1037.6350000000002,0.0010061060168157394,0.019319846142068615,-0.0018033205832279006,0.20238095238095238,0,0
2023-05-14,26917.62,0.0053020169686401,0.0237335421479793,0.01839743046216129,639.4700000000012,1019.7542857142861,0.0011775097774582616,0.019319846142068615,-0.002591164548841403,0.16666666666666666,0,0
2023-05-15,27162.14,0.0090430011641089,0.0231801423140128,0.015781277968998874,937.5900000000001,967.4114285714289,0.0013841660481077305,0.015198105542062306,-0.0026702892433545997,0.1349206349206349,0,0
2023-05-16,27033.84,-0.004734677357133,0.022806642751601,0.014252213621004501,444.77999999999884,927.1900000000003,0.0014354537504249624,0.014495719638172963,-0.003630292019946503,0.12698412698412698,0,0
2023-05-17,27405.61,0.0136583223911834,0.022345816234902,0.014372740035618847,955.2900000000009,913.0700000000003,0.0014791112333655898,0.014495719638172963,-0.003195832166390699,0.1111111111111111,0,0
2023-05-18,26821.28,-0.0215521346696405,0.0223075792762969,0.015109893684216232,1124.130000000001,942.2085714285715,0.0015239165440811202,0.0158856212156296,-0.0024292786046834006,0.10714285714285714,0,0
2023-05-19,26880.26,0.0021965859345858,0.0228870725797336,0.013022178299165934,553.5999999999985,919.1085714285715,0.0015326782298288502,0.0158856212156296,-0.002208928605186202,0.1388888888888889,0,0
2023-05-20,27102.43,0.0082312035351925,0.0223779311407629,0.01272935740560707,324.8899999999994,833.7435714285714,0.0015292913196368024,0.014965893977178705,-0.002042905900909397,0.11904761904761904,0,0
2023-05-21,26747.78,-0.0131719125185139,0.0220691409578858,0.012647350673785711,611.5200000000004,824.347857142857,0.0014852567573468663,0.01481802865414763,-0.0016644011900934993,0.09126984126984126,0,0
2023-05-22,26849.27,0.0037871532594397,0.0220379256701476,0.010948091544048157,561.6800000000003,766.6814285714287,0.0014374630883557439,0.012446900651154814,-0.0011422166438651987,0.09126984126984126,0,0
2023-05-23,27219.61,0.0136990369171225,0.0216478871546453,0.011742146130019464,697.7200000000012,783.3042857142858,0.0012617927738581554,0.013294762025072567,-0.0011587555969556976,0.07539682539682539,0,0
2023-05-24,26329.01,-0.0332662963152898,0.0217049966242275,0.014558443251322457,1139.1100000000006,753.6392857142861,0.0011303876627912516,0.018294255541781258,-0.0006408196106745014,0.07936507936507936,0,0
2023-05-25,26473.79,0.0054838138440036,0.0237643480954811,0.013547371408092273,760.0900000000001,741.6392857142861,0.001038531286022475,0.01736524087313773,0.0014567688191842003,0.21031746031746032,0,0
2023-05-26,26705.92,0.0087300767265965,0.0232117073507165,0.01371163198801086,604.9199999999983,693.4435714285717,0.0008312634095711621,0.018802127600121447,0.0003246347709828998,0.17857142857142858,0,0
2023-05-27,26854.27,0.0055395762922678,0.0228223443662387,0.013796409320737101,344.0,692.7707142857143,0.0006801016821416098,0.021018191099774233,0.0004444132254757989,0.15873015873015872,0,0
2023-05-28,28065.0,0.0440984084261266,0.0223781193743412,0.01811746332068888,1496.9599999999991,754.0199999999999,0.000603982580912292,0.021018191099774233,0.00030897841645539936,0.1388888888888889,0,0
2023-05-29,27736.4,-0.01177761842521,0.0259598123397823,0.018433417124880013,922.5400000000009,752.9449999999999,0.0010913314500666236,0.01952316431420051,0.003921886669634698,0.4166666666666667,0,0
2023-05-30,27694.4,-0.0015154032789546,0.0253828217491191,0.01836970445542533,484.59000000000015,755.7885714285715,0.0013009850054205713,0.019419830079679273,0.003734934594473799,0.3492063492063492,0,0
2023-05-31,27210.35,-0.0176328110595243,0.0245969828769541,0.0187065186518321,996.5,758.7321428571429,0.00136207644888198,0.019133587516367484,0.0028919862527265992,0.2777777777777778,0,0
2023-06-01,26817.93,-0.0145267219636178,0.0245289531042597,0.01818562806183616,744.9500000000007,731.6478571428571,0.001393930475863316,0.01799581511383919,0.0007646050087786009,0.2777777777777778,0,0
2023-06-02,27242.59,0.0157108638581497,0.0242657397785305,0.018664082906707336,795.0,748.8907142857144,0.0014155561164330413,0.01799581511383919,0.0010540324278139994,0.24206349206349206,0,0
2023-06-03,27069.22,-0.006384268499378,0.0241091435188981,0.018634599836687134,418.3600000000006,755.567142857143,0.0014006621388526453,0.0168347220009337,0.0012867991526594007,0.24206349206349206,0,0
2023-06-04,27115.21,0.0016975360281126,0.0235406998026226,0.01825128445680175,504.02000000000044,747.8885714285716,0.001342015157932237,0.017370260862297877,0.0011625804282813998,0.20238095238095238,0,0
2023-06-05,25728.2,-0.0525071584555583,0.0229543000431315,0.02313246281942754,1741.3300000000017,832.149285714286,0.001282684904710297,0.02554368097319562,-0.0030055122966507995,0.17063492063492064,0,0
2023-06-06,27230.08,0.0567345780192702,0.0278826007961099,0.027897497956982566,2004.3100000000013,925.4771428571431,0.0015866102858445412,0.02554368097319562,0.0024997790469908007,0.623015873015873,1,0
2023-06-07,26339.34,-0.0332586055638568,0.0322602753764986,0.02789679199387533,1266.760000000002,934.5950000000004,0.0025730815005276,0.02554225025644014,0.007663292499544502,0.8095238095238095,1,0
2023-06-08,26498.61,0.006028639732694,0.032538630198022,0.02790536699885211,600.0,923.1600000000004,0.0032676798179614988,0.02554225025644014,0.0080096770937623,0.8214285714285714,1,0
2023-06-09,26477.81,-0.0007852550651321,0.0311111499384199,0.027793790878905156,513.4200000000019,916.6242857142863,0.0035218312137727656,0.023894200296974866,0.0068454101598894,0.7817460317460317,1,0
2023-06-10,25841.21,-0.0243365192777016,0.0297580018416255,0.028424859077362762,1175.869999999999,976.043571428572,0.0035246760908967272,0.02394375036346082,0.0056488583227274,0.7261904761904762,1,0
2023-06-11,25925.55,0.0032584644904947,0.0295465717669691,0.025155062010681385,572.1800000000003,909.9878571428578,0.003395143578277583,0.02394375036346082,0.006005871964346501,0.7103174603174603,1,0
2023-06-12,25905.19,-0.0007856342026855,0.0283587341398978,0.025121079161737274,504.369999999999,880.118571428572,0.003397451511684909,0.02362116178942601,0.005404434096766303,0.6547619047619048,1,0
2023-06-13,25934.25,0.0011211542039806,0.0272683475758198,0.025158088129517427,720.6399999999994,896.9792857142862,0.0033568995315592953,0.025048296128285574,-0.0006142532202901008,0.5753968253968254,1,0
2023-06-14,25128.6,-0.0315578492380286,0.0262871872630073,0.025971264077348157,1277.4399999999987,917.0464285714289,0.003280289738779611,0.026702806346224052,-0.005973088113491301,0.4880952380952381,0,0
2023-06-15,25598.49,0.0185267256736541,0.0272848132297469,0.026600437593312976,959.0099999999984,932.3364285714288,0.0031719050352245867,0.02801350001874936,-0.0052538169682751,0.5833333333333334,1,0
2023-06-16,26345.0,0.0287451382903789,0.026941447762598,0.027529779035904936,1342.4399999999987,971.4392857142858,0.003029405879885876,0.02801350001874936,-0.0041697021758218995,0.5396825396825397,1,0
2023-06-17,26516.99,0.0065071559690323,0.0275278290954628,0.02760151528933818,658.9900000000016,988.627142857143,0.0028366861097810893,0.030145575680993783,-0.0022301727461627,0.5992063492063492,1,0
2023-06-18,26339.97,-0.0066981022679595,0.0265977315993013,0.027618547930739132,444.15000000000146,984.3507142857145,0.0025641191166891762,0.028023966714284265,-0.002948840167667801,0.5198412698412699,0,0
2023-06-19,26844.35,0.0189678131440089,0.0257686873297002,0.023939427418997277,811.4799999999996,917.9328571428572,0.002195960716441577,0.021371309754536494,-0.002590046810197602,0.4246031746031746,0,0
2023-06-20,28307.99,0.0530887264501149,0.0256460645187721,0.023322191810789414,1750.7400000000016,899.8207142857144,0.0023227605556708254,0.021371309754536494,-0.0016222830570476986,0.4007936507936508,0,0
2023-06-21,29993.89,0.0578495972961707,0.0299503429385667,0.025135432575434928,2542.0099999999984,990.9099999999999,0.0020944255273757863,0.01807906214212382,0.0036631556755594014,0.7341269841269841,1,0
2023-06-22,29884.92,-0.0036396889082084,0.0340171722543702,0.02536344072048666,974.3899999999994,1017.6521428571426,0.0023522651642472574,0.01657060537539495,0.006732359024623297,0.8452380952380952,1,0
2023-06-23,30688.5,0.0265339862374442,0.0324184835952251,0.025636104432356872,1631.9399999999987,1097.5464285714281,0.002494511139773996,0.01814879141719962,0.005477035832627104,0.8095238095238095,1,0
2023-06-24,30527.43,-0.0052623678739376,0.0320563322183249,0.024100792804638303,550.0,1052.8414285714282,0.002661924626006642,0.0147127121538607,0.004528503122862099,0.7896825396825397,1,0
2023-06-25,30462.66,-0.0021239524109262,0.0306597501792026,0.024291490994902718,768.5199999999968,1066.8657142857137,0.0027102390644127526,0.013458768321901283,0.004062018579901301,0.75,1,0
2023-06-26,30267.99,-0.0064109528466911,0.029355429490271,0.024555775168242533,736.0,1083.4107142857138,0.002715725287060671,0.013707137822789922,0.0035867421605708,0.6785714285714286,1,0
2023-06-27,30692.44,0.01392565174568,0.0282398144126512,0.02439272048950692,768.8000000000029,1086.850714285714,0.0026886469272618414,0.013707137822789922,0.0025937498938790986,0.6190476190476191,1,0
2023-06-28,30077.41,-0.0202419785448828,0.0275130795052044,0.022984015642276662,850.9400000000023,1056.3864285714285,0.002620744167545498,0.009496961010757613,-0.002437263433362303,0.5674603174603174,1,0
2023-06-29,30447.31,0.0122232570589524,0.0272637370284709,0.02292572464509024,794.0,1044.6000000000001,0.0026217216968541174,0.009496961010757613,-0.006753435225899298,0.5396825396825397,1,0
2023-06-30,30472.0,0.0008105804662541,0.026562142243167,0.022606204085270525,1782.0,1075.997142857143,0.0026448643197368896,0.009496961010757613,-0.0058563413520581024,0.4801587301587302,0,0
2023-07-01,30585.9,0.0037308892745926,0.0256511820962307,0.022655056161179226,341.02999999999884,1053.2857142857142,0.0027607835441359383,0.009496961010757613,-0.006405150122094201,0.36507936507936506,0,0
2023-07-02,30617.03,0.0010172716464573,0.0248605663297783,0.02230358097281674,636.0,1066.9892857142856,0.0028978290455293353,0.009962821253511047,-0.005799183849424301,0.2777777777777778,0,0
2023-07-03,31156.2,0.0174568722490278,0.0241272940714079,0.02226436667120944,809.7299999999996,1066.8642857142856,0.003049087844586836,0.009962821253511047,-0.005228135418863099,0.20238095238095238,0,0
2023-07-04,30766.51,-0.0125865016096557,0.0241081931495984,0.01936212454054492,730.6899999999987,994.0035714285711,0.0031827078081859217,0.010445964606942106,-0.0041316212630528,0.19444444444444445,0,0
2023-07-05,30504.81,-0.0085423846394387,0.0237873627054644,0.012634023636014262,678.0699999999997,860.8649999999998,0.0033641339358724313,0.01019580722471631,-0.003725716799739997,0.18253968253968253,0,0
2023-07-06,29895.43,-0.0201787501916612,0.0233238834505608,0.013837922277877352,1649.5499999999993,909.0907142857141,0.003069840679043509,0.012658232886679905,-0.003939853577910098,0.15476190476190477,0,0
2023-07-07,30344.7,0.0149162470258605,0.0236291537948952,0.012399534536523074,747.9799999999996,845.9507142857141,0.0027930613435304848,0.012658232886679905,-0.002932988448271799,0.16666666666666666,0,0
2023-07-08,30284.63,-0.0019815498424815,0.0235028199783987,0.01233966530813993,342.34000000000015,831.117857142857,0.002393394492147408,0.012523406900860031,-0.0021483621178319985,0.15873015873015872,0,0
2023-07-09,30160.71,-0.0041002391122777,0.0229228764835087,0.012370071709526967,384.40000000000146,803.6807142857144,0.0020825933382473947,0.01259337030666495,-0.001937689846269599,0.12698412698412698,0,0
2023-07-10,30411.57,0.0082830441339094,0.0224363055842309,0.01247224506761285,1095.7799999999988,829.3792857142859,0.0018679119296964779,0.01334822406017018,-0.001690988487177001,0.10317460317460317,0,0
2023-07-11,30622.1,0.0068988423929567,0.0221224152023798,0.01201644253265227,513.630000000001,811.1528571428571,0.001724459769874066,0.01334822406017018,-0.0019857779472185998,0.07936507936507936,0,0
2023-07-12,30380.0,-0.0079374733359642,0.02179856916384,0.010825959153695174,773.25,805.6035714285712,0.001607070773690248,0.010972057699072705,-0.0019887935416244007,0.06349206349206349,0,0
2023-07-13,31454.23,0.0347489761397028,0.0215493521990043,0.013904193812700128,1553.2000000000007,859.8321428571427,0.0014324488145222008,0.010972057699072705,-0.0017745312515565007,0.051587301587301584,0,0
2023-07-14,30312.01,-0.036989469688736,0.023852558087476,0.01744098425862231,1730.0,856.117857142857,0.0011580150052772841,0.017281439956391708,0.00022340429258079983,0.21031746031746032,0,0
2023-07-15,30289.52,-0.00074222551914,0.0259932054728175,0.017400887146817322,190.90000000000146,845.3942857142857,0.0012114193169453313,0.016167436668678595,0.0024903854944187988,0.4087301587301587,0,0
2023-07-16,30231.99,-0.0019011428276591,0.0251403595036589,0.017396270232677067,377.16999999999825,826.9064285714285,0.0012388398229218724,0.015255973007088168,0.0022174830201502,0.3134920634920635,0,0
2023-07-17,30138.0,-0.0031138012758322,0.0243827303114162,0.016575537954263114,677.7599999999984,817.4799999999998,0.0012514059057212883,0.01450654393686656,0.0019464247271853002,0.24603174603174602,0,0
2023-07-18,29859.13,-0.0092961782772285,0.0237187518411508,0.01644237845894941,727.7799999999988,817.2721428571427,0.001240356352083474,0.014256216460599035,0.0015963366387710017,0.19444444444444445,0,0
2023-07-19,29909.21,0.0016758040032573,0.0232919533545432,0.016362834334627232,427.130000000001,799.347857142857,0.001236746382421294,0.014755129964360156,0.0014933841907032001,0.1626984126984127,0,0
2023-07-20,29800.0,-0.0036580662106331,0.022732976498696,0.01547675925429819,846.5,741.9871428571429,0.0012497294562637533,0.013189323255700842,0.0011836242996916997,0.12698412698412698,0,0
2023-07-21,29901.72,0.0034076103143902,0.0222604168142222,0.01490557773830541,335.3600000000006,712.5142857142857,0.0012804201237225997,0.013189323255700842,-0.0015921412732537998,0.0992063492063492,0,0
2023-07-22,29794.0,-0.0036089728683474,0.0218382218651355,0.014919737144042254,373.90000000000146,714.7685714285716,0.001332818907018258,0.013227590596411933,-0.0041549836076819995,0.07142857142857142,0,0
2023-07-23,30083.75,0.0096781279070761,0.0214685754952416,0.015163784366491538,620.0,731.5971428571429,0.0014061811891638819,0.013954884521641146,-0.003671784008417299,0.051587301587301584,0,0
2023-07-24,29176.5,-0.0306215681317585,0.0213317377156664,0.016952386758263438,1237.6800000000003,741.7328571428573,0.0014722097894341128,0.016651963017236284,-0.003050992595749799,0.051587301587301584,0,0
2023-07-25,29228.91,0.0017946972401166,0.0231082118356017,0.016778006818872985,328.34999999999854,728.4985714285714,0.0014523544871495458,0.016651963017236284,-0.0006105400055491025,0.17063492063492064,0,0
2023-07-26,29351.96,0.0042010363100697,0.0225706541767097,0.016834911472224278,593.0600000000013,715.6278571428572,0.0014160639069165672,0.017437701138580102,-0.0007212991778334996,0.1349206349206349,0,0
2023-07-27,29222.78,-0.0044107821710515,0.0221262861689231,0.012991805126306884,483.64000000000306,639.2307142857145,0.0013756432630569453,0.01650603380365956,-0.0006066903297729,0.10317460317460317,0,0
2023-07-28,29314.14,0.0031214513568595,0.0217376352817518,0.009374615917016443,419.1000000000022,545.5950000000004,0.0014059545944581178,0.01163948828070874,-0.000522781532470401,0.07539682539682539,0,0
2023-07-29,29352.9,0.0013213554199946,0.021372207793059,0.009418653611675314,150.73999999999796,542.7264285714288,0.001165711020296193,0.012439973591914929,-0.00046601407207649825,0.05555555555555555,0,0
2023-07-30,29281.09,-0.00244943371254,0.0210311902508465,0.009418260011553093,415.7599999999984,545.4828571428573,0.0009948603865986478,0.012453662583661044,-0.00043738524439509985,0.047619047619047616,0,0
2023-07-31,29232.25,-0.0016693633056039,0.0207410712386841,0.009416367481766066,428.2000000000007,527.6571428571432,0.0008950003192008784,0.012413972529225032,-0.000590666476982301,0.04365079365079365,0,0
2023-08-01,29705.99,0.0160761571043899,0.020478295650767,0.010337860663354358,1153.5499999999993,558.069285714286,0.0008611443563940408,0.012860327024953273,-0.002629916184834699,0.03968253968253968,0,0
2023-08-02,29186.01,-0.0176592240994306,0.0208666654829517,0.011291459301893667,1120.0,607.5600000000003,0.0007929308313027129,0.013649574890954199,-0.0017039886937580025,0.051587301587301584,0,0
2023-08-03,29193.64,0.0002613924558794,0.0213228043493343,0.01128905693727691,465.33000000000175,580.3335714285719,0.000737951273621634,0.014667394761425744,-0.0008034818195888013,0.06746031746031746,0,0
2023-08-04,29113.99,-0.0027320626663573,0.020983670315031,0.011204001288894394,525.5400000000009,593.9178571428575,0.000727486747163745,0.013618574400627043,-0.0007539649667208,0.05952380952380952,0,0
2023-08-05,29072.13,-0.0014388313646502,0.0207028039266834,0.011193649327400234,173.59000000000015,579.6100000000004,0.0007496373757234579,0.013560997284593854,-0.0006694038663756022,0.047619047619047616,0,0
2023-08-06,29088.42,0.0005601735343265,0.0204429366284648,0.01073324242249833,213.20999999999913,550.5535714285717,0.000793094713988648,0.013560997284593854,-0.0005882536223817021,0.03968253968253968,0,0
2023-08-07,29211.06,0.0042072478486439,0.0202105050672597,0.007116659548105203,575.75,503.2728571428574,0.0008490664718332904,0.007633523614310378,-0.0005305661714243987,0.027777777777777776,0,0
2023-08-08,29770.42,0.0189678784073805,0.0200499280009322,0.00873101715356423,1097.5499999999993,558.2157142857146,0.0007219733319098953,0.007633523614310378,-0.0004283676498347995,0.01984126984126984,0,0
2023-08-09,29581.99,-0.0063495528850303,0.0207472427938147,0.008915775971759722,783.3300000000017,571.8064285714289,0.0005752240808231665,0.007463634871458905,-0.00011942268913699844,0.06746031746031746,0,0
2023-08-10,29455.75,-0.0042765929862085,0.0205747176462899,0.008910094143692942,417.7999999999993,567.1035714285715,0.0004623366848527672,0.007452470028409791,-0.000748086703044399,0.05555555555555555,0,0
2023-08-11,29426.03,-0.0010094804377125,0.0203701374766656,0.0088873713770513,312.0699999999997,559.4585714285713,0.00038857858349080677,0.006980277729293332,-0.0006135328383654014,0.04365079365079365,0,0
2023-08-12,29430.17,0.000140681865524,0.0201483904831063,0.008882249443962237,99.78999999999724,555.8192857142856,0.00036424919745486314,0.006980277729293332,-0.0005544134435770988,0.027777777777777776,0,0
2023-08-13,29303.84,-0.0043017731911714,0.0199515656250713,0.008938175448752254,202.33000000000175,540.5742857142858,0.0003840864304441991,0.00709136574029204,-0.0004913710033934982,0.011904761904761904,0,0
2023-08-14,29430.93,0.0043275966976992,0.0198257269698083,0.00899268881431481,592.869999999999,552.3364285714285,0.00042351273854564073,0.00755468606376773,-0.00038477809745139993,0.011904761904761904,0,0
2023-08-15,29200.0,-0.0078774528796099,0.0197164906491677,0.008024463901004033,439.65999999999985,501.3442857142857,0.00046972618569911343,0.007595782008169722,-0.00033343735176450187,0.003968253968253968,0,0
2023-08-16,28730.51,-0.0162090849613036,0.0197308594359926,0.007802323911619184,536.7699999999968,459.6849999999998,0.0004849315825684048,0.007180298340023266,-0.001016383357822101,0.007936507936507936,0,0
2023-08-17,26623.41,-0.0761687203764118,0.0202429563102261,0.021490596688702977,3617.4799999999996,684.8385714285711,0.00039419121484491736,0.02627657900487288,-0.0003317613360637982,0.05952380952380952,0,0
2023-08-18,26054.0,-0.0216195966611483,0.0312884179764369,0.02182057662393897,1213.5999999999985,733.9857142857137,0.0029800904209005843,0.027231660966953255,0.010918280499771303,0.8531746031746031,1,0
2023-08-19,26100.01,0.0017643901949639,0.0306855766197502,0.021910506701748367,479.90999999999985,755.8657142857137,0.00394239468841751,0.028879058146596182,0.010537186136643902,0.8214285714285714,1,0
2023-08-20,26189.99,0.0034415792240878,0.0293764574277998,0.022007417395696297,327.9500000000007,764.0614285714281,0.004415555922904395,0.028879058146596182,0.0094248918027285,0.7579365079365079,1,0
2023-08-21,26126.92,-0.0024110762869486,0.0282071931255757,0.021806822016964156,446.41999999999825,754.8235714285709,0.004629360298155502,0.02723929613288973,0.0083814661557674,0.6944444444444444,1,0
2023-08-22,26056.0,-0.002718132433543,0.0271412038011522,0.020475735669408253,839.4199999999983,736.3857142857136,0.004678559523869563,0.025855756667062812,0.007424713151984501,0.6031746031746031,1,0
2023-08-23,26432.72,0.0143545687030837,0.026184466809794,0.021446914121457532,1006.4500000000007,752.3228571428564,0.004664467373180337,0.02717205408017549,0.0064536073738014,0.5198412698412699,0,0
2023-08-24,26180.05,-0.0096049663422359,0.0257128875971512,0.021422251539159384,713.869999999999,773.4707142857135,0.004591262845410432,0.027322865551055772,0.005469931286925099,0.46825396825396826,0,0
2023-08-25,26060.01,-0.0045957149083015,0.0250718090016438,0.021348125527981387,536.8999999999978,789.5299999999991,0.004460902415317272,0.027363707477147114,-0.006216608974793102,0.3968253968253968,0,0
2023-08-26,26017.37,-0.0016375635459642,0.0243572338323786,0.021296854924713966,139.85000000000218,792.391428571428,0.004281833359788993,0.025964656740309438,-0.006328342787371603,0.34523809523809523,0,0
2023-08-27,26101.77,0.0032387362406804,0.0236812798427821,0.021513724423039032,216.11999999999898,793.3764285714278,0.004066162620076801,0.02733156243009715,-0.0056951775850177,0.29365079365079366,0,0
2023-08-28,26120.0,0.0006981762870346,0.0230957850246129,0.021371702557916806,389.4900000000016,778.8492857142852,0.003827590399349041,0.02733156243009715,-0.005111408100962802,0.25396825396825395,0,0
2023-08-29,27716.34,0.0593208265640985,0.0225535868635123,0.02803540307231925,2220.8499999999985,906.0771428571422,0.003574799633074416,0.028855403480029105,-0.004587616937639899,0.2222222222222222,0,0
2023-08-30,27299.99,-0.0151357950818482,0.0289392412952647,0.02800008350368037,751.3299999999981,921.4028571428565,0.003260302381297507,0.028782443297605813,0.0027547744854707,0.7341269841269841,1,0
2023-08-31,25940.78,-0.051070088063355,0.028198564885191,0.023430205935802,1932.5,801.0471428571424,0.002807533071648991,0.020718084698090382,0.002485677288039799,0.6865079365079365,1,0
2023-09-01,25805.05,-0.0052460386193207,0.0315483812541381,0.022767031454904642,822.25,773.093571428571,0.0028405278066892603,0.019345626863268878,0.0064765722524943,0.8531746031746031,1,0
2023-09-02,25869.51,0.0024948459526168,0.0301990097512779,0.022773914448012546,235.02999999999884,755.6021428571423,0.002791462307512733,0.019345626863268878,0.005841775918899301,0.7976190476190477,1,0
2023-09-03,25971.21,0.0039235616506463,0.0289411591849025,0.02278091203454631,335.0,756.1057142857137,0.0027620266523109213,0.019345626863268878,0.0052598793421204,0.7261904761904762,1,0
2023-09-04,25826.02,-0.0056061059735252,0.0278205054033795,0.0228164355541287,476.8100000000013,758.2764285714283,0.0027477160231513097,0.019428205543704856,0.0047247203787666,0.6468253968253969,1,0
2023-09-05,25792.1,-0.001314267349624,0.0268403304925801,0.02281057096831117,352.8700000000026,723.5228571428571,0.0027449614768009227,0.01940998589620676,0.0042867436290678,0.5515873015873016,1,0
2023-09-06,25759.95,-0.0012472832474372,0.0259031903102916,0.022394391213571688,667.4900000000016,699.3114285714286,0.0027496811804127823,0.01830463249024653,-0.003036050984973098,0.4642857142857143,0,0
2023-09-07,26255.0,0.0190354868493418,0.0250616406395713,0.022932346450243744,827.7599999999984,707.4464285714286,0.002771865026267766,0.019115702828405943,-0.003136924245619701,0.38492063492063494,0,0
2023-09-08,25910.5,-0.0132081551334941,0.025036052946948,0.023185135464975422,798.2400000000016,726.1135714285717,0.0027733841310565222,0.01961063335126978,-0.006512328307190101,0.38095238095238093,0,0
2023-09-09,25901.61,-0.0003431630206609,0.0246370887844656,0.023182448582679992,148.45000000000073,726.7278571428573,0.0027570602661531685,0.01960246052793869,-0.005561920966812298,0.3492063492063492,0,0
2023-09-10,25841.61,-0.0023191454606887,0.02392572929808,0.023164427306164494,463.09000000000015,744.3685714285717,0.0027378337313986754,0.01849753769097987,-0.005015429886822499,0.2976190476190476,0,0
2023-09-11,25162.52,-0.0266303976758024,0.0233023704225701,0.024165957271321186,999.6899999999987,787.9542857142858,0.002717853569915494,0.019464347371628905,-0.004518134980809399,0.24603174603174602,0,0
2023-09-12,25840.1,0.0265719630767762,0.0242390651108301,0.018662383597010414,1435.5200000000004,731.8592857142859,0.0025555830387170944,0.019464347371628905,-0.0026012653817500016,0.3134920634920635,0,0
2023-09-13,26222.0,0.0146712042012566,0.025016959523296,0.019112747956074254,641.0500000000029,723.9821428571433,0.002512531195901926,0.019887226199734535,-0.0008862307869956024,0.376984126984127,0,0
2023-09-14,26522.73,0.0114033481188435,0.0247025904329111,0.013449398461816784,733.7200000000012,638.3550000000006,0.0025019123914123706,0.010905056158015847,-0.000359050206660199,0.3531746031746032,0,0
2023-09-15,26600.0,0.0029091145916009,0.0242523778568359,0.013306640050273206,664.0,627.0514285714291,0.002021995070306326,0.011488137218641985,-0.0007836750901120994,0.3055555555555556,0,0
2023-09-16,26559.67,-0.0015173159554038,0.0235999490356838,0.013342198266426162,332.0,633.9778571428578,0.0016239129773479872,0.010759549973099209,-0.0010371397487817999,0.24603174603174602,0,0
2023-09-17,26527.51,-0.0012115920994144,0.0230057560445942,0.013352297520533298,224.25,626.0671428571435,0.0013298481526581138,0.010152237194083091,-0.0009199732534858028,0.20238095238095238,0,0
2023-09-18,26762.51,0.0088197198400656,0.0224758070832558,0.013317160202965528,1031.6500000000015,665.6985714285721,0.0011548593795857435,0.010584085082199607,-0.0008265633393143013,0.16666666666666666,0,0
2023-09-19,27210.26,0.0165920804871486,0.0221777779302229,0.013770253628752319,815.7799999999988,698.7635714285718,0.0010753908275892073,0.011303953528059074,-0.002061287180607198,0.1388888888888889,0,0
2023-09-20,27125.0,-0.0031382961994257,0.0223600989428512,0.013832948398083246,588.630000000001,693.1307142857147,0.001033326168360738,0.011356236455846167,-0.0026568605804448003,0.15079365079365079,0,0
2023-09-21,26568.08,-0.0207453166494904,0.021922371402196,0.014507232198476258,781.8999999999978,689.8550000000004,0.0010875802587089441,0.012908896680077128,-0.0027802190307150976,0.11507936507936507,0,0
2023-09-22,26580.14,0.0004538251782282,0.0224864989750147,0.013937387489625499,274.6100000000006,652.4528571428574,0.0010444964114186977,0.012865577250637254,-0.001765878881821198,0.17063492063492064,0,0
2023-09-23,26575.96,-0.0001572726369545,0.0220124313492044,0.013935253905392095,123.81000000000131,650.6928571428574,0.0010478801119879503,0.012865060766989844,-0.0015875176864794012,0.11904761904761904,0,0
2023-09-24,26248.38,-0.0124027749048938,0.0215923948985252,0.014418733994275793,616.4599999999991,661.6478571428573,0.001115282025557936,0.013664442435136008,-0.001413361146068999,0.09523809523809523,0,0
2023-09-25,26304.81,0.0021475393477565,0.0215790913815337,0.012008870314190099,455.6900000000023,622.7907142857148,0.0011821678443520998,0.009981990692163543,-0.0008967157017220999,0.09523809523809523,0,0
2023-09-26,26221.67,-0.0031656440496643,0.0212203593422107,0.010015986885494309,309.119999999999,542.3335714285719,0.0012057540213442051,0.009318661241369482,-0.000957418588012203,0.07539682539682539,0,0
2023-09-27,26372.99,0.0057542122158018,0.0209170985543485,0.009343941379313,737.9399999999987,549.2542857142859,0.0011046680833935515,0.009318661241369482,-0.0014430003885026986,0.06746031746031746,0,0
2023-09-28,27021.39,0.0242883942227578,0.0207060360086335,0.010998189544262614,966.0799999999981,565.8514285714284,0.0009881130530676532,0.009318661241369482,-0.001216335393562501,0.05555555555555555,0,0
2023-09-29,26906.96,-0.004243785383295,0.0218301186294202,0.011085014077117664,579.7299999999996,559.8321428571427,0.0007858363797857945,0.008844997496461495,-0.0006563803455945025,0.13095238095238096,0,0
2023-09-30,26962.56,0.0020642478248635,0.0214729853244372,0.0110682498710671,208.6800000000003,551.0235714285712,0.0006437909390330572,0.009438292808635302,-0.0005394460247672012,0.10317460317460317,0,0
2023-10-01,27992.57,0.037489880793176,0.0211259677121725,0.014692697162962632,1111.4199999999983,614.3928571428569,0.0005742022829370488,0.010182514772682586,-0.00046642718635269906,0.08333333333333333,0,0
2023-10-02,27494.51,-0.0179527694400132,0.0239371017839654,0.015702270669824808,1298.5600000000013,633.4578571428568,0.0008095548764489427,0.011615282870558736,0.0023580104024316997,0.3253968253968254,0,0
2023-10-03,27426.46,-0.0024781075361435,0.0239796600823408,0.01514970927493079,516.0200000000004,612.0464285714285,0.000994604452230424,0.010900370349799805,0.0027593007401301023,0.3333333333333333,0,0
2023-10-04,27778.57,0.0127566192765868,0.0233520298555366,0.01544355346754346,637.7200000000012,615.552857142857,0.001060104465419376,0.011592458675899283,0.0024349313011881,0.27380952380952384,0,0
2023-10-05,27410.39,-0.0133427215220667,0.0231330931097693,0.014725986863439391,768.3899999999994,614.5878571428572,0.0011010361497720412,0.00991647793029955,0.002427057101135801,0.25396825396825395,0,0
2023-10-06,27931.09,0.0188182667350833,0.0229746690046107,0.015359935893702065,1119.0600000000013,674.9057142857143,0.0011218849181837672,0.00991647793029955,0.0011445503751905013,0.24206349206349206,0,0
2023-10-07,27956.67,0.0009154062279908,0.0232170473203855,0.015342733716540415,187.5899999999965,679.4614285714282,0.0011577196087690785,0.010710827910051988,0.0017440619959483011,0.2698412698412698,0,0
2023-10-08,27917.05,-0.0014181982742726,0.0226620898959976,0.01472903390759586,407.6399999999994,664.545714285714,0.0011485906264918817,0.0094561573248702,0.0015361221838250984,0.21825396825396826,0,0
2023-10-09,27590.12,-0.0117798756643825,0.0221721240891251,0.015350278485067334,727.9300000000003,683.9914285714282,0.0011310225934871964,0.009821833832149452,-0.0017649776948402973,0.17063492063492064,0,0
2023-10-10,27390.12,-0.007275373195295,0.0220491279717884,0.015523964910825241,437.0,693.1257142857139,0.0010890633285087136,0.010129086065570428,-0.0019305321105523993,0.15873015873015872,0,0
2023-10-11,26875.52,-0.0189665293285479,0.021746289212077,0.016571161227001644,938.7299999999996,707.4678571428568,0.0010230568327465734,0.011607744863004177,-0.0016057406434595994,0.1349206349206349,0,0
2023-10-12,26759.63,-0.0043214265402866,0.0221797363010957,0.015234760308263337,392.0400000000009,666.4649999999999,0.0008974583969087716,0.011038280128614502,-0.0009533568086736027,0.1865079365079365,0,0
2023-10-13,26862.0,0.0038182399293198,0.0217830479283045,0.015242680153509056,445.0,656.8414285714285,0.0009004839035010053,0.0116113249642344,-0.0011916210763062013,0.1388888888888889,0,0
2023-10-14,26852.48,-0.0003544668067032,0.0214235133608454,0.01522972723129648,200.58000000000175,656.2628571428571,0.0009051461258686419,0.010947899778889499,-0.0017935339595401,0.10317460317460317,0,0
2023-10-15,27154.15,0.0111717075306749,0.0210725910945223,0.01133320358364269,485.08000000000175,611.524285714286,0.0009117059204328208,0.010947899778889499,-0.0015894988014752975,0.08333333333333333,0,0
2023-10-16,28500.78,0.0484015661102947,0.0210601972208196,0.016788071298447158,2887.34,725.0085714285716,0.0008988295198273238,0.009723725209193275,-0.0011119268683054996,0.08333333333333333,0,0
2023-10-17,28395.91,-0.0036863346095206,0.0257659420333385,0.016819081267835847,544.3300000000017,727.0307142857146,0.0012188193913897198,0.00977148083355246,0.003716814061550097,0.5436507936507936,0,0
2023-10-18,28320.0,-0.0026768518861093,0.024962629571754,0.016598116548585905,839.4900000000016,741.4428571428574,0.0013744666421103278,0.009255750389556823,0.003216340359676998,0.46825396825396826,0,0
2023-10-19,28713.71,0.0138064402260003,0.0242311232602432,0.016329635703501887,816.2299999999996,744.8600000000004,0.0014379568800616297,0.00860952974796395,0.0020513869591475,0.4007936507936508,0,0
2023-10-20,29669.04,0.0327293688126815,0.0239624353141898,0.017710247952456203,1629.2599999999984,781.3028571428573,0.0014780315589881501,0.00860952974796395,0.002179387385885301,0.38492063492063494,0,0
2023-10-21,29909.8,0.0080821080284518,0.0255075431825473,0.017708103494949935,915.2200000000012,833.276428571429,0.0016520402062309657,0.00860952974796395,0.0040840298217019,0.5198412698412699,0,0
2023-10-22,29992.46,0.0027598308466529,0.0248352823984337,0.017629853053254003,608.0,847.5878571428576,0.001728453379793142,0.00918835235893372,0.003762691303911398,0.4642857142857143,0,0
2023-10-23,33069.99,0.0976802078654781,0.0241182860607036,0.029698578496835625,4858.310000000005,1142.615000000001,0.0017303590741526548,0.008681544244690849,0.0030580888398839996,0.4007936507936508,0,0
2023-10-24,33922.73,0.0254590665708622,0.0387348833875993,0.029270041842553902,2447.6600000000035,1286.2335714285725,0.0044660165209117735,0.008936265525423153,0.012968941354260799,0.9563492063492064,2,0
2023-10-25,34496.05,0.0167595335532482,0.0375748396437636,0.027562297212870127,1453.7999999999956,1323.0242857142864,0.00560505808352079,0.0031446372180930536,0.012612210072009598,0.9404761904761905,2,0
2023-10-26,34151.66,-0.0100336308158794,0.0360350087621767,0.027954930564201102,1073.1299999999974,1371.673571428572,0.00616595672147846,0.005512576369991064,0.011803885501933498,0.9246031746031746,2,0
2023-10-27,33892.02,-0.0076316054672105,0.0343841205462846,0.02854481884096284,854.0500000000029,1400.8914285714293,0.00634091650025312,0.005996588946177528,0.010421685232094798,0.9126984126984127,2,0
2023-10-28,34081.0,0.0055604558078261,0.0328208502599007,0.028317362002652433,633.3300000000017,1431.8021428571435,0.006244820806252766,0.00670204722883311,0.007313307077353396,0.9007936507936508,1,0
2023-10-29,34525.89,0.0129694331309018,0.0313586152074772,0.028292831985916454,820.1100000000006,1455.7328571428577,0.005936849328144277,0.00670204722883311,0.006523332809043502,0.8650793650793651,1,0
2023-10-30,34474.73,-0.0014828854979818,0.0302594098787673,0.027174140163918174,793.1600000000035,1306.1485714285723,0.005488121498842297,0.006031064543348263,0.0061411238180636984,0.8253968253968254,1,0
2023-10-31,34639.77,0.0047758520627763,0.0289889171852083,0.026852446826610886,695.489999999998,1316.945714285715,0.0053809861191821086,0.006486132028736649,-0.009745966202390998,0.7738095238095238,1,0
2023-11-01,35421.43,0.0223145602612131,0.0278768425693924,0.026472422282119563,1484.6100000000006,1363.025714285715,0.005232060731330691,0.007328349035461458,-0.009697997074371197,0.7142857142857143,1,0
2023-11-02,34941.59,-0.0136391939573101,0.0277411029147593,0.027636569008692217,1684.989999999998,1425.0800000000004,0.005011261117215165,0.009315869666351218,-0.008293905847417397,0.7103174603174603,1,0
2023-11-03,34716.78,-0.0064546666973637,0.0270549063616403,0.027580329525310116,826.5,1367.7400000000005,0.004772914163118002,0.00881821334212126,-0.007329214184644297,0.6547619047619048,1,0
2023-11-04,35062.07,0.0098967758372303,0.0261721578759902,0.027568695611840128,669.8199999999997,1350.211428571429,0.004722252351956459,0.00881821334212126,-0.006648692383910498,0.5952380952380952,0,0
2023-11-05,35011.88,-0.0014324869251005,0.0254917811552377,0.02769170173494856,932.0,1373.354285714286,0.00466384237366473,0.008071105371699002,-0.005866834052239502,0.5198412698412699,0,0
2023-11-06,35046.09,0.00097661986835,0.0246940334365238,0.012083289243608972,550.4300000000003,1065.6485714285716,0.004604306243898081,0.008071105371699002,-0.005565376442243499,0.45634920634920634,0,0
2023-11-07,35399.12,0.0100229087373371,0.0239783301377729,0.010602374278516718,1364.9400000000023,988.3114285714286,0.004291059658265723,0.008071105371699002,-0.0050105870474354,0.3888888888888889,0,0
2023-11-08,35624.72,0.0063528178351219,0.0235510472947214,0.009908853228407687,1006.0,956.3257142857146,0.003906381191622459,0.008071105371699002,-0.0043257952746710016,0.3333333333333333,0,0
2023-11-09,36701.09,0.0297666759831543,0.0230445992500635,0.011653955786101266,2438.189999999995,1053.8300000000002,0.0035292219659662136,0.007618171751503719,-0.0046965036646958,0.2857142857142857,0,0
2023-11-10,37301.63,0.0162305705349083,0.0243880910894945,0.011383814030829737,1201.2900000000009,1078.6328571428571,0.003044882883689587,0.007614809619581585,-0.002666815272145802,0.44841269841269843,0,0
2023-11-11,37130.0,-0.00461175723788,0.0242500879374206,0.011789636889118271,741.3300000000017,1086.347142857143,0.002605474464678101,0.0071163137506862015,-0.001922069938569599,0.42857142857142855,0,0
2023-11-12,37064.13,-0.0017756126342121,0.0236249043077402,0.011789334231858392,491.1200000000026,1062.8478571428573,0.0022576859127675626,0.006536594516231945,-0.0018668768474974992,0.3492063492063492,0,0
2023-11-13,36462.93,-0.0163535274925212,0.0230298000449456,0.013029541636598151,1084.989999999998,1083.6928571428568,0.0019656796160371056,0.009323816450952574,-0.0016642333915782015,0.2857142857142857,0,0
2023-11-14,35551.19,-0.0253224983929367,0.0230781447771452,0.015195633142892628,1944.0,1172.8721428571428,0.001727582444914264,0.012888700722097657,-0.0009001853606276991,0.29365079365079366,0,0
2023-11-15,37858.2,0.0628739714000108,0.0239112355601958,0.021819194369294956,2620.0,1253.9714285714285,0.0015048180815941759,0.012888700722097657,0.0003601882654744003,0.39285714285714285,0,0
2023-11-16,36163.51,-0.0457970016721329,0.0305846438962602,0.025316634240012174,2429.540000000001,1307.1535714285715,0.002056292889462333,0.02095630827111774,0.0075400446461966995,0.8492063492063492,1,0
2023-11-17,36613.92,0.0123778965726657,0.0326512911585975,0.02530712360399532,938.9000000000015,1315.1821428571432,0.002903132232655764,0.022481493397550976,0.008263200069103003,0.9047619047619048,1,0
2023-11-18,36568.1,-0.0012522203127858,0.0313991840923043,0.02527592464426246,666.9099999999962,1314.9742857142858,0.0033438896495753194,0.020819198996587338,0.0071490961548837,0.876984126984127,1,0
2023-11-19,37359.86,0.0214205903732054,0.0300208337753175,0.025701726188036542,1115.9800000000032,1328.1157142857144,0.003550680780035219,0.02247969939458688,0.006395929467577301,0.8293650793650794,1,0
2023-11-20,37448.78,0.002377266633287,0.0295524053215488,0.025689107351109967,1073.0,1365.442142857143,0.003662369627547634,0.02247969939458688,0.0065226052766031994,0.8095238095238095,1,0
2023-11-21,35741.65,-0.0466574572380054,0.0283552891203845,0.029039763665860256,1914.4400000000023,1404.692142857143,0.0036431596665773397,0.02727882387793098,0.005277144343239299,0.7698412698412699,1,0
2023-11-22,37408.34,0.0455769987877179,0.0309847744426041,0.031422740127396695,2229.0899999999965,1492.0557142857142,0.003716333585563551,0.02727882387793098,0.0070735388824083,0.8690476190476191,1,0
2023-11-23,37294.28,-0.0030537105294428,0.0329465296454498,0.030522927469825167,783.4400000000023,1373.8592857142862,0.00383324716806039,0.025539833528088703,0.0023618857491896003,0.9285714285714286,1,0
2023-11-24,37713.57,0.0111800129543677,0.0314385482609105,0.030360330754887192,1162.489999999998,1371.0878571428573,0.003817896061901337,0.025539833528088703,-0.0012127428976870039,0.8928571428571429,1,0
2023-11-25,37780.67,0.0017776195288341,0.0302602636538434,0.030320970929219725,296.90000000000146,1339.3428571428574,0.0036655638827165046,0.027247533226012883,-0.0011389204384609011,0.8492063492063492,1,0
2023-11-26,37447.43,-0.0088595133917142,0.0289913402203748,0.030434078746010954,664.6299999999974,1351.7364285714284,0.003361717549169927,0.02744431933317745,-0.0010294935549427023,0.8015873015873016,1,0
2023-11-27,37242.7,-0.0054821303093675,0.0279782716102518,0.030101400900493718,862.2300000000032,1335.8250000000003,0.002905102792741482,0.0268193707631261,-0.0015741337112969989,0.753968253968254,1,0
2023-11-28,37818.87,0.0153522319467533,0.0269796602993002,0.029263473895266068,1508.5899999999965,1304.7242857142858,0.002389269655255857,0.027060800715086878,-0.0013756288210843015,0.6785714285714286,1,0
2023-11-29,37854.64,0.0009453771250758,0.0264720952346472,0.023944529800099888,880.0,1180.4385714285713,0.0019721142155146305,0.027060800715086878,-0.0045126792079569,0.6507936507936508,0,0
2023-11-30,37723.96,-0.0034581251896561,0.0255707748122562,0.02007782395381561,645.8499999999985,1053.0321428571426,0.002271033394384678,0.01961425875785211,-0.007375754833193599,0.5674603174603174,0,0
2023-12-01,38682.52,0.0250923820630912,0.0247846762977495,0.020808067724452626,1383.1399999999994,1084.7635714285711,0.002411635039771594,0.01961425875785211,-0.006653871963160998,0.5079365079365079,0,0
2023-12-02,39450.35,0.0196551008311658,0.0253266335126614,0.021155224691399934,1075.5299999999988,1113.9507142857142,0.002488143218802368,0.021479044783267787,-0.004933630141181998,0.5515873015873016,0,0
2023-12-03,39972.26,0.0131427942891875,0.0253134782958369,0.020786049973448524,975.1399999999994,1103.8907142857138,0.0025896921163448745,0.021479044783267787,-0.0036778619245378986,0.5515873015873016,0,0
2023-12-04,41991.1,0.0492719775349019,0.0248783095424838,0.023905231089725927,2447.739999999998,1202.086428571428,0.002702306823113116,0.021479044783267787,-0.003099962067768001,0.5198412698412699,0,0
2023-12-05,44073.32,0.0483969196447056,0.0287138056859875,0.02037031904051231,3074.0,1284.912142857142,0.002708876789088918,0.005697115675756745,0.0017341453866873031,0.8134920634920635,1,0
2023-12-06,43762.69,-0.0070729828231428,0.0315319467435595,0.019105246023510016,961.9300000000003,1194.4007142857138,0.0027602247964773805,0.005997592752234617,0.005059851508912298,0.9404761904761905,1,0
2023-12-07,43273.14,-0.0112495086853492,0.0302212112332467,0.019692350626985693,1226.2300000000032,1226.028571428571,0.0024598818683605962,0.007708202018271229,0.0046504364209905,0.8849206349206349,1,0
2023-12-08,44170.99,0.0205361195573292,0.0291673352088736,0.01987073552478155,1618.9000000000015,1258.6292857142855,0.00226487541910957,0.007708202018271229,0.004382658911124101,0.8412698412698413,1,0
2023-12-09,43713.6,-0.0104089722604943,0.0287373160309436,0.0205739402026345,773.5099999999948,1292.6728571428564,0.002160674271577653,0.008220184459529512,0.0034106825182822,0.8174603174603174,1,0
2023-12-10,43789.51,0.001735024481821,0.0278035336326966,0.019997058747158257,486.0,1279.913571428571,0.00211953191938755,0.00808625522419593,0.002490055336859698,0.7619047619047619,1,0
2023-12-11,41253.4,-0.0596607573549246,0.0267722865973979,0.027356755975749356,3582.5,1474.2185714285708,0.002118350312122627,0.027771531586099043,0.0018939770549141026,0.6865079365079365,0,0
2023-12-12,41492.39,0.0057765033012788,0.0319687017199902,0.027259629753413735,1424.1200000000026,1468.1849999999997,0.0024526358495361522,0.027771531586099043,0.0032548960340027,0.9523809523809523,1,0
2023-12-13,42869.03,0.0326396168808305,0.0305895226437798,0.028056405805141408,2920.199999999997,1613.913571428571,0.002544186944033437,0.027771531586099043,-0.0009424240997796957,0.9087301587301587,1,0
2023-12-14,43022.26,0.0035680023564594,0.0310422655201204,0.027880914647165713,2020.0,1712.0671428571425,0.002569770860320902,0.03100133546865824,0.0008210542868737,0.9206349206349206,1,0
2023-12-15,41940.3,-0.0254704776409777,0.0297158398549647,0.028944630083243345,1414.8099999999977,1714.3292857142853,0.0023745443821420404,0.029976912564907993,0.000548504646091099,0.8571428571428571,1,0
2023-12-16,42278.03,0.0080203872581403,0.0296048602775975,0.028681301897347033,1119.4300000000003,1717.4649999999997,0.0021740192862183243,0.029976912564907993,0.0008675442466539,0.8492063492063492,1,0
2023-12-17,41374.65,-0.0215991913352073,0.0285053572294072,0.029411106000284962,1172.0699999999997,1731.5314285714283,0.0019083145858641228,0.028750656517013043,0.0007018235967106018,0.7936507936507936,1,0
2023-12-18,42657.8,0.0305417667085521,0.0282343455927997,0.027480693827500836,2214.8799999999974,1714.8985714285711,0.001482611439844163,0.028750656517013043,0.001462058995401798,0.7777777777777778,1,0
2023-12-19,42275.99,-0.008990828549253,0.0288142476580898,0.023938907938915992,1685.9000000000015,1615.748571428571,0.0014788985263509298,0.026833977658818123,-0.0031544540619004025,0.8055555555555556,1,0
2023-12-20,43668.93,0.0324175526446293,0.0278233327145023,0.025681915851887675,2077.0,1695.3964285714283,0.001413629448877197,0.028839814530555896,-0.002766189929277501,0.7420634920634921,1,0
2023-12-21,43861.8,0.0044069165684454,0.0286711294258146,0.025501807031823615,955.6299999999974,1676.0678571428564,0.001389190574077846,0.031189286517262403,-0.002371136094305802,0.7936507936507936,1,0
2023-12-22,43969.04,0.0024419680670515,0.0275841930986207,0.02488468716979497,985.7200000000012,1630.8407142857136,0.0014468398748362944,0.031189286517262403,-0.0021316467563440022,0.7142857142857143,1,0
2023-12-23,43702.16,-0.006088221088726,0.0265802905048279,0.024776593023905336,697.5800000000017,1625.4171428571426,0.0015842042385011818,0.030959902130933487,-0.0030245697727695996,0.6507936507936508,0,0
2023-12-24,42991.5,-0.016395107062852,0.025737995823335,0.025148890377296354,1446.0,1693.9885714285713,0.001772759250172321,0.0290441538448712,-0.0027673614060721996,0.5793650793650794,0,0
2023-12-25,43576.13,0.0135071016356853,0.0254419351799022,0.01892281756023984,1081.8899999999994,1515.373571428571,0.001913468307544969,0.01733188545556478,-0.0027924104128974996,0.5436507936507936,0,0
2023-12-26,42508.93,-0.0247953518646699,0.0250110373029917,0.020397699738028977,1955.0800000000017,1553.2992857142854,0.0018726151873327504,0.01878288556690584,-0.003803210355098098,0.503968253968254,0,0
2023-12-27,43428.85,0.0214097952982097,0.0254899969680063,0.019278758152582783,1578.3099999999977,1457.4499999999996,0.0018462440759813594,0.01878288556690584,-0.0023333357464959993,0.5476190476190477,0,0
2023-12-28,42563.76,-0.0201207798082343,0.0255958263169361,0.02005311337435185,1545.7799999999988,1423.5771428571425,0.0016595976342572893,0.018979788202221588,-0.003075303108878498,0.5674603174603174,0,0
2023-12-29,42066.95,-0.0117407902387345,0.0255833165109246,0.019063269446162084,1811.0,1451.8764285714283,0.0015703175986629503,0.01694835620170348,-0.0020008765876960988,0.5674603174603174,0,0
2023-12-30,42140.28,0.0017416561151897,0.02504734425176,0.018938975978651955,1092.0199999999968,1449.9185714285709,0.0014686973157833508,0.01694835620170348,-0.0015329462530679003,0.5158730158730159,0,0
2023-12-31,42283.58,0.0033947781497314,0.0242983667983671,0.01792062255625755,933.1600000000035,1432.8535714285713,0.0015058550366390685,0.01604266384386672,-0.0014396290249679006,0.4444444444444444,0,0
2024-01-01,44179.55,0.0438631813137799,0.0236473899012534,0.019830206875230086,2003.3300000000017,1417.7428571428572,0.0015785411734642431,0.01604266384386672,-0.0017945452786488,0.3611111111111111,0,0
2024-01-02,44946.91,0.0172200031711362,0.0268797805967439,0.01989869634052431,1731.2900000000009,1420.9850000000001,0.0013963298127391104,0.01710770224923142,0.0018687432937521987,0.6865079365079365,1,0
2024-01-03,42845.23,-0.0478876952125606,0.0264983501177973,0.02258653058648871,4750.0,1611.9135714285715,0.0013017708656449553,0.025021986112260315,0.001008353149790999,0.6626984126984127,0,0
2024-01-04,44151.1,0.0300235215075552,0.0297201248547518,0.024078034939403914,2115.810000000005,1694.783571428572,0.0014921686034329118,0.025021986112260315,0.0041242985378157,0.8690476190476191,1,0
2024-01-05,44145.11,-0.0001356796630158,0.0300303684511323,0.02407164686605786,1907.4599999999991,1760.6221428571432,0.001809400614484319,0.023165914440289963,0.0044470519402077,0.8809523809523809,1,0
2024-01-06,43968.32,-0.0040127875450881,0.0287778190054151,0.02403573914846302,817.3699999999953,1769.1785714285713,0.001943535624263704,0.023101184789779104,0.0037304747536550976,0.8134920634920635,1,0
2024-01-07,43929.02,-0.0008942250725407,0.0276744217188014,0.023553065621921002,908.5,1730.7857142857142,0.0019715761219739557,0.02225711210158815,0.0033760549204343016,0.7341269841269841,1,0
2024-01-08,46951.04,0.0665302071124074,0.0266518742547549,0.02920920686668634,4073.989999999998,1944.5071428571428,0.0019524509002780493,0.02225711210158815,0.0030044843535015006,0.6746031746031746,0,0
2024-01-09,46110.0,-0.0180755104150307,0.0332072157057738,0.028727352015505345,3223.3300000000017,2035.0964285714285,0.0025964211002955026,0.021312531110625726,0.006327435109029899,0.9801587301587301,1,0
2024-01-10,46653.99,0.0117286079638336,0.0321704714851473,0.02843797270913317,3395.5699999999997,2164.9007142857145,0.0028803344877306914,0.021312531110625726,0.005672121367350003,0.9523809523809523,1,0
2024-01-11,46339.16,-0.0067710622307295,0.0309405354328002,0.0277419362454353,3363.4200000000055,2294.7321428571436,0.0029538194323195503,0.020073327647939364,0.001220410578048399,0.9047619047619048,1,0
2024-01-12,42782.73,-0.0798528754667806,0.0296792668242797,0.03588354787132892,5015.529999999999,2523.627142857143,0.0029051343976309644,0.03597460402822663,-0.0003511016268526006,0.8452380952380952,1,0
2024-01-13,42847.99,0.0015242196406752,0.038010416685106,0.03588334485313149,820.8799999999974,2504.2600000000007,0.0037543371574855844,0.03597460402822663,0.0092325976796909,0.996031746031746,2,0
2024-01-14,41732.35,-0.0263821287056398,0.0360464468280701,0.03661755900179239,1359.0,2534.6771428571433,0.00389531137275187,0.034919947129031494,0.0083720251092687,0.9880952380952381,2,0
2024-01-15,42511.1,0.0184886108803485,0.0352456037876169,0.03481300080533734,1682.3799999999974,2511.7521428571426,0.0036681125963364024,0.034919947129031494,0.008593729532862002,0.9801587301587301,2,0
2024-01-16,43137.95,0.0146379018282996,0.0340216089869261,0.03470573925039465,1528.010000000002,2497.2321428571427,0.003572798868239434,0.034919947129031494,0.0008143932811522994,0.9722222222222222,2,0
2024-01-17,42776.1,-0.0084235847254312,0.032729690777893,0.032292439612066556,997.3099999999977,2229.182857142857,0.0033019319081118857,0.03068580104627028,0.0005592192927456954,0.9523809523809523,1,0
2024-01-18,41327.5,-0.0344513974581595,0.0313395239030407,0.03226108099840995,2246.720000000001,2238.533571428571,0.0032522500116570967,0.03112670499324823,0.00039898847024049874,0.9007936507936508,1,0
2024-01-19,41659.03,0.0079900138913284,0.0318749148268761,0.032422604924427306,1916.8600000000006,2239.2049999999995,0.0032079764447623064,0.033014821415273815,0.0021956480025964002,0.9206349206349206,1,0
2024-01-20,41696.04,0.0008880084302518,0.0305541985453784,0.03245053154396615,416.25999999999476,2210.5542857142855,0.0031030148865256136,0.03526172550833748,-0.007456218139727598,0.8571428571428571,1,0
2024-01-21,41580.33,-0.0027789413603009,0.0292534846454018,0.032441501321165925,380.4099999999962,2172.833571428571,0.002952750945797042,0.03527574617491862,-0.0067929621826683,0.7896825396825397,1,0
2024-01-22,39568.02,-0.0496060026684208,0.0280888189758143,0.027514071727141265,2258.0699999999997,2043.1249999999995,0.002761358163057966,0.03736877603380991,-0.007156784811802604,0.7182539682539683,1,0
2024-01-23,39897.6,0.0082949554728823,0.0312292814772553,0.027981084708451485,1621.739999999998,1928.7257142857136,0.0027657537500522084,0.03936038490911622,-0.0027923275096707993,0.8888888888888888,1,0
2024-01-24,40084.88,0.004683034141145,0.0299785750009752,0.027614660712219654,1070.8099999999977,1762.6714285714277,0.0028305086251458026,0.03936038490911622,-0.0027511157769177993,0.8253968253968254,1,0
2024-01-25,39961.09,-0.0030929751663038,0.0287688812132329,0.027673782033680167,750.239999999998,1576.0157142857129,0.002954029798196797,0.0392944898227355,-0.002570642689807799,0.75,1,0
2024-01-26,41823.51,0.045552390926284,0.0276545982174143,0.023507764568250503,2424.300000000003,1390.927857142856,0.0031170080536123725,0.027178167686246115,-0.004220316609461799,0.6706349206349206,1,0
2024-01-27,42120.63,0.0070790228069768,0.0302633659382722,0.02361155937501678,805.6600000000035,1389.8407142857136,0.0025624897391660992,0.027178167686246115,-0.00029083260710619993,0.8492063492063492,1,0
2024-01-28,42031.06,-0.0021287756389742,0.0290746463977739,0.02248656695374491,1221.8700000000026,1380.0457142857138,0.0022043281118668497,0.024968085507204398,-0.00017883824762790143,0.7698412698412699,1,0
2024-01-29,43302.7,0.0298061199427106,0.027921609992907,0.023368765674883718,1528.1200000000026,1369.0271428571427,0.0018949990760349159,0.024968085507204398,-0.00016720898290729924,0.6904761904761905,1,0
2024-01-30,42941.1,-0.0083855794598921,0.0284711859237016,0.023168544904826,1198.3700000000026,1345.4814285714285,0.0015891400410079986,0.02333222696568781,-0.002758095553553698,0.7222222222222222,1,0
2024-01-31,42580.0,-0.008444749797384,0.0274962707219615,0.023169114566957506,1468.270000000004,1379.1214285714289,0.0014570671297167075,0.023333319908792862,-0.0024823042790136987,0.6388888888888888,1,0
2024-02-01,43082.94,0.0117424356196096,0.0266236241512754,0.0211358083814839,1400.8499999999985,1318.702142857143,0.0015243251767347098,0.02091334477848377,-0.0021452570619574993,0.5912698412698413,0,0
2024-02-02,43200.0,0.0027134001651223,0.025970775789271,0.021086419217213655,941.2099999999991,1249.0128571428572,0.0015111062006699402,0.02091334477848377,-0.0016838224281433,0.5515873015873016,0,0
2024-02-03,43011.09,-0.0043825058320461,0.0251337395551367,0.021166126452488453,500.01000000000204,1254.9950000000006,0.0016760128970401275,0.019432720184230968,-0.005129626383135501,0.4722222222222222,0,0
2024-02-04,42582.88,-0.0100056948515465,0.0244086283695512,0.021384362560189916,897.0400000000009,1291.8971428571438,0.0019392030515010428,0.019769405333525544,-0.004666018028222699,0.40476190476190477,0,0
2024-02-05,42708.7,0.0029503519870903,0.023930667170111,0.015483375257063446,1311.6600000000035,1224.2964285714297,0.0022128827705338527,0.006770650017406326,-0.003990942822795999,0.3373015873015873,0,0
2024-02-06,43098.95,0.0090959883104257,0.0233138707647186,0.015496148727353765,825.9800000000032,1167.45642857143,0.0022356830393624053,0.006770650017406326,-0.0051573151589829995,0.2777777777777778,0,0
2024-02-07,44349.6,0.0286050546851992,0.0229266562400942,0.016671889653535714,1608.5,1205.8628571428587,0.002323188543807125,0.006770650017406326,-0.004569614481867299,0.23015873015873015,0,0
2024-02-08,45288.65,0.020952759670056,0.0241521360175663,0.016765858338298554,1283.2000000000044,1243.9314285714306,0.0023144700950952658,0.007286751190617855,-0.0024714881337091,0.38095238095238093,0,0
2024-02-09,47132.77,0.0399120635942171,0.0244051871712662,0.015861766731672118,2957.8799999999974,1282.0442857142875,0.0023244657425623236,0.007286751190617855,-0.0015655886180047998,0.4166666666666667,0,0
2024-02-10,47751.09,0.0130333810778715,0.0268543027638977,0.01589946674720713,1370.0,1322.3542857142872,0.002000177624262596,0.007286751190617855,0.0017205632087609994,0.6031746031746031,1,0
2024-02-11,48299.99,0.0114294597278359,0.0262367194497657,0.015581718736394534,1035.5,1309.0421428571442,0.001769221885896996,0.008077004841659494,0.0018280910802144987,0.5595238095238095,0,0
2024-02-12,49917.27,0.0329356814465882,0.0256128843713191,0.01590783552832004,2624.8099999999977,1387.3771428571438,0.0016346850309514112,0.008077004841659494,0.0016822172012080985,0.5119047619047619,0,0
2024-02-13,49699.59,-0.0043703514941828,0.026887783840066,0.015580711640106997,2067.6600000000035,1449.4692857142868,0.0014498392903944373,0.007241098986916716,0.0035739130753474,0.6111111111111112,1,0
2024-02-14,51795.17,0.0413002181031991,0.0259791500910923,0.016582601293041427,2818.699999999997,1545.928571428572,0.001322765114588935,0.00679264943432453,0.0030524938509980983,0.5476190476190477,0,0
2024-02-15,51880.0,0.0016364577734702,0.0283048050703337,0.016904968499566186,1502.6200000000026,1553.1978571428579,0.0015252947916106583,0.00679264943432453,0.004152669052767399,0.7182539682539683,1,0
2024-02-16,52124.11,0.0046942461844263,0.0272234719657109,0.016817864889859938,1006.0800000000017,1557.8314285714296,0.0016028179093338613,0.00679264943432453,0.0028182847944446983,0.6349206349206349,1,0
2024-02-17,51642.64,-0.0092799178006313,0.0262861912995307,0.01726157673943088,1537.8199999999997,1631.960714285715,0.0016185170551940027,0.008273064245518779,-0.0005681114643669993,0.5674603174603174,0,0
2024-02-18,52137.67,0.0095400322946765,0.0255703311826347,0.015996257463565183,1213.7200000000012,1654.5807142857152,0.001589665590962852,0.0072531664316069396,-0.0006663882671309983,0.5,0,0
2024-02-19,51774.73,-0.0069855277307073,0.024942548523487,0.016748878046861523,811.7699999999968,1618.874285714286,0.001532403581975327,0.00716506441575278,-0.0006703358478321007,0.44047619047619047,0,0
2024-02-20,52258.82,0.0093064880309015,0.0242986173874372,0.01674447263159454,2224.6299999999974,1718.777857142857,0.0014380458727095127,0.00716506441575278,-0.002589166452628803,0.39285714285714285,0,0
2024-02-21,51849.39,-0.0078655105264608,0.0238051436187638,0.017091496836414997,1741.800000000003,1728.2992857142858,0.0013226595916699798,0.007346439615343031,-0.0021740064723284984,0.3253968253968254,0,0
2024-02-22,51288.42,-0.010878174198952,0.0233159144652087,0.01779143922364256,1125.0,1716.9992857142856,0.0014161514845946498,0.008175761420079121,-0.004988890605124998,0.28174603174603174,0,0
2024-02-23,50744.15,-0.0106686553597654,0.0230056117341957,0.01605762769213095,1027.5400000000009,1579.1178571428572,0.0015566036259336213,0.008641330734477202,-0.0042178602315152,0.23809523809523808,0,0
2024-02-24,51568.22,0.0161092509338551,0.0227231476531546,0.016192445454799937,1113.0,1560.7607142857144,0.0016856407932801856,0.008641330734477202,-0.0035630436463761003,0.2222222222222222,0,0
2024-02-25,51728.85,0.003110061678889,0.0227956553514124,0.01611027833412397,678.75,1535.2785714285715,0.0017863315893589713,0.008641330734477202,-0.0027746758312223,0.23015873015873015,0,0
2024-02-26,54476.47,0.0517532123675614,0.0223076691495663,0.01913114123935312,4008.5599999999977,1634.1178571428572,0.0019201396402026261,0.008641330734477202,-0.0026348793739206997,0.19444444444444445,0,0
2024-02-27,57037.34,0.0459372757555129,0.0272805376271485,0.02155534083133157,3138.020000000004,1710.572142857143,0.001955260627665705,0.009262133760565283,0.002981920239711302,0.6626984126984127,1,0
2024-02-28,62432.1,0.0903734251045644,0.0300258780270297,0.029566683522569984,7308.1500000000015,2031.2471428571432,0.002387144657576094,0.009262133760565283,0.006220734408265899,0.8373015873015873,1,0
2024-02-29,61130.98,-0.0210607908615081,0.0405096661142655,0.030852217925610062,3311.6500000000015,2160.463571428572,0.00472131478078847,0.01205883162323503,0.017193751649056798,1.0,2,0
2024-03-01,62387.9,0.0203525709953407,0.0389035616522981,0.03086173437405971,2337.230000000003,2255.545714285715,0.005849984692672438,0.01205883162323503,0.0158979499181024,0.996031746031746,2,0
2024-03-02,61987.28,-0.0064421436096342,0.0374157431232719,0.030714251402767272,872.0699999999997,2207.9921428571433,0.006490025010191096,0.011746466565212112,0.014692595470117302,0.9801587301587301,2,0
2024-03-03,63113.97,0.0180129369484127,0.0355575845081107,0.03072342445208232,1911.8799999999974,2257.8607142857145,0.006787607740657887,0.011746466565212112,0.012761929156698302,0.9682539682539683,2,0
2024-03-04,68245.71,0.0781724352918935,0.0342768261872995,0.03451973499600433,6199.0,2642.662857142858,0.006884995222419472,0.012482622023672715,0.0119691570377332,0.9563492063492064,2,0
2024-03-05,63724.01,-0.0685531603092357,0.0409071791084484,0.04182668498827264,9995.0,3197.689285714286,0.007419776811343517,0.030217586080827072,0.013626641481299898,1.0,2,0
2024-03-06,66074.04,0.0362145168030423,0.044331313129429,0.0416993912474781,4861.960000000006,3420.557857142858,0.00805895156440483,0.0329142789544942,0.0143054351023993,1.0,2,0
2024-03-07,66823.17,0.0112739452488632,0.0433719228459778,0.04096098149400098,2429.0,3513.700714285715,0.008240554590625636,0.03639510311006329,0.0028622567317123024,0.996031746031746,2,0
2024-03-08,68124.19,0.019282486315177,0.0411123984449047,0.04007037576241721,3907.3399999999965,3719.400714285715,0.007950033388372484,0.04157160054004457,0.002208836792606597,0.9920634920634921,2,0
2024-03-09,68313.27,0.0027716745979518,0.0393575407562523,0.04035412706349071,680.0,3688.4721428571434,0.007286951009688343,0.04157160054004457,0.0019417976329803993,0.9801587301587301,2,0
2024-03-10,68955.88,0.0093628421886471,0.0372864675787068,0.04018604652059326,1792.8600000000006,3768.0514285714294,0.006292241548236148,0.04157160054004457,0.001728883070596099,0.9563492063492064,2,0
2024-03-11,72078.1,0.0442833735611536,0.0355043819380943,0.03978724170811971,5775.039999999994,3894.2285714285717,0.004793662053419542,0.04157160054004457,0.0012275557507947996,0.9404761904761905,2,0
2024-03-12,71452.01,-0.0087242178114941,0.0365314849928677,0.03972801084498991,4379.179999999993,3982.8828571428567,0.003802892228221605,0.03626536188570815,-0.004375694115580697,0.9523809523809523,2,0
2024-03-13,73072.41,0.0224248317904915,0.0348004545646714,0.03363948082342717,2316.9400000000023,3626.367857142857,0.0031734358951650853,0.03626536188570815,-0.009530858564757598,0.9285714285714286,2,0
2024-03-14,71388.94,-0.0233079119450092,0.03385937638997,0.03381038846486175,5222.0,3762.821428571428,0.0033521506169872594,0.036607402729262335,-0.009512546456007805,0.9126984126984127,1,0
2024-03-15,69499.85,-0.0268183610911698,0.0330822249348154,0.03513955547473636,6819.710000000006,4082.9985714285713,0.003595283695950936,0.034870136879415835,-0.008030173510089299,0.9047619047619048,1,0
2024-03-16,65300.63,-0.0623229102797111,0.0326623361682689,0.03974305225140197,5263.0,4396.636428571428,0.0038375381803599814,0.04454722474271938,-0.006695204587983401,0.8888888888888888,1,0
2024-03-17,68393.48,0.0462758144323558,0.0368506401975033,0.041215489840110434,4371.399999999994,4572.316428571428,0.003806997826061522,0.04454722474271938,-0.00043582738120349906,0.9523809523809523,2,0
2024-03-18,67609.99,-0.0115217452522191,0.0379078052492636,0.035690834978707356,2390.800000000003,4300.302142857143,0.0036982368457116437,0.0409369978850607,0.0024034233111693004,0.9642857142857143,2,0
2024-03-19,61937.4,-0.0876315556373352,0.0361327307848452,0.03871802562205276,6569.110000000001,4055.595714285714,0.0035968211828444497,0.04660969235771388,-0.00039875420802250316,0.9404761904761905,2,0
2024-03-20,67840.51,0.0910353115859425,0.0440780932807472,0.04512554275386978,7325.0,4231.527142857142,0.003559414170316416,0.04660969235771388,0.0092776387160758,0.996031746031746,2,0
2024-03-21,65501.27,-0.0350899773778561,0.0505588704396561,0.04607477219593671,3711.459999999999,4323.131428571428,0.00480060615674665,0.045144351082251136,0.016699494049686105,1.0,2,0
2024-03-22,63796.64,-0.0263690073790989,0.0488436122467287,0.04611177431431491,4389.619999999995,4357.579999999999,0.005586632465092938,0.04324553675326191,0.015761387311913302,0.996031746031746,2,0
2024-03-23,63990.01,0.003026453038661,0.0467381142489865,0.046114994969528526,2999.0,4523.222857142856,0.006016670202617837,0.04324553675326191,0.014075778080717603,0.9920634920634921,2,0
2024-03-24,67209.99,0.0490949197687058,0.0440634124904859,0.04821959008898325,3856.4000000000015,4670.61857142857,0.006146618540116477,0.04324553675326191,0.007212772292982596,0.9801587301587301,2,0
2024-03-25,69880.01,0.0389577311738253,0.0443844251667892,0.04784737448328078,4764.940000000002,4598.4685714285715,0.006171715392240672,0.04324553675326191,0.0064766199175256,0.9880952380952381,2,0
2024-03-26,69988.0,0.0015441704140659,0.0436547859634457,0.04781856612091691,2281.100000000006,4448.605714285715,0.0061542425850830045,0.04611367881380508,0.007522055178600502,0.9722222222222222,2,0
2024-03-27,69469.99,-0.0074289380246206,0.0412209254871006,0.04733380850050316,3410.3600000000006,4526.7071428571435,0.005928391711537604,0.04321528771218161,-0.0028571677936466006,0.9642857142857143,2,0
2024-03-28,70780.6,0.0186900910945322,0.0390543786085263,0.04732031349243757,2648.4400000000023,4342.88142857143,0.005600393294852896,0.04535137417533198,-0.011504491831129803,0.9444444444444444,2,0
2024-03-29,69850.54,-0.0132271353273711,0.0374656361996836,0.04687865791169478,1907.1600000000035,3991.9850000000006,0.0052101149577523835,0.04448589277912236,-0.011377976047045102,0.9206349206349206,2,0
2024-03-30,69582.18,-0.0038493164497221,0.0357892251806996,0.04333528789623515,781.1000000000058,3671.849285714287,0.004847923206202907,0.03776550710046362,-0.0109488890682869,0.8888888888888888,2,0
2024-03-31,71280.01,0.02410742337916,0.0340353992948079,0.04207963881929312,1803.0099999999948,3488.3928571428582,0.00512443499380083,0.03776550710046362,-0.010028013195677997,0.8611111111111112,2,0
2024-04-01,69649.8,-0.023136094733017,0.033295249238225,0.042499347959665965,3225.3699999999953,3548.0050000000006,0.0055205992125720435,0.03851931417525551,-0.011089175928564197,0.8492063492063492,1,0
2024-04-02,65463.99,-0.0619796082519776,0.0325696176607951,0.038716707208386235,5124.229999999996,3444.799285714286,0.005853209167638292,0.03058558308226166,-0.011085168302650598,0.8174603174603174,1,0
2024-04-03,65963.28,0.0075980030930278,0.0367215916097218,0.029638691838207297,2410.560000000005,3093.767857142858,0.005897758690564476,0.03058558308226166,-0.004499333877378803,0.9047619047619048,2,0
2024-04-04,68487.79,0.0375572576425184,0.0349473955733411,0.02975976872739103,4245.390000000007,3131.9057142857155,0.005317171301563768,0.02976866007228369,-0.004106983035185197,0.8690476190476191,2,0
2024-04-05,67820.62,-0.0097892027031338,0.0352946305196693,0.028807898268255024,2804.1100000000006,3018.6550000000016,0.004677203781570353,0.02804027661061594,-0.0021710056800142985,0.873015873015873,2,0
2024-04-06,68896.0,0.015731842680184,0.0337042853273611,0.028962066367073876,2244.1699999999983,2964.738571428573,0.004186298560424872,0.02804027661061594,-0.002084939853338505,0.8373015873015873,1,0
2024-04-07,69360.39,0.006717834111896,0.0324946075896075,0.026103593150709484,1502.2899999999936,2796.587857142858,0.003944097996699916,0.02804027661061594,-0.0015407917052003978,0.7976190476190477,1,0
2024-04-08,71620.0,0.0320584092764377,0.0310852860443599,0.025413270780968722,3754.75,2724.431428571429,0.0035480120601848377,0.02804027661061594,-0.0022099631938651,0.75,1,0
2024-04-09,69146.0,-0.0351541533965402,0.0314069963443955,0.027262286588257016,3548.1900000000023,2814.9378571428574,0.002919005810107188,0.02916298332629081,-0.0011626213163996035,0.7698412698412699,1,0
2024-04-10,70631.08,0.0212500630830323,0.0320086265268495,0.027803202686896285,3654.0800000000017,2832.346428571429,0.0023818280384597253,0.03135327748751039,-0.004712965082872299,0.7896825396825397,1,0
2024-04-11,70006.23,-0.0088860361676843,0.0312980553227623,0.02744204772784739,1738.679999999993,2767.363571428571,0.0020661804734693635,0.029221151082310104,-0.0036493402505788017,0.75,1,0
2024-04-12,67116.52,-0.042154024711694,0.0300575427920752,0.02946527821317161,6140.600000000006,3069.7521428571426,0.001980692811524759,0.032904915795259594,-0.005237087727594101,0.6865079365079365,1,0
2024-04-13,63924.51,-0.0487273574622229,0.0317251287282511,0.03192097271904774,7268.43,3533.1328571428567,0.0018654579755497005,0.037680371003202755,-0.0019791565991100005,0.7777777777777778,1,0
2024-04-14,65661.84,0.0268150789151864,0.0339900107484213,0.03212534454912709,3706.0,3669.0607142857143,0.0018633771585941572,0.037680371003202755,0.0014954031588137948,0.8412698412698413,1,0
2024-04-15,63419.99,-0.0347388233991399,0.0334607582195771,0.03274881305419836,4592.6700000000055,3766.725000000001,0.0018666004041698633,0.03893250475270267,0.0023754721752171984,0.8293650793650794,1,0
2024-04-16,63793.39,0.0058704685364769,0.0337226270756532,0.028709004440600015,2765.0,3598.208571428572,0.0018757575744630186,0.03358746702061624,0.0023156307312576993,0.8333333333333334,1,0
2024-04-17,61277.37,-0.0402389732109274,0.0321832883026634,0.03030107961368789,4820.8399999999965,3770.371428571429,0.0015450223184457978,0.03461602149755769,0.0001746617758138988,0.7817460317460317,1,0
2024-04-18,63470.08,0.0351580069988131,0.0332495890502163,0.030045978586918178,3313.739999999998,3703.825,0.0014135480086701015,0.03461602149755769,0.0019515337274539982,0.8174603174603174,1,0
2024-04-19,63818.01,0.0054668251605374,0.033584427188469,0.030152369369574515,5849.989999999998,3921.387857142857,0.0012184203617759913,0.03717538190943166,0.0035268843963937972,0.8253968253968254,1,0
2024-04-20,64940.59,0.0174374130268208,0.0320505904016832,0.030243036386068373,2328.9300000000003,3927.4421428571427,0.0011639593222647728,0.03717538190943166,0.00032546167343210086,0.7658730158730159,1,0
2024-04-21,64941.15,8.623229101445418e-06,0.031100084797275,0.030109189305099423,1458.0599999999977,3924.282857142857,0.0012057187301263857,0.03717538190943166,-0.0028899259511462987,0.7063492063492064,1,0
2024-04-22,66819.32,0.0285107851109476,0.0297469362579555,0.02978923630383405,2732.350000000006,3851.254285714286,0.0013464872113749156,0.03717538190943166,-0.003713821961621601,0.6309523809523809,1,0
2024-04-23,66414.0,-0.0060843826514513,0.0299063640618241,0.02850797172469282,1417.199999999997,3699.0407142857143,0.001461818765743702,0.0343832792015111,-0.003816263013829098,0.6309523809523809,1,0
2024-04-24,64289.59,-0.032510156850904,0.0287297738910174,0.028628204105909823,3464.3699999999953,3685.4899999999993,0.0017039688548944171,0.03412198627270939,-0.003453514411646,0.5555555555555556,1,0
2024-04-25,64498.34,0.0032417662557922,0.029446482808424,0.028740870277875977,2503.9400000000023,3740.151428571429,0.0018119986415352472,0.036676986407444885,-0.0038031062417922985,0.6031746031746031,1,0
2024-04-26,63770.01,-0.0113564698957144,0.0282681016736809,0.026866157957425547,1522.5299999999988,3410.2892857142856,0.0019868525391243813,0.032719045423854544,-0.005316325514788098,0.5277777777777778,1,0
2024-04-27,63461.98,-0.0048420307160181,0.0274206021524366,0.02355918665208497,1532.1700000000055,3000.5564285714286,0.002264896600147313,0.026052208789573403,-0.004629988249246597,0.46825396825396826,1,0
2024-04-28,63118.62,-0.0054251732439514,0.0264659677494399,0.02221944920454123,1589.0,2849.342142857143,0.0024390127215848773,0.024206663786238817,-0.0046341170478351006,0.4087301587301587,0,0
2024-04-29,63866.0,0.0117713252200619,0.025620779918573,0.02048992175184603,2462.8199999999997,2697.2099999999996,0.002639935328836186,0.02196570110597964,-0.0041261563393825,0.36904761904761907,0,0
2024-04-30,60672.0,-0.0513048317682525,0.0250819613437618,0.02461916509700228,5542.4000000000015,2895.595714285714,0.0027378084407857317,0.02809966424108532,-0.004824402718062299,0.32142857142857145,0,0
2024-05-01,58364.97,-0.0387664255347441,0.0292175052491415,0.024453098049936627,4288.809999999998,2857.593571428571,0.0026258005538343705,0.02780236037488089,0.0004877313581241015,0.6031746031746031,1,0
2024-05-02,59060.61,0.0118483236441395,0.0305941808374904,0.022320632129956303,2713.1600000000035,2814.695,0.0024033126507188624,0.02780236037488089,0.0011476980290663977,0.6904761904761905,1,0
2024-05-03,62882.01,0.0626959085169645,0.0295259942417297,0.028732675431197143,4521.68,2719.815714285715,0.0020359341403677427,0.02780236037488089,0.001257892568048799,0.6071428571428571,1,0
2024-05-04,63892.04,0.015934670725068,0.034546160807232,0.028660993880296175,1998.9700000000012,2696.2471428571434,0.0024163121383253714,0.02780236037488089,0.0071255586547954025,0.8571428571428571,2,0
2024-05-05,64012.0,0.0018757817997592,0.0332622389752246,0.028671206190742992,1823.8300000000017,2722.373571428572,0.002622761209641448,0.02780236037488089,0.006796271225784703,0.8095238095238095,1,0
2024-05-06,63165.19,-0.0133172075113314,0.0317164721375785,0.027512090450320607,2800.0,2727.2057142857147,0.002709724257592353,0.02642949751887815,0.006095692219005501,0.7380952380952381,1,0
2024-05-07,62312.08,-0.0135980507937318,0.0305960802059849,0.027628560407476205,2161.4100000000035,2780.3635714285724,0.0027283581580249978,0.02677693500464233,0.0055141188622231,0.6785714285714286,1,0
2024-05-08,61193.03,-0.0181220133351196,0.029602665051178,0.026762683167838024,2132.220000000001,2685.2100000000014,0.0027237809060755634,0.025018820552712387,0.0003851598020364992,0.5952380952380952,1,0
2024-05-09,63074.01,0.0302755046599081,0.028960893811553,0.02822393255535869,2799.029999999999,2706.2878571428582,0.002726004317003871,0.025018820552712387,-0.0016332870259373987,0.5555555555555556,1,0
2024-05-10,60799.99,-0.0367191743050447,0.0294056511029976,0.029675353670669057,3282.0099999999948,2831.9650000000006,0.0027082178583877764,0.027899057797582023,-0.00012034313873209718,0.5833333333333334,1,0
2024-05-11,60825.99,0.0004275402409259,0.0304989442260931,0.029689163346708403,1027.9100000000035,2795.946428571429,0.002657024285217601,0.029769145451739396,-0.004047216581138904,0.6626984126984127,1,0
2024-05-12,61483.99,0.0107596509793825,0.0292023977106979,0.029903073303278516,1278.0,2773.7321428571436,0.0025008660239806725,0.03207798217303375,-0.004059841264526701,0.5714285714285714,1,0
2024-05-13,62940.08,0.0234063469685157,0.0282338137871194,0.030467833960579074,2700.790000000001,2790.7300000000005,0.002245846727098487,0.03207798217303375,-0.003482658350459099,0.49603174603174605,1,0
2024-05-14,61577.49,-0.0218867810086127,0.0281409248335439,0.027615714202529035,1975.5900000000038,2535.957857142858,0.0018392304726712178,0.025887020756584785,-0.002455155372441002,0.49206349206349204,1,0
2024-05-15,66206.5,0.0724822637554467,0.0279377449738465,0.031065127591942212,5124.690000000002,2595.6635714285726,0.0019243421228728355,0.02244099513466481,-0.0016649200773314991,0.4801587301587302,1,0
2024-05-16,65235.21,-0.0147792915907167,0.0352984075434277,0.03168654592026677,2149.239999999998,2555.383571428572,0.0023661859895987548,0.021355790678774057,0.006337513731874703,0.873015873015873,2,0
2024-05-17,67024.0,0.0270514103613148,0.0338882801252047,0.02810565786637391,2344.8199999999997,2399.893571428572,0.0025115425631615797,0.021355790678774057,0.004482629022207099,0.8293650793650794,1,0
2024-05-18,66915.2,-0.0016246180943362,0.0333901224469748,0.027950207315104676,800.0099999999948,2314.253571428572,0.0023954528730221244,0.01978115321297422,0.0028911782208816995,0.8055555555555556,1,0
2024-05-19,66274.01,-0.0096283318061605,0.0318314356891718,0.02816366299975651,1842.75,2315.605,0.002307742448902844,0.018814100199104806,0.0026290379784739,0.7301587301587301,1,0
2024-05-20,71446.62,0.07515278314448,0.0305619067555313,0.03372298670635317,5455.25,2505.2657142857142,0.0022861391148669215,0.019473113018855303,0.0023280929684118996,0.6507936507936508,1,0
2024-05-21,70148.34,-0.0183384547582274,0.0376613932357217,0.03398793213062649,2816.0599999999977,2552.0264285714284,0.0029755403833766057,0.02002072801604244,0.009520468402177802,0.9246031746031746,2,0
2024-05-22,69166.62,-0.0140937663868143,0.0361896007004848,0.033761874376839474,1823.8099999999977,2529.997142857142,0.0032392057386909727,0.019552251370893583,0.008251855726638297,0.8928571428571429,2,0
2024-05-23,67969.65,-0.01745709428892,0.0346656130458547,0.033830861975708344,3783.959999999992,2600.3492857142846,0.003252066306937899,0.01930279732547369,-0.0006327944975730027,0.8452380952380952,2,0
2024-05-24,68549.99,0.0085019781146904,0.0334456060009739,0.03159096555808177,2649.8800000000047,2555.1971428571424,0.003190270513506475,0.015271290127286275,-0.00044267412423080327,0.7936507936507936,1,0
2024-05-25,69290.57,0.0107455617713441,0.0319904707795187,0.03150664980487485,1110.0,2561.060714285714,0.0031534107995393945,0.015271290127286275,-0.001399651667456099,0.7222222222222222,1,0
2024-05-26,68507.67,-0.0113631120978983,0.0307424785044664,0.03197939447949836,1434.2200000000012,2572.219285714285,0.0030619376794621535,0.014839164530102684,-0.0010889571847054018,0.6468253968253969,1,0
2024-05-27,69436.43,0.0134659479373286,0.0296403905508571,0.031713724802572306,2437.5599999999977,2553.417142857142,0.002934176784783442,0.014839164530102684,-0.0009215162046742019,0.5595238095238095,1,0
2024-05-28,68398.39,-0.015062371400381,0.0287407327184755,0.031284841709885526,2313.899999999994,2577.582142857141,0.0028688517500264983,0.013736130645562578,-0.008920660517246201,0.4880952380952381,1,0
2024-05-29,67652.42,-0.0109661600050792,0.0280179759739249,0.0253364582310923,1811.0299999999988,2340.892142857141,0.0028589490148358434,0.013456543002291594,-0.008171624726559898,0.43253968253968256,1,0
2024-05-30,68352.17,0.0102901846853438,0.0271810722800627,0.024977474967424775,2372.0,2356.8035714285697,0.003079015528541411,0.013281940211379493,-0.007484540765792001,0.373015873015873,1,0
2024-05-31,67540.01,-0.011953148002231,0.0264066467719503,0.024294454933213125,2374.100000000006,2358.894999999999,0.0033616572094092062,0.013140933644289237,-0.007038959229023596,0.32142857142857145,0,0
2024-06-01,67766.85,0.0033529743062477,0.0257875553113595,0.024296639120133454,471.5599999999977,2335.4342857142847,0.003629579330299134,0.01392622458457456,-0.006202915468159199,0.2976190476190476,0,0
2024-06-02,67765.63,-1.8003064653271394e-05,0.0249773039409775,0.024111252013600426,1202.5299999999988,2289.7042857142847,0.0039455184358680425,0.013503765216509457,-0.005765174563488899,0.2222222222222222,0,0
2024-06-03,68809.9,0.0152924956767801,0.0242295199568364,0.012642686690196685,2675.520000000004,2091.1521428571423,0.004278089568604705,0.013503765216509457,-0.005410870594020699,0.16666666666666666,0,0
2024-06-04,70537.84,0.0248016734785849,0.0240506956206722,0.013743587928813373,2496.12999999999,2068.299999999999,0.003929791821815161,0.012663301743121073,-0.004690037097803298,0.15476190476190477,0,0
2024-06-05,71108.0,0.0080505446456609,0.0246759842829648,0.013211750636967704,1374.3399999999965,2036.1949999999986,0.0034907390911309228,0.012408869316576455,-0.0033419916909601007,0.19444444444444445,0,0
2024-06-06,70799.06,-0.0043541242850615,0.0240944969772382,0.012150605597303047,1582.3600000000006,1878.9378571428565,0.003102144288434274,0.010312520574304769,-0.0030865753028244992,0.15079365079365079,0,0
2024-06-07,69355.6,-0.0205988304548725,0.023481520615037,0.01353165425386719,3577.020000000004,1945.162142857142,0.0027366263106186933,0.012319556460483804,-0.002925126156913302,0.10317460317460317,0,0
2024-06-08,69310.46,-0.0006510605636957,0.0238000412234471,0.013228974864219454,414.179999999993,1895.460714285713,0.002373594396916618,0.011526188547927158,-0.0019875140879124023,0.11507936507936507,0,0
2024-06-09,69648.14,0.0048601621590833,0.0231798242283939,0.012860527419068827,726.8999999999942,1844.9378571428554,0.002086432307159529,0.011549297214175507,-0.001797479712583601,0.07936507936507936,0,0
2024-06-10,69540.0,-0.0015538683361775,0.0226790771034944,0.012373998500691792,1023.6500000000087,1743.9442857142847,0.0018646865039506023,0.01081733776048727,-0.0015504428533420003,0.04365079365079365,0,0
2024-06-11,67314.24,-0.0325303224150292,0.0221880890095988,0.014685883192981405,3539.0099999999948,1831.452142857142,0.001693148151713148,0.014863820227394627,-0.001862606611073403,0.03571428571428571,0,0
2024-06-12,68263.99,0.01401059057949,0.0240481879580539,0.01491583216086403,3094.0,1923.0928571428562,0.0013857076752680827,0.015339996967598168,-0.0006277963249109002,0.14285714285714285,0,0
2024-06-13,66773.01,-0.022083437764671,0.0238139261274424,0.015789032194354395,2197.520000000004,1910.6299999999994,0.0011220609774459608,0.01633587605650346,-0.0002805708497958005,0.12301587301587301,0,0
2024-06-14,66043.99,-0.0109779218241392,0.0242154201816222,0.01574225461620487,2292.2400000000052,1904.7828571428565,0.0009081273799672122,0.016250091510054708,0.000733899566585202,0.15873015873015872,0,0
2024-06-15,66228.25,0.0027860739213121,0.0238025061543057,0.015729258260134715,621.3799999999901,1915.4842857142846,0.0007370682694037135,0.016250091510054708,2.4649308586026375e-06,0.1111111111111111,0,0
2024-06-16,66676.87,0.0067510070922924,0.0231977713850254,0.015886219195722476,964.1999999999971,1898.460714285713,0.0006692272965229832,0.017372077220030344,1.7947156631500233e-05,0.07936507936507936,0,0
2024-06-17,66504.33,-0.0025910578449526,0.0227430917860797,0.01516439203404789,2168.8099999999977,1862.2671428571412,0.0006920920322656629,0.01627589110205172,6.401468258530191e-05,0.047619047619047616,0,0
2024-06-18,65175.32,-0.0201861886584318,0.0222544675473836,0.013638825484303924,2528.229999999996,1864.5599999999988,0.0007592294649796905,0.01675549416321097,6.637853778480168e-05,0.031746031746031744,0,0
2024-06-19,64974.37,-0.0030879852219758,0.0227175997650292,0.013092204359668716,1061.5399999999936,1842.2171428571414,0.0006915906417493628,0.015925623738528148,-0.0013305881930246975,0.03968253968253968,0,0
2024-06-20,64869.99,-0.0016077713731199,0.0222381900917682,0.013146379524212704,1923.7900000000009,1866.6049999999984,0.0007055929421379976,0.015874134449191783,-0.001575736035674201,0.023809523809523808,0,0
2024-06-21,64143.56,-0.0112614167598419,0.0217979673368055,0.012587234028461031,1687.310000000005,1731.6257142857128,0.0007869265390004658,0.014907679686793782,-0.0024174528448166997,0.015873015873015872,0,0
2024-06-22,64262.01,0.0018449360662184,0.0216957383922933,0.01267975781731394,602.989999999998,1745.1121428571419,0.0008319716026903063,0.015712575489371702,-0.0021067677620124,0.011904761904761904,0,0
2024-06-23,63210.01,-0.0165059576898549,0.0213204536946552,0.012635334365171624,1342.6800000000003,1789.0964285714279,0.0009265544173247107,0.015793707278033614,-0.0018773176903701984,0.007936507936507936,0,0
2024-06-24,60293.3,-0.0472416882382802,0.0216181465059281,0.016461322899865433,4967.800000000003,2070.8214285714275,0.0009761939072496611,0.02173424601093584,-0.001124945280151602,0.007936507936507936,0,0
2024-06-25,61806.01,0.0247796224774567,0.0259517572470563,0.017567523382417124,2162.9400000000023,1972.5307142857139,0.0012940186352579054,0.02018126914909261,0.003697289699672701,0.2976190476190476,0,0
2024-06-26,60864.99,-0.0153424763626777,0.0262915471258499,0.016713876490759054,1775.8099999999977,1878.374285714285,0.0015524623766799662,0.019750808087651447,0.003573947360820697,0.31746031746031744,0,0
2024-06-27,61706.47,0.0137306550868014,0.0258640139294448,0.01715942477794767,1782.5900000000038,1848.736428571428,0.001711633488410547,0.01947438767443103,0.003625823837676602,0.2896825396825397,0,0
2024-06-28,60427.84,-0.0209388617515138,0.0253956922854924,0.017598823534372747,2162.3099999999977,1839.4557142857132,0.0017893538094068471,0.020361148028969225,0.0035977249486869,0.23809523809523808,0,0
2024-06-29,60986.68,0.0092055537746169,0.0254754500506138,0.01793552346929044,840.2300000000032,1855.0878571428568,0.001875730425931605,0.020361148028969225,0.0037797116583205004,0.24603174603174602,0,0
2024-06-30,62772.01,0.0288537938097448,0.024845635507449,0.019989022983436307,2346.550000000003,1953.827142857143,0.0019088318539829706,0.020361148028969225,0.0035251818127937998,0.1984126984126984,0,0
2024-07-01,62899.99,0.002036731240711,0.0257733141792121,0.02005779314115153,1364.560000000005,1896.380714285715,0.0019764535482873075,0.021576820782851926,0.004155167673283999,0.28174603174603174,0,0
2024-07-02,62135.47,-0.0122290033197405,0.0249504018565161,0.019672276330201077,1482.550000000003,1821.6892857142868,0.0019450727408763314,0.020816279297712254,-0.0010013553905401998,0.20634920634920634,0,0
2024-07-03,60208.58,-0.0315021343281216,0.0245110787597661,0.02105355535978451,2885.9400000000023,1952.0035714285732,0.001913239721878948,0.023583332792723514,-0.001780468366083799,0.18253968253968253,0,0
2024-07-04,57050.01,-0.0538866154831012,0.0258041559470777,0.024650343581383898,3727.1900000000023,2080.817857142859,0.0018800172077679364,0.030312066665632856,-5.9857982367100826e-05,0.2976190476190476,0,0
2024-07-05,56628.79,-0.0074107384621981,0.0302088660929257,0.024646761119875304,4060.0699999999997,2250.300714285716,0.0022910084507142704,0.030163451852884847,0.004813173807433298,0.6150793650793651,1,0
2024-07-06,58230.13,0.0278854052420172,0.0290336867282284,0.026437613185571827,2457.0,2382.730000000002,0.0023212672965849455,0.030163451852884847,0.003558236677614599,0.5277777777777778,1,0
2024-07-07,55857.81,-0.0415935637799851,0.0292320840402145,0.02793630631158747,2725.0899999999965,2481.473571428573,0.0021836201328545623,0.03304589333432905,0.0043864485327654995,0.5476190476190477,1,0
2024-07-08,56714.62,0.0152226712283134,0.0309735519666881,0.026268370182555727,3976.5699999999997,2410.6714285714297,0.0021482192602248827,0.030482949385114026,0.005200237787476001,0.6746031746031746,1,0
2024-07-09,58050.0,0.0232726823228457,0.0300189536661963,0.026142520327743193,2006.550000000003,2399.5007142857153,0.0023033414552348585,0.030482949385114026,0.005068551809680199,0.6031746031746031,1,0
2024-07-10,57725.85,-0.0055996280225798,0.0296898563306927,0.02596010876054753,2312.209999999999,2437.8150000000014,0.0023970297973728823,0.030001037304828317,0.0051787775709266,0.5793650793650794,1,0
2024-07-11,57339.89,-0.006708538049521,0.0285244516889907,0.025469545840814515,2600.0,2496.2014285714295,0.002382424401656458,0.028163451844371308,0.002720295741913001,0.47619047619047616,1,0
2024-07-12,57889.1,0.0095325691717125,0.0274983284114444,0.025326580516694185,1984.2099999999991,2483.480000000001,0.0023073870854947135,0.029049229709169733,-0.002710537681481301,0.4007936507936508,1,0
2024-07-13,59204.02,0.0224603337463857,0.0266620035363151,0.02605779267999308,2093.3700000000026,2572.990000000001,0.002243868865260433,0.029049229709169733,-0.0023716831919133007,0.35714285714285715,0,0
2024-07-14,60797.91,0.0265659683913899,0.0266973835893885,0.025854996315224504,2226.6800000000003,2564.427857142858,0.002113813758934548,0.029049229709169733,-0.002534700450825999,0.35714285714285715,0,0
2024-07-15,64724.14,0.0625788251846497,0.0271003083832678,0.031153177845397517,4267.699999999997,2771.7950000000005,0.002043213258713204,0.029049229709169733,-0.0038732435834203,0.376984126984127,1,0
2024-07-16,65043.99,0.0049295716554436,0.0327541952843954,0.030884913625416843,3015.730000000003,2881.3078571428573,0.0022264901608247335,0.030977022948949707,0.0027352416181991024,0.7777777777777778,1,0
2024-07-17,64087.99,-0.014806827344028,0.0312875806973141,0.029740224727952454,2274.6300000000047,2837.642857142858,0.002024944532005528,0.028822194496161514,0.0015977243666213982,0.6904761904761905,1,0
2024-07-18,63987.92,-0.0015626673332036,0.0302795801326698,0.024705379221904505,1894.8199999999997,2706.759285714286,0.001831927134196664,0.018632355256461987,0.0017551284436790986,0.626984126984127,1,0
2024-07-19,66660.0,0.0409107573354443,0.0290075962779845,0.025711976125381043,4085.3300000000017,2708.563571428572,0.0018132585390577395,0.020139855659179574,0.0015092678665401017,0.503968253968254,1,0
2024-07-20,67139.96,0.0071743229020846,0.0306987369442225,0.025298436553925413,1375.5399999999936,2631.316428571429,0.0018558209514357605,0.020139855659179574,0.0040367334079073995,0.6547619047619048,1,0
2024-07-21,68165.34,0.0151568287409897,0.0294701753751901,0.020447923949871702,2589.6600000000035,2621.642857142858,0.001856083273185812,0.008631980971121994,0.0027727917858015975,0.5357142857142857,1,0
2024-07-22,67532.01,-0.0093345168297833,0.0286726513819064,0.0213873213152262,1914.5800000000017,2474.357857142858,0.0018006903333670093,0.00877698793879491,0.0015723429986385998,0.45634920634920634,1,0
2024-07-23,65936.01,-0.0239169814342172,0.0277074817543077,0.023195839884363887,2309.899999999994,2496.0257142857145,0.0018225701619331593,0.012630647827892326,-0.005046713530087704,0.38492063492063494,1,0
2024-07-24,65376.0,-0.0085295076234555,0.0277268618577888,0.023351346194147492,1991.0099999999948,2473.082857142857,0.001841127574389077,0.012900880161322141,-0.0035607188395252974,0.38492063492063494,1,0
2024-07-25,65799.95,0.0064638598173516,0.0268329207140092,0.022936209872367167,2718.790000000008,2481.5678571428575,0.0019189395903595672,0.013810081613509025,-0.0034466594186606005,0.3253968253968254,1,0
2024-07-26,67907.99,0.031534622237757,0.0259734080886772,0.023656715928551838,2477.3699999999953,2516.7935714285713,0.0020347795675151326,0.013810081613509025,-0.003034188189307299,0.2698412698412698,0,0
2024-07-27,67896.5,-0.0001692138459841,0.0270202106168355,0.023616063004479326,2749.9900000000052,2563.695,0.002010183789941388,0.012607011304459206,-0.003678526327387001,0.3492063492063492,1,0
2024-07-28,68249.88,0.0051911889774292,0.0260616500874338,0.02313376293479182,1251.7699999999895,2494.0585714285708,0.002064360681343194,0.012607011304459206,-0.0034085252877563005,0.2777777777777778,0,0
2024-07-29,66784.69,-0.0217018131643449,0.0252538318725476,0.01839060669239748,3651.9900000000052,2450.0792857142856,0.002221500564323938,0.014265788740923943,-0.0034188195093587982,0.19444444444444445,0,0
2024-07-30,66188.0,-0.0089746850278231,0.0254166321510778,0.01860825522348685,1697.3300000000017,2355.907857142857,0.0019894683119494063,0.013716477637103753,-0.0022908496032298976,0.21031746031746032,0,0
2024-07-31,64628.0,-0.0238514242150138,0.0247849025267716,0.01935062352260217,2319.2400000000052,2359.094285714286,0.0019097603164714017,0.015226549064225084,-0.0029419593310172007,0.15873015873015872,0,0
2024-08-01,65354.02,0.0111711996833445,0.0252071689032311,0.019539533654984384,3357.779999999999,2463.5914285714284,0.001819529610293489,0.016267146742735224,-0.001625751810778099,0.1984126984126984,0,0
2024-08-02,61498.33,-0.0608089331256902,0.0246880411544512,0.022455522588689252,4366.129999999997,2483.648571428571,0.0018429233751657535,0.026339292867151046,-0.0012853669342260017,0.15476190476190477,0,0
2024-08-03,60697.99,-0.0130994361288614,0.0307040391125607,0.022209835439004184,2348.220000000001,2553.1257142857144,0.0018437815789503263,0.025213889507409184,0.0036838284957252006,0.6746031746031746,1,0
2024-08-04,58161.0,-0.042695556818197,0.029677140546852,0.023093575781414258,3994.8600000000006,2653.497142857143,0.0018673197096984822,0.027467385366726188,0.0036154904594182004,0.5833333333333334,1,0
2024-08-05,54018.81,-0.0738827077815429,0.0314856928576472,0.028478592991182144,9305.589999999997,3181.426428571428,0.00220142235947406,0.03593896756103296,0.006231860985099598,0.7182539682539683,1,0
2024-08-06,56022.01,0.0364123299874936,0.0380690487971152,0.031575912283490944,3090.989999999998,3237.218571428571,0.003685279261938821,0.03703462627896748,0.0126524166460374,0.9365079365079365,2,0
2024-08-07,55134.16,-0.0159751614680061,0.037881138548533,0.03158222100676493,3177.4300000000003,3321.9628571428575,0.004567853145904119,0.03730732006849085,0.013096236021761399,0.9246031746031746,2,0
2024-08-08,61685.99,0.1122873509141602,0.0362768844171171,0.04583354010871096,8015.139999999999,3700.273571428571,0.004980759349529598,0.03730732006849085,0.011069715513886,0.8928571428571429,2,0
2024-08-09,60837.99,-0.013842409307287,0.0494232473607295,0.044670465976784146,2209.3700000000026,3681.1307142857145,0.00724727987505995,0.03566249776959803,0.0247352062062783,0.996031746031746,2,0
2024-08-10,60923.51,0.0014047135434847,0.0467301651026176,0.04469326573622297,1228.5800000000017,3572.4585714285713,0.008285407621206053,0.03759153101777074,0.0160261259900569,0.9841269841269841,2,0
2024-08-11,58712.59,-0.0369649586682072,0.0440479789023374,0.04517253741850252,3571.269999999997,3738.1371428571433,0.008637140742271907,0.037529344528891576,0.014370838355485402,0.9642857142857143,2,0
2024-08-12,59346.64,0.0107413218969405,0.043184155774828,0.04539917607521012,3068.8799999999974,3696.4864285714284,0.00864232724229156,0.03889237045011715,0.011698462917180803,0.9523809523809523,2,0
2024-08-13,60587.15,0.020687318243457,0.0409263378322561,0.04605935213855286,3185.220000000001,3802.7642857142855,0.008331756934451108,0.04112937414688205,0.002857289035140896,0.9404761904761905,2,0
2024-08-14,58683.39,-0.0319261018184242,0.0392602404326592,0.0463454991701009,3366.8199999999997,3877.591428571428,0.007717165603335773,0.04180817635635032,0.0013791018841262034,0.9246031746031746,2,0
2024-08-15,57541.06,-0.0196579426462015,0.0385273346254232,0.04615322081170553,3770.8399999999965,3907.0957142857137,0.006937267022086404,0.039958066340478694,0.0022504502083061026,0.9126984126984127,2,0
2024-08-16,58874.6,0.0229109783372543,0.0370392104615978,0.04432471700377488,2719.1399999999994,3789.4535714285707,0.0058205586307033255,0.036524131138102045,-0.0123840368991317,0.876984126984127,2,0
2024-08-17,59491.99,0.0104319233822085,0.0358908305566487,0.04436309332501775,914.9499999999971,3687.077142857142,0.005416489245289503,0.03873075930842876,-0.010839334545968901,0.8452380952380952,2,0
2024-08-18,58427.35,-0.0180575795170021,0.0342649167416436,0.0430701893193357,1876.0699999999997,3535.734999999999,0.004913207104656909,0.035864163614252376,-0.0097830621606938,0.7976190476190477,2,0
2024-08-19,59438.5,0.0171580624359464,0.0331175903005628,0.03751904704166599,1830.3299999999945,3001.787857142856,0.004724152282175657,0.02430710840171447,-0.010066565474265203,0.7341269841269841,1,0
2024-08-20,59013.8,-0.0071708496985927,0.0320400550784574,0.036674235130281514,2851.769999999997,2984.7007142857133,0.005133206550050201,0.022666634379054026,-0.0088862827537987,0.6944444444444444,1,0
2024-08-21,61156.03,0.0356571523861468,0.0306835079822308,0.037134939357473,3037.459999999999,2974.702857142856,0.005612095919795098,0.023598122858210318,-0.008576732450428403,0.6111111111111112,1,0
2024-08-22,60375.84,-0.0128394423275786,0.0314505075652834,0.021870325081964726,1675.1299999999974,2521.8449999999984,0.005910848327564555,0.022380092218214024,-0.007076827060139804,0.6626984126984127,1,0
2024-08-23,64037.24,0.0588757642166264,0.0303365136051019,0.02680139591425472,4612.860000000001,2693.5228571428556,0.005327123534211811,0.023503430240569428,-0.006702696856495896,0.5873015873015873,1,0
2024-08-24,64157.01,0.0018685710918955,0.0344860256816253,0.026798678990946994,963.5,2674.5885714285696,0.004548684655920465,0.023503430240569428,-0.0014048048750233966,0.8015873015873016,2,0
2024-08-25,64220.0,0.0009813284334168,0.0328305489350706,0.02415903302233474,1226.7300000000032,2507.1214285714273,0.003993031599411452,0.0197385877361964,-0.0014343678065730017,0.7222222222222222,1,0
2024-08-26,62834.0,-0.0218183604181234,0.0313198463439021,0.025251887719385944,1681.0,2407.987142857142,0.003403937279391104,0.0201001661702615,-0.0017977439566606995,0.6428571428571429,1,0
2024-08-27,59415.0,-0.0559496085012547,0.0307273634480589,0.029348800446509178,5177.989999999998,2550.327857142856,0.0029733306196857863,0.028169027499508392,-0.0013126916303984985,0.6071428571428571,1,0
2024-08-28,59034.9,-0.0064179252947429,0.0343006838615857,0.028071618250917002,2374.980000000003,2479.4821428571418,0.0025228230213112275,0.025568877732913983,0.003617175879354898,0.7976190476190477,2,0
2024-08-29,59359.01,0.0054751263752255,0.0327191057703343,0.027485919949084198,2453.9000000000015,2385.4149999999995,0.002038460743101738,0.026425801314131057,0.0012685982050509026,0.7063492063492064,1,0
2024-08-30,59123.99,-0.0039671566087129,0.0312647581341916,0.026861244256487827,2242.970000000001,2351.4028571428566,0.0017024618123775888,0.024511443922385197,0.0009282445290896973,0.623015873015873,1,0
2024-08-31,58973.99,-0.0025402649674752,0.0299224793880216,0.02670823152535692,718.3799999999974,2337.3621428571423,0.0015354515268323772,0.022945939532482158,-0.004563546293603702,0.5238095238095238,1,0
2024-09-01,57301.86,-0.0287634153194442,0.0286913418760103,0.027390314658069015,1875.5899999999965,2337.3278571428564,0.0016504779041815506,0.02427289386088061,-0.004139207059060297,0.4246031746031746,1,0
2024-09-02,59132.13,0.0314413475808041,0.0290228467873764,0.028382358437495054,2297.6900000000023,2370.710714285714,0.0017414802106958773,0.02427289386088061,-0.002296999556525698,0.44841269841269843,1,0
2024-09-03,57487.73,-0.0282028977798507,0.0295799150397624,0.02931147950202378,2394.6500000000015,2338.059285714286,0.0017966906222174406,0.02611840674896132,-0.0011474484082964996,0.4880952380952381,1,0
2024-09-04,57970.9,0.0083696267750248,0.029733106303883,0.027473646275715424,2913.0,2329.1692857142857,0.0018367709119350868,0.02611840674896132,-0.004567577557702696,0.5119047619047619,1,0
2024-09-05,56180.0,-0.0313803388267199,0.0286308540336566,0.028373964321609834,2683.4199999999983,2401.19,0.0019545051699932383,0.028011702363543597,-0.0040882517366777026,0.40476190476190477,1,0
2024-09-06,53962.97,-0.0402627510802897,0.0292401680216793,0.023036185419739213,4458.0,2390.128571428572,0.0020031522470060504,0.02962418846330253,-0.002024590112512298,0.4603174603174603,1,0
2024-09-07,54160.86,0.003660436759544,0.0308046390423652,0.023125326103208034,1104.4599999999991,2400.197142857143,0.001715912956515064,0.02962418846330253,0.0008821596543436006,0.5992063492063492,1,0
2024-09-08,54869.95,0.0130073324703552,0.0295017017866626,0.02386022219642411,1688.989999999998,2433.215714285714,0.0016148443399405818,0.02962418846330253,0.0008103599106523002,0.4722222222222222,1,0
2024-09-09,57042.0,0.038821998779241,0.0285955687557427,0.027079053945070566,3496.040000000001,2562.8614285714284,0.0016577365158408279,0.030459588038186488,-0.0004272780316337023,0.3888888888888889,1,0
2024-09-10,57635.99,0.0103593603630525,0.0300873065205026,0.023388957649865493,1657.9599999999991,2311.430714285714,0.001650746072307932,0.02476152930946539,0.0005073914807402005,0.5396825396825397,1,0
2024-09-11,57338.0,-0.0051836187862424,0.0290140304838773,0.023374040610431877,2436.519999999997,2315.826428571428,0.001159782987938539,0.02472018687757836,-0.0007190758200057018,0.42063492063492064,1,0
2024-09-12,58132.32,0.0137582112804253,0.0279067394947789,0.023682867701979162,1264.0,2230.833571428571,0.0009040801746474668,0.02472018687757836,-0.0007241145388776973,0.3412698412698413,1,0
2024-09-13,60498.0,0.0398885151769494,0.0272082229758036,0.02610661683491269,2992.3799999999974,2284.3628571428562,0.0009201184468063889,0.026651688949854334,-0.002031945045875703,0.3055555555555556,1,0
2024-09-14,59993.03,-0.0083819178315689,0.0290938545735815,0.026225000965280732,1210.449999999997,2319.510714285713,0.0008920309296732248,0.026850446128226985,-0.0017107844687836993,0.44047619047619047,1,0
2024-09-15,59132.0,-0.0144561557687215,0.028055814049379,0.02522631124793245,1704.75,2307.3078571428564,0.0009287096225706041,0.024857343390098426,-0.001445887737283602,0.35714285714285715,1,0
2024-09-16,58213.99,-0.0156465291807421,0.0273767045988575,0.024150383788506185,1717.3999999999942,2265.85857142857,0.0010290091654263235,0.023761129716659495,-0.0012188641568851993,0.3134920634920635,1,0
2024-09-17,60313.99,0.0354383795991601,0.0268402590233338,0.024644518914688576,3709.989999999998,2359.811428571427,0.001146861386735402,0.02293736236907928,-0.003247047497168802,0.28174603174603174,1,0
2024-09-18,61759.99,0.0236916603421484,0.0282104541886804,0.0252144741810136,2611.439999999995,2338.271428571427,0.0011152227170120764,0.02293736236907928,-0.0008035762951968985,0.373015873015873,1,0
2024-09-19,62947.99,0.0190530860779141,0.0281443743749953,0.02321380982554345,2295.0,2310.527142857141,0.001122143521426209,0.02084231220293459,0.00023763488021639675,0.373015873015873,1,0
2024-09-20,63201.05,0.0040120850615288,0.0277333093683442,0.018689750641788846,1783.3199999999997,2119.4785714285695,0.0011259153339178928,0.011735850685715244,0.0005250863925406017,0.34523809523809523,1,0
2024-09-21,63348.96,0.0023375749610998,0.0267334135270116,0.018734566545558235,801.9000000000015,2097.867142857141,0.0009944886365834435,0.011735850685715244,-0.002360441046569902,0.2777777777777778,0,0
2024-09-22,63578.76,0.0036209624041578,0.0258143190218289,0.018832336948973932,1642.0699999999997,2094.515714285713,0.0010998545123475588,0.011735850685715244,-0.0022414950275501007,0.2222222222222222,0,0
2024-09-23,63339.99,-0.0037625690717479,0.0250049927155678,0.017285390018199193,2207.1299999999974,2002.4507142857126,0.0013246821362436795,0.010630876645783128,-0.0023717118832897004,0.17063492063492064,0,0
2024-09-24,64262.7,0.0144624863793918,0.0242833152509539,0.017372519761994894,1988.0,2026.0249999999983,0.0014115664298223487,0.010630876645783128,-0.0025569437723798986,0.12698412698412698,0,0
2024-09-25,63152.01,-0.0174346923431638,0.0240466394720588,0.018356111352325778,1870.9099999999962,1985.624285714284,0.0015500140126986227,0.012978260936419603,-0.004163814716621601,0.10317460317460317,0,0
2024-09-26,65173.99,0.0315157856913526,0.0240365932539737,0.019447631520568987,3169.0,2121.6957142857127,0.0016931350362283755,0.012978260936419603,-0.004107781121021597,0.10317460317460317,0,0
2024-09-27,65769.95,0.0091025841280014,0.0254157457344915,0.017194946636694027,1678.0999999999985,2027.8185714285698,0.0017123281198905657,0.012978260936419603,-0.002317563633852701,0.20634920634920634,0,0
2024-09-28,65858.0,0.0013378619530755,0.0247887573293038,0.01676174519314804,837.7699999999968,2001.1985714285697,0.0015899690056067957,0.013891721798735051,-0.0019446561977077975,0.16666666666666666,0,0
2024-09-29,65602.01,-0.0038945733164776,0.0240646854423935,0.01595647830191571,644.1199999999953,1925.4392857142836,0.0015850739204403329,0.012021927880353485,-0.0017496335794353994,0.11904761904761904,0,0
2024-09-30,63327.59,-0.035285240554753,0.0234469431925642,0.01875738856393087,2762.5,2000.0892857142842,0.0016486819068917136,0.019864172053251136,-0.001558049523003601,0.07936507936507936,0,0
2024-10-01,60805.78,-0.0406362449266595,0.0254311503228051,0.02051449341494339,3966.6299999999974,2018.4207142857126,0.0016104798620459704,0.025415136148303884,0.001147835071851202,0.2261904761904762,0,0
2024-10-02,60649.28,-0.0025770863167764,0.0277724607821926,0.019409573120975573,2390.3099999999977,2002.6257142857128,0.0015573864352864742,0.023224581449648812,0.0037258213101338013,0.39285714285714285,1,0
2024-10-03,60752.71,0.0017039263528477,0.0267510553004344,0.018544986341083928,1649.0800000000017,1956.4885714285701,0.0014117160720633474,0.023224581449648812,0.0027144620464606972,0.32142857142857145,0,0
2024-10-04,62086.0,0.0217088304100379,0.0258252305022718,0.01959878754219683,2024.949999999997,1973.7478571428558,0.0012499009679778706,0.023224581449648812,0.00040948476778030277,0.2619047619047619,0,0
2024-10-05,62058.0,-0.0004510890655176,0.0259104414048008,0.019573440735953414,681.2999999999956,1965.1335714285694,0.001192496206512851,0.02150246026592326,0.0011216840754969988,0.2698412698412698,0,0
2024-10-06,62819.91,0.0122026298209956,0.0250654559950979,0.019877177140450876,1176.0299999999988,1931.844999999998,0.0011788212613534645,0.02150246026592326,0.0010007705527044011,0.1984126984126984,0,0
2024-10-07,62224.0,-0.0095312840313255,0.0246113821842967,0.02000143139412802,2350.1900000000023,1942.0635714285697,0.0011867423133451,0.021755718564090507,0.001164438991732502,0.1626984126984127,0,0
2024-10-08,62160.49,-0.001021188502186,0.0240909706230054,0.019486048579131984,1339.6900000000023,1895.7557142857129,0.0011980284694193594,0.020353813701725478,-0.0013401796997997012,0.12698412698412698,0,0
2024-10-09,60636.02,-0.0248304829764283,0.0234403675875817,0.02001867633476763,2242.75,1922.315714285713,0.0012485300424303312,0.021292035615982984,-0.0043320931946109024,0.07936507936507936,0,0
2024-10-10,60326.39,-0.0051194528325311,0.0241641421434427,0.017395927603135575,2375.6800000000003,1865.649999999999,0.0012410365333440161,0.02014672579597217,-0.002586913156991697,0.14285714285714285,0,0
2024-10-11,62540.0,0.0360366989274485,0.0235588377731669,0.02037230606228637,3329.9199999999983,1983.6371428571417,0.0012975311976774794,0.02014672579597217,-0.0022663927291049005,0.09126984126984126,0,0
2024-10-12,63206.22,0.0105963620019302,0.0256250117377396,0.02069257614511895,992.7699999999968,1994.7085714285702,0.0013100644680723418,0.02014672579597217,-0.0002854296670611982,0.26587301587301587,0,0
2024-10-13,62870.02,-0.005333293519957,0.0250335064191041,0.02070127586773293,1235.7200000000012,2036.9657142857136,0.0012831522535040232,0.020183302673071703,-3.194957599380113e-05,0.21428571428571427,0,0
2024-10-14,66083.99,0.0498570882341056,0.024338021821921,0.022889905669153533,4042.1900000000023,2128.372142857142,0.0012178546952891247,0.01739699384997529,-0.00027336036237569916,0.1626984126984127,0,0
2024-10-15,67074.14,0.0148720660152132,0.0284111391779396,0.019261880850486048,3149.989999999998,2070.040714285714,0.001504047443173989,0.010487671390659231,0.0043201685549341985,0.4523809523809524,1,0
2024-10-16,67620.01,0.0081053704039835,0.0277146408463961,0.019063532137170488,1673.5099999999948,2018.8407142857136,0.00149688240683871,0.01127901727770826,0.0042742732588144025,0.3968253968253968,1,0
2024-10-17,67421.78,-0.0029358340463456,0.0268088704698903,0.01921683564113798,1273.3999999999942,1992.0064285714273,0.0015011949144634975,0.010501132633147794,0.002644728326447597,0.3373015873015873,0,0
2024-10-18,68428.0,0.0148139864714202,0.0258881717918289,0.018908901104620738,1807.6399999999994,1976.4842857142846,0.0015028904817093432,0.010501132633147794,0.002329334018661998,0.2777777777777778,0,0
2024-10-19,68378.0,-0.0007309621248516,0.0254775229947351,0.018917470479494762,683.2599999999948,1976.6242857142845,0.0014945242200068056,0.010503382654688432,-0.00014748874300450285,0.23809523809523808,0,0
2024-10-20,69031.99,0.0095188848804479,0.024678205953679,0.018873448006192364,1300.0,1985.4792857142845,0.001502799720675257,0.010503382654688432,-0.0003553004654251006,0.16666666666666666,0,0
2024-10-21,67377.5,-0.0242588860534898,0.0241497042548779,0.02021279910252956,2678.850000000006,2008.9549999999992,0.001523390975327896,0.013468988230142764,-0.00018831756704310032,0.13095238095238096,0,0
2024-10-22,67426.0,0.0007195659176897,0.0247061205728052,0.02017369808933208,1264.5899999999965,2003.590714285713,0.0014962879874828754,0.014542195396208654,-0.0037050186051343983,0.17857142857142858,0,0
2024-10-23,66668.65,-0.0112958727724361,0.0239882225296627,0.01887501010060934,2212.8300000000017,2001.4535714285703,0.0014507982177558248,0.011400998044743281,-0.003726418316733402,0.10317460317460317,0,0
2024-10-24,68198.28,0.0226845171526353,0.0236170519370834,0.018989655441262118,2340.0,1998.9049999999988,0.0014912591893679584,0.012277522072412903,-0.0031918185328068983,0.0873015873015873,0,0
2024-10-25,66698.33,-0.0222394294631644,0.0241032382483615,0.018937831700127278,3175.2000000000116,1987.8535714285713,0.0014492827386707967,0.014423822678934058,-0.0017849335434673985,0.1388888888888889,0,0
2024-10-26,67092.76,0.0058962243705629,0.0244765039581234,0.01886483754609172,1014.6500000000087,1989.4164285714292,0.0014633851872415547,0.014423822678934058,-0.0010010190366116986,0.17063492063492064,0,0
2024-10-27,68021.7,0.013750632418521,0.0238547489566812,0.018807533112435233,1418.320000000007,2002.4592857142868,0.001509500443164618,0.015619449057312997,-0.000823456996997797,0.10714285714285714,0,0
2024-10-28,69962.21,0.0281284672152075,0.0236293739952773,0.015478596552303197,2652.0,1903.160000000001,0.0015504384075190878,0.015619449057312997,-0.0005203302596006008,0.09126984126984126,0,0
2024-10-29,72736.42,0.0388869828293767,0.024678137145334,0.0179074690761471,3860.1199999999953,1953.8835714285722,0.0012255083884388986,0.015619449057312997,-2.7983427471199585e-05,0.19047619047619047,0,0
2024-10-30,72344.74,-0.0053994736683442,0.0269208529830859,0.018135370167203915,1525.0,1943.2757142857154,0.0010935789802894072,0.014427925816306848,0.0029326304534232003,0.3611111111111111,1,0
2024-10-31,70292.01,-0.0287846116959098,0.0260280734187053,0.020186057462374205,3014.2400000000052,2067.6214285714304,0.0009981154559788325,0.018569352030975428,0.002411021481621898,0.3134920634920635,0,0
2024-11-01,69496.01,-0.0113887957455069,0.0267589853477287,0.020218926618588696,2812.8099999999977,2139.4192857142875,0.0010980856324987217,0.017722583162389262,0.0026557470993671985,0.34523809523809523,0,0
2024-11-02,69374.74,-0.0017465165389545,0.02607555110652,0.020227844746740182,914.2299999999959,2155.917142857145,0.0011377822204358505,0.01773272073245831,0.0015990471483965998,0.3134920634920635,0,0
2024-11-03,68775.99,-0.0086681228392535,0.0252191488114891,0.020224993340885143,1912.270000000004,2199.6507142857163,0.0011412935711673968,0.016868172861871724,0.0013643998548078969,0.2261904761904762,0,0
2024-11-04,67850.01,-0.0135551678077732,0.0245983635636983,0.019435101486117785,2665.0,2198.6614285714304,0.001125648438697738,0.0152951424777794,0.0009689895684210012,0.15873015873015872,0,0
2024-11-05,69372.01,0.0221839383739048,0.0242707154249491,0.020281998900877472,3101.279999999999,2329.853571428573,0.0011374853471951293,0.0152951424777794,-0.0004074217203849026,0.14285714285714285,0,0
2024-11-06,75571.99,0.0856022398482156,0.0246146469877789,0.02972088060539997,7102.0,2679.0800000000017,0.001112049572468952,0.015783962591519964,-0.0023062059953069987,0.17063492063492064,0,0
2024-11-07,75857.89,0.003776009592066,0.0360692099653066,0.02947754342270186,2433.9900000000052,2685.7935714285736,0.003133808600241804,0.015783962591519964,0.010041136546601305,0.8571428571428571,2,0
2024-11-08,76509.78,0.0085568543195186,0.03428999234461,0.028200690519562633,1644.9900000000052,2576.4928571428586,0.003816126736830687,0.01442995785848805,0.0075310069968812995,0.8095238095238095,2,0
2024-11-09,76677.46,0.0021892171563333,0.0327580917078717,0.02825753780393969,1185.3399999999965,2588.685000000001,0.004103600660798767,0.01442995785848805,0.006682540601351702,0.7380952380952381,1,0
2024-11-10,80370.01,0.0470333036943149,0.0312600700993004,0.02998638013365453,5008.0,2845.0907142857145,0.0041266898084869556,0.01442995785848805,0.006040921287811304,0.6587301587301587,1,0
2024-11-11,88647.99,0.09803226217916,0.0333730993417343,0.03771716956835152,9314.529999999999,3320.9857142857145,0.004216198245904446,0.01442995785848805,0.008774735778035996,0.7698412698412699,1,0
2024-11-12,87952.01,-0.0078820340116365,0.0443706350172133,0.03769194546937226,4868.0,3392.9771428571435,0.005860748175544678,0.013687682486439303,0.0200999195922642,0.9761904761904762,2,0
2024-11-13,90375.2,0.0271785686611849,0.0419495860104674,0.037435650013060394,7137.649999999994,3793.8807142857145,0.006627395971498369,0.014619132709409148,0.0173349390226885,0.9484126984126984,2,0
2024-11-14,87325.59,-0.0343263464379095,0.0405691321200143,0.03796990978805806,5121.789999999994,3944.419999999999,0.006948417005546482,0.016492717768472713,0.0044999221547076945,0.9365079365079365,2,0
2024-11-15,91032.07,0.0415683149748229,0.039885042996385,0.03772228933935973,4776.619999999995,4084.692142857142,0.0070898815031227285,0.017334092233573108,0.005595050651774999,0.9365079365079365,2,0
2024-11-16,90586.92,-0.0049020302492461,0.0399724528999381,0.03786674975100221,1723.4900000000052,4142.496428571429,0.007047583937107006,0.01745470336816859,0.0072143611920664,0.9365079365079365,2,0
2024-11-17,89855.99,-0.0081015540914197,0.0378710873246173,0.03783513036053965,2727.9900000000052,4200.762142857143,0.006663323471521393,0.01740018490415312,0.006611017225316901,0.9047619047619048,2,0
2024-11-18,90464.08,0.0067445881663559,0.0360066537367282,0.03686405244458289,3217.100000000006,4240.197857142857,0.005996674756109266,0.018235196730476338,0.002633554394993902,0.8611111111111112,2,0
2024-11-19,92310.79,0.0202081702443521,0.0342783026327212,0.03686108413020479,3548.5099999999948,4272.142857142857,0.005078999847626292,0.018235196730476338,-0.0100923323844921,0.8174603174603174,2,0
2024-11-20,94286.56,0.0211776195370809,0.0332530214061357,0.031764922265696466,3331.970000000001,4002.855,0.003960455901189555,0.018235196730476338,-0.0086965646043317,0.7619047619047619,1,0
2024-11-21,98317.12,0.0418595170994535,0.0323991105311159,0.03228213496068132,4948.0,4182.427142857143,0.004133816951334584,0.018235196730476338,-0.008170021588898395,0.7222222222222222,1,0
2024-11-22,98892.0,0.0058301728478937,0.0336284124502989,0.03235503701484637,2465.899999999994,4241.06357142857,0.004165769056555944,0.018235196730476338,-0.006256630546086099,0.7936507936507936,1,0
2024-11-23,97672.4,-0.0124093238715747,0.0320969353798503,0.033140918953010655,1772.8500000000058,4283.028571428571,0.004215405551900421,0.017228354060364173,-0.007875517520087805,0.7182539682539683,1,0
2024-11-24,97900.04,0.0023279364188919,0.0309007018741675,0.03219448039489333,2829.229999999996,4127.402142857142,0.004250673995583548,0.017228354060364173,-0.0069703854504498015,0.6468253968253969,1,0
2024-11-25,93010.01,-0.0512398363468733,0.0295752837415685,0.02646533099770008,6271.610000000001,3910.0507142857136,0.004572400867402141,0.026171236587141145,-0.0064313699951597005,0.5476190476190477,1,0
2024-11-26,91965.16,-0.011297312096131,0.0326499371186138,0.026593064240196307,4182.2699999999895,3861.069999999999,0.003997568104473168,0.02637898326141945,-0.0016283655141073952,0.746031746031746,1,0
2024-11-27,95863.11,0.0415114266779124,0.0313573776271457,0.027834642975637067,5416.070000000007,3738.0999999999995,0.0036408474826869993,0.02637898326141945,-0.00189564377899,0.6865079365079365,1,0
2024-11-28,95643.98,-0.0022884802399172,0.0327165514992651,0.025654191165346826,1924.0,3509.6864285714287,0.0032330754308437636,0.022368294635750973,0.0003174409681491949,0.753968253968254,1,0
2024-11-29,97460.0,0.0188092813038043,0.0312230225451569,0.023923735088924866,3255.0,3400.999285714286,0.0028329897846564637,0.022368294635750973,-0.0024053899051420004,0.6666666666666666,1,0
2024-11-30,96407.99,-0.0108529554161069,0.0304425285723191,0.024162460042482715,1371.9400000000023,3375.8885714285716,0.002216128013483212,0.022714901020292364,-0.0016544068075311988,0.6111111111111112,1,0
2024-12-01,97185.18,0.008029148706738,0.0293514240463558,0.02390115720729068,2142.1199999999953,3334.040714285714,0.0018368671515788869,0.024617738285528486,-0.0015492778278117028,0.5277777777777778,1,0
2024-12-02,95840.62,-0.0139316272445846,0.0282773666677604,0.024457367540174364,3735.0,3371.0335714285707,0.0017425788119390894,0.023181369779616587,-0.0012979170738080976,0.45634920634920634,1,0
2024-12-03,95849.69,9.463180488111787e-05,0.0275468142170927,0.02402682600282039,2727.350000000006,3312.3792857142857,0.0018657539269388455,0.023181369779616587,-0.005103122901521102,0.4007936507936508,1,0
2024-12-04,98587.32,0.0281614176668814,0.0265354790262924,0.024507935472536133,4412.169999999998,3389.536428571428,0.002116734448182085,0.023181369779616587,-0.004821898600853303,0.3373015873015873,0,0
2024-12-05,96945.63,-0.0167923470412212,0.0271227551618509,0.02230226254741599,13588.0,4006.6792857142855,0.0022419093902104194,0.022380598575899035,-0.005593796337414199,0.38492063492063494,1,0
2024-12-06,99740.84,0.0284249160874967,0.0266851160219501,0.02361379149728733,5917.270000000004,4253.205714285715,0.002203431800083009,0.022380598575899035,-0.004537906523206799,0.34523809523809523,0,0
2024-12-07,99831.99,0.000913451057821,0.0272770193675368,0.023315301721780105,1595.179999999993,4240.514999999999,0.002184767189693994,0.023637001464367625,-0.003165509204782299,0.4007936507936508,1,0
2024-12-08,101109.59,0.0127163050682064,0.0262941897229362,0.02350607744017568,2693.300000000003,4230.805714285714,0.0022865885065211696,0.023637001464367625,-0.003057234323419599,0.32936507936507936,0,0
2024-12-09,97276.47,-0.0386478475525837,0.0257241477882676,0.021450741398793858,7065.87999999999,4287.539285714285,0.002447786434194979,0.019237040317022502,-0.002553218879492801,0.27380952380952384,0,0
2024-12-10,96593.0,-0.0070508557281581,0.02772391121977,0.021259089649195748,4013.4600000000064,4275.481428571429,0.0021925901213765875,0.018896505968275405,0.00017709700267730041,0.4365079365079365,1,0
2024-12-11,101125.0,0.0458511005539268,0.0267875001513865,0.02187847161655165,6229.759999999995,4333.602142857142,0.002062516669827905,0.018896505968275405,0.00025202112509409985,0.373015873015873,0,0
2024-12-12,100004.29,-0.0111442903107441,0.0296250559847679,0.022194311322015745,3228.3600000000006,4426.770714285713,0.0016587345658525714,0.01941402281675139,0.002502300822917001,0.6031746031746031,1,0
2024-12-13,101424.25,0.0140991293706864,0.0286278392744461,0.02197384070833359,2690.2599999999948,4386.432142857142,0.0013806481337176604,0.01941402281675139,0.0019427232524960002,0.5079365079365079,1,0
2024-12-14,101420.0,-4.190407172544042e-05,0.0278674175247146,0.021642791436158028,2040.5899999999965,4434.192857142856,0.0011399974132291373,0.01890167896538684,0.000590398157177801,0.45634920634920634,1,0
2024-12-15,104463.99,0.0295721083506421,0.0268242537181901,0.022719447944330024,4012.8600000000006,4567.817142857142,0.001023885145604098,0.01890167896538684,0.0005300639952539009,0.38095238095238093,1,0
2024-12-16,106058.66,0.0151499185537442,0.0275157645263423,0.0221623681225043,4460.070000000007,4619.607857142857,0.0009905911431179453,0.01974614174253407,0.0017916167380747014,0.43253968253968256,1,0
2024-12-17,106133.74,0.0007076596818098,0.0269350670719577,0.02214777360412543,3031.5099999999948,4641.33357142857,0.000992212503634326,0.01974614174253407,-0.0007888441478123009,0.3968253968253968,1,0
2024-12-18,100204.01,-0.0574917891430022,0.0259859956176103,0.027191786929169695,6524.979999999996,4792.24857142857,0.0010328260970280452,0.029594077074770266,-0.0008015045337761983,0.31746031746031744,0,0
2024-12-19,97461.86,-0.0277470858240995,0.0309954744728051,0.027896668609351607,7100.110000000001,4328.8278571428555,0.0014434842847447242,0.030937502161674783,0.0013704184880371992,0.7341269841269841,1,0
2024-12-20,97805.44,0.0035190772297433,0.0309175330367231,0.026740793044185595,6000.460000000006,4334.769999999999,0.001684835912186041,0.030937502161674783,0.002289693762277001,0.7261904761904762,1,0
2024-12-21,97291.99,-0.0052635361257102,0.0296022507289381,0.026750649226523312,3142.220000000001,4445.272857142857,0.001743647190170668,0.028711568232455034,0.0017348332042235008,0.623015873015873,1,0
2024-12-22,95186.27,-0.0218809543828495,0.0284389780804037,0.02690004380343236,3197.729999999996,4481.303571428571,0.001679149393161831,0.02794918428432391,0.0016147243622136008,0.5198412698412699,1,0
2024-12-23,94881.47,-0.0032072803231173,0.0281978608360532,0.025022329014525,4018.9199999999983,4263.663571428571,0.0015322525410278976,0.024407697924773892,0.0006820963097108994,0.5,1,0
2024-12-24,98663.58,0.0390874529987854,0.0271409970145281,0.02721692259736996,5918.970000000001,4399.771428571427,0.0015565147337695798,0.025956477797037743,0.00020592994257040073,0.4166666666666667,1,0
2024-12-25,99429.6,0.0077339746703657,0.0289306919659255,0.024177382010846418,1937.12999999999,4093.154999999999,0.0015064879839268976,0.025956477797037743,0.0029446963483151997,0.5634920634920635,1,0
2024-12-26,95791.6,-0.0372748575929549,0.027890452991469,0.025947326219260592,4764.559999999998,4202.88357142857,0.0014688776581653752,0.029231565569338414,-0.003105021481336099,0.4801587301587302,1,0
2024-12-27,94299.03,-0.0157040951939784,0.0293083349296648,0.025650877154900473,4044.570000000007,4299.62,0.0014924690153591657,0.027901634327811453,-0.0016091981070583024,0.6111111111111112,1,0
2024-12-28,95300.0,0.0105589073939036,0.0285578587226223,0.025969435158445537,1598.3300000000017,4268.03,0.0014875822907624329,0.029828097562418332,-0.0010443920063158002,0.5396825396825397,1,0
2024-12-29,93738.2,-0.016524020398176,0.0276483480785418,0.024185572658110464,2330.479999999996,4147.86,0.0014369682988674603,0.028506690178516345,-0.0007906300018619,0.4523809523809524,1,0
2024-12-30,92792.05,-0.010144822242994,0.0271325381138357,0.023271743458727456,3494.050000000003,4078.8585714285705,0.0014592674703709548,0.02708826826385939,-0.0010653227222175016,0.4166666666666667,1,0
2024-12-31,93576.0,0.0084129723294203,0.0263577090259687,0.023621364136724,4216.270000000004,4163.484285714286,0.0015112630667806976,0.02708826826385939,-0.0007832879885594016,0.3412698412698413,0,0
2025-01-01,94591.79,0.0107967454739181,0.0256043042221734,0.01953347533213892,2263.149999999994,3859.067857142857,0.0015601284564905262,0.02030598027352374,-0.0033263877437521017,0.26587301587301587,0,0
2025-01-02,96984.79,0.024983476262296,0.0250236505903371,0.019709587105416197,3447.5,3598.1671428571426,0.0015934969500695177,0.019006622557188317,-0.0028668024011319,0.21825396825396826,0,0
2025-01-03,98174.18,0.0121890859126896,0.0255190055215698,0.019974945902728747,2876.9000000000087,3375.055714285714,0.001457309865571212,0.019006622557188317,-0.0037893294080949998,0.2698412698412698,0,0
2025-01-04,98220.5,0.0004717032137406,0.0250117351890249,0.019911467670561445,1263.6399999999994,3240.871428571428,0.0014704017878571637,0.020416729638025127,-0.0035461235335974006,0.21825396825396826,0,0
2025-01-05,98363.61,0.0014559673747882,0.0242607637613673,0.0188247833328717,1560.0600000000122,3123.895000000001,0.0016158287920320577,0.02011109609130711,-0.003387584317174501,0.14285714285714285,0,0
2025-01-06,102235.6,0.0386090351235708,0.0235940452516225,0.021060650657088002,4560.0,3162.5435714285727,0.0017901941022519666,0.02242762962786017,-0.0035384928622131974,0.06746031746031746,0,0
2025-01-07,96954.61,-0.053037022867576,0.026023013539818,0.023902869467854675,6542.570000000007,3207.08642857143,0.0017876990474299775,0.031064191853494804,-0.000334695486150699,0.3373015873015873,0,0
2025-01-08,95060.61,-0.0197282426767699,0.0302220146526283,0.024233612128582962,4767.75,3409.2735714285736,0.0019493130567568152,0.02947915545111831,0.0046177104304549015,0.7023809523809523,1,0
2025-01-09,92552.49,-0.0267387451314604,0.0296129034251917,0.02323746018836414,4178.650000000009,3367.4228571428603,0.002087668311262411,0.027506572303412993,0.004589252834854601,0.6666666666666666,1,0
2025-01-10,94726.11,0.0232137319338381,0.029626723652501,0.02385058542047634,3629.979999999996,3337.809285714288,0.0021196926320212355,0.02930204946223313,0.0041077181309312,0.6706349206349206,1,0
2025-01-11,94599.99,-0.0013323046178594,0.0293414862065958,0.023669058359129823,1219.2100000000064,3310.7292857142884,0.0021811787819325658,0.02675451846271502,0.004329751017570899,0.6309523809523809,1,0
2025-01-12,94545.06,-0.000580824098165,0.028157808653025,0.02321943097400884,1738.9100000000035,3268.4742857142887,0.0022008666410134247,0.025891181431600175,0.0038970448916577013,0.5317460317460317,1,0
2025-01-13,94536.1,-9.477411717462304e-05,0.0270866279805234,0.02301574291738671,6683.309999999998,3496.278571428574,0.0022004001733485464,0.025557814262750663,0.003492582728900899,0.42857142857142855,1,0
2025-01-14,96560.86,0.0211917109948256,0.0261213447884762,0.023565083481923217,3024.779999999999,3411.172142857145,0.0022050992900627233,0.025557814262750663,9.833124865819831e-05,0.3531746031746032,0,0
2025-01-15,100497.35,0.0399578758632124,0.0261244010856898,0.025581823154175724,4181.940000000002,3548.2285714285745,0.0021877111008368733,0.025557814262750663,-0.0040976135669385,0.35714285714285715,0,0
2025-01-16,99987.3,-0.0050881810693717,0.0282288358423063,0.024969017402288348,3531.529999999999,3554.230714285717,0.0021506843807732787,0.023739962708871538,-0.0013840675828854024,0.5555555555555556,1,0
2025-01-17,104077.48,0.0400924438437186,0.0271974829802896,0.026870851805649142,5914.449999999997,3771.1985714285734,0.0021040622841678883,0.023739962708871538,-0.002429240672211397,0.4603174603174603,1,0
2025-01-18,104556.23,0.0045893910462133,0.0291130442968545,0.026849774260928373,2711.3300000000017,3874.6050000000023,0.002063111303360586,0.023739962708871538,-0.00022844190974129902,0.6349206349206349,1,0
2025-01-19,101331.57,-0.0313270015419231,0.0279857104447836,0.028510568034622142,6770.829999999987,4246.802857142858,0.0018447388390537378,0.0248155239505887,-0.0001720982082414023,0.5317460317460317,1,0
2025-01-20,102260.01,0.0091206761708786,0.0286875078605058,0.02663532770673559,10038.0,4638.088571428571,0.0014153182875313315,0.0248155239505887,0.001600879879982399,0.6031746031746031,1,0
2025-01-21,106143.82,0.037276279511941,0.0277137294022414,0.023556213216026668,7121.770000000004,4679.46,0.0012902192328211044,0.017376322300689816,0.0015923846137652006,0.49603174603174605,1,0
2025-01-22,103706.66,-0.0232286300582345,0.0291627466411696,0.023872109385733833,3055.340000000011,4557.145000000001,0.0011917131807134983,0.01798380911562613,0.003038345555479799,0.6388888888888888,1,0
2025-01-23,103910.34,0.0019620750260607,0.0289366984421738,0.021981701848607517,5587.720000000001,4657.792857142857,0.0011406584198521725,0.016067364650878217,0.000707862599867503,0.6150793650793651,1,0
2025-01-24,104870.5,0.0091978437211466,0.0277958136420348,0.021563852696986442,4370.0,4710.651428571429,0.0010546063803778991,0.016067364650878217,0.0005983306617451979,0.5198412698412699,1,0
2025-01-25,104746.85,-0.0011797688916672,0.0269166449334513,0.0215592116570815,1180.4300000000076,4707.88142857143,0.0010111871552989718,0.016065377161195236,-0.0021963993634032015,0.4246031746031746,1,0
2025-01-26,102620.0,-0.0205136412372244,0.025971141573829,0.022743758382859264,2979.5599999999977,4796.499285714286,0.0011155034453310788,0.018115601840058868,-0.002014568870954598,0.32936507936507936,0,0
2025-01-27,102082.83,-0.0052483029473915,0.0259399748739995,0.02288868962557614,5482.229999999996,4710.707857142857,0.001198712795304847,0.01824182868144701,-0.0027475329865063007,0.3253968253968254,0,0
2025-01-28,101335.52,-0.007347551113769,0.0251461184841998,0.022651957479191843,3527.320000000007,4746.603571428573,0.001311977245071625,0.017115458297895604,-0.002567610918041599,0.24206349206349206,0,0
2025-01-29,103733.24,0.0233856124401334,0.0244904788989548,0.020967640678388633,3454.6699999999983,4694.655714285715,0.0015021072225439673,0.017115458297895604,-0.004672267742214801,0.16666666666666666,0,0
2025-01-30,104722.94,0.0094955921810715,0.0249123893904504,0.020936542951824726,3178.9000000000087,4669.4678571428585,0.0016148123737336666,0.01836973417805455,-0.0040243090517234,0.21825396825396826,0,0
2025-01-31,102429.56,-0.0221428532511644,0.0243564597196072,0.01904663746333533,4452.0,4565.007142857145,0.0017774475656533177,0.018954791149834515,-0.0034393539224275987,0.1626984126984127,0,0
2025-02-01,100635.65,-0.0176687741751528,0.0246843277009977,0.019456170039616777,2504.2000000000116,4550.212142857145,0.0017544706005060274,0.018798850807926603,-0.002232317232453599,0.20238095238095238,0,0
2025-02-02,97700.59,-0.0295989707224677,0.0246075088384922,0.019265338740412842,5306.600000000006,4445.624285714289,0.001784451970672133,0.01844550207981376,-0.001363632735336802,0.18253968253968253,0,0
2025-02-03,101328.52,0.0364603136848735,0.0256590315855348,0.02176851975272371,11269.009999999995,4533.553571428574,0.0016626263988587977,0.01844550207981376,-0.0002809432884646988,0.3134920634920635,0,0
2025-02-04,97763.13,-0.0358203995142627,0.0273743675260169,0.02071168795580655,5582.309999999998,4423.5921428571455,0.0016406191342335035,0.0210950057206089,0.0022282490418171,0.5119047619047619,1,0
2025-02-05,96612.43,-0.011840104206886,0.0286994042726833,0.020194873501945064,2994.0,4419.210714285716,0.0015784365745189102,0.02001558340232903,0.004208925373728502,0.6507936507936508,1,0
2025-02-06,96554.35,-0.0006013456532247,0.0278265655400188,0.020137835931048478,3443.3600000000006,4266.042142857144,0.0014477961703618955,0.018989401852125193,0.0029141761495684003,0.5634920634920635,1,0
2025-02-07,96506.8,-0.000492590052028,0.0267881124447063,0.019766355368705097,4517.650000000009,4276.588571428574,0.001376390397056827,0.018106293411092565,0.0024316527250990982,0.44047619047619047,0,0
2025-02-08,96444.74,-0.0006432703479841,0.0258534041785418,0.019776804256835447,1192.0,4277.415000000002,0.001348305277246759,0.018103837900685246,0.0011690764775440995,0.3373015873015873,0,0
2025-02-09,96462.75,0.0001867216255035,0.0250147385770483,0.019369678652208292,2610.0899999999965,4251.0242857142875,0.0013673844472015771,0.01784496830276706,0.00040722973855610023,0.24603174603174602,0,0
2025-02-10,97430.82,0.0099856642396449,0.0242630645005112,0.019743839095439114,3089.0,4080.079285714288,0.0014273419553021095,0.01872871904452865,-0.0013959670850236007,0.14682539682539683,0,0
2025-02-11,95778.2,-0.0171074860302891,0.023801088169981,0.020066223320672264,3601.5399999999936,4085.3807142857154,0.0015097374595267688,0.019423822213248867,-0.003573279356035901,0.08333333333333333,0,0
2025-02-12,97869.99,0.0216048635909427,0.0238000382599895,0.019883896976882254,4031.7600000000093,4126.601428571431,0.0015590666981395755,0.019423822213248867,-0.0048993660126938,0.07936507936507936,0,0
2025-02-13,96608.14,-0.0129769625826394,0.0241605360887578,0.019602152350174307,2866.550000000003,4104.290714285716,0.0015950946730828438,0.018878467581396333,-0.003666029451261002,0.1349206349206349,0,0
2025-02-14,97500.48,0.0091942983898789,0.023854219170152,0.01937550792929117,2573.179999999993,3970.0892857142867,0.001627909334960994,0.01848019790693608,-0.0029338932745542994,0.09523809523809523,0,0
2025-02-15,97569.66,0.000709283367513,0.0234076349986645,0.018961515045929498,748.679999999993,3844.6949999999997,0.0017082489879357368,0.018579134301896224,-0.002445769179877301,0.051587301587301584,0,0
2025-02-16,96118.12,-0.0149887326438573,0.0228307795196383,0.017698111305566866,1658.2900000000081,3584.1014285714286,0.0018304773343302077,0.01624052373579247,-0.0021839590574099996,0.04365079365079365,0,0
2025-02-17,95780.0,-0.0035239568777996,0.0228128375655358,0.013998606185364809,1841.5899999999965,2910.714285714286,0.0019351869353231505,0.015356703790488735,-0.001450226934975398,0.03968253968253968,0,0
2025-02-18,95671.74,-0.0011309378701795,0.0223290210053441,0.010593133935536184,3365.820000000007,2752.393571428572,0.0019357655505115204,0.00966455816593182,-0.0014720671646368984,0.027777777777777776,0,0
2025-02-19,96644.37,0.0101149954907171,0.0218753867889969,0.010576851045837141,1870.0,2672.107857142858,0.0016875307772910165,0.00935711689874474,-0.001924651470992602,0.01984126984126984,0,0
2025-02-20,98305.0,0.0170369380244537,0.0217070964415576,0.011506345368833756,2296.270000000004,2590.172857142858,0.001447783842732964,0.010000596244078529,-0.002453439647200198,0.015873015873015872,0,0
2025-02-21,96181.98,-0.0218328685213347,0.0219897066695591,0.013067370275716951,4603.050000000003,2596.2728571428574,0.0012238495022466774,0.012964319053078358,-0.0018645125005928992,0.027777777777777776,0,0
2025-02-22,96551.01,0.0038294476827758,0.0226454701499555,0.013111375880739939,1209.5099999999948,2597.5235714285714,0.0010126957293846075,0.014000602265792464,-0.0007621648487089981,0.04365079365079365,0,0
2025-02-23,96258.0,-0.0030393831239017,0.0221857989038945,0.013137654119511968,1422.0599999999977,2512.664285714286,0.0008931899888497672,0.013012845481091459,-0.0006449806157437996,0.031746031746031744,0,0
2025-02-24,91552.88,-0.0501153577517214,0.0217668321030193,0.01835411497746637,5150.740000000005,2659.931428571429,0.0008651920748755507,0.021496767533708293,-0.0010460054625165,0.01984126984126984,0,0
2025-02-25,88680.4,-0.0318778335074245,0.0265883756636334,0.01952513849550551,6489.699999999997,2866.228571428572,0.0013167352422565274,0.023506430785098197,0.004259354658289298,0.4087301587301587,0,0
2025-02-26,84250.09,-0.0512492578566892,0.0275734498579562,0.021367194135367664,7158.139999999999,3089.5414285714287,0.001793654832485674,0.027981948023876466,0.0056980630689593,0.5238095238095238,1,0
2025-02-27,84708.58,0.0054272577477814,0.0310947840527689,0.021778752984633585,4361.970000000001,3196.3571428571427,0.002757863754191325,0.029322566350481447,0.009387687611211299,0.8174603174603174,1,0
2025-02-28,84349.94,-0.0042427975590886,0.029791385978172,0.021184774013039247,6861.479999999996,3502.664285714286,0.0031950478942465357,0.027681731862476668,0.007801679308612898,0.746031746031746,1,0
2025-03-01,86064.53,0.0201232660499197,0.0285928830715537,0.022555358288316545,2733.220000000001,3644.4171428571435,0.0033923739622454476,0.027681731862476668,0.0059474129215982,0.6150793650793651,1,0
2025-03-02,94270.0,0.0910656416882886,0.0282025256123818,0.034839749077480185,9949.399999999994,4236.6392857142855,0.0034847625110018756,0.028878717085176822,0.0060167267084873,0.5833333333333334,1,0
2025-03-03,86220.61,-0.0892537611894859,0.0395151546657319,0.04203530922664833,9299.350000000006,4769.336428571429,0.005157974307474496,0.042757540297412244,0.017748322562712596,0.9603174603174603,2,0
2025-03-04,87281.98,0.0122347826584601,0.0468335520025605,0.04234200187319108,7467.520000000004,5062.3150000000005,0.00742670481746286,0.04570773457181501,0.020245176338927102,0.996031746031746,2,0
2025-03-05,90606.01,0.0373765195126338,0.0443093754249321,0.04377040269787875,4665.470000000001,5261.9914285714285,0.008388689897354416,0.04570773457181501,0.016735925566975902,0.9841269841269841,2,0
2025-03-06,89931.89,-0.0074679403380368,0.043450550342823,0.04332594789744536,4974.639999999999,5453.303571428572,0.0088385634781431,0.042837117565705976,0.012355766290054096,0.9761904761904762,2,0
2025-03-07,86801.75,-0.0354258232982402,0.0410980418385081,0.04384855052079368,6615.990000000005,5597.085,0.008809057696119619,0.04395802534690506,0.0113066558603361,0.9642857142857143,2,0
2025-03-08,86222.45,-0.0066961981573037,0.0404464740831023,0.043732580752917895,1678.7799999999988,5630.604285714287,0.008573805624676054,0.04150408682548296,0.011853591011548599,0.9523809523809523,2,0
2025-03-09,80734.37,-0.0657662016000646,0.0383321699222773,0.04631336261703354,6500.0,5993.314285714287,0.007974475741713767,0.04692696267378529,0.010129644309895502,0.9285714285714286,2,0
2025-03-10,78595.86,-0.0268453567037916,0.0418451643638939,0.04526769844013708,6663.550000000003,6101.372142857143,0.0072139823811848405,0.04475660413844882,0.0023300096981620014,0.9642857142857143,2,0
2025-03-11,82932.99,0.0537139060247326,0.0404533419746701,0.04791877438388871,7011.399999999994,6138.636428571429,0.006718433241342698,0.04611424164090369,-0.0063802100278904025,0.9484126984126984,2,0
2025-03-12,83680.12,0.0089685020330385,0.0418641774099418,0.04609527952204491,3932.2000000000116,5908.212142857144,0.006200333030005159,0.04533321051008825,-0.0024451980149903033,0.9642857142857143,2,0
2025-03-13,81115.78,-0.031123917556556,0.0396751051605019,0.046764913245095456,4396.430000000008,5910.673571428573,0.0058503438460561115,0.043809813498420544,-0.003775445182321098,0.9285714285714286,2,0
2025-03-14,83983.2,0.0347392620472,0.0388294264718445,0.04783952798104004,4490.87000000001,5741.344285714288,0.0052359236189010085,0.04680719837650694,-0.002268615366663597,0.9166666666666666,2,0
2025-03-15,84338.44,0.004220972745168,0.038390703148141,0.04750463510067694,1058.2799999999988,5621.705714285717,0.004216953525228376,0.04680719837650694,-0.0020557709349613013,0.9087301587301587,2,0
2025-03-16,82574.53,-0.0211364721204958,0.0364155128418253,0.03948397775279327,3135.9199999999983,5135.028571428574,0.0027205333772871,0.044417264651124416,-0.0019166570804520014,0.8849206349206349,2,0
2025-03-17,84010.03,0.01723491701172,0.0352226203963676,0.03258446396919697,2300.8300000000017,4635.134285714288,0.0030948567498090343,0.03341708995245746,-0.006622543967526297,0.8650793650793651,2,0
2025-03-18,82715.03,-0.0155348697269559,0.0339353260758685,0.032505901438454124,2887.0800000000017,4307.960000000002,0.0029861213630051745,0.03173768557186378,-0.006518015898801598,0.8412698412698413,1,0
2025-03-19,86845.94,0.0487344175789452,0.0326931368484492,0.03373227464279195,4452.8399999999965,4292.772142857145,0.0031815464117754388,0.03173768557186378,-0.0091710405614926,0.8015873015873016,1,0
2025-03-20,84223.39,-0.0306630706836426,0.0347775241193471,0.03452740374236647,3798.4400000000023,4208.757857142859,0.0030393514417777698,0.033434075534036954,-0.0048975810411548,0.8611111111111112,2,0
2025-03-21,84088.79,-0.0015994092488558,0.0344762852002028,0.03337500731603611,1675.0800000000017,3855.835714285716,0.003059010336825914,0.03100457306614763,-0.0043531412716417,0.8531746031746031,2,0
2025-03-22,83840.59,-0.0029560066348182,0.0328202586725081,0.03335179672517037,914.0699999999924,3801.213571428573,0.003201921772810868,0.030931713728744297,-0.005570444475632895,0.8095238095238095,1,0
2025-03-23,86082.5,0.02638888098096,0.0313228487480772,0.02854660784437276,2319.8899999999994,3502.634285714287,0.0035296441205921905,0.021807515220595618,-0.005092664093748103,0.7579365079365079,1,0
2025-03-24,87498.16,0.0163116258283668,0.031084872503032,0.027189818530882672,3246.3399999999965,3258.547857142858,0.003476157730329704,0.02084986356518814,-0.004137747893335601,0.7301587301587301,1,0
2025-03-25,87392.87,-0.0012040641846589,0.0301752940170584,0.023783258209348606,2229.6300000000047,2916.9928571428586,0.0035152793311993558,0.019308586671229006,-0.003760032058810099,0.6825396825396826,1,0
2025-03-26,86909.17,-0.0055501500919206,0.0289114761263788,0.023854236900354812,2415.0,2808.6214285714295,0.003301832435607719,0.018167810822734613,-0.0037816607220703957,0.5833333333333334,1,0
2025-03-27,87232.01,0.0037078004164339,0.027821307893692,0.021780917193034335,1956.3899999999994,2634.3328571428574,0.003308307936963012,0.01545434084492624,-0.0069562162256551,0.4880952380952381,1,0
2025-03-28,84424.38,-0.0327151282624953,0.0268082424669834,0.022198869905088018,3930.6699999999983,2594.318571428571,0.0033361877903731836,0.018513968287112326,-0.007668042733219402,0.373015873015873,0,0
2025-03-29,82648.54,-0.0212590631891735,0.0278543078854078,0.022892888975556098,2979.9199999999983,2731.5785714285707,0.0030812919691722233,0.018838742413709513,-0.004965950787100302,0.5,1,0
2025-03-30,82389.99,-0.003133210305684,0.0276387541853462,0.022196792439964263,1969.6399999999994,2648.2728571428565,0.0029460905071352216,0.01750285847984719,-0.003684094562730996,0.45634920634920634,1,0
2025-03-31,82550.01,0.0019403425512951,0.0266366085065033,0.021644317083325166,2664.5599999999977,2674.2535714285705,0.0029176848815773756,0.01750285847984719,-0.004448263996528701,0.3492063492063492,0,0
2025-04-01,85158.34,0.031108055610872,0.0257240867980212,0.02283384050240487,3146.720000000001,2692.799285714285,0.002997537799978354,0.01773350753960048,-0.0044512072190372,0.2698412698412698,0,0
2025-04-02,82516.29,-0.0315166187211986,0.0267628804187388,0.02013411638870435,6180.0,2816.1678571428565,0.0029930532597529963,0.01974592946202652,-0.002148595707640002,0.373015873015873,0,0
2025-04-03,83213.09,0.0084089387880865,0.0276783427039215,0.018763436841058866,2786.779999999999,2743.9064285714276,0.002603801876614709,0.01791958310453915,-0.00014296518977049977,0.4722222222222222,1,0
2025-04-04,83889.87,0.0081002000260586,0.0267856425134298,0.018912597348670075,3061.0,2842.900714285713,0.0021215680702526703,0.01914729954543592,-2.259995355359881e-05,0.373015873015873,0,0
2025-04-05,83537.99,-0.0042033687594589,0.0259767538860078,0.018929666504633052,1886.050000000003,2912.327857142857,0.0017956629057495994,0.01918058502340866,-0.0018775539994000008,0.3055555555555556,0,0
2025-04-06,78430.0,-0.0630949912246183,0.0251594956203231,0.02373693677586421,6663.800000000003,3222.6071428571427,0.0016527439793317738,0.0286274383470564,-0.0024792585650231028,0.2261904761904762,0,0
2025-04-07,79163.24,0.0093055424346957,0.0314852534798462,0.023285164530870765,6735.580000000002,3471.838571428572,0.0017215548736899244,0.0286274383470564,0.004848644973342902,0.7698412698412699,1,0
2025-04-08,76322.42,-0.0365453144265597,0.0302392087852285,0.02447616182384483,4628.090000000011,3643.1571428571438,0.0017291776519872816,0.03140531811352071,0.004515121987207299,0.6944444444444444,1,0
2025-04-09,82615.22,0.079227189821367,0.0311775691687968,0.03415040200467555,8968.0,4111.228571428573,0.001958806890839771,0.03350809684762478,0.004414688750058002,0.7380952380952381,1,0
2025-04-10,79607.3,-0.0370881278659993,0.0389097795482165,0.035201452880774996,4288.850000000006,4277.832857142858,0.0035822604413243866,0.03397623638120716,0.011231436844295,0.9166666666666666,2,0
2025-04-11,83423.84,0.0468283226478618,0.0386789411817131,0.037022734134793046,5330.419999999998,4377.815000000001,0.004453034941195152,0.03415259348408008,0.011893298668283297,0.9087301587301587,2,0
2025-04-12,85276.9,0.0219694890766071,0.0395208620700128,0.036992445745735986,3112.050000000003,4387.252857142858,0.005185717741804727,0.03585352080372892,0.013544108184004998,0.9246031746031746,2,0
2025-04-13,83760.0,-0.017948042350266,0.0380623318062786,0.03736784795560814,3065.770000000004,4465.547857142859,0.005531179252364184,0.036572222932912325,0.012902836185955498,0.8849206349206349,2,0
2025-04-14,84591.58,0.0098791679099754,0.0365323229601771,0.03744047234183706,2121.9900000000052,4426.792857142859,0.005574623879479498,0.036572222932912325,0.005047069480330894,0.8690476190476191,2,0
2025-04-15,83643.99,-0.0112651566020129,0.0348319363832205,0.03658718270566225,2896.4199999999983,4408.914285714288,0.005360866856018706,0.03412596140936797,0.0045927275979919975,0.8452380952380952,2,0
2025-04-16,84030.38,0.0046088222541111,0.0333306004703522,0.035549975812709016,2388.3600000000006,4138.082857142859,0.005123858601505746,0.03454169325896435,0.002153031301555395,0.8055555555555556,1,0
2025-04-17,84947.91,0.0108598449834591,0.0318064080587799,0.03559369085085416,1733.75,4062.866428571431,0.004925051578393295,0.03454169325896435,-0.0071033714894366,0.7579365079365079,1,0
2025-04-18,84474.69,-0.0055862822389656,0.0305803959366071,0.03558564652991288,828.1199999999953,3903.3750000000023,0.004651450618932962,0.03204902046292674,-0.008098545245105997,0.6904761904761905,1,0
2025-04-19,85077.01,0.0071048834511913,0.029328890083319,0.03559910471929964,1313.5400000000081,3862.481428571431,0.004319553648784441,0.034574339423681655,-0.010191971986693797,0.6190476190476191,1,0
2025-04-20,85179.24,0.0012008958529978,0.0282324277134845,0.030423112358919955,1371.2399999999907,3484.44142857143,0.003920235191317309,0.025263933826184016,-0.009829904092794096,0.5357142857142857,1,0
2025-04-21,87516.23,0.0270665197044674,0.0271559405165175,0.030942092580729653,3321.2300000000105,3240.559285714288,0.004269165806164936,0.025263933826184016,-0.009376382443659598,0.4126984126984127,1,0
2025-04-22,93442.99,0.0655272558342847,0.0275412212922303,0.03186232232054933,6811.970000000001,3396.550714285716,0.004481186425683906,0.02153933468873234,-0.007290715090990198,0.44047619047619047,1,0
2025-04-23,93691.08,0.0026514695623873,0.0336353596126623,0.025903521106716853,2760.6399999999994,2953.167857142859,0.004441144032243078,0.02153933468873234,0.00030475914231010287,0.8412698412698413,1,0
2025-04-24,93980.47,0.0030840074520419,0.0320614175391482,0.022394382913963493,2344.9900000000052,2814.320714285716,0.004160515603666136,0.012652305807351208,0.0002550094803683012,0.7857142857142857,1,0
2025-04-25,94638.68,0.0069792772557715,0.030634833659128,0.02001324060711747,2902.079999999987,2640.8678571428577,0.003852519035074973,0.012652305807351208,5.443772252089821e-05,0.7103174603174603,1,0
2025-04-26,94628.0,-0.00011285663183,0.0294077681069353,0.01978210162293241,1328.3099999999977,2513.4578571428574,0.0033211174371839303,0.010957363544068746,7.887802361630086e-05,0.6428571428571429,1,0
2025-04-27,93749.3,-0.0093292171941836,0.0282146111983686,0.019052142414334006,1766.4199999999983,2420.6471428571426,0.0028716583261291086,0.007828750420674685,-1.7816515115901682e-05,0.5396825396825397,1,0
2025-04-28,95011.18,0.0133703707308452,0.0272964096169409,0.019100743490971357,2829.9900000000052,2471.218571428571,0.002531176770740124,0.007828750420674685,0.00014046910042339947,0.42857142857142855,1,0
2025-04-29,94256.82,-0.0079713844339099,0.0266461333539667,0.01886002243018396,1718.9900000000052,2387.116428571429,0.002339450656929639,0.0067415975317828515,-0.0008950879382636015,0.3373015873015873,0,0
2025-04-30,94172.0,-0.000900286970209,0.0258480188362381,0.01900509860282788,2318.449999999997,2382.1228571428574,0.0023019068071800882,0.006043294891876295,-0.0077873407764241995,0.2698412698412698,0,0
2025-05-01,96489.91,0.0243155458100101,0.0250107005192098,0.019487406209194882,3293.590000000011,2493.540000000001,0.0024169920736419903,0.006043294891876295,-0.0070507170199384,0.19444444444444445,0,0
2025-05-02,96887.14,0.0041083526584184,0.0254436521491392,0.019093662079279265,1545.679999999993,2544.7942857142866,0.0024957837396094784,0.006152245860202356,-0.005191181509988797,0.23809523809523808,0,0
2025-05-03,95856.42,-0.010695349046804,0.0246808634994529,0.019863533155360654,1182.6600000000035,2535.4457142857145,0.0026550888557122787,0.007290967120080564,-0.004726904607482402,0.1746031746031746,0,0
2025-05-04,94277.62,-0.0166076131092118,0.0242010238474651,0.020910967073918738,2153.0999999999913,2591.2928571428574,0.002838620867016489,0.009500910666139176,-0.0040135873509035,0.11904761904761904,0,0
2025-05-05,94733.68,0.0048257525878714,0.0241125592762422,0.02011944550696798,1684.8999999999942,2474.412142857142,0.0029955550560938817,0.009500910666139176,-0.003183850340698697,0.10714285714285714,0,0
2025-05-06,96834.02,0.0219287924377571,0.0235067666708765,0.01179029033466524,3543.649999999994,2240.960714285713,0.0031778337426380506,0.009500910666139176,-0.0031393666830902,0.051587301587301584,0,0
2025-05-07,97030.5,0.0020269832486352,0.0239395440795011,0.011791042735092775,1947.3899999999994,2182.8714285714273,0.00268393524061208,0.009500910666139176,-0.0019084747567369997,0.0873015873015873,0,0
2025-05-08,103261.6,0.062240212129403,0.0233119625967273,0.0198567457353658,7269.470000000001,2534.6199999999985,0.0022772644728646574,0.009500910666139176,-0.0016987379224824989,0.03968253968253968,0,0
2025-05-09,102971.99,-0.002808564699583,0.0300496303334515,0.02001882909215516,2046.1600000000035,2473.4828571428566,0.00218675384281752,0.008859956921755051,0.004605978184312298,0.7341269841269841,1,0
2025-05-10,104809.53,0.0176876933678986,0.0288088545000235,0.02016357044348405,2165.810000000012,2533.3042857142864,0.0021161717349829808,0.00956973632489543,0.0041279910005706,0.6388888888888888,1,0
2025-05-11,104118.0,-0.0066198315306778,0.0282306062349646,0.020004065598659505,1626.9400000000023,2523.3414285714293,0.002117584856033956,0.009185740725044477,0.0040295823874995015,0.5912698412698413,1,0
2025-05-12,102791.32,-0.0128239576779254,0.0272318759443614,0.020627342647052058,5101.080000000002,2685.5621428571435,0.0021141253567281463,0.009788629602989566,0.0031193166681191993,0.4642857142857143,1,0
2025-05-13,104103.72,0.0126867961942682,0.0265619897412675,0.02031669961641775,3546.550000000003,2816.1021428571435,0.002111614073749451,0.010059638137448786,0.0030552230703910013,0.36507936507936506,0,0
2025-05-14,103507.82,-0.0057405444459615,0.0259602514117409,0.020503592008720987,1754.8999999999942,2775.8485714285716,0.00211209988230636,0.010322477501758123,0.0020207073322397982,0.32142857142857145,0,0
2025-05-15,103763.71,0.0024691295519918,0.02517495916274,0.01988607451898854,2809.62999999999,2741.279999999999,0.002107894050693502,0.010322477501758123,0.0018629965660126972,0.25,0,0
2025-05-16,103463.9,-0.0028935353660735,0.0244187357504694,0.020003109428126498,1449.8399999999965,2734.4342857142847,0.0021388319750557444,0.009619131216788267,-0.005630894582982101,0.1626984126984127,0,0
2025-05-17,103126.65,-0.0032649150658752,0.0237480846562958,0.01965907135235163,1097.3600000000006,2728.3414285714275,0.0021879202223993367,0.008815270652314827,-0.0050607698437276985,0.07539682539682539,0,0
2025-05-18,106454.26,0.0317575648000758,0.0231555717216669,0.019777139784553012,3554.9100000000035,2828.470714285714,0.0022582997292602994,0.006685184658751992,-0.005075034513297702,0.03968253968253968,0,0
2025-05-19,105573.74,-0.0083057432217508,0.0247269144209855,0.020278846298280365,5108.619999999995,3073.0221428571426,0.00223328529864502,0.006939900513854002,-0.0025049615233759016,0.21825396825396826,0,0
2025-05-20,106849.99,0.0120162220708373,0.0241483482369988,0.019915066630025624,3135.279999999999,3043.8528571428574,0.0021925672592582194,0.006939900513854002,-0.002413641504268701,0.13095238095238096,0,0
2025-05-21,109643.99,0.0258127744242102,0.0237933300813997,0.020462448990382607,4697.37000000001,3240.280000000001,0.0022018047627788114,0.006939900513854002,-0.0021669213303411976,0.08333333333333333,0,0
2025-05-22,111696.21,0.0185441127291969,0.0245625493369723,0.013977464694046515,2802.6300000000047,2921.220000000001,0.002122918701272018,0.006939900513854002,-0.0006124098257676985,0.19047619047619047,0,0
2025-05-23,107318.3,-0.0399835903745309,0.0245659005844238,0.01849921596195075,5000.0,3132.208571428572,0.001741168502786809,0.01659576106618741,0.0001471648339544003,0.19444444444444445,0,0
2025-05-24,107761.91,0.004125071563271,0.026991646206192,0.018017079249485132,2630.6199999999953,3165.4092857142855,0.0015179928958754894,0.01659576106618741,0.003243561549896197,0.4801587301587302,1,0
2025-05-25,109004.19,0.011462065339149,0.0260684219548187,0.01800094351955699,2699.350000000006,3242.0099999999998,0.00128113512543211,0.01772057574340874,0.0029128502331518015,0.38095238095238093,0,0
2025-05-26,109434.79,0.0039425248895827,0.0254648554011724,0.017394967585835253,1751.6399999999994,3002.7642857142855,0.0011309842047861733,0.018545398014289668,0.0007379409801868998,0.30158730158730157,0,0
2025-05-27,108938.17,-0.0045483731700137,0.0246971328408083,0.017378853344030703,3201.429999999993,2978.1128571428562,0.0010324252422800352,0.0170310825455293,0.0005487846038095025,0.23015873015873015,0,0
2025-05-28,107781.78,-0.010671846084497,0.0240220256631922,0.017623180646106937,2515.270000000004,3032.4249999999997,0.000997075102907792,0.01742259588556831,0.00022869558179250057,0.1111111111111111,0,0
2025-05-29,105589.75,-0.0205473253252073,0.0236179601097707,0.01870580030026905,3569.050000000003,3086.6692857142866,0.0010242429551838785,0.017902408706136387,-0.0009445892272016004,0.07539682539682539,0,0
2025-05-30,103985.48,-0.0153100281575468,0.0239124421449468,0.019204860267969536,2692.1199999999953,3175.403571428572,0.0010388327760520602,0.018782583412912057,-0.000653458439476999,0.10714285714285714,0,0
2025-05-31,104591.88,0.0058146455448113,0.0237749703093397,0.019226356390543275,1831.449999999997,3227.838571428572,0.0010372919856301518,0.02024367558544979,-0.0032166758968522995,0.0873015873015873,0,0
2025-06-01,105642.93,0.0099989031960419,0.0232291515847231,0.017335950748348032,2114.4199999999983,3124.9464285714284,0.0010299206376129131,0.02024367558544979,-0.0028392703700956014,0.04365079365079365,0,0
2025-06-02,105857.99,0.0020336561573319,0.0228894714027791,0.01719966960084362,2275.75,2922.5985714285716,0.0011177530066924725,0.02186253890465586,-0.002575383998393299,0.03968253968253968,0,0
2025-06-03,105376.89,-0.0045551268035755,0.0223785261085966,0.016890785345684552,1922.1699999999983,2835.9478571428576,0.0012427039533660681,0.020044127223805514,-0.002318606732211702,0.027777777777777776,0,0
2025-06-04,104696.86,-0.0064742251263645,0.0219633926174166,0.015053763926298978,1821.0,2630.492857142857,0.001386177653231201,0.018717897500869732,-0.0020586330457756027,0.015873015873015872,0,0
2025-06-05,101508.68,-0.030924814911037,0.0216455882314934,0.015335699271219909,5537.450000000012,2825.837142857143,0.0015314520758796047,0.020642377483145423,-0.0019723718782772987,0.003968253968253968,0,0
2025-06-06,104288.44,0.0270162096650299,0.0233997221402098,0.014632232249346951,4237.199999999997,2771.3514285714286,0.0015267547781268247,0.01608093141410069,-0.0005127200047370002,0.06746031746031746,0,0
2025-06-07,105552.15,0.0120446218481458,0.0243626013750182,0.015036638283865075,2028.9100000000035,2728.3721428571434,0.0012483892867660303,0.01608093141410069,0.0005876310656785025,0.20634920634920634,0,0
2025-06-08,105734.0,0.0017213626629395,0.0239834460948218,0.014611065481509838,1524.0,2644.4185714285713,0.0010491489782017479,0.01608093141410069,0.000754294510098702,0.14285714285714285,0,0
2025-06-09,110263.02,0.0419420963494108,0.0233486278492308,0.018772092382578567,5211.800000000003,2891.5728571428576,0.0008881624595567974,0.01608093141410069,0.00045915644645170076,0.06746031746031746,0,0
2025-06-10,110274.39,0.0001031117578662,0.0263426183377124,0.018716213071553228,2068.970000000001,2810.682857142858,0.0011477740309362755,0.017269852284261984,0.003964092229115802,0.42063492063492064,0,0
2025-06-11,108645.12,-0.0148849235207304,0.0254528052085969,0.018948510238801723,2328.0099999999948,2797.307142857143,0.0012572002528260546,0.017781823289003913,0.0034894125911803,0.32142857142857145,0,0
2025-06-12,105671.73,-0.0277493887872797,0.0250983339934794,0.019650676258393788,3141.8300000000017,2766.7914285714287,0.0013201455767901842,0.019343368531772806,0.0034527457619859987,0.30158730158730157,0,0
2025-06-13,106066.59,0.0037297023772637,0.0258647844780754,0.019158141661832016,3515.220000000001,2825.584285714286,0.0014419591722309932,0.020052922354365187,0.0024650623378656006,0.36904761904761907,0,0
2025-06-14,105414.64,-0.0061655785271081,0.0250517732303106,0.01921400435364687,1952.0,2834.1950000000006,0.0014775930864599864,0.018477972622038975,0.0006891718552923982,0.2976190476190476,0,0
2025-06-15,105594.01,0.0017001202861059,0.0243738720958173,0.019027502410000823,1634.0400000000081,2799.882142857144,0.001467504155360682,0.018477972622038975,0.0003904260009954981,0.21031746031746032,0,0
2025-06-16,106794.53,0.0113050618075085,0.023696562301606,0.01926483091789552,3972.0100000000093,2921.0435714285736,0.0014355574091200081,0.018477972622038975,0.00034793445237520093,0.10714285714285714,0,0
2025-06-17,104551.17,-0.0212300913561662,0.0233607077978047,0.0201070734135999,4400.319999999992,3098.0542857142873,0.0013690610352530765,0.02032478139332804,-0.0029819105399077027,0.07142857142857142,0,0
2025-06-18,104886.78,0.0032048660451344,0.0237520980661052,0.02005448073832747,2050.270000000004,3114.4307142857165,0.0012264537775482267,0.022075619316941453,-0.0017007071424916982,0.11507936507936507,0,0
2025-06-19,104658.59,-0.0021779540173216,0.0231583068714375,0.01799636245035129,1296.8999999999942,2811.5342857142864,0.0010284180674385286,0.01723406015744557,-0.0019400271220419013,0.05952380952380952,0,0
2025-06-20,103297.99,-0.013085610610986,0.0226184952591674,0.01689755497983937,4179.649999999994,2807.423571428572,0.0011038219966323694,0.016614739202560545,-0.003246289218907999,0.03968253968253968,0,0
2025-06-21,102120.01,-0.0114692277493535,0.0225108395413131,0.016702782596908116,3144.7400000000052,2887.125714285715,0.0012045380925840758,0.01598142018443897,-0.0025409336889975,0.03968253968253968,0,0
2025-06-22,100963.87,-0.0113859602263612,0.0223287367198226,0.016823258550779454,5199.619999999995,3149.6700000000005,0.0013031580180147763,0.015481766000917954,-0.0020451353759947007,0.031746031746031744,0,0
2025-06-23,105333.93,0.0423728593887915,0.0221653016495653,0.016912520821383153,6460.869999999995,3238.8892857142855,0.0013889876221030105,0.015481766000917954,-0.0015312606520407022,0.027777777777777776,0,0
2025-06-24,106083.0,0.007086217120932,0.0255114639728155,0.017121235213007582,1667.979999999996,3210.247142857142,0.0012950009453885638,0.015481766000917954,0.002150756175010801,0.34523809523809523,0,0
2025-06-25,107340.58,0.0117849635445264,0.0248084838170478,0.01715300390621481,2327.270000000004,3210.194285714286,0.001247073909128179,0.015565161097048204,0.0010563857509425997,0.2857142857142857,0,0
2025-06-26,106947.06,-0.0036728244556734,0.0243640374966322,0.01536363508815905,1709.949999999997,3107.9171428571426,0.001206610990663967,0.011584353618159945,0.0012057306251947002,0.2222222222222222,0,0
2025-06-27,107047.59,0.0009395562683032,0.0237100512938664,0.015341583589152434,1378.5800000000017,2955.2999999999997,0.0010543846009055907,0.011584353618159945,0.0010915560346989976,0.12698412698412698,0,0
2025-06-28,107296.79,0.0023252311283279,0.0231006831634276,0.015218435434749503,766.2400000000052,2870.6028571428574,0.000984648643086114,0.012256742244441706,0.0005898436221145019,0.07142857142857142,0,0
2025-06-29,108356.93,0.0098319522617806,0.0225687900540435,0.015390568964501514,1355.979999999996,2850.741428571428,0.0009842301758287181,0.012256742244441706,0.00024005333422090144,0.051587301587301584,0,0
2025-06-30,107146.5,-0.0112336284308618,0.0223017105983764,0.01550328611678472,2056.6600000000035,2713.9307142857133,0.0010221924837322891,0.012115873828534424,0.0001364089488111002,0.03571428571428571,0,0
2025-07-01,105681.14,-0.0137706094588061,0.0221339411504164,0.014822037804619525,2289.149999999994,2563.132857142856,0.0010685137682585845,0.010464045218055391,-0.003377522822399101,0.027777777777777776,0,0
2025-07-02,108849.6,0.0295406654537462,0.0221305332673739,0.01670652005264251,4629.809999999998,2747.3857142857128,0.0010935992119348215,0.010464045218055391,-0.0026779505496738985,0.027777777777777776,0,0
2025-07-03,109584.78,0.0067313833656417,0.0236141534240946,0.016678172432208295,1998.7799999999988,2797.519999999999,0.00110219504089974,0.011267432512755424,-0.0007498840725376002,0.13095238095238096,0,0
2025-07-04,107984.24,-0.0147132057075669,0.0231112163951708,0.016806246816595857,2522.5899999999965,2679.1585714285707,0.001092312003426259,0.011597236953313621,-0.0005988348986956,0.09126984126984126,0,0
2025-07-05,108198.12,0.001978700480306,0.0230387902196964,0.01628134362872766,664.25,2501.980714285713,0.0010768621976010664,0.011622669611937505,-6.189294373120172e-05,0.0873015873015873,0,0
2025-07-06,109203.84,0.0092522364973248,0.0225105497889904,0.01569211010533444,1899.9900000000052,2266.2928571428565,0.0010665117971587785,0.011681097489801616,-5.8240265053102064e-05,0.05952380952380952,0,0
2025-07-07,108262.94,-0.0086533296829767,0.0222258330354751,0.011982287477905779,2186.800000000003,1961.0021428571429,0.0010620235769370047,0.011141564242666144,-7.587756290130046e-05,0.04365079365079365,0,0
2025-07-08,108922.98,0.0060781291164992,0.0219515876175806,0.01195209746853349,1786.9899999999907,1969.5028571428568,0.000883221382868201,0.011141564242666144,-0.00018235353283579947,0.01984126984126984,0,0
2025-07-09,111233.99,0.0209949736167125,0.0216237565589481,0.012764640857467528,3675.2599999999948,2065.787857142856,0.000776805102348673,0.011141564242666144,-0.0005067767084258011,0.003968253968253968,0,0
2025-07-10,116010.0,0.0420403937093798,0.0222576107505699,0.016385111380337304,6368.0,2398.5057142857136,0.0006282163118976719,0.012320538029902463,-0.0013565426735247,0.05555555555555555,0,0
2025-07-11,117527.66,0.0129973158489828,0.0255264094732103,0.016426248868165176,3647.7599999999948,2560.589999999999,0.0009710372035394316,0.012320538029902463,0.0024151930780395015,0.373015873015873,0,0
2025-07-12,117420.0,-0.0009164595002584,0.025058756997559,0.01651483615680864,1299.949999999997,2598.712142857141,0.0011537404683009142,0.01102744328845726,0.0020199667778625988,0.3333333333333333,0,0
2025-07-13,119086.64,0.0140940447900117,0.0243040790856004,0.01662111725838684,2263.2100000000064,2663.5142857142846,0.001211693480361007,0.01102744328845726,0.0017935292966100025,0.24603174603174602,0,0
2025-07-14,119841.18,0.0063160707563305,0.024043054263582,0.01580257287471139,4312.820000000007,2824.6685714285704,0.0012254633004041074,0.010975291791998503,0.0018172212281069022,0.21825396825396826,0,0
2025-07-15,117758.09,-0.0175349307627001,0.0234801630020052,0.016227759118935033,4203.9100000000035,2961.4371428571426,0.001195492611329654,0.01224410298535345,0.0015285753844246006,0.15079365079365079,0,0
2025-07-16,118630.43,0.007380594962262,0.0235532330003676,0.014968475640499792,3046.550000000003,2848.347142857143,0.0011569364208674302,0.01224410298535345,0.001929476441419501,0.15873015873015872,0,0
2025-07-17,119177.56,0.0046014514935439,0.0230770030852811,0.01497289323898236,3545.1399999999994,2958.8014285714285,0.0011548746882491148,0.01224410298535345,0.0008193923347112018,0.1111111111111111,0,0
2025-07-18,117924.84,-0.0105670095006562,0.0225825482031443,0.014567320293099133,4007.9500000000116,3064.8985714285727,0.0011689778602995023,0.011122673905783,-0.002943861270066,0.0873015873015873,0,0
2025-07-19,117840.0,-0.0007197002204577,0.0223472119222243,0.014646391006979812,1222.5599999999977,3104.777857142858,0.0011921064815406427,0.00995362715460923,-0.0027115450753346995,0.07142857142857142,0,0
2025-07-20,117265.12,-0.0048904179181157,0.0218897622647595,0.014897626957841066,2389.779999999999,3139.7628571428577,0.001229930834108452,0.009303132582439621,-0.002414316820840902,0.023809523809523808,0,0
2025-07-21,117380.36,0.0009822478512298,0.0215392405221083,0.014429209273954914,3161.729999999996,3209.4007142857145,0.0012816672230933131,0.009427720196064504,-0.0025038137414737024,0.003968253968253968,0,0
2025-07-22,119954.42,0.021692235206272,0.0211766418114769,0.0150447135379398,4119.800000000003,3376.030000000001,0.0013494714094929657,0.009427720196064504,-0.002303521190528301,0.003968253968253968,0,0
2025-07-23,118755.99,-0.0100409535459071,0.0219491654022175,0.015093088210312487,2789.0,3312.7257142857156,0.0013259317303524198,0.009532665669401162,-0.001604067598150103,0.03571428571428571,0,0
2025-07-24,118340.99,-0.0035006808084236,0.0217681863275045,0.010683724894464888,2346.899999999994,3025.5042857142867,0.0013547416681632164,0.008924165064666853,-0.0013088167577765993,0.027777777777777776,0,0
2025-07-25,117614.31,-0.0061594912042917,0.0214050027351907,0.010307147833209697,3728.4100000000035,3031.2650000000017,0.0012083417433935608,0.008627169195379857,-0.0011775454679536015,0.007936507936507936,0,0
2025-07-26,117919.99,0.0025956319026292,0.0211454729054503,0.0103244721633864,1158.9700000000012,3021.195000000002,0.0010723537360023594,0.009216324713634694,-0.0012017390167739991,0.003968253968253968,0,0
2025-07-27,119415.55,0.0126030833468195,0.0208433738996815,0.010177929713560907,1941.1499999999942,2998.1907142857153,0.0010083509293763375,0.009216324713634694,-0.0010463883650779979,0.003968253968253968,0,0
2025-07-28,118062.32,-0.011396806340219,0.0209424519601887,0.010455901955316801,2372.5,2859.596428571429,0.0009079113717653076,0.009516247181442714,-0.0005967885619195985,0.007936507936507936,0,0
2025-07-29,117950.76,-0.000945371403219,0.0209593670007354,0.009325070196375056,2322.6100000000006,2725.217857142857,0.0008341673898879509,0.0072274789309954846,-0.00021727481074149818,0.011904761904761904,0,0
2025-07-30,117840.3,-0.0009369312651674,0.0206656190371594,0.00908864803482357,2995.770000000004,2721.5907142857145,0.0007154587397573573,0.006821285751882503,-0.0012835463650580983,0.003968253968253968,0,0
2025-07-31,115764.08,-0.0177759909386789,0.0204073685833207,0.010044237925656419,3422.449999999997,2712.827142857143,0.0006411928475113929,0.008571786906074554,-0.0013608177441838017,0.003968253968253968,0,0
2025-08-01,113297.93,-0.0215334292496773,0.0209435234857822,0.011126674351058142,3329.4199999999983,2664.3607142857136,0.0005524592469230501,0.010424884618524137,-0.0004614792494084981,0.01984126984126984,0,0
2025-08-02,112546.35,-0.0066557609918458,0.0217385783090924,0.011151953451444993,2060.4900000000052,2724.212857142857,0.00048182852651512827,0.01063279539476172,0.0005931054036420989,0.05555555555555555,0,0
2025-08-03,114208.8,0.0146632152506764,0.0214533689668581,0.012117797315079571,2879.970000000001,2759.2264285714286,0.0004496711160545923,0.011088769051286048,0.0006099950671765997,0.03968253968253968,0,0
2025-08-04,115055.03,0.0073821836009084,0.0215999387381972,0.012352777490126586,1612.3999999999942,2648.56,0.00045336910446028636,0.011088769051286048,0.0006574867780085002,0.047619047619047616,0,0
2025-08-05,114129.75,-0.0080745765687897,0.021355344299289,0.010487917454304557,2477.8099999999977,2531.274999999999,0.00045474549522313664,0.010825183501539737,0.0003959772985536007,0.03571428571428571,0,0
2025-08-06,114992.27,0.0075289496341817,0.0211660831225948,0.010701201788072198,2360.8699999999953,2500.694285714285,0.0004044524541875141,0.010908840606025396,0.0005004640854354009,0.031746031746031744,0,0
2025-08-07,117472.01,0.0213351837283326,0.0209803528312354,0.012409200208582884,3362.0,2573.201428571428,0.00036814583084281437,0.011504186543311914,0.0005729842479147013,0.027777777777777776,0,0
2025-08-08,116674.74,-0.0068100290199488,0.0217499185005921,0.012433111030899386,1751.2899999999936,2431.9785714285704,0.00039929115618783894,0.011549933049282955,0.0008063950148098978,0.07936507936507936,0,0
2025-08-09,116462.25,-0.0018228772606168,0.0214681533723687,0.012402535569172242,1644.9199999999983,2466.6892857142843,0.0004088706554445022,0.010906320843389768,-0.00027042493672370035,0.05555555555555555,0,0
2025-08-10,119294.01,0.0240239321270632,0.0211194965635891,0.013669132602535942,2850.479999999996,2531.6414285714272,0.0003988349444147705,0.010906320843389768,-0.00033387240326900047,0.031746031746031744,0,0
2025-08-11,118686.0,-0.0051097680255924,0.0221423048462367,0.013368450803940543,4285.050000000003,2668.2521428571417,0.0004665423604652084,0.010364217521890368,0.0005423661080394999,0.13095238095238096,0,0
2025-08-12,120134.08,0.0121271021010791,0.0217670019816603,0.013720922675672872,2116.959999999992,2653.5628571428556,0.00047531840628810024,0.010987830293553803,0.00041165768237129766,0.09523809523809523,0,0
2025-08-13,123306.43,0.0260641056770225,0.0217152179787392,0.015198849467130432,4746.869999999995,2778.6414285714263,0.0004450408890512239,0.011741145455703211,0.0005491348561443982,0.08333333333333333,0,0
2025-08-14,118295.09,-0.0414902925662925,0.0228601882062109,0.018650558267733715,7294.0,3055.180714285712,0.0005030340566712512,0.018402018521534974,0.0018798353749754984,0.21031746031746032,0,0
2025-08-15,117342.05,-0.0080890915304365,0.0258960245928098,0.017692367456432587,2412.8300000000017,2989.709999999998,0.00123423613301231,0.016785132988984774,0.004146106092217702,0.5238095238095238,0,0
2025-08-16,117380.66,0.000328983934688,0.0251818042160876,0.01751172515333415,755.0100000000093,2896.461428571427,0.0015063480739702796,0.017925241382962177,0.0037136508437189027,0.4722222222222222,0,0
2025-08-17,117405.01,0.0002074232221005,0.0244126495343243,0.01719469050200493,1402.7899999999936,2790.9485714285693,0.0016018427102737836,0.017925241382962177,0.003293152970735201,0.3888888888888889,0,0
2025-08-18,116227.05,-0.0100839754772934,0.0237251869080538,0.017404276757699778,2903.6100000000006,2883.1778571428554,0.0016221170578526226,0.017027592033651957,0.0015828820618171008,0.2976190476190476,0,0
2025-08-19,112872.94,-0.0292828443291046,0.0233302353377788,0.01907209012111675,3993.1100000000006,2991.41357142857,0.001596983352155104,0.02007791401547175,0.0015632333561185,0.25,0,0
2025-08-20,114271.24,0.0123121592980695,0.0245646927052396,0.019274368258835876,2235.3800000000047,2982.4499999999994,0.0016074902082258643,0.02007791401547175,0.002849474726500399,0.4126984126984127,0,0
2025-08-21,112500.0,-0.0156216989473509,0.0241750031358163,0.018579553834621634,2806.0899999999965,2942.742142857142,0.0015357527430302405,0.01957643959103137,0.0013148149296054006,0.36507936507936506,0,0
2025-08-22,116935.99,0.0386734694256478,0.0240241602910744,0.021608569103939452,5744.260000000009,3227.9542857142856,0.001495966416977494,0.02076920591795823,-0.0018718643017354014,0.3492063492063492,0,0
2025-08-23,115438.05,-0.0128926686390684,0.0263715343816294,0.02188743142935173,2470.0,3286.8885714285716,0.0016011203746548058,0.021322079181541248,0.001189730165541799,0.5952380952380952,0,0
2025-08-24,113493.59,-0.0169876628753389,0.0258014451343131,0.021062755681128736,4986.679999999993,3439.4742857142855,0.0015156125992686208,0.020829660685947243,0.0013887955999888,0.5357142857142857,0,0
2025-08-25,110111.98,-0.0302485115739088,0.0255362058344089,0.02224346720687792,4393.179999999993,3447.1978571428563,0.0014666546099322433,0.02334486249021157,0.0018110189263550978,0.5238095238095238,0,0
2025-08-26,111763.22,0.0148846782912901,0.0265075056780921,0.02242168709341711,3704.3399999999965,3560.5821428571426,0.0013973536367296788,0.02334486249021157,0.0031772703403133012,0.6071428571428571,0,0
2025-08-27,111262.01,-0.0044946559972949,0.026028055285605,0.020558309786798467,2279.5800000000017,3384.347142857143,0.0011752649395456952,0.02206068088510294,0.0014633625803654009,0.5793650793650794,0,0
2025-08-28,112566.9,0.0116598412911823,0.0252104447731902,0.01857941594615388,2623.479999999996,3050.738571428571,0.0010212899379127298,0.01822984638166409,0.0010354416373739017,0.5,0,0
2025-08-29,108377.4,-0.0379281313827633,0.0247134233500642,0.020728027973765096,5174.740000000005,3248.0178571428573,0.0009949114136357763,0.02244918746077724,0.0006892630589898016,0.4444444444444444,0,0
2025-08-30,108816.33,0.0040418348867223,0.0268125216090657,0.02083425762037818,1576.0499999999884,3306.66357142857,0.001110355657275276,0.02244918746077724,0.0004409872274362993,0.6507936507936508,0,0
2025-08-31,108246.35,-0.0052517670016207,0.0259062840352535,0.020771997471288845,1403.090000000011,3306.685,0.001112369051352605,0.021237569430485572,0.00010483890094039813,0.5674603174603174,0,0
2025-09-01,109237.42,0.0091140305348318,0.0251160471653348,0.021098652883289933,2657.399999999994,3289.0985714285707,0.001030238160430272,0.022241916049448175,-0.00042015866907409855,0.4880952380952381,0,0
2025-09-02,111240.01,0.0181664406573265,0.0245227966251923,0.02060455990668445,3378.1300000000047,3245.1714285714284,0.0008960605039982635,0.02104463849060926,-0.0019847090528998003,0.4166666666666667,0,0
2025-09-03,111705.71,0.0041777045760742,0.0245032794329334,0.02031165971740526,2046.5599999999977,3231.6842857142847,0.0009004870037234293,0.02104463849060926,-0.001524775852671599,0.4166666666666667,0,0
2025-09-04,110730.87,-0.0087651612090677,0.0238424628219601,0.020028825486998036,2850.8800000000047,3234.883571428571,0.0009381309714824637,0.02046923907240294,-0.0013679819512301024,0.32936507936507936,0,0
2025-09-05,110659.99,-0.0006403155254179,0.0233808410236259,0.01645589424417087,3177.659999999989,3051.554999999998,0.0010202182561947289,0.019148558174815675,-0.0013325823264383023,0.2619047619047619,0,0
2025-09-06,110187.97,-0.0042746214974691,0.0228067501199924,0.01625521433767452,1330.699999999997,2970.1764285714266,0.0011674534601253024,0.018659413595100625,-0.004005771489073301,0.20238095238095238,0,0
2025-09-07,111137.34,0.00857900818254,0.0223366764538515,0.016036856157647387,1420.0,2715.41357142857,0.001348856836799581,0.018886159088216812,-0.0035696075814019984,0.17063492063492064,0,0
2025-09-08,112065.23,0.0083143786859416,0.0220460660367913,0.013886522274605406,2302.5899999999965,2566.085714285713,0.0015149532273093216,0.016236977260259716,-0.0030699811285435016,0.13095238095238096,0,0
2025-09-09,111546.39,-0.0046405542886382,0.0217806466982948,0.01338385045753263,2526.62999999999,2481.9635714285696,0.0015713790453956967,0.015134498563626768,-0.002742149926897499,0.10714285714285714,0,0
2025-09-10,113960.0,0.0214069514442627,0.0214375530305515,0.014480696189321619,3395.6800000000076,2561.6849999999986,0.0016412808439046004,0.016243816233020934,-0.0030657264023819,0.05555555555555555,0,0
2025-09-11,115482.69,0.0132731389706215,0.0221401362226273,0.014572085308889924,2058.0899999999965,2521.299999999999,0.001655878876146757,0.016243816233020934,-0.0017023265993327992,0.15079365079365079,0,0
2025-09-12,116029.42,0.0047231310394018,0.0221056336192256,0.009023489839061694,1924.6399999999994,2289.1499999999983,0.0016757328995127103,0.0053782198669219865,-0.0012752074044002984,0.14285714285714285,0,0
2025-09-13,115918.29,-0.0009582332889035,0.0217259401103384,0.009156889166446799,1171.5099999999948,2260.2542857142844,0.0014315360224312658,0.004925181142535683,-0.0010808100096539978,0.09126984126984126,0,0
2025-09-14,115268.01,-0.0056256077023171,0.0213413159788144,0.009188056665095184,1030.1900000000023,2233.61857142857,0.00125679215610624,0.004993510139868079,-0.0009953604750371006,0.047619047619047616,0,0
2025-09-15,115349.71,0.0007085318805337,0.0210747083426499,0.009137095111213609,2373.9900000000052,2213.374999999999,0.0011406498844951096,0.004993510139868079,-0.0009713576941413997,0.031746031746031744,0,0
2025-09-16,116788.96,0.0124000748497898,0.0207661755557988,0.008555437364690926,2227.1600000000035,2131.162857142856,0.0010685914718083806,0.004993510139868079,-0.0010144711424960005,0.011904761904761904,0,0
2025-09-17,116447.59,-0.0029272448401407,0.0208637200296561,0.008719825650748516,2565.9199999999983,2168.259999999999,0.0009043800831167856,0.00475363955986692,-0.0005738330008954011,0.01984126984126984,0,0
2025-09-18,117073.53,0.0053608983982726,0.0206000536528532,0.008048994052129065,1807.2400000000052,2093.714285714285,0.0007982780946153585,0.0036821998052563,-0.001540082569774101,0.007936507936507936,0,0
2025-09-19,115632.38,-0.0123861781142071,0.0204178279374338,0.009109747263568602,2359.9900000000052,2035.3092857142858,0.0007196399909316503,0.006249786352878379,-0.0016878056817918007,0.007936507936507936,0,0
2025-09-20,115685.63,0.0004604051447678,0.020562513214155,0.008898763401355935,713.3399999999965,1991.212142857143,0.0006613555015125775,0.006573987949382383,-0.0011634268961834004,0.011904761904761904,0,0
2025-09-21,115232.29,-0.0039264218421894,0.0203151997053015,0.008974634090063282,631.0599999999977,1934.8592857142855,0.0006550289742867886,0.006211593680046289,-0.0010261162735129004,0.003968253968253968,0,0
2025-09-22,112650.99,-0.0226555490034083,0.0201358462783741,0.011034187284138488,3579.25,2026.0492857142858,0.0006700624563671793,0.010314880214814358,-0.0009388620642757986,0.003968253968253968,0,0
2025-09-23,111998.8,-0.0058062981699453,0.0211831058850197,0.011079232986192919,1831.770000000004,1976.4164285714298,0.0006411276469119674,0.010398871032502192,0.0004169303292208999,0.07936507936507936,0,0
2025-09-24,113307.0,0.011612792050812,0.0209407139721944,0.009888427777613505,2897.3399999999965,1940.8207142857148,0.0006315759336508552,0.010398871032502192,7.699394253830177e-05,0.04365079365079365,0,0
2025-09-25,108994.49,-0.0388036185100837,0.0209696612521961,0.01348569731417993,4878.720000000001,2142.2942857142866,0.0005419059726554367,0.016817685782868592,0.00036960759934290266,0.05952380952380952,0,0
2025-09-26,109643.46,0.0059364982695484,0.0240261552399358,0.013550714680498118,1679.929999999993,2124.815,0.0009512355141775824,0.016817685782868592,0.0036083273025020006,0.4365079365079365,0,0
2025-09-27,109635.85,-6.94091932622598e-05,0.02345528649333,0.013568352621552445,679.5100000000093,2089.672142857144,0.0011375699996317421,0.016814290972750494,0.0028927732791750004,0.3531746031746032,0,0
2025-09-28,112163.95,0.0227972206435218,0.0228720746512858,0.015316945164982852,3160.0099999999948,2241.8021428571437,0.0012236026437179026,0.017849031927771243,0.0025568749459842985,0.29365079365079366,0,0
2025-09-29,114311.96,0.0189695620345702,0.0234826859422238,0.01630632586084284,2839.350000000006,2275.0421428571435,0.0013521683813252662,0.017849031927771243,0.003346839663849698,0.36507936507936506,0,0
2025-09-30,114048.93,-0.002303635410767,0.023665826186254,0.015869105092925554,2135.729999999996,2268.511428571429,0.0014541669765916942,0.016716093747553284,0.0024827203012342987,0.38492063492063494,0,0
2025-10-01,118594.99,0.0390866760019967,0.0230708621464371,0.019234143275861808,4682.430000000008,2419.6907142857153,0.0014785463354268396,0.017835973116396737,0.0021301481742426985,0.3055555555555556,0,0
2025-10-02,120529.35,0.0161790488991382,0.0256849297891205,0.019622989841509498,2742.7600000000093,2486.5135714285725,0.0017511233222553303,0.017835973116396737,0.004715268536924399,0.6428571428571429,0,0
2025-10-03,122232.0,0.0140275865129559,0.0253815783129094,0.019393796200190352,4646.690000000002,2649.849285714287,0.0018618082790466323,0.018589585573580918,0.0013554230729736008,0.6150793650793651,0,0
2025-10-04,122391.0,0.0012999597126288,0.024986357521201,0.019383422394807552,1290.0,2691.039285714287,0.0018733103375064915,0.018589585573580918,0.001531071027870999,0.5714285714285714,0,0
2025-10-05,123482.31,0.0088770689789274,0.0242410849129287,0.01928119903758115,3572.4199999999983,2901.13642857143,0.0017514436166310126,0.020288022881996683,0.0013690102616429022,0.48412698412698413,0,0
2025-10-06,124658.54,0.009480412513902,0.0237378447830355,0.017581308067456884,3115.6300000000047,2868.0207142857157,0.001524514541740779,0.019651625006957246,0.0002551588408116999,0.40476190476190477,0,0
2025-10-07,121332.95,-0.0270398998328911,0.0233162045222286,0.019593564680843664,4551.059999999998,3062.2557142857154,0.0013854007936837571,0.023675876679601242,-0.0003496216640253985,0.3373015873015873,0,0
2025-10-08,123306.0,0.0161306511638574,0.0242956726372885,0.019734816987212692,3131.1100000000006,3078.953571428573,0.0011711965869776887,0.023675876679601242,0.001224810490851401,0.5,0,0
2025-10-09,121662.4,-0.0134190749805203,0.0241628292730715,0.016135646767622507,4111.470000000001,3024.1500000000015,0.0008426570479156427,0.015137200121286127,-0.0015221005160490006,0.48412698412698413,0,0
2025-10-10,112774.5,-0.075859746128426,0.0238805716928354,0.027611371597011544,20550.0,4372.012142857145,0.0008435673928586572,0.03652736068405902,-0.0015010066200740017,0.4444444444444444,0,0
2025-10-11,110644.4,-0.0190687944931955,0.0333692249350797,0.028182501523455316,3760.800000000003,4592.1042857142875,0.002622168233493251,0.03750961076445426,0.008382867413878697,0.9007936507936508,1,0
2025-10-12,114958.8,0.038252348118231,0.0323723301415156,0.029393280072253797,6204.940000000002,4809.599285714287,0.0032580027993111844,0.03750961076445426,0.008131245228586902,0.8849206349206349,1,0
2025-10-13,115166.0,0.001800762507921,0.0331752363067391,0.02897512646971055,2347.3099999999977,4774.453571428573,0.0038027410488104332,0.03750961076445426,0.009437391523703605,0.8928571428571429,1,0
2025-10-14,113028.14,-0.0187377515517983,0.0316369017137315,0.02942818321033355,5543.960000000006,5017.898571428574,0.004002424779904161,0.03842044012141323,0.008320697191502899,0.8690476190476191,1,0
2025-10-15,110763.28,-0.0202415028158533,0.0308065899517339,0.027473856702612636,3448.350000000006,4929.750000000002,0.004002028354277815,0.036033247452548815,0.006510917314445398,0.8452380952380952,1,0
2025-10-16,108194.28,-0.0234668114929164,0.0301647227547447,0.027177886207362847,4555.449999999997,5059.227857142859,0.004048868571849352,0.034519271581256436,0.006001893481673199,0.8253968253968254,1,0
2025-10-17,106431.68,-0.0164252229988886,0.0298328718175979,0.0265146854830588,5711.770000000004,5135.305000000001,0.004041300791861745,0.03280786629008923,0.0059523001247625,0.8174603174603174,1,0
2025-10-18,107185.01,0.00705312981834,0.0290648450440981,0.026744987298185124,1176.800000000003,5127.219285714287,0.003964835879223184,0.03280786629008923,-0.004304379890981598,0.8015873015873016,1,0
2025-10-19,108642.78,0.0135088458148793,0.0279932749019145,0.027016750347521854,3346.7100000000064,5111.097142857145,0.003804060586846343,0.03280786629008923,-0.004379055239601103,0.7698412698412699,1,0
2025-10-20,110532.09,0.0172406334529959,0.027272811026058,0.027503509557009163,4303.039999999994,5195.912142857144,0.0035804822275192056,0.03280786629008923,-0.005902425280681103,0.7380952380952381,1,0
2025-10-21,108297.67,-0.0204222465741938,0.0268457459431695,0.027217424293854212,6526.279999999999,5336.999285714287,0.0032869338150969306,0.032203960735116444,-0.004791155770561998,0.7222222222222222,1,0
2025-10-22,107567.44,-0.0067656397595055,0.0266941369065227,0.026321420619655853,2497.1900000000023,5291.719285714287,0.003083610330970061,0.030445825434672162,-0.004112453045211198,0.7023809523809523,0,0
2025-10-23,110078.18,0.0230728409142155,0.0258567589290334,0.027701218847475607,3793.6100000000006,5269.015000000001,0.002903332806178524,0.03194225846009864,-0.004307963825711299,0.6428571428571429,0,0
2025-10-24,111004.89,0.0083834137779135,0.0260546623495394,0.01958903120280856,2404.970000000001,3972.94142857143,0.002642683459116744,0.018546320087764443,-0.0037782094680584993,0.6666666666666666,0,0
2025-10-25,111646.27,0.0057613153607327,0.0253328681906876,0.018953646637077912,1270.3300000000017,3795.050714285716,0.002578533471544372,0.018457803219600562,-0.0037319768534105,0.5912698412698413,0,0
2025-10-26,114559.4,0.0257578960116831,0.0246148339417001,0.01726556181177849,4206.350000000006,3652.2942857142875,0.0025837329081386563,0.018457803219600562,-0.003378440960214401,0.5277777777777778,0,0
2025-10-27,114107.65,-0.0039511646974528,0.0252493593661476,0.017281473139443237,2569.9900000000052,3668.200000000002,0.002267979311744882,0.017153736371945234,-0.0020234516599103997,0.5873015873015873,0,0
2025-10-28,112898.45,-0.0106535589733116,0.0245046105709206,0.016758075233192515,3875.0,3548.9885714285733,0.00210419869460013,0.01613403539198285,-0.002341135372248903,0.503968253968254,0,0
2025-10-29,110021.29,-0.0258148495782304,0.0240433243130548,0.017330243284288453,4443.729999999996,3620.087142857144,0.0019759072602476024,0.01723301527679087,-0.002650812593467902,0.4444444444444444,0,0
2025-10-30,108322.88,-0.0155574958212039,0.0247730147262728,0.016638361429896546,5287.6600000000035,3672.3878571428586,0.001757955007756152,0.015902300567139226,-0.001083744202760601,0.5396825396825397,0,0
2025-10-31,109608.01,0.0117940590867657,0.0245428227674073,0.016187598389588678,2914.720000000001,3472.598571428573,0.0014866668599683053,0.01581346574247318,-0.0015118395821321004,0.503968253968254,0,0
2025-11-01,110098.1,0.0044613307556549,0.0241299782097596,0.016141355560183195,1169.6800000000076,3472.0900000000015,0.0012490278358834495,0.01581346574247318,-0.0012028899809280007,0.44047619047619047,0,0
2025-11-02,110540.68,0.0040118114648457,0.0235151019703992,0.01581286701769933,1778.6699999999983,3360.087142857144,0.0011486747819416888,0.01581346574247318,-0.0010997319713009004,0.34523809523809523,0,0
2025-11-03,106583.04,-0.0364591983685826,0.0229601949104373,0.01799470241228242,5443.440000000002,3441.5442857142875,0.0011412799155264726,0.020105675596741663,-0.002289164455710299,0.26587301587301587,0,0
2025-11-04,101497.22,-0.048892990692746,0.0252098360656432,0.021442420397403877,8354.64,3572.1414285714304,0.001006616268336807,0.02619466609323811,0.0007052254947226,0.5833333333333334,0,0
2025-11-05,103885.16,0.0232546493159766,0.0288995151825879,0.022678122870570208,5567.940000000002,3791.480714285716,0.00141298284519183,0.028158331629076404,0.004856190869533102,0.7936507936507936,1,0
2025-11-06,101346.04,-0.024745258646476,0.0287088179162005,0.022126502104004485,3899.050000000003,3799.0121428571447,0.0017214175762053393,0.02769651258675839,0.0039358031899277,0.7896825396825397,1,0
2025-11-07,103339.08,0.0194748205542758,0.0286668910887916,0.02286368475050072,4835.5,3972.6214285714304,0.001949783367049076,0.02769651258675839,0.004124068321384299,0.7896825396825397,1,0
2025-11-08,102312.94,-0.0099794644960748,0.0282223630192233,0.022674131852434817,1952.2200000000012,4021.327857142859,0.00209342641891685,0.026146862569693903,0.004092384809463702,0.7777777777777778,1,0
2025-11-09,104722.96,0.0232822313820761,0.0273262402184333,0.022413580640275474,4095.6199999999953,4013.4185714285727,0.002123043185027573,0.026146862569693903,0.0038111382480341023,0.746031746031746,1,0
2025-11-10,106011.13,0.0122257015459847,0.0273422353063322,0.02296054159681963,2405.0899999999965,4001.6400000000003,0.0021571241897630046,0.027912249424225617,0.004382040395894897,0.75,1,0
2025-11-11,103058.99,-0.0282425458643338,0.026632147938699,0.02374631634372989,5023.9100000000035,4083.705000000001,0.002124627896921939,0.029611288275980287,0.0014223118730558003,0.6944444444444444,0,0
2025-11-12,101654.37,-0.0137230129311305,0.0272131840399518,0.023203988613402404,4519.740000000005,4089.134285714287,0.002060017030449912,0.02843467043367949,-0.0016863311426361,0.7380952380952381,1,0
2025-11-13,99692.02,-0.0194928961604397,0.0265900866164605,0.02335658333324149,6084.610000000001,4146.0592857142865,0.002013403274179215,0.028779086412578626,-0.002118731299739999,0.6944444444444444,0,0
2025-11-14,94594.0,-0.0524915845448106,0.0264014104506639,0.025795707737873413,5853.570000000007,4355.977142857145,0.0019396278784220631,0.032697509750789264,-0.0022654806381277003,0.6865079365079365,0,0
2025-11-15,95596.24,0.0105394396407181,0.030411281012134,0.026116445620430074,2288.189999999988,4435.870714285715,0.0020575738632154796,0.032697509750789264,0.0021889179929107,0.8611111111111112,1,0
2025-11-16,94261.44,-0.0140612904673638,0.0293119269048891,0.025810743726681032,3629.5599999999977,4568.077142857143,0.0018760629894249304,0.031181791411782556,0.001985686686455799,0.8333333333333334,1,0
2025-11-17,92215.14,-0.0219478729477931,0.0284757052535264,0.025004896421099546,4823.0,4523.76,0.00138102483021642,0.02963326400832547,0.001133469947194203,0.8095238095238095,1,0
2025-11-18,92960.83,0.0080538963103702,0.0282351628704971,0.022784732054463526,4582.229999999996,4254.302142857143,0.001161205465828306,0.026250353529055363,0.0016030149317981003,0.8095238095238095,1,0
2025-11-19,91554.96,-0.0152387739374439,0.0272744054369189,0.021215677963036826,4372.220000000001,4168.893571428571,0.0011488904314836377,0.025264970730945142,6.122139696709827e-05,0.7579365079365079,1,0
2025-11-20,86637.23,-0.0552098168918941,0.0267263256943181,0.02429149633676621,7060.0,4394.675714285714,0.001165594331725172,0.030149009141770617,0.00013623907785760211,0.7182539682539683,0,0
2025-11-21,85129.43,-0.0175568265742427,0.031128189419519,0.022655362422718314,6898.940000000002,4542.064285714286,0.0014593171003478402,0.029135728804052848,0.004726778968855101,0.9007936507936508,1,0
2025-11-22,84739.74,-0.0045881272465209,0.0302834010871425,0.022771662254641004,2120.0,4554.0485714285705,0.0015873245788536377,0.029000634698976843,-0.00012787992499150094,0.8809523809523809,1,0
2025-11-23,86830.0,0.0243675070874846,0.0290429679332476,0.022907805520324655,3460.0699999999924,4508.652142857142,0.0015895478150428947,0.029000634698976843,-0.0002689589716414996,0.8452380952380952,1,0
2025-11-24,88300.01,0.0167880367876378,0.0289254544840589,0.0233287211977321,3956.0,4619.431428571428,0.0015786405959776252,0.029000634698976843,0.00044974923053249863,0.8452380952380952,1,0
2025-11-25,87369.96,-0.0105887043733439,0.0282792901085446,0.022918291669365192,2403.9900000000052,4432.294285714285,0.001501691638582333,0.027793609684317856,4.412723804749982e-05,0.8214285714285714,1,0
2025-11-26,90484.02,0.0350217440422699,0.0274000145861925,0.026086744349173185,4349.309999999998,4420.120714285714,0.0014906453366366312,0.028937722994454636,0.00012560914927360264,0.7777777777777778,1,0
2025-11-27,91333.95,0.0093493089928671,0.0286223965476918,0.026274264201914036,1860.0899999999965,4118.369285714284,0.0013897381235667904,0.029909349099011693,0.0018960708533736978,0.8333333333333334,1,0
2025-11-28,90890.7,-0.0048648838036235,0.0276628740276906,0.02266210380935208,2911.3699999999953,3908.212142857141,0.0012715021335274915,0.023518221538336426,-0.0034653153918283996,0.7896825396825397,1,0
2025-11-29,90802.44,-0.0009715282254703,0.0266841660954919,0.022345451520567817,1010.179999999993,3816.9257142857127,0.0012754854505037695,0.022175556667704238,-0.003599234991650598,0.7142857142857143,0,0
2025-11-30,90360.0,-0.0048844658930882,0.0257613522295859,0.022151087199297415,1663.1100000000006,3676.464999999999,0.0014306805808345382,0.02173562344569195,-0.0032816157036617,0.6349206349206349,0,0
2025-12-01,86286.01,-0.046134215573856,0.0249789926360447,0.024553768970484554,6594.240000000005,3802.9821428571418,0.0016614525841525342,0.025600765307221173,-0.003946461848014199,0.5476190476190477,0,0
2025-12-02,91277.88,0.0562410040171474,0.028267180444652,0.029387788190365874,6123.259999999995,3913.0557142857133,0.0016619285056808,0.025600765307221173,-1.2109663892600347e-05,0.8412698412698413,1,0
2025-12-03,93429.95,0.0233034776016136,0.0324638872952631,0.029784695878318442,3159.770000000004,3826.452142857142,0.002039912864824741,0.026613841388745098,0.005063872709070601,0.9603174603174603,1,0
2025-12-04,92078.06,-0.0145752620889965,0.0318454883892891,0.02551222732638888,3191.0,3550.094999999999,0.002189116374514444,0.01881052501742281,0.0032230918415972996,0.9484126984126984,1,0
2025-12-05,89330.04,-0.0302988700641613,0.0307689199098939,0.026559670913768568,4636.360000000001,3388.4821428571418,0.0021599640978605082,0.02073784637822721,0.0031060458822032982,0.9206349206349206,1,0
2025-12-06,89236.79,-0.0010444269910223,0.0309596996997887,0.026494076663775862,1381.9600000000064,3335.7649999999994,0.0022065602205930965,0.020677602905574303,0.004275533604296798,0.9246031746031746,1,0
2025-12-07,90395.31,0.0128989870207885,0.0296214796977412,0.025977949911880384,4040.720000000001,3377.2400000000002,0.0022190563637086175,0.020677602905574303,0.0038601274681553006,0.8809523809523809,1,0
2025-12-08,90634.34,0.0026407844119589,0.0286979009341032,0.025668398512598736,2675.149999999994,3285.750714285714,0.0022183598099862114,0.020677602905574303,0.003718908298058498,0.8412698412698413,1,0
2025-12-09,92678.8,0.0223065817697794,0.0275858782013794,0.025944938238607298,5088.990000000005,3477.536428571428,0.0022365091733621023,0.02173997448762745,-0.0006813022432725982,0.7857142857142857,1,0
2025-12-10,92015.37,-0.007184123390461,0.0274870157777578,0.02450169968612166,2912.850000000006,3374.932142857143,0.0022328395786411536,0.020493892577876146,-0.004976871517505303,0.7777777777777778,1,0
2025-12-11,92513.38,0.0053976543938283,0.02657845981936,0.024423217911589655,4294.369999999995,3548.809285714286,0.002302077051600645,0.020493892577876146,-0.0052670285699291,0.7023809523809523,0,0
2025-12-12,90268.42,-0.0245656065959547,0.0257210102446454,0.02533256683712458,3274.0,3574.711428571429,0.002413865460049549,0.02219177493169674,-0.005047909665248498,0.6349206349206349,0,0
2025-12-13,90240.01,-0.0003147775451211,0.0260739745861354,0.025332216060800473,868.1600000000035,3564.567142857144,0.002452186639271505,0.0221893955944126,-0.004885725113653299,0.6825396825396826,0,0
2025-12-14,88172.17,-0.0231815182233923,0.0252119087795261,0.02604101258032468,2895.0399999999936,3652.5621428571435,0.002500612846712649,0.023591521238687175,-0.004409570918215099,0.5912698412698413,0,0
2025-12-15,86432.08,-0.0199324771490587,0.0255104294306574,0.023414970415961505,4906.0,3531.9735714285716,0.0024497659102319914,0.018443890565462844,-0.0031874715034457997,0.6190476190476191,0,0
2025-12-16,87863.42,0.0164246601605544,0.0254945043580628,0.017824987008357024,2909.979999999996,3302.4535714285716,0.0025656483923754366,0.018443890565462844,-0.002091373843316601,0.6190476190476191,0,0
2025-12-17,86243.22,-0.0186121192274573,0.0252303088647029,0.016594872059461432,5051.850000000006,3437.6021428571435,0.0023479708954207315,0.018462658336530827,-0.0022567069130548997,0.5952380952380952,0,0
2025-12-18,85516.41,-0.0084631567748871,0.0251510385430129,0.016423420122298547,5027.600000000006,3568.7878571428582,0.0020904689273671096,0.018033963431064115,-0.0014274212763470996,0.5753968253968254,0,0
2025-12-19,88136.94,0.0301834539651757,0.0245306790118213,0.017269281638902647,4289.729999999996,3544.028571428572,0.0019173037583765725,0.015846896408018233,-0.0011903312328240996,0.503968253968254,0,0
2025-12-20,88360.9,0.0025378227881098,0.0256630083615882,0.017294461741395293,777.3100000000122,3500.8392857142867,0.0014872835873356088,0.016936444973539473,-0.000410966224547199,0.6507936507936508,0,0
2025-12-21,88658.86,0.0033664070202181,0.0248561773024982,0.016900853092894973,1481.7300000000105,3318.0542857142873,0.0011906684493167075,0.016936444973539473,-0.0003557314770279013,0.5515873015873016,0,0
2025-12-22,88620.79,-0.0004294909267379,0.0241446114340848,0.016864470560252618,2688.229999999996,3318.9885714285733,0.000999145388510967,0.01584332130918366,-0.0013658179965726006,0.4444444444444444,0,0
2025-12-23,87486.0,-0.0128876996356677,0.0234863705879646,0.015601806806178455,2338.100000000006,3122.4964285714304,0.0009919847541718365,0.015542699046131144,-0.0020081337700981992,0.3412698412698413,0,0
2025-12-24,87669.45,0.0020947114928908,0.0232579534126251,0.015658548111246725,1629.8899999999994,3030.85642857143,0.0009392900805293397,0.01628867633456631,-0.001972355452077801,0.30158730158730157,0,0
2025-12-25,87225.27,-0.0050794095442263,0.0227062257803157,0.01545186594364761,1658.020000000004,2842.5457142857163,0.0010255181717717255,0.01545016438307395,-0.002444812762697198,0.25,0,0
2025-12-26,87369.56,0.0016528557328907,0.022264505817666,0.01434332131441413,2912.6699999999983,2816.7364285714307,0.001187081975428819,0.013896488710052122,-0.0022661731941552993,0.21031746031746032,0,0
2025-12-27,87877.01,0.0057912850251948,0.0218215904162182,0.01450132714842576,730.9499999999971,2806.9357142857157,0.001303172261579849,0.014855494908551212,-0.0038414179453700008,0.15873015873015872,0,0
2025-12-28,87952.71,0.0008610604018155,0.0215014471121367,0.013146972322544758,653.75,2646.8435714285733,0.0014579426283420813,0.012957734599487078,-0.003354730190361501,0.11507936507936507,0,0
2025-12-29,87237.13,-0.0081692406318065,0.0211427767881389,0.012123385982994552,3599.5800000000017,2553.5278571428594,0.0015668357859525773,0.010621128023167455,-0.0030018346459458993,0.07539682539682539,0,0
2025-12-30,88485.49,0.0142085407306051,0.020983817519336,0.011914412234189469,2554.3399999999965,2528.1250000000023,0.0016235081248169502,0.010621128023167455,-0.0025025530686286004,0.06746031746031746,0,0
2025-12-31,87648.22,-0.0095072806518885,0.0211652284010206,0.011004445094208387,1950.0,2306.5642857142875,0.001622671581685498,0.008374838965255451,-0.0020927250116044988,0.0873015873015873,0,0
2026-01-01,88839.04,0.0134948899068945,0.0210594200861962,0.011092712808704342,1369.020000000004,2045.2371428571444,0.0015827846403591707,0.008357063402505074,-0.0016468056941195026,0.07142857142857142,0,0
2026-01-02,89995.13,0.0129293647305228,0.0211838527968206,0.00845097318686833,2581.929999999993,1923.2514285714299,0.0015464519245356626,0.008357063402505074,-0.0010806530208454027,0.10714285714285714,0,0
2026-01-03,90628.01,0.0070077686612801,0.0212562267868997,0.008577091806993812,1427.1500000000087,1969.6685714285725,0.0012828482462030537,0.008357063402505074,-0.0005653636293184994,0.1111111111111111,0,0
2026-01-04,91529.73,0.0099005111234546,0.0210413367429415,0.008842009569233318,1182.0,1948.259285714286,0.0010618662017076673,0.008357063402505074,-0.0004601103691951984,0.07142857142857142,0,0
2026-01-05,93859.71,0.0251373831135914,0.0209695839338082,0.010687783846998039,3274.270000000004,1990.1192857142867,0.0008750390309897251,0.009341012807925304,-0.00017319285433069903,0.05952380952380952,0,0
2026-01-06,93747.97,-0.0011912093706722,0.0221417792168662,0.00966579346677991,3181.5,2050.362142857143,0.0007251881644482481,0.006788671795294094,0.0011579616975301993,0.23412698412698413,0,0
2026-01-07,91364.16,-0.0257567322610849,0.0217099996185002,0.012689275333418164,3072.449999999997,2153.402142857143,0.0005512210957600617,0.013021163663406568,0.0005447712174795998,0.16666666666666666,0,0
2026-01-08,91099.99,-0.0028955845252411,0.0228211720942821,0.012596077862391883,2376.9900000000052,2204.757142857143,0.0005711263958496439,0.01288671815607788,0.0017617520080859018,0.30952380952380953,0,0
2026-01-09,90641.28,-0.0050479560758542,0.0223274154057701,0.012781428705756399,2387.8899999999994,2167.2728571428574,0.0005777749279907498,0.011943055058029119,0.0011435626089495027,0.26587301587301587,0,0
2026-01-10,90504.7,-0.0015079553615393,0.0219289736310221,0.012791245885569577,428.0,2145.633571428572,0.0005829340325089937,0.01107180017681397,0.0006727468441223988,0.20634920634920634,0,0
2026-01-11,91013.65,0.0056077122089455,0.0215238142680802,0.012818629067366406,1047.8899999999994,2173.786428571429,0.0005829198261635746,0.01107180017681397,0.0004824775251386984,0.15079365079365079,0,0
2026-01-12,91296.2,0.0030996704371961,0.0212346080780138,0.012449442414771774,2391.5099999999948,2087.4957142857143,0.0005788724721344157,0.011484459220955411,0.00026502414420559797,0.11904761904761904,0,0
2026-01-13,95414.0,0.0441161525063726,0.0209286539938408,0.016410605491424524,5452.3399999999965,2294.4957142857143,0.0005830110363283708,0.011484459220955411,-0.0012131252230253992,0.04365079365079365,0,0
2026-01-14,96951.78,0.0159884232879452,0.0248921979708304,0.016041382350147085,3365.2100000000064,2395.5821428571435,0.0010621455929900948,0.011840341516974525,0.0031821983523302004,0.626984126984127,0,0
2026-01-15,95604.8,-0.0139907134975523,0.0246746365569562,0.016872874000261245,2058.8600000000006,2444.8564285714288,0.0012872443424765561,0.01222503238144004,0.0018534644626740995,0.5992063492063492,0,0
2026-01-16,95550.94,-0.00056351958278,0.024362302602766,0.01678516234598383,1578.0099999999948,2373.1478571428574,0.0013990587581781087,0.011320184593924768,0.002034887196995898,0.5436507936507936,0,0
2026-01-17,95147.77,-0.0042283516305694,0.0236808330649912,0.01691278408810824,617.7799999999988,2315.335714285714,0.0014135941420620217,0.010694069689525713,0.0017518594339690982,0.4444444444444444,0,0
2026-01-18,93673.14,-0.0156196681906752,0.023111308976224,0.017531101264149557,1915.7200000000012,2367.7442857142855,0.0013627661182549317,0.011347437530523754,0.0015874947081438023,0.36904761904761907,0,0
2026-01-19,92631.0,-0.0111876297516868,0.0230982014100832,0.016442342217000066,1762.9400000000023,2259.7921428571426,0.0012841402093244567,0.01133155817195093,0.0018635933320694,0.3611111111111111,0,0
2026-01-20,88427.66,-0.0464390422167486,0.0228292192556257,0.020453145485417757,4974.020000000004,2387.8292857142856,0.0012723718673101421,0.018545101154448473,0.0019005652617848992,0.3333333333333333,0,0
2026-01-21,89454.73,0.0115478706304088,0.026696393930637,0.01984596063885357,3310.470000000001,2404.8307142857147,0.001600924689404336,0.017561949118345,0.0018041959598066003,0.8293650793650794,0,0
2026-01-22,89559.67,0.0011724197832183,0.0260268231937845,0.019853870390346143,1844.62000000001,2366.8042857142864,0.0017704408720133806,0.018599106503321715,0.0013521866368283002,0.7738095238095238,0,0
2026-01-23,89600.26,0.0004531147192849,0.0251721378997762,0.019826658762717855,2646.6300000000047,2385.285714285715,0.001803323002875659,0.01979152863955211,0.0008098352970101995,0.6746031746031746,0,0
2026-01-24,89225.34,-0.004193141802224,0.0244041992682308,0.019846750408763048,795.3099999999977,2411.5221428571435,0.0017492255606571627,0.01984670087744935,0.0007233662032396018,0.5714285714285714,0,0
2026-01-25,86670.36,-0.0290531231361406,0.0237544277479073,0.02108033524076212,3244.4100000000035,2568.4164285714296,0.0016272407180994454,0.021217106052653572,0.0006431187716832987,0.47619047619047616,0,0
2026-01-26,88347.08,0.019161191027651,0.0248880271722468,0.021888281317897457,2350.3699999999953,2565.4778571428583,0.0014465490164894627,0.021217106052653572,0.0017898257621636014,0.6388888888888888,0,0
2026-01-27,89250.0,0.0101682728080731,0.0248949833905556,0.017853796881665017,2218.8300000000017,2334.5128571428586,0.001110064664544505,0.021217106052653572,0.0020657641349299018,0.6428571428571429,0,0
2026-01-28,89299.99,0.0005599552406163,0.024368053657669,0.016925946917270833,1766.3500000000058,2220.308571428573,0.0011033035459565089,0.021217106052653572,-0.0023283402729680006,0.5595238095238095,0,0
2026-01-29,84650.16,-0.0534743771871539,0.0236859565321803,0.021146073911252828,5964.669999999998,2499.2950000000014,0.0011177002693712748,0.02798457982840685,-0.002340866661604199,0.45634920634920634,0,0
2026-01-30,84260.49,-0.0046139268457583,0.0285874666347156,0.02105380605490968,3617.75,2644.990714285716,0.0015902865310798119,0.02803137624162796,0.0034153287349393997,0.9047619047619048,1,0
2026-01-31,78741.09,-0.0677479434199881,0.0275121530496866,0.02617261230370257,8550.12000000001,3211.586428571431,0.0017326641294194117,0.036840821978010696,0.0031079537814557995,0.8690476190476191,1,0
2026-02-01,76968.21,-0.0227726489856117,0.0340501702040482,0.026286345949200252,3724.0,3340.7492857142884,0.0029133093644625315,0.03730380144763885,0.0102957424561409,1.0,2,0
2026-02-02,78738.61,0.0227411528626166,0.0332147000405897,0.028071945641634198,4756.0,3554.539285714288,0.0034248394932233544,0.03965462639213393,0.008326672868342898,0.9920634920634921,1,0
2026-02-03,75770.21,-0.0384284248395623,0.0324704386912412,0.027380465968234822,6241.309999999998,3645.0600000000018,0.003608499292742394,0.03841053604293452,0.0075754553006856,0.9841269841269841,1,0
2026-02-04,73165.83,-0.0349766987828985,0.0332784968298521,0.027251883759360065,5083.520000000004,3771.7064285714305,0.0039602481238081065,0.03799828024313833,0.008910443172183102,0.9920634920634921,1,0
2026-02-05,62909.86,-0.1510256005239139,0.0335904139009038,0.045095682854581896,10996.179999999993,4425.389285714286,0.004236377373876404,0.06178788664553868,0.009904457368723502,0.996031746031746,1,1
2026-02-06,70580.26,0.1150475938253503,0.0574051439549465,0.05851821873764541,11751.330000000002,5075.725,0.008801857730054298,0.06178788664553868,0.028817677320230904,1.0,2,1
2026-02-07,69289.38,-0.0184588543043169,0.0649764891837933,0.058401332096200444,4390.070000000007,5332.493571428573,0.012545991920184484,0.06207775884517012,0.0374643361341067,1.0,2,1
2026-02-08,70330.38,0.0149122057058743,0.0611706719359654,0.05894440821894227,3383.4100000000035,5342.4221428571445,0.014221689317815422,0.06503724829394703,0.0271205017319172,0.996031746031746,2,1
2026-02-09,70138.0,-0.0027391234992855,0.0575643167837281,0.0582568990883899,3145.529999999999,5399.219285714287,0.014920753731958078,0.06132450309870931,0.024349616743138403,0.9920634920634921,2,1
2026-02-10,68841.29,-0.0186610196327823,0.054044900587201,0.057749563935339074,2727.5899999999965,5435.5592857142865,0.014934002333622395,0.05847605131715679,0.021574461895959803,0.9841269841269841,2,1
2026-02-11,67082.52,-0.0258802069394725,0.0511279884282285,0.057508527884614136,3536.8800000000047,5562.025714285715,0.01442490761625767,0.056298127603046096,0.0178494915983764,0.9801587301587301,2,0
2026-02-12,66272.17,-0.0121534529376781,0.0487851622923817,0.0567375561669014,3292.520000000004,5371.157857142859,0.013456115919218095,0.05406432893108309,0.0151947483914779,0.9761904761904762,2,0
2026-02-13,68853.96,0.0382176894647479,0.0460975414632007,0.058608766339050856,3610.5099999999948,5370.640714285715,0.01269274833336504,0.05668437171700311,-0.011307602491745804,0.9722222222222222,2,0
2026-02-14,69822.95,0.0139750124276556,0.0451054526229891,0.05693500207064424,1829.87999999999,4890.623571428571,0.011612863174879947,0.05531866887194584,-0.019871036560804196,0.9682539682539683,2,0
2026-02-15,68832.58,-0.0142855729250257,0.0427791339741872,0.05681738974767681,2983.0,4837.695,0.011108621312381614,0.05500189914281774,-0.018391537961778198,0.9642857142857143,2,0
2026-02-16,68892.43,0.0008691232444615,0.0406644401472464,0.05620509636015773,2832.5599999999977,4700.306428571428,0.010548484653290526,0.05500189914281774,-0.016899876636481702,0.9603174603174603,2,0
2026-02-17,67503.52,-0.0203665579406582,0.0384746806504893,0.055696021614137114,2620.4400000000023,4441.672857142857,0.009984709516068316,0.05391859402072984,-0.015570219936711704,0.9563492063492064,2,0
2026-02-18,66461.0,-0.0155644352091179,0.0370298527089806,0.055219106921311836,2606.220000000001,4264.722857142857,0.009595677434062047,0.052898031066256526,-0.014098135719247902,0.9523809523809523,2,0
2026-02-19,67003.73,0.0081329800253016,0.0354881672841359,0.036450483638683466,1688.1699999999983,3599.8650000000002,0.009380035871574365,0.017230362744915385,-0.013296995008245799,0.9484126984126984,2,0
2026-02-20,68020.01,0.0150536371114728,0.0338364577604788,0.01850020474745463,2038.1900000000023,2906.069285714286,0.009788601068991867,0.017230362744915385,-0.0122610837027219,0.9404761904761905,1,0
2026-02-21,67975.93,-0.0006482546691266,0.0325816502469236,0.01793233419032414,1164.0099999999948,2675.6364285714276,0.008993319327295494,0.015948252782275987,-0.012523802376065499,0.9166666666666666,1,0
2026-02-22,67643.4,-0.0049038830436884,0.0310927178438894,0.01732015413792225,1055.0,2509.3214285714275,0.008302836666886073,0.015124748678775769,-0.011686416130297798,0.8888888888888888,1,0
2026-02-23,64656.02,-0.0451685712163634,0.0297804789325177,0.02069528666898052,3796.0699999999997,2555.7885714285703,0.007719087779855914,0.0213216614725456,-0.010883961214728698,0.8571428571428571,1,0
2026-02-24,64058.15,-0.0092899530772143,0.031910978471881,0.02039717280154774,2516.470000000001,2540.708571428571,0.00695898585926763,0.020627890520658016,-0.006563702178608299,0.9007936507936508,1,0
2026-02-25,67988.04,0.0595405427658217,0.0306233670478516,0.02578228939243247,6075.560000000005,2722.0428571428565,0.006318215511160682,0.019873989580480422,-0.006406485661128999,0.8690476190476191,1,0
2026-02-26,67485.18,-0.0074237891369719,0.0348179598704469,0.025627798388627696,2360.0,2655.4342857142847,0.005430438857056322,0.01958063431557511,-0.0006702074136890057,0.9444444444444444,2,0
2026-02-27,65872.1,-0.0241930350949814,0.0332105009125047,0.024093403668401178,3302.340000000004,2633.4221428571427,0.004714061456707186,0.02014534097973806,-0.0006259568479740976,0.9166666666666666,1,0
2026-02-28,66973.26,0.0165784521278684,0.0325710218341635,0.024245417002415035,4730.0,2840.573571428572,0.0038699194221521265,0.02014534097973806,-1.0628412760102512e-05,0.9047619047619048,1,0
2026-03-01,65776.47,-0.0180312596565812,0.0315194702215684,0.024399988330043573,3143.9900000000052,2852.072857142858,0.00314971906284102,0.020476440662152977,0.00042675237767900165,0.876984126984127,1,0
2026-03-02,68830.06,0.0453783925294253,0.0306598589145653,0.02765916202867231,4836.790000000001,2995.232142857144,0.002559059613102918,0.020476440662152977,0.0008793799820475991,0.8531746031746031,1,0
2026-03-03,68338.0,-0.0071745873014226,0.0326542896025535,0.027134046926589304,3100.0800000000017,3029.492142857144,0.0020416780512128472,0.019465752319598514,0.000743311130672504,0.9087301587301587,1,0
2026-03-04,72666.77,0.0614182153169302,0.0312401993736146,0.03106179045279023,6650.0,3318.333571428572,0.0016445651746925095,0.019899710980730238,0.0006168323257630011,0.8690476190476191,1,0
2026-03-05,70890.72,-0.0247446597423515,0.0356089847100534,0.032142799448335986,2912.679999999993,3405.798571428572,0.0016628828254818821,0.020494677256675198,0.0007910248396065037,0.9484126984126984,2,0
2026-03-06,68114.02,-0.0399564707144595,0.0347380042523889,0.033999984672510204,3675.199999999997,3522.7278571428574,0.0017427717555620241,0.023187940216097196,0.0015275033398841967,0.9365079365079365,2,0
2026-03-07,67262.91,-0.0125740953632664,0.0353775248845694,0.034169113525652016,1635.7799999999988,3556.4257142857145,0.00192142694856893,0.02352550393666722,0.0028065030504058966,0.9404761904761905,2,0
2026-03-08,65971.2,-0.0193906871624953,0.0338712331567218,0.03452201702709918,2581.5099999999948,3665.462142857143,0.001901885441738629,0.024261995042594978,0.0023517629351533995,0.9246031746031746,1,0
2026-03-09,68432.16,0.03662460641352,0.0328401962867699,0.033522424387574655,3694.679999999993,3658.22,0.001698594470429384,0.020672698605598807,0.0021803373722046014,0.8928571428571429,1,0
2026-03-10,69948.63,0.0219182259322732,0.0333905148929338,0.03360433178077896,3385.5899999999965,3720.2999999999993,0.0016731685251035956,0.021679313240288826,0.0007362252903802963,0.9126984126984127,1,0
2026-03-11,70191.86,0.003471234391041,0.0325703489056197,0.029906666001122243,2343.0899999999965,3453.694999999999,0.0015278559680839457,0.021679313240288826,0.0013301495320051024,0.873015873015873,1,0
2026-03-12,70541.34,0.0049665710490476,0.0311010644575114,0.029780524767411196,1594.0899999999965,3398.9871428571414,0.0015514465133632002,0.02300567735958818,-0.004507920252542,0.8333333333333334,1,0
2026-03-13,70930.0,0.005494554272369,0.0297890715507626,0.028720841359893404,3527.7300000000105,3415.0864285714274,0.0017629582419703786,0.02280177401105477,-0.004948932701626298,0.7896825396825397,1,0
2026-03-14,71211.95,0.0039671661995193,0.0286120048157029,0.02853653668526856,990.9199999999983,3148.0092857142845,0.002076504588047717,0.02280177401105477,-0.006765520068866496,0.7420634920634921,1,0
2026-03-15,72815.24,0.0222646325397679,0.0275242339375014,0.028131124337048178,2340.179999999993,3090.5942857142836,0.0024514471047816736,0.02364063900787888,-0.006346999219220401,0.7023809523809523,1,0
2026-03-16,74884.67,0.0280239227243388,0.0274299699377212,0.026666538020987562,2638.6699999999983,2933.585714285712,0.002736943914489451,0.02364063900787888,-0.0054102263490487,0.6904761904761905,1,0
2026-03-17,73909.36,-0.0131097190984004,0.0278701279238799,0.026938266197844275,2600.8099999999977,2897.9235714285687,0.0029288768615996826,0.0241445194418835,-0.005520386969053898,0.7103174603174603,1,0
2026-03-18,71246.54,-0.0366932210131132,0.027143720114824,0.02388888272858506,4172.3399999999965,2720.9478571428544,0.0031597592366332614,0.026649520207421572,-0.0054266287907957025,0.6587301587301587,1,0
2026-03-19,69930.0,-0.0186515148503314,0.0286190519693763,0.023483108729866742,2820.439999999988,2714.3592857142826,0.0029689507536393954,0.025809437499236615,-0.0024820124881351005,0.7420634920634921,1,0
2026-03-20,70510.73,0.0082701551029771,0.0281247174218783,0.02069687083747344,1979.0,2593.2021428571397,0.002812210867943299,0.02191001064448188,-0.001664354128884299,0.7103174603174603,1,0
2026-03-21,68918.12,-0.0228457635345584,0.0271817133909364,0.02143992600234593,2529.520000000004,2657.0407142857116,0.0025119723474791647,0.0235119708637068,-0.0014302914247665,0.6507936507936508,1,0
2026-03-22,67859.0,-0.0154871102583236,0.0271801477401712,0.021167686382411646,2228.12999999999,2631.7992857142826,0.002287739508089669,0.022925600123000923,-0.0003440861973302012,0.6468253968253969,1,0
2026-03-23,70906.45,0.0439293795760917,0.0266571591558154,0.022153480984881877,4371.9100000000035,2680.172857142855,0.002130955592558897,0.022925600123000923,-0.0007728107819058028,0.6150793650793651,0,0
2026-03-24,70556.74,-0.0049441937848229,0.0292305524987703,0.02149936234026368,2476.929999999993,2615.268571428569,0.0016848974414812332,0.021025225948768385,0.0013604245748903981,0.7738095238095238,1,0
2026-03-25,71336.53,0.0109913296166368,0.0280977452756882,0.021669394866256176,1618.0899999999965,2563.4828571428548,0.001211873321307771,0.021025225948768385,0.0009540251608641977,0.7023809523809523,1,0
2026-03-26,68820.31,-0.0359096335700837,0.0272534093811523,0.02376853519620109,3283.820000000007,2684.1778571428554,0.0008937157744406492,0.023730217446232264,-0.001365642588224001,0.6468253968253969,1,0
2026-03-27,66407.28,-0.0356922158369545,0.0286105181403771,0.025300514102826882,3630.800000000003,2691.5399999999977,0.0007462534238082051,0.025533793322942658,0.00048580071849880016,0.7301587301587301,1,0
2026-03-28,66377.03,-0.0004556261281685,0.0297114471980927,0.02521133912343103,1356.8500000000058,2717.6778571428554,0.0008812113346570225,0.024073970283364096,0.0025297338071562994,0.7817460317460317,1,0
2026-03-29,66010.93,-0.005530728522709,0.0284895732738992,0.02396063895886438,2130.5,2702.7007142857133,0.0008870872118169146,0.02290544338106247,0.0013094255337279988,0.7182539682539683,1,0
2026-03-30,66797.37,0.0118433741341856,0.0274408109580702,0.022485744446596054,2369.0599999999977,2683.4428571428557,0.0008865828005740287,0.02290544338106247,0.0007836518022548006,0.6587301587301587,1,0
2026-03-31,68284.48,0.0220187994489275,0.026702793764314,0.02381217830571684,2591.4400000000023,2682.7735714285704,0.0009495748111760106,0.02374570985811407,-0.0025277587344562993,0.5992063492063492,0,0
2026-04-01,68113.92,-0.0025009104050788,0.0266961264444824,0.02207376302379834,1731.25,2508.4099999999994,0.0009835190586371693,0.020370432588350203,-0.001401618831205799,0.5912698412698413,0,0
2026-04-02,66901.99,-0.0179528849727255,0.0257823533819541,0.022036932385987012,2941.2600000000093,2517.040000000001,0.0010997475686304785,0.020300568648741676,-0.0014710559991981988,0.5198412698412699,0,0
2026-04-03,66964.3,0.0009309289814485,0.0255851744772645,0.021830387386542093,1088.4199999999983,2453.4271428571437,0.0012191325969916286,0.020300568648741676,-0.0030253436631125993,0.5,0,0
2026-04-04,67300.42,0.0050068357818151,0.024775286817786,0.021210333975238173,787.0199999999895,2328.962857142857,0.0014169310973056446,0.019959611956659823,-0.004936160380306701,0.4166666666666667,0,0
2026-04-05,69034.18,0.0254352669202564,0.0241007778287795,0.02196984259960761,2524.5399999999936,2350.1349999999998,0.0016559709180915172,0.020519114056097725,-0.004388795445119699,0.3333333333333333,0,0
2026-04-06,68853.66,-0.0026183614615238,0.0247823469720523,0.0182108095414704,2051.4600000000064,2184.3885714285716,0.001765091893138699,0.01921618493703037,-0.002658463986017899,0.4166666666666667,0,0
2026-04-07,71924.22,0.0436296819458199,0.0240694371746365,0.021883728312270975,5028.990000000005,2366.6785714285725,0.0017902712030210348,0.02045779298280571,-0.002633356589677501,0.3253968253968254,0,0
2026-04-08,71069.93,-0.0119487428550879,0.0271653539463725,0.021966670849761154,2149.770000000004,2404.655714285716,0.0017462037442328078,0.019597262282996176,0.00046922750189010154,0.6150793650793651,1,0
2026-04-09,71787.97,0.0100525913759028,0.0264620883626214,0.019529450936073868,2679.0,2361.454285714287,0.0017331105964860872,0.0159594115930322,0.0006797349806672986,0.5555555555555556,0,0
2026-04-10,72962.7,0.0162314383904949,0.0257560992268767,0.01627169096454806,2007.8500000000058,2245.529285714287,0.0016245622473117028,0.009210369676067372,0.00017092474961219808,0.503968253968254,0,0
2026-04-11,73043.16,0.0011021476555086,0.0254473774951741,0.016224071974130897,1276.9100000000035,2239.8192857142867,0.0012915543861189457,0.01008739671322843,0.0006720906773881007,0.4722222222222222,0,0
2026-04-12,70740.98,-0.0320254620862243,0.024652586935178,0.019072706753122278,2631.3600000000006,2275.595000000001,0.00110395693185288,0.017342543793195633,0.0005518091063985014,0.38095238095238093,0,0
2026-04-13,74417.99,0.0506726764555658,0.02598458389549,0.022642480670339738,4333.009999999995,2415.877142857144,0.0009869582276770094,0.017342543793195633,0.0012022369234377002,0.5277777777777778,0,0
2026-04-14,74131.55,-0.0038564960215676,0.0297863227790376,0.02244040147879388,2242.529999999999,2390.955000000001,0.0014802776816265142,0.015909597143752095,0.0057168856044011,0.7857142857142857,1,0
2026-04-15,74809.99,0.0091102145487571,0.028582859038852,0.022321537257584716,1911.0,2403.7942857142866,0.0016458434892063242,0.017392165677710625,0.0014175050924794992,0.7142857142857143,1,0
2026-04-16,75154.29,0.0045917681856568,0.0276194393559167,0.021190955987587863,2224.909999999989,2352.626428571428,0.0017058423936777108,0.01724913806513795,0.0011573509932953016,0.6666666666666666,1,0
2026-04-17,77072.0,0.0251968494898715,0.0266402870395073,0.02153080048569912,3803.600000000006,2546.567857142857,0.0017067969040208597,0.01724913806513795,0.0008841878126305998,0.5595238095238095,0,0
2026-04-18,75691.76,-0.0180707460956828,0.0269208057640443,0.022792352520162342,1974.9199999999983,2631.4178571428574,0.001671730113030256,0.017416560627261626,0.0014734282688701993,0.5952380952380952,1,0
2026-04-19,73801.79,-0.0252863177373487,0.0265907124486883,0.023880291371218144,2477.7600000000093,2628.07642857143,0.0015496311465853223,0.01895644474899216,0.0019381255135102991,0.5476190476190477,0,0
2026-04-20,75840.97,0.0272556618945287,0.0268866237490925,0.02449607969552261,2834.3099999999977,2683.9942857142864,0.0014744683068907915,0.02073270348211425,0.0009020398536025015,0.5912698412698413,1,0
2026-04-21,76336.15,0.0065079658193152,0.0273297931003919,0.022107604101423296,2106.0,2475.209285714286,0.001287682880796453,0.02073270348211425,-0.0024565296786456976,0.6309523809523809,1,0
2026-04-22,78178.23,0.0238446062784447,0.0264200202766048,0.02215950246435386,3339.87000000001,2560.2164285714293,0.0012888102763789003,0.022396721370377785,-0.0021628387622471996,0.5198412698412699,0,0
2026-04-23,78257.48,0.0010131958589205,0.0266080881484523,0.0221893967869773,1702.5,2490.4664285714293,0.0012865293083165889,0.022396721370377785,-0.0010113512074644004,0.5396825396825397,0,0
2026-04-24,77437.13,-0.0105380345749068,0.0256931678265405,0.02240739470271464,1317.8499999999913,2441.180714285714,0.001290567719160093,0.020579128675778664,-0.0009471192129668002,0.45634920634920634,0,0
2026-04-25,77625.0,0.0024231589225074,0.0250915816237737,0.022395891981247928,745.1200000000099,2403.1957142857145,0.0013223089214171044,0.020579128675778664,-0.001829224140270598,0.38492063492063494,0,0
2026-04-26,78657.55,0.0132140795576045,0.0243437268470606,0.019865107548943915,1634.4900000000052,2331.990714285715,0.0013623578707913208,0.01652174675567847,-0.0022469856016277025,0.29365079365079366,0,0
2026-04-27,77371.32,-0.0164874505191097,0.0240280893488824,0.016477913375358436,3026.020000000004,2238.634285714287,0.0015361592300280847,0.01651489320616503,-0.0028585344002101006,0.25396825396825395,0,0
2026-04-28,76342.77,-0.0133828375927311,0.0239538167236673,0.016962608403593052,1811.3999999999942,2207.8392857142867,0.001392697675821058,0.017481054135973777,-0.003375976376724602,0.24206349206349206,0,0
2026-04-29,75780.0,-0.0073989261089515,0.0236951873271321,0.01701151420087175,2967.409999999989,2283.297142857143,0.001359893803424627,0.016241307295955548,-0.002724832949472702,0.2261904761904762,0,0
2026-04-30,76346.57,0.007448700376111,0.0232032882659968,0.01707595887463248,1345.4900000000052,2220.48142857143,0.0014270076095246117,0.016241307295955548,-0.003404799882455501,0.1865079365079365,0,0
2026-05-01,78231.13,0.0243845442125767,0.0227696412388,0.016989030364974882,2593.699999999997,2134.060000000001,0.001563553075465241,0.016241307295955548,-0.002923526587740498,0.15476190476190477,0,0
2026-05-02,78686.85,0.00580840106708,0.0235549862106887,0.01609511744621649,1159.479999999996,2075.814285714286,0.0015459617396452448,0.015850101019459266,-0.001536595413085002,0.2222222222222222,0,0
2026-05-03,78568.57,-0.0015043045550342,0.0230337872954559,0.014028294064836555,1362.9199999999983,1996.182857142857,0.0015587873991356764,0.011126487128608557,-0.001309939551604699,0.17857142857142858,0,0
2026-05-04,79861.01,0.0163160019963939,0.0225024538083872,0.012922598620184297,2574.9900000000052,1977.6600000000003,0.00153850662698721,0.011126487128608557,-0.0015256355404952016,0.15079365079365079,0,0
2026-05-05,80905.52,0.0129943054348018,0.0226197281938281,0.013145781125483574,1982.7599999999948,1968.857142857143,0.0013642242657800894,0.011126487128608557,-0.0013340885298391975,0.15476190476190477,0,0
2026-05-06,81447.01,0.006670570614041,0.0225066481316177,0.01191006468321869,2118.8600000000006,1881.6421428571423,0.0012503079808847913,0.011126487128608557,-0.0011885391955143987,0.15476190476190477,0,0
2026-05-07,80006.0,-0.0178509928749033,0.0221301342037407,0.013146056875485016,2208.320000000007,1917.7721428571426,0.0010396699405088826,0.012501010130754152,-0.0010731540622560994,0.13095238095238096,0,0
2026-05-08,80193.17,0.0023367172896868,0.0224156156739124,0.012675149421407092,1318.520000000004,1917.8200000000008,0.0008642282999650272,0.012857693051503263,-0.00035402556488759937,0.15476190476190477,0,0
2026-05-09,80678.4,0.0060325323053351,0.021961547271357,0.012710169035915138,950.1499999999942,1932.4649999999997,0.000756224656455324,0.012857693051503263,-0.0015934389393316983,0.12301587301587301,0,0
2026-05-10,82210.07,0.0188069191850583,0.0216312557273859,0.013144632094175148,2199.550000000003,1972.826428571428,0.000747054831848481,0.012857693051503263,-0.0014025315680699993,0.10317460317460317,0,0
2026-05-11,81745.65,-0.005665203289169,0.0220683579560777,0.01218370746693874,1917.0299999999988,1893.6128571428562,0.0006924678899780172,0.010833834563264267,-0.0004340958523094997,0.1349206349206349,0,0
2026-05-12,80504.47,-0.0152998865192248,0.0217154912143523,0.012402049112235447,1944.4100000000035,1903.1135714285713,0.0006416202056022203,0.01133001361154202,-0.0009042369794758018,0.1111111111111111,0,0
2026-05-13,79313.61,-0.0149029701846661,0.0218694139143319,0.013067205982703684,2569.9900000000052,1874.7264285714296,0.0005746996082295106,0.012721638691206094,-0.0006372342172858009,0.12698412698412698,0,0
2026-05-14,81089.99,0.022149784988148,0.021974910979082,0.013988323793609264,3126.1300000000047,2001.9150000000009,0.0005398276205576199,0.012721638691206094,-0.00015522322465870084,0.1388888888888889,0,0
2026-05-15,79113.21,-0.0246796610139945,0.0226636447775257,0.014698951760273124,3005.449999999997,2031.325714285715,0.0005340441301401357,0.015374687653811808,0.0002480291036132988,0.19444444444444445,0,0
2026-05-16,78148.05,-0.0122747600818708,0.02349684792422,0.015016168226302461,1587.770000000004,2061.917857142859,0.0005239329453323193,0.014971190704536154,0.0015353006528629996,0.2619047619047619,0,0
2026-05-17,77457.67,-0.0088735109479429,0.0232341110095339,0.015182664663142031,1864.8300000000017,2097.768571428573,0.000546926479344304,0.015331723051662218,0.0016028552821479997,0.23809523809523808,0,0
2026-05-18,77001.87,-0.0059018863198048,0.0228476108531524,0.0143710063142338,1749.0,2038.769285714287,0.0005622723332662584,0.014492516966791835,0.0007792528970747004,0.20634920634920634,0,0
2026-05-19,76834.36,-0.0021777713377915,0.0224096807977232,0.01365865047545647,1269.909999999989,1987.8514285714296,0.0005577889387900495,0.01368294588270661,0.0006941895833709015,0.16666666666666666,0,0
2026-05-20,77552.23,0.0092997089153481,0.0219546663191159,0.013829037668460498,1336.2999999999884,1931.9542857142858,0.0005654576183877706,0.01368294588270661,8.52524047840024e-05,0.12698412698412698,0,0
2026-05-21,77615.52,0.0008157623412063,0.0217401971071786,0.013225668437300308,1480.5299999999988,1879.9692857142852,0.0005844107709587908,0.013068804103866252,-0.00023471387190340115,0.11507936507936507,0,0
2026-05-22,75539.5,-0.0271117089392305,0.0213533161606509,0.01471254130756463,2540.820000000007,1967.2764285714281,0.0006330224796299442,0.015280320994473769,-0.0013103286168748007,0.09126984126984126,0,0
2026-05-23,76752.01,0.0159238767968545,0.0226851240669051,0.015463682236894974,3114.579999999987,2121.8785714285705,0.0006407869158903931,0.015280320994473769,-0.0008117238573148999,0.1865079365079365,0,0
2026-05-24,77064.96,0.0040691275067175,0.0227497943891354,0.014279983613172996,1435.1499999999942,2067.27857142857,0.0006258763414680947,0.015280320994473769,-0.00048431662039849846,0.19047619047619047,0,0
2026-05-25,77322.01,0.0033299473074173,0.0222824112561474,0.014430729596950185,991.2700000000041,2001.152857142856,0.0006213219755691095,0.01608298541526025,-0.0005651995970049999,0.15079365079365079,0,0
2026-05-26,75930.01,-0.0181666549382146,0.0218564772362096,0.014622866709993305,2402.029999999999,2033.8399999999986,0.0006112107279779634,0.016451596362825976,-0.0005532035615136016,0.1111111111111111,0,0
2026-05-27,74449.3,-0.0196936381229786,0.0222070031378821,0.014945623890411062,1930.159999999989,1988.1378571428545,0.000596614963437683,0.01706964061307597,0.0002523368187661995,0.14285714285714285,0,0
2026-05-28,73617.51,-0.0112354517544073,0.0226341190529504,0.012884053626409351,2007.949999999997,1908.267857142854,0.0005873011181197045,0.016523439315786106,0.0008939219457718001,0.1746031746031746,0,0
2026-05-29,73460.78,-0.0021312466894336,0.0224247933386185,0.011859886708519018,2001.6100000000006,1836.564999999997,0.0005836620310772746,0.014347562573047949,0.0010714771779676002,0.15873015873015872,0,0
2026-05-30,73884.38,0.0057497805427271,0.0219675922984649,0.012021133213786289,927.7599999999948,1789.421428571425,0.0005042728234419207,0.014585965990551704,-0.0007175317684402008,0.11507936507936507,0,0
2026-05-31,73674.39,-0.0028461899181877,0.0216289132896644,0.011941118032849701,875.6600000000035,1718.7664285714252,0.0004585274470454928,0.014280077168591292,-0.0011208810994710015,0.07142857142857142,0,0
2026-06-01,71408.9,-0.0312327375457694,0.0212724746108581,0.014052873574470813,3405.320000000007,1837.074999999997,0.0004790843059902865,0.017930478465445338,-0.0010099366452893006,0.05555555555555555,0,0
2026-06-02,66760.83,-0.0673059801266156,0.0231422344993113,0.02164053603613584,5215.899999999994,2118.931428571426,0.0005519358816725156,0.02978541744042515,0.0012857572631016986,0.23015873015873015,0,0
2026-06-03,64142.75,-0.0400054630037924,0.0310076586364371,0.022254647596757247,3423.510000000002,2268.0178571428555,0.002430352055064102,0.03108734255993884,0.008800655498555,0.8253968253968254,1,0
2026-06-04,63885.99,-0.0040109797882657,0.0322371468588094,0.02205126572202754,3380.760000000002,2403.74857142857,0.0034776628555822863,0.029519305150719148,0.009603027805859001,0.8571428571428571,1,0
2026-06-05,61056.47,-0.0453009148713139,0.0308050047424911,0.023384773962223483,4847.0899999999965,2568.482142857141,0.003912418899890704,0.03167178853867463,0.0083802114038726,0.8095238095238095,1,0
2026-06-06,60884.62,-0.0028185759823866,0.0327618879791939,0.02195866870453706,2030.050000000003,2491.0157142857133,0.0044944785581021735,0.030209821194971592,0.010794295680729003,0.8849206349206349,1,0
2026-06-07,63332.01,0.0394102908722757,0.0312685384023656,0.026143188956651037,3488.6800000000003,2637.696428571428,0.004746629309198204,0.030209821194971592,0.009639625112701198,0.8333333333333334,1,0
2026-06-08,63085.99,-0.0038921721682001,0.0323823999745552,0.02584407646182768,1792.0,2694.8914285714277,0.004976162271781663,0.028945516732792744,0.0111099253636971,0.8571428571428571,1,0
2026-06-09,61730.0,-0.0217286799632301,0.0309353539699771,0.025900060432226812,2746.010000000002,2719.461428571428,0.004950101657786113,0.02914936169747252,0.007793119470665803,0.8015873015873016,1,0
2026-06-10,61510.99,-0.0035541783711394,0.0303812470373393,0.026023837076194444,2102.989999999998,2731.8064285714286,0.004834014015644446,0.028608006236331775,-0.000626411599097803,0.7738095238095238,1,0
2026-06-11,63625.99,0.0338061766363804,0.0291170804260233,0.02896177652141493,2422.029999999999,2761.3835714285715,0.004639757901052252,0.029687433634284267,-0.0031200664327861,0.7301587301587301,1,0
2026-06-12,63580.01,-0.0007229219062381,0.0299179680020657,0.02899520234071181,1564.6300000000047,2730.170714285715,0.00437787648024855,0.029681278576542694,-0.0008870367404253988,0.7619047619047619,1,0
2026-06-13,64458.01,0.0137148912874209,0.0286769688676694,0.02940991216334129,1344.1099999999933,2759.9100000000003,0.0039561660218443845,0.029681278576542694,-0.004084919111524504,0.6984126984126984,1,0
2026-06-14,65746.45,0.0197916731525662,0.0278921305163205,0.03042349819983999,2121.1699999999983,2848.875,0.00337382315001969,0.03111697363220155,-0.0033764078860450963,0.6309523809523809,1,0
2026-06-15,66328.74,0.0088176102228008,0.0275632470070928,0.029963748305707055,1938.1499999999942,2744.077142857142,0.0025159054318926915,0.031104084379294326,-0.0048191529674623985,0.6111111111111112,1,0
2026-06-16,65675.01,-0.0099047995910623,0.0266956312319597,0.024194034960122592,1631.0800000000017,2488.0185714285712,0.0018860885447196988,0.02179497057121993,-0.004239722738017402,0.5119047619047619,0,0
2026-06-17,64509.4,-0.0179075382192213,0.0259586410120596,0.022095416060874964,2530.159999999996,2424.2078571428565,0.002164861755596995,0.018243505799562864,-0.0044226060252796975,0.4444444444444444,0,0
2026-06-18,62958.01,-0.024342953377447,0.0257361766105619,0.0230554776679743,2533.9300000000003,2363.719999999999,0.0022857226183136802,0.019921849967094576,-0.003380903815461401,0.4246031746031746,0,0
2026-06-19,63543.91,0.0092631667485303,0.0260661645787675,0.01930572720394393,1349.5599999999977,2113.896428571428,0.002392850644169653,0.013782906382657502,-0.003851803423298203,0.45634920634920634,0,0
2026-06-20,64298.01,0.0117975190981862,0.0253736037442913,0.0193705636806651,1203.7900000000009,2054.877857142856,0.002301371019266574,0.014695984370162,-0.0033033651233780985,0.39285714285714285,0,0
2026-06-21,63311.99,-0.0154539553914663,0.0248643000300037,0.01704298955067346,1318.0,1899.8292857142847,0.0023292315707405848,0.014792854835602859,-0.0030278304863168015,0.34523809523809523,0,0
2026-06-22,64020.01,0.0111209640477767,0.0246162683150067,0.01725182428909187,2310.840000000004,1936.889285714285,0.002111837801313971,0.015745654408715167,-0.0029469786920860996,0.32142857142857145,0,0
2026-06-23,62734.57,-0.0202830393828215,0.0241630286270939,0.01710873010013433,2337.3799999999974,1907.7014285714274,0.002016658314802841,0.01546768790077953,-0.002532602604865798,0.2896825396825397,0,0
2026-06-24,61077.99,-0.0267610792131911,0.0243581663102422,0.018654313036242452,4136.360000000001,2052.942142857142,0.0018601886881279574,0.018432381288421527,-0.0016004747018174004,0.2976190476190476,0,0
2026-06-25,59794.0,-0.0212462506722914,0.0251370784775261,0.016548967330130736,3847.3899999999994,2154.7535714285705,0.0017289515963226471,0.01880715265318659,-0.0005990981330358004,0.38095238095238093,0,0
2026-06-26,60097.27,0.0050590947420143,0.025277546054717,0.016720049118043045,2422.989999999998,2216.0649999999987,0.0013726871579267177,0.020103835139735286,-0.0007886185240504988,0.4087301587301587,0,0
2026-06-27,60029.0,-0.0011366374291004,0.0245500523571662,0.015961966974963604,1086.0099999999948,2197.6292857142844,0.0011522372969332813,0.01880970911499172,-0.0008235513871251016,0.3253968253968254,0,0
2026-06-28,59577.01,-0.0075580173873692,0.0238504538948003,0.014266824866089994,1640.010000000002,2163.260714285713,0.0010308428456406954,0.017912022290296148,-0.0010138461352033994,0.2619047619047619,0,0
2026-06-29,60260.21,0.0114022571947227,0.0233459334965117,0.01450256416896117,1880.5599999999977,2159.147142857142,0.0009301034094322618,0.017912022290296148,-0.0012703348184950024,0.23015873015873015,0,0
2026-06-30,58624.71,-0.0275157385357438,0.0230572249475982,0.015515936013268441,2075.540000000001,2190.894285714285,0.0009280344658690881,0.019851044458894077,-0.0011058036794957017,0.20634920634920634,0,0
2026-07-01,60024.0,0.0235882021843156,0.0241339437949559,0.017355111911760663,3533.8099999999977,2262.583571428571,0.000869978839874546,0.020080761221589784,-0.00022422251528629936,0.2976190476190476,0,0
2026-07-02,61560.0,0.0252678267272514,0.0246279837672075,0.018179518875308,2612.0,2268.1599999999994,0.0008077489029838115,0.019395567942818694,-0.0005090947103185972,0.3531746031746032,0,0
2026-07-03,62583.26,0.0164855212337968,0.0252111542476651,0.01860901981800673,1731.0,2295.4057142857137,0.0007089604248977547,0.019395567942818694,-6.639180705189998e-05,0.42063492063492064,0,0
2026-07-04,63144.01,0.0089201605697866,0.0249861164005002,0.018471137148961463,1133.75,2290.4028571428566,0.0006778098803329781,0.019395567942818694,0.00043606404333400295,0.4007936507936508,0,0
2026-07-05,63650.0,0.0079813342291537,0.0244002678855984,0.01814823159052944,1562.4100000000035,2307.860714285714,0.0006667939876490495,0.019977035372021723,0.0005498139907980995,0.3253968253968254,0,0
2026-07-06,64042.02,0.0061401054133938,0.0238473865717808,0.01796941790462243,3393.1600000000035,2385.1692857142853,0.0006798768586796855,0.019977035372021723,0.0005014530752691024,0.2698412698412698,0,0
2026-07-07,63363.99,-0.0106437114085373,0.0233017610752466,0.017303793259062804,1642.6100000000006,2335.542857142857,0.0007351392539592824,0.018692148795118865,0.0002445361276484023,0.23412698412698413,0,0
2026-07-08,62290.0,-0.0170948197422191,0.0229822435268285,0.016286129764457907,2217.4300000000003,2198.4764285714286,0.000813391210907412,0.01669558854327223,-0.0011517002681274008,0.20238095238095238,0,0
2026-07-09,63230.0,0.0149779728044681,0.0230905022721934,0.015255817401703248,1794.7099999999991,2051.8564285714283,0.0008146730422690983,0.0156272383562011,-0.0015374814950141029,0.21428571428571427,0,0
2026-07-10,64161.72,0.0146278991084596,0.0230377600870673,0.01551942407297835,1766.8199999999997,2004.9871428571428,0.0007733767419819471,0.0156272383562011,-0.002173394160597801,0.21031746031746032,0,0
2026-07-11,63819.0,-0.0053558195209024,0.0229694655268054,0.01568107353414923,685.1100000000006,1976.3514285714289,0.0007844799949384527,0.015801555311442363,-0.0020166508736948023,0.20238095238095238,0,0
2026-07-12,63780.0,-0.0006112900761667,0.0225038734354875,0.015381544263477712,649.2799999999988,1905.5850000000003,0.0008539214422352262,0.015438236946182078,-0.001896394450110899,0.15476190476190477,0,0
2026-07-13,62334.52,-0.0229242961434898,0.0220282055286962,0.016919112033423268,2600.029999999999,1956.9757142857145,0.0009594697751577519,0.016917540964468052,-0.0018191810430846014,0.1111111111111111,0,0
2026-07-14,65043.98,0.0425482910408412,0.0227848723191176,0.01772696805695066,2827.800000000003,2010.7085714285718,0.0009736314874555534,0.013857151846893439,-0.0005168887561289998,0.19444444444444445,0,0
2026-07-15,64756.28,-0.0044329721857003,0.0260091139252852,0.01733892286856472,1115.0,1837.9364285714291,0.0011676237359143557,0.012778592312526081,0.003026870398456699,0.5,0,0
2026-07-16,63830.2,-0.0144042517076172,0.0251923951908816,0.017085705953755973,1248.7799999999988,1740.563571428572,0.0012111144999408076,0.013023259391208467,0.002101892918688203,0.42857142857142855,0,0
2026-07-17,63931.67,0.0015884241727963,0.024841205139135,0.01661080708502548,1850.4300000000003,1749.0942857142861,0.0011801621094578902,0.013023259391208467,0.0018034450520677016,0.38492063492063494,0,0
2026-07-18,64834.22,0.0140186936306765,0.0241130634025088,0.01683978134556846,978.3499999999985,1737.9942857142862,0.0011296732962604071,0.013023259391208467,0.0011435978757034018,0.31746031746031744,0,0
2026-07-19,64722.54,-0.0017240324265905,0.0238712330389783,0.01676921211376307,687.25,1675.4828571428573,0.0011113510012530942,0.012197383346454028,0.0013673596034907975,0.30158730158730157,0,0
2026-07-20,65255.51,0.0082009691191871,0.0232486911196791,0.0168249269572539,2699.0,1625.8999999999999,0.0011131290653646955,0.012197383346454028,0.0012204855909828984,0.25396825396825395,0,0
2026-07-21,66556.16,0.0197356154589805,0.022835453391676,0.017116873901348164,1807.3999999999942,1637.6707142857138,0.0011286286120214685,0.012403459721583474,5.058107255839772e-05,0.20634920634920634,0,0
2026-07-22,66114.49,-0.0066581663939206,0.0231737065425736,0.01636100688370333,1186.2200000000012,1564.0128571428565,0.0011225422183275759,0.010882613979349783,-0.0028354073827116,0.25,0,0
2026-07-23,65098.97,-0.0154792088703139,0.0227190750175183,0.016843497008422543,1663.1399999999994,1554.6149999999996,0.001138512290495509,0.011557599861214587,-0.0024733201733633005,0.1865079365079365,0,0
2026-07-24,64139.99,-0.0148406889207137,0.0227486267325224,0.016995513239011138,2068.8399999999965,1576.1878571428565,0.0011505587431295094,0.011966949690510917,-0.002092578406612599,0.19047619047619047,0,0
2026-07-25,64375.0,0.0036573206278536,0.0227318735366586,0.0169486596546781,665.2799999999988,1574.7714285714278,0.0011607375915436704,0.012550827469316987,-0.001381189865850202,0.19047619047619047,0,0
2026-07-26,65399.99,0.0157967465740416,0.0222594276359222,0.017417811930589156,1283.1900000000023,1620.0507142857136,0.001178349585132482,0.01341540950740323,-0.0016118054030560998,0.13095238095238096,0,0
2026-07-27,63755.86,-0.0254610041753071,0.0223731209157215,0.01770552181384504,2139.040000000008,1587.1228571428571,0.0011491673112369054,0.014053732934195604,-0.0008755702039575999,0.14682539682539683,0,0
2026-07-28,63915.0,0.0024929742373505,0.0233378081045164,0.013259476432825835,1357.5299999999988,1482.1035714285713,0.0011323367305777687,0.014053732934195604,0.0005023547128404013,0.29365079365079366,0,0
2026-07-29,63984.28,0.0010833525689246,0.0227811757964069,0.01323958374626872,1477.4700000000012,1507.9942857142855,0.0008924876416815158,0.015071499722437858,-0.0003925307461666999,0.21428571428571427,0,0
2026-07-30,64780.02,0.0123597942914894,0.0222758522246397,0.013064036655550991,1572.6800000000003,1531.1299999999999,0.0007455646069315878,0.015201435169379721,-0.00044322279287859964,0.1388888888888889,0,0
2026-07-31,62887.88,-0.0296437641449447,0.0221710787953059,0.015420156217565898,2943.5599999999977,1609.2107142857142,0.0005892562820415474,0.01841272616392162,-0.0005775479372165,0.12698412698412698,0,0
2026-08-01,62823.64,-0.0010220225734549,0.0236599600433098,0.014791233421096945,875.0,1601.8285714285714,0.0005268083689537093,0.017051248127194316,0.0009280865066512017,0.3253968253968254,0,0
2026-08-02,63570.0,0.0118102251863163,0.0230564428101697,0.01526302971552922,989.75,1623.435714285714,0.0004466584729038986,0.01840399934370289,0.0007970151742475,0.2619047619047619,0,0
2026-08-03,63520.0,-0.0007868440094362,0.0228238252469965,0.015020508834631142,1780.0,1557.792857142857,0.0004288048589043406,0.01704138774762064,0.0004507043312750002,0.23412698412698413,0,0
2026-08-04,64106.56,0.0091918818449574,0.0223124503836692,0.014086156421989205,1227.1500000000015,1516.346428571429,0.00044621447335339436,0.01704138774762064,-0.001025357720847199,0.15079365079365079,0,0
2026-08-05,64665.23,0.0086769548697454,0.0220493788914941,0.014346721317902902,1145.2200000000012,1513.4178571428577,0.0004638721354284612,0.01820499516993505,-0.0007317969049128008,0.11507936507936507,0,0
2026-08-06,64323.61,-0.0052969047359656,0.0217976284208366,0.013837116989324355,827.0,1453.6935714285719,0.0005177439142127706,0.01720940821835177,-0.0004782238038031003,0.07936507936507936,0,0
2026-08-07,64923.19,0.0092781299214479,0.0214676479662236,0.013458272664448398,1224.989999999998,1393.418571428572,0.0005963852928537005,0.01764503522078574,-0.0007034308290823008,0.051587301587301584,0,0
2026-08-08,64962.6,0.0006068408439343,0.0213132262835908,0.01343429296003934,408.34999999999854,1375.066428571429,0.0006710776061967939,0.01764503522078574,-0.0023467337597189997,0.047619047619047616,0,0
2026-08-09,64901.59,-0.0009395970434731,0.0209759403050314,0.012707677019281039,744.3799999999974,1336.5800000000002,0.0007725828151492824,0.016112206461344505,-0.002080502505138297,0.011904761904761904,0,0
2026-08-10,63970.01,-0.0144577428542156,0.020680172954705,0.01131182599627366,1584.8700000000026,1296.9964285714284,0.0008866774001098951,0.013652733408500818,-0.0021436522922914994,0.003968253968253968,0,0
2026-08-11,63600.0,-0.0058009094392339,0.0209213998282462,0.011401557116942853,1277.4300000000003,1291.2749999999999,0.0008818716771529029,0.012828725175857496,-0.0013910505554230006,0.007936507936507936,0,0
2026-08-12,63479.99,-0.0018887322178127,0.0207111017870686,0.011400427012113152,1189.6600000000035,1270.717142857143,0.0009173388287121131,0.012018738686184811,-0.0013382771044254983,0.007936507936507936,0,0
2026-08-13,63490.86,0.0001712204025832,0.0204538692787654,0.010786323512623487,1207.7300000000032,1244.649285714286,0.000982642785238661,0.012018738686184811,-0.001343759142071202,0.003968253968253968,0,0
2026-08-14,63043.56,-0.0070700424944938,0.0202193967085916,0.007401349474236437,1082.2099999999991,1111.6957142857148,0.001053071418830645,0.006391726928686822,-0.0012482512576320014,0.003968253968253968,0,0
2026-08-15,63086.01,0.0006731173602325,0.0201376644765773,0.0073940944835038805,267.9800000000032,1068.3371428571434,0.0009383551286162851,0.00682211587314743,-0.0011755618070134997,0.003968253968253968,0,0
2026-08-16,62900.0,-0.0029528696901905,0.0199432522569816,0.006640226993116053,674.0,1045.783571428572,0.0008695844986605193,0.006466338746866311,-0.0010326880480498006,0.003968253968253968,0,0
2026-08-17,64532.1,0.0256166107150956,0.0197938764719187,0.009683312818361652,1858.9100000000035,1051.4200000000008,0.0007886250304769356,0.006906406661505481,-0.0008862964827862987,0.003968253968253968,0,0
2026-08-18,64725.42,0.0029912401869456,0.0212393603427666,0.009424511572630079,1030.9599999999991,1037.4064285714292,0.0006878123201492741,0.006906406661505481,0.0003179605145203976,0.07539682539682539,0,0
2026-08-19,69334.79,0.0687927858194576,0.0209312657001635,0.02051489557423266,5834.0,1372.3192857142863,0.0005946938885121269,0.006906406661505481,0.0002201639130949007,0.03968253968253968,0,0
2026-08-20,73025.15,0.0518571019348641,0.0299516170851854,0.023744938359959743,4497.779999999999,1634.5178571428576,0.0025316574858976707,0.007139467429212492,0.009497747806420001,0.8134920634920635,1,0
2026-08-21,78338.03,0.0702292787627225,0.0330421652512528,0.0288305882778155,6474.850000000006,2009.5078571428583,0.0040259667844123985,0.007139467429212492,0.012822768542661202,0.8968253968253969,1,0
2026-08-22,77074.93,-0.0162551155599732,0.0385220851848986,0.02974460338911334,2328.149999999994,2146.6364285714294,0.005925007199204761,0.009024258995339799,0.0183844207083213,0.9563492063492064,2,0
2026-08-23,77734.0,0.0085146765352739,0.0368698522821416,0.029529596638893874,2507.1800000000076,2272.550714285716,0.006872831183883146,0.009739763090040534,0.016926600025160003,0.9444444444444444,2,0
2026-08-24,78992.75,0.0160633340030198,0.0351034829100378,0.028462885994850574,3329.9900000000052,2397.2021428571447,0.0073179940554009846,0.008487067595607724,0.0153096064381191,0.9285714285714286,2,0
2026-08-25,78539.14,-0.0057589768483676,0.0337706277843119,0.028460523197272988,3421.6199999999953,2550.3585714285728,0.00749509334795912,0.008481354206492197,0.012531267441545299,0.9047619047619048,1,0
2026-08-26,79023.75,0.0061513409419617,0.0322249126954858,0.028171644664447666,1619.020000000004,2581.027142857144,0.007445174966119661,0.009435299895728153,0.011293646995322301,0.8412698412698413,1,0
2026-08-27,80249.58,0.0153930881541732,0.0308290400993814,0.027820066422069162,2302.6100000000006,2659.2328571428584,0.007224365082569054,0.009435299895728153,0.0008774230141960007,0.8055555555555556,1,0
2026-08-28,77845.87,-0.0304106822174023,0.0298983336686026,0.02997229894642675,4590.869999999995,2909.8514285714296,0.006872817993779045,0.017542260605058795,-0.003143831582650202,0.7777777777777778,1,0
2026-08-29,78230.0,0.0049223595628227,0.0302219753337895,0.029836559120478577,947.6300000000047,2958.3978571428584,0.006415983824748223,0.017542260605058795,-0.0083001098511091,0.7857142857142857,1,0
2026-08-30,77682.0,-0.0070296353924241,0.0289928748690232,0.030048265415016564,2400.0,3081.6835714285726,0.005811592855613356,0.01782989037323538,-0.007876977413118404,0.746031746031746,1,0
2026-08-31,78581.29,0.0115100600819406,0.0279278761531,0.02990382258326265,1858.0,3081.618571428572,0.005060069535747036,0.01782989037323538,-0.007175606756937802,0.7063492063492064,1,0
2026-09-01,77439.0,-0.0146431007247009,0.0271229715356437,0.03076532754136494,2800.6100000000006,3208.0221428571435,0.004419410778048236,0.017239723673656157,-0.006647656248668199,0.6468253968253969,1,0
2026-09-02,77340.01,-0.0012791141834647,0.0265589791084644,0.026338399138426286,1528.0,2900.450714285715,0.00360399008177979,0.015746303771649837,-0.005665933587021402,0.6031746031746031,0,0
2026-09-03,81270.37,0.0495700820018925,0.0256502412027606,0.026049664881009127,5332.0,2960.0378571428582,0.0039162081011566655,0.015746303771649837,-0.0051787988966208,0.5555555555555556,0,0
2026-09-04,79660.77,-0.0200042536926066,0.0293470172304872,0.019781579226943048,2767.75,2695.2450000000003,0.0039066757787223835,0.01642231348158704,-0.0005513164381154012,0.753968253968254,1,0
2026-09-05,79831.75,0.0021440512131718,0.0288583818655384,0.019133574864756964,758.0,2583.0914285714293,0.003263042697623447,0.016450014583299134,-0.0013635934682511008,0.7380952380952381,1,0
2026-09-06,80341.83,0.0063691118636004,0.0277264434136414,0.019090325194887976,1326.9900000000052,2498.7921428571435,0.0027008534008234625,0.016450014583299134,-0.0012664314553818001,0.6865079365079365,1,0
2026-09-07,79112.01,-0.015425710493643,0.0267727682607765,0.019205889906798293,1763.9900000000052,2386.935000000001,0.002276621547802751,0.016307624960552363,-0.0011551078923234988,0.623015873015873,0,0
2026-09-08,78455.8,-0.0083292874835372,0.0262935545581697,0.019278433469666553,1864.9900000000052,2275.7471428571444,0.0019184828806426235,0.016465468795640984,-0.0008294169774739971,0.5753968253968254,0,0
2026-09-09,78306.43,-0.0019056892110427,0.0255442968318775,0.019198332798545506,1990.0,2302.2457142857156,0.001731437556758712,0.015416765589734902,-0.001014682276586902,0.5277777777777778,0,0
2026-09-10,76568.72,-0.0224410814206592,0.0247442369994296,0.019427602369645774,2100.3899999999994,2287.80142857143,0.0017254298899488413,0.016346985536990974,-0.0009060042033309998,0.4603174603174603,0,0
2026-09-11,77225.7,0.0085436649301904,0.0250430540691645,0.01799080311474392,3843.4199999999983,2234.4121428571443,0.0017043134836461603,0.013602416294502147,-0.004303963161322699,0.49206349206349204,0,0
2026-09-12,77278.73,0.0006864528361081,0.0244374554160245,0.01792681009082625,445.91999999999825,2198.575714285715,0.0016142163589650397,0.013602416294502147,-0.0044209264495139,0.43253968253968256,0,0
2026-09-13,76842.01,-0.0056672602126699,0.0237482246480322,0.01789449287634621,950.0,2095.0042857142867,0.0016705404901345825,0.013522702655900512,-0.0039782187656092,0.3611111111111111,0,0
2026-09-14,78189.21,0.0173801626824268,0.023201779015704,0.018269377127003085,3211.279999999999,2191.6671428571435,0.0018122753766518327,0.013522702655900512,-0.0035709892450725006,0.30952380952380953,0,0
2026-09-15,75644.48,-0.033087188533484,0.0233011785094374,0.01996511389335945,3282.4900000000052,2226.087142857144,0.0019265087902113043,0.01711450241453052,-0.002992376048732301,0.32142857142857145,0,0
2026-09-16,76206.01,0.0073958610154036,0.0250174166471104,0.020112412137523097,1495.9399999999878,2223.797142857143,0.001923966129093668,0.018289784073088563,-0.0005268801847670979,0.4880952380952381,0,0
2026-09-17,76417.01,0.0027649843965491,0.024377338114676,0.014015993310396765,1179.4700000000012,1927.1878571428574,0.0019558963408052234,0.018289784073088563,-0.00036689888475360116,0.4166666666666667,0,0
2026-09-18,80883.87,0.0568091068621523,0.0237096391021582,0.020820064478875865,5104.0,2094.0628571428574,0.001687187167741035,0.01798815927345571,-0.0013334149670062995,0.3492063492063492,0,0
2026-09-19,81249.99,0.0045162759007233,0.0292374750480709,0.02083896169644109,1106.4199999999983,2118.9500000000003,0.0017522359588498725,0.01798815927345571,0.0048000196320464004,0.75,1,0
2026-09-20,81178.0,-0.000886423635654,0.0280968205279847,0.02079223674748439,1371.2900000000081,2122.1142857142863,0.0017951725740645555,0.016657169160733804,0.0043485958799525,0.6944444444444444,1,0
2026-09-21,86620.0,0.0648864612892179,0.0270324662459962,0.02633061040938627,6545.449999999997,2463.6471428571426,0.001813347700702981,0.0168536664997631,0.0038306872302922013,0.623015873015873,1,0
2026-09-22,86208.56,-0.0047612591028283,0.0331501966998519,0.026193191495407202,1603.6000000000058,2444.9764285714286,0.0027795112994145337,0.016621116113608204,0.009849018190414498,0.8809523809523809,1,0
2026-09-23,84397.6,-0.0212305115050082,0.0316447010955477,0.027174169933377457,3778.529999999999,2572.7285714285713,0.003190821866822134,0.018729085991969277,0.006627284448437298,0.8293650793650794,1,0
2026-09-24,84410.24,0.0001497560779597,0.0309740686995243,0.026044159040562346,2067.520000000004,2570.3807142857145,0.0034003325033717274,0.0178945233925848,0.0065967305848483,0.8015873015873016,1,0
2026-09-25,84099.99,-0.003682273183772,0.0296327114566709,0.026191682621757556,2072.0,2443.8507142857147,0.00345524233513971,0.016404414919154894,0.005923072354512702,0.7420634920634921,1,0
2026-09-26,84433.1,0.0039530567413539,0.0284417337880398,0.026154356177904993,675.5800000000017,2460.2550000000006,0.0033947992912560813,0.016404414919154894,-0.0007957412600310999,0.6865079365079365,1,0
2026-09-27,84472.0,0.0004606136900271,0.0273705350939562,0.02598898750459739,1027.0299999999988,2465.757142857143,0.0032415743994810412,0.01779050946274804,-0.0007262854340285008,0.6309523809523809,1,0
2026-09-28,83500.01,-0.01157336688693,0.026377169522868,0.026229931439172963,2436.0,2410.3800000000006,0.003020213611336274,0.016913771291564586,-0.0006552967231281993,0.5396825396825397,0,0
2026-09-29,83985.05,0.0057920551959131,0.0257441047543831,0.02387457995492965,1788.050000000003,2303.634285714286,0.002807064617868752,0.011150712181469048,-0.007406091945468797,0.503968253968254,0,0
