date,future_ret,signal_1,signal_1_missing,signal_2,signal_2_missing,signal_3,signal_3_missing,signal_4,signal_4_missing,signal_6,signal_6_missing
2018-01-01,0.09679446935724978,0.0,1,0.0,1,0.0,1,0.0,1,0.0,1
2018-01-02,0.01665404893046807,0.0,1,0.0,1,0.0,1,0.0,1,0.0,1
2018-01-03,0.009385696983345904,0.0,1,0.0,1,0.0,1,0.0,1,0.0,1
2018-01-04,0.1262223148914241,0.0,1,0.0,1,0.0,1,0.0,1,0.0,1
2018-01-05,0.0064503233711017405,0.0,1,0.0,1,0.0,1,0.0,1,0.0,1
2018-01-06,-0.05388232661327408,0.0,1,0.0,1,0.0,1,0.0,1,0.0,1
2018-01-07,-0.0772438193613263,0.0,1,0.0,1,0.0,1,0.0,1,0.0,1
2018-01-08,-0.03372176823548201,0.0,1,0.0,1,0.0,1,0.0,1,0.0,1
2018-01-09,0.03521458333333327,0.0,1,0.0,1,0.0,1,0.0,1,0.0,1
2018-01-10,-0.11191386112245916,0.0,1,0.0,1,0.0,1,0.0,1,0.0,1
2018-01-11,0.03786073943369406,0.0,1,0.0,1,0.0,1,0.0,1,0.0,1
2018-01-12,0.034205943081555334,0.0,1,0.0,1,0.0,1,0.0,1,0.0,1
2018-01-13,-0.05172484166080227,0.0,1,0.0,1,0.0,1,0.0,1,0.0,1
2018-01-14,0.004819298567197539,0.0,1,0.0,1,0.0,1,0.0,1,0.0,1
2018-01-15,-0.19497368154783667,0.0,1,0.0,1,0.0,1,0.0,1,0.0,1
2018-01-16,0.0081458715596332,0.0,1,0.0,1,0.0,1,0.0,1,0.0,1
2018-01-17,-0.0024406690818553622,0.0,1,0.0,1,0.0,1,0.0,1,0.0,1
2018-01-18,0.046799069875214094,0.0,1,0.0,1,0.0,1,0.0,1,0.0,1
2018-01-19,0.115465124993682,0.0,1,0.0,1,0.0,1,0.0,1,0.0,1
2018-01-20,-0.09921452756809801,0.0,1,0.0,1,0.0,1,0.0,1,0.0,1
2018-01-21,-0.06677797051170864,0.0,1,0.0,1,0.0,1,0.0,1,0.0,1
2018-01-22,0.0036366002016721133,0.0,1,0.0,1,0.0,1,0.0,1,0.0,1
2018-01-23,0.05100479851247952,0.0,1,0.0,1,0.0,1,0.0,1,0.0,1
2018-01-24,-0.015393846161978919,0.0,1,0.0,1,0.0,1,0.0,1,0.0,1
2018-01-25,-0.007719723997720029,0.0,1,0.0,1,0.0,1,0.0,1,0.0,1
2018-01-26,0.03625214176210667,0.0,1,0.0,1,0.0,1,0.0,1,0.0,1
2018-01-27,0.0338482290488209,0.0,1,0.0,1,0.0,1,0.0,1,0.0,1
2018-01-28,-0.05294214201238223,0.0,1,0.0,1,0.0,1,0.0,1,0.0,1
2018-01-29,-0.09007999288952095,0.0,1,0.0,1,0.0,1,0.0,1,0.0,1
2018-01-30,0.004648591307847338,0.0,1,0.0,1,0.0,1,0.0,1,0.0,1
2018-01-31,-0.1031181028867002,0.0,1,0.0,1,0.0,1,0.0,1,0.0,1
2018-02-01,-0.03810387965986306,0.0,1,0.0,1,0.0,1,0.0,1,0.0,1
2018-02-02,0.03684536173099806,0.0,1,0.0,1,0.0,1,0.0,1,0.0,1
2018-02-03,-0.11034287105596097,0.0,1,0.0,1,0.0,1,0.0,1,0.0,1
2018-02-04,-0.15208905276970397,0.0,1,0.0,1,0.0,1,0.0,1,0.0,1
2018-02-05,0.10261542163605442,0.0,1,0.0,1,0.0,1,0.0,1,0.0,1
2018-02-06,-0.006944462594777434,0.0,1,0.0,1,0.0,1,0.0,1,0.0,1
2018-02-07,0.02434794051848943,0.0,1,0.0,1,0.0,1,0.0,1,0.0,1
2018-02-08,0.11560864437655605,0.0,1,0.0,1,0.0,1,0.0,1,0.0,1
2018-02-09,-0.01726639582124212,0.0,1,0.0,1,0.0,1,0.0,1,0.0,1
2018-02-10,-0.05508566928912417,0.0,1,0.0,1,0.0,1,0.0,1,0.0,1
2018-02-11,0.10405908818087561,0.0,1,0.0,1,0.0,1,0.0,1,0.0,1
2018-02-12,-0.040784005391441114,0.0,1,0.0,1,0.0,1,0.0,1,0.0,1
2018-02-13,0.1065691635733439,0.0,1,0.0,1,0.0,1,0.0,1,0.0,1
2018-02-14,0.05821170181132462,0.0,1,0.0,1,0.0,1,0.0,1,0.0,1
2018-02-15,0.01598885610029499,0.0,1,0.0,1,0.0,1,0.0,1,0.0,1
2018-02-16,0.08657202081106452,0.0,1,0.0,1,0.0,1,0.0,1,0.0,1
2018-02-17,-0.05943358198477289,0.0,1,0.0,1,0.0,1,0.0,1,0.0,1
2018-02-18,0.07411520085366785,0.0,1,0.0,1,0.0,1,0.0,1,0.0,1
2018-02-19,0.004302878149376799,0.0,1,0.0,1,0.0,1,0.0,1,0.0,1
2018-02-20,-0.0681537971197188,0.0,1,0.0,1,0.0,1,0.0,1,0.0,1
2018-02-21,-0.06002912546945649,0.0,1,0.0,1,0.0,1,0.0,1,0.0,1
2018-02-22,0.03261631794386721,0.0,1,0.0,1,0.0,1,0.0,1,0.0,1
2018-02-23,-0.043088369999526255,0.0,1,0.0,1,0.0,1,0.0,1,0.0,1
2018-02-24,-0.010780328247637083,0.0,1,0.0,1,0.0,1,0.0,1,0.0,1
2018-02-25,0.07653806047966638,0.0,1,0.0,1,0.0,1,0.0,1,0.0,1
2018-02-26,0.02373498643936478,0.0,1,0.0,1,0.0,1,0.0,1,0.0,1
2018-02-27,-0.022923557863344324,0.0,1,0.0,1,0.0,1,0.0,1,0.0,1
2018-02-28,0.05744686620004713,0.0,1,0.0,1,0.0,1,0.0,1,0.0,1
2018-03-01,0.010897435897435859,0.0,1,0.0,1,0.0,1,0.0,1,0.0,1
2018-03-02,0.03854334631760126,0.026209734,0,0.0,1,0.0,1,-0.028617367,0,0.0,1
2018-03-03,0.004406654292213874,-0.0027514298,0,0.0,1,0.0,1,-0.2661289,0,0.0,1
2018-03-04,-0.005297438124185816,0.0055894614,0,0.0,1,0.0,1,0.5854335,0,0.0,1
2018-03-05,-0.06438973284442118,-0.04879146,0,0.0,1,0.0,1,0.94692427,0,0.0,1
2018-03-06,-0.07525605422676096,-0.07154798,0,0.0,1,0.0,1,0.4508121,0,0.0,1
2018-03-07,-0.06441574167507569,-0.05237584,0,0.0,1,0.0,1,-0.20608418,0,0.0,1
2018-03-08,-0.004814682192147202,-0.021890495,0,0.0,1,0.0,1,-0.2187834,0,0.0,1
2018-03-09,-0.049504714425056995,-0.050748292,0,0.0,1,0.0,1,-0.7310309,0,0.0,1
2018-03-10,0.08703886561568597,0.058994785,0,0.0,1,0.0,1,0.2024057,0,0.0,1
2018-03-11,-0.04219091064522518,-0.03348844,0,0.0,1,0.0,1,-0.27456546,0,0.0,1
2018-03-12,0.002043511686127042,0.0085682785,0,0.0,1,0.0,1,0.70115495,0,0.0,1
2018-03-13,-0.10710382513661199,-0.091155805,0,0.0,1,0.0,1,0.57387906,0,0.0,1
2018-03-14,0.00868788249694008,0.012295724,0,0.0,1,0.0,1,0.7485456,0,0.0,1
2018-03-15,0.0023079779346630858,-0.010809683,0,0.0,1,0.0,1,-0.6548791,0,0.0,1
2018-03-16,-0.052687651331719154,-0.03860827,0,0.0,1,0.0,1,0.03465472,0,0.0,1
2018-03-17,0.04667084142725697,0.024178974,0,0.0,1,0.0,1,-0.11948834,0,0.0,1
2018-03-18,0.05006233218843992,0.026421696,0,0.0,1,0.0,1,0.521683,0,0.0,1
2018-03-19,0.036044186046511495,0.014039182,0,0.0,1,0.0,1,0.1613316,0,0.0,1
2018-03-20,-0.0028035977634067732,-0.0067613646,0,0.0,1,0.0,1,0.65238065,0,0.0,1
2018-03-21,-0.01824423185143509,-0.005666608,0,0.0,1,0.0,1,-0.6293032,0,0.0,1
2018-03-22,0.020077038599548347,0.013281213,0,0.0,1,0.0,1,0.3499758,0,0.0,1
2018-03-23,-0.03946603911202817,-0.031186827,0,0.0,1,0.0,1,-0.094419554,0,0.0,1
2018-03-24,-0.008975225989427793,0.006490051,0,0.0,1,0.0,1,0.5329583,0,0.0,1
2018-03-25,-0.039659274038830516,-0.028208323,0,0.0,1,0.0,1,0.19651814,0,0.0,1
2018-03-26,-0.041641310855483504,-0.028395973,0,0.0,1,0.0,1,0.55044955,0,0.0,1
2018-03-27,0.01972802292601772,0.011452268,0,0.0,1,0.0,1,-0.21505527,0,0.0,1
2018-03-28,-0.10807995672574944,-0.07065773,0,0.0,1,0.0,1,0.19026634,0,0.0,1
2018-03-29,-0.03524754095123661,-0.016432334,0,0.0,1,0.0,1,0.40110135,0,0.0,1
2018-03-30,0.012233506768047242,0.005276043,0,0.0,1,0.0,1,0.34556073,0,0.0,1
2018-03-31,-0.016016961514519923,-0.006959114,0,0.0,1,0.0,1,0.27351713,0,0.0,1
2018-04-01,0.035665586869827015,0.024093889,0,0.0,1,0.0,1,-0.52670515,0,0.0,1
2018-04-02,0.04949121315192739,0.0139590595,0,0.0,1,0.0,1,0.5754939,0,0.0,1
2018-04-03,-0.08225425072347703,-0.037101716,0,0.0,1,0.0,1,0.08802791,0,0.0,1
2018-04-04,-0.0037286090551934548,0.011625049,0,0.0,1,0.0,1,0.47432172,0,0.0,1
2018-04-05,-0.02501491708464043,-0.016506758,0,0.0,1,0.0,1,-0.71879554,0,0.0,1
2018-04-06,0.0445981831099207,0.018877614,0,0.0,1,0.0,1,0.23684065,0,0.0,1
2018-04-07,0.01772093158154231,0.00406308,0,0.0,1,0.0,1,-0.20838337,0,0.0,1
2018-04-08,-0.03352522086064402,-0.019214928,0,0.0,1,0.0,1,0.7677714,0,0.0,1
2018-04-09,0.009019980184940435,0.0036961562,0,0.0,1,0.0,1,0.039641514,0,0.0,1
2018-04-10,0.016056634375136936,-0.0041158046,0,0.0,1,0.0,1,0.4855355,0,0.0,1
2018-04-11,0.1393786697613819,0.06461171,0,0.0,1,0.0,1,-0.2707786,0,0.0,1
2018-04-12,-0.005754133535277095,0.0018506728,0,0.0,1,0.0,1,-0.010953024,0,0.0,1
2018-04-13,0.015436545768215737,0.009190358,0,0.0,1,0.0,1,-0.87715423,0,0.0,1
2018-04-14,0.044504257401853486,0.014279763,0,0.0,1,0.0,1,0.5858585,0,0.0,1
2018-04-15,-0.034719329742669,-0.01622422,0,0.0,1,0.0,1,0.023638785,0,0.0,1
2018-04-16,-0.022306482891336743,-0.0073366314,0,0.0,1,0.0,1,0.77056295,0,0.0,1
2018-04-17,0.03652241845930626,0.019223835,0,0.0,1,0.0,1,1.1245073,0,0.0,1
2018-04-18,0.012847179738162184,-0.0026097803,0,0.0,1,0.0,1,0.0810779,0,0.0,1
2018-04-19,0.06994201497946362,0.030189287,0,0.0,1,0.0,1,0.16884045,0,0.0,1
2018-04-20,0.006585766254411762,0.0096623665,0,0.0,1,0.0,1,0.9559655,0,0.0,1
2018-04-21,-0.014389852960805527,0.0022662845,0,0.0,1,0.0,1,0.6769385,0,0.0,1
2018-04-22,0.016728083013353823,0.0056543774,0,0.0,1,0.0,1,0.2888543,0,0.0,1
2018-04-23,0.07678298994516464,0.028992243,0,0.0,1,0.0,1,0.77405477,0,0.0,1
2018-04-24,-0.077962659004843,-0.037051644,0,0.0,1,0.0,1,0.5475726,0,0.0,1
2018-04-25,0.04464604807897188,0.02646314,0,0.0,1,0.0,1,1.140603,0,0.0,1
2018-04-26,-0.03784265055039926,-0.02960153,0,0.0,1,0.0,1,-0.7200974,0,0.0,1
2018-04-27,0.04852866124156652,0.022125281,0,0.0,1,0.0,1,1.1029783,0,0.0,1
2018-04-28,0.0075952075310226075,-0.014586443,0,0.0,1,0.0,1,2.2205374,0,0.0,1
2018-04-29,-0.018366068584775408,-0.0037412345,0,0.0,1,0.0,1,0.52079946,0,0.0,1
2018-04-30,-0.018876250404228467,-0.008422992,0,0.0,1,0.0,1,0.06282647,0,0.0,1
2018-05-01,0.01944114962497867,0.0011429624,0,0.0,1,0.0,1,1.922357,0,0.0,1
2018-05-02,0.05430024740912476,0.021730267,0,0.0,1,0.0,1,-0.9509264,0,0.0,1
2018-05-03,-0.0036933333333333263,0.0047616144,0,0.0,1,0.0,1,1.2750072,0,0.0,1
2018-05-04,0.015442675975577469,-0.0048458446,0,0.0,1,0.0,1,1.7745512,0,0.0,1
2018-05-05,-0.020781630170316312,-0.009570431,0,0.0,1,0.0,1,0.15492584,0,0.0,1
2018-05-06,-0.030438937323804427,-0.0053997384,0,0.0,1,0.0,1,-0.6152316,0,0.0,1
2018-05-07,-0.018947143619861273,0.003367823,0,0.0,1,0.0,1,1.8468418,0,0.0,1
2018-05-08,0.013326715689475854,-0.0077388375,0,0.0,1,0.0,1,0.21330805,0,0.0,1
2018-05-09,-0.03306122448979587,-0.014296082,0,0.0,1,0.0,1,0.37495512,0,0.0,1
2018-05-10,-0.06689475905889675,-0.044085626,0,0.0,1,0.0,1,1.3249488,0,0.0,1
2018-05-11,0.007850000000000135,-0.0015672005,0,0.0,1,0.0,1,1.6306473,0,0.0,1
2018-05-12,0.025250592373676106,-0.00544717,0,0.0,1,0.0,1,-0.1383994,0,0.0,1
2018-05-13,-0.0018860077122391239,-0.00027010462,0,0.0,1,0.0,1,0.65039176,0,0.0,1
2018-05-14,-0.02324045922242457,0.0034377538,0,0.0,1,0.0,1,1.36488,0,0.0,1
2018-05-15,-0.015599149137319746,-0.005502415,0,0.0,1,0.0,1,0.75397325,0,0.0,1
2018-05-16,-0.03463865546218492,-0.006383837,0,0.0,1,0.0,1,-0.82251173,0,0.0,1
2018-05-17,0.024665918875428128,-0.0016563118,0,0.0,1,0.0,1,2.0097024,0,0.0,1
2018-05-18,-0.0007670079771256999,0.004184824,0,0.0,1,0.0,1,0.74470454,0,0.0,1
2018-05-19,0.03564588042251815,0.00035442365,0,0.0,1,0.0,1,-0.93417156,0,0.0,1
2018-05-20,-0.017091631503768023,0.0020872124,0,0.0,1,0.0,1,0.46894222,0,0.0,1
2018-05-21,-0.04821840205029326,-0.012233252,0,0.0,1,0.0,1,1.0776862,0,0.0,1
2018-05-22,-0.05956543159114014,-0.009238468,0,0.0,1,0.0,1,1.4855022,0,0.0,1
2018-05-23,0.009738801245009698,-0.0047455886,0,0.0,1,0.0,1,0.25860283,0,0.0,1
2018-05-24,-0.015578857321640549,-0.007961965,0,0.0,1,0.0,1,-0.19498704,0,0.0,1
2018-05-25,-0.01649993294890706,-0.008977449,0,0.0,1,0.0,1,-0.2868681,0,0.0,1
2018-05-26,0.0006858504818678668,-0.0038566785,0,0.0,1,0.0,1,0.54566044,0,0.0,1
2018-05-27,-0.032700684971637806,-0.018244252,0,0.0,1,0.0,1,0.34512216,0,0.0,1
2018-05-28,0.05103394844344278,0.019302085,0,0.0,1,0.0,1,1.1533083,0,0.0,1
2018-05-29,-0.011436360200447915,0.002719134,0,0.0,1,0.0,1,0.922204,0,0.0,1
2018-05-30,0.014784516185011976,0.016771927,0,0.0,1,0.0,1,0.2788921,0,0.0,1
2018-05-31,0.004809612812808561,0.0023019258,0,0.0,1,0.0,1,-0.35754585,0,0.0,1
2018-06-01,0.015825002227094487,-0.006547181,0,0.0,1,0.0,1,-0.37500238,0,0.0,1
2018-06-02,0.009715930434828213,-0.0029350189,0,0.0,1,0.0,1,-0.15266381,0,0.0,1
2018-06-03,-0.029459727828722415,-0.013549367,0,0.0,1,0.0,1,0.14010067,0,0.0,1
2018-06-04,0.018431948711099322,0.008981145,0,0.0,1,0.0,1,0.8474113,0,0.0,1
2018-06-05,0.004438032786885371,-0.0023724362,0,0.0,1,0.0,1,1.4686294,0,0.0,1
2018-06-06,0.004209514756803978,0.0031048497,0,0.0,1,0.0,1,1.0253385,0,0.0,1
2018-06-07,-0.01139501864497583,-0.009230627,0,0.0,1,0.0,1,0.32186234,0,0.0,1
2018-06-08,-0.014692034131919218,-0.016121946,0,0.0,1,0.0,1,0.082360044,0,0.0,1
2018-06-09,-0.09700563154304809,-0.01632126,0,0.0,1,0.0,1,0.17933108,0,0.0,1
2018-06-10,0.015818205200599067,-0.0059364378,0,0.0,1,0.0,1,1.2029517,0,0.0,1
2018-06-11,-0.04976717112922002,-0.030661646,0,0.0,1,0.0,1,0.4662261,0,0.0,1
2018-06-12,-0.036327718223583494,-0.01872569,0,0.0,1,0.0,1,1.1814252,0,0.0,1
2018-06-13,0.05453869355038621,0.015398149,0,0.0,1,0.0,1,0.10088675,0,0.0,1
2018-06-14,-0.037233385272408936,-0.020515509,0,0.0,1,0.0,1,1.7785877,0,0.0,1
2018-06-15,0.01488206107467649,0.00983123,0,0.0,1,0.0,1,0.29296577,0,0.0,1
2018-06-16,-0.005300756634042614,0.0048827487,0,0.0,1,0.0,1,1.3163989,0,0.0,1
2018-06-17,0.040754402204164375,0.012571224,0,0.0,1,0.0,1,0.46470326,0,0.0,1
2018-06-18,0.004283079526730793,0.0073702885,0,0.0,1,0.0,1,0.9199134,0,0.0,1
2018-06-19,0.003011328826723947,-0.009621858,0,0.0,1,0.0,1,0.73975974,0,0.0,1
2018-06-20,-0.006310720534318581,-0.0042121937,0,0.0,1,0.0,1,0.48898953,0,0.0,1
2018-06-21,-0.10029112168171894,-0.03649683,0,0.0,1,0.0,1,-0.32267833,0,0.0,1
2018-06-22,0.017366418527708705,0.0011938706,0,0.0,1,0.0,1,-0.03876874,0,0.0,1
2018-06-23,-0.002115454033996711,-0.0012228447,0,0.0,1,0.0,1,-0.06744777,0,0.0,1
2018-06-24,0.018743777466730283,-0.00046510843,0,0.0,1,0.0,1,0.4563282,0,0.0,1
2018-06-25,-0.02898592450415871,-0.016041331,0,0.0,1,0.0,1,0.27230048,0,0.0,1
2018-06-26,0.010369342983932883,0.0076222746,0,0.0,1,0.0,1,1.2798703,0,0.0,1
2018-06-27,-0.04560846336568447,-0.026514925,0,0.0,1,0.0,1,0.8239689,0,0.0,1
2018-06-28,0.0587531901373084,0.029665325,0,0.0,1,0.0,1,-0.06571321,0,0.0,1
2018-06-29,0.03100233626765103,0.0060727047,0,0.0,1,0.0,1,-0.5244196,0,0.0,1
2018-06-30,-0.005204950806485531,-0.007857966,0,0.0,1,0.0,1,-0.18141495,0,0.0,1
2018-07-01,0.040661904319933884,0.01545933,0,0.0,1,0.0,1,0.17713909,0,0.0,1
2018-07-02,-0.015332661153176996,-0.014687034,0,0.0,1,0.0,1,0.016348585,0,0.0,1
2018-07-03,0.011225294986382917,0.010356543,0,0.0,1,0.0,1,0.79292953,0,0.0,1
2018-07-04,-0.008771849922119102,-0.008629172,0,0.0,1,0.0,1,0.5023866,0,0.0,1
2018-07-05,0.012341481345340855,0.0017444761,0,0.0,1,0.0,1,-0.31271005,0,0.0,1
2018-07-06,0.022270030167418575,0.0013657424,0,0.0,1,0.0,1,1.5589913,0,0.0,1
2018-07-07,-0.006642020547640959,-0.014005809,0,0.0,1,0.0,1,0.06531231,0,0.0,1
2018-07-08,-0.007446253780486023,-0.0043575265,0,0.0,1,0.0,1,0.67263925,0,0.0,1
2018-07-09,-0.054818886480579754,-0.02304219,0,0.0,1,0.0,1,0.26935333,0,0.0,1
2018-07-10,0.012888861362160053,-0.0053327214,0,0.0,1,0.0,1,0.5704934,0,0.0,1
2018-07-11,-0.019990373263385375,-0.011279657,0,0.0,1,0.0,1,-0.16158728,0,0.0,1
2018-07-12,-0.005759474735904102,-0.005946166,0,0.0,1,0.0,1,0.38179314,0,0.0,1
2018-07-13,0.006021333736686563,0.00037866784,0,0.0,1,0.0,1,-0.67172027,0,0.0,1
2018-07-14,0.016158055275200534,-0.003451225,0,0.0,1,0.0,1,0.14488949,0,0.0,1
2018-07-15,0.05829362774495861,0.0049502207,0,0.0,1,0.0,1,-0.24793099,0,0.0,1
2018-07-16,0.08836220039117393,0.0056161312,0,0.0,1,0.0,1,0.26818395,0,0.0,1
2018-07-17,0.00880909170420252,0.0071036117,0,0.0,1,0.0,1,1.6391743,0,0.0,1
2018-07-18,0.011421178829298828,0.0033183405,0,0.0,1,0.0,1,0.06777619,0,0.0,1
2018-07-19,-0.017234982675279786,-0.0009772546,0,0.0,1,0.0,1,0.18649627,0,0.0,1
2018-07-20,0.008347495683152184,0.0019034494,0,0.0,1,0.0,1,-0.054789945,0,0.0,1
2018-07-21,-0.0005392780971997801,-0.0063942485,0,0.0,1,0.0,1,-0.67643726,0,0.0,1
2018-07-22,0.0441148430178544,0.013800933,0,0.0,1,0.0,1,-0.15559195,0,0.0,1
2018-07-23,0.08758310117458712,0.016079228,0,0.0,1,0.0,1,0.45961636,0,0.0,1
2018-07-24,-0.02638962325716543,0.0046784347,0,0.0,1,0.0,1,0.7117245,0,0.0,1
2018-07-25,-0.03126850008072768,0.0054520173,0,0.0,1,0.0,1,-0.12578084,0,0.0,1
2018-07-26,0.03391035353535354,0.0004757368,0,0.0,1,0.0,1,1.3305694,0,0.0,1
2018-07-27,0.004453769095214666,0.002786266,0,0.0,1,0.0,1,1.2507584,0,0.0,1
2018-07-28,-0.0017069825800239968,-0.0028342183,0,0.0,1,0.0,1,1.282289,0,0.0,1
2018-07-29,-0.0045158933138472745,-0.0011870321,0,0.0,1,0.0,1,0.64879376,0,0.0,1
2018-07-30,-0.05419553898251994,-0.005780465,0,0.0,1,0.0,1,0.95136803,0,0.0,1
2018-07-31,-0.016343441215998622,0.0010422908,0,0.0,1,0.0,1,-0.071375296,0,0.0,1
2018-08-01,-0.010371381456964035,-0.0072968244,0,0.0,1,0.0,1,-1.0364947,0,0.0,1
2018-08-02,-0.014208626162847127,-0.0056866407,0,0.0,1,0.0,1,0.8602097,0,0.0,1
2018-08-03,-0.05512227077767495,-0.012310525,0,0.0,1,0.0,1,2.4322424,0,0.0,1
2018-08-04,0.0020471223308948794,0.0012339304,0,0.0,1,0.0,1,0.5643451,0,0.0,1
2018-08-05,-0.01272317519884858,-0.0051995898,0,0.0,1,0.0,1,0.4477467,0,0.0,1
2018-08-06,-0.03096835966903244,-0.006790067,0,0.0,1,0.0,1,1.074203,0,0.0,1
2018-08-07,-0.06474049338845189,-0.004539943,0,0.0,1,0.0,1,0.7144725,0,0.0,1
2018-08-08,0.03894828957836127,0.005917176,0,0.0,1,0.0,1,0.09660047,0,0.0,1
2018-08-09,-0.059080001041381114,-0.016776696,0,0.0,1,0.0,1,0.26929522,0,0.0,1
2018-08-10,0.014378231806263297,-0.0052433084,0,0.0,1,0.0,1,0.09048511,0,0.0,1
2018-08-11,0.012191228027950807,0.0014731836,0,0.0,1,0.0,1,1.2206467,0,0.0,1
2018-08-12,-0.009825104266897866,-0.005524281,0,0.0,1,0.0,1,0.43189895,0,0.0,1
2018-08-13,-0.009328647930391454,0.0031222561,0,0.0,1,0.0,1,0.40273225,0,0.0,1
2018-08-14,0.012779408152447935,-0.0033581606,0,0.0,1,0.0,1,0.5813656,0,0.0,1
2018-08-15,0.007114865425487782,0.004580008,0,0.0,1,0.0,1,-0.3654487,0,0.0,1
2018-08-16,0.04321147066978259,-0.0020752733,0,0.0,1,0.0,1,0.2613811,0,0.0,1
2018-08-17,-0.029847414150526386,-0.011911531,0,0.0,1,0.0,1,0.9587275,0,0.0,1
2018-08-18,0.01402169080582838,0.005144734,0,0.0,1,0.0,1,0.71504927,0,0.0,1
2018-08-19,-0.03437884502271693,-0.015524103,0,0.0,1,0.0,1,-0.42592758,0,0.0,1
2018-08-20,0.035997723363027756,0.025362115,0,0.0,1,0.0,1,0.6370187,0,0.0,1
2018-08-21,-0.018381172839506132,-0.013010575,0,0.0,1,0.0,1,1.3992198,0,0.0,1
2018-08-22,0.025801420870349867,0.0043066386,0,0.0,1,0.0,1,-0.630337,0,0.0,1
2018-08-23,0.02400456091255032,0.015531939,0,0.0,1,0.0,1,-0.1844018,0,0.0,1
2018-08-24,0.007782520459048925,0.0039271847,0,0.0,1,0.0,1,0.9735607,0,0.0,1
2018-08-25,-0.004995812071925454,-0.0023200097,0,0.0,1,0.0,1,0.4634027,0,0.0,1
2018-08-26,0.031140298507462694,0.004027198,0,0.0,1,0.0,1,0.34371966,0,0.0,1
2018-08-27,0.024240660969452543,0.0047501195,0,0.0,1,0.0,1,1.1434907,0,0.0,1
2018-08-28,-0.006343881030679177,0.0062374934,0,0.0,1,0.0,1,1.1917675,0,0.0,1
2018-08-29,-0.006596294810857883,0.0013932108,0,0.0,1,0.0,1,-0.36633158,0,0.0,1
2018-08-30,0.003775319119693421,-0.0006073121,0,0.0,1,0.0,1,-0.2625211,0,0.0,1
2018-08-31,0.026928304814718196,-0.0010882578,0,0.0,1,0.0,1,1.8325068,0,0.0,1
2018-09-01,0.014166646990767973,-0.0016559506,0,0.0,1,0.0,1,0.542786,0,0.0,1
2018-09-02,-0.005339625664714243,0.0027980732,0,0.0,1,0.0,1,0.698678,0,0.0,1
2018-09-03,0.01322314959892723,-0.0032625247,0,0.0,1,0.0,1,1.40792,0,0.0,1
2018-09-04,-0.08955763371952397,-0.017235745,0,0.0,1,0.0,1,1.4951129,0,0.0,1
2018-09-05,-0.0274611940298507,0.0014731513,0,0.0,1,0.0,1,-0.49331295,0,0.0,1
2018-09-06,-0.01848830802899326,-0.013593846,0,0.0,1,0.0,1,0.55908954,0,0.0,1
2018-09-07,-0.03291199804864009,-0.0074322037,0,0.0,1,0.0,1,1.3616215,0,0.0,1
2018-09-08,0.010632088665410988,-0.0032783188,0,0.0,1,0.0,1,-0.33863556,0,0.0,1
2018-09-09,0.009789131328579836,-0.0057548773,0,0.0,1,0.0,1,0.16208439,0,0.0,1
2018-09-10,-0.0027075411913815017,0.0035002152,0,6312.0,0,0.0,1,1.2132169,0,0.0,1
2018-09-11,0.006943705311116544,-0.00081410655,0,6294.91,0,0.0,1,-0.33623993,0,0.0,1
2018-09-12,0.023468830754959313,0.002710003,0,6338.62,0,0.0,1,1.4861574,0,0.0,1
2018-09-13,-0.0016570634061824352,5.7353638e-05,0,6487.38,0,0.0,1,0.87882817,0,0.0,1
2018-09-14,0.0059182012867802225,-0.004518609,0,6476.63,0,0.0,1,-0.15523963,0,0.0,1
2018-09-15,-0.0015287891253361607,-0.008078116,0,6514.96,0,0.0,1,-1.5870864,0,0.0,1
2018-09-16,-0.03940199846272108,-0.012374172,0,6505.0,0,0.0,1,0.646715,0,0.0,1
2018-09-17,0.01404454373636721,-0.0012654043,0,6248.69,0,0.0,1,1.1659633,0,0.0,1
2018-09-18,0.008749378595270363,0.0070680487,0,6336.45,0,0.0,1,0.33583182,0,0.0,1
2018-09-19,0.015662034234005917,0.011049638,0,6391.89,0,0.0,1,-0.0062785298,0,0.0,1
2018-09-20,0.04113062230437459,0.012696871,0,6492.0,0,0.0,1,1.1851461,0,0.0,1
2018-09-21,-0.005321777417436335,0.0006384051,0,6759.02,0,0.0,1,0.08828121,0,0.0,1
2018-09-22,-0.002238567316917184,-0.0074273655,0,6723.05,0,0.0,1,0.15750481,0,0.0,1
2018-09-23,-0.01887447823494326,-0.017860003,0,6708.0,0,0.0,1,0.5561441,0,0.0,1
2018-09-24,-0.02033764903766533,-0.00825713,0,6581.39,0,0.0,1,0.5752531,0,0.0,1
2018-09-25,0.002726621316036848,-0.0018517626,0,6447.54,0,0.0,1,1.0708306,0,0.0,1
2018-09-26,0.0346490088351028,1.5705155e-05,0,6465.12,0,0.0,1,0.4294021,0,0.0,1
2018-09-27,-0.008155021654535077,0.004307675,0,6689.13,0,0.0,1,0.44038135,0,0.0,1
2018-09-28,-0.005757711867216853,0.0023059621,0,6634.58,0,0.0,1,0.62763387,0,0.0,1
2018-09-29,0.004576752703755682,-0.0020385976,0,6596.38,0,0.0,1,-0.49006903,0,0.0,1
2018-09-30,-0.0022575782041086567,0.0042271414,0,6626.57,0,0.0,1,0.06125842,0,0.0,1
2018-10-01,-0.012980196956565715,0.00016289414,0,6611.61,0,0.0,1,1.3912083,0,0.0,1
2018-10-02,-0.002419630420224972,-0.0018635027,0,6525.79,0,0.0,1,0.5371527,0,0.0,1
2018-10-03,0.012870967741935413,-0.0019193664,0,6510.0,0,0.0,1,-0.5552323,0,0.0,1
2018-10-04,0.0063483975073515,-0.0017943864,0,6593.79,0,0.0,1,0.9867896,0,0.0,1
2018-10-05,-0.006236013050718303,0.004180787,0,6635.65,0,0.0,1,0.64466804,0,0.0,1
2018-10-06,0.0031830665107737133,0.0068903584,0,6594.27,0,0.0,1,0.1961218,0,0.0,1
2018-10-07,0.008729815608154556,0.0019164816,0,6615.26,0,0.0,1,-0.45120335,0,0.0,1
2018-10-08,-0.002457661535049449,0.0003460911,0,6673.01,0,0.0,1,1.158919,0,0.0,1
2018-10-09,-0.003847303657567358,-0.004021521,0,6656.61,0,0.0,1,0.5854051,0,0.0,1
2018-10-10,-0.05705323480621316,-0.013144922,0,6631.0,0,0.0,1,-0.48378086,0,0.0,1
2018-10-11,0.007249691332356756,-0.008693139,0,6252.68,0,0.0,1,0.8534616,0,0.0,1
2018-10-12,0.005544608535076989,0.0054170284,0,6298.01,0,0.0,1,0.98865867,0,0.0,1
2018-10-13,0.0010121697223874904,0.00406852,0,6332.93,0,0.0,1,-1.5552292,0,0.0,1
2018-10-14,0.06517397710171724,0.016376581,0,6339.34,0,0.0,1,0.2970351,0,0.0,1
2018-10-15,0.0010025916327287554,-0.001698375,0,6752.5,0,0.0,1,0.999377,0,0.0,1
2018-10-16,-0.002719228555746467,-0.008044731,0,6759.27,0,0.0,1,1.9105201,0,0.0,1
2018-10-17,-0.018088115960948836,-0.0053924853,0,6740.89,0,0.0,1,-1.3369794,0,0.0,1
2018-10-18,-0.013609388786153698,-0.006289182,0,6618.96,0,0.0,1,0.622372,0,0.0,1
2018-10-19,0.009116418129908821,-0.0048934035,0,6528.88,0,0.0,1,0.81146073,0,0.0,1
2018-10-20,0.00025954708275155447,0.0009153547,0,6588.4,0,0.0,1,0.2361035,0,0.0,1
2018-10-21,-0.0013520259904614695,0.0063852486,0,6590.11,0,0.0,1,-0.24816023,0,0.0,1
2018-10-22,-0.004207439372758692,-0.0031084449,0,6581.2,0,0.0,1,1.1171312,0,0.0,1
2018-10-23,0.0018295539336934397,-0.0030837315,0,6553.51,0,0.0,1,0.47992897,0,0.0,1
2018-10-24,-0.0056979666438199406,-0.0019579674,0,6565.5,0,0.0,1,-0.16772924,0,0.0,1
2018-10-25,0.0016145610737596794,-0.00303681,0,6528.09,0,0.0,1,-0.7414484,0,0.0,1
2018-10-26,-0.005051516907976117,-0.006308915,0,6538.63,0,0.0,1,0.56324613,0,0.0,1
2018-10-27,-0.0024086940482046515,-0.008067635,0,6505.6,0,0.0,1,0.020415321,0,0.0,1
2018-10-28,-0.022408562187881897,-0.011331267,0,6489.93,0,0.0,1,-0.17534055,0,0.0,1
2018-10-29,-0.0021483174403026384,-0.0025928107,0,6344.5,0,0.0,1,-0.042454258,0,0.0,1
2018-10-30,0.006485680483093281,0.00905184,0,6330.87,0,0.0,1,0.93798053,0,0.0,1
2018-10-31,0.005974641905984512,0.006743118,0,6371.93,0,0.0,1,0.02937688,0,0.0,1
2018-11-01,0.0037410296411855004,0.005362223,0,6410.0,0,0.0,1,0.97831154,0,0.0,1
2018-11-02,-0.007287868473324299,0.0006064592,0,6433.98,0,0.0,1,1.018143,0,0.0,1
2018-11-03,0.015462440641982544,-0.0054703318,0,6387.09,0,0.0,1,0.70476174,0,0.0,1
2018-11-04,-0.002599505076435693,-0.0061569684,0,6485.85,0,0.0,1,1.1551231,0,0.0,1
2018-11-05,0.007747731871590391,-0.009351007,0,6468.99,0,0.0,1,-0.07467686,0,0.0,1
2018-11-06,0.009104003460595145,-0.001275609,0,6519.11,0,0.0,1,-0.18329664,0,0.0,1
2018-11-07,-0.014991350559249383,-0.008507856,0,6578.46,0,0.0,1,-0.08788033,0,0.0,1
2018-11-08,-0.009236339168868457,-0.008524873,0,6479.84,0,0.0,1,-0.60390544,0,0.0,1
2018-11-09,0.002034271081419181,-0.0038828324,0,6419.99,0,0.0,1,-0.11768131,0,0.0,1
2018-11-10,0.0026052960881697285,-0.0016430069,0,6433.05,0,0.0,1,-0.5473383,0,0.0,1
2018-11-11,0.0005054412455560708,-0.001044267,0,6449.81,0,0.0,1,0.15459819,0,0.0,1
2018-11-12,0.0007112893552991828,-0.0022289997,0,6453.07,0,0.0,1,-0.1278929,0,0.0,1
2018-11-13,-0.08288606089512296,-0.013644304,0,6457.66,0,0.0,1,0.11765905,0,0.0,1
2018-11-14,-0.02853736907779103,-0.01320431,0,5922.41,0,0.0,1,-1.3005797,0,0.0,1
2018-11-15,-0.016939548788542425,-0.008263395,0,5753.4,0,0.0,1,1.4980794,0,0.0,1
2018-11-16,-0.004888665721347718,-0.005486613,0,5655.94,0,0.0,1,0.91718,0,0.0,1
2018-11-17,0.005989385763704336,0.00028942036,0,5628.29,0,0.0,1,-0.7569609,0,0.0,1
2018-11-18,-0.13280996114447197,-0.064458035,0,5662.0,0,0.0,1,-0.60442317,0,0.0,1
2018-11-19,-0.07152094793718167,-0.034945697,0,4910.03,0,0.0,1,-0.8783568,0,0.0,1
2018-11-20,0.022420078703886404,-0.005906374,0,4558.86,0,0.0,1,-1.6399769,0,0.0,1
2018-11-21,-0.06244703469375057,-0.035809085,0,4661.07,0,0.0,1,-1.9841789,0,0.0,1
2018-11-22,0.01158123569794034,0.0036635925,0,4370.0,0,0.0,1,-2.0382435,0,0.0,1
2018-11-23,-0.11043046095448361,-0.0761166,0,4420.61,0,0.0,1,-1.4555875,0,0.0,1
2018-11-24,0.038993601936710975,0.015481527,0,3932.44,0,0.0,1,-1.117292,0,0.0,1
2018-11-25,-0.0547214974864042,-0.044961337,0,4085.78,0,0.0,1,-1.0196681,0,0.0,1
2018-11-26,0.003368546424317831,0.0040251077,0,3862.2,0,0.0,1,-0.9409578,0,0.0,1
2018-11-27,0.10054680907615343,0.057727043,0,3875.21,0,0.0,1,-1.0419625,0,0.0,1
2018-11-28,0.007266375136288472,0.0011478898,0,4264.85,0,0.0,1,-1.1183707,0,0.0,1
2018-11-29,-0.059248016685910065,-0.030124173,0,4295.84,0,0.0,1,-1.4530592,0,0.0,1
2018-11-30,0.03679490859422185,0.011506817,0,4041.32,0,0.0,1,-1.148321,0,0.0,1
2018-12-01,-0.0069235946367798284,-0.0112514775,0,4190.02,0,0.0,1,-1.8174281,0,0.0,1
2018-12-02,-0.06657037594237936,-0.032819718,0,4161.01,0,0.0,1,-1.3937062,0,0.0,1
2018-12-03,0.017412416548876042,0.015772022,0,3884.01,0,0.0,1,-0.8844625,0,0.0,1
2018-12-04,-0.046006215141055296,-0.02131603,0,3951.64,0,0.0,1,-0.95941734,0,0.0,1
2018-12-05,-0.06925758122360637,-0.039279085,0,3769.84,0,0.0,1,-1.5812887,0,0.0,1
2018-12-06,-0.02998218738867109,-0.008088756,0,3508.75,0,0.0,1,-1.3897482,0,0.0,1
2018-12-07,0.0021683242496803867,-0.0034848074,0,3403.55,0,0.0,1,-1.2598761,0,0.0,1
2018-12-08,0.03941447054029257,0.013829538,0,3410.93,0,0.0,1,-1.1502342,0,0.0,1
2018-12-09,-0.031728705325537176,-0.018605374,0,3545.37,0,0.0,1,-0.9739083,0,-0.056359939277172,0
2018-12-10,-0.015290368436997603,0.0020569433,0,3432.88,0,0.0,1,-1.0789218,0,-0.0136116370558738,0
2018-12-11,0.019113179248548384,0.010126998,0,3380.39,0,0.0,1,-1.2897928,0,0.0474084839224815,0
2018-12-12,-0.041492017416545734,-0.013963743,0,3445.0,0,0.0,1,-1.3476225,0,0.1134804114699363,0
2018-12-13,-0.02358830548203239,0.0022527466,0,3302.06,0,0.0,1,-1.2400519,0,0.170487493276596,0
2018-12-14,-0.003861458918109295,0.0054062707,0,3224.17,0,0.0,1,-1.2224457,0,0.2090596854686737,0
2018-12-15,0.0052775459878195985,0.007508304,0,3211.72,0,0.0,1,-1.0851966,0,0.2070386707782745,0
2018-12-16,0.08685000325211312,0.045735456,0,3228.67,0,0.0,1,-0.90402853,0,0.1641741394996643,0
2018-12-17,0.04100789950642336,0.008949852,0,3509.08,0,0.0,1,-0.718614,0,0.099013864994049,0
2018-12-18,0.0025294417160783844,0.0041271313,0,3652.98,0,0.0,1,-0.7021827,0,0.0316518433392047,0
2018-12-19,0.10578283117890241,0.044715155,0,3662.22,0,0.0,1,-0.91773593,0,-0.0142275765538215,0
2018-12-20,-0.05209377670003601,-0.034206796,0,4049.62,0,0.0,1,-0.54965127,0,-0.0372359231114387,0
2018-12-21,0.028720959918304922,0.034204457,0,3838.66,0,0.0,1,-0.36873317,0,-0.0483701303601264,0
2018-12-22,-0.004862101187416257,-0.01853101,0,3948.91,0,0.0,1,-0.11844899,0,-0.0462077781558036,0
2018-12-23,0.019925134424677804,0.016132932,0,3929.71,0,0.0,1,0.4027502,0,-0.0337534323334693,0
2018-12-24,-0.06542398846310271,-0.029690217,0,4008.01,0,0.0,1,0.42470193,0,-0.0167811438441276,0
2018-12-25,0.00852957587051062,0.013374686,0,3745.79,0,0.0,1,0.03144154,0,-0.002081386744976,0
2018-12-26,-0.05554379073202498,-0.030502997,0,3777.74,0,0.0,1,0.2630493,0,0.0117556527256965,0
2018-12-27,0.07605292734401936,0.057126544,0,3567.91,0,0.0,1,0.2042867,0,0.0249458122998476,0
2018-12-28,-0.037491599943739184,-0.019654509,0,3839.26,0,0.0,1,0.09069978,0,0.0372192412614822,0
2018-12-29,0.02884459261985417,0.018656049,0,3695.32,0,0.0,1,-0.17394172,0,0.0533764921128749,0
2018-12-30,-0.026042173539089553,-0.013688001,0,3801.91,0,0.0,1,-0.088880494,0,0.0633252710103988,0
2018-12-31,0.025450322720030227,0.011937276,0,3702.9,0,0.0,1,0.11564033,0,0.0598921813070774,0
2019-01-01,0.016175331960370132,0.0026302605,0,3797.14,0,0.0,1,0.18875591,0,0.0499690771102905,0
2019-01-02,-0.023786075634433468,-0.0036340756,0,3858.56,0,0.0,1,0.24401847,0,0.0284097027033567,0
2019-01-03,0.006698028554892987,0.0023892673,0,3766.78,0,0.0,1,0.25210947,0,-7.820874452590942e-05,0
2019-01-04,-0.005551145698455495,-0.007184084,0,3792.01,0,0.0,1,-0.23276721,0,-0.0447323694825172,0
2019-01-05,0.05744956191526818,0.0076009016,0,3770.96,0,0.0,1,-0.47542852,0,-0.0663280710577964,0
2019-01-06,-0.0030469455311465943,-0.0012328641,0,3987.6,0,0.0,1,0.2649681,0,-0.0816331133246421,0
2019-01-07,-0.005111371039756452,-0.013810446,0,3975.45,0,0.0,1,0.42631698,0,-0.0883553549647331,0
2019-01-08,0.0029126729083495118,-0.006648899,0,3955.13,0,0.0,1,-0.034221783,0,-0.084527812898159,0
2019-01-09,-0.09599284030605171,-0.04371929,0,3966.65,0,0.0,1,-0.47173572,0,-0.0654723346233367,0
2019-01-10,0.004302988387787643,0.008328477,0,3585.88,0,0.0,1,0.00011779368,0,-0.0371417924761772,0
2019-01-11,-0.005048163029564234,-0.010997509,0,3601.31,0,0.0,1,-0.49317086,0,-0.0084418579936027,0
2019-01-12,-0.029672381409549753,-0.021657676,0,3583.13,0,0.0,1,0.11609568,0,0.013213038444519,0
2019-01-13,0.04293590964130911,0.020911861,0,3476.81,0,0.0,1,-0.37925953,0,0.0205350555479526,0
2019-01-14,-0.02014015096150401,-0.008162239,0,3626.09,0,0.0,1,0.3851177,0,0.0176515504717826,0
2019-01-15,0.010914535639702239,0.0010881594,0,3553.06,0,0.0,1,0.07130052,0,0.0067873410880565,0
2019-01-16,0.006784823377433247,0.005650555,0,3591.84,0,0.0,1,-0.011907861,0,-0.0030183568596839,0
2019-01-17,-0.005901205958724787,-0.0044234674,0,3616.21,0,0.0,1,-0.6449518,0,-0.0130394026637077,0
2019-01-18,0.0195918072141692,0.01691591,0,3594.87,0,0.0,1,0.8993726,0,-0.0167099311947822,0
2019-01-19,-0.03438190598313917,-0.0071149175,0,3665.3,0,0.0,1,0.11313929,0,-0.0168186873197555,0
2019-01-20,-0.003497886575800746,0.0036509638,0,3539.28,0,0.0,1,-0.007564351,0,-0.0149181559681892,0
2019-01-21,0.012484051149734832,0.0012354554,0,3526.9,0,0.0,1,0.101369694,0,-0.0126036778092384,0
2019-01-22,-0.005071507982514323,-0.0057566343,0,3570.93,0,0.0,1,0.57492083,0,-0.0120086595416069,0
2019-01-23,0.004728638095935045,0.016960692,0,3552.82,0,0.0,1,-0.19949521,0,-0.0258868783712387,0
2019-01-24,-0.0012130142704265268,0.005793798,0,3569.62,0,0.0,1,0.48995394,0,-0.0320488587021827,0
2019-01-25,-1.1219283704844152e-05,-0.008298536,0,3565.29,0,0.0,1,0.39027703,0,-0.0314900651574134,0
2019-01-26,-0.004041792300680136,-0.0029660955,0,3565.25,0,0.0,1,0.09899326,0,-0.0214278697967529,0
2019-01-27,-0.03286264658503346,-0.012295195,0,3550.84,0,0.0,1,0.29224586,0,-0.0102254599332809,0
2019-01-28,-0.006729467262641453,-0.0035917894,0,3434.15,0,0.0,1,0.33711702,0,7.256865501403809e-05,0
2019-01-29,0.013819832074675187,0.009942713,0,3411.04,0,0.0,1,0.045432106,0,0.0037123262882232,0
2019-01-30,-0.0069632002961095285,-0.0005542349,0,3458.18,0,0.0,1,0.0877132,0,0.0068399533629417,0
2019-01-31,0.008144783203750672,0.010616989,0,3434.1,0,0.0,1,0.042418495,0,0.0153115801513195,0
2019-02-01,0.012333661653288308,0.005357164,0,3462.07,0,0.0,1,0.6358665,0,0.0250420086085796,0
2019-02-02,-0.013313284466598296,-0.0034746267,0,3504.77,0,0.0,1,0.59643614,0,0.0373115912079811,0
2019-02-03,0.0014776857879013061,-0.000564812,0,3458.11,0,0.0,1,0.03347428,0,0.0442866086959838,0
2019-02-04,0.002416825959656199,-0.0035674844,0,3463.22,0,0.0,1,0.5832486,0,0.0460385009646415,0
2019-02-05,-0.019074833145619197,-0.008280478,0,3471.59,0,0.0,1,0.28136528,0,0.0457543022930622,0
2019-02-06,-0.002046767311628339,-0.0008234818,0,3405.37,0,0.0,1,0.50424623,0,0.044697992503643,0
2019-02-07,0.07669491525423733,0.0033882696,0,3398.4,0,0.0,1,0.3675294,0,0.0448640957474708,0
2019-02-08,0.0016780357689447634,0.0006739304,0,3659.04,0,0.0,1,0.6359384,0,0.0433223433792591,0
2019-02-09,0.004059827893855283,0.0025281825,0,3665.18,0,0.0,1,0.37152016,0,0.0463722310960292,0
2019-02-10,-0.013317717645907834,-0.004219715,0,3680.06,0,0.0,1,-0.2904055,0,0.0512355789542198,0
2019-02-11,0.00011291499703935948,-0.0050413786,0,3631.05,0,0.0,1,0.11859982,0,0.0569524802267551,0
2019-02-12,-0.006074691721786762,-0.0108493185,0,3631.46,0,0.0,1,0.20176305,0,0.0610997974872589,0
2019-02-13,-0.005219704105945633,-0.0010996577,0,3609.4,0,0.0,1,-0.237137,0,0.0653518140316009,0
2019-02-14,0.003317031326589781,0.0018826117,0,3590.56,0,0.0,1,0.5058049,0,0.068620815873146,0
2019-02-15,0.004424741913187313,0.0012717117,0,3602.47,0,0.0,1,0.7069374,0,0.064785286784172,0
2019-02-16,0.013588841507734095,0.007012927,0,3618.41,0,0.0,1,0.5906506,0,0.0569847039878368,0
2019-02-17,0.0629897643677848,0.011935742,0,3667.58,0,0.0,1,1.0100266,0,0.0352787524461746,0
2019-02-18,0.0023572564510336846,0.00219943,0,3898.6,0,0.0,1,0.30517977,0,9.422004222869872e-05,0
2019-02-19,0.015852950132939636,0.0010454463,0,3907.79,0,0.0,1,0.58154535,0,-0.0382878705859184,0
2019-02-20,-0.008169300760251241,0.00024352665,0,3969.74,0,0.0,1,0.6587189,0,-0.0676923468708992,0
2019-02-21,0.006270778780436359,0.010130548,0,3937.31,0,0.0,1,0.2548831,0,-0.0795973762869834,0
2019-02-22,0.03931347804139329,0.002169494,0,3962.0,0,0.0,1,0.53317994,0,-0.0798555687069892,0
2019-02-23,-0.09087465029530628,-0.0030583018,0,4117.76,0,0.0,1,1.2340766,0,-0.0634576901793479,0
2019-02-24,0.022534699590763818,0.006103401,0,3743.56,0,0.0,1,0.75426644,0,-0.0393551215529441,0
2019-02-25,-0.004882547179669405,-0.01797248,0,3827.92,0,0.0,1,0.54158795,0,-0.014571264386177,0
2019-02-26,0.002320678982366653,0.015231941,0,3809.23,0,0.0,1,0.74756014,0,0.000292669981718,0
2019-02-27,-0.0011471764530247563,-0.0025752215,0,3818.07,0,0.0,1,0.21621557,0,0.0068614073097705,0
2019-02-28,0.0024412052369227055,0.0036073283,0,3813.69,0,0.0,1,0.15775879,0,0.0093040987849235,0
2019-03-01,-0.0008030342662830314,0.0022285567,0,3823.0,0,0.0,1,1.3901602,0,0.0084540769457817,0
2019-03-02,-0.003188540104137938,-0.006413322,0,3819.93,0,0.0,1,0.5090239,0,0.0152704343199729,0
2019-03-03,-0.02427943010964473,8.3963794e-05,0,3807.75,0,0.0,1,0.29432374,0,0.0177497006952762,0
2019-03-04,0.03833606976556392,0.00020657471,0,3715.3,0,0.0,1,1.8924595,0,0.0149774998426437,0
2019-03-05,0.0010653933790079062,0.0005291953,0,3857.73,0,0.0,1,1.3794817,0,0.0065704546868801,0
2019-03-06,0.003055538292627169,0.0061141653,0,3861.84,0,0.0,1,0.923181,0,-0.0009019300341606,0
2019-03-07,-0.0022588573021756764,0.002796405,0,3873.64,0,0.0,1,0.8079345,0,-0.0070214755833148,0
2019-03-08,0.020220497866692222,0.002694344,0,3864.89,0,0.0,1,0.23052591,0,-0.0091497711837291,0
2019-03-09,-0.006649691608505037,-0.0021550874,0,3943.04,0,0.0,1,0.1677418,0,-0.003152061253786,0
2019-03-10,-0.011542526845757517,-0.007889041,0,3916.82,0,0.0,1,-0.45393515,0,0.0062200129032135,0
2019-03-11,0.0028721901224555424,-0.010290445,0,3871.61,0,0.0,1,0.44260293,0,0.0161185152828693,0
2019-03-12,-0.004308823946037932,-0.0028430466,0,3882.73,0,0.0,1,0.5113198,0,0.0290618427097797,0
2019-03-13,0.002876357992757317,-0.011110125,0,3866.0,0,0.0,1,-0.87075806,0,0.0382837280631065,0
2019-03-14,0.012029547705513455,0.0008693045,0,3877.12,0,0.0,1,-1.226822,0,0.0411702394485473,0
2019-03-15,0.020954390686484414,0.0038865001,0,3923.76,0,0.0,1,0.763709,0,0.038333136588335,0
2019-03-16,-0.006200729908786395,0.0028473116,0,4005.98,0,0.0,1,0.1859612,0,0.0295457765460014,0
2019-03-17,0.0016753995086835616,0.0028890478,0,3981.14,0,0.0,1,1.359862,0,0.0124913938343524,0
2019-03-18,0.006951183732424537,-0.0018648934,0,3987.81,0,0.0,1,1.6953136,0,-0.0070101842284202,0
2019-03-19,0.00685090137540989,-0.007300167,0,4015.53,0,0.0,1,2.267374,0,-0.0212810710072517,0
2019-03-20,-0.015433930903478554,-0.004613953,0,4043.04,0,0.0,1,0.9942297,0,-0.02552280575037,0
2019-03-21,0.0015801479159129883,0.000633014,0,3980.64,0,0.0,1,0.9214522,0,-0.0184278860688209,0
2019-03-22,0.004785637069123494,0.0013712087,0,3986.93,0,0.0,1,-0.49342978,0,-0.0006212368607521,0
2019-03-23,-0.0034523128998680264,0.00036126585,0,4006.01,0,0.0,1,1.9850909,0,0.0147489048540592,0
2019-03-24,-0.014042452995606358,0.0033287955,0,3992.18,0,0.0,1,1.5615252,0,0.0377437323331832,0
2019-03-25,0.003157932176864664,0.0023558526,0,3936.12,0,0.0,1,1.6074425,0,0.0659136027097702,0
2019-03-26,0.022666548479821635,-0.004068619,0,3948.55,0,0.0,1,0.29110372,0,0.0982387959957122,0
2019-03-27,-0.0025358774656084604,-0.0007447003,0,4038.05,0,0.0,1,-0.9707966,0,0.1347861886024475,0
2019-03-28,0.018729781196233253,0.0014415726,0,4027.81,0,0.0,1,-1.247943,0,0.1691111922264099,0
2019-03-29,0.0009065984280753892,-0.0031402255,0,4103.25,0,0.0,1,2.1153817,0,0.1961645781993866,0
2019-03-30,-0.0007353352958507919,0.00042664667,0,4106.97,0,0.0,1,0.5731815,0,0.2105937004089355,0
2019-03-31,0.009895344728859001,0.0064634425,0,4103.95,0,0.0,1,0.6205392,0,0.2136753499507904,0
2019-04-01,0.17196759125214722,0.026988659,0,4144.56,0,0.0,1,1.1431891,0,0.2089750170707702,0
2019-04-02,0.015504530303934949,0.014200437,0,4857.29,0,0.0,1,0.5133264,0,0.1868872940540313,0
2019-04-03,-0.006880752544297208,0.009313089,0,4932.6,0,0.0,1,-0.033687398,0,0.1444918662309646,0
2019-04-04,0.02169777041068377,0.011409643,0,4898.66,0,0.0,1,0.4339621,0,0.0929538756608963,0
2019-04-05,0.007780297505469713,0.007924968,0,5004.95,0,0.0,1,0.84042645,0,0.0480862557888031,0
2019-04-06,0.025056057923547037,0.008869548,0,5043.89,0,0.0,1,1.8422815,0,0.0185722932219505,0
2019-04-07,0.012887141290493398,0.008631207,0,5170.27,0,0.0,1,1.969894,0,0.0029356516897678,0
2019-04-08,-0.01659378640035125,-0.0005679184,0,5236.9,0,0.0,1,1.7835255,0,-0.0027437470853328,0
2019-04-09,0.030728155339805774,0.0054307813,0,5150.0,0,0.0,1,0.6105498,0,-0.0024507120251655,0
2019-04-10,-0.05479772052936471,-0.014221118,0,5308.25,0,0.0,1,0.1767709,0,-0.0006565414369106,0
2019-04-11,0.006106785028809902,0.006250698,0,5017.37,0,0.0,1,1.9309195,0,0.0044250711798667,0
2019-04-12,-0.0005526930414163633,-0.010361689,0,5048.01,0,0.0,1,1.29502,0,0.0117638818919658,0
2019-04-13,0.017061694039110176,0.00788286,0,5045.22,0,0.0,1,0.44449288,0,0.0213861241936683,0
2019-04-14,-0.020725742014694237,-0.009957542,0,5131.3,0,0.0,1,1.7945843,0,0.0304482467472553,0
2019-04-15,0.02960626473895278,0.0048118974,0,5024.95,0,0.0,1,2.2467422,0,0.0356800556182861,0
2019-04-16,0.00562457960616336,0.0055135787,0,5173.72,0,0.0,1,1.345153,0,0.0328079722821712,0
2019-04-17,0.010690356383653565,-0.0015199153,0,5202.82,0,0.0,1,1.58448,0,0.0222465433180332,0
2019-04-18,4.564091251402225e-05,0.0040778434,0,5258.44,0,0.0,1,2.1347747,0,0.006632462143898,0
2019-04-19,0.006284847147953299,-0.0010884858,0,5258.68,0,0.0,1,0.36414278,0,-0.0087334439158439,0
2019-04-20,-0.006725588796102411,-0.0006136259,0,5291.73,0,0.0,1,1.1074648,0,-0.0209867656230926,0
2019-04-21,0.01921562211052219,-0.0010924845,0,5256.14,0,0.0,1,1.2141554,0,-0.0273869484663009,0
2019-04-22,0.025418413556487218,-0.0034844358,0,5357.14,0,0.0,1,1.3496066,0,-0.026647537946701,0
2019-04-23,-0.014255521716415087,-0.0013933511,0,5493.31,0,0.0,1,0.6895265,0,-0.0184721127152442,0
2019-04-24,-0.03602954755309329,-0.01362806,0,5415.0,0,0.0,1,2.0556967,0,-0.0016717314720153,0
2019-04-25,0.018046322726489095,-0.0024120458,0,5219.9,0,0.0,1,1.79192,0,0.0206804480403661,0
2019-04-26,-0.003464368378464977,-0.011804725,0,5314.1,0,0.0,1,-0.3561905,0,0.0451754741370677,0
2019-04-27,0.002233892089605005,-0.0049350206,0,5295.69,0,0.0,1,1.2758529,0,0.0673292949795723,0
2019-04-28,-0.013072018569878274,-0.0029375325,0,5307.52,0,0.0,1,1.4673554,0,0.0849735736846923,0
2019-04-29,0.01578231967835908,6.884392e-05,0,5238.14,0,0.0,1,1.2614558,0,0.0980358272790908,0
2019-04-30,0.011725658311422471,-0.0022627492,0,5320.81,0,0.0,1,1.0041953,0,0.1071344017982482,0
2019-05-01,0.020372640808441034,0.007913501,0,5383.2,0,0.0,1,1.3393663,0,0.1127408370375633,0
2019-05-02,0.05094240351583057,0.008984857,0,5492.87,0,0.0,1,0.335257,0,0.1195980235934257,0
2019-05-03,0.009832504430343558,0.0016451451,0,5772.69,0,0.0,1,0.036879435,0,0.1334203481674194,0
2019-05-04,-0.009234147303776474,-0.0006068307,0,5829.45,0,0.0,1,-0.14115076,0,0.1672442108392715,0
2019-05-05,-0.004818530304971591,0.0046087014,0,5775.62,0,0.0,1,1.9557306,0,0.22723188996315,0
2019-05-06,0.017145720355127736,0.0035554685,0,5747.79,0,0.0,1,3.2736187,0,0.2980915009975433,0
2019-05-07,0.024109100736529054,0.010748311,0,5846.34,0,0.0,1,2.1358705,0,0.3577320575714111,0
2019-05-08,0.037060172465339214,0.023083076,0,5987.29,0,0.0,1,2.135824,0,0.3659093976020813,0
2019-05-09,0.026436663134262517,0.022049844,0,6209.18,0,0.0,1,1.8408529,0,0.2787186801433563,0
2019-05-10,0.11028614554714733,0.035278346,0,6373.33,0,0.0,1,0.8248526,0,0.1816098392009735,0
2019-05-11,-0.015390985582698136,0.017577477,0,7076.22,0,0.0,1,0.11053099,0,0.1384458839893341,0
2019-05-12,0.11818047424328748,0.068486914,0,6967.31,0,0.0,1,2.699094,0,0.1186013519763946,0
2019-05-13,0.020132953222491867,0.02134737,0,7790.71,0,0.0,1,1.7312382,0,0.0928249210119247,0
2019-05-14,0.02797210716244969,0.020856857,0,7947.56,0,0.0,1,0.4435919,0,0.0188027806580066,0
2019-05-15,-0.037121765707410215,-0.007983561,0,8169.87,0,0.0,1,0.03636165,0,-0.0208139196038246,0
2019-05-16,-0.06500020974780685,-0.033010285,0,7866.59,0,0.0,1,0.7710087,0,-0.0027054473757743,0
2019-05-17,-0.013297966353330914,-0.0066418457,0,7355.26,0,0.0,1,0.9730177,0,0.0339317210018634,0
2019-05-18,0.12277452824339119,0.07733282,0,7257.45,0,0.0,1,1.9829766,0,0.0618133917450904,0
2019-05-19,-0.025812176013195076,-0.007537609,0,8148.48,0,0.0,1,2.3812292,0,0.0779407322406768,0
2019-05-20,-0.004192412589835159,0.0036117588,0,7938.15,0,0.0,1,2.2133863,0,0.0870977193117141,0
2019-05-21,-0.03497084708540421,-0.015041097,0,7904.87,0,0.0,1,1.3836445,0,0.0922280624508857,0
2019-05-22,0.02924323877914592,0.023170467,0,7628.43,0,0.0,1,0.9865716,0,0.0951368436217308,0
2019-05-23,0.014437987087833948,0.0075727487,0,7851.51,0,0.0,1,1.284536,0,0.0964047610759735,0
2019-05-24,0.007600877352675006,0.010185616,0,7964.87,0,0.0,1,0.7896819,0,0.0908368080854415,0
2019-05-25,0.07339438109704055,0.027215831,0,8025.41,0,0.0,1,1.6064621,0,0.0757216215133667,0
2019-05-26,0.016471200067793124,-0.0018090939,0,8614.43,0,0.0,1,1.9286957,0,0.0503659769892692,0
2019-05-27,-0.00464578727136522,0.005793538,0,8756.32,0,0.0,1,2.8238537,0,0.0166347697377204,0
2019-05-28,-0.008026949254443583,0.0010712345,0,8715.64,0,0.0,1,0.7604621,0,-0.0181930363178253,0
2019-05-29,-0.04350612097602491,-0.019962888,0,8645.68,0,0.0,1,1.1318929,0,-0.0518408343195915,0
2019-05-30,0.03451945331904782,0.005676198,0,8269.54,0,0.0,1,0.5520596,0,-0.0734998658299446,0
2019-05-31,-0.0012776154295733866,-0.008555268,0,8555.0,0,0.0,1,1.3939471,0,-0.0797024592757225,0
2019-06-01,0.021290789986505354,0.0046783877,0,8544.07,0,0.0,1,1.9446372,0,-0.0827992781996727,0
2019-06-02,-0.06992452423681927,-0.039828967,0,8725.98,0,0.0,1,1.6767694,0,-0.0695484951138496,0
2019-06-03,-0.05283384796607116,-0.029103044,0,8115.82,0,0.0,1,1.3027962,0,-0.0471169725060462,0
2019-06-04,0.011639085576614194,-0.00840764,0,7687.03,0,0.0,1,1.4896892,0,-0.016179896891117,0
2019-06-05,0.0013116440558091913,-0.006802713,0,7776.5,0,0.0,1,2.1190019,0,0.0194842591881752,0
2019-06-06,0.024892444809739622,0.01296858,0,7786.7,0,0.0,1,-0.2286083,0,0.0498422160744667,0
2019-06-07,-0.01089025415605227,0.005104142,0,7980.53,0,0.0,1,0.543171,0,0.0779509469866752,0
2019-06-08,-0.03363349135124316,-0.017075803,0,7893.62,0,0.0,1,0.46938783,0,0.1068912968039512,0
2019-06-09,0.04648845785271094,0.0055458928,0,7628.13,0,0.0,1,1.2644175,0,0.1345914602279663,0
2019-06-10,-0.012257680623845246,-0.013871749,0,7982.75,0,0.0,1,2.386425,0,0.1565800905227661,0
2019-06-11,0.03078542530659867,0.01807177,0,7884.9,0,0.0,1,2.5589104,0,0.1696067452430725,0
2019-06-12,0.011184058349041015,0.0008734402,0,8127.64,0,0.0,1,1.5856743,0,0.1750562489032745,0
2019-06-13,0.052498375623894145,0.008885023,0,8218.54,0,0.0,1,0.82229245,0,0.1769281029701233,0
2019-06-14,0.018346820809248543,0.014110603,0,8650.0,0,0.0,1,1.0778567,0,0.1659996211528778,0
2019-06-15,0.01641899485735676,0.007355585,0,8808.7,0,0.0,1,-0.067551255,0,0.1666546463966369,0
2019-06-16,0.040278868309332916,0.012796381,0,8953.33,0,0.0,1,-0.7846824,0,0.1912252306938171,0
2019-06-17,-0.02495286644993111,-0.012766059,0,9313.96,0,0.0,1,1.1722955,0,0.2302201986312866,0
2019-06-18,0.019153118135120106,0.013111607,0,9081.55,0,0.0,1,1.546506,0,0.2623389363288879,0
2019-06-19,0.028267547153095096,0.019527368,0,9255.49,0,0.0,1,0.51315147,0,0.2610775530338287,0
2019-06-20,0.0675351366800041,0.025738202,0,9517.12,0,0.0,1,1.5461258,0,0.2147157490253448,0
2019-06-21,0.05606770172029929,0.021883264,0,10159.86,0,0.0,1,1.0241253,0,0.1397066712379455,0
2019-06-22,0.016456498438883527,0.017778322,0,10729.5,0,0.0,1,1.9422519,0,0.0580658316612243,0
2019-06-23,0.013801488528865091,0.02044532,0,10906.07,0,0.0,1,1.0278393,0,-0.0069649666547775,0
2019-06-24,0.06912348201389396,0.047417108,0,11056.59,0,0.0,1,0.52631843,0,-0.0444611757993698,0
2019-06-25,0.10768590440966208,0.07275532,0,11820.86,0,0.0,1,0.2846801,0,-0.0597478225827217,0
2019-06-26,-0.13470573859383828,-0.07910532,0,13093.8,0,0.0,1,1.0820829,0,-0.0650124326348304,0
2019-06-27,0.09449611164705352,0.076125994,0,11329.99,0,0.0,1,0.4040752,0,-0.0600937902927398,0
2019-06-28,-0.040118929441488094,-0.025580466,0,12400.63,0,0.0,1,1.4904574,0,-0.0346823930740356,0
2019-06-29,-0.08813060094277714,-0.054016717,0,11903.13,0,0.0,1,1.8048592,0,0.0194535739719867,0
2019-06-30,-0.021113680544678992,-0.0071078297,0,10854.1,0,0.0,1,1.6257235,0,0.0802693367004394,0
2019-07-01,0.020510252773429993,0.008629065,0,10624.93,0,0.0,1,1.6937422,0,0.108950488269329,0
2019-07-02,0.1011864961702873,0.07974839,0,10842.85,0,0.0,1,1.9293247,0,0.086028441786766,0
2019-07-03,-0.0665268006700167,-0.053491786,0,11940.0,0,0.0,1,-0.32030725,0,0.0524094626307487,0
2019-07-04,-0.015695781411077192,-4.861015e-05,0,11145.67,0,0.0,1,0.6236348,0,0.0298922099173069,0
2019-07-05,0.026047491825976987,0.02068239,0,10970.73,0,0.0,1,1.7151047,0,-0.0003375485539436,0
2019-07-06,0.013303436506406419,0.01542006,0,11256.49,0,0.0,1,0.67580986,0,-0.0503198280930519,0
2019-07-07,0.07297409137454602,0.06602859,0,11406.24,0,0.0,1,0.93924105,0,-0.106495626270771,0
2019-07-08,0.02490562646054273,0.014347046,0,12238.6,0,0.0,1,2.2388134,0,-0.146377146244049,0
2019-07-09,-0.03468275373283658,-0.020808823,0,12543.41,0,0.0,1,1.3675741,0,-0.154165893793106,0
2019-07-10,-0.06321907903375945,-0.048152648,0,12108.37,0,0.0,1,0.0021867007,0,-0.1319574117660522,0
2019-07-11,0.03652772794234971,0.034060273,0,11342.89,0,0.0,1,1.2619234,0,-0.0956340953707695,0
2019-07-12,-0.03414582698971347,-0.027786441,0,11757.22,0,0.0,1,-0.036291406,0,-0.0527785643935203,0
2019-07-13,-0.1040511599399776,-0.10560174,0,11355.76,0,0.0,1,0.5890744,0,-0.0095696225762367,0
2019-07-14,0.06531632033244938,0.061721776,0,10174.18,0,0.0,1,0.17885984,0,0.0159097537398338,0
2019-07-15,-0.12908627587021337,-0.115287304,0,10838.72,0,0.0,1,0.5008145,0,0.0146752409636974,0
2019-07-16,0.024188550562047606,0.018884078,0,9439.59,0,0.0,1,0.52311796,0,-0.0097305029630661,0
2019-07-17,0.09921885989954404,0.083905816,0,9667.92,0,0.0,1,0.5659318,0,-0.0426001474261283,0
2019-07-18,-0.01156188483094256,-0.00074638776,0,10627.16,0,0.0,1,0.27564543,0,-0.0820499286055564,0
2019-07-19,0.02246129914539674,0.022273669,0,10504.29,0,0.0,1,-0.029946104,0,-0.1175826117396354,0
2019-07-20,-0.014038805500440787,-0.00613332,0,10740.23,0,0.0,1,0.8724984,0,-0.1298480331897735,0
2019-07-21,-0.023527189797392767,-0.01175678,0,10589.45,0,0.0,1,0.68321097,0,-0.1115460768342018,0
2019-07-22,-0.0459754107952276,-0.030651256,0,10340.31,0,0.0,1,-0.13280188,0,-0.0775098875164985,0
2019-07-23,-0.01030217204211692,-0.0063958806,0,9864.91,0,0.0,1,0.644578,0,-0.0362479537725448,0
2019-07-24,0.011941683532583403,0.0034244815,0,9763.28,0,0.0,1,0.37511718,0,0.0059003978967666,0
2019-07-25,-0.005654932706604554,-0.012587227,0,9879.87,0,0.0,1,-0.013402358,0,0.0448721460998058,0
2019-07-26,-0.03537052117263839,-0.010050296,0,9824.0,0,0.0,1,-0.15170695,0,0.0816386267542839,0
2019-07-27,0.006861168445800869,0.00549057,0,9476.52,0,0.0,1,0.8774814,0,0.1225426569581031,0
2019-07-28,-0.003552885592891908,-0.006843245,0,9541.54,0,0.0,1,-0.24917303,0,0.1635255664587021,0
2019-07-29,0.007001737550012432,0.0024865768,0,9507.64,0,0.0,1,0.04804723,0,0.1887542307376861,0
2019-07-30,0.05288373662161172,0.01985722,0,9574.21,0,0.0,1,0.15311883,0,0.1956374943256378,0
2019-07-31,0.029210765703787223,0.007742934,0,10080.53,0,0.0,1,-1.5885245,0,0.1948162317276001,0
2019-08-01,0.014338327073086354,0.01410538,0,10374.99,0,0.0,1,-0.29999828,0,0.1827306151390075,0
2019-08-02,0.027852238983252287,0.008207102,0,10523.75,0,0.0,1,0.7897806,0,0.1462973356246948,0
2019-08-03,0.01038841216397346,0.0024611913,0,10816.86,0,0.0,1,1.2514035,0,0.1060398072004318,0
2019-08-04,0.08230863473456052,0.044962462,0,10929.23,0,0.0,1,0.49741167,0,0.0675856545567512,0
2019-08-05,-0.029344481266062372,-0.0126700075,0,11828.8,0,0.0,1,1.6212918,0,0.0312929898500442,0
2019-08-06,0.04296754223463628,0.03403893,0,11481.69,0,0.0,1,-0.78194094,0,-0.0332137271761894,0
2019-08-07,0.002065965596745878,0.0016933456,0,11975.03,0,0.0,1,-0.0955202,0,-0.0812777206301689,0
2019-08-08,-0.009981857985611464,-0.013057223,0,11999.77,0,0.0,1,0.9831007,0,-0.1071684882044792,0
2019-08-09,-0.04803707747228747,-0.030813996,0,11879.99,0,0.0,1,0.71469593,0,-0.1100012734532356,0
2019-08-10,0.021279812826777267,0.0077424585,0,11309.31,0,0.0,1,0.77012193,0,-0.1086736693978309,0
2019-08-11,-0.013323844131196805,-0.029799538,0,11549.97,0,0.0,1,2.182272,0,-0.0948702320456504,0
2019-08-12,-0.044170451593881443,-0.021179862,0,11396.08,0,0.0,1,0.7963098,0,-0.0671994015574455,0
2019-08-13,-0.07733061836769717,-0.044369638,0,10892.71,0,0.0,1,2.0296972,0,-0.0373505726456642,0
2019-08-14,0.024233933676073516,0.008711114,0,10050.37,0,0.0,1,0.57669127,0,-0.010249774903059,0
2019-08-15,0.0036536094572239275,-0.0093322415,0,10293.93,0,0.0,1,-0.60807836,0,0.0032706297934055,0
2019-08-16,-0.011181295334480645,-0.0031845362,0,10331.54,0,0.0,1,-0.9200975,0,0.0071336701512336,0
2019-08-17,0.00888408597477297,-0.00011009653,0,10216.02,0,0.0,1,1.5215126,0,0.0029406026005744,0
2019-08-18,0.05906403357789736,0.025799971,0,10306.78,0,0.0,1,-0.027997002,0,-0.0086234435439109,0
2019-08-19,-0.014202687178096585,-0.007547238,0,10915.54,0,0.0,1,1.2679913,0,-0.0226015448570251,0
2019-08-20,-0.057426646134802195,-0.025406357,0,10760.51,0,0.0,1,3.202079,0,-0.0302321165800094,0
2019-08-21,-0.004208992395418609,0.00091407326,0,10142.57,0,0.0,1,0.7002168,0,-0.036162681877613,0
2019-08-22,0.0286805387786786,0.009551759,0,10099.88,0,0.0,1,-0.20296489,0,-0.0298951491713523,0
2019-08-23,-0.02456314277326732,-0.005773249,0,10389.55,0,0.0,1,0.843331,0,-0.0198509395122528,0
2019-08-24,0.0008229437507092374,-0.007850907,0,10134.35,0,0.0,1,-0.79165775,0,-0.0122604146599769,0
2019-08-25,0.022633049023483842,0.009669312,0,10142.69,0,0.0,1,-0.812707,0,0.0049944072961807,0
2019-08-26,-0.01804815734291021,-0.009140745,0,10372.25,0,0.0,1,0.4754765,0,0.0250860657542943,0
2019-08-27,-0.04556187745764617,-0.016634095,0,10185.05,0,0.0,1,0.7178862,0,0.040477380156517,0
2019-08-28,-0.022894763913177574,-0.020475306,0,9721.0,0,0.0,1,2.0275767,0,0.0676851272583007,0
2019-08-29,0.009064646405093857,0.00667275,0,9498.44,0,0.0,1,1.7092386,0,0.0875965356826782,0
2019-08-30,0.00030570063873680553,0.0078504905,0,9584.54,0,0.0,1,0.31098354,0,0.0997128337621688,0
2019-08-31,0.014342678516855889,0.0028625908,0,9587.47,0,0.0,1,-1.3646438,0,0.0625215917825698,0
2019-09-01,0.06324126116454742,0.022963975,0,9724.98,0,0.0,1,0.47156346,0,0.0195109136402606,0
2019-09-02,0.02662282398452609,0.00896526,0,10340.0,0,0.0,1,-0.20094006,0,-0.0072528682649135,0
2019-09-03,-0.004546276687944162,0.0021790247,0,10615.28,0,0.0,1,1.3956496,0,-0.0226900652050972,0
2019-09-04,-0.00023942417067446264,0.0023957808,0,10567.02,0,0.0,1,0.070088014,0,-0.0356803759932518,0
2019-09-05,-0.025155970614767043,-0.009252569,0,10564.49,0,0.0,1,1.039212,0,-0.0313649550080299,0
2019-09-06,0.015259163023013445,0.0063921157,0,10298.73,0,0.0,1,0.53164583,0,-0.0201327800750732,0
2019-09-07,-0.007144305405188178,0.0038582701,0,10455.88,0,0.0,1,0.9883847,0,-0.0040452554821968,0
2019-09-08,-0.007519376410003442,0.004581268,0,10381.18,0,0.0,1,-0.9065285,0,0.0065926536917686,0
2019-09-09,-0.019893973864227643,-0.0050959745,0,10303.12,0,0.0,1,1.2812068,0,0.0101636387407779,0
2019-09-10,0.00595950743453022,0.00087948935,0,10098.15,0,0.0,1,0.74201447,0,0.0056758970022201,0
2019-09-11,0.025267932819666328,-0.0012150605,0,10158.33,0,0.0,1,1.8007619,0,-0.0040332674980163,0
2019-09-12,-0.007004313966093245,-0.0010945369,0,10415.01,0,0.0,1,0.43673354,0,-0.0161768272519111,0
2019-09-13,-0.0006807154474058885,-0.002861517,0,10342.06,0,0.0,1,-0.68828773,0,-0.0328548327088356,0
2019-09-14,-0.0031939947866573837,-0.006821051,0,10335.02,0,0.0,1,0.006937772,0,-0.056766502559185,0
2019-09-15,-0.004921369713289048,-0.005038426,0,10302.01,0,0.0,1,0.6003308,0,-0.0956892892718315,0
2019-09-16,-0.006193354800508422,0.00095277367,0,10251.31,0,0.0,1,0.11690593,0,-0.1446246206760406,0
2019-09-17,-0.003026162613787853,-0.0008310905,0,10187.82,0,0.0,1,1.0394721,0,-0.1892233192920684,0
2019-09-18,0.008595066057956346,0.005749758,0,10156.99,0,0.0,1,-1.0516747,0,-0.2076819241046905,0
2019-09-19,-0.007389482336013553,0.008526328,0,10244.29,0,0.0,1,1.2434587,0,-0.2064782679080963,0
2019-09-20,-0.017917921757097166,0.0004888773,0,10168.59,0,0.0,1,0.88338256,0,-0.1946874558925628,0
2019-09-21,0.004253789407383524,-0.002879031,0,9986.39,0,0.0,1,0.8153632,0,-0.1747484803199768,0
2019-09-22,-0.03256797625255892,-0.0065365992,0,10028.87,0,0.0,1,-0.5267421,0,-0.1277099251747131,0
2019-09-23,-0.12462160838980652,-0.013833372,0,9702.25,0,0.0,1,-0.3149346,0,-0.0666872039437294,0
2019-09-24,-0.007428348055018574,-0.00503238,0,8493.14,0,0.0,1,0.29113024,0,-0.0164049789309501,0
2019-09-25,-0.04345407203990481,-0.04525123,0,8430.05,0,0.0,1,0.42417902,0,-0.0112964995205402,0
2019-09-26,0.014159700287584176,0.0007713174,0,8063.73,0,0.0,1,-1.5648596,0,-0.0211809873580932,0
2019-09-27,0.0025556652005218616,-0.00085898396,0,8177.91,0,0.0,1,0.9748701,0,-0.0356120392680168,0
2019-09-28,-0.018903962892175774,-0.00717818,0,8198.81,0,0.0,1,0.071526065,0,-0.0497870594263076,0
2019-09-29,0.03052281130109824,0.0098871095,0,8043.82,0,0.0,1,1.0695789,0,-0.0504464507102966,0
2019-09-30,0.0003739742850457084,0.0019127815,0,8289.34,0,0.0,1,1.0431572,0,-0.0395427867770195,0
2019-10-01,0.008139944334839999,0.005044917,0,8292.44,0,0.0,1,2.146514,0,-0.0160775110125541,0
2019-10-02,-0.016265666978471316,-0.0070044645,0,8359.94,0,0.0,1,1.176398,0,0.0053471848368644,0
2019-10-03,-0.010558173921079272,-0.008772559,0,8223.96,0,0.0,1,0.33301258,0,0.0241695381700992,0
2019-10-04,-0.0013444543715045443,-0.003151707,0,8137.13,0,0.0,1,-0.43181217,0,0.0416358560323715,0
2019-10-05,-0.033464637179293044,-0.017093498,0,8126.19,0,0.0,1,0.6607989,0,0.0415876396000385,0
2019-10-06,0.042759015819460844,0.011427356,0,7854.25,0,0.0,1,-0.2527303,0,0.0246037170290946,0
2019-10-07,-0.0026495435337096085,0.0062598004,0,8190.09,0,0.0,1,0.4790058,0,0.0059946849942207,0
2019-10-08,0.04803272125841196,0.01377203,0,8168.39,0,0.0,1,0.6803225,0,-0.0152275264263153,0
2019-10-09,-0.0003165614187558008,0.0053340103,0,8560.74,0,0.0,1,0.8221515,0,-0.0426234677433967,0
2019-10-10,-0.03499987730821241,-0.012248131,0,8558.03,0,0.0,1,-0.23778819,0,-0.0476777106523513,0
2019-10-11,0.005036023490948782,-0.003396025,0,8258.5,0,0.0,1,1.869566,0,-0.0423991605639457,0
2019-10-12,-0.00302165398206522,-0.016665269,0,8300.09,0,0.0,1,-0.03438662,0,-0.0331406369805336,0
2019-10-13,0.008844702302474694,0.004660014,0,8275.01,0,0.0,1,0.36195415,0,-0.0319863855838775,0
2019-10-14,-0.02262883016698214,-0.009100285,0,8348.2,0,0.0,1,0.9711235,0,-0.0340619161725044,0
2019-10-15,-0.020534874970738914,-0.0022187904,0,8159.29,0,0.0,1,0.6472119,0,-0.0311504006385803,0
2019-10-16,0.009865185804343035,-0.0040262546,0,7991.74,0,0.0,1,-0.9126189,0,-0.0226639881730079,0
2019-10-17,-0.015311167227138545,0.0009319986,0,8070.58,0,0.0,1,1.6351384,0,-0.0002405755221843,0
2019-10-18,0.0001258334895766211,0.0062210495,0,7947.01,0,0.0,1,-0.74960846,0,0.0383821278810501,0
2019-10-19,0.03464263381651511,0.007120072,0,7948.01,0,0.0,1,0.13225321,0,0.0844507217407226,0
2019-10-20,-0.0031714568880079064,-0.0009426379,0,8223.35,0,0.0,1,0.5580533,0,0.1318583488464355,0
2019-10-21,-0.02162549238953948,0.00036805664,0,8197.27,0,0.0,1,0.8872249,0,0.1738701313734054,0
2019-10-22,-0.06900000000000006,-0.0023572112,0,8020.0,0,0.0,1,-0.7962997,0,0.201116532087326,0
2019-10-23,-0.0072603132341005905,-0.0051328656,0,7466.62,0,0.0,1,0.16173606,0,0.2049298584461212,0
2019-10-24,0.1676391349102384,0.02752896,0,7412.41,0,0.0,1,-0.3775202,0,0.1795003712177276,0
2019-10-25,0.0664331220494001,0.0019144742,0,8655.02,0,0.0,1,0.2369646,0,0.1315852552652359,0
2019-10-26,0.032495124593716174,0.022999689,0,9230.0,0,0.0,1,-0.25078154,0,0.0768067240715026,0
2019-10-27,-0.03408104781462207,-0.016823076,0,9529.93,0,0.0,1,0.9488244,0,0.0324592441320419,0
2019-10-28,0.021996406355579756,0.028172135,0,9205.14,0,0.0,1,-0.5762399,0,0.0046022683382034,0
2019-10-29,-0.026882463364804376,-0.01955263,0,9407.62,0,0.0,1,1.7060207,0,-0.0136663243174552,0
2019-10-30,-0.0015150654525751817,0.011161367,0,9154.72,0,0.0,1,0.6501126,0,-0.0275235176086425,0
2019-10-31,0.009929054737797927,-0.0038332609,0,9140.85,0,0.0,1,0.21191461,0,-0.0357479527592659,0
2019-11-01,0.006273011966493325,0.005412635,0,9231.61,0,0.0,1,-0.35895175,0,-0.0492698550224304,0
2019-11-02,-0.010206124751332868,-0.0040622875,0,9289.52,0,0.0,1,0.109567925,0,-0.0502251908183097,0
2019-11-03,0.021603726490558195,0.00980617,0,9194.71,0,0.0,1,-1.876388,0,-0.053455613553524,0
2019-11-04,-0.009015952775101588,-0.004538136,0,9393.35,0,0.0,1,0.5686835,0,-0.0596702098846435,0
2019-11-05,0.0032647019012403966,-0.0003402736,0,9308.66,0,0.0,1,0.5231247,0,-0.0618569403886795,0
2019-11-06,-0.013154442903721364,0.0024134307,0,9339.05,0,0.0,1,0.6309507,0,-0.0570836439728736,0
2019-11-07,-0.04801002582409253,-0.018475235,0,9216.2,0,0.0,1,-0.8205852,0,-0.0503701344132423,0
2019-11-08,0.004066685434815032,-0.0018559524,0,8773.73,0,0.0,1,1.1230389,0,-0.0454269871115684,0
2019-11-09,0.026115256299797496,0.0057224124,0,8809.41,0,0.0,1,-0.41951078,0,-0.0455512851476669,0
2019-11-10,-0.03387366737209141,-0.014983282,0,9039.47,0,0.0,1,0.32823235,0,-0.0495049133896827,0
2019-11-11,0.010153127064661982,0.010177492,0,8733.27,0,0.0,1,0.57813054,0,-0.0574130043387413,0
2019-11-12,-0.005080515170132638,0.005610104,0,8821.94,0,0.0,1,1.3198447,0,-0.0687807127833366,0
2019-11-13,-0.014861366826476208,-0.0077200206,0,8777.12,0,0.0,1,-1.0066063,0,-0.0852251723408699,0
2019-11-14,-0.020233199331998075,0.0017731292,0,8646.68,0,0.0,1,1.1529137,0,-0.1175673380494117,0
2019-11-15,0.002276984748097677,-0.0031889004,0,8471.73,0,0.0,1,0.035388783,0,-0.155855119228363,0
2019-11-16,0.0013402394529749007,-0.009469971,0,8491.02,0,0.0,1,-0.9782363,0,-0.185681015253067,0
2019-11-17,-0.03707541400075265,-0.011011418,0,8502.4,0,0.0,1,-1.7588463,0,-0.1981794834136963,0
2019-11-18,-0.006538278794748331,-0.00348916,0,8187.17,0,0.0,1,1.3147017,0,-0.1908849477767944,0
2019-11-19,-0.004380572535789606,-0.0038730414,0,8133.64,0,0.0,1,0.82910657,0,-0.1687597930431366,0
2019-11-20,-0.05807229183466067,-0.023081359,0,8098.01,0,0.0,1,0.90834546,0,-0.1318418681621551,0
2019-11-21,-0.047131915875475605,-0.01432584,0,7627.74,0,0.0,1,-0.28202516,0,-0.0724707394838333,0
2019-11-22,0.00596293733137232,-0.010521459,0,7268.23,0,0.0,1,-1.158538,0,-0.0004466995596885,0
2019-11-23,-0.055841631824628646,-0.02599926,0,7311.57,0,0.0,1,-1.9223439,0,0.0480615571141243,0
2019-11-24,0.02988289624642193,-0.0010237913,0,6903.28,0,0.0,1,-0.85996366,0,0.0479300208389759,0
2019-11-25,0.006550325828425629,0.0005158861,0,7109.57,0,0.0,1,-1.7298353,0,0.0236523691564798,0
2019-11-26,0.04924163026436035,0.012791971,0,7156.14,0,0.0,1,0.087881014,0,0.003589354455471,0
2019-11-27,-0.011857196890998623,-0.016387828,0,7508.52,0,0.0,1,-0.6166807,0,-0.0068821348249912,0
2019-11-28,0.04315525730205172,0.023527771,0,7419.49,0,0.0,1,-0.34944063,0,-0.0121955573558807,0
2019-11-29,-0.025555320116594005,-0.0063189776,0,7739.68,0,0.0,1,-0.15629475,0,-0.0149328261613845,0
2019-11-30,-0.020021506545441548,0.0003843484,0,7541.89,0,0.0,1,0.25464898,0,-0.0153441652655601,0
2019-12-01,-0.013071497478652883,-0.016234897,0,7390.89,0,0.0,1,-1.2545618,0,-0.0136751234531402,0
2019-12-02,-0.00021523714472160282,0.00029064482,0,7294.28,0,0.0,1,1.0286815,0,-0.0082859545946121,0
2019-12-03,-0.01349155526546375,-0.0063531976,0,7292.71,0,0.0,1,0.37126124,0,-0.0063919425010681,0
2019-12-04,0.02706023640872246,0.016561829,0,7194.32,0,0.0,1,-0.17757075,0,-0.0114679932594299,0
2019-12-05,0.018740018947083437,0.0100891655,0,7389.0,0,0.0,1,-1.6278739,0,-0.0208386033773422,0
2019-12-06,-0.005215563795006872,0.0027690944,0,7527.47,0,0.0,1,-0.4258089,0,-0.0362036749720573,0
2019-12-07,0.002924597467218515,0.0039134272,0,7488.21,0,0.0,1,-0.88451576,0,-0.0453015267848968,0
2019-12-08,-0.022831889279917306,-0.02095605,0,7510.11,0,0.0,1,-0.11965151,0,-0.0466774925589561,0
2019-12-09,-0.015603708589057352,-0.00800568,0,7338.64,0,0.0,1,0.1593573,0,-0.039285734295845,0
2019-12-10,-0.0019559448681018,0.001094942,0,7224.13,0,0.0,1,0.9470382,0,-0.0416923016309738,0
2019-12-11,-0.001653259361997228,-0.0056183524,0,7210.0,0,0.0,1,-0.7231444,0,-0.0364208817481994,0
2019-12-12,0.00839112652262819,0.0027911025,0,7198.08,0,0.0,1,0.69384885,0,-0.0237863287329673,0
2019-12-13,-0.02678659994930055,-0.0034501394,0,7258.48,0,0.0,1,-0.7766352,0,-0.0034276247024536,0
2019-12-14,0.0077207834032884115,0.004899774,0,7064.05,0,0.0,1,-0.27923536,0,0.0195367597043514,0
2019-12-15,-0.031870075394144104,0.004010057,0,7118.59,0,0.0,1,-0.5679789,0,0.0395425558090209,0
2019-12-16,-0.038872734237606954,0.0026456085,0,6891.72,0,0.0,1,0.33097517,0,0.0491247735917568,0
2019-12-17,0.0987360767653711,0.013139921,0,6623.82,0,0.0,1,-0.07350235,0,0.0454779677093029,0
2019-12-18,-0.017523080368736288,-0.0069601396,0,7277.83,0,0.0,1,-1.4934791,0,0.0267459955066442,0
2019-12-19,0.005248730822482894,0.008791142,0,7150.3,0,0.0,1,-1.9701253,0,0.0012192875146865,0
2019-12-20,-0.007662952518353916,-0.003214146,0,7187.83,0,0.0,1,-0.5128542,0,-0.0192814543843269,0
2019-12-21,0.05168974098349155,0.022534635,0,7132.75,0,0.0,1,-1.900747,0,-0.0319144800305366,0
2019-12-22,-0.02457528154594313,0.0013481646,0,7501.44,0,0.0,1,-0.14834027,0,-0.0381225422024726,0
2019-12-23,-0.008380380725124259,-0.004145693,0,7317.09,0,0.0,1,0.7056942,0,-0.0405585691332817,0
2019-12-24,-0.007048183721369394,-0.009055127,0,7255.77,0,0.0,1,0.6509725,0,-0.0413107350468635,0
2019-12-25,-0.0003650430348262068,-0.0076757595,0,7204.63,0,0.0,1,0.3506853,0,-0.0388378947973251,0
2019-12-26,0.007322965842821327,0.00081581133,0,7202.0,0,0.0,1,0.8273488,0,-0.0294166281819343,0
2019-12-27,0.008463432183648312,0.0021493337,0,7254.74,0,0.0,1,0.08549988,0,-0.0116739869117736,0
2019-12-28,0.009854923497909951,0.003428206,0,7316.14,0,0.0,1,-1.2608972,0,0.0123480521142482,0
2019-12-29,-0.019252217036804353,-0.004613471,0,7388.24,0,0.0,1,-2.0832212,0,0.0382295474410057,0
2019-12-30,-0.007006624344465973,0.00405873,0,7246.0,0,0.0,1,-0.037330404,0,0.0610766224563121,0
2019-12-31,0.0007810730164290458,-0.004205186,0,7195.23,0,0.0,1,0.004704848,0,0.0798798352479934,0
2020-01-01,-0.032654478290757405,-0.0064906124,0,7200.85,0,0.0,1,-0.39435065,0,0.0880341082811355,0
2020-01-02,0.054445275499554135,0.011990207,0,6965.71,0,0.0,1,0.14444688,0,0.0900117009878158,0
2020-01-03,0.0012457521892561552,-0.00038372143,0,7344.96,0,0.0,1,1.1129469,0,0.08163932710886,0
2020-01-04,0.000630939705824396,-0.001858056,0,7354.11,0,0.0,1,-0.3802387,0,0.0677827522158622,0
2020-01-05,0.05425513844063201,0.009333812,0,7358.75,0,0.0,1,-1.3271495,0,0.0569182336330413,0
2020-01-06,0.049920082495488405,0.0046030744,0,7758.0,0,0.0,1,1.0494074,0,0.0527074858546257,0
2020-01-07,-0.010963404572955193,0.00091611163,0,8145.28,0,0.0,1,-0.31898767,0,0.0531017184257507,0
2020-01-08,-0.02957057986737799,-0.0011205166,0,8055.98,0,0.0,1,0.12085642,0,0.0529406145215034,0
2020-01-09,0.048512617424940174,0.013613352,0,7817.76,0,0.0,1,1.0810714,0,0.0500876232981681,0
2020-01-10,-0.02159443309885789,-0.0052711703,0,8197.02,0,0.0,1,1.3720981,0,0.0472799837589263,0
2020-01-11,0.02056979978827944,0.0021658023,0,8020.01,0,0.0,1,1.2013713,0,0.0431484505534172,0
2020-01-12,-0.00911914262466118,0.0007644952,0,8184.98,0,0.0,1,0.9771422,0,0.0374992899596691,0
2020-01-13,0.08626888638454133,0.024370566,0,8110.34,0,0.0,1,-0.09448509,0,0.0314113348722457,0
2020-01-14,0.0012939826402011967,-0.0032500792,0,8810.01,0,0.0,1,1.2368568,0,0.0234991386532783,0
2020-01-15,-0.011494761041602186,0.007104285,0,8821.41,0,0.0,1,-0.3401127,0,0.0119660459458827,0
2020-01-16,0.02216396540829657,0.00381643,0,8720.01,0,0.0,1,-0.449273,0,-0.0013578832149505,0
2020-01-17,0.00030067494794261407,-0.004225297,0,8913.28,0,0.0,1,0.7631124,0,-0.0085610523819923,0
2020-01-18,-0.024031063396426022,0.0013848358,0,8915.96,0,0.0,1,2.4510808,0,-0.0033849067986011,0
2020-01-19,-0.006820506337842036,0.0016106665,0,8701.7,0,0.0,1,0.34815848,0,0.0115449056029319,0
2020-01-20,0.010839644309707408,0.003794293,0,8642.35,0,0.0,1,2.110928,0,0.0297523587942123,0
2020-01-21,-0.006143522858781392,0.0023351596,0,8736.03,0,0.0,1,2.5558968,0,0.0453699305653572,0
2020-01-22,-0.03200051598874043,-0.006901273,0,8682.36,0,0.0,1,0.6965865,0,0.0554130971431732,0
2020-01-23,0.0041025543398076625,-0.0032471188,0,8404.52,0,0.0,1,0.36443362,0,0.0609779879450798,0
2020-01-24,-0.011662519255836057,-0.006700156,0,8439.0,0,0.0,1,2.2511506,0,0.064798817038536,0
2020-01-25,0.032901788604629445,0.0062225154,0,8340.58,0,0.0,1,-1.1248164,0,0.0685257017612457,0
2020-01-26,0.0339605339524085,-0.0009710961,0,8615.0,0,0.0,1,1.021161,0,0.0691292136907577,0
2020-01-27,0.05238690237629329,0.006688031,0,8907.57,0,0.0,1,1.9438635,0,0.0637276843190193,0
2020-01-28,-0.007753186668529755,0.00023024541,0,9374.21,0,0.0,1,1.572973,0,0.0413200706243515,0
2020-01-29,0.022757546339150503,-0.0023116048,0,9301.53,0,0.0,1,0.15070255,0,0.0305385161191225,0
2020-01-30,-0.01685235582942035,-0.0008331437,0,9513.21,0,0.0,1,1.5528492,0,0.0276790186762809,0
2020-01-31,0.0033914650979538497,-0.0005423833,0,9352.89,0,0.0,1,-1.6863357,0,0.0310265719890594,0
2020-02-01,-0.005658199967819688,-0.00691414,0,9384.61,0,0.0,1,0.6675016,0,0.0326136723160743,0
2020-02-02,-0.004208322125786812,0.0008215726,0,9331.51,0,0.0,1,0.8461622,0,0.0505387708544731,0
2020-02-03,-0.01024726007937804,-0.0048680366,0,9292.24,0,0.0,1,0.44126523,0,0.0653017833828926,0
2020-02-04,0.04512548629882285,0.004076689,0,9197.02,0,0.0,1,1.0861164,0,0.0685403645038604,0
2020-02-05,0.016641628624100457,0.001274975,0,9612.04,0,0.0,1,0.6473241,0,0.0617376640439033,0
2020-02-06,0.004270364306180774,0.0013857394,0,9772.0,0,0.0,1,2.2493467,0,0.0453483462333679,0
2020-02-07,0.008286349838440676,0.0012884198,0,9813.73,0,0.0,1,0.6886165,0,0.0249365270137786,0
2020-02-08,0.025942264061323606,0.009828961,0,9895.05,0,0.0,1,0.0067839175,0,0.0052861645817756,0
2020-02-09,-0.02954367473588293,-0.002447558,0,10151.75,0,0.0,1,1.698038,0,-0.0085842534899711,0
2020-02-10,0.03768335426007141,0.008642212,0,9851.83,0,0.0,1,0.51424813,0,-0.0168674141168594,0
2020-02-11,0.01011241230627169,-0.0013687096,0,10223.08,0,0.0,1,0.202739,0,-0.0183505788445472,0
2020-02-12,-0.009376882300420442,0.0019692364,0,10326.46,0,0.0,1,1.1615211,0,-0.0167680010199546,0
2020-02-13,0.011215459405667705,0.0010292649,0,10229.63,0,0.0,1,0.69168997,0,-0.0049208849668502,0
2020-02-14,-0.04250045435387029,0.002938379,0,10344.36,0,0.0,1,0.65289176,0,0.001892015337944,0
2020-02-15,0.0012670726683845501,0.0032733171,0,9904.72,0,0.0,1,2.1960986,0,0.0138991847634315,0
2020-02-16,-0.021303241718739208,-0.010960176,0,9917.27,0,0.0,1,1.7238592,0,0.0231065675616264,0
2020-02-17,0.04726045744900054,0.020471416,0,9706.0,0,0.0,1,0.98390776,0,0.0224467888474464,0
2020-02-18,-0.0561668753953628,-0.0129733225,0,10164.71,0,0.0,1,1.8449659,0,0.0076713487505912,0
2020-02-19,0.00027413566484146834,0.003513998,0,9593.79,0,0.0,1,0.7034347,0,-0.0269306376576423,0
2020-02-20,0.00840209161333072,-0.0055765444,0,9596.42,0,0.0,1,0.22136162,0,-0.0597982630133628,0
2020-02-21,-0.002706403294392312,0.013178389,0,9677.05,0,0.0,1,0.6512321,0,-0.085425890982151,0
2020-02-22,0.02958700053673957,0.0033350647,0,9650.86,0,0.0,1,2.4475708,0,-0.0997176989912986,0
2020-02-23,-0.028206392657300516,-0.0044414345,0,9936.4,0,0.0,1,0.17508136,0,-0.0998136028647422,0
2020-02-24,-0.03524082629376357,-0.0025775356,0,9656.13,0,0.0,1,2.5015025,0,-0.0918734893202781,0
2020-02-25,-0.056955679788403435,-0.019250952,0,9315.84,0,0.0,1,1.9825959,0,-0.0891400799155235,0
2020-02-26,0.00432087874562459,-0.002253373,0,8785.25,0,0.0,1,0.5161952,0,-0.0522840619087219,0
2020-02-27,-0.014767867930152279,-0.009758915,0,8823.21,0,0.0,1,-0.5682201,0,-0.0060469210147857,0
2020-02-28,-0.01947564164359228,-0.01780298,0,8692.91,0,0.0,1,1.4217181,0,0.036645233631134,0
2020-02-29,0.0009702461750360492,0.011734779,0,8523.61,0,0.0,1,-0.7733883,0,0.0129011273384094,0
2020-03-01,0.04493265259239476,0.014583617,0,8531.88,0,0.0,1,-0.28823626,0,-0.0354035049676895,0
2020-03-02,-0.017405027795101446,-0.0043661315,0,8915.24,0,0.0,1,1.1004695,0,-0.0952576771378517,0
2020-03-03,-0.0010502199183338723,0.0051775244,0,8760.07,0,0.0,1,0.3723928,0,-0.0571699365973472,0
2020-03-04,0.034717690926730604,0.005356481,0,8750.87,0,0.0,1,-0.7936224,0,-0.1522247195243835,0
2020-03-05,0.008525977726435263,0.0060891556,0,9054.68,0,0.0,1,1.6432348,0,-0.3802216947078705,0
2020-03-06,-0.026853178096952535,-0.004895314,0,9131.88,0,0.0,1,2.1881008,0,-0.3992067873477936,0
2020-03-07,-0.09602595350784204,-0.027109116,0,8886.66,0,0.0,1,0.9762807,0,-0.3517173826694488,0
2020-03-08,-0.012876385948008995,-0.009964733,0,8033.31,0,0.0,1,0.64079654,0,-0.3166837394237518,0
2020-03-09,-0.004452784219665551,-0.006331945,0,7929.87,0,0.0,1,0.9078022,0,-0.3464462757110595,0
2020-03-10,0.005061713382379818,-0.00045885023,0,7894.56,0,0.0,1,-0.24538,0,-0.3226774632930755,0
2020-03-11,-0.3950484717412017,-0.4468236,0,7934.52,0,0.0,1,-0.7209684,0,-0.1506046950817108,0
2020-03-12,0.1622083333333335,0.072436504,0,4800.0,0,0.0,1,-0.77971303,0,0.057244136929512,0
2020-03-13,-0.07287491485318898,-0.0896885,0,5578.6,0,0.0,1,0.62934834,0,0.161770224571228,0
2020-03-14,0.03658890268094339,0.03942854,0,5172.06,0,0.0,1,-0.9887918,0,0.1493512094020843,0
2020-03-15,-0.06198683155204898,-0.054105494,0,5361.3,0,0.0,1,-1.0404961,0,0.1725538820028305,0
2020-03-16,0.05640717681751939,0.037931357,0,5028.97,0,0.0,1,-1.2527356,0,0.2579029500484466,0
2020-03-17,0.015133718829056564,0.010434256,0,5312.64,0,0.0,1,-0.14923005,0,0.2596165835857391,0
2020-03-18,0.14265238158812088,0.10357967,0,5393.04,0,0.0,1,-0.15711178,0,0.1742616593837738,0
2020-03-19,0.0074630377598228215,0.007857788,0,6162.37,0,0.0,1,-0.55897427,0,0.0822450444102287,0
2020-03-20,-0.0034437435973430075,0.010851207,0,6208.36,0,0.0,1,-0.7922467,0,0.0255509167909622,0
2020-03-21,-0.05993069316532462,-0.034661736,0,6186.98,0,0.0,1,-0.57036346,0,-0.0031807869672775,0
2020-03-22,0.11194957523739779,0.0901863,0,5816.19,0,0.0,1,-1.106805,0,-0.0183364525437355,0
2020-03-23,0.04289418630002273,0.011541864,0,6467.31,0,0.0,1,-0.5993088,0,-0.0245992094278335,0
2020-03-24,-0.009976692879763771,-0.0018775174,0,6744.72,0,0.0,1,-1.0231036,0,-0.0186184346675872,0
2020-03-25,0.0089750098466026,0.009405744,0,6677.43,0,0.0,1,-1.115754,0,-0.0011483468115329,0
2020-03-26,-0.05614216844580078,-0.03787946,0,6737.36,0,0.0,1,-1.2174289,0,0.0270890556275844,0
2020-03-27,-0.01925741180762719,0.0048356885,0,6359.11,0,0.0,1,-0.8467082,0,0.0684591680765152,0
2020-03-28,-0.05695846327756082,-0.05026005,0,6236.65,0,0.0,1,-2.0418715,0,0.1098283678293228,0
2020-03-29,0.0872170326213737,0.072103426,0,5881.42,0,0.0,1,-1.1625332,0,0.143154889345169,0
2020-03-30,0.002511580481610265,0.0035177753,0,6394.38,0,0.0,1,-0.32574618,0,0.1525919437408447,0
2020-03-31,0.03626584134630395,0.026870929,0,6410.44,0,0.0,1,-0.2890371,0,0.141446441411972,0
2020-04-01,0.022756558862668808,0.0016772051,0,6642.92,0,0.0,1,-0.40463412,0,0.114334836602211,0
2020-04-02,-0.008829732900211718,0.001353181,0,6794.09,0,0.0,1,-0.40330714,0,0.0752140581607818,0
2020-04-03,0.018248912252565308,0.01865165,0,6734.1,0,0.0,1,-0.730258,0,0.0314065217971801,0
2020-04-04,-0.012280898761701575,-0.004675025,0,6856.99,0,0.0,1,-0.67455685,0,0.0280903968960046,0
2020-04-05,0.08225868845584827,0.049341556,0,6772.78,0,0.0,1,0.16748124,0,0.037732794880867,0
2020-04-06,-0.018087559175432144,-0.019458868,0,7329.9,0,0.0,1,0.0068398267,0,0.0083091706037521,0
2020-04-07,0.022780701705634954,0.010113137,0,7197.32,0,0.0,1,-0.9677652,0,-0.0432681590318679,0
2020-04-08,-0.010560663362893408,-0.012300612,0,7361.28,0,0.0,1,-0.80392134,0,-0.0566396266222,0
2020-04-09,-0.05829857459422205,-0.044614196,0,7283.54,0,0.0,1,-1.2946211,0,-0.0162801072001457,0
2020-04-10,0.0026111982644496656,0.0042151096,0,6858.92,0,0.0,1,-0.6669819,0,0.0344223082065582,0
2020-04-11,0.003920411003325741,-0.0049827327,0,6876.83,0,0.0,1,-0.8738903,0,0.0521023981273174,0
2020-04-12,-0.00954258458035373,-0.0006212001,0,6903.79,0,0.0,1,0.027035162,0,0.0433976277709007,0
2020-04-13,0.0045028378554266,-0.0029809563,0,6837.91,0,0.0,1,0.3316555,0,0.0305559523403644,0
2020-04-14,-0.03602719583036096,-0.032966904,0,6868.7,0,0.0,1,0.71564543,0,0.0050609409809112,0
2020-04-15,0.07259969431707658,0.04465269,0,6621.24,0,0.0,1,-1.0838541,0,0.071885846555233,0
2020-04-16,-0.010474602714187875,-0.013540548,0,7101.94,0,0.0,1,-0.028333679,0,0.0892071425914764,0
2020-04-17,0.03145477442351896,0.019623557,0,7027.55,0,0.0,1,-0.40532982,0,0.0571793839335441,0
2020-04-18,-0.01763926827249407,-0.031717397,0,7248.6,0,0.0,1,0.17653029,0,0.0537731498479843,0
2020-04-19,-0.04127520454334799,-0.040763766,0,7120.74,0,0.0,1,0.460912,0,0.0843896716833114,0
2020-04-20,0.002129831854609021,-0.00068183383,0,6826.83,0,0.0,1,0.9544766,0,0.1227344200015068,0
2020-04-21,0.04147853427018289,0.03921999,0,6841.37,0,0.0,1,-1.1903449,0,0.1517781019210815,0
2020-04-22,0.050139365682639214,0.032706223,0,7125.14,0,0.0,1,-0.20544942,0,0.1680694222450256,0
2020-04-23,0.0030217617632868343,-0.0028910302,0,7482.39,0,0.0,1,-1.2819811,0,0.1740024536848068,0
2020-04-24,0.004486342438374535,-1.1322554e-06,0,7505.0,0,0.0,1,0.6146647,0,0.1712426245212555,0
2020-04-25,0.020485045770673116,0.012192532,0,7538.67,0,0.0,1,-0.6073182,0,0.1648416668176651,0
2020-04-26,0.010596508559618245,-0.0057272012,0,7693.1,0,0.0,1,-0.17687337,0,0.1533592045307159,0
2020-04-27,-0.004584146877918194,0.017962325,0,7774.62,0,0.0,1,-0.2149633,0,0.1416462361812591,0
2020-04-28,0.13433165610971987,0.10146399,0,7738.98,0,0.0,1,0.9853983,0,0.1344691663980484,0
2020-04-29,-0.018063306438292348,0.00042009464,0,8778.57,0,0.0,1,-0.4339279,0,0.1292109191417694,0
2020-04-30,0.024009280742459227,0.013076111,0,8620.0,0,0.0,1,1.0318766,0,0.1239490881562233,0
2020-05-01,0.016437142572301333,0.011237393,0,8826.96,0,0.0,1,0.055110864,0,0.1128065511584281,0
2020-05-02,-0.008681405030065537,-0.0063151577,0,8972.05,0,0.0,1,1.4996628,0,0.0712990909814834,0
2020-05-03,-0.0024960198602229644,0.001504485,0,8894.16,0,0.0,1,1.6352912,0,0.0208823271095752,0
2020-05-04,0.016892546855486357,0.02463827,0,8871.96,0,0.0,1,0.5241135,0,-0.0043740943074226,0
2020-05-05,0.013421888907239499,0.020251561,0,9021.83,0,0.0,1,-0.18314196,0,0.0085037238895893,0
2020-05-06,0.09225499074693855,0.05577216,0,9142.92,0,0.0,1,0.2793256,0,0.025477148592472,0
2020-05-07,-0.018664383561643794,-0.009965365,0,9986.4,0,0.0,1,0.08757566,0,-0.0022318623960018,0
2020-05-08,-0.02659283000731638,-0.009796334,0,9800.01,0,0.0,1,0.3134348,0,-0.0457456558942794,0
2020-05-09,-0.0856060129567896,-0.0341055,0,9539.4,0,0.0,1,0.13417529,0,-0.033056117594242,0
2020-05-10,-0.018486100172307673,-0.008518522,0,8722.77,0,0.0,1,1.4694711,0,0.0594641864299774,0
2020-05-11,0.029115157121632596,0.020586453,0,8561.52,0,0.0,1,1.9017198,0,0.1375893652439117,0
2020-05-12,0.0565874342709336,0.049455605,0,8810.79,0,0.0,1,1.0305696,0,0.1082896143198013,0
2020-05-13,0.051841316866769516,0.03664015,0,9309.37,0,0.0,1,0.1070832,0,0.0426751114428043,0
2020-05-14,-0.048566275666412695,-0.027777739,0,9791.98,0,0.0,1,-0.015673772,0,-0.0490636900067329,0
2020-05-15,0.006960828300999866,0.008704138,0,9316.42,0,0.0,1,-1.0855662,0,-0.0122795067727565,0
2020-05-16,0.031847500391738004,0.0049829455,0,9381.27,0,0.0,1,-0.6334823,0,-0.0214964672923088,0
2020-05-17,0.005567125755678637,0.0049120523,0,9680.04,0,0.0,1,-1.3834711,0,-0.0675763413310051,0
2020-05-18,0.00427371061842452,0.002947151,0,9733.93,0,0.0,1,-0.9329225,0,-0.0864525362849235,0
2020-05-19,-0.027016437983413688,-0.013344846,0,9775.53,0,0.0,1,-0.5662939,0,-0.0682512819766998,0
2020-05-20,-0.04655241115163555,-0.021660924,0,9511.43,0,0.0,1,-0.9802849,0,-0.0320091322064399,0
2020-05-21,0.011175864103256883,0.0060815844,0,9068.65,0,0.0,1,-1.3452564,0,0.0070600733160972,0
2020-05-22,0.000997818974918241,-0.012362854,0,9170.0,0,0.0,1,-1.5859072,0,0.0409296303987503,0
2020-05-23,-0.04998393097400078,-0.024459459,0,9179.15,0,0.0,1,-0.94001806,0,0.0686776638031005,0
2020-05-24,0.020642543754027853,0.020827152,0,8720.34,0,0.0,1,-0.6188039,0,0.0854371488094329,0
2020-05-25,-0.006648053166448564,-0.0032882718,0,8900.35,0,0.0,1,0.36932188,0,0.0873335152864456,0
2020-05-26,0.04104542606303685,0.022268634,0,8841.18,0,0.0,1,0.024959855,0,0.0753519386053085,0
2020-05-27,0.04039734595673439,0.029663427,0,9204.07,0,0.0,1,-0.49688768,0,0.0553230419754982,0
2020-05-28,-0.015541114194085326,-0.009575668,0,9575.89,0,0.0,1,-0.56077576,0,0.0348295532166957,0
2020-05-29,0.02870987486037535,0.014244867,0,9427.07,0,0.0,1,-1.1266733,0,0.018833277747035,0
2020-05-30,-0.025722540968392438,-0.014335498,0,9697.72,0,0.0,1,-1.3242465,0,0.0103742890059947,0
2020-05-31,0.07964420999823241,0.031319723,0,9448.27,0,0.0,1,-2.162989,0,0.0071999914944171,0
2020-06-01,-0.06692926122243703,-0.02342692,0,10200.77,0,0.0,1,-0.9459734,0,0.0064652450382709,0
2020-06-02,0.015570432568049686,0.0036921357,0,9518.04,0,0.0,1,-1.4538394,0,0.015907771885395,0
2020-06-03,0.01270607806137658,0.00048980815,0,9666.24,0,0.0,1,-1.0433835,0,0.0130301229655742,0
2020-06-04,-0.01715180007069117,-0.0025100624,0,9789.06,0,0.0,1,-0.3324232,0,-3.3527612686157227e-05,0
2020-06-05,0.004691741952113748,0.00066677504,0,9621.16,0,0.0,1,0.39548677,0,-0.0134477689862251,0
2020-06-06,0.00834755801082121,0.013683912,0,9666.3,0,0.0,1,0.49630165,0,-0.0212954953312873,0
2020-06-07,0.0035929040657680655,-0.0044247303,0,9746.99,0,0.0,1,0.2372676,0,-0.0242425426840782,0
2020-06-08,-0.0009793488250369187,0.0025871673,0,9782.01,0,0.0,1,-0.02161993,0,-0.0235487446188926,0
2020-06-09,0.011519141093873309,0.0023544184,0,9772.43,0,0.0,1,-0.15031661,0,-0.0206767544150352,0
2020-06-10,-0.061163378856853856,-0.010802838,0,9885.0,0,0.0,1,-0.29008263,0,-0.0163447335362434,0
2020-06-11,0.019905392008965128,0.005929344,0,9280.4,0,0.0,1,0.22492768,0,-0.0103811025619506,0
2020-06-12,0.0008673943199934975,0.0016381589,0,9465.13,0,0.0,1,0.54544157,0,-0.0119633302092552,0
2020-06-13,-0.013853614459103047,-0.0063572503,0,9473.34,0,0.0,1,0.24199006,0,-0.0127716064453125,0
2020-06-14,0.008982990976333038,0.004560893,0,9342.1,0,0.0,1,0.8031072,0,0.0003019720315933,0
2020-06-15,0.010563313041983768,0.0034668122,0,9426.02,0,0.0,1,0.9064053,0,0.0042100623250007,0
2020-06-16,-0.006346063603409391,0.001505885,0,9525.59,0,0.0,1,0.23106547,0,0.0015095248818397,0
2020-06-17,-0.00832739927777082,-0.0014624385,0,9465.14,0,0.0,1,-0.26847053,0,-0.0049127489328384,0
2020-06-18,-0.008106478364257819,0.008669823,0,9386.32,0,0.0,1,-0.26882708,0,-0.0129571631550788,0
2020-06-19,0.005232953428647935,0.0057926327,0,9310.23,0,0.0,1,0.23412497,0,-0.0190138071775436,0
2020-06-20,-0.006866154857115392,-0.0022593501,0,9358.95,0,0.0,1,0.72176915,0,-0.0233664140105247,0
2020-06-21,0.04206702966962861,0.0031095939,0,9294.69,0,0.0,1,-1.3800853,0,-0.0232419520616531,0
2020-06-22,-0.006277301875240782,-0.005754987,0,9685.69,0,0.0,1,0.18228273,0,-0.019248142838478,0
2020-06-23,-0.03411987046085718,-0.012637043,0,9624.89,0,0.0,1,0.40027398,0,-0.0107459053397178,0
2020-06-24,-0.005055671549154539,-0.00017159898,0,9296.49,0,0.0,1,-0.67641485,0,-0.0020244643092155,0
2020-06-25,-0.009436195941614156,-0.0010569729,0,9249.49,0,0.0,1,-1.059077,0,0.004151202738285,0
2020-06-26,-0.01639451617022525,-0.0031061664,0,9162.21,0,0.0,1,1.4586009,0,0.0098844841122627,0
2020-06-27,0.011579005770084416,0.0038966998,0,9012.0,0,0.0,1,0.82726085,0,0.0138161741197109,0
2020-06-28,0.008359705364537229,0.0036460797,0,9116.35,0,0.0,1,0.073510066,0,0.017682708799839,0
2020-06-29,-0.005875403587248806,0.002677056,0,9192.56,0,0.0,1,0.040991977,0,0.0219254903495311,0
2020-06-30,0.010225911112813346,0.0014977606,0,9138.55,0,214.42199999999977,0,0.5716569,0,0.0275983829051256,0
2020-07-01,-0.01575606585788547,-0.0025231927,0,9232.0,0,75.05700000000002,0,0.10346916,0,0.0339668169617652,0
2020-07-02,-0.0031122957693467956,-0.0015656087,0,9086.54,0,2237.269999999995,0,0.9011436,0,0.0420074984431266,0
2020-07-03,0.00852260809471117,-6.376696e-05,0,9058.26,0,160.09600000000026,0,0.58786565,0,0.0424212329089641,0
2020-07-04,-0.007230068327155892,-0.0064213546,0,9135.46,0,54.234000000000016,0,0.6478566,0,0.0340780019760131,0
2020-07-05,0.03029855304810347,-0.002017337,0,9069.41,0,1533.4770000000026,0,0.065163836,0,0.022804569453001,0
2020-07-06,-0.009290254917489027,-0.00063380576,0,9344.2,0,34.79600000000002,0,0.5672911,0,0.0131183415651321,0
2020-07-07,0.019300256335749166,0.0018121594,0,9257.39,0,253.6569999999998,0,0.5673525,0,0.0064746215939521,0
2020-07-08,-0.021579981475319032,-0.0025578812,0,9436.06,0,47.707000000000015,0,0.04566963,0,0.002040684223175,0
2020-07-09,0.006055827122436908,0.00048385723,0,9232.43,0,1557.3819999999969,0,-0.5591649,0,0.0010873563587665,0
2020-07-10,-0.00584711584631914,-0.0054671317,0,9288.34,0,290.87099999999987,0,0.44191533,0,0.0013930983841419,0
2020-07-11,0.007442037766825393,-0.0030094883,0,9234.03,0,114.87600000000002,0,1.1787423,0,0.0043175928294658,0
2020-07-12,-0.006463680094595636,-0.0052384017,0,9302.75,0,227.75400000000008,0,0.20692308,0,0.0082597248256206,0
2020-07-13,0.0014314123051688554,-0.00039915263,0,9242.62,0,238.74900000000005,0,-0.028698549,0,0.0124116502702236,0
2020-07-14,-0.006293317199392856,-0.0028840331,0,9255.85,0,594.4519999999993,0,0.3467154,0,0.0150653719902038,0
2020-07-15,-0.006945290075672017,-0.0020823886,0,9197.6,0,155.53999999999994,0,0.050307125,0,0.0185038689523935,0
2020-07-16,0.0022553789693575688,-0.0011794877,0,9133.72,0,777.1720000000014,0,0.4200397,0,0.0278346128761768,0
2020-07-17,0.0017434391631492296,-0.004746314,0,9154.32,0,6.006000000000001,0,0.7372023,0,0.0441972166299819,0
2020-07-18,0.00422124515281963,-0.00058496516,0,9170.28,0,24.103000000000005,0,0.2732272,0,0.0694870203733444,0
2020-07-19,-0.005235101786406404,0.00043040822,0,9208.99,0,121.49900000000002,0,0.32281083,0,0.0998324155807495,0
2020-07-20,0.02502188678256645,0.003491877,0,9160.78,0,106.751,0,0.6837174,0,0.1313214749097824,0
2020-07-21,0.013648562300319522,-0.00038442196,0,9390.0,0,90.08200000000004,0,0.0071537346,0,0.1589237451553344,0
2020-07-22,0.00894185430797556,0.0015568634,0,9518.16,0,304.063,0,-0.1182812,0,0.1775810122489929,0
2020-07-23,-0.006817469466129933,0.0006449593,0,9603.27,0,207.458,0,0.357311,0,0.1853213012218475,0
2020-07-24,0.01705005347145061,0.002106102,0,9537.8,0,397.1429999999996,0,-0.27901828,0,0.1802417635917663,0
2020-07-25,0.023825772492325203,0.0007509901,0,9700.42,0,25.266000000000005,0,0.16592054,0,0.1611709892749786,0
2020-07-26,0.11059916186210783,0.0140039055,0,9931.54,0,715.4769999999979,0,0.1894037,0,0.1319751739501953,0
2020-07-27,-0.011214002589311156,0.009482672,0,11029.96,0,3382.0769999999957,0,1.4623114,0,0.1012843400239944,0
2020-07-28,0.017811772494170874,0.010655709,0,10906.27,0,2822.6989999999973,0,1.1008966,0,0.0764328315854072,0
2020-07-29,-8.287892560088217e-05,0.010502178,0,11100.53,0,1587.7819999999954,0,0.7352785,0,0.0576918497681617,0
2020-07-30,0.021248494316466804,0.012944817,0,11099.61,0,1167.276999999998,0,0.55844665,0,0.0452842004597187,0
2020-07-31,0.04108434946618855,0.02002427,0,11335.46,0,493.8820000000002,0,0.5985794,0,0.0367315225303173,0
2020-08-01,-0.06184302064964742,-0.0070407637,0,11801.17,0,788.6199999999989,0,0.06219949,0,0.0317720174789428,0
2020-08-02,0.013409385485961378,0.007912114,0,11071.35,0,7864.005000000078,0,1.3300642,0,0.0358521863818168,0
2020-08-03,-0.0024813254413399433,0.0038511183,0,11219.81,0,928.890999999998,0,2.0635018,0,0.0332569703459739,0
2020-08-04,0.04940506452393989,0.03302501,0,11191.97,0,838.7429999999993,0,0.84783715,0,0.0264529511332511,0
2020-08-05,0.0014942643238644582,-0.0012915465,0,11744.91,0,688.0869999999993,0,-0.6646391,0,0.0187845211476087,0
2020-08-06,-0.014302280305310222,-0.0011177575,0,11762.46,0,942.5319999999992,0,1.5719062,0,0.0132000744342803,0
2020-08-07,0.014419241295023477,0.007929766,0,11594.23,0,1541.5259999999955,0,0.7195029,0,0.0114252194762229,0
2020-08-08,-0.006778949122596689,0.005445006,0,11761.41,0,355.2269999999997,0,0.09327109,0,0.014196328818798,0
2020-08-09,0.018083015456680895,0.0070768306,0,11681.68,0,406.5799999999998,0,0.63835657,0,0.0198731087148189,0
2020-08-10,-0.04211245009635989,-0.0053758747,0,11892.92,0,1241.8759999999982,0,1.8314807,0,0.0247255563735961,0
2020-08-11,0.015120153650606483,0.010256612,0,11392.08,0,2779.7409999999977,0,0.2457808,0,0.0253703519701957,0
2020-08-12,0.0186495888650704,-0.0017423774,0,11564.33,0,348.7680000000001,0,0.33700544,0,0.0165679603815078,0
2020-08-13,-0.0016519524617996106,0.0053717187,0,11780.0,0,665.177999999999,0,1.0044019,0,0.003772709518671,0
2020-08-14,0.007810865827589497,0.001881348,0,11760.54,0,225.8929999999999,0,0.4906656,0,-0.0168332681059837,0
2020-08-15,0.004944146333232036,0.0017539074,0,11852.4,0,825.5939999999989,0,0.48795098,0,-0.0352949649095535,0
2020-08-16,0.031074636890269458,0.007679513,0,11911.0,0,248.75500000000025,0,1.5455666,0,-0.0493014901876449,0
2020-08-17,-0.02736881703882288,-0.007907884,0,12281.13,0,860.9029999999984,0,1.5197049,0,-0.0555863603949546,0
2020-08-18,-0.015941384728853314,-0.009414278,0,11945.01,0,2143.7399999999966,0,1.8746177,0,-0.051078975200653,0
2020-08-19,0.008418838938661244,0.0018378987,0,11754.59,0,2377.58299999999,0,1.0358876,0,-0.0379700139164924,0
2020-08-20,-0.027182573996819448,-0.008407777,0,11853.55,0,60.57900000000003,0,1.2556096,0,-0.0202806368470191,0
2020-08-21,0.01141411145625737,-0.00097504177,0,11531.34,0,1052.2329999999993,0,0.27415037,0,-0.0015656873583793,0
2020-08-22,-0.001271546845740712,-0.001578449,0,11662.96,0,453.748999999999,0,0.6793672,0,0.0131629072129726,0
2020-08-23,0.008591078567976362,0.004035984,0,11648.13,0,134.30099999999993,0,0.35874724,0,0.0202357470989227,0
2020-08-24,-0.03658262542346913,-0.0022367714,0,11748.2,0,79.54199999999994,0,1.464293,0,0.0187019873410463,0
2020-08-25,0.012635155790295949,-0.0019366862,0,11318.42,0,2662.4730000000036,0,0.28332967,0,0.0092819035053253,0
2020-08-26,-0.011434000818397072,0.00069921254,0,11461.43,0,219.37299999999996,0,1.1710324,0,-0.0068804025650024,0
2020-08-27,0.017345402360732898,-0.0012055633,0,11330.38,0,739.0149999999994,0,1.155137,0,-0.0303268283605575,0
2020-08-28,-0.005298037375150777,0.0010863575,0,11526.91,0,23.64300000000001,0,0.90504223,0,-0.0587768331170082,0
2020-08-29,0.021395728529266078,0.0050563416,0,11465.84,0,64.53200000000005,0,-0.79721904,0,-0.0846884474158287,0
2020-08-30,-0.005264209523223928,0.0023596291,0,11711.16,0,71.62099999999998,0,0.28482312,0,-0.101800613105297,0
2020-08-31,0.023388108169356325,0.00028210646,0,11649.51,0,207.96500000000023,0,0.7697358,0,-0.1141127273440361,0
2020-09-01,-0.044743444246210906,-0.0065545687,0,11921.97,0,521.672,0,2.1565714,0,-0.1231211200356483,0
2020-09-02,-0.1095566244663495,-0.022255424,0,11388.54,0,1824.2950000000135,0,-0.67614865,0,-0.0790651068091392,0
2020-09-03,0.03011581869369917,0.004663868,0,10140.85,0,4881.528000000034,0,0.7861781,0,-0.0343178659677505,0
2020-09-04,-0.02676175661122404,-0.024460636,0,10446.25,0,1477.9229999999975,0,1.1380594,0,-0.0037442222237586,0
2020-09-05,0.008804242088624736,0.0054544173,0,10166.69,0,1655.6329999999955,0,1.2473556,0,0.0146129503846168,0
2020-09-06,0.011431134338253823,0.00088023604,0,10256.2,0,241.19299999999993,0,-0.20196633,0,0.0234751030802726,0
2020-09-07,-0.02379056513557709,0.0064272396,0,10373.44,0,642.0409999999985,0,0.8313426,0,0.0302064791321754,0
2020-09-08,0.009139251381256486,0.005653982,0,10126.65,0,1354.8359999999966,0,1.0032248,0,0.0388124510645866,0
2020-09-09,0.011514599968686312,0.004731768,0,10219.2,0,116.79500000000004,0,-0.64208853,0,0.0496152937412261,0
2020-09-10,0.004935730061420784,0.015515233,0,10336.87,0,204.00999999999976,0,-0.76121527,0,0.0576546378433704,0
2020-09-11,0.005104982821342974,-0.0070068776,0,10387.89,0,89.09300000000002,0,1.6059393,0,0.0581758506596088,0
2020-09-12,-0.01035253598341912,-0.0075688395,0,10440.92,0,85.12100000000005,0,0.45718127,0,0.0536380261182785,0
2020-09-13,0.03280224294796308,0.0013855931,0,10332.83,0,693.8119999999997,0,1.1606923,0,0.0503990687429904,0
2020-09-14,0.010639284767194113,-0.001597789,0,10671.77,0,136.229,0,1.672761,0,0.0238624028861522,0
2020-09-15,0.015641645905402957,0.003554837,0,10785.31,0,452.8249999999997,0,1.4725261,0,0.0092370174825191,0
2020-09-16,-0.001279896585816509,0.0062289955,0,10954.01,0,223.33499999999995,0,-1.2994034,0,0.0032439269125461,0
2020-09-17,-0.0006032912278713942,-0.0043062633,0,10939.99,0,369.6339999999998,0,0.054778993,0,0.0024773068726062,0
2020-09-18,0.013468832631050365,-0.0019351342,0,10933.39,0,226.03500000000008,0,0.9978962,0,0.0051150768995285,0
2020-09-19,-0.014472977668277487,-0.011778452,0,11080.65,0,74.49699999999997,0,0.564454,0,0.0096350573003292,0
2020-09-20,-0.04606658437329458,-0.01856222,0,10920.28,0,733.262,0,0.54564273,0,0.0153385885059833,0
2020-09-21,0.010788866895390603,-0.0023125785,0,10417.22,0,2157.3260000000005,0,1.4460148,0,0.0203208345919847,0
2020-09-22,-0.027365685908595005,-0.00803385,0,10529.61,0,140.44999999999996,0,-0.17603134,0,0.0231729298830032,0
2020-09-23,0.04831928260228535,0.003191052,0,10241.46,0,1069.0069999999992,0,-0.41226327,0,0.0220082104206085,0
2020-09-24,-0.004624489583022862,-0.0058537754,0,10736.32,0,47.04700000000001,0,0.015478924,0,0.0189073197543621,0
2020-09-25,0.003923579562202351,0.002696738,0,10686.67,0,208.261,0,0.42631853,0,0.0164969488978385,0
2020-09-26,0.004254982010700292,0.0025482094,0,10728.6,0,42.01600000000003,0,-0.24734019,0,0.0181902199983596,0
2020-09-27,-0.007251548831705201,0.012156801,0,10774.25,0,297.0299999999997,0,-0.18955131,0,0.0255020000040531,0
2020-09-28,0.013496482836766965,0.003239842,0,10696.12,0,564.0929999999998,0,1.4553351,0,0.0378951504826545,0
2020-09-29,-0.005893650465662037,-0.0044283494,0,10840.48,0,160.71299999999994,0,1.8986229,0,0.0540513843297958,0
2020-09-30,-0.01461130097739649,-0.0029490876,0,10776.59,0,148.65000000000003,0,1.9796821,0,0.0718478560447692,0
2020-10-01,-0.004588888166921379,0.0017175471,0,10619.13,0,1171.4859999999985,0,2.2149997,0,0.0885927677154541,0
2020-10-02,-0.0026810716718383976,0.00067836803,0,10570.4,0,496.15599999999887,0,0.01789163,0,0.1120073720812797,0
2020-10-03,0.011816476096702111,0.001484617,0,10542.06,0,32.188,0,0.5753341,0,0.1315279603004455,0
2020-10-04,0.011773165470256197,-0.00075908366,0,10666.63,0,13.536999999999995,0,1.5795923,0,0.1369461119174957,0
2020-10-05,-0.0178415727640584,-0.007567445,0,10792.21,0,41.08300000000001,0,0.49818778,0,0.1294145882129669,0
2020-10-06,0.006295484949517149,-0.0040233415,0,10599.66,0,548.2759999999995,0,1.2760893,0,0.1076574027538299,0
2020-10-07,0.024298755248964188,-0.0020638169,0,10666.39,0,21.929,0,2.8723207,0,0.0732858404517173,0
2020-10-08,0.011447457661247773,-0.0019805285,0,10925.57,0,168.4479999999999,0,0.21984883,0,0.0438003502786159,0
2020-10-09,0.021951669767542814,0.011890365,0,11050.64,0,45.55600000000001,0,0.262164,0,0.0275740437209606,0
2020-10-10,0.006711991796848116,0.0072763558,0,11293.22,0,416.2689999999996,0,1.0253235,0,0.018625795841217,0
2020-10-11,0.014005604704715013,0.011157809,0,11369.02,0,196.14599999999996,0,-0.9153286,0,0.0091695897281169,0
2020-10-12,-0.009341400472751782,0.005341284,0,11528.25,0,1096.2769999999994,0,0.0034275204,0,0.0007072612643241,0
2020-10-13,-0.00023378888600911196,0.0060664043,0,11420.56,0,733.945999999999,0,2.517311,0,0.0052168853580951,0
2020-10-14,0.007639765315658353,-0.0035845195,0,11417.89,0,412.864,0,0.8354794,0,0.0324854478240013,0
2020-10-15,-0.01614933177576605,-0.0023816028,0,11505.12,0,274.3359999999999,0,1.1124907,0,0.077601358294487,0
2020-10-16,0.003611524367188146,0.0004720307,0,11319.32,0,842.9589999999986,0,0.12879123,0,0.1184592917561531,0
2020-10-17,0.012582524955546459,0.0010165127,0,11360.2,0,111.41700000000004,0,-0.6155504,0,0.1414590179920196,0
2020-10-18,0.021588018575797507,0.005702771,0,11503.14,0,2.6450000000000005,0,-1.2844794,0,0.1459748446941375,0
2020-10-19,0.013489376222719507,0.006923165,0,11751.47,0,131.456,0,1.2209789,0,0.1346450746059417,0
2020-10-20,0.07312936450828245,0.018310022,0,11909.99,0,450.7119999999994,0,1.2025598,0,0.1089863553643226,0
2020-10-21,0.014674953994066264,0.007675674,0,12780.96,0,2390.2399999999957,0,1.3889077,0,0.0738785862922668,0
2020-10-22,-0.003504640467840603,0.0065486254,0,12968.52,0,844.5490000000002,0,0.5206558,0,0.041320614516735,0
2020-10-23,0.01459869829692173,0.011965589,0,12923.07,0,843.6110000000006,0,0.6056333,0,0.0209688916802406,0
2020-10-24,-0.006322582908586449,0.010838734,0,13111.73,0,237.23900000000003,0,-1.3056424,0,0.0146693177521228,0
2020-10-25,0.0017929468724360298,0.007693355,0,13028.83,0,1339.9229999999982,0,0.8253063,0,0.0185581985861063,0
2020-10-26,0.04474191687371998,6.5793283e-06,0,13052.19,0,1294.112999999997,0,0.5990174,0,0.032881136983633,0
2020-10-27,-0.027116851725961233,0.0033015981,0,13636.17,0,317.3189999999996,0,1.9342955,0,0.0611357577145099,0
2020-10-28,0.014269131037809801,0.0030867849,0,13266.4,0,2838.431000000004,0,2.074339,0,0.0999013036489486,0
2020-10-29,0.007758793671083675,-0.0013637346,0,13455.7,0,549.974999999999,0,2.127677,0,0.1279899179935455,0
2020-10-30,0.017027898024350785,0.0063990057,0,13560.1,0,623.336999999999,0,1.2742351,0,0.1353074014186859,0
2020-10-31,-0.002139076209121904,0.0004242384,0,13791.0,0,1078.419999999997,0,1.8884362,0,0.1273530125617981,0
2020-11-01,-0.015414744032263838,0.0020325542,0,13761.5,0,351.81100000000004,0,1.0773492,0,0.1124824360013008,0
2020-11-02,0.034994985006682855,0.011004531,0,13549.37,0,1561.221999999996,0,2.2378728,0,0.1201008185744285,0
2020-11-03,0.008591274807412841,0.0075559337,0,14023.53,0,496.3539999999996,0,0.32141435,0,0.1026930510997772,0
2020-11-04,0.1022347976281126,0.043853886,0,14144.01,0,1137.2789999999973,0,1.6701986,0,0.0774510651826858,0
2020-11-05,-0.0006478503555480408,-0.0025554416,0,15590.02,0,1661.5069999999969,0,-0.10343604,0,0.0675552785396575,0
2020-11-06,-0.048884718278399464,-0.0073695173,0,15579.92,0,2044.3819999999896,0,-0.44626832,0,0.0704907327890396,0
2020-11-07,0.04432357287948019,0.016087312,0,14818.3,0,3927.9290000000183,0,0.13929315,0,0.0797770917415618,0
2020-11-08,-0.009479098681107079,-0.0059969192,0,15475.1,0,360.06899999999973,0,1.2370845,0,0.0890472680330276,0
2020-11-09,-0.002035436160697679,0.008771986,0,15328.41,0,1508.331999999992,0,1.2955935,0,0.0999385192990303,0
2020-11-10,0.025300692086988485,0.021992529,0,15297.21,0,306.4789999999999,0,1.5403627,0,0.1148037835955619,0
2020-11-11,0.03874079968171884,0.023021951,0,15684.24,0,436.6879999999996,0,1.3819474,0,0.1339258253574371,0
2020-11-12,0.0017702091719422608,0.0028656665,0,16291.86,0,1393.5079999999905,0,1.785932,0,0.155366376042366,0
2020-11-13,-0.015333288400620093,-0.011083016,0,16320.7,0,532.9979999999983,0,2.0740578,0,0.1781374216079712,0
2020-11-14,-0.007059540958716193,0.015063244,0,16070.45,0,1003.7749999999972,0,1.4313849,0,0.1761885583400726,0
2020-11-15,0.04741304756533182,0.0056860596,0,15957.0,0,312.30299999999966,0,1.1871911,0,0.1656348556280136,0
2020-11-16,0.05658934626175016,0.013330606,0,16713.57,0,315.7619999999999,0,0.86224735,0,0.1380104124546051,0
2020-11-17,0.006610651110061427,0.0057748137,0,17659.38,0,860.1639999999959,0,0.91483116,0,0.0939174145460128,0
2020-11-18,0.0015020150629045936,-0.011927893,0,17776.12,0,4792.129000000071,0,0.4955426,0,0.036792516708374,0
2020-11-19,0.04790533185192003,0.026083387,0,17802.82,0,781.6869999999966,0,0.2759223,0,-0.0217445567250251,0
2020-11-20,0.0025799127021437496,0.009948796,0,18655.67,0,451.5859999999988,0,1.1313759,0,-0.0595584437251091,0
2020-11-21,-0.015471187673093079,-0.010212708,0,18703.8,0,871.6119999999956,0,1.9057269,0,-0.0629138872027397,0
2020-11-22,-0.0025213921907981662,0.0038926234,0,18414.43,0,2493.9220000000005,0,2.3059888,0,-0.0381997972726821,0
2020-11-23,0.043119011324041834,0.02642336,0,18368.0,0,1147.776999999997,0,1.8341054,0,-0.0027788057923316,0
2020-11-24,-0.023011470244535204,-0.00021733419,0,19160.01,0,1615.9339999999977,0,1.6537467,0,0.0304571837186813,0
2020-11-25,-0.08385227716488652,-0.07006404,0,18719.11,0,2726.0959999999964,0,1.0492098,0,0.0570716001093387,0
2020-11-26,-0.000580192857272066,-0.007646774,0,17149.47,0,18537.229000000338,0,1.5834167,0,0.0774684250354766,0
2020-11-27,0.033859174585985974,0.016577946,0,17139.52,0,1285.7369999999949,0,1.4313862,0,0.0877135321497917,0
2020-11-28,0.02624965786956457,0.024056388,0,17719.85,0,331.5269999999994,0,1.0092688,0,0.078216977417469,0
2020-11-29,0.08308390601259585,0.056767542,0,18184.99,0,430.0290000000001,0,1.5820601,0,0.0499293729662895,0
2020-11-30,-0.047264223413334916,-0.026335452,0,19695.87,0,1550.9119999999969,0,1.1038244,0,0.0167374387383461,0
2020-12-01,0.023401595313818913,0.004280746,0,18764.96,0,6061.886000000088,0,0.6516495,0,-0.015433482825756,0
2020-12-02,0.011341854781976135,0.0064284997,0,19204.09,0,1314.3799999999926,0,1.3012058,0,-0.0353396013379097,0
2020-12-03,-0.03971702047688441,-0.019560978,0,19421.9,0,605.2499999999995,0,0.62922823,0,-0.0527652576565742,0
2020-12-04,0.026655557056854073,0.025132425,0,18650.52,0,2038.3349999999964,0,1.0359703,0,-0.058136411011219,0
2020-12-05,0.011058270305614348,0.004017095,0,19147.66,0,277.3269999999997,0,2.0557036,0,-0.0499003231525421,0
2020-12-06,-0.009943489984193699,-0.008699262,0,19359.4,0,384.91699999999935,0,1.339242,0,-0.0334284976124763,0
2020-12-07,-0.04397111687335986,-0.024642121,0,19166.9,0,723.5899999999996,0,1.2040287,0,-0.0083561390638351,0
2020-12-08,0.01185159879524833,0.008622903,0,18324.11,0,3881.427000000004,0,1.7321078,0,0.0275021642446517,0
2020-12-09,-0.015460097684733665,-0.014740092,0,18541.28,0,2411.302000000008,0,0.20176236,0,0.0760482996702194,0
2020-12-10,-0.011947653828097482,-0.009418197,0,18254.63,0,850.4349999999984,0,-0.1899475,0,0.1356974840164184,0
2020-12-11,0.04281089544385752,0.030601084,0,18036.53,0,1542.9849999999992,0,0.6179951,0,0.1921819150447845,0
2020-12-12,0.019475040526480303,0.0045788316,0,18808.69,0,353.43799999999976,0,0.50397927,0,0.2225420475006103,0
2020-12-13,0.005118646737234167,0.0053575924,0,19174.99,0,518.4339999999996,0,0.81911176,0,0.2163959443569183,0
2020-12-14,0.007953556088940328,0.00052031386,0,19273.14,0,202.61200000000017,0,1.550361,0,0.2080735862255096,0
2020-12-15,0.098272816981813,0.036650263,0,19426.43,0,702.346999999999,0,0.6275245,0,0.1805194020271301,0
2020-12-16,0.06850735299631783,0.0252651,0,21335.52,0,773.4089999999989,0,0.91725755,0,0.1292745023965835,0
2020-12-17,0.013608274013078736,0.009835565,0,22797.16,0,5817.076000000103,0,0.23496066,0,0.0695496052503585,0
2020-12-18,0.030908726602182357,0.026003534,0,23107.39,0,1119.220999999995,0,1.0148226,0,0.0407875999808311,0
2020-12-19,-0.015367978906547508,-0.018105801,0,23821.61,0,1162.1429999999973,0,0.55826,0,0.0433262325823307,0
2020-12-20,-0.03137044073207507,-0.026951727,0,23455.52,0,2260.468999999995,0,1.188433,0,0.0524392239749431,0
2020-12-21,0.04802350029995983,0.043448545,0,22719.71,0,5202.534000000065,0,1.9037253,0,0.0549494102597236,0
2020-12-22,-0.024275969003968445,-0.008184632,0,23810.79,0,696.235999999997,0,2.201657,0,0.0440088286995887,0
2020-12-23,0.021368102627496777,0.018240884,0,23232.76,0,2451.0570000000007,0,1.4150453,0,0.0377128198742866,0
2020-12-24,0.04143713230955948,0.032353133,0,23729.2,0,339.1969999999991,0,0.9026437,0,0.0345111340284347,0
2020-12-25,0.07206564135434457,0.051236372,0,24712.47,0,941.0109999999966,0,1.2963018,0,0.033087495714426,0
2020-12-26,-0.007991804748278653,0.0050442517,0,26493.39,0,917.8129999999989,0,1.7062646,0,0.0302066598087549,0
2020-12-27,0.03035386653658856,0.014757091,0,26281.66,0,4630.755000000094,0,0.86371166,0,0.0292337238788604,0
2020-12-28,0.011284957833276321,0.01677218,0,27079.41,0,1166.591999999992,0,0.98680043,0,0.0323401093482971,0
2020-12-29,0.05442906700748584,0.03660536,0,27385.0,0,1084.6209999999933,0,0.32556912,0,0.0381754413247108,0
2020-12-30,0.0016654233998740775,-0.0060218265,0,28875.54,0,1314.360999999992,0,0.49701458,0,0.0412589907646179,0
2020-12-31,0.014108187665241134,0.0072822897,0,28923.63,0,1960.766999999993,0,1.9723481,0,0.0401687063276767,0
2021-01-01,0.09704998245924479,0.079340555,0,29331.69,0,790.0139999999978,0,2.6101425,0,0.0341218747198581,0
2021-01-02,0.025536440206810118,0.016799346,0,32178.33,0,2845.3620000000133,0,2.4831502,0,0.0276072919368743,0
2021-01-03,-0.03064662023239373,-0.021976855,0,33000.05,0,2772.8270000000075,0,2.378932,0,0.0104319788515567,0
2021-01-04,0.061297251436522426,0.057721164,0,31988.71,0,7929.3610000001345,0,1.5995232,0,-0.0082233995199203,0
2021-01-05,0.08305947092640165,0.06893042,0,33949.53,0,1561.061999999987,0,1.5702604,0,-0.0356060713529586,0
2021-01-06,0.0724222559217782,0.071341075,0,36769.36,0,1698.5519999999872,0,1.4575938,0,-0.0577137395739555,0
2021-01-07,0.029177364331963496,0.036607727,0,39432.28,0,3097.033000000023,0,2.7435389,0,-0.0744242295622825,0
2021-01-08,-0.012187179744330034,-0.011975688,0,40582.81,0,3200.1200000000504,0,2.2405543,0,-0.0759923532605171,0
2021-01-09,-0.04834836767509265,-0.050978385,0,40088.22,0,1118.8569999999893,0,1.8633081,0,-0.0691045597195625,0
2021-01-10,-0.07196719687171849,-0.069899455,0,38150.02,0,5874.059000000209,0,2.3974028,0,-0.0602987185120582,0
2021-01-11,-0.03822200981966406,-0.02827986,0,35404.47,0,9662.306000000804,0,2.2373998,0,-0.0556302294135093,0
2021-01-12,0.09750423185763579,0.086044714,0,34051.24,0,2755.6780000000317,0,1.2710339,0,-0.0624067336320877,0
2021-01-13,0.04744593322483692,0.046601165,0,37371.38,0,1467.599999999987,0,0.651911,0,-0.0774898752570152,0
2021-01-14,-0.06136954105940806,-0.051973514,0,39144.5,0,1432.4419999999875,0,1.8447957,0,-0.1341329216957092,0
2021-01-15,-0.020337366658846334,-0.017879233,0,36742.22,0,4695.147000000119,0,1.4427941,0,-0.1444295346736908,0
2021-01-16,-0.004622033405769388,0.013877698,0,35994.98,0,1800.6339999999802,0,0.78926235,0,-0.1385173797607422,0
2021-01-17,0.02240276695076915,0.019511178,0,35828.61,0,1852.126999999978,0,1.8771796,0,-0.1261717677116394,0
2021-01-18,-0.02019531400358221,-0.012969871,0,36631.27,0,1274.3619999999887,0,2.3391376,0,-0.1060841754078865,0
2021-01-19,-0.011792767589197228,-0.0009922623,0,35891.49,0,1183.87199999999,0,1.4455732,0,-0.0820468589663505,0
2021-01-20,-0.13020384721763678,-0.13422473,0,35468.23,0,3164.9120000000116,0,1.4969277,0,-0.0589446797966957,0
2021-01-21,0.06791024867642359,0.065287486,0,30850.13,0,6462.852000000223,0,0.005617723,0,-0.0353151112794876,0
2021-01-22,-0.026321612545936124,-0.03446641,0,32945.17,0,3008.026000000036,0,0.19082703,0,-0.0082829184830188,0
2021-01-23,0.005670553026996705,0.009684305,0,32078.0,0,1217.738999999991,0,1.2062217,0,0.0224648900330066,0
2021-01-24,-0.00017668994634212343,0.0003497547,0,32259.9,0,1426.337999999989,0,1.0131017,0,0.0534819290041923,0
2021-01-25,0.0066214632512975324,0.01315363,0,32254.2,0,1845.9509999999857,0,0.8928405,0,0.0792513266205787,0
2021-01-26,-0.06472942243954538,-0.05047915,0,32467.77,0,1988.8589999999797,0,2.067306,0,0.0975518524646759,0
2021-01-27,0.09875173507342883,0.09918922,0,30366.15,0,3076.440000000022,0,0.96752816,0,0.1117059737443924,0
2021-01-28,0.0265950464051099,0.019270156,0,33364.86,0,529.2239999999974,0,0.84724736,0,0.1232695952057838,0
2021-01-29,0.00031180478918146903,0.0043058274,0,34252.2,0,4880.072000000147,0,0.17226766,0,0.1464659571647644,0
2021-01-30,-0.03414482378597461,-0.020202067,0,34262.88,0,1083.0769999999884,0,2.6387668,0,0.1921064257621765,0
2021-01-31,0.013096130961913977,0.015976712,0,33092.98,0,1490.766999999986,0,0.43302238,0,0.2479603886604309,0
2021-02-01,0.057861021041049066,0.04876394,0,33526.37,0,742.9449999999965,0,0.93608123,0,0.2883075177669525,0
2021-02-02,0.06069518505485805,0.0509352,0,35466.24,0,385.3369999999993,0,1.587044,0,0.2811658680438995,0
2021-02-03,-0.018134781826248392,-0.017593257,0,37618.87,0,458.8789999999984,0,1.4039553,0,0.252804547548294,0
2021-02-04,0.03664597719447271,0.029399794,0,36936.66,0,1835.724999999989,0,0.83548355,0,0.247074544429779,0
2021-02-05,0.023418500380253615,0.01211617,0,38290.24,0,562.394999999998,0,1.5641894,0,0.2438087165355682,0
2021-02-06,-0.009984193713517775,-0.012269009,0,39186.94,0,1555.1759999999847,0,0.10844852,0,0.2254476845264434,0
2021-02-07,0.1953613919484356,0.14581992,0,38795.69,0,2798.3500000000113,0,0.97629,0,0.1812135875225067,0
2021-02-08,0.0009822129959609072,0.004698363,0,46374.87,0,1547.7869999999762,0,1.4305209,0,0.128380686044693,0
2021-02-09,-0.03474419231881132,-0.030168928,0,46420.42,0,1927.810999999972,0,1.7257072,0,0.1131313368678093,0
2021-02-10,0.07056685498301851,0.059716016,0,44807.58,0,2974.4990000000366,0,-0.78435206,0,0.1296517252922058,0
2021-02-11,-0.014215488129855847,-0.009495676,0,47969.51,0,1257.5269999999875,0,1.3305261,0,0.1615808308124542,0
2021-02-12,-0.0028318206041328953,0.0063652527,0,47287.6,0,1246.79399999999,0,2.747195,0,0.1980994939804077,0
2021-02-13,0.03020124193885998,0.030942705,0,47153.69,0,883.6359999999922,0,1.7812933,0,0.2258742153644561,0
2021-02-14,-0.013724173125208128,-0.004384481,0,48577.79,0,849.7299999999943,0,0.9358288,0,0.2086350619792938,0
2021-02-15,0.025512876974229215,0.026296252,0,47911.1,0,3245.332000000039,0,2.062684,0,0.1673228740692138,0
2021-02-16,0.060778553103842725,0.056836896,0,49133.45,0,1920.9009999999764,0,1.2415001,0,0.1037328690290451,0
2021-02-17,-0.01088091242257494,-0.0012132917,0,52119.71,0,589.3129999999967,0,0.953773,0,0.0314721353352069,0
2021-02-18,0.08444578934913083,0.080519736,0,51552.6,0,675.1319999999969,0,0.38781306,0,-0.0439309328794479,0
2021-02-19,-0.0011592673416090937,0.009078525,0,55906.0,0,754.9919999999927,0,1.1097114,0,-0.1077367588877677,0
2021-02-20,0.02806852790923675,0.026895529,0,55841.19,0,0.0,1,-0.0654964,0,-0.1498509645462036,0
2021-02-21,-0.05784676399359889,-0.039220795,0,57408.57,0,506.05499999999626,0,1.5918703,0,-0.1543551981449127,0
2021-02-22,-0.09607864417158285,-0.081097655,0,54087.67,0,10429.325000000732,0,1.9235905,0,-0.1138523444533348,0
2021-02-23,0.016060215581599868,0.0066988375,0,48891.0,0,8044.060000000492,0,1.9470638,0,-0.0511832758784294,0
2021-02-24,-0.05238866902057715,-0.053120468,0,49676.2,0,1727.6809999999723,0,1.480937,0,0.0046192221343517,0
2021-02-25,-0.016927912871998907,-0.009429512,0,47073.73,0,2809.618000000028,0,1.2990348,0,0.0393491201102733,0
2021-02-26,-0.0036830494370082567,0.006741885,0,46276.87,0,3535.961000000047,0,0.89493227,0,0.0661400333046913,0
2021-02-27,-0.021054980834560366,-0.007505701,0,46106.43,0,1288.345999999984,0,0.6060655,0,0.0775170624256134,0
2021-02-28,0.09862202081458427,0.08976802,0,45135.66,0,2681.4810000000207,0,0.9617811,0,0.0846103429794311,0
2021-03-01,-0.02311854531315949,-0.021078814,0,49587.03,0,700.7349999999933,0,0.58941245,0,0.0931610018014907,0
2021-03-02,0.03940326977445596,0.04086332,0,48440.65,0,1717.8759999999745,0,0.151022,0,0.1097014918923378,0
2021-03-03,-0.0392314739985824,-0.036578186,0,50349.37,0,1171.3499999999897,0,1.2125049,0,0.131382405757904,0
2021-03-04,0.007806245037374371,0.0055797165,0,48374.09,0,3171.1980000000476,0,0.036966197,0,0.1679247319698333,0
2021-03-05,0.0026766240609816805,0.011275642,0,48751.71,0,2083.9959999999724,0,-0.7994497,0,0.2017770111560821,0
2021-03-06,0.04274664397265271,0.03318718,0,48882.2,0,960.3569999999904,0,1.9990815,0,0.2109855711460113,0
2021-03-07,0.027533290499148988,0.030190114,0,50971.75,0,681.9749999999963,0,0.43138486,0,0.1723363250494003,0
2021-03-08,0.04791067981259056,0.040403295,0,52375.17,0,1031.9339999999952,0,2.3571663,0,0.1163425296545028,0
2021-03-09,0.017620457506217546,0.015320763,0,54884.5,0,644.4329999999951,0,2.3811555,0,0.0775743126869201,0
2021-03-10,0.034404929206133694,0.02998256,0,55851.59,0,2009.4949999999703,0,0.8263045,0,0.062453456223011,0
2021-03-11,-0.009544916705265916,0.0045754155,0,57773.16,0,1909.4639999999831,0,-0.025017723,0,0.0566788762807846,0
2021-03-12,0.06932105501197783,0.05834479,0,57221.72,0,2268.419999999993,0,1.3102778,0,0.0516488477587699,0
2021-03-13,-0.03628270003508838,-0.031700492,0,61188.39,0,698.0099999999932,0,-0.18046395,0,0.0516354367136955,0
2021-03-14,-0.05703249762457163,-0.04126212,0,58968.31,0,1691.9959999999808,0,1.2632698,0,0.0232446081936359,0
2021-03-15,0.023299079942163736,0.012531282,0,55605.2,0,7495.519000000311,0,1.4669574,0,0.0045208968222141,0
2021-03-16,0.03536368149804714,0.03355959,0,56900.75,0,2612.8390000000086,0,1.5259098,0,-0.0221228078007698,0
2021-03-17,-0.021469126407987926,-0.002184637,0,58912.97,0,1373.02699999998,0,0.5866641,0,-0.0535850375890731,0
2021-03-18,0.0066238020432916045,0.0053347526,0,57648.16,0,1613.8409999999812,0,2.0952234,0,-0.0722488835453987,0
2021-03-19,0.0012453901007425383,0.008631569,0,58030.01,0,1272.8259999999818,0,0.22235607,0,-0.0686369687318801,0
2021-03-20,-0.012920663354346829,0.0046739336,0,58102.28,0,879.0869999999923,0,1.0116196,0,-0.0430685058236122,0
2021-03-21,-0.05698729031956584,-0.053944636,0,57351.56,0,2992.412000000031,0,1.7063318,0,-0.0015545412898063,0
2021-03-22,0.004763766970365069,0.010261981,0,54083.25,0,4770.72100000016,0,1.3109947,0,0.0466033704578876,0
2021-03-23,-0.03749000062383956,-0.032161877,0,54340.89,0,1780.9389999999769,0,0.6534809,0,0.0880286991596221,0
2021-03-24,-0.019307830333064713,-0.017489707,0,52303.65,0,4660.828000000143,0,0.030422196,0,0.1102066338062286,0
2021-03-25,0.07275365551144786,0.06231904,0,51293.78,0,3413.0200000000686,0,-1.640787,0,0.1063496693968772,0
2021-03-26,0.014385125175395697,0.015646003,0,55025.59,0,459.9559999999972,0,-0.16480587,0,0.0811758860945701,0
2021-03-27,-0.0007078470878300047,0.0063547716,0,55817.14,0,667.4649999999953,0,0.5247697,0,0.0484823584556579,0
2021-03-28,0.03330797669244823,0.012020467,0,55777.63,0,913.4119999999934,0,0.4528166,0,0.0152416676282882,0
2021-03-29,0.01927805915350378,0.009617814,0,57635.47,0,651.9439999999944,0,0.46622133,0,-0.0172635540366172,0
2021-03-30,-0.00010247406784769097,-0.0023208298,0,58746.57,0,380.2349999999989,0,2.073091,0,-0.046096846461296,0
2021-03-31,-0.00034235294017503914,0.005120074,0,58740.55,0,2564.1730000000334,0,-0.67296755,0,-0.0654278099536895,0
2021-04-01,0.0039095415497567565,0.007015623,0,58720.44,0,851.7419999999944,0,0.8226057,0,-0.0751165896654129,0
2021-04-02,-0.03219795891468047,-0.032262366,0,58950.01,0,775.6229999999963,0,1.4592987,0,-0.0303714647889137,0
2021-04-03,0.020158297859809826,0.017232612,0,57051.94,0,2461.7189999999982,0,0.6493636,0,-0.0047855786979198,0
2021-04-04,0.015944122891975665,0.01294059,0,58202.01,0,966.6009999999924,0,-0.7077782,0,0.0094032883644104,0
2021-04-05,-0.019259938992041037,-0.013052706,0,59129.99,0,508.7059999999974,0,1.7717587,0,0.0266375802457332,0
2021-04-06,-0.03513812021317053,-0.03383965,0,57991.15,0,799.7799999999933,0,0.6081448,0,0.0712904334068298,0
2021-04-07,0.03796137682305556,0.033731185,0,55953.45,0,2966.282000000019,0,1.5165249,0,0.1403727233409881,0
2021-04-08,0.0011195381620978662,7.315539e-06,0,58077.52,0,207.4930000000002,0,-0.64699984,0,0.1906255781650543,0
2021-04-09,0.0279759019815784,0.015902143,0,58142.54,0,258.6650000000001,0,0.4246559,0,0.1808190643787384,0
2021-04-10,0.0039033527842884386,0.0019097247,0,59769.13,0,1488.155999999988,0,-0.19707875,0,0.1225970834493637,0
2021-04-11,-0.002373737196976866,0.006383307,0,60002.43,0,320.25999999999874,0,0.9073843,0,0.0611170716583728,0
2021-04-12,0.062061476779151414,0.039768636,0,59860.0,0,645.6929999999955,0,0.7344792,0,0.0121952146291732,0
2021-04-13,-0.009681006685017701,-0.0031713904,0,63575.0,0,391.2749999999983,0,3.295126,0,-0.0273393467068672,0
2021-04-14,0.003183791238594136,-0.0074713505,0,62959.53,0,2415.8929999999978,0,0.26243925,0,-0.0825781002640724,0
2021-04-15,-0.028897729226640023,-0.031032847,0,63159.98,0,257.9509999999996,0,0.312127,0,-0.1196671053767204,0
2021-04-16,-0.021653938710161302,-0.02398658,0,61334.8,0,2410.824000000004,0,1.371309,0,-0.1367284059524536,0
2021-04-17,-0.06427036598937519,-0.06892158,0,60006.66,0,1352.1119999999826,0,0.34618044,0,-0.1198789700865745,0
2021-04-18,-0.009205163097922964,-0.0056338604,0,56150.01,0,17835.522000001554,0,0.83094335,0,-0.0792092010378837,0
2021-04-19,0.01423360248945138,0.011877579,0,55633.14,0,1567.8979999999772,0,3.522408,0,-0.0395272299647331,0
2021-04-20,-0.0467411608329642,-0.035659604,0,56425.0,0,1433.6829999999793,0,0.73608655,0,-0.0095379948616027,0
2021-04-21,-0.03898052396062068,-0.022442404,0,53787.63,0,1506.5889999999822,0,3.4420142,0,0.0269621685147285,0
2021-04-22,-0.010946208002327706,-0.014659703,0,51690.96,0,4517.224000000222,0,1.4998549,0,0.0798634141683578,0
2021-04-23,-0.021071824937789918,-0.013154235,0,51125.14,0,6286.210000000385,0,2.0275738,0,0.1294797658920288,0
2021-04-24,-0.019602644190038987,-0.023530599,0,50047.84,0,1396.2139999999831,0,0.5140932,0,0.1311379075050354,0
2021-04-25,0.10056948928979836,0.07889393,0,49066.77,0,3136.667000000023,0,0.49209285,0,0.0942818224430084,0
2021-04-26,0.0187139627331816,0.009488327,0,54001.39,0,895.368999999993,0,-0.18307994,0,0.051344096660614,0
2021-04-27,-0.0030129806294884043,-0.0025219684,0,55011.97,0,241.0139999999997,0,1.8524926,0,0.0253361985087394,0
2021-04-28,-0.023542552248814963,-0.01929843,0,54846.22,0,211.0659999999996,0,0.37343425,0,0.01609368622303,0
2021-04-29,0.07729007562319112,0.073149905,0,53555.0,0,189.41799999999975,0,0.41527623,0,0.0172305479645729,0
2021-04-30,0.0018390041160067927,0.0021091453,0,57694.27,0,78.407,0,-0.17550968,0,0.0253385826945304,0
2021-05-01,-0.021144501324126486,-0.011797368,0,57800.37,0,105.41400000000014,0,1.2521,0,0.0371840372681617,0
2021-05-02,0.010448898966580966,0.002498117,0,56578.21,0,148.45600000000005,0,-0.9217864,0,0.0508675500750541,0
2021-05-03,-0.06943191102791191,-0.07061274,0,57169.39,0,174.9449999999999,0,1.4340193,0,0.0284278690814971,0
2021-05-04,0.07962592488234499,0.06492673,0,53200.01,0,374.1019999999992,0,1.644681,0,-0.0001832917332649,0
2021-05-05,-0.0181493837239326,-0.015723314,0,57436.11,0,136.0310000000001,0,1.5006818,0,-0.040430374443531,0
2021-05-06,0.016332858575641707,0.004653765,0,56393.68,0,182.344,0,0.57020867,0,-0.0912761315703392,0
2021-05-07,0.026996541030014143,0.01760412,0,57314.75,0,239.13399999999973,0,0.8026959,0,-0.1297214031219482,0
2021-05-08,-0.010553658936445554,-0.00957937,0,58862.05,0,158.38400000000013,0,-0.1827458,0,-0.1483545899391174,0
2021-05-09,-0.04163229788581346,-0.03164533,0,58240.84,0,156.07800000000017,0,0.42895633,0,-0.1569723784923553,0
2021-05-10,0.01529808403089139,0.019836772,0,55816.14,0,394.27099999999945,0,0.55527705,0,-0.1607152223587036,0
2021-05-11,-0.12420500292747383,-0.118843555,0,56670.02,0,208.9989999999998,0,1.1038555,0,-0.1672914922237396,0
2021-05-12,0.0007988907004690127,-0.008478677,0,49631.32,0,827.4849999999983,0,0.0405214,0,-0.1769460439682006,0
2021-05-13,0.0034321858421528795,0.0067268787,0,49670.97,0,697.3769999999927,0,0.42147678,0,-0.1958213448524475,0
2021-05-14,-0.061765056995733425,-0.048273604,0,49841.45,0,234.9109999999999,0,-0.20981203,0,-0.227143108844757,0
2021-05-15,-0.007088725507072957,0.0055921506,0,46762.99,0,507.3439999999969,0,0.1499774,0,-0.2247371673583984,0
2021-05-16,-0.062316746174472026,-0.07127008,0,46431.5,0,557.6559999999962,0,-0.81837225,0,-0.2022563815116882,0
2021-05-17,-0.015808244927883797,0.002738108,0,43538.04,0,934.785999999994,0,0.14185731,0,-0.1528265476226806,0
2021-05-18,-0.1437507963868193,-0.15671909,0,42849.78,0,512.2419999999972,0,-0.6768285,0,-0.0910710915923118,0
2021-05-19,0.10456638291157105,0.09348117,0,36690.09,0,1883.3999999999792,0,-1.3633579,0,-0.0474588647484779,0
2021-05-20,-0.08080191202626219,-0.08705739,0,40526.64,0,511.80099999999265,0,-2.7444274,0,-0.0303125157952308,0
2021-05-21,0.005307633064632,0.020573284,0,37252.01,0,509.99099999999464,0,-2.7310243,0,-0.0303137153387069,0
2021-05-22,-0.07461949658916112,-0.061017033,0,37449.73,0,258.0709999999993,0,-2.4785862,0,-0.0351636335253715,0
2021-05-23,0.1194924289970496,0.09709434,0,34655.25,0,504.4579999999933,0,-2.1546817,0,-0.0364906713366508,0
2021-05-24,-0.012155028225637077,-0.0051736105,0,38796.29,0,250.3729999999997,0,-1.8653659,0,-0.0290453284978866,0
2021-05-25,0.023932073084943717,0.040721964,0,38324.72,0,197.89699999999937,0,-1.8319088,0,-0.0094419196248054,0
2021-05-26,-0.018142083298188116,-0.01792029,0,39241.91,0,166.95400000000004,0,-2.0485024,0,0.0187480859458446,0
2021-05-27,-0.07439635317744797,-0.0588616,0,38529.98,0,187.47399999999988,0,-1.8117005,0,0.0470682494342327,0
2021-05-28,-0.029675727193272383,-0.01914599,0,35663.49,0,321.2459999999979,0,-1.5086466,0,0.0618472546339035,0
2021-05-29,0.029941208172771905,0.024211442,0,34605.15,0,214.3729999999997,0,-1.0875419,0,0.04584576562047,0
2021-05-30,0.04524361786210207,0.03532699,0,35641.27,0,125.10100000000044,0,-0.6664423,0,-0.0005698800086975,0
2021-05-31,-0.015051346426043444,-0.005263554,0,37253.81,0,163.08900000000006,0,-0.2000679,0,-0.0456402972340583,0
2021-06-01,0.02386253106511349,0.026289832,0,36693.09,0,183.90999999999957,0,-0.5214814,0,-0.0597679540514946,0
2021-06-02,0.044667792427096176,0.03723663,0,37568.68,0,77.95700000000006,0,-0.84517705,0,-0.0475725010037422,0
2021-06-03,-0.06160478347401155,-0.041687507,0,39246.79,0,100.806,0,-1.4711374,0,-0.0258223637938499,0
2021-06-04,-0.03572728013250437,-0.026406515,0,36829.0,0,214.94199999999964,0,-1.4447068,0,-0.0001001954078674,0
2021-06-05,0.007971965353727573,0.0066036773,0,35513.2,0,200.50999999999976,0,-1.4666635,0,0.0445755124092102,0
2021-06-06,-0.06267461646186423,-0.048247702,0,35796.31,0,85.80000000000025,0,-0.4965278,0,0.1198072507977485,0
2021-06-07,-0.00512565423024447,-0.0028353422,0,33552.79,0,196.70199999999977,0,0.5194986,0,0.1879467964172363,0
2021-06-08,0.12004621817145855,0.08658097,0,33380.81,0,387.5689999999986,0,0.5198125,0,0.1670724898576736,0
2021-06-09,-0.0190523442650794,-0.011535173,0,37388.05,0,442.7009999999987,0,-0.19397043,0,0.0753223299980163,0
2021-06-10,0.017893581911957,0.023145739,0,36675.72,0,394.16499999999775,0,0.051069453,0,0.0001279041171073,0
2021-06-11,-0.047837537682169584,-0.05447054,0,37331.98,0,221.4179999999996,0,-0.13874783,0,-0.0338973477482795,0
2021-06-12,0.09774515411109674,0.08113249,0,35546.11,0,347.6219999999994,0,-0.40421683,0,-0.0627131685614585,0
2021-06-13,0.03833157742185733,0.020991545,0,39020.57,0,211.7289999999999,0,-0.33982575,0,-0.1085418835282325,0
2021-06-14,-0.009187662542646469,0.0019240649,0,40516.29,0,254.4110000000001,0,-0.34615445,0,-0.149737924337387,0
2021-06-15,-0.04471473224917066,-0.03736875,0,40144.04,0,224.84199999999976,0,-0.5889176,0,-0.1612163186073303,0
2021-06-16,-0.006676573919378925,-0.0061523174,0,38349.01,0,298.784999999999,0,-1.0707545,0,-0.14751797914505,0
2021-06-17,-0.05967321529405567,-0.054398965,0,38092.97,0,226.1209999999998,0,-1.0491698,0,-0.1222797557711601,0
2021-06-18,-0.00938362650419422,-0.0058941366,0,35819.84,0,426.3939999999978,0,-1.2858387,0,-0.0848707184195518,0
2021-06-19,0.003281504870402685,-0.0009608525,0,35483.72,0,358.49499999999904,0,-1.2851087,0,-0.0353121608495712,0
2021-06-20,-0.11211269836989501,-0.10424997,0,35600.16,0,361.95099999999866,0,-0.64590573,0,0.0176406651735305,0
2021-06-21,0.028492897418546104,0.024639994,0,31608.93,0,1013.910999999992,0,-0.07183385,0,0.0480748824775218,0
2021-06-22,0.0359435809035864,0.032925993,0,32509.56,0,949.4109999999924,0,-0.24963965,0,0.0517842657864093,0
2021-06-23,0.029248113089615835,0.03805603,0,33678.07,0,460.4019999999975,0,-0.3330403,0,0.0472276359796524,0
2021-06-24,-0.08881608650584805,-0.07441221,0,34663.09,0,321.95699999999863,0,-0.7832776,0,0.0428871475160121,0
2021-06-25,0.022137475878161617,0.031925775,0,31584.45,0,781.862999999995,0,-0.94759905,0,0.0352591723203659,0
2021-06-26,0.07485801636432043,0.052000087,0,32283.65,0,650.3179999999962,0,-1.4586776,0,0.0220995247364044,0
2021-06-27,-0.0059206912670018985,-0.008907124,0,34700.34,0,382.30499999999887,0,-1.1017858,0,0.0060151852667331,0
2021-06-28,0.04107390978779768,0.03210372,0,34494.89,0,287.4969999999992,0,-0.7771012,0,-0.0083497501909732,0
2021-06-29,-0.0241350110395685,-0.020271085,0,35911.73,0,257.4179999999995,0,-0.87807894,0,-0.0188664123415946,0
2021-06-30,-0.043952346982451096,-0.035265874,0,35045.0,0,284.40399999999977,0,-1.2877753,0,-0.0254519060254097,0
2021-07-01,0.008412553585781524,0.0044964994,0,33504.69,0,277.55599999999953,0,-1.6971062,0,-0.0272307470440864,0
2021-07-02,0.026122229111880113,0.025975369,0,33786.55,0,292.94199999999944,0,-1.8623661,0,-0.0150611326098442,0
2021-07-03,0.017807773082278322,0.012871527,0,34669.13,0,166.48499999999996,0,-2.1451638,0,-0.0110009796917438,0
2021-07-04,-0.04524023486595874,-0.039026976,0,35286.51,0,100.35999999999991,0,-1.613141,0,-0.013037160038948,0
2021-07-05,0.01572774705002722,0.01037898,0,33690.14,0,318.2739999999989,0,-1.2013539,0,-0.0153556168079376,0
2021-07-06,-0.010458500742694055,-0.0061473167,0,34220.01,0,220.82199999999975,0,-1.2852193,0,-0.0162029787898063,0
2021-07-07,-0.02913019031295161,-0.019587822,0,33862.12,0,128.94000000000014,0,-1.4855397,0,-0.0205290839076042,0
2021-07-08,0.028595580141082877,0.029235648,0,32875.71,0,302.157999999999,0,-1.21214,0,-0.0263706222176551,0
2021-07-09,-0.009254251191971874,0.0014567263,0,33815.81,0,150.0599999999999,0,-1.090202,0,-0.0445633754134178,0
2021-07-10,0.022568812761414092,0.01608089,0,33502.87,0,205.0840000000001,0,-0.9327332,0,-0.0559766590595245,0
2021-07-11,-0.03422050679252364,-0.01869253,0,34258.99,0,100.33600000000013,0,-0.32029462,0,-0.066181905567646,0
2021-07-12,-0.010785625492834905,-0.0103159845,0,33086.63,0,268.72800000000007,0,-0.14073388,0,-0.0706432908773422,0
2021-07-13,0.002757428481776625,-0.0049334387,0,32729.77,0,313.1559999999995,0,-0.5421239,0,-0.0678260922431945,0
2021-07-14,-0.02864166444749261,-0.020494398,0,32820.02,0,199.56199999999953,0,-0.95376825,0,-0.0647288411855697,0
2021-07-15,-0.015562421580928465,-0.013407072,0,31880.0,0,291.0559999999994,0,-0.86577225,0,-0.0312401726841926,0
2021-07-16,0.004339808952815494,-0.0013127669,0,31383.87,0,420.20199999999915,0,-1.2778383,0,0.0018438100814819,0
2021-07-17,0.008200806660645155,0.004725892,0,31520.07,0,199.02899999999968,0,-0.46322477,0,0.0292515829205513,0
2021-07-18,-0.02954539160994074,-0.017515898,0,31778.56,0,149.51299999999995,0,-0.6341326,0,0.0681156367063522,0
2021-07-19,-0.034024380951145794,-0.029952835,0,30839.65,0,259.47299999999933,0,-0.1631938,0,0.117296926677227,0
2021-07-20,0.079024247784937,0.03984286,0,29790.35,0,298.4629999999995,0,-0.20177366,0,0.1671852171421051,0
2021-07-21,0.004458615172544311,-0.00020959275,0,32144.51,0,160.95400000000035,0,-0.9338114,0,0.182670921087265,0
2021-07-22,0.04169558623171632,0.027260542,0,32287.83,0,181.45099999999996,0,-0.5816972,0,0.1700418889522552,0
2021-07-23,0.018554091994164246,0.0041119293,0,33634.09,0,133.37500000000014,0,-0.8439646,0,0.1598147302865982,0
2021-07-24,0.03277702759110679,0.015500648,0,34258.14,0,118.03400000000008,0,-0.7456573,0,0.1505331397056579,0
2021-07-25,0.05247389702162342,0.03243355,0,35381.02,0,131.1730000000002,0,-0.7618173,0,0.124171681702137,0
2021-07-26,0.05962441188476175,0.034242302,0,37237.6,0,550.0329999999968,0,-0.298405,0,0.0785398334264755,0
2021-07-27,0.014235182993912021,0.014291671,0,39457.87,0,287.277999999999,0,-1.2468026,0,0.0317455828189849,0
2021-07-28,-7.696236540322143e-05,0.005058161,0,40019.56,0,315.4049999999993,0,-1.2693123,0,-0.001022920012474,0
2021-07-29,0.054724703422190046,0.03671995,0,40016.48,0,173.65600000000018,0,-0.5438554,0,-0.0026104301214218,0
2021-07-30,-0.01764046517148954,-0.015559961,0,42206.37,0,159.308,0,0.22861119,0,0.0133859664201736,0
2021-07-31,-0.03898501344489613,-0.02566339,0,41461.83,0,170.74899999999985,0,0.19720976,0,0.0390326827764511,0
2021-08-01,-0.017508151497385938,-0.007557559,0,39845.44,0,278.4799999999987,0,0.36816657,0,0.0798469260334968,0
2021-08-02,-0.0240312231945482,-0.016212206,0,39147.82,0,238.58700000000007,0,0.08926201,0,0.1317970901727676,0
2021-08-03,0.0396819435156599,0.042834036,0,38207.05,0,360.4889999999989,0,0.1285478,0,0.1506085395812988,0
2021-08-04,0.028680483284570846,0.029540867,0,39723.18,0,179.89799999999963,0,-0.2905901,0,0.1272546350955963,0
2021-08-05,0.04831843212572129,0.03500782,0,40862.46,0,398.3959999999984,0,-0.20976491,0,0.1057059913873672,0
2021-08-06,0.040518133094224584,0.027071178,0,42836.87,0,247.89399999999975,0,0.18216412,0,0.0994567573070526,0
2021-08-07,-0.017458506964153186,-0.0052082185,0,44572.54,0,243.7319999999997,0,0.31795895,0,0.0858620479702949,0
2021-08-08,0.056149454827184364,0.037806686,0,43794.37,0,340.35699999999923,0,0.35333925,0,0.0599406845867633,0
2021-08-09,-0.014451045760960346,-0.0069389,0,46253.4,0,239.43899999999965,0,0.6040737,0,0.0441894009709358,0
2021-08-10,-0.0016231219969555788,0.00092112226,0,45584.99,0,209.7870000000001,0,0.9075043,0,0.0467290617525577,0
2021-08-11,-0.024433653402474165,-0.016962208,0,45511.0,0,147.0030000000001,0,0.88330406,0,0.0588273219764232,0
2021-08-12,0.07660082434289062,0.05732724,0,44399.0,0,341.6779999999984,0,1.1010828,0,0.0720487684011459,0
2021-08-13,-0.015303138075313805,-0.0060905553,0,47800.0,0,66.63100000000009,0,1.2769107,0,0.088680699467659,0
2021-08-14,-0.002011748406737346,-0.00065745483,0,47068.51,0,172.57900000000004,0,1.3427445,0,0.0969416722655296,0
2021-08-15,-0.022832505425362415,-0.018179055,0,46973.82,0,193.687,0,1.0996628,0,0.1086724773049354,0
2021-08-16,-0.026259392709878204,-0.02102374,0,45901.29,0,254.03199999999953,0,0.8234821,0,0.1125744879245758,0
2021-08-17,0.00020896747915655212,-0.0032394438,0,44695.95,0,403.7209999999984,0,1.0113149,0,0.0960243195295333,0
2021-08-18,0.04597509601212746,0.040171154,0,44705.29,0,230.44599999999977,0,0.51014096,0,0.0618393644690513,0
2021-08-19,0.05478648486696702,0.04078158,0,46760.62,0,204.667,0,0.13133603,0,0.0223820339888334,0
2021-08-20,-0.01014953225173032,-0.008476623,0,49322.47,0,69.52600000000007,0,1.3071629,0,-0.0129543095827102,0
2021-08-21,0.008548423073512001,-0.0016542643,0,48821.87,0,119.39700000000022,0,1.0043854,0,-0.0274452939629554,0
2021-08-22,0.005069739122593786,0.0050964262,0,49239.22,0,135.14000000000007,0,0.09217723,0,-0.0275566354393959,0
2021-08-23,-0.03667169473527865,-0.030882558,0,49488.85,0,132.163,0,0.8355136,0,-0.0198029205203056,0
2021-08-24,0.027254053099372122,0.013747571,0,47674.01,0,369.71399999999954,0,1.7580951,0,-0.0116466656327247,0
2021-08-25,-0.04348183868277655,-0.028047828,0,48973.32,0,116.93500000000016,0,0.67168397,0,-0.0034884214401245,0
2021-08-26,0.047520198480612175,0.027515627,0,46843.87,0,279.5349999999992,0,1.1557059,0,0.0129121840000152,0
2021-08-27,-0.0035571704853688546,-0.0048223007,0,49069.9,0,128.5800000000003,0,1.885202,0,0.0419536493718624,0
2021-08-28,-0.0026080189629483774,-0.0043633725,0,48895.35,0,87.0270000000001,0,0.55406094,0,0.0766690149903297,0
2021-08-29,-0.036600357243699366,-0.026612416,0,48767.83,0,70.60500000000009,0,0.57686466,0,0.0886574983596801,0
2021-08-30,0.0025111258540604364,-0.0021138394,0,46982.91,0,159.77799999999996,0,1.762628,0,0.0659916847944259,0
2021-08-31,0.036297190987261585,0.015633855,0,47100.89,0,177.77900000000017,0,1.2478528,0,0.0279877856373786,0
2021-09-01,0.008934959103078732,0.008076152,0,48810.52,0,79.658,0,0.0633001,0,-0.0142833963036537,0
2021-09-02,0.015280230285761531,0.0022537138,0,49246.64,0,81.67900000000007,0,0.56175673,0,-0.0424056947231292,0
2021-09-03,-0.001670028724494066,0.0014176627,0,49999.14,0,129.8620000000002,0,0.82733274,0,-0.0788043513894081,0
2021-09-04,0.036887035806813184,0.027306382,0,49915.64,0,96.56500000000013,0,-0.25731683,0,-0.1018533334136009,0
2021-09-05,0.017524626677651423,0.010364869,0,51756.88,0,43.546000000000035,0,0.8791512,0,-0.0996618643403053,0
2021-09-06,-0.11013559573066178,-0.10899788,0,52663.9,0,66.11199999999995,0,1.7758868,0,-0.082016222178936,0
2021-09-07,-0.017399810044996578,-0.023060232,0,46863.73,0,1159.8129999999971,0,1.6076632,0,-0.0568337589502334,0
2021-09-08,0.007531872505201598,0.0043343403,0,46048.31,0,208.59800000000016,0,1.3673493,0,-0.028095819056034,0
2021-09-09,-0.033284305209554166,-0.039931018,0,46395.14,0,100.881,0,1.3902851,0,0.0068341568112373,0
2021-09-10,0.007196732463176314,0.0032415898,0,44850.91,0,173.21399999999988,0,1.5221661,0,0.0406999662518501,0
2021-09-11,0.0188505743055305,0.024501221,0,45173.69,0,74.064,0,0.1694908,0,0.0588052570819854,0
2021-09-12,-0.02356337522628882,-0.022643363,0,46025.24,0,73.34400000000011,0,0.20513155,0,0.0355058833956718,0
2021-09-13,0.04830339872093736,0.027145443,0,44940.73,0,255.74900000000017,0,1.4977373,0,-0.0244236141443252,0
2021-09-14,0.02143615828994716,0.013824309,0,47111.52,0,55.90800000000005,0,1.7350898,0,-0.0707831755280494,0
2021-09-15,-0.007971295936673561,-0.0053347233,0,48121.41,0,51.439999999999976,0,-0.40013444,0,-0.0865946188569068,0
2021-09-16,-0.009171763603784133,-0.009991543,0,47737.82,0,149.71399999999997,0,0.41281217,0,-0.0786826536059379,0
2021-09-17,0.020988592384182825,0.014882709,0,47299.98,0,143.38200000000018,0,2.2893436,0,-0.0701683983206749,0
2021-09-18,-0.02176289852263502,-0.006436472,0,48292.74,0,48.562,0,0.79255307,0,-0.0724769607186317,0
2021-09-19,-0.08945752432964482,-0.08084172,0,47241.75,0,122.74700000000014,0,1.2486057,0,-0.0656289905309677,0
2021-09-20,-0.05303282853995839,-0.045220554,0,43015.62,0,428.6289999999987,0,1.1363877,0,-0.0492052882909774,0
2021-09-21,0.0689645945267856,0.058314428,0,40734.38,0,483.65899999999783,0,0.79003245,0,-0.0382766872644424,0
2021-09-22,0.03035232953813427,0.018698528,0,43543.61,0,139.01700000000017,0,-0.6789916,0,-0.0106299743056297,0
2021-09-23,-0.045796903885099605,-0.042314887,0,44865.26,0,98.40200000000009,0,0.0100706965,0,0.0230357479304075,0
2021-09-24,-0.003268585304984306,-0.0054709716,0,42810.57,0,319.48399999999873,0,1.0408902,0,0.0532852374017238,0
2021-09-25,0.011489398799736872,0.010932951,0,42670.64,0,108.74000000000008,0,0.14588809,0,0.0817485600709915,0
2021-09-26,-0.023483059899121694,-0.026018407,0,43160.9,0,167.2430000000001,0,0.072058424,0,0.1138051301240921,0
2021-09-27,-0.026592656477809395,-0.019800805,0,42147.35,0,118.26000000000003,0,1.3145491,0,0.1615529656410217,0
2021-09-28,0.012132146654336484,0.008749895,0,41026.54,0,192.29800000000017,0,1.0200869,0,0.2307386398315429,0
2021-09-29,0.05538494586781506,0.052473195,0,41524.28,0,122.76800000000024,0,0.22100483,0,0.2880407571792602,0
2021-09-30,0.09851907968446594,0.083291516,0,43824.1,0,128.82900000000026,0,-0.30576098,0,0.2626599669456482,0
2021-10-01,-0.010525406192273157,-0.0057217493,0,48141.61,0,103.54699999999995,0,1.075318,0,0.1800297796726226,0
2021-10-02,0.011863360687227154,0.007176895,0,47634.9,0,78.04400000000004,0,0.41148388,0,0.1420277655124664,0
2021-10-03,0.021264103472177665,0.013415097,0,48200.01,0,90.73600000000006,0,0.88685626,0,0.1437163054943084,0
2021-10-04,0.045648608205515195,0.033961926,0,49224.94,0,156.592,0,0.35476968,0,0.1346230506896972,0
2021-10-05,0.07466216091509192,0.061176684,0,51471.99,0,82.5360000000001,0,1.1586845,0,0.10590111464262,0
2021-10-06,-0.027655789568833078,-0.01711714,0,55315.0,0,133.01700000000022,0,0.54262495,0,0.0913160964846611,0
2021-10-07,0.003090254162760653,0.007643503,0,53785.22,0,205.27100000000013,0,1.0317407,0,0.0937062054872512,0
2021-10-08,0.01850349471737811,0.0047650323,0,53951.43,0,98.0470000000002,0,0.70896196,0,0.1055139750242233,0
2021-10-09,-0.005290654802244665,-0.0030148877,0,54949.72,0,58.53600000000002,0,1.0677849,0,0.1177631840109825,0
2021-10-10,0.05145264274867811,0.03286258,0,54659.0,0,140.8750000000002,0,0.68149966,0,0.1221067085862159,0
2021-10-11,-0.025654869774244027,-0.0065919394,0,57471.35,0,84.87000000000006,0,1.5784911,0,0.1187337711453437,0
2021-10-12,0.02446687702343686,0.029179472,0,55996.93,0,186.52200000000013,0,0.066261396,0,0.1089164391160011,0
2021-10-13,-0.00033224676207577186,-0.0012395633,0,57367.0,0,108.39900000000024,0,0.47307795,0,0.0991009101271629,0
2021-10-14,0.0754077653007239,0.06166691,0,57347.94,0,94.18800000000007,0,1.5641192,0,0.0635628774762153,0
2021-10-15,-0.012920686426769024,-0.008570696,0,61672.42,0,143.89100000000033,0,1.2353367,0,0.0376262292265892,0
2021-10-16,0.01072285647592297,0.011110584,0,60875.57,0,80.14600000000016,0,0.35661542,0,0.0145829170942306,0
2021-10-17,0.007825825924415497,0.0028683362,0,61528.33,0,78.39900000000006,0,1.7649506,0,-0.009698886424303,0
2021-10-18,0.03661918818045651,0.025614314,0,62009.84,0,121.69100000000026,0,2.1743898,0,-0.0351236388087272,0
2021-10-19,0.026770445013028166,0.023259774,0,64280.59,0,83.08100000000006,0,1.746008,0,-0.0519215613603591,0
2021-10-20,-0.05769967641600382,-0.05118257,0,66001.41,0,86.48500000000004,0,0.13413425,0,-0.0517216846346855,0
2021-10-21,-0.02419768093431507,-0.018148072,0,62193.15,0,195.89000000000036,0,0.23848592,0,-0.0371463000774383,0
2021-10-22,0.009862375268215207,-0.0032292185,0,60688.22,0,142.48700000000005,0,0.84869546,0,-0.0165046975016593,0
2021-10-23,-0.007090113278971355,0.00039283652,0,61286.75,0,89.80900000000017,0,1.3967062,0,-0.0027319304645061,0
2021-10-24,0.036589626475418635,0.029234387,0,60852.22,0,116.58700000000026,0,1.6593405,0,0.0053300783038139,0
2021-10-25,-0.04359580194797685,-0.04697519,0,63078.78,0,33.12600000000003,0,2.3135777,0,0.0090085417032241,0
2021-10-26,-0.03174884437468595,-0.027288092,0,60328.81,0,160.98900000000012,0,1.5138782,0,0.009987935423851,0
2021-10-27,0.0370197338146836,0.026577324,0,58413.44,0,336.7799999999976,0,0.14110468,0,0.0098687261343002,0
2021-10-28,0.027697818389461615,0.012268713,0,60575.89,0,161.286,0,1.0595361,0,0.0095236971974372,0
2021-10-29,-0.006337292990249099,-0.0013417434,0,62253.71,0,55.01700000000008,0,1.3217508,0,0.0081636682152748,0
2021-10-30,-0.009042957077194158,-0.005439895,0,61859.19,0,89.35300000000024,0,0.9474237,0,0.0102183744311332,0
2021-10-31,-0.006340803722035049,-0.0024108817,0,61299.8,0,147.71200000000002,0,0.85619414,0,0.0191619433462619,0
2021-11-01,0.03790572852801399,0.027077537,0,60911.11,0,150.79600000000025,0,2.4993038,0,0.0296438261866569,0
2021-11-02,-0.005117210553180929,0.004583107,0,63219.99,0,73.00900000000001,0,1.0092233,0,0.0466211251914501,0
2021-11-03,-0.023872083143603562,-0.015760653,0,62896.48,0,86.14300000000019,0,0.7089651,0,0.0514735430479049,0
2021-11-04,-0.0074580979789725665,-0.015917625,0,61395.01,0,148.92200000000008,0,1.2323767,0,0.0491775199770927,0
2021-11-05,0.008754762286107276,0.00060627516,0,60937.12,0,98.75800000000032,0,1.7156591,0,0.0397678166627883,0
2021-11-06,0.029330764734561754,0.02520394,0,61470.61,0,146.82500000000005,0,0.17675437,0,0.0186862908303737,0
2021-11-07,0.06720402619797627,0.05922427,0,63273.59,0,29.377000000000013,0,1.5661603,0,-0.0073343589901924,0
2021-11-08,-0.008562205011030555,-0.0038312078,0,67525.83,0,56.74800000000002,0,2.5830903,0,-0.0321068465709686,0
2021-11-09,-0.030848426965184528,-0.033000458,0,66947.66,0,123.68000000000022,0,1.3700773,0,-0.0575406029820442,0
2021-11-10,-0.0016671693708142366,0.0041455086,0,64882.43,0,336.9399999999987,0,-0.08300628,0,-0.0805575773119926,0
2021-11-11,-0.010066189872335096,-0.0073425155,0,64774.26,0,71.262,0,2.082997,0,-0.1016460880637168,0
2021-11-12,0.004019978718768691,-0.00033388985,0,64122.23,0,162.8050000000001,0,1.1997274,0,-0.1035899296402931,0
2021-11-13,0.017693383038210664,0.002913569,0,64380.0,0,32.69600000000005,0,1.0244133,0,-0.0905380025506019,0
2021-11-14,-0.029187824619080538,-0.023817778,0,65519.1,0,57.883999999999865,0,1.3117536,0,-0.0898479148745536,0
2021-11-15,-0.05577820840998915,-0.0573481,0,63606.74,0,215.0730000000001,0,1.8185513,0,-0.0760597065091133,0
2021-11-16,0.004761994356537125,0.0043227333,0,60058.87,0,497.01999999999623,0,0.42919296,0,-0.0639215633273124,0
2021-11-17,-0.05722524549311314,-0.031774454,0,60344.87,0,198.27700000000016,0,0.6241757,0,-0.0544809028506279,0
2021-11-18,0.020400544052006087,-0.00844603,0,56891.62,0,377.67199999999787,0,-0.82084775,0,-0.0519855543971061,0
2021-11-19,0.028513456156041617,0.01908735,0,58052.24,0,104.5650000000004,0,0.82015467,0,-0.0495168939232826,0
2021-11-20,-0.01818012507974298,-0.019847462,0,59707.51,0,56.185000000000024,0,0.69291925,0,-0.0429001823067665,0
2021-11-21,-0.04051105710789216,-0.031892195,0,58622.02,0,109.36500000000014,0,0.9251432,0,-0.0305907577276229,0
2021-11-22,0.02300719787196437,0.014385029,0,56247.18,0,282.0769999999995,0,0.68994033,0,-0.0152293145656585,0
2021-11-23,-0.007003321268369556,0.0015787315,0,57541.27,0,140.8660000000002,0,1.3292555,0,-0.005796656012535,0
2021-11-24,0.03188877371023868,0.004800275,0,57138.29,0,185.3010000000004,0,-1.0120276,0,-0.0037648975849151,0
2021-11-25,-0.08876862352943571,-0.08239648,0,58960.36,0,61.747,0,1.4053446,0,-0.0088208727538585,0
2021-11-26,0.018510408172647708,0.011023621,0,53726.53,0,868.5869999999909,0,0.78866845,0,-0.0236451998353004,0
2021-11-27,0.046670356899349175,0.038002487,0,54721.03,0,99.17100000000028,0,1.1082214,0,-0.0927080735564231,0
2021-11-28,0.008753750335225519,0.004841598,0,57274.88,0,222.98499999999956,0,-0.29451936,0,-0.121255986392498,0
2021-11-29,-0.014291166352956464,-0.010154028,0,57776.25,0,78.31000000000002,0,1.4674586,0,-0.1304540932178497,0
2021-11-30,0.004100223070677478,0.0034823786,0,56950.56,0,396.3499999999992,0,0.4081735,0,-0.1491607725620269,0
2021-12-01,-0.012306399317152494,0.0046381913,0,57184.07,0,183.0969999999995,0,-0.08130629,0,-0.1531475782394409,0
2021-12-02,-0.050978623712250926,-0.02579567,0,56480.34,0,192.15599999999975,0,-1.329865,0,-0.1363445818424224,0
2021-12-03,-0.08299426970180623,-0.071319476,0,53601.05,0,497.4709999999987,0,1.6088064,0,-0.0896533355116844,0
2021-12-04,0.004961296960254602,0.006649292,0,49152.47,0,1313.4079999999828,0,-0.60064965,0,-0.0591067820787429,0
2021-12-05,0.021167362028717385,0.023858964,0,49396.33,0,251.63000000000008,0,0.9858269,0,-0.0408000871539115,0
2021-12-06,0.00291483750023791,0.0032568432,0,50441.92,0,191.9589999999999,0,1.0550743,0,-0.0358759760856628,0
2021-12-07,-0.002327781066813861,-0.00472885,0,50588.95,0,120.94900000000024,0,1.8384937,0,-0.0232587680220603,0
2021-12-08,-0.057965742436427714,-0.05042399,0,50471.19,0,127.88700000000024,0,-0.6655122,0,0.0068331398069858,0
2021-12-09,-0.0085191917904478,0.00022901536,0,47545.59,0,271.55999999999955,0,0.7275681,0,0.0154019370675086,0
2021-12-10,0.04771795147022062,0.042132426,0,47140.54,0,174.74500000000015,0,0.6151944,0,-0.0142387375235557,0
2021-12-11,0.013442197497914199,0.02220815,0,49389.99,0,81.28800000000012,0,0.17690583,0,-0.0316169634461402,0
2021-12-12,-0.06695082700848487,-0.06038259,0,50053.9,0,58.84100000000001,0,-0.7809895,0,-0.0330905765295028,0
2021-12-13,0.035127053546097464,0.023516333,0,46702.75,0,203.72999999999973,0,0.37077016,0,-0.0241575464606285,0
2021-12-14,0.010791572272299321,0.0017644297,0,48343.28,0,119.12900000000022,0,0.7938509,0,-0.0175346881151199,0
2021-12-15,-0.02522460870750398,-0.023556476,0,48864.98,0,136.7140000000001,0,0.45387733,0,-0.0010683611035346,0
2021-12-16,-0.03151595616259362,-0.036365815,0,47632.38,0,150.30699999999996,0,0.15918995,0,0.0290388204157352,0
2021-12-17,0.015245213651498446,0.012748306,0,46131.2,0,206.198,0,1.3135728,0,0.0615682303905487,0
2021-12-18,-0.003272161877317714,0.0012455409,0,46834.48,0,75.30400000000004,0,-0.40034616,0,0.0835495442152023,0
2021-12-19,0.004989799968852626,-0.0024749248,0,46681.23,0,98.02400000000009,0,0.37513563,0,0.0823118165135383,0
2021-12-20,0.042113511144609594,0.036768593,0,46914.16,0,135.15900000000008,0,0.948727,0,0.054560475051403,0
2021-12-21,-0.00617142034302387,-0.0032823035,0,48889.88,0,55.42099999999997,0,0.25932598,0,0.0061535388231277,0
2021-12-22,0.04632095555789717,0.02640374,0,48588.16,0,78.7200000000001,0,-1.5013548,0,-0.0358493998646736,0
2021-12-23,-0.00036999292469663825,-0.0012475429,0,50838.81,0,78.12400000000014,0,-0.09411974,0,-0.0570545718073844,0
2021-12-24,-0.008271153089334793,-0.0015595276,0,50820.0,0,139.5270000000001,0,-1.0942632,0,-0.0639377757906913,0
2021-12-25,0.007456994749567736,0.004525771,0,50399.66,0,44.06800000000002,0,0.42400634,0,-0.0628387331962585,0
2021-12-26,-0.0014583808053845182,0.0071897786,0,50775.49,0,108.5070000000002,0,0.6437109,0,-0.057591013610363,0
2021-12-27,-0.06228028237462302,-0.04995357,0,50701.44,0,99.41400000000029,0,1.2637386,0,-0.0528607964515686,0
2021-12-28,-0.022696573723480662,-0.030223116,0,47543.74,0,268.01699999999937,0,1.7261603,0,-0.0515537858009338,0
2021-12-29,0.014122776320756536,0.0025911154,0,46464.66,0,125.13800000000028,0,0.5984381,0,-0.0578836575150489,0
2021-12-30,-0.01918343188485272,-0.014881762,0,47120.87,0,98.66100000000014,0,-0.70845306,0,-0.0698565542697906,0
2021-12-31,0.032579403261964845,0.013511572,0,46216.93,0,202.184,0,-1.117232,0,-0.0932682827115058,0
2022-01-01,-0.009145971566960398,-0.010641437,0,47722.65,0,60.012000000000015,0,-0.9735725,0,-0.114515520632267,0
2022-01-02,-0.01776586732106511,-0.020247437,0,47286.18,0,114.77800000000016,0,-1.2543715,0,-0.0969394817948341,0
2022-01-03,-0.013221562197902492,-0.01198557,0,46446.1,0,174.32100000000014,0,-0.012649357,0,-0.0691746473312377,0
2022-01-04,-0.0519479726069183,-0.0403437,0,45832.01,0,385.2709999999974,0,0.789943,0,-0.0344340875744819,0
2022-01-05,-0.008488156694659077,-0.009449158,0,43451.13,0,507.791999999999,0,0.31539643,0,0.0003951787948608,0
2022-01-06,-0.0351845107655554,-0.024352973,0,43082.31,0,120.8270000000001,0,0.36970395,0,0.0196856036782264,0
2022-01-07,0.002724791707163998,-0.01130822,0,41566.48,0,273.23399999999936,0,0.6462708,0,0.0310945808887481,0
2022-01-08,0.004435728245905768,-0.010054061,0,41679.74,0,177.87599999999992,0,-1.5518526,0,0.035237543284893,0
2022-01-09,-0.0010063390041520348,0.0037584822,0,41864.62,0,97.80500000000002,0,-0.098147124,0,0.0307809188961982,0
2022-01-10,0.021682114096984728,0.021801295,0,41822.49,0,244.30399999999975,0,0.5193756,0,0.0130613967776298,0
2022-01-11,0.027460554575093665,0.013970102,0,42729.29,0,96.24100000000016,0,-0.101397514,0,-0.0211314707994461,0
2022-01-12,-0.03058015163545902,-0.021174755,0,43902.66,0,67.50299999999997,0,-1.1841568,0,-0.0493865832686424,0
2022-01-13,0.011744565509816507,-0.003764276,0,42560.11,0,165.60800000000012,0,-0.44472766,0,-0.0639557316899299,0
2022-01-14,0.0005650260706233645,0.004646227,0,43059.96,0,101.44300000000013,0,-1.3912996,0,-0.1125395223498344,0
2022-01-15,-0.0002931462953200681,-0.0056975647,0,43084.29,0,58.424000000000035,0,-1.3300682,0,-0.1386671960353851,0
2022-01-16,-0.020199825128634497,-0.0026478244,0,43071.66,0,89.42500000000011,0,-0.44659817,0,-0.1460418999195099,0
2022-01-17,0.003566213808853691,0.0060436702,0,42201.62,0,174.69299999999987,0,0.23895337,0,-0.1382253170013427,0
2022-01-18,-0.01634180296051302,-0.0133066485,0,42352.12,0,127.9020000000005,0,-0.07231842,0,-0.1222807690501213,0
2022-01-19,-0.023502154704235556,-0.023372032,0,41660.01,0,217.5909999999995,0,-0.062931046,0,-0.1133933737874031,0
2022-01-20,-0.10411763158690412,-0.098017424,0,40680.91,0,250.6789999999997,0,0.02672033,0,-0.0757378861308097,0
2022-01-21,-0.03769730590849685,-0.037040364,0,36445.31,0,764.810999999989,0,-1.1658995,0,-0.0157020464539527,0
2022-01-22,0.033449743409305954,0.022555016,0,35071.42,0,524.1889999999958,0,-1.8953947,0,0.0472954995930194,0
2022-01-23,0.011472069593911227,0.0022362063,0,36244.55,0,191.277,0,-0.7263806,0,0.078169472515583,0
2022-01-24,0.008127854753159802,0.0042552543,0,36660.35,0,496.4769999999976,0,1.054586,0,0.0668049231171608,0
2022-01-25,-0.004031027384361674,0.0059186267,0,36958.32,0,204.99199999999976,0,0.9813059,0,0.0481967702507972,0
2022-01-26,0.009529103211304513,0.00015408383,0,36809.34,0,290.63299999999947,0,-1.1328055,0,0.0414445325732231,0
2022-01-27,0.01497466368497391,0.02112266,0,37160.1,0,285.5259999999995,0,-0.9740938,0,0.0460858345031738,0
2022-01-28,0.011938522495158699,0.00656699,0,37716.56,0,152.64300000000017,0,0.034964696,0,0.060606725513935,0
2022-01-29,-0.0074693110564038045,-0.009148749,0,38166.84,0,82.32100000000007,0,-0.6118907,0,0.0857598483562469,0
2022-01-30,0.015446484007078931,0.0020327591,0,37881.76,0,81.53800000000005,0,0.041948453,0,0.1155291423201561,0
2022-01-31,0.005919114875386322,-0.00019382697,0,38466.9,0,113.8080000000002,0,1.3447454,0,0.1421732902526855,0
2022-02-01,-0.046472388000493026,-0.052065067,0,38694.59,0,132.1430000000001,0,0.066443756,0,0.1634938418865203,0
2022-02-02,0.011254497733651725,0.006414406,0,36896.36,0,219.5079999999998,0,0.108958974,0,0.172984704375267,0
2022-02-03,0.11424433306415893,0.082436696,0,37311.61,0,166.9260000000002,0,0.9270313,0,0.1421321034431457,0
2022-02-04,-0.004610065124446061,-0.012618005,0,41574.25,0,111.37000000000027,0,0.29040927,0,0.0777089893817901,0
2022-02-05,0.02412318803632174,0.0096449675,0,41382.59,0,141.09500000000003,0,-0.67310536,0,0.0303788930177688,0
2022-02-06,0.03442874108058658,0.01770502,0,42380.87,0,54.83100000000003,0,2.572983,0,0.0037925206124782,0
2022-02-07,0.004630475508776266,0.004360962,0,43839.99,0,113.1910000000003,0,0.50390357,0,-0.0112546794116497,0
2022-02-08,0.007486548937753801,0.0049281293,0,44042.99,0,240.6969999999997,0,1.6720299,0,-0.0196678563952446,0
2022-02-09,-0.01977070596528674,-0.0128349345,0,44372.72,0,156.392,0,0.91353303,0,-0.0179575756192207,0
2022-02-10,-0.025789140194926174,-0.022706322,0,43495.44,0,258.20799999999934,0,-1.0727237,0,-0.008394181728363,0
2022-02-11,-0.003678222332563097,-0.0036399062,0,42373.73,0,206.47600000000008,0,-0.46020865,0,-0.0254034399986267,0
2022-02-12,-0.0038895851448687013,0.0051728,0,42217.87,0,93.6230000000002,0,0.14626212,0,-0.0646310225129127,0
2022-02-13,0.01146820514552127,0.01543121,0,42053.66,0,72.31200000000008,0,0.34860796,0,-0.0989696159958839,0
2022-02-14,0.04722876701443535,0.035124414,0,42535.94,0,114.99300000000012,0,0.5753638,0,-0.1338591277599334,0
2022-02-15,-0.015070201141052064,-0.008109366,0,44544.86,0,37.71299999999996,0,2.0174077,0,-0.1468923687934875,0
2022-02-16,-0.07653493356819008,-0.051209033,0,43873.56,0,106.00800000000014,0,0.19840962,0,-0.1294989883899688,0
2022-02-17,-0.013359265667383102,-0.01515033,0,40515.7,0,189.829,0,-0.7574438,0,-0.0963309630751609,0
2022-02-18,0.0026199241315199018,-0.0074777724,0,39974.44,0,181.944,0,-0.73549896,0,-0.0668678805232048,0
2022-02-19,-0.042223429277602254,-0.03929494,0,40079.17,0,68.31800000000003,0,-0.43162596,0,-0.0230316743254661,0
2022-02-20,-0.035916689265527824,-0.038036104,0,38386.89,0,137.33700000000022,0,0.9741881,0,0.03453866019845,0
2022-02-21,0.03302433841617636,0.028842803,0,37008.16,0,250.5829999999994,0,0.50942475,0,0.104126438498497,0
2022-02-22,-0.025642467642837508,-0.021180801,0,38230.33,0,132.28300000000024,0,2.275972,0,0.1614392548799514,0
2022-02-23,0.02891811304211722,0.016439583,0,37250.01,0,152.297,0,0.2847495,0,0.1661304533481598,0
2022-02-24,0.02327223922638777,0.014199838,0,38327.21,0,316.59399999999863,0,0.13263999,0,0.116715669631958,0
2022-02-25,-0.0026122429413982795,0.006755299,0,39219.17,0,140.5509999999999,0,-0.4133783,0,0.0619368553161621,0
2022-02-26,-0.03624153558887355,-0.03149467,0,39116.72,0,99.91100000000016,0,0.30796343,0,0.0243037901818752,0
2022-02-27,0.14485582800848928,0.11394473,0,37699.07,0,174.3000000000002,0,-0.5260449,0,-0.0123521834611892,0
2022-02-28,0.029221501390175986,0.021087114,0,43160.0,0,146.5930000000004,0,0.8895853,0,-0.0408112630248069,0
2022-03-01,-0.011891169081429398,-0.00027267006,0,44421.2,0,129.42900000000023,0,1.8063937,0,-0.0651649683713913,0
2022-03-02,-0.032783830124999525,-0.032681532,0,43892.98,0,122.07200000000012,0,-1.0530417,0,-0.0718760937452316,0
2022-03-03,-0.07785697460781071,-0.08259535,0,42454.0,0,147.1000000000001,0,0.21806523,0,-0.0540269836783409,0
2022-03-04,0.006368034052761873,0.0033166497,0,39148.66,0,272.42699999999974,0,0.5542814,0,-0.0370871722698211,0
2022-03-05,-0.024802045588147248,-0.013969321,0,39397.96,0,49.80600000000004,0,-0.41925442,0,-0.0265989601612091,0
2022-03-06,-0.011264988947395915,-0.01753792,0,38420.81,0,121.62800000000014,0,-0.92930925,0,-0.0147960633039474,0
2022-03-07,0.019549068126776703,0.008115252,0,37988.0,0,176.478,0,1.327826,0,-0.0021628029644489,0
2022-03-08,0.08290802395933139,0.08085413,0,38730.63,0,148.55700000000013,0,0.86555684,0,0.0017856508493423,0
2022-03-09,-0.0600764727999884,-0.04261926,0,41941.71,0,99.0480000000002,0,-0.09485684,0,0.0169526934623718,0
2022-03-10,-0.01756455786109279,-0.013945668,0,39422.0,0,156.10099999999986,0,0.18262886,0,0.0352394580841064,0
2022-03-11,0.0020085428265792515,0.0058767633,0,38729.57,0,150.58000000000024,0,0.16454189,0,0.0514561422169208,0
2022-03-12,-0.026541872469552308,-0.023289543,0,38807.36,0,48.23899999999999,0,-1.2232571,0,0.0611432567238807,0
2022-03-13,0.05013666923081428,0.056651756,0,37777.34,0,78.3750000000001,0,-0.0009612143,0,0.0686817020177841,0
2022-03-14,-0.00985698250400735,-0.0053300736,0,39671.37,0,83.1730000000001,0,0.9753839,0,0.0652643591165542,0
2022-03-15,0.04668163429380545,0.033920035,0,39280.33,0,65.68799999999999,0,1.3798082,0,0.0597057379782199,0
2022-03-16,-0.004769664834362919,-0.0061443225,0,41114.0,0,160.827,0,2.1916416,0,0.0632803589105606,0
2022-03-17,0.020519381493185218,0.025051836,0,40917.9,0,47.165000000000035,0,1.6548977,0,0.0768983215093612,0
2022-03-18,0.010623717745622097,0.0020514408,0,41757.51,0,60.06499999999997,0,-0.37425572,0,0.0918763652443885,0
2022-03-19,-0.022251062945470856,-0.025843643,0,42201.13,0,35.711000000000006,0,-0.7136928,0,0.1123521998524665,0
2022-03-20,-0.006297787485904149,-0.0022897827,0,41262.11,0,76.02400000000007,0,-1.0384513,0,0.1277489215135574,0
2022-03-21,0.03321476260449119,0.020016275,0,41002.25,0,68.68200000000012,0,-0.00977616,0,0.1320870220661163,0
2022-03-22,0.012242196405308103,0.010475206,0,42364.13,0,75.60100000000016,0,1.7786189,0,0.1231630817055702,0
2022-03-23,0.025854212741903693,0.012533908,0,42882.76,0,68.01500000000007,0,1.0668734,0,0.1040992960333824,0
2022-03-24,0.007312782981060417,0.00046592462,0,43991.46,0,42.517,0,0.5785718,0,0.0782787799835205,0
2022-03-25,0.004470680944441696,0.006767598,0,44313.16,0,88.32100000000011,0,-0.75828475,0,0.0558996424078941,0
2022-03-26,0.05204277478490282,0.018903013,0,44511.27,0,21.475999999999996,0,1.0972276,0,0.0338976755738258,0
2022-03-27,0.00628793689896745,0.018163439,0,46827.76,0,40.72800000000003,0,-0.25785547,0,0.0111948959529399,0
2022-03-28,0.006633602286480356,0.0016258503,0,47122.21,0,96.12600000000003,0,0.8163091,0,-0.010326512157917,0
2022-03-29,-0.007732930253737891,-0.007313581,0,47434.8,0,91.0390000000001,0,1.3028772,0,-0.0279391780495643,0
2022-03-30,-0.033093616277219406,-0.023406561,0,47067.99,0,82.96400000000014,0,-0.15455614,0,-0.0436146408319473,0
2022-03-31,0.016988447021050623,0.003287435,0,45510.34,0,182.8139999999999,0,0.39304262,0,-0.0592393651604652,0
2022-04-01,-0.010208607864272912,-0.0033098096,0,46283.49,0,128.20600000000042,0,1.1419111,0,-0.0742063075304031,0
2022-04-02,0.013017615856453668,0.002206053,0,45811.0,0,115.31000000000002,0,-0.9087857,0,-0.0929033979773521,0
2022-04-03,0.003731305493634096,-0.0011607222,0,46407.35,0,0.0,1,-0.024551854,0,-0.1121770814061164,0
2022-04-04,-0.023249208735584892,-0.018621387,0,46580.51,0,100.37600000000025,0,1.2389485,0,-0.1246850714087486,0
2022-04-05,-0.05114736947374088,-0.034384776,0,45497.55,0,100.04900000000012,0,0.6850047,0,-0.1271208524703979,0
2022-04-06,0.006340445216371338,-0.006033047,0,43170.47,0,0.0,1,-1.2618119,0,-0.1141924187541008,0
2022-04-07,-0.0274416440955626,-0.024274494,0,43444.19,0,0.0,1,0.78242236,0,-0.0986368581652641,0
2022-04-08,0.011880144873581244,-0.00520487,0,42252.01,0,129.68700000000024,0,1.5499471,0,-0.0794727131724357,0
2022-04-09,-0.013919643017946681,-0.014237368,0,42753.97,0,30.978,0,1.2780911,0,-0.0565763339400291,0
2022-04-10,-0.06234515410168928,-0.057522163,0,42158.85,0,98.07500000000005,0,1.0688267,0,-0.0330655351281166,0
2022-04-11,0.01377393882437472,0.006471824,0,39530.45,0,272.3809999999994,0,1.8394773,0,-0.0130946710705757,0
2022-04-12,0.026771094354726355,0.0037299502,0,40074.94,0,119.98300000000012,0,1.289996,0,0.0022054053843021,0
2022-04-13,-0.02929464741605814,-0.037578553,0,41147.79,0,79.38500000000012,0,-0.0072497576,0,0.0107959173619747,0
2022-04-14,0.015259982004077077,0.005718275,0,39942.38,0,80.84000000000012,0,-0.43257356,0,0.0144285634160041,0
2022-04-15,-0.004270823315307148,-0.006053098,0,40551.9,0,44.794000000000025,0,-1.0138692,0,0.0126533657312393,0
2022-04-16,-0.01735047999304573,-0.016305,0,40378.71,0,25.614000000000008,0,-1.2895309,0,0.0069397129118442,0
2022-04-17,0.028303004275403998,0.028883468,0,39678.12,0,117.56500000000013,0,-0.33529288,0,-0.0015254393219947,0
2022-04-18,0.016961540035778544,0.00083654077,0,40801.13,0,130.40700000000004,0,0.6082164,0,-0.0114642232656478,0
2022-04-19,-0.0032533057239767516,-0.0021194427,0,41493.18,0,29.432,0,0.61851543,0,-0.0207052156329154,0
2022-04-20,-0.021233521099448538,-0.017409328,0,41358.19,0,62.43800000000006,0,1.7941233,0,-0.0281406864523887,0
2022-04-21,-0.01904223837889374,-0.015224584,0,40480.01,0,279.9419999999997,0,1.5417725,0,-0.033992163836956,0
2022-04-22,-0.00673849220759537,-0.017908487,0,39709.18,0,111.0020000000002,0,-0.21749507,0,-0.0416868105530738,0
2022-04-23,0.00021626911687144812,-0.010707126,0,39441.6,0,41.39299999999996,0,-1.4457613,0,-0.0488150790333747,0
2022-04-24,0.024738828490552534,0.0091185495,0,39450.13,0,70.90900000000002,0,1.0880456,0,-0.0442179813981056,0
2022-04-25,-0.057226176765098224,-0.04478204,0,40426.08,0,121.21400000000018,0,0.89279675,0,-0.0352942645549774,0
2022-04-26,0.029467119184837465,0.013740132,0,38112.65,0,211.8769999999996,0,0.7004781,0,-0.0257817506790161,0
2022-04-27,0.012905332182001406,0.0025699805,0,39235.72,0,82.22800000000012,0,0.28448838,0,-0.03233602643013,0
2022-04-28,-0.028834934868767537,-0.017642215,0,39742.07,0,0.0,1,1.2559378,0,-0.0408872291445732,0
2022-04-29,-0.025010551581493567,-0.011578919,0,38596.11,0,0.0,1,-0.44119185,0,-0.0574641823768615,0
2022-04-30,0.022257034131615505,0.011923263,0,37630.8,0,174.254,0,1.1641117,0,-0.0901899859309196,0
2022-05-01,0.0014767984589929561,-0.0059772544,0,38468.35,0,89.98200000000006,0,1.9822192,0,-0.1269471645355224,0
2022-05-02,-0.02066727302365534,-0.017369203,0,38525.16,0,116.6620000000004,0,0.6717847,0,-0.1758585274219513,0
2022-05-03,0.0519773277549469,0.033405602,0,37728.95,0,64.21999999999994,0,-0.15571706,0,-0.2153153121471405,0
2022-05-04,-0.07903829680020158,-0.06439358,0,39690.0,0,54.38500000000005,0,1.2090174,0,-0.2354060411453247,0
2022-05-05,-0.014751195320106825,-0.0051912074,0,36552.97,0,223.9429999999998,0,-0.8770987,0,-0.2235217690467834,0
2022-05-06,-0.015032583370194197,-0.0052856673,0,36013.77,0,177.0390000000002,0,1.310747,0,-0.2005762457847595,0
2022-05-07,-0.040425525317014155,-0.041428864,0,35472.39,0,79.07100000000004,0,0.9563792,0,-0.1539216935634613,0
2022-05-08,-0.11640059462254393,-0.1179954,0,34038.4,0,132.8950000000002,0,0.09553681,0,-0.1020868793129921,0
2022-05-09,0.031280100517649734,0.031696394,0,30076.31,0,612.5429999999944,0,-0.6390234,0,-0.0535717234015464,0
2022-05-10,-0.061680814776365334,-0.062861376,0,31017.1,0,0.0,1,0.6100883,0,-0.0207656994462013,0
2022-05-11,-0.002549139394872224,-0.00193538,0,29103.94,0,0.0,1,-0.43908024,0,0.0021292045712471,0
2022-05-12,0.00886332124803002,0.0069069955,0,29029.75,0,553.7149999999938,0,-0.31554908,0,0.0028440356254577,0
2022-05-13,0.02730524241943111,0.024666052,0,29287.05,0,315.3729999999992,0,-1.1102754,0,-0.0133484452962875,0
2022-05-14,0.04128562948328729,0.033873715,0,30086.74,0,115.95900000000016,0,-0.5704485,0,-0.0248539820313453,0
2022-05-15,-0.04643892586044385,-0.028045736,0,31328.89,0,101.71700000000024,0,-0.37733823,0,-0.034647412598133,0
2022-05-16,0.019110926186340693,0.017763011,0,29874.01,0,186.19899999999976,0,0.00819096,0,-0.0399361625313758,0
2022-05-17,-0.05681110122440747,-0.048706744,0,30444.93,0,136.31200000000013,0,0.84362656,0,-0.0376089885830879,0
2022-05-18,0.0558555502776914,0.042901777,0,28715.32,0,199.33699999999968,0,-0.52385473,0,-0.0291335433721542,0
2022-05-19,-0.03688154349566264,-0.031985186,0,30319.23,0,115.96800000000012,0,-0.8052486,0,-0.030917078256607,0
2022-05-20,0.008357587631386831,-0.0032294616,0,29201.01,0,167.36300000000026,0,0.4534024,0,-0.0197066292166709,0
2022-05-21,0.0288292840972304,0.014315905,0,29445.06,0,34.94200000000002,0,0.6618869,0,-0.0055370517075061,0
2022-05-22,-0.03910980215845139,-0.028666513,0,30293.94,0,44.50900000000003,0,-0.18650638,0,0.0089462958276271,0
2022-05-23,0.018737407310072562,0.014723716,0,29109.15,0,196.68400000000008,0,0.90314305,0,0.0208470597863197,0
2022-05-24,-0.0037913199242747275,0.0033142595,0,29654.58,0,104.3550000000002,0,0.5143487,0,0.0307565405964851,0
2022-05-25,-0.011536059494654305,-0.007556209,0,29542.15,0,119.06100000000028,0,-1.2785088,0,0.0314861759543418,0
2022-05-26,-0.019572725233593657,-0.0192503,0,29201.35,0,223.43699999999947,0,-0.4853933,0,0.0302826985716819,0
2022-05-27,0.01402489713515287,0.009840557,0,28629.8,0,218.53099999999992,0,0.48675162,0,0.0267373975366354,0
2022-05-28,0.015044780931497082,-0.0006478734,0,29031.33,0,12.852000000000007,0,-0.3463443,0,0.0251230746507644,0
2022-05-29,0.07690078423787083,0.054553203,0,29468.1,0,29.523,0,-0.38728893,0,0.0208448097109794,0
2022-05-30,0.002105613435591014,6.680866e-05,0,31734.22,0,87.40699999999994,0,0.89009607,0,0.0165431797504425,0
2022-05-31,-0.06274040094286226,-0.07644768,0,31801.04,0,82.51799999999993,0,1.153741,0,0.0107193402945995,0
2022-06-01,0.02170011705763586,0.013914837,0,29805.83,0,217.11499999999967,0,1.0838532,0,0.0069698430597782,0
2022-06-02,-0.02470756210795655,-0.025275031,0,30452.62,0,104.06400000000018,0,0.31110168,0,-0.0013856887817382,0
2022-06-03,0.005516122613274499,-0.0015529962,0,29700.21,0,141.4210000000001,0,-0.45084566,0,-0.0318287685513496,0
2022-06-04,0.001847372291223781,-0.0013512236,0,29864.04,0,38.773999999999994,0,-0.07739301,0,-0.0970557257533073,0
2022-06-05,0.048593863273796334,0.03102937,0,29919.21,0,62.33200000000002,0,0.09665653,0,-0.1864305138587951,0
2022-06-06,-0.007897530049628454,-0.002251977,0,31373.1,0,61.95899999999999,0,-0.068831876,0,-0.263807088136673,0
2022-06-07,-0.0295759113236711,-0.009882044,0,31125.33,0,270.46699999999953,0,1.6029283,0,-0.3126678168773651,0
2022-06-08,-0.00313990141292253,0.0001738827,0,30204.77,0,163.718,0,-0.20094196,0,-0.3350900113582611,0
2022-06-09,-0.03381110484149241,-0.02661515,0,30109.93,0,91.43799999999996,0,0.0585849,0,-0.3348849415779114,0
2022-06-10,-0.02293354709286577,-0.024062995,0,29091.88,0,148.05500000000015,0,-0.8533571,0,-0.3163000643253326,0
2022-06-11,-0.06509022082906779,-0.044775024,0,28424.7,0,255.633,0,-1.2259709,0,-0.2791021764278412,0
2022-06-12,-0.153798392671479,-0.1281824,0,26574.53,0,264.9950000000002,0,-0.5750167,0,-0.2266261279582977,0
2022-06-13,-0.015608733953799026,0.0004385244,0,22487.41,0,930.4759999999906,0,0.5792793,0,-0.1713725626468658,0
2022-06-14,0.02020698026464096,0.0054927645,0,22136.41,0,716.0389999999937,0,0.03325273,0,-0.1219150945544242,0
2022-06-15,-0.09663642659402438,-0.089081496,0,22583.72,0,693.8539999999967,0,-1.265401,0,-0.0696256384253501,0
2022-06-16,0.0033086110646816103,0.017619664,0,20401.31,0,521.0029999999963,0,-1.8639928,0,-0.0066502429544925,0
2022-06-17,-0.07318549539518904,-0.06480931,0,20468.81,0,324.8319999999996,0,-1.5460995,0,0.044818066060543,0
2022-06-18,0.08450939576053496,0.068095416,0,18970.79,0,687.8349999999965,0,-1.1321392,0,0.0688126385211944,0
2022-06-19,-5.346553903051721e-06,-0.010891743,0,20574.0,0,439.9889999999976,0,-1.1195832,0,0.0538789853453636,0
2022-06-20,0.007272810343595726,0.011375149,0,20573.89,0,471.6489999999982,0,-0.8525361,0,0.0239444859325885,0
2022-06-21,-0.035492522505829016,-0.032899987,0,20723.52,0,249.9409999999995,0,0.36238724,0,-0.0003427788615226,0
2022-06-22,0.056140712497855016,0.046985555,0,19987.99,0,330.69099999999924,0,-1.028571,0,-0.0237163677811622,0
2022-06-23,0.006042596611200324,-0.012193709,0,21110.13,0,141.01399999999995,0,-0.6302929,0,-0.0512208119034767,0
2022-06-24,0.011936326408380493,0.0062597077,0,21237.69,0,194.16500000000013,0,0.15682748,0,-0.0764053985476493,0
2022-06-25,-0.021083988369187567,-0.017740522,0,21491.19,0,119.63500000000022,0,0.13978647,0,-0.0858043357729911,0
2022-06-26,-0.014046440571782393,-0.012774877,0,21038.07,0,97.2880000000002,0,-0.18319462,0,-0.0809612497687339,0
2022-06-27,-0.022237852994037355,-0.012318997,0,20742.56,0,162.0930000000001,0,1.1250695,0,-0.0596010386943817,0
2022-06-28,-0.007804237304431916,-0.009155898,0,20281.29,0,194.85500000000025,0,0.15951149,0,-0.0208921581506729,0
2022-06-29,-0.008984739360562877,-0.011124789,0,20123.01,0,152.28000000000023,0,-0.35981017,0,0.0273821726441383,0
2022-06-30,-0.03321647901611702,-0.031315736,0,19942.21,0,199.75199999999987,0,-0.8735931,0,0.07496839761734,0
2022-07-01,-0.00139991078745616,0.006841273,0,19279.8,0,287.5049999999998,0,-1.5868831,0,0.0998296737670898,0
2022-07-02,0.003273288418677689,0.0019379724,0,19252.81,0,81.03300000000014,0,-1.7814767,0,0.0959319844841957,0
2022-07-03,0.04767488634969341,0.04454979,0,19315.83,0,148.36200000000008,0,-1.4996858,0,0.067722275853157,0
2022-07-04,-0.003008394151025384,0.014520449,0,20236.71,0,137.17000000000013,0,-0.5941938,0,0.03028030321002,0
2022-07-05,0.019264634961733806,0.010728119,0,20175.83,0,271.1239999999998,0,0.014318809,0,-0.0079847946763038,0
2022-07-06,0.051567968310453294,0.03292643,0,20564.51,0,316.91099999999994,0,-0.60790026,0,-0.0382648929953575,0
2022-07-07,-0.001397920368018779,0.0040891594,0,21624.98,0,93.00099999999996,0,0.20641313,0,-0.0560952797532081,0
2022-07-08,-0.00013521805068350545,0.002655685,0,21594.75,0,301.53199999999924,0,0.34944642,0,-0.0581699684262275,0
2022-07-09,-0.0337794434283708,-0.027140878,0,21591.83,0,105.20800000000018,0,-1.5729156,0,-0.0347597673535347,0
2022-07-10,-0.04308502301021888,-0.03244725,0,20862.47,0,133.92300000000017,0,-1.1370236,0,0.0162844657897949,0
2022-07-11,-0.0318008616678046,-0.02382481,0,19963.61,0,192.97399999999976,0,-0.84821963,0,0.0832993313670158,0
2022-07-12,0.046879389510444236,0.029876754,0,19328.75,0,300.58899999999954,0,-0.032122016,0,0.1332118809223175,0
2022-07-13,0.01749307013091772,0.01150215,0,20234.87,0,215.7739999999997,0,0.25558937,0,0.1423733830451965,0
2022-07-14,0.011715084482661453,0.008693651,0,20588.84,0,205.96500000000012,0,-0.3042773,0,0.1208051964640617,0
2022-07-15,0.017549654249343627,0.020613357,0,20830.04,0,168.712,0,0.31755447,0,0.0880923122167587,0
2022-07-16,-0.018751061541074532,-0.0025616954,0,21195.6,0,208.112,0,-0.714997,0,0.0516453571617603,0
2022-07-17,0.07858483635090807,0.05133094,0,20798.16,0,145.43100000000004,0,-1.5137737,0,0.0161994695663452,0
2022-07-18,0.04297499440545827,0.03251986,0,22432.58,0,364.8589999999992,0,-0.9161655,0,-0.0086817108094692,0
2022-07-19,-0.007407907637940858,-0.0024857037,0,23396.62,0,334.71399999999784,0,-0.5554509,0,-0.0178060606122016,0
2022-07-20,-0.003062010997575748,0.0038338616,0,23223.3,0,395.26699999999937,0,-0.6020291,0,-0.0100385919213294,0
2022-07-21,-0.020186427288303888,-0.015455567,0,23152.19,0,238.6009999999999,0,-1.4212309,0,0.0089205726981163,0
2022-07-22,-0.010304683790885893,-0.007175472,0,22684.83,0,200.07200000000017,0,-1.4960355,0,0.0319059304893016,0
2022-07-23,0.00572845748554518,0.004476544,0,22451.07,0,155.9989999999999,0,-1.5387121,0,0.0497178435325622,0
2022-07-24,-0.056191230345159826,-0.04679594,0,22579.68,0,161.8510000000001,0,-0.7288621,0,0.0551143065094947,0
2022-07-25,-0.0026385558563929434,-0.00071334396,0,21310.9,0,346.03199999999936,0,-0.439947,0,0.0474170297384262,0
2022-07-26,0.07987797505207106,0.06822554,0,21254.67,0,234.6269999999999,0,-0.57779646,0,0.031816117465496,0
2022-07-27,0.038796729760875115,0.028084572,0,22952.45,0,108.07200000000007,0,-0.8210828,0,0.0147932805120944,0
2022-07-28,-0.0029014890367921042,0.0018490502,0,23842.93,0,219.47300000000007,0,-0.41842377,0,-0.0002743899822235,0
2022-07-29,-0.005478311162521732,0.002264096,0,23773.75,0,196.09899999999985,0,-1.0376865,0,-0.0115616284310817,0
2022-07-30,-0.014811252643960215,-0.0021638428,0,23643.51,0,116.94199999999998,0,-0.9502133,0,-0.0147480890154838,0
2022-07-31,-0.0010865776110919878,-0.0005657219,0,23293.32,0,172.65900000000008,0,-0.72872907,0,-0.0103622265160083,0
2022-08-01,-0.012043144213879864,0.0033236244,0,23268.01,0,192.32600000000016,0,-0.15751733,0,9.889528155326845e-05,0
2022-08-02,-0.007369999464933441,-0.009830272,0,22987.79,0,287.46299999999957,0,-0.7272773,0,0.0145184621214866,0
2022-08-03,-0.008562837748708585,0.0011561508,0,22818.37,0,215.987,0,-0.7317757,0,0.0297496952116489,0
2022-08-04,0.030475207068211052,0.02897577,0,22622.98,0,154.0600000000002,0,-1.3450234,0,0.0420536883175373,0
2022-08-05,-0.01536562913674333,-0.0094268955,0,23312.42,0,128.04200000000017,0,-0.95157695,0,0.0508896671235561,0
2022-08-06,0.009592140178206865,-0.0050369543,0,22954.21,0,55.15299999999999,0,-0.82392615,0,0.0561831668019294,0
2022-08-07,0.027427259142527527,0.0053851977,0,23174.39,0,47.165,0,-0.481601,0,0.0585602074861526,0
2022-08-08,-0.027721545569088568,-0.006130624,0,23810.0,0,135.97300000000013,0,0.44248533,0,0.058493722230196,0
2022-08-09,0.034734416273037194,0.022983205,0,23149.95,0,229.9569999999999,0,0.5972493,0,0.0560289025306701,0
2022-08-10,-0.0008207380380352847,0.0029614447,0,23954.05,0,174.73700000000014,0,-0.38010204,0,0.0507642813026905,0
2022-08-11,0.019607351597429545,0.0013841202,0,23934.39,0,233.03400000000005,0,0.15783311,0,0.0422082468867301,0
2022-08-12,0.0015448489735974125,-0.0032598455,0,24403.68,0,113.99200000000016,0,0.053989843,0,0.031658548861742,0
2022-08-13,-0.005570061919580649,-0.0017390469,0,24441.38,0,116.52900000000014,0,-0.4710188,0,0.0162884518504142,0
2022-08-14,-0.008657392397688812,-0.0037615239,0,24305.24,0,138.91500000000002,0,-0.4988947,0,-0.0034694708883762,0
2022-08-15,-0.009963967358959214,-0.002850899,0,24094.82,0,274.87299999999954,0,0.08189048,0,-0.0265448167920112,0
2022-08-16,-0.021466593222143726,-0.015375055,0,23854.74,0,174.03699999999986,0,0.13108103,0,-0.0491263344883918,0
2022-08-17,-0.006488549291297496,-0.016846646,0,23342.66,0,213.6699999999995,0,-0.14561476,0,-0.0679148659110069,0
2022-08-18,-0.10162518541515753,-0.0504357,0,23191.2,0,138.77900000000002,0,-0.664974,0,-0.0792235657572746,0
2022-08-19,0.014671895841442906,0.008700592,0,20834.39,0,448.16399999999896,0,0.15528412,0,-0.083306573331356,0
2022-08-20,0.017764368802941632,0.00055943406,0,21140.07,0,126.8640000000002,0,0.3910526,0,-0.0799136683344841,0
2022-08-21,-0.0053812092708502846,-0.0053503877,0,21515.61,0,102.31600000000007,0,-0.7355066,0,-0.0734330266714096,0
2022-08-22,0.006041636779357429,-0.006091848,0,21399.83,0,160.05400000000003,0,0.4181623,0,-0.0661183893680572,0
2022-08-23,-0.0074801013696795815,-0.004747334,0,21529.12,0,98.68900000000022,0,0.66217595,0,-0.0542974025011062,0
2022-08-24,0.008936694359062525,0.013687189,0,21368.08,0,140.27000000000015,0,0.06341381,0,-0.0432682409882545,0
2022-08-25,-0.061133983702428396,-0.03636847,0,21559.04,0,87.38300000000007,0,-0.6444038,0,-0.0340368896722793,0
2022-08-26,-0.010051356031431258,-0.0055934265,0,20241.05,0,361.4079999999996,0,0.76498437,0,-0.0252651125192642,0
2022-08-27,-0.024054277957439862,-0.018777188,0,20037.6,0,113.53800000000012,0,-0.14397,0,-0.0164700970053672,0
2022-08-28,0.03733557787253883,0.027582165,0,19555.61,0,152.84299999999993,0,-0.04510276,0,-0.0142385065555572,0
2022-08-29,-0.02336962978408963,-0.01531072,0,20285.73,0,73.57600000000006,0,0.24108042,0,-0.0188318416476249,0
2022-08-30,0.012031298740236895,0.011991212,0,19811.66,0,310.26799999999974,0,0.65740037,0,-0.0242590606212615,0
2022-08-31,0.004061841334821459,0.0019873641,0,20050.02,0,203.963,0,-0.69834507,0,-0.0196027606725692,0
2022-09-01,-0.00892135990136822,-0.002456766,0,20131.46,0,138.78800000000004,0,-0.8002504,0,0.0030424408614635,0
2022-09-02,-0.006012472020152426,-0.007054818,0,19951.86,0,263.56800000000004,0,-0.49634707,0,0.0386612862348556,0
2022-09-03,0.00849136996455191,-0.00032906514,0,19831.9,0,43.959000000000024,0,0.69259924,0,0.0822793543338775,0
2022-09-04,-0.010172847407288854,-0.004774457,0,20000.3,0,63.10500000000003,0,0.8361732,0,0.1009464412927627,0
2022-09-05,-0.05082780888262972,-0.029792164,0,19796.84,0,141.52900000000005,0,0.8635879,0,0.083411157131195,0
2022-09-06,0.026727711340930327,0.0135326125,0,18790.61,0,397.0619999999993,0,0.5884662,0,0.0447194874286651,0
2022-09-07,0.0013958546279344564,0.0016883754,0,19292.84,0,198.40900000000008,0,-0.34449917,0,0.0019913204014301,0
2022-09-08,0.10560891770450676,0.071226485,0,19319.77,0,174.06199999999998,0,-1.3793837,0,-0.0416113212704658,0
2022-09-09,0.013493844366906371,0.005484495,0,21360.11,0,146.74100000000004,0,-0.10955255,0,-0.0815878883004188,0
2022-09-10,0.008246821696259232,0.018767813,0,21648.34,0,128.67800000000008,0,-0.82479036,0,-0.1129280552268028,0
2022-09-11,0.02606282989727804,0.012812467,0,21826.87,0,101.39600000000004,0,-0.44758707,0,-0.1294347047805786,0
2022-09-12,-0.0992228879242214,-0.07809156,0,22395.74,0,155.74300000000022,0,-0.04321991,0,-0.1309900283813476,0
2022-09-13,0.0026341396193136912,0.002443838,0,20173.57,0,572.408999999998,0,0.050970152,0,-0.1201486065983772,0
2022-09-14,-0.02594737354715615,-0.020304034,0,20226.71,0,219.59200000000004,0,-0.8372201,0,-0.0846400037407875,0
2022-09-15,0.005147732094602064,0.00010519475,0,19701.88,0,268.237,0,1.1035047,0,-0.0584071055054664,0
2022-09-16,0.015670115586796207,0.011997508,0,19803.3,0,108.50200000000017,0,0.7864177,0,-0.0406179949641227,0
2022-09-17,-0.03467501126102601,-0.008181675,0,20113.62,0,86.273,0,0.56763107,0,-0.0269009694457054,0
2022-09-18,0.006223675305853105,0.0020435373,0,19416.18,0,240.58499999999995,0,1.201797,0,-0.0151193663477897,0
2022-09-19,-0.03388541343562124,-0.011548897,0,19537.02,0,270.58300000000025,0,1.4427005,0,-0.0054005868732929,0
2022-09-20,-0.021914701986754936,-0.00028889393,0,18875.0,0,286.4269999999998,0,-0.2817831,0,0.0006458722054958,0
2022-09-21,0.050931784007245406,0.025546113,0,18461.36,0,318.8689999999997,0,1.6906583,0,0.0050666257739067,0
2022-09-22,-0.00575827907242854,-0.00040798122,0,19401.63,0,198.0459999999998,0,0.27345026,0,0.0088143534958362,0
2022-09-23,-0.019150426310957425,-0.006207304,0,19289.91,0,334.0409999999993,0,1.2615267,0,0.0098909623920917,0
2022-09-24,-0.005978700351470523,-0.001238767,0,18920.5,0,191.12300000000005,0,0.81565344,0,0.0118175223469734,0
2022-09-25,0.022355054239346472,0.00803175,0,18807.38,0,104.51400000000008,0,1.5594296,0,0.0160010457038879,0
2022-09-26,-0.007733065942992945,-0.004442103,0,19227.82,0,200.183,0,0.8071301,0,0.0214754920452833,0
2022-09-27,0.017489791201171112,0.017905695,0,19079.13,0,419.8489999999988,0,1.8355689,0,0.0250639244914054,0
2022-09-28,0.009204742020994416,0.004488928,0,19412.82,0,355.5419999999996,0,-1.232168,0,0.0268804896622896,0
2022-09-29,-0.008621081274490683,-0.0055029937,0,19591.51,0,260.61299999999954,0,0.51476514,0,0.0280442107468843,0
2022-09-30,-0.005748969886127497,-0.005231496,0,19422.61,0,250.46699999999993,0,1.0491921,0,0.0248010884970426,0
2022-10-01,-0.01316092683166814,-0.005544857,0,19310.95,0,42.277000000000015,0,0.023504853,0,0.0213370528072118,0
2022-10-02,0.03003022543134226,0.021389116,0,19056.8,0,114.20100000000004,0,-0.45238328,0,0.0038328096270561,0
2022-10-03,0.03610663362725086,0.029159121,0,19629.08,0,74.58600000000007,0,0.49704778,0,-0.0123421475291252,0
2022-10-04,-0.00882887153097045,0.006075788,0,20337.82,0,196.33099999999973,0,0.908738,0,-0.0235718637704849,0
2022-10-05,-0.00980193727037948,0.0019041467,0,20158.26,0,144.63899999999992,0,0.9400071,0,-0.0296749174594879,0
2022-10-06,-0.02157142019781888,-0.016668117,0,19960.67,0,115.56600000000012,0,0.24484447,0,-0.0305700376629829,0
2022-10-07,-0.005741396993050318,-0.0029933532,0,19530.09,0,192.66699999999992,0,0.2968505,0,-0.0263879224658012,0
2022-10-08,0.0010845629510001231,0.002512638,0,19417.96,0,56.393000000000015,0,0.7235706,0,-0.0141276270151138,0
2022-10-09,-0.015800693656367493,-0.0060497588,0,19439.02,0,18.078999999999997,0,0.86594045,0,0.0017573721706867,0
2022-10-10,-0.003756559081783406,0.0097465925,0,19131.87,0,203.467,0,1.2014468,0,0.0136278048157691,0
2022-10-11,0.005012067156348277,0.011842576,0,19060.0,0,158.86499999999987,0,1.4550172,0,0.0167111195623874,0
2022-10-12,0.011464052417239357,0.011521159,0,19155.53,0,16.860000000000003,0,0.27538514,0,0.0112541876733303,0
2022-10-13,-0.010229608781979871,-0.0060288208,0,19375.13,0,255.16300000000015,0,-0.6321358,0,-0.0002240650355815,0
2022-10-14,-0.005607779764540077,4.361756e-05,0,19176.93,0,225.66200000000003,0,1.3759989,0,0.0039692781865596,0
2022-10-15,0.010151871664484391,0.008106932,0,19069.39,0,37.047999999999995,0,0.8290109,0,0.0129975453019142,0
2022-10-16,0.01489281513036933,0.00889968,0,19262.98,0,59.96199999999996,0,1.150285,0,0.0247572064399719,0
2022-10-17,-0.011377063569764756,0.0025875065,0,19549.86,0,46.68999999999999,0,1.247747,0,0.037081453949213,0
2022-10-18,-0.01052751942316199,-0.0041411305,0,19327.44,0,142.30900000000008,0,1.9586891,0,0.0482278354465961,0
2022-10-19,-0.004290427144573172,-0.007543834,0,19123.97,0,103.79600000000008,0,-0.21414016,0,0.056542582809925,0
2022-10-20,0.006430549020266962,-0.0006910544,0,19041.92,0,142.99900000000017,0,1.2952327,0,0.0602118223905563,0
2022-10-21,0.002086163020229792,-0.00558519,0,19164.37,0,95.50700000000002,0,0.54318345,0,0.0606850236654281,0
2022-10-22,0.019060785707404992,0.011512676,0,19204.35,0,27.46899999999999,0,0.8243545,0,0.0580439083278179,0
2022-10-23,-0.012298164575072601,-0.00208708,0,19570.4,0,28.589,0,-0.18329506,0,0.0530122108757495,0
2022-10-24,0.03881846193323013,0.029284341,0,19329.72,0,66.405,0,1.5481349,0,0.0464919954538345,0
2022-10-25,0.03443812695872084,0.016795674,0,20080.07,0,110.85800000000008,0,0.14443769,0,0.0387925654649734,0
2022-10-26,-0.022939023926430213,-0.005565727,0,20771.59,0,164.9129999999999,0,0.19738959,0,0.032700203359127,0
2022-10-27,0.014620763326732344,0.008616086,0,20295.11,0,169.75100000000003,0,1.4578556,0,0.0266501456499099,0
2022-10-28,0.010578462148112866,0.006134682,0,20591.84,0,159.23300000000003,0,-0.718491,0,0.0177243575453758,0
2022-10-29,-0.008755064352293895,-0.005306635,0,20809.67,0,126.3110000000002,0,-0.3413369,0,0.0061896331608295,0
2022-10-30,-0.006629021092251608,0.0014058026,0,20627.48,0,97.72499999999994,0,0.81463945,0,-0.0138594359159469,0
2022-10-31,-0.000347474029732564,-0.0028961971,0,20490.74,0,118.40600000000006,0,-0.4468215,0,-0.0429838970303535,0
2022-11-01,-0.01619733230747289,-0.00387763,0,20483.62,0,57.727000000000025,0,2.114298,0,-0.0801958814263343,0
2022-11-02,0.0027779101064715483,0.0039057068,0,20151.84,0,197.17600000000024,0,-0.35560352,0,-0.130101591348648,0
2022-11-03,0.04655128559141963,0.015099202,0,20207.82,0,177.77000000000018,0,0.85169286,0,-0.1809894442558288,0
2022-11-04,0.007132886840308439,0.0017023499,0,21148.52,0,110.73600000000005,0,-0.33124542,0,-0.2185308933258056,0
2022-11-05,-0.018488340265463088,-0.0073094564,0,21299.37,0,53.305,0,0.00049228966,0,-0.2295533716678619,0
2022-11-06,-0.015041438697228293,-0.002968634,0,20905.58,0,193.80600000000007,0,-1.2738638,0,-0.214098185300827,0
2022-11-07,-0.09926118673428808,-0.06410436,0,20591.13,0,295.31399999999945,0,1.4447759,0,-0.1756260991096496,0
2022-11-08,-0.14149929666047167,-0.11045803,0,18547.23,0,1331.8669999999963,0,1.4807117,0,-0.1233871653676033,0
2022-11-09,0.10540476209915228,0.07114514,0,15922.81,0,1363.0369999999946,0,1.0826796,0,-0.0709084048867225,0
2022-11-10,-0.03015939299420778,-0.03902066,0,17601.15,0,583.1329999999986,0,-0.13031577,0,-0.0327877923846244,0
2022-11-11,-0.015127434709738652,-0.0030592745,0,17070.31,0,358.11899999999935,0,0.7485695,0,-0.0216276720166206,0
2022-11-12,-0.028683541834204962,-0.02184667,0,16812.08,0,145.07300000000004,0,-0.20423667,0,-0.0300594121217727,0
2022-11-13,0.017735006751439686,0.0099644195,0,16329.85,0,160.51200000000009,0,0.27191395,0,-0.0453512221574783,0
2022-11-14,0.016914508654312543,0.023581252,0,16619.46,0,364.5849999999988,0,-0.49226898,0,-0.0524310246109962,0
2022-11-15,-0.014071123044962497,0.00528686,0,16900.57,0,218.92800000000008,0,0.45021033,0,-0.0535120293498039,0
2022-11-16,0.0017884192054620218,0.004339766,0,16662.76,0,154.13800000000006,0,-0.21696721,0,-0.0472172796726226,0
2022-11-17,0.00047266566662029774,-0.0010930113,0,16692.56,0,144.19999999999993,0,-0.14981146,0,-0.0360023006796836,0
2022-11-18,1.3772083985674755e-05,0.000107798725,0,16700.45,0,83.812,0,-1.169206,0,-0.0202375650405883,0
2022-11-19,-0.025175621591456254,-0.009979186,0,16700.68,0,46.53699999999999,0,0.9413593,0,-0.0043695569038391,0
2022-11-20,-0.03064698717401404,-0.012516795,0,16280.23,0,135.55200000000005,0,-0.160839,0,0.009302943944931,0
2022-11-21,0.028239136344367255,0.025873236,0,15781.29,0,205.60100000000008,0,0.9930034,0,0.0189917404204607,0
2022-11-22,0.023181819862524877,0.011658559,0,16226.94,0,139.50200000000024,0,-0.19993924,0,0.0242362711578607,0
2022-11-23,-0.00025055546822250196,0.0036756713,0,16603.11,0,149.99500000000006,0,-0.5224865,0,0.0263281036168336,0
2022-11-24,-0.004627401130794517,0.0038694965,0,16598.95,0,81.394,0,-1.2134707,0,0.0278033558279275,0
2022-11-25,-0.0038475645406708114,0.004275146,0,16522.14,0,72.30199999999998,0,-0.029083475,0,0.0312006119638681,0
2022-11-26,-0.0018099992891241756,0.003003944,0,16458.57,0,48.220000000000034,0,-1.5974644,0,0.0371806807816028,0
2022-11-27,-0.013139746225830473,-0.0005915172,0,16428.78,0,29.811,0,0.55755186,0,0.0438362807035446,0
2022-11-28,0.014162787556336154,0.010940305,0,16212.91,0,232.36400000000023,0,0.625169,0,0.0475496016442775,0
2022-11-29,0.0438563894972368,0.026736941,0,16442.53,0,39.504000000000026,0,0.42488825,0,0.0458088405430316,0
2022-11-30,-0.010852593039704872,-0.0046029533,0,17163.64,0,91.9900000000001,0,-1.3427787,0,0.0374041274189949,0
2022-12-01,0.0067955166200655,0.008951958,0,16977.37,0,82.70500000000003,0,0.27856445,0,0.025966577231884,0
2022-12-02,-0.01214199712860553,-0.011385771,0,17092.74,0,69.07600000000005,0,-1.682393,0,0.0095432922244071,0
2022-12-03,0.013058773363655796,0.0072845034,0,16885.2,0,77.494,0,-0.9217727,0,0.0030567981302738,0
2022-12-04,-0.00814640733790506,-0.0017602602,0,17105.7,0,29.039999999999996,0,-1.002369,0,0.0070543885231018,0
2022-12-05,0.007226657471996134,0.003939296,0,16966.35,0,95.81600000000002,0,0.3444695,0,0.0156994052231311,0
2022-12-06,-0.014765088103664614,-0.007689256,0,17088.96,0,64.29700000000003,0,0.771632,0,0.0262167882174253,0
2022-12-07,0.023012905187733468,0.013684375,0,16836.64,0,70.15500000000003,0,0.8484594,0,0.0297932066023349,0
2022-12-08,-0.005546879082216072,0.00034156023,0,17224.1,0,60.429,0,0.77579486,0,0.0189954452216625,0
2022-12-09,-6.246876561721848e-05,-0.0006932493,0,17128.56,0,25.768999999999995,0,0.95597696,0,-0.0014952644705772,0
2022-12-10,-0.0024778878866665854,0.0032394654,0,17127.49,0,10.663000000000006,0,-0.76722133,0,-0.020088255405426,0
2022-12-11,0.0073034612131659404,0.009231934,0,17085.05,0,68.55399999999997,0,-0.44572514,0,-0.0335322245955467,0
2022-12-12,0.03282252061757718,0.016879428,0,17209.83,0,81.42499999999995,0,0.28784162,0,-0.0407508909702301,0
2022-12-13,0.0016005896020749866,-0.0047108354,0,17774.7,0,109.16400000000006,0,0.38249916,0,-0.0385680720210075,0
2022-12-14,-0.025097244027040277,-0.016487397,0,17803.15,0,99.725,0,-0.41582388,0,-0.0242243036627769,0
2022-12-15,-0.041726539120575,-0.015212851,0,17356.34,0,116.77800000000002,0,-0.37336725,0,-0.0066309422254562,0
2022-12-16,0.008681996041394635,-0.0013637715,0,16632.12,0,281.8159999999994,0,-0.3524195,0,0.0082209408283233,0
2022-12-17,-0.0022835486739801736,-0.005842579,0,16776.52,0,35.778999999999996,0,0.66403913,0,0.0135398283600807,0
2022-12-18,-0.017883035282745152,-0.015473007,0,16738.21,0,40.299000000000014,0,0.33285528,0,0.0055003426969051,0
2022-12-19,0.027780481395326184,0.008790789,0,16438.88,0,153.9320000000001,0,0.2672742,0,-0.0092491619288921,0
2022-12-20,-0.004195776878659463,-0.0072016297,0,16895.56,0,48.105,0,0.078638986,0,-0.0221344083547592,0
2022-12-21,-0.0001925743565845961,-0.004898089,0,16824.67,0,58.534,0,0.047664985,0,-0.0282680094242095,0
2022-12-22,-0.0025521016940890373,-0.007007906,0,16821.43,0,45.584999999999994,0,-1.5510279,0,-0.0270323082804679,0
2022-12-23,0.003434156807819555,-0.010263347,0,16778.5,0,38.584,0,-0.9966705,0,-0.0205885022878646,0
2022-12-24,-0.00023817839264617113,-0.002566195,0,16836.12,0,0.017,0,-1.6275433,0,-0.0111324302852153,0
2022-12-25,0.005185327329728651,-0.0066778534,0,16832.11,0,13.486,0,-0.82634676,0,-0.0003214925527572,0
2022-12-26,-0.012590879458420079,-0.0007036099,0,16919.39,0,11.940000000000005,0,-0.27307725,0,0.0100306347012519,0
2022-12-27,-0.00952032639066791,0.00047180796,0,16706.36,0,43.67399999999999,0,0.8286331,0,0.0180999040603637,0
2022-12-28,0.00520688861210683,-0.0015840146,0,16547.31,0,97.111,0,0.738695,0,0.0211657024919986,0
2022-12-29,-0.0015625122118235746,-0.0007701166,0,16633.47,0,105.67600000000004,0,0.67208946,0,0.0198209602385759,0
2022-12-30,-0.003918716144773238,-0.0018514127,0,16607.48,0,37.361,0,-0.61448836,0,0.019708702340722,0
2022-12-31,0.004494511074571994,-0.000615255,0,16542.4,0,24.952,0,-1.0754842,0,0.0221758559346199,0
2023-01-01,0.003377315058600505,0.00064563204,0,16616.75,0,2.596,0,-1.813913,0,0.0291320588439703,0
2023-01-02,0.0001385484322735664,0.0021777838,0,16672.87,0,21.959000000000007,0,-0.3327328,0,0.0428448766469955,0
2023-01-03,0.01050543382440261,0.0044120513,0,16675.18,0,39.43600000000001,0,0.38486195,0,0.0651309564709663,0
2023-01-04,-0.0010984928511914571,-0.0012291848,0,16850.36,0,35.447,0,0.37606192,0,0.1014442220330238,0
2023-01-05,0.007058047689350921,0.0054848283,0,16831.85,0,6.6190000000000015,0,-0.39220023,0,0.1521483957767486,0
2023-01-06,-0.00041768309769840695,0.0018615164,0,16950.65,0,50.675,0,0.30312714,0,0.199241816997528,0
2023-01-07,0.010874921873017529,0.006821364,0,16943.57,0,1.36,0,0.22546335,0,0.2160895466804504,0
2023-01-08,0.0029443309514396443,0.0038329,0,17127.83,0,40.77100000000001,0,-0.08097081,0,0.210124135017395,0
2023-01-09,0.015275120995956515,0.0060992045,0,17178.26,0,89.25900000000004,0,0.16010484,0,0.1937512755393982,0
2023-01-10,0.02881771676071887,0.015796807,0,17440.66,0,19.02000000000001,0,0.4322306,0,0.1737549006938934,0
2023-01-11,0.05034536644957499,0.023589307,0,17943.26,0,39.66199999999999,0,0.22925372,0,0.1479578912258148,0
2023-01-12,0.05748457813655716,0.041396257,0,18846.62,0,239.39899999999983,0,-0.3502289,0,0.1232616975903511,0
2023-01-13,0.0514254634092004,0.045724038,0,19930.01,0,130.96700000000004,0,0.95904636,0,0.1038397923111915,0
2023-01-14,-0.003980926674976515,0.014307824,0,20954.92,0,268.38099999999963,0,0.6536542,0,0.0936018824577331,0
2023-01-15,0.0150516254222266,0.020907667,0,20871.5,0,116.91700000000006,0,0.9366868,0,0.0920599699020385,0
2023-01-16,-0.0023997375582056613,-0.0007810404,0,21185.65,0,149.65699999999993,0,0.38033968,0,0.0950319617986679,0
2023-01-17,-0.02163918199406567,-0.0027907453,0,21134.81,0,182.93600000000004,0,0.7449939,0,0.0978205427527427,0
2023-01-18,0.019060358931726196,0.022435509,0,20677.47,0,248.43499999999992,0,0.44832885,0,0.0957996398210525,0
2023-01-19,0.07572375886205074,0.06784254,0,21071.59,0,60.80799999999995,0,-0.10914843,0,0.0889076739549636,0
2023-01-20,0.0051325240292035,0.0046265586,0,22667.21,0,78.40000000000002,0,1.1653999,0,0.0769485235214233,0
2023-01-21,-0.003321255906125198,0.0061074607,0,22783.55,0,150.03799999999995,0,1.4614488,0,0.0615057870745658,0
2023-01-22,0.009184917306239049,0.007983919,0,22707.88,0,105.04300000000016,0,0.7874445,0,0.0444507636129856,0
2023-01-23,-0.012373644259909389,-0.0064510982,0,22916.45,0,74.22600000000006,0,0.81563604,0,0.0284858010709285,0
2023-01-24,0.01891274158978362,0.012762827,0,22632.89,0,210.257,0,1.731353,0,0.0158899538218975,0
2023-01-25,-0.002224107083232396,0.007222417,0,23060.94,0,139.68400000000014,0,-0.42378294,0,0.0078013576567173,0
2023-01-26,0.0028036063130034705,0.012859105,0,23009.65,0,83.65499999999999,0,0.88972133,0,0.0028419345617294,0
2023-01-27,-0.0022345342148967218,0.001015706,0,23074.16,0,118.06400000000012,0,0.13043241,0,-0.0002318136394023,0
2023-01-28,0.03126058742279336,0.018372625,0,23022.6,0,46.09900000000003,0,-0.21137927,0,-0.0033315569162368,0
2023-01-29,-0.03858724723383988,-0.011144405,0,23742.3,0,50.568,0,0.5393003,0,-0.0078554488718509,0
2023-01-30,0.01309813525276926,0.010775475,0,22826.15,0,218.66099999999983,0,1.3537699,0,-0.0143812820315361,0
2023-01-31,0.026271419879585478,0.013223279,0,23125.13,0,79.79700000000003,0,0.7367226,0,-0.021690621972084,0
2023-02-01,-0.010269392474337113,-0.005113246,0,23732.66,0,91.80200000000008,0,0.6363346,0,-0.0288765206933021,0
2023-02-02,-0.002428376929737852,-0.002177999,0,23488.94,0,191.41700000000012,0,2.02881,0,-0.0366971865296363,0
2023-02-03,-0.004483631288969336,0.0034115599,0,23431.9,0,87.61400000000017,0,1.1705025,0,-0.0430206879973411,0
2023-02-04,-0.016887413811729313,-0.01125312,0,23326.84,0,49.69800000000005,0,0.26033208,0,-0.0462330058217048,0
2023-02-05,-0.007429933663019583,-0.008144282,0,22932.91,0,105.59900000000012,0,1.7840477,0,-0.041671834886074,0
2023-02-06,0.020996796488262248,0.014328377,0,22762.52,0,118.28800000000015,0,1.350441,0,-0.0232898890972137,0
2023-02-07,-0.011938662143520351,0.00010944111,0,23240.46,0,64.42800000000001,0,0.8222775,0,0.0117238946259021,0
2023-02-08,-0.05080564386186481,-0.03386206,0,22963.0,0,144.19300000000013,0,1.5456187,0,0.0528286099433898,0
2023-02-09,-0.007852690932197315,-0.0111771915,0,21796.35,0,389.8129999999999,0,0.6287953,0,0.0931696221232414,0
2023-02-10,0.01097608853378862,-0.0029562586,0,21625.19,0,77.70200000000006,0,0.96736616,0,0.1240827068686485,0
2023-02-11,-0.0036139425638820333,-0.0038044574,0,21862.55,0,6.885999999999998,0,-0.08892731,0,0.1389884501695633,0
2023-02-12,-0.0004393225343538587,-0.0026305676,0,21783.54,0,70.21800000000002,0,1.0040718,0,0.1400632262229919,0
2023-02-13,0.01955867487646934,0.010685756,0,21773.97,0,375.6499999999987,0,0.90825325,0,0.1247586533427238,0
2023-02-14,0.09568582476270104,0.05033579,0,22199.84,0,123.88700000000004,0,0.8767253,0,0.0923942029476165,0
2023-02-15,-0.033149496074872276,-0.0047663157,0,24324.05,0,81.96600000000002,0,1.1853895,0,0.0451723113656044,0
2023-02-16,0.04474285772600406,0.01998959,0,23517.72,0,351.8540000000001,0,0.71298033,0,-0.00497293099761,0
2023-02-17,0.002522591602675872,0.00057656923,0,24569.97,0,260.86899999999997,0,0.05354035,0,-0.0443873032927513,0
2023-02-18,-0.014622878010064233,0.0030958462,0,24631.95,0,52.09599999999998,0,-0.26835698,0,-0.0617474466562271,0
2023-02-19,0.02350220997570851,0.0132348,0,24271.76,0,106.14900000000009,0,1.1248436,0,-0.0617439374327659,0
2023-02-20,-0.01570070283630276,-0.0034169618,0,24842.2,0,179.3320000000001,0,1.19343,0,-0.0521885082125663,0
2023-02-21,-0.011039924489288477,0.0028169025,0,24452.16,0,266.7389999999998,0,1.2311186,0,-0.0411841794848442,0
2023-02-22,-0.01000777017485166,-0.0016729957,0,24182.21,0,322.2259999999997,0,2.2425268,0,-0.0342558771371841,0
2023-02-23,-0.031533153440656325,-0.009022687,0,23940.2,0,236.7219999999997,0,0.6443449,0,-0.0331265032291412,0
2023-02-24,-0.0012171510470647684,-0.0081586065,0,23185.29,0,283.21999999999906,0,1.2369539,0,-0.0353948920965194,0
2023-02-25,0.017177475388725716,0.005111917,0,23157.07,0,162.15499999999997,0,1.8684279,0,-0.0403047576546669,0
2023-02-26,-0.002664419429544207,-0.00026216684,0,23554.85,0,72.72700000000005,0,1.0570011,0,-0.0471780523657798,0
2023-02-27,-0.014920766947512987,-0.002659532,0,23492.09,0,167.3579999999999,0,1.9313575,0,-0.0541915670037269,0
2023-02-28,0.021061665219775483,0.01752888,0,23141.57,0,185.03100000000015,0,3.0113714,0,-0.0580123960971832,0
2023-03-01,-0.00692582029601807,-0.006771788,0,23628.97,0,264.066,0,-0.2779283,0,-0.0585684031248092,0
2023-03-02,-0.04734561471993559,-0.0188764,0,23465.32,0,116.55200000000008,0,0.4268542,0,-0.0923511460423469,0
2023-03-03,-0.0003475835117475734,-0.0016865367,0,22354.34,0,236.5529999999995,0,-1.3382977,0,-0.1038117334246635,0
2023-03-04,0.00374419877412957,0.00781024,0,22346.57,0,83.52900000000004,0,0.042679086,0,-0.0798858627676963,0
2023-03-05,-0.0009023532516817534,-0.0027090074,0,22430.24,0,41.579,0,0.14976454,0,-0.0192110612988472,0
2023-03-06,-0.009461847389558242,-0.0054691983,0,22410.0,0,117.793,0,0.7926341,0,0.0420800037682056,0
2023-03-07,-0.022187624448372745,-0.010161837,0,22197.96,0,118.74500000000012,0,1.3330612,0,0.0815599113702774,0
2023-03-08,-0.06188402538718396,-0.04632697,0,21705.44,0,176.0530000000002,0,2.398314,0,0.1343365311622619,0
2023-03-09,-0.010388356475865668,-0.009880939,0,20362.22,0,360.5349999999996,0,0.9471698,0,0.2322668135166168,0
2023-03-10,0.015137943167206735,0.011291193,0,20150.69,0,448.7819999999982,0,2.408815,0,0.3220182359218597,0
2023-03-11,0.07535199183798391,0.04933853,0,20455.73,0,270.6229999999999,0,0.5802058,0,0.3117889165878296,0
2023-03-12,0.09621127502658289,0.057054196,0,21997.11,0,148.13700000000003,0,0.1377903,0,0.225861519575119,0
2023-03-13,0.023096210086640312,0.026616734,0,24113.48,0,396.9369999999983,0,-0.77704847,0,0.1516717970371246,0
2023-03-14,-0.01559560623435119,0.014542932,0,24670.41,0,509.5899999999992,0,1.5265323,0,0.129604309797287,0
2023-03-15,0.02936383034267953,0.030307095,0,24285.66,0,376.0049999999992,0,-1.1483489,0,0.1171305179595947,0
2023-03-16,0.09585867790348179,0.05531715,0,24998.78,0,127.00700000000016,0,0.93857145,0,0.0916012227535247,0
2023-03-17,-0.017800244057976755,-8.420972e-05,0,27395.13,0,235.2069999999999,0,1.7883183,0,0.0497562177479267,0
2023-03-18,0.039594179910500626,0.032625157,0,26907.49,0,278.3869999999995,0,1.6704293,0,0.0179626010358333,0
2023-03-19,-0.009146719660871439,0.00254643,0,27972.87,0,114.88900000000002,0,0.52465916,0,0.0011286661028862,0
2023-03-20,0.014015220256441863,0.018753324,0,27717.01,0,260.23799999999954,0,1.9067599,0,-0.0059425458312034,0
2023-03-21,-0.030403334297558482,-0.0033353744,0,28105.47,0,140.6210000000001,0,1.5123149,0,-0.0073525048792362,0
2023-03-22,0.038326709104299805,0.028273296,0,27250.97,0,224.42699999999985,0,0.22091015,0,0.0002933591604232,0
2023-03-23,-0.029720014659621374,-0.012333282,0,28295.41,0,196.51999999999967,0,1.81561,0,0.0117284022271633,0
2023-03-24,0.0003088750210802349,0.014808863,0,27454.47,0,211.81799999999956,0,1.7799755,0,0.0235000159591436,0
2023-03-25,0.018392051837111456,0.021861393,0,27462.95,0,94.49700000000004,0,0.9430826,0,0.0335160195827484,0
2023-03-26,-0.030146542215134797,-0.014035093,0,27968.05,0,35.850000000000016,0,0.40304327,0,0.0353742688894271,0
2023-03-27,0.005019740157663266,0.0066971546,0,27124.91,0,200.8379999999995,0,1.3250539,0,0.0269932076334953,0
2023-03-28,0.03989315166279228,0.042178072,0,27261.07,0,119.06500000000024,0,0.814149,0,0.0133934766054153,0
2023-03-29,-0.011290504645732002,-0.0018121288,0,28348.6,0,62.99199999999998,0,-0.15526961,0,-0.0009920671582221,0
2023-03-30,0.015585191231934026,0.00994188,0,28028.53,0,143.46200000000016,0,-0.39045465,0,-0.0092010498046875,0
2023-03-31,-0.00044369718141634706,0.0057502063,0,28465.36,0,82.11900000000013,0,1.558392,0,-0.0073200389742851,0
2023-04-01,-0.0098711090289052,-0.0024278266,0,28452.73,0,39.784999999999954,0,0.8133504,0,0.0069450251758098,0
2023-04-02,-0.013200046713263913,-0.009039318,0,28171.87,0,78.55600000000001,0,2.0721452,0,0.0219850540161132,0
2023-04-03,0.013146402877697971,0.0067803487,0,27800.0,0,175.99300000000008,0,1.8487762,0,0.0333686247467994,0
2023-04-04,0.00016119028015504355,-0.0058601275,0,28165.47,0,83.72700000000009,0,1.4033538,0,0.0449764654040336,0
2023-04-05,-0.004834574073633635,-0.013604515,0,28170.01,0,100.308,0,0.16539837,0,0.0580625459551811,0
2023-04-06,-0.004547721288072681,-0.0003708126,0,28033.82,0,88.02700000000007,0,0.43425173,0,0.0680126324295997,0
2023-04-07,0.0011484849494720617,0.005681595,0,27906.33,0,27.792,0,0.5940991,0,0.0648810714483261,0
2023-04-08,0.013793927922807203,0.013365607,0,27938.38,0,25.71500000000001,0,1.2003373,0,0.0465933308005332,0
2023-04-09,0.046377317135860574,0.0192663,0,28323.76,0,27.50200000000002,0,0.94705606,0,0.0146505832672119,0
2023-04-10,0.01899900598366777,0.013853556,0,29637.34,0,62.06600000000003,0,1.1554551,0,-0.023182563483715,0
2023-04-11,-0.010342571394702404,0.0050952174,0,30200.42,0,132.71400000000008,0,1.9825786,0,-0.0562788844108581,0
2023-04-12,0.01625297317625396,0.007390938,0,29888.07,0,111.0050000000002,0,1.7936262,0,-0.0824498310685157,0
2023-04-13,0.003064808400913499,0.005135863,0,30373.84,0,44.139,0,-0.35093844,0,-0.1008461490273475,0
2023-04-14,-0.005640213831849872,0.0021310286,0,30466.93,0,180.5209999999999,0,0.90816337,0,-0.1083941534161567,0
2023-04-15,0.0003155626868909245,0.008297503,0,30295.09,0,20.031999999999975,0,3.1232698,0,-0.1149949058890342,0
2023-04-16,-0.028852997807267244,-0.006872721,0,30304.65,0,35.298999999999985,0,0.68655443,0,-0.1187211498618125,0
2023-04-17,0.03227085582293321,0.0032330705,0,29430.27,0,148.61200000000017,0,2.4271407,0,-0.1116962358355522,0
2023-04-18,-0.05210366948529643,-0.026152521,0,30380.01,0,168.63899999999995,0,2.548204,0,-0.0869044288992881,0
2023-04-19,-0.019218949130294316,-0.015733872,0,28797.1,0,209.15700000000027,0,0.19669192,0,-0.041886419057846,0
2023-04-20,-0.03472674388756414,-0.018471997,0,28243.65,0,182.5999999999999,0,-0.26902223,0,0.0115311741828918,0
2023-04-21,0.020321067064179577,-0.0065019783,0,27262.84,0,208.92600000000007,0,1.043985,0,0.0528640709817409,0
2023-04-22,-0.0081335593354388,-0.007075729,0,27816.85,0,36.64300000000001,0,-1.18372,0,0.0667451843619346,0
2023-04-23,-0.002887577653258644,0.0052289963,0,27590.6,0,67.75000000000006,0,-0.4681003,0,0.0542311146855354,0
2023-04-24,0.02871077059190652,0.013090087,0,27510.93,0,142.4620000000002,0,0.17902614,0,0.0271574407815933,0
2023-04-25,0.004045823455811615,0.0010494336,0,28300.79,0,49.433000000000085,0,-0.080929354,0,-0.0006060823798179,0
2023-04-26,0.03721517535101704,0.014086888,0,28415.29,0,357.0509999999996,0,-0.17021136,0,-0.0214229300618171,0
2023-04-27,-0.005465044513970008,-0.0130996695,0,29472.77,0,155.38100000000009,0,1.0552665,0,-0.0319725200533866,0
2023-04-28,-0.002771930662499922,-0.0018384899,0,29311.7,0,54.92500000000001,0,-0.6655234,0,-0.032818928360939,0
2023-04-29,9.442208382015593e-05,-0.0050501586,0,29230.45,0,16.669999999999995,0,0.8734366,0,-0.0274895578622818,0
2023-04-30,-0.039850225137779915,-0.03069529,0,29233.21,0,75.08700000000005,0,1.0806834,0,-0.020770713686943,0
2023-05-01,0.02143346256590184,0.0076462775,0,28068.26,0,346.4549999999992,0,0.95339596,0,-0.0166908726096153,0
2023-05-02,0.012427685381093623,0.010663912,0,28669.86,0,64.91000000000003,0,1.816571,0,-0.0160664767026901,0
2023-05-03,-0.006476915995777599,-0.0024651196,0,29026.16,0,108.42600000000006,0,-0.17102765,0,-0.0250834003090858,0
2023-05-04,0.023144680520532646,0.012179846,0,28838.16,0,53.94200000000003,0,0.90933293,0,-0.0382080525159835,0
2023-05-05,-0.02228084760830229,-0.001283264,0,29505.61,0,59.79200000000005,0,1.8950771,0,-0.0517989099025726,0
2023-05-06,-0.01449310528906489,-0.00898766,0,28848.2,0,144.83300000000006,0,0.39455777,0,-0.0542981773614883,0
2023-05-07,-0.02677830890499855,-0.015486596,0,28430.1,0,63.784000000000006,0,1.2093704,0,-0.0499333217740058,0
2023-05-08,-0.0014644659199046783,-0.0032935897,0,27668.79,0,291.88499999999965,0,1.4573641,0,-0.0412690564990043,0
2023-05-09,-0.0010684708090662465,-0.0085579995,0,27628.27,0,74.11500000000001,0,0.54989904,0,-0.0307278409600257,0
2023-05-10,-0.02283183115177323,-0.013989614,0,27598.75,0,221.9069999999997,0,0.29508805,0,-0.0222896859049797,0
2023-05-11,-0.0064374817843849685,-0.0025735507,0,26968.62,0,168.45900000000023,0,0.4827295,0,-0.0158106312155723,0
2023-05-12,-0.0007363311303112408,-0.00035744044,0,26795.01,0,168.9499999999997,0,-0.58822274,0,-0.0122999250888824,0
2023-05-13,0.005316097534741049,0.0009887553,0,26775.28,0,40.743,0,0.06634486,0,-0.0115763358771801,0
2023-05-14,0.009084012628159499,0.00050834497,0,26917.62,0,31.205000000000023,0,2.0776448,0,-0.0177797004580497,0
2023-05-15,-0.0047234864410535815,-0.00058800925,0,27162.14,0,58.83500000000002,0,1.6785713,0,-0.0186442583799362,0
2023-05-16,0.013752023389943968,-0.0046517802,0,27033.84,0,54.33100000000004,0,1.0658003,0,-0.0163607150316238,0
2023-05-17,-0.021321546938747327,-0.009262346,0,27405.61,0,74.77700000000006,0,1.7230598,0,-0.013305626809597,0
2023-05-18,0.0021990001968585915,-0.008592641,0,26821.28,0,142.95700000000016,0,0.5415745,0,-0.0078496187925338,0
2023-05-19,0.008265173030320483,0.0021624444,0,26880.26,0,83.43400000000005,0,0.41212726,0,0.0013941563665866,0
2023-05-20,-0.013085542514084558,0.00016968427,0,27102.43,0,7.732999999999998,0,1.4068844,0,0.0118278712034225,0
2023-05-21,0.0037943335858154903,0.0025129905,0,26747.78,0,45.41300000000003,0,0.5616483,0,0.0214198511093854,0
2023-05-22,0.013793298663241194,-0.00039815623,0,26849.27,0,69.1950000000001,0,0.9119346,0,0.0297253169119358,0
2023-05-23,-0.03271905806144915,-0.0053330143,0,27219.61,0,40.949999999999974,0,1.3008044,0,0.0353955551981925,0
2023-05-24,0.005498877473934849,-0.0060678585,0,26329.01,0,175.64000000000004,0,0.5627046,0,0.0360545180737972,0
2023-05-25,0.008768294981564617,0.0017544609,0,26473.79,0,156.94399999999982,0,0.6452646,0,0.0286142099648714,0
2023-05-26,0.005554948116372804,-0.004902721,0,26705.92,0,40.752000000000024,0,1.0725596,0,0.0132816806435585,0
2023-05-27,0.04508519501740316,0.0038245334,0,26854.27,0,18.498000000000008,0,0.5061618,0,-0.0040397942066192,0
2023-05-28,-0.011708533760912077,-0.003168863,0,28065.0,0,24.822000000000003,0,-0.14876355,0,-0.0192455425858497,0
2023-05-29,-0.0015142556351941394,-0.008177742,0,27736.4,0,122.35100000000013,0,0.8036671,0,-0.0310806259512901,0
2023-05-30,-0.017478262753480966,-0.0034889209,0,27694.4,0,78.12500000000001,0,0.033918247,0,-0.0387707278132438,0
2023-05-31,-0.014421718206491185,-0.003258537,0,27210.35,0,115.35600000000012,0,-0.4085558,0,-0.0426623076200485,0
2023-06-01,0.01583492834831035,-0.0036414722,0,26817.93,0,94.18900000000004,0,-0.11064805,0,-0.0448131635785102,0
2023-06-02,-0.006363932357385971,-0.0058840737,0,27242.59,0,42.294999999999995,0,0.53993446,0,-0.0456746742129325,0
2023-06-03,0.001698977658018963,-0.0066673057,0,27069.22,0,31.909,0,0.88970494,0,-0.0392980948090553,0
2023-06-04,-0.05115247125137512,-0.0121710915,0,27115.21,0,22.024000000000004,0,0.03183724,0,-0.0309915468096733,0
2023-06-05,0.05837485716062529,0.006558733,0,25728.2,0,478.5419999999994,0,0.7250886,0,-0.0265850350260734,0
2023-06-06,-0.0327116189155523,-0.011394048,0,27230.08,0,81.51100000000017,0,0.5439745,0,-0.0273214876651763,0
2023-06-07,0.006046848554291717,-0.0018904589,0,26339.34,0,290.2259999999993,0,0.13929427,0,-0.0265904515981674,0
2023-06-08,-0.000784946833060296,-0.005230824,0,26498.61,0,69.07600000000002,0,-0.23115598,0,-0.0182076171040534,0
2023-06-09,-0.024042773930321393,-0.00034512975,0,26477.81,0,40.693000000000005,0,0.4739172,0,-0.0022724419832229,0
2023-06-10,0.003263779056785765,0.0018941184,0,25841.21,0,276.57699999999943,0,0.01847826,0,0.0180664211511611,0
2023-06-11,-0.0007853256729365432,-0.008497694,0,25925.55,0,53.428,0,0.42901593,0,0.0479825921356678,0
2023-06-12,0.0011217829323004747,0.0019760332,0,25905.19,0,49.54299999999999,0,1.0737491,0,0.0933933854103088,0
2023-06-13,-0.03106509731339835,-0.010223008,0,25934.25,0,95.40200000000009,0,0.69054186,0,0.1464025229215622,0
2023-06-14,0.018699410233757652,-0.0035539337,0,25128.6,0,79.63000000000004,0,0.021071747,0,0.1840681135654449,0
2023-06-15,0.029162266993092212,0.0065465863,0,25598.49,0,95.84800000000004,0,-0.5761461,0,0.1978881061077118,0
2023-06-16,0.006528373505409135,-0.003105795,0,26345.0,0,53.83900000000002,0,0.18835731,0,0.1982263922691345,0
2023-06-17,-0.006675719981792838,-0.0017584483,0,26516.99,0,25.797000000000004,0,1.0120246,0,0.1816625595092773,0
2023-06-18,0.019148844892382,0.0046714707,0,26339.97,0,32.32699999999999,0,-0.7294898,0,0.1526840031147003,0
2023-06-19,0.05452320506922326,0.007736648,0,26844.35,0,141.40300000000002,0,0.25700945,0,0.1138414219021797,0
2023-06-20,0.0595556236949355,0.018018859,0,28307.99,0,227.34999999999977,0,0.6996894,0,0.0705511420965194,0
2023-06-21,-0.003633073269255882,-0.0025496718,0,29993.89,0,141.6839999999999,0,-0.7757611,0,0.0308302082121372,0
2023-06-22,0.026889146766998273,0.014262873,0,29884.92,0,99.08600000000004,0,0.9708899,0,0.0046363621950149,0
2023-06-23,-0.005248545872232224,0.0008854612,0,30688.5,0,91.56099999999996,0,0.7492118,0,-0.004224132746458,0
2023-06-24,-0.002121698420076701,-0.009757635,0,30527.43,0,54.18799999999995,0,0.35308933,0,-7.630884647369385e-05,0
2023-06-25,-0.0063904465335593574,-0.006521147,0,30462.66,0,82.82200000000016,0,0.28728652,0,0.0083180293440818,0
2023-06-26,0.014023065291087988,-0.010140698,0,30267.99,0,113.1980000000002,0,1.4059833,0,0.0152655616402626,0
2023-06-27,-0.020038485047132126,-0.008683352,0,30692.44,0,46.666999999999966,0,-0.9598832,0,0.0187222398817539,0
2023-06-28,0.012298266373334643,0.0011963304,0,30077.41,0,137.9670000000001,0,0.6278812,0,0.0161669962108135,0
2023-06-29,0.0008109090753829484,-0.0047821593,0,30447.31,0,34.10400000000001,0,-1.0439024,0,0.0113662965595722,0
2023-06-30,0.003737857705434555,0.0047553796,0,30472.0,0,141.12800000000018,0,1.0424336,0,0.0066888108849525,0
2023-07-01,0.00101778924275564,0.005463357,0,30585.9,0,12.227999999999993,0,-0.20435683,0,0.0025298558175563,0
2023-07-02,0.017610133967925767,0.0014126841,0,30617.03,0,37.11200000000002,0,0.43754756,0,-0.0003956705331802,0
2023-07-03,-0.012507622880839175,-0.009133904,0,31156.2,0,33.83599999999999,0,1.502241,0,-0.0012270063161849,0
2023-07-04,-0.008506002143239377,-0.0057999133,0,30766.51,0,64.40699999999998,0,1.8239721,0,-0.0007721446454524,0
2023-07-05,-0.019976521735424746,-0.004964939,0,30504.81,0,74.96700000000003,0,0.18443938,0,0.0005574822425842,0
2023-07-06,0.015028049437656454,0.001766293,0,29895.43,0,195.1979999999999,0,0.6030143,0,0.0023213885724544,0
2023-07-07,-0.001979587868721766,0.0008387934,0,30344.7,0,41.74900000000001,0,-1.1166536,0,0.0039852857589721,0
2023-07-08,-0.004091844608965056,-0.000827109,0,30284.63,0,36.369,0,-0.033832178,0,0.0017956979572772,0
2023-07-09,0.008317443455409412,0.0004746999,0,30160.71,0,26.786999999999995,0,1.9193307,0,-0.0008100494742393,0
2023-07-10,0.006922694224599457,-0.0027908364,0,30411.57,0,65.58399999999997,0,1.4240031,0,-0.0038494877517223,0
2023-07-11,-0.007906054777431892,-0.0013793139,0,30622.1,0,32.415000000000006,0,0.5666406,0,-0.006940022110939,0
2023-07-12,0.03535977616853181,0.0045433086,0,30380.0,0,68.243,0,0.28353894,0,-0.0107987523078918,0
2023-07-13,-0.036313716787853334,-0.0043328344,0,31454.23,0,111.86000000000011,0,-0.26368278,0,-0.0154984816908836,0
2023-07-14,-0.0007419501379155591,-0.0022445016,0,30312.01,0,175.80100000000004,0,-0.3082053,0,-0.017017513513565,0
2023-07-15,-0.0018993368003190625,0.0030228975,0,30289.52,0,12.600999999999996,0,-0.35568535,0,-0.0183349028229713,0
2023-07-16,-0.0031089584245033164,-0.003918182,0,30231.99,0,38.69500000000001,0,1.5652677,0,-0.0187656581401824,0
2023-07-17,-0.009253102395646695,-0.0031026066,0,30138.0,0,209.6420000000001,0,0.32450968,0,-0.0188662111759185,0
2023-07-18,0.0016772089474810237,0.0034724826,0,29859.13,0,75.03800000000007,0,-0.40631998,0,-0.0186632499098777,0
2023-07-19,-0.003651383637347849,-0.0019376066,0,29909.21,0,55.97299999999999,0,0.23685959,0,-0.0187416523694992,0
2023-07-20,0.003413422818792089,-0.002189355,0,29800.0,0,68.06999999999996,0,0.22147861,0,-0.0175998732447624,0
2023-07-21,-0.0036024683529910506,-0.0045736274,0,29901.72,0,23.56099999999998,0,1.2112081,0,-0.0162196606397628,0
2023-07-22,0.009725112438746075,-0.007310381,0,29794.0,0,25.45500000000001,0,1.1257885,0,-0.0151405557990074,0
2023-07-23,-0.03015747704325422,-0.010994106,0,30083.75,0,60.741,0,1.5340201,0,-0.0129136368632316,0
2023-07-24,0.001796308673075897,-0.0034109082,0,29176.5,0,97.13900000000014,0,0.82436764,0,-0.0102233812212944,0
2023-07-25,0.0042098730332400525,0.0021859014,0,29228.91,0,19.647999999999993,0,0.30427924,0,-0.0071271657943725,0
2023-07-26,-0.004401068957575638,-0.0019740558,0,29351.96,0,59.564,0,0.0023448616,0,-0.0050853490829467,0
2023-07-27,0.003126328159059444,0.0005364346,0,29222.78,0,49.354000000000006,0,-0.84436613,0,-0.0050481930375099,0
2023-07-28,0.0013222287947045608,-0.008088764,0,29314.14,0,26.66200000000001,0,-0.12868457,0,-0.0032755807042121,0
2023-07-29,-0.0024464362976061027,-0.010966296,0,29352.9,0,4.681,0,0.3938458,0,-0.0061034932732582,0
2023-07-30,-0.0016679706937139382,-0.0053739636,0,29281.09,0,41.939,0,0.2606488,0,-0.0078338235616683,0
2023-07-31,0.01620607377126304,-0.0026041903,0,29232.25,0,35.20900000000002,0,1.6083056,0,-0.009082555770874,0
2023-08-01,-0.01750421379661149,-0.0057007065,0,29705.99,0,56.54299999999997,0,-0.20117421,0,-0.0093913190066814,0
2023-08-02,0.00026142662186434684,-0.0044274493,0,29186.01,0,115.591,0,0.08193399,0,-0.0093756839632987,0
2023-08-03,-0.002728333979592712,-0.005829422,0,29193.64,0,40.97700000000002,0,1.2264605,0,-0.0028430819511413,0
2023-08-04,-0.0014377967430778682,-0.0067568067,0,29113.99,0,55.77300000000001,0,-0.9352766,0,0.001870684325695,0
2023-08-05,0.0005603304608226001,-0.0028065178,0,29072.13,0,20.45300000000001,0,-0.40289724,0,0.0091118179261684,0
2023-08-06,0.004216110740975276,-0.0026974194,0,29088.42,0,14.488,0,1.713658,0,0.0095043219625949,0
2023-08-07,0.019148911405474367,-0.0063016517,0,29211.06,0,90.62900000000002,0,0.77717733,0,-0.0011575333774089,0
2023-08-08,-0.006329437072100319,-0.010885377,0,29770.42,0,36.495,0,0.30071467,0,-0.0233526155352592,0
2023-08-09,-0.0042674613844437825,-0.009812611,0,29581.99,0,73.09499999999998,0,-0.20593183,0,-0.0470088124275207,0
2023-08-10,-0.0010089710837443144,-0.0059628687,0,29455.75,0,29.55699999999999,0,2.0464237,0,-0.0714847892522811,0
2023-08-11,0.0001406917616817438,-0.0054700477,0,29426.03,0,19.893,0,-0.9349648,0,-0.0939443930983543,0
2023-08-12,-0.004292533818187172,-0.0025408065,0,29430.17,0,1.7149999999999994,0,-0.59987783,0,-0.1111468598246574,0
2023-08-13,0.004336974266853755,-0.0006561165,0,29303.84,0,39.98900000000001,0,0.07227157,0,-0.1187106445431709,0
2023-08-14,-0.007846507059070196,-0.0055471286,0,29430.93,0,119.91100000000004,0,-0.28554583,0,-0.1130594089627265,0
2023-08-15,-0.016078424657534285,-0.014845925,0,29200.0,0,65.55400000000002,0,0.12782414,0,-0.0999303236603736,0
2023-08-16,-0.07334015302895769,-0.01787237,0,28730.51,0,112.72900000000008,0,0.09041317,0,-0.0790235921740531,0
2023-08-17,-0.0213875683092436,-0.01488472,0,26623.41,0,773.5659999999993,0,0.32353747,0,-0.0550955459475517,0
2023-08-18,0.001765947647194288,-0.00897115,0,26054.0,0,191.352,0,1.284712,0,-0.0290625914931297,0
2023-08-19,0.003447508257659715,-0.010574421,0,26100.01,0,61.06200000000004,0,1.445274,0,-0.0082255490124225,0
2023-08-20,-0.0024081719771562593,-0.007238929,0,26189.99,0,24.262000000000008,0,1.2333342,0,0.0065058320760726,0
2023-08-21,-0.0027144416563451568,-0.005099684,0,26126.92,0,102.61700000000005,0,-0.2944759,0,0.015387088060379,0
2023-08-22,0.014458090267116974,-0.0032468524,0,26056.0,0,81.541,0,-0.5243585,0,0.0197602529078722,0
2023-08-23,-0.009558985984038038,-0.003091053,0,26432.72,0,107.6620000000001,0,-0.01884909,0,0.0209005698561668,0
2023-08-24,-0.0045851707693453925,-0.0039585694,0,26180.05,0,87.49399999999997,0,1.9231508,0,0.0178033709526062,0
2023-08-25,-0.0016362234703670708,-0.001405516,0,26060.01,0,102.0890000000001,0,0.5467031,0,0.0116399526596069,0
2023-08-26,0.003243986613558514,-0.003023531,0,26017.37,0,1.211,0,0.50232226,0,0.0011334791779518,0
2023-08-27,0.0006984200688304742,0.00013593212,0,26101.77,0,8.585,0,0.72365373,0,-0.0107345096766948,0
2023-08-28,0.061115620214395205,0.006894996,0,26120.0,0,37.966999999999985,0,0.83219707,0,-0.0218265578150749,0
2023-08-29,-0.015021824670934159,-0.0027961982,0,27716.34,0,143.96200000000002,0,0.14588796,0,-0.0286211967468261,0
2023-08-30,-0.04978793032524931,-0.02271085,0,27299.99,0,75.10000000000005,0,0.35074705,0,-0.0291481390595436,0
2023-08-31,-0.005232302189833948,-0.0076484787,0,25940.78,0,141.58800000000005,0,-1.5801281,0,-0.0234359130263328,0
2023-09-01,0.002497960670488908,0.004930569,0,25805.05,0,121.20900000000002,0,-0.5230826,0,-0.0143782421946525,0
2023-09-02,0.003931268895313478,-0.0035427758,0,25869.51,0,25.457000000000008,0,-0.8564584,0,-0.0106770172715187,0
2023-09-03,-0.005590421085501895,-0.0020386653,0,25971.21,0,16.675,0,-0.3475237,0,-0.013591356575489,0
2023-09-04,-0.0013134040785224288,0.00070457323,0,25826.02,0,50.014999999999986,0,-0.22605191,0,-0.016388215124607,0
2023-09-05,-0.0012465057129895651,-0.0077497344,0,25792.1,0,42.517,0,0.65063745,0,-0.0135272964835166,0
2023-09-06,0.01921781680476853,0.0003848445,0,25759.95,0,73.81100000000005,0,0.6501663,0,-0.0059543997049331,0
2023-09-07,-0.01312131022662355,-0.0023385112,0,26255.0,0,26.385999999999992,0,1.7153343,0,0.0057570710778236,0
2023-09-08,-0.0003431041469674767,-0.003547449,0,25910.5,0,47.027000000000015,0,1.6380454,0,0.0202770754694938,0
2023-09-09,-0.002316458320544501,-0.0030552412,0,25901.61,0,1.5159999999999996,0,-0.3720429,0,0.032376330345869,0
2023-09-10,-0.026278935406888304,-0.0033915043,0,25841.61,0,152.684,0,0.09332563,0,0.039079051464796,0
2023-09-11,0.026928145511657675,-0.001374138,0,25162.52,0,131.07100000000034,0,0.8597639,0,0.0380042269825935,0
2023-09-12,0.01477935456906132,0.0010043617,0,25840.1,0,87.27900000000007,0,-1.4288596,0,0.0297594927251338,0
2023-09-13,0.011468614140797806,0.0026058117,0,26222.0,0,46.609,0,-0.90119016,0,0.0193300768733024,0
2023-09-14,0.0029133501717206745,0.000771436,0,26522.73,0,50.97499999999996,0,-0.026049957,0,0.0105975717306137,0
2023-09-15,-0.001516165413533943,-0.0014086014,0,26600.0,0,62.415000000000006,0,-0.26757997,0,0.0006843358278274,0
2023-09-16,-0.0012108584180451354,-0.0010929289,0,26559.67,0,43.53199999999999,0,0.13934676,0,-0.0027550682425498,0
2023-09-17,0.00885872816559119,-0.002756455,0,26527.51,0,48.84400000000001,0,0.22075564,0,-0.0037332475185394,0
2023-09-18,0.016730493514995448,-0.004507906,0,26762.51,0,101.45700000000004,0,0.31642193,0,-0.0017711594700813,0
2023-09-19,-0.0031333768953327734,-0.0039077075,0,27210.26,0,113.07600000000016,0,1.1786262,0,0.0037187114357948,0
2023-09-20,-0.020531612903225693,-0.00785384,0,27125.0,0,99.5110000000001,0,0.16518132,0,0.0116291157901287,0
2023-09-21,0.00045392817245337724,-0.007987101,0,26568.08,0,140.749,0,0.62129897,0,0.0238426029682159,0
2023-09-22,-0.00015726027026197187,-0.0067953398,0,26580.14,0,19.097000000000005,0,0.9950851,0,0.0422101840376853,0
2023-09-23,-0.012326177492741452,-0.00012853905,0,26575.96,0,2.944,0,0.44075805,0,0.0523566976189613,0
2023-09-24,0.0021498469619840588,0.00034827844,0,26248.38,0,34.07900000000001,0,0.14249474,0,0.0536035373806953,0
2023-09-25,-0.0031606386816709353,-0.005376344,0,26304.81,0,61.08199999999998,0,-0.0042960644,0,0.0489833950996398,0
2023-09-26,0.005770799495226742,-0.0019194034,0,26221.67,0,36.758,0,0.27053076,0,0.042758971452713,0
2023-09-27,0.024585759900564774,0.0004309421,0,26372.99,0,53.50800000000002,0,0.14289548,0,0.0401882268488407,0
2023-09-28,-0.004234793250828317,-0.00019904692,0,27021.39,0,66.89100000000003,0,0.7225196,0,0.035406332463026,0
2023-09-29,0.002066379851161315,-0.0021051106,0,26906.96,0,76.06100000000002,0,0.3125497,0,0.0285316072404384,0
2023-09-30,0.03820149125305594,-0.00041534437,0,26962.56,0,8.131999999999998,0,0.15219845,0,0.0201973393559455,0
2023-10-01,-0.017792578530660186,-0.00071652775,0,27992.57,0,17.244000000000003,0,-0.23604564,0,0.0121158510446548,0
2023-10-02,-0.0024750395624435484,-0.004175106,0,27494.51,0,218.82399999999987,0,-0.14684902,0,0.0033171214163303,0
2023-10-03,0.012838332034101452,0.0026262074,0,27426.46,0,62.40100000000002,0,0.059779152,0,-0.0047364868223667,0
2023-10-04,-0.013254101993011136,-0.0057353186,0,27778.57,0,40.61900000000005,0,-0.25067353,0,-0.0169655308127403,0
2023-10-05,0.01899644623808716,0.0020914667,0,27410.39,0,110.82300000000006,0,-0.5415802,0,-0.0188250169157981,0
2023-10-06,0.0009158253401495564,0.008226103,0,27931.09,0,71.84500000000001,0,0.16640626,0,-0.0148926526308059,0
2023-10-07,-0.0014171931063320375,0.0044908184,0,27956.67,0,13.193999999999996,0,1.5563699,0,-0.0036109872162342,0
2023-10-08,-0.01171076456860598,-0.0033893099,0,27917.05,0,22.317000000000004,0,1.4976687,0,0.0087668970227241,0
2023-10-09,-0.007248971733359588,0.0023833592,0,27590.12,0,104.23100000000018,0,0.3719982,0,0.0211348328739404,0
2023-10-10,-0.018787796475517426,-0.0053385035,0,27390.12,0,78.31300000000002,0,0.27259868,0,0.0325744487345218,0
2023-10-11,-0.004312102612340163,-0.00050795573,0,26875.52,0,180.0580000000001,0,0.6523651,0,0.0458336099982261,0
2023-10-12,0.0038255386939205493,-0.0029256807,0,26759.63,0,71.54700000000003,0,-0.19892077,0,0.0596458986401557,0
2023-10-13,-0.00035440399076769324,-0.0006331209,0,26862.0,0,55.79300000000004,0,-0.73735833,0,0.0685033574700355,0
2023-10-14,0.011234344090378379,0.004538943,0,26852.48,0,3.5899999999999994,0,-0.05348514,0,0.0722065493464469,0
2023-10-15,0.04959205130707445,0.007097491,0,27154.15,0,32.515000000000015,0,0.15839525,0,0.0861020982265472,0
2023-10-16,-0.003679548419376566,0.003996864,0,28500.78,0,144.64800000000014,0,0.3799826,0,0.1094742491841316,0
2023-10-17,-0.00267327231280845,0.003636111,0,28395.91,0,159.93699999999993,0,-0.17445163,0,0.1357028186321258,0
2023-10-18,0.013902189265536657,-0.0006644655,0,28320.0,0,72.0570000000001,0,-0.3276418,0,0.1514031887054443,0
2023-10-19,0.0332708660775638,0.0072569507,0,28713.71,0,61.831,0,-0.81871617,0,0.15341717004776,0
2023-10-20,0.00811485642946308,0.0018775882,0,29669.04,0,87.13600000000027,0,-0.87440073,0,0.1434458643198013,0
2023-10-21,0.002763642685674972,0.0049042823,0,29909.8,0,61.400000000000006,0,-0.37603414,0,0.126918077468872,0
2023-10-22,0.10261012267749958,0.035056375,0,29992.46,0,49.710999999999984,0,0.2791631,0,0.1055339723825454,0
2023-10-23,0.02578591647593509,0.021411413,0,33069.99,0,211.96900000000016,0,0.97569036,0,0.0816581919789314,0
2023-10-24,0.0169007624091575,0.018540293,0,33922.73,0,278.72999999999973,0,1.8641491,0,0.0597427003085613,0
2023-10-25,-0.009983461874620403,0.0040395427,0,34496.05,0,110.89700000000003,0,0.5100627,0,0.0423988439142704,0
2023-10-26,-0.007602558704320916,-0.0026539853,0,34151.66,0,195.412,0,0.8713068,0,0.0278528295457363,0
2023-10-27,0.005575943835746777,0.0032364945,0,33892.02,0,89.315,0,0.8332211,0,0.0184418447315692,0
2023-10-28,0.013053901000557477,-0.0024389676,0,34081.0,0,23.085,0,1.166678,0,0.0141469351947307,0
2023-10-29,-0.0014817865665446295,0.0002475452,0,34525.89,0,30.91600000000001,0,0.8230064,0,0.0152610354125499,0
2023-10-30,0.004787274621149917,-0.0035349824,0,34474.73,0,155.57500000000005,0,1.2859577,0,0.019777650013566,0
2023-10-31,0.022565392322177802,0.008525084,0,34639.77,0,70.80300000000013,0,1.4795083,0,0.0275606997311115,0
2023-11-01,-0.013546601591183705,-0.0051198853,0,35421.43,0,92.165,0,1.9812988,0,0.0358637496829032,0
2023-11-02,-0.006433880083877019,0.0035905703,0,34941.59,0,142.80099999999985,0,-0.18809597,0,0.0454013235867023,0
2023-11-03,0.009945910882288134,0.0025345716,0,34716.78,0,182.24199999999956,0,1.1003969,0,0.0545705892145633,0
2023-11-04,-0.0014314614054447006,-0.002568643,0,35062.07,0,20.87800000000001,0,1.1691896,0,0.0618282780051231,0
2023-11-05,0.00097709691681791,-0.0072713643,0,35011.88,0,76.20400000000011,0,1.338238,0,0.063928335905075,0
2023-11-06,0.010073306323187703,-0.005039037,0,35046.09,0,76.17500000000013,0,0.58594334,0,0.0592208951711654,0
2023-11-07,0.006373039781779832,0.00018669921,0,35399.12,0,104.4200000000001,0,1.0462979,0,0.0472323074936866,0
2023-11-08,0.030214132209319677,0.011098993,0,35624.72,0,49.31300000000002,0,1.063705,0,0.0298775285482406,0
2023-11-09,0.016363001752808914,0.006047189,0,36701.09,0,183.82399999999953,0,2.1497755,0,0.0111383758485317,0
2023-11-10,-0.004601139414014854,0.0042357747,0,37301.63,0,86.83000000000003,0,-0.81437624,0,-0.0062733106315135,0
2023-11-11,-0.0017740371667116506,-0.0009869982,0,37130.0,0,77.47900000000006,0,0.07929774,0,-0.0152351781725883,0
2023-11-12,-0.016220534516795504,-0.016891811,0,37064.13,0,104.51600000000003,0,1.4071279,0,-0.0179554745554924,0
2023-11-13,-0.025004573137704433,-0.019551542,0,36462.93,0,150.11399999999992,0,0.2427528,0,-0.0143951326608657,0
2023-11-14,0.06489262384747163,0.0017263619,0,35551.19,0,133.23700000000017,0,0.6921996,0,-0.0078244246542453,0
2023-11-15,-0.044764146208747246,-0.023827191,0,37858.2,0,72.82400000000003,0,1.2256998,0,0.0011139288544654,0
2023-11-16,0.012454819789339933,0.0014146115,0,36163.51,0,336.803999999999,0,1.5756923,0,0.010081797838211,0
2023-11-17,-0.0012514366120863762,-0.0066583613,0,36613.92,0,125.08900000000013,0,1.036384,0,0.0172544084489345,0
2023-11-18,0.021651658139197894,0.003619242,0,36568.1,0,58.789,0,0.82983834,0,0.0211136192083358,0
2023-11-19,0.0023800945720888755,-0.0030494202,0,37359.86,0,31.319999999999997,0,1.4087576,0,0.0227598622441291,0
2023-11-20,-0.04558573069670091,-0.020968247,0,37448.78,0,78.64300000000007,0,1.2344829,0,0.0225768536329269,0
2023-11-21,0.046631590875071405,0.010111662,0,35741.65,0,371.69099999999895,0,1.2818701,0,0.0210205130279064,0
2023-11-22,-0.003049052697874255,-0.0042353985,0,37408.34,0,54.658000000000094,0,1.2922735,0,0.0203141048550605,0
2023-11-23,0.011242742854936427,0.0022499282,0,37294.28,0,60.86499999999998,0,1.8293797,0,0.0211003273725509,0
2023-11-24,0.001779200431038408,-0.00072253647,0,37713.57,0,68.937,0,1.7811217,0,0.0258173868060112,0
2023-11-25,-0.008820383545342092,0.0023274117,0,37780.67,0,5.678999999999998,0,0.7700838,0,0.0345484651625156,0
2023-11-26,-0.005467130855174918,0.0051307688,0,37447.43,0,51.869000000000035,0,0.9734198,0,0.0479028597474098,0
2023-11-27,0.0154706828452289,8.061866e-05,0,37242.7,0,103.7970000000001,0,1.4003066,0,0.0658437013626098,0
2023-11-28,0.0009458241348827556,-0.00087772426,0,37818.87,0,85.94600000000001,0,2.4408212,0,0.0886257886886596,0
2023-11-29,-0.0034521527611939273,-0.00897202,0,37854.64,0,87.24900000000004,0,2.1007044,0,0.1126264631748199,0
2023-11-30,0.025409845625962824,0.0039352425,0,37723.96,0,48.22900000000005,0,2.7353354,0,0.1313670128583908,0
2023-12-01,0.019849534104810163,0.009936794,0,38682.52,0,51.462,0,2.8653378,0,0.1360825300216674,0
2023-12-02,0.013229540422328379,0.01088657,0,39450.35,0,27.756000000000007,0,1.377,0,0.1226798519492149,0
2023-12-03,0.05050602592898157,0.020228565,0,39972.26,0,53.07400000000004,0,0.8307058,0,0.089567519724369,0
2023-12-04,0.04958717442505667,0.023935677,0,41991.1,0,115.84200000000028,0,2.6120543,0,0.0412675216794014,0
2023-12-05,-0.007048028149456376,-0.00082417944,0,44073.32,0,114.91000000000015,0,-0.30033422,0,-0.0100081041455268,0
2023-12-06,-0.011186469570312108,-0.001926003,0,43762.69,0,205.7269999999989,0,-0.32521248,0,-0.0458161905407905,0
2023-12-07,0.02074843655902936,0.006496041,0,43273.14,0,177.93599999999975,0,0.1258641,0,-0.0604204908013343,0
2023-12-08,-0.010354986383596998,-0.0059969225,0,44170.99,0,38.39500000000001,0,1.0300467,0,-0.0567173883318901,0
2023-12-09,0.0017365305076681992,-0.012568708,0,43713.6,0,75.04200000000002,0,1.0314308,0,-0.0421134904026985,0
2023-12-10,-0.05791592552645597,-0.03871716,0,43789.51,0,21.212000000000003,0,0.9354441,0,-0.0240094140172004,0
2023-12-11,0.005793219467971067,-0.0021239603,0,41253.4,0,431.2679999999979,0,1.1319215,0,-0.0072045400738716,0
2023-12-12,0.033178132182793085,0.014642122,0,41492.39,0,147.1539999999997,0,1.5195012,0,0.0059904754161834,0
2023-12-13,0.0035743752541170792,0.009508962,0,42869.03,0,92.48100000000012,0,-0.18482636,0,0.0146502256393432,0
2023-12-14,-0.02514884155318664,-0.01682872,0,43022.26,0,92.182,0,0.77541006,0,0.0177665874361991,0
2023-12-15,0.008052636724105389,-0.006559552,0,41940.3,0,122.47900000000013,0,0.9853503,0,0.0180213674902915,0
2023-12-16,-0.02136759919986808,-0.00892619,0,42278.03,0,52.12000000000001,0,0.45299816,0,0.015110321342945,0
2023-12-17,0.03101295116695857,0.019345747,0,41374.65,0,178.44999999999948,0,0.71408105,0,0.0083415694534778,0
2023-12-18,-0.00895053190741213,-0.0043603517,0,42657.8,0,356.43099999999936,0,1.7537223,0,-0.003257893025875,0
2023-12-19,0.03294872574243679,0.025942767,0,42275.99,0,150.47799999999978,0,0.8982513,0,-0.0202546790242195,0
2023-12-20,0.004416641305385882,0.0037296864,0,43668.93,0,73.12200000000007,0,0.7277992,0,-0.0374018922448158,0
2023-12-21,0.0024449520995490914,-0.006134001,0,43861.8,0,68.69800000000001,0,1.2358316,0,-0.050830103456974,0
2023-12-22,-0.006069725424980743,-0.0046753786,0,43969.04,0,86.80100000000012,0,1.8487293,0,-0.0513442829251289,0
2023-12-23,-0.016261438793872096,-0.008655122,0,43702.16,0,22.989000000000004,0,1.4331063,0,-0.0387423336505889,0
2023-12-24,0.013598734633590404,-0.0005967807,0,42991.5,0,102.18500000000012,0,1.148511,0,-0.0192661806941032,0
2023-12-25,-0.024490472192000512,-0.0022060163,0,43576.13,0,55.12300000000002,0,2.355576,0,0.0010032542049884,0
2023-12-26,0.021640629392459365,0.004211419,0,42508.93,0,146.4150000000001,0,0.78884983,0,0.0178411789238452,0
2023-12-27,-0.01991970775187457,-0.018126035,0,43428.85,0,76.09700000000004,0,1.6791586,0,0.0301532000303268,0
2023-12-28,-0.011672136108276221,-0.011748382,0,42563.76,0,176.59499999999983,0,2.125916,0,0.0398604162037372,0
2023-12-29,0.0017431736790995966,0.00031239341,0,42066.95,0,132.97700000000015,0,0.8644168,0,0.0474675893783569,0
2023-12-30,0.0034005469351414686,0.0027413697,0,42140.28,0,94.88700000000009,0,1.6593312,0,0.0524329431354999,0
2023-12-31,0.04483939155577654,0.021265037,0,42283.58,0,80.23300000000008,0,1.2865087,0,0.0547247976064682,0
2024-01-01,0.017369122139089255,0.005211943,0,44179.55,0,35.648999999999994,0,-0.61466146,0,0.0540590099990367,0
2024-01-02,-0.04675916542427505,-0.023152228,0,44946.91,0,143.00199999999984,0,0.18309955,0,0.0534747876226902,0
2024-01-03,0.030478772082679795,0.008731836,0,42845.23,0,534.4049999999983,0,0.25279796,0,0.0456992834806442,0
2024-01-04,-0.00013567045894657959,-0.005292562,0,44151.1,0,70.15300000000002,0,0.40311074,0,0.0267397426068782,0
2024-01-05,-0.00400474707164622,-0.010908392,0,44145.11,0,121.89100000000016,0,0.7428292,0,-0.0035275593400001,0
2024-01-06,-0.0008938253724500855,-0.002969269,0,43968.32,0,55.47900000000004,0,1.0737549,0,-0.0350723713636398,0
2024-01-07,0.06879324874536241,0.0395064,0,43929.02,0,90.8740000000001,0,1.3767949,0,-0.0584201514720916,0
2024-01-08,-0.01791312822889546,-0.00061874976,0,46951.04,0,101.62800000000006,0,2.4705381,0,-0.0725499838590622,0
2024-01-09,0.011797657774886172,-0.005179542,0,46110.0,0,295.78499999999946,0,2.0921543,0,-0.0786032155156135,0
2024-01-10,-0.006748190240534524,-0.010713267,0,46653.99,0,267.15699999999885,0,1.6107944,0,-0.0784039720892906,0
2024-01-11,-0.07674783056058854,-0.06197925,0,46339.16,0,214.67399999999935,0,-0.44178152,0,-0.0740258246660232,0
2024-01-12,0.0015253818538460973,0.0030001807,0,42782.73,0,407.9409999999978,0,-1.5511978,0,-0.0672209337353706,0
2024-01-13,-0.0260371606696137,-0.024062365,0,42847.99,0,72.38100000000014,0,1.2139766,0,-0.0594471171498298,0
2024-01-14,0.018660583456239666,0.006355295,0,41732.35,0,111.29100000000015,0,0.60207057,0,-0.0620379149913787,0
2024-01-15,0.014745560571238991,0.0043052025,0,42511.1,0,70.09600000000006,0,1.0652635,0,-0.0622443333268165,0
2024-01-16,-0.008388205744593757,-0.0017758794,0,43137.95,0,73.19400000000009,0,1.7337946,0,-0.0608458444476127,0
2024-01-17,-0.0338647048234878,-0.027712725,0,42776.1,0,160.38199999999972,0,2.514752,0,-0.0565821006894111,0
2024-01-18,0.008022019236585853,0.0017834213,0,41327.5,0,441.0319999999989,0,0.6615342,0,-0.0454189255833625,0
2024-01-19,0.0008884028264701804,-0.0015373004,0,41659.03,0,234.2179999999983,0,1.8395483,0,-0.0236141383647918,0
2024-01-20,-0.00277508367701107,-0.011578216,0,41696.04,0,18.728,0,0.17136681,0,0.0059229135513305,0
2024-01-21,-0.048395719803089654,-0.047636744,0,41580.33,0,22.738000000000003,0,0.09753418,0,0.035123910754919,0
2024-01-22,0.008329453937801379,0.008494949,0,39568.02,0,388.87799999999777,0,-0.4539323,0,0.0556204766035079,0
2024-01-23,0.004694016682707636,0.009086964,0,39897.6,0,288.3879999999983,0,1.244208,0,0.06289042532444,0
2024-01-24,-0.003088196846292135,-0.002092155,0,40084.88,0,104.1250000000001,0,-1.141101,0,0.0568072274327278,0
2024-01-25,0.04660583582680067,0.02849585,0,39961.09,0,55.74900000000006,0,1.1868716,0,0.0440891310572624,0
2024-01-26,0.007104138318376307,0.0031031803,0,41823.51,0,55.26200000000002,0,0.6654421,0,0.0283652879297733,0
2024-01-27,-0.0021265114030820653,-0.003518962,0,42120.63,0,44.82100000000001,0,1.5868394,0,0.0135120190680027,0
2024-01-28,0.03025476873531141,0.013442933,0,42031.06,0,87.18600000000008,0,-1.3536193,0,0.0026376210153102,0
2024-01-29,-0.008350518558888909,-0.0041057616,0,43302.7,0,49.37900000000001,0,0.43040895,0,0.0015841498970985,0
2024-01-30,-0.008409193057467013,-0.0008086597,0,42941.1,0,135.0190000000001,0,-0.09279011,0,0.0112010240554809,0
2024-01-31,0.011811648661343321,0.010176528,0,42580.0,0,177.73199999999983,0,-0.39001304,0,0.0230833403766155,0
2024-02-01,0.0027170847671955656,-0.008180139,0,43082.94,0,345.1669999999993,0,-0.6252091,0,0.0371237285435199,0
2024-02-02,-0.004372916666666726,-0.0072861295,0,43200.0,0,55.75100000000003,0,1.2010921,0,0.0659580826759338,0
2024-02-03,-0.00995580442160382,-0.015839903,0,43011.09,0,21.100000000000012,0,0.33162504,0,0.0934264808893203,0
2024-02-04,0.0029547085589325395,-0.00784382,0,42582.88,0,61.781000000000006,0,0.9559923,0,0.1191300749778747,0
2024-02-05,0.009137482526979213,-0.0019972648,0,42708.7,0,94.59600000000012,0,1.4583551,0,0.1408924609422683,0
2024-02-06,0.029018108329785353,0.011267484,0,43098.95,0,149.71399999999997,0,1.5396185,0,0.152920052409172,0
2024-02-07,0.021173809910348673,0.0037556053,0,44349.6,0,46.501000000000005,0,-0.5144699,0,0.1495935618877411,0
2024-02-08,0.04071925305788526,0.016241588,0,45288.65,0,40.425,0,-0.018791333,0,0.1339437961578369,0
2024-02-09,0.013118685789101692,0.007027716,0,47132.77,0,81.08400000000013,0,0.20381899,0,0.1163693815469741,0
2024-02-10,0.011495025558578842,0.0054662367,0,47751.09,0,46.781000000000034,0,0.6375543,0,0.104373961687088,0
2024-02-11,0.03348406490353306,0.0069522066,0,48299.99,0,72.658,0,0.29104555,0,0.0979109555482864,0
2024-02-12,-0.004360815405169416,-0.0044890204,0,49917.27,0,126.75000000000011,0,1.2533644,0,0.0950093865394592,0
2024-02-13,0.04216493536465804,0.019183174,0,49699.59,0,108.50800000000017,0,1.9944218,0,0.0913019776344299,0
2024-02-14,0.001637797501195637,-0.0075817797,0,51795.17,0,89.64900000000009,0,1.0003526,0,0.0540799796581268,0
2024-02-15,0.004705281418658558,-0.0015030343,0,51880.0,0,157.3969999999999,0,0.31520754,0,0.0218546651303768,0
2024-02-16,-0.00923699224792518,-0.009945416,0,52124.11,0,62.18000000000007,0,0.25282258,0,0.0043895356357097,0
2024-02-17,0.009585683458475325,-0.0043411804,0,51642.64,0,90.22400000000002,0,-0.4670366,0,0.0012973211705684,0
2024-02-18,-0.0069611856456185395,-0.009715973,0,52137.67,0,52.058000000000085,0,-1.0931678,0,0.0132324248552322,0
2024-02-19,0.009349928044047662,-0.003193751,0,51774.73,0,125.88300000000008,0,-0.23410831,0,0.0401312187314033,0
2024-02-20,-0.007834658340927003,-0.0033704978,0,52258.82,0,337.5100000000003,0,0.08221902,0,0.0799328982830047,0
2024-02-21,-0.010819220824005882,-0.0057338243,0,51849.39,0,163.25299999999996,0,0.7146438,0,0.1280236840248108,0
2024-02-22,-0.010611947102289299,-0.007587214,0,51288.42,0,95.09000000000012,0,0.923354,0,0.1708968579769134,0
2024-02-23,0.016239704478250294,-0.0026028845,0,50744.15,0,98.6810000000001,0,0.54797643,0,0.1944921612739563,0
2024-02-24,0.0031149029382824267,0.0072177206,0,51568.22,0,14.148,0,0.84289324,0,0.2009725272655487,0
2024-02-25,0.05311581448263403,0.036995426,0,51728.85,0,43.63800000000005,0,1.180691,0,0.1959399580955505,0
2024-02-26,0.04700873606531397,0.038236324,0,54476.47,0,62.89300000000016,0,1.6843015,0,0.1752544045448303,0
2024-02-27,0.09458295215029322,0.06541827,0,57037.34,0,269.0589999999993,0,1.3264223,0,0.1419951915740966,0
2024-02-28,-0.020840561185672013,-0.015037616,0,62432.1,0,227.32099999999963,0,0.94761324,0,0.1087944880127906,0
2024-02-29,0.02056109684484042,0.025238782,0,61130.98,0,268.77599999999944,0,-0.21485607,0,0.0881314277648925,0
2024-03-01,-0.006421437490282567,-0.009936974,0,62387.9,0,59.072000000000074,0,-0.8279085,0,0.0791207104921341,0
2024-03-02,0.018176148396896963,0.015780311,0,61987.28,0,67.83200000000001,0,-1.487035,0,0.0945682823657989,0
2024-03-03,0.08130909844524137,0.044861007,0,63113.97,0,63.37500000000013,0,0.055750623,0,0.1134660467505455,0
2024-03-04,-0.0662561793261438,-0.07087809,0,68245.71,0,144.9509999999996,0,1.9348547,0,0.1268062889575958,0
2024-03-05,0.03687825044280779,0.035451826,0,63724.01,0,484.06099999999856,0,2.5403585,0,0.1314704716205597,0
2024-03-06,0.011337735667442228,-0.0008709902,0,66074.04,0,239.3679999999998,0,2.0296595,0,0.1254244595766067,0
2024-03-07,0.01946959415424332,0.018416993,0,66823.17,0,76.61300000000001,0,1.2969903,0,0.1017657071352005,0
2024-03-08,0.002775519239201163,-0.0013551381,0,68124.19,0,125.12600000000003,0,1.3262167,0,0.0686052739620208,0
2024-03-09,0.009406810711886537,0.0044528106,0,68313.27,0,33.789,0,-0.077390686,0,0.0330924317240715,0
2024-03-10,0.04527851721999632,0.03230706,0,68955.88,0,80.35000000000001,0,1.0290525,0,-0.0020723976194858,0
2024-03-11,-0.008686272251904659,-0.012170466,0,72078.1,0,110.15499999999994,0,1.5362369,0,-0.0315931886434555,0
2024-03-12,0.02267815838910625,0.017247813,0,71452.01,0,125.2590000000001,0,2.205052,0,-0.0529978275299072,0
2024-03-13,-0.02303838069662678,-0.027273875,0,73072.41,0,41.42100000000004,0,-0.2949714,0,-0.0627799779176712,0
2024-03-14,-0.026461942143979122,-0.027551813,0,71388.94,0,206.7819999999997,0,1.818905,0,-0.0680602192878723,0
2024-03-15,-0.06042056205876711,-0.053072076,0,69499.85,0,326.9159999999983,0,1.3789345,0,-0.0590312257409095,0
2024-03-16,0.04736324902225286,0.028153382,0,65300.63,0,221.62999999999963,0,0.87722963,0,-0.037435196340084,0
2024-03-17,-0.011455624132592601,0.00402164,0,68393.48,0,85.57800000000009,0,-0.37345076,0,-0.0051653236150741,0
2024-03-18,-0.08390165417862072,-0.083959356,0,67609.99,0,133.0350000000001,0,1.10909,0,0.0335336029529571,0
2024-03-19,0.09530768162693293,0.08606888,0,61937.4,0,353.49999999999864,0,-0.25372696,0,0.0695519596338272,0
2024-03-20,-0.034481462477213065,-0.028710067,0,67840.51,0,319.27899999999903,0,0.97582793,0,0.0928289741277694,0
2024-03-21,-0.026024380901316868,-0.014718839,0,65501.27,0,126.42100000000023,0,0.7535763,0,0.1042031347751617,0
2024-03-22,0.003031037371247214,0.009080972,0,63796.64,0,144.80600000000013,0,1.8327459,0,0.1098058745265007,0
2024-03-23,0.05032004214407837,0.03615643,0,63990.01,0,76.13400000000006,0,0.42738438,0,0.1004877910017967,0
2024-03-24,0.039726534701165495,0.037628468,0,67209.99,0,38.706,0,1.097491,0,0.0676885694265365,0
2024-03-25,0.0015453632591067024,0.000645129,0,69880.01,0,85.79000000000006,0,0.62862647,0,0.0271922536194324,0
2024-03-26,-0.007401411670572067,0.0016342662,0,69988.0,0,88.91100000000014,0,0.5553673,0,-0.0033430121839046,0
2024-03-27,0.018865844086057848,0.018426348,0,69469.99,0,84.35400000000004,0,-0.40349966,0,-0.0172522291541099,0
2024-03-28,-0.01314004119772949,-0.0017025082,0,70780.6,0,42.99499999999999,0,1.1026317,0,-0.0154464170336723,0
2024-03-29,-0.0038419173280550556,-0.008351982,0,69850.54,0,108.17600000000004,0,0.04965782,0,-0.0010837130248546,0
2024-03-30,0.024400356528065048,0.008289548,0,69582.18,0,16.54299999999999,0,1.3012085,0,0.0163885615766048,0
2024-03-31,-0.022870507453632394,-0.013846677,0,71280.01,0,14.136999999999995,0,1.4429213,0,0.0324078798294067,0
2024-04-01,-0.0600979471584987,-0.05937577,0,69649.8,0,101.17400000000012,0,1.4797984,0,0.045444119721651,0
2024-04-02,0.007626941162614864,0.011091238,0,65463.99,0,157.82299999999958,0,1.2818909,0,0.0533106140792369,0
2024-04-03,0.03827144435510177,0.027389027,0,65963.28,0,64.96400000000014,0,1.6505996,0,0.0548342056572437,0
2024-04-04,-0.009741444423889245,-0.006138518,0,68487.79,0,66.50900000000004,0,0.23174153,0,0.0431699939072132,0
2024-04-05,0.01585623959202964,0.007637847,0,67820.62,0,121.235,0,-0.15808459,0,0.0263943932950496,0
2024-04-06,0.006740449372967916,0.0065132454,0,68896.0,0,19.518000000000015,0,0.51211923,0,-0.0030153021216392,0
2024-04-07,0.03257781566683815,0.027949825,0,69360.39,0,42.08400000000002,0,-0.25906003,0,-0.0294623225927352,0
2024-04-08,-0.034543423624685876,-0.014109068,0,71620.0,0,67.91800000000002,0,0.4231099,0,-0.0476933494210243,0
2024-04-09,0.02147745350417951,0.009601953,0,69146.0,0,128.9180000000001,0,1.0257169,0,-0.0517677962779998,0
2024-04-10,-0.008846672031632585,-0.006170121,0,70631.08,0,85.01200000000017,0,0.73617834,0,-0.0392301827669143,0
2024-04-11,-0.04127789769567636,-0.0441302,0,70006.23,0,61.92500000000008,0,0.9981741,0,-0.0155111253261566,0
2024-04-12,-0.047559229828960214,-0.04620344,0,67116.52,0,178.4579999999997,0,0.32467592,0,0.0156469196081161,0
2024-04-13,0.027177838359652595,0.029686764,0,63924.51,0,496.51799999999986,0,0.68698096,0,0.0448291562497615,0
2024-04-14,-0.034142357265650736,-0.023346415,0,65661.84,0,133.377,0,0.5849914,0,0.0598093047738075,0
2024-04-15,0.005887733504845949,0.0016772598,0,63419.99,0,130.3920000000002,0,0.16961144,0,0.0604401566088199,0
2024-04-16,-0.03944013635268473,-0.031312525,0,63793.39,0,139.51099999999994,0,0.63412225,0,0.04130370169878,0
2024-04-17,0.03578335689015377,0.02419629,0,61277.37,0,159.53199999999987,0,0.21364777,0,0.0074339434504508,0
2024-04-18,0.005481795516879773,0.013864474,0,63470.08,0,117.18000000000012,0,0.12926032,0,-0.0292852744460105,0
2024-04-19,0.017590332258871744,0.011205997,0,63818.01,0,193.8429999999994,0,0.80393445,0,-0.0661485642194747,0
2024-04-20,8.623266280816111e-06,-0.0042029493,0,64940.59,0,36.47200000000003,0,1.3095838,0,-0.0994210317730903,0
2024-04-21,0.028921107802987844,0.023470007,0,64941.15,0,26.961999999999968,0,0.8980136,0,-0.119482509791851,0
2024-04-22,-0.0060659102786441155,0.0041425093,0,66819.32,0,52.20000000000001,0,0.20600066,0,-0.1189234480261802,0
2024-04-23,-0.031987382178456425,-0.010815173,0,66414.0,0,46.44900000000001,0,-0.002350077,0,-0.0989885553717613,0
2024-04-24,0.003247026462604552,-0.0008667628,0,64289.59,0,109.66699999999996,0,0.8231142,0,-0.0652350708842277,0
2024-04-25,-0.0112922286061935,-0.004973941,0,64498.34,0,216.8529999999997,0,0.18812074,0,-0.0255898907780647,0
2024-04-26,-0.004830326982856015,-0.0023782626,0,63770.01,0,58.84700000000003,0,0.6547367,0,0.0130147337913513,0
2024-04-27,-0.0054104835682718955,-0.0050384942,0,63461.98,0,54.86000000000014,0,1.5960732,0,0.0457785986363887,0
2024-04-28,0.01184087991784355,0.009102792,0,63118.62,0,37.130000000000024,0,1.2844216,0,0.0664102584123611,0
2024-04-29,-0.05001096044843889,-0.03131678,0,63866.0,0,72.774,0,1.394534,0,0.0707999989390373,0
2024-04-30,-0.03802462420886077,-0.02221167,0,60672.0,0,230.3520000000001,0,0.8163618,0,0.0609133318066597,0
2024-05-01,0.011918793070569533,0.009360386,0,58364.97,0,223.28399999999948,0,0.9304719,0,0.0415198430418968,0
2024-05-02,0.06470302287768459,0.046373382,0,59060.61,0,71.77000000000015,0,-0.3734902,0,0.0184321869164705,0
2024-05-03,0.016062304624168355,0.0072546843,0,62882.01,0,66.65500000000007,0,0.09335907,0,-0.0073372647166252,0
2024-05-04,0.0018775421789631874,-0.00070565083,0,63892.04,0,35.957,0,-0.55560017,0,-0.0170588716864585,0
2024-05-05,-0.013228925826407556,-0.011059188,0,64012.0,0,46.036000000000016,0,-0.106949314,0,-0.0056560970842838,0
2024-05-06,-0.013506014942723965,-0.0074076466,0,63165.19,0,104.40300000000008,0,-0.7814912,0,0.0181444659829139,0
2024-05-07,-0.01795879707433945,-0.005666361,0,62312.08,0,211.5949999999996,0,-0.687474,0,0.047495499253273,0
2024-05-08,0.030738468090238502,0.007480105,0,61193.03,0,120.477,0,-0.1733237,0,0.0784008353948593,0
2024-05-09,-0.03605320162773862,-0.025534544,0,63074.01,0,37.22699999999999,0,0.92418766,0,0.1076056882739067,0
2024-05-10,0.0004276316492815013,-0.015311544,0,60799.99,0,191.9589999999996,0,0.3959626,0,0.1302354037761688,0
2024-05-11,0.010817744191257805,0.008267826,0,60825.99,0,17.23099999999999,0,0.7488614,0,0.1423296928405761,0
2024-05-12,0.02368242529478004,0.012128943,0,61483.99,0,27.456000000000003,0,0.08988692,0,0.1426534950733184,0
2024-05-13,-0.021649003306001613,-0.0072939293,0,62940.08,0,87.82900000000012,0,0.12924388,0,0.1343852877616882,0
2024-05-14,0.0751737363767182,0.039626464,0,61577.49,0,81.10700000000006,0,0.08637257,0,0.1091785654425621,0
2024-05-15,-0.014670613912531216,-0.0038460437,0,66206.5,0,41.27500000000003,0,0.704286,0,0.0784258097410202,0
2024-05-16,0.027420621471134998,0.012185086,0,65235.21,0,70.16599999999998,0,0.052938238,0,0.0509462058544158,0
2024-05-17,-0.0016232991167343114,-0.0016144573,0,67024.0,0,82.78900000000002,0,-0.28584886,0,0.0331787168979644,0
2024-05-18,-0.009582127827459264,-0.008331764,0,66915.2,0,21.415999999999993,0,-0.6669142,0,0.0230081751942634,0
2024-05-19,0.07804884599558704,0.038474232,0,66274.01,0,37.38700000000002,0,-0.34235686,0,0.0161207020282745,0
2024-05-20,-0.018171328468722492,-0.0063335123,0,71446.62,0,64.17100000000008,0,-0.105470136,0,0.0077141858637332,0
2024-05-21,-0.013994914206095221,-0.01772102,0,70148.34,0,53.852000000000075,0,-0.65516484,0,-1.2893229722976685e-05,0
2024-05-22,-0.017305602037514634,-0.017330002,0,69166.62,0,50.75399999999999,0,-1.0930275,0,-0.0032205991446971,0
2024-05-23,0.008538222574340226,-2.5404734e-05,0,67969.65,0,112.8090000000002,0,-0.19893472,0,-0.002586655318737,0
2024-05-24,0.010803502670095222,0.0019059684,0,68549.99,0,33.473,0,-0.14292724,0,-0.0002514868974685,0
2024-05-25,-0.011298795781301996,-0.003962498,0,69290.57,0,9.589999999999993,0,-1.0114396,0,0.0025524720549583,0
2024-05-26,0.01355702215532939,-0.003652615,0,68507.67,0,13.87900000000001,0,-0.14219837,0,0.0080755017697811,0
2024-05-27,-0.014949501292044975,-0.009644702,0,69436.43,0,33.29399999999999,0,0.34985292,0,0.0162815079092979,0
2024-05-28,-0.010906250863507161,-0.005570442,0,68398.39,0,99.91899999999995,0,-0.48114944,0,0.027153842151165,0
2024-05-29,0.01034331070492378,0.0017197456,0,67652.42,0,83.70100000000012,0,0.4173332,0,0.0380083546042442,0
2024-05-30,-0.011881992919902995,-0.005531431,0,68352.17,0,87.90399999999994,0,-0.5313215,0,0.0473436489701271,0
2024-05-31,0.0033586018124664996,-0.0026451275,0,67540.01,0,109.06900000000006,0,0.46107137,0,0.0442302785813808,0
2024-06-01,-1.8002902599123516e-05,-0.0016030604,0,67766.85,0,3.4999999999999982,0,-0.5490339,0,0.0245830584317445,0
2024-06-02,0.015410024226145236,0.0073230565,0,67765.63,0,47.11000000000003,0,-0.15712582,0,0.0111529305577278,0
2024-06-03,0.025111793506457758,-0.00047048973,0,68809.9,0,46.22000000000001,0,-0.1720969,0,-0.0037562102079391,0
2024-06-04,0.00808303741651284,0.0024884192,0,70537.84,0,26.709999999999997,0,0.64888173,0,-0.0189900323748588,0
2024-06-05,-0.004344658828823844,-0.003425221,0,71108.0,0,25.03199999999998,0,-0.8429595,0,-0.0312131866812706,0
2024-06-06,-0.020388123797123736,-0.013049593,0,70799.06,0,94.996,0,0.9005599,0,-0.0369869992136955,0
2024-06-07,-0.0006508486697541782,-0.0029918058,0,69355.6,0,95.79400000000012,0,0.6992966,0,-0.0367643684148788,0
2024-06-08,0.004871991904252138,-0.0063972706,0,69310.46,0,10.232,0,0.028460085,0,-0.0326715484261512,0
2024-06-09,-0.0015526617078359672,-0.0044176327,0,69648.14,0,6.937999999999996,0,-0.6472417,0,-0.0275996401906013,0
2024-06-10,-0.032006902502156986,-0.017631933,0,69540.0,0,39.01100000000003,0,-0.031657234,0,-0.0231604427099227,0
2024-06-11,0.014109198885703833,-0.0045487112,0,67314.24,0,79.87300000000009,0,-0.26682103,0,-0.0212230756878852,0
2024-06-12,-0.021841383722223218,-0.014979865,0,68263.99,0,120.17500000000004,0,-0.48210835,0,-0.0212203860282897,0
2024-06-13,-0.010917884336799966,-0.0046102037,0,66773.01,0,344.8069999999997,0,-0.3049301,0,-0.0205199792981147,0
2024-06-14,0.0027899586321176173,-0.0042688483,0,66043.99,0,122.60300000000004,0,0.029231384,0,-0.0252952203154563,0
2024-06-15,0.006773846508098869,-0.0061134305,0,66228.25,0,10.004999999999995,0,-0.059995398,0,-0.0333430916070938,0
2024-06-16,-0.002587703951910103,-0.012968707,0,66676.87,0,10.634000000000002,0,0.041284516,0,-0.0435701832175254,0
2024-06-17,-0.019983811580388866,-0.0074637914,0,66504.33,0,97.7250000000001,0,0.19977933,0,-0.0514520183205604,0
2024-06-18,-0.0030832222994838787,-0.003660145,0,65175.32,0,289.5089999999995,0,0.023437127,0,-0.0535789728164672,0
2024-06-19,-0.0016064796011104887,-0.0052779936,0,64974.37,0,47.00300000000001,0,0.082445845,0,-0.050167292356491,0
2024-06-20,-0.011198244365383747,-0.013697222,0,64869.99,0,51.11800000000009,0,-0.36887354,0,-0.0412097796797752,0
2024-06-21,0.0018466390078755168,-0.0029807051,0,64143.56,0,100.90500000000011,0,0.049760237,0,-0.0248074755072593,0
2024-06-22,-0.016370480786393027,-0.02089241,0,64262.01,0,5.929999999999996,0,-0.6096533,0,-0.0045413933694362,0
2024-06-23,-0.04614316624851034,-0.04153999,0,63210.01,0,38.89900000000003,0,-0.24350427,0,0.010768748819828,0
2024-06-24,0.025089189014368074,0.019499578,0,60293.3,0,603.4639999999988,0,-0.63833684,0,0.0098094791173934,0
2024-06-25,-0.015225380185519222,-0.013404286,0,61806.01,0,55.9740000000001,0,0.2050976,0,-0.0047445334494113,0
2024-06-26,0.013825353458531753,-0.0037803017,0,60864.99,0,37.74399999999999,0,-1.2426282,0,-0.0258081629872322,0
2024-06-27,-0.020721165868020086,-0.014776753,0,61706.47,0,32.61499999999999,0,0.16851808,0,-0.0476706847548484,0
2024-06-28,0.009248055201046546,-0.009070909,0,60427.84,0,240.81799999999967,0,-0.6486107,0,-0.0690924525260925,0
2024-06-29,0.029274097229099905,0.017408399,0,60986.68,0,5.0939999999999985,0,-0.47801512,0,-0.0856554135680198,0
2024-06-30,0.002038806786655245,-0.0038062227,0,62772.01,0,21.073000000000015,0,-0.709086,0,-0.0926497802138328,0
2024-07-01,-0.01215453293394797,-0.00831115,0,62899.99,0,60.14700000000005,0,-0.527236,0,-0.0883138999342918,0
2024-07-02,-0.031011111688702075,-0.018791564,0,62135.47,0,47.04200000000003,0,-0.4762125,0,-0.0677492469549179,0
2024-07-03,-0.05246046327616427,-0.027719732,0,60208.58,0,179.69699999999952,0,-0.49843365,0,-0.0413270369172096,0
2024-07-04,-0.007383346646214428,-0.013098757,0,57050.01,0,1173.3669999999995,0,0.05661656,0,-0.0125900879502296,0
2024-07-05,0.02827784241902398,0.005467702,0,56628.79,0,214.4559999999992,0,0.21312653,0,0.0162936002016067,0
2024-07-06,-0.040740420809639244,-0.032539736,0,58230.13,0,33.21000000000002,0,0.044834122,0,0.043901439756155,0
2024-07-07,0.015339126256471713,-0.00755293,0,55857.81,0,170.34299999999962,0,0.061764672,0,0.0675807744264602,0
2024-07-08,0.023545604290392763,0.022184554,0,56714.62,0,304.25599999999974,0,-0.27747518,0,0.084709033370018,0
2024-07-09,-0.005583979328165345,-0.0072473437,0,58050.0,0,62.13400000000013,0,-0.20022656,0,0.0933273434638977,0
2024-07-10,-0.0066860860429079905,-0.009786175,0,57725.85,0,97.82900000000008,0,-0.3368796,0,0.0962307602167129,0
2024-07-11,0.009578148824491928,0.010598335,0,57339.89,0,111.82500000000006,0,-0.31054318,0,0.0962322801351547,0
2024-07-12,0.02271446610847283,0.018481001,0,57889.1,0,94.094,0,-0.07760246,0,0.0927965268492698,0
2024-07-13,0.026921989418961845,0.015967077,0,59204.02,0,14.818999999999996,0,0.22927791,0,0.0859555676579475,0
2024-07-14,0.06457837119729937,0.05219272,0,60797.91,0,25.056999999999995,0,0.4819461,0,0.0711342617869377,0
2024-07-15,0.0049417419837483045,0.0017094151,0,64724.14,0,56.182,0,0.5257383,0,0.0529097244143486,0
2024-07-16,-0.014697745325894074,-0.017257698,0,65043.99,0,131.5790000000001,0,0.52233356,0,0.0354294776916503,0
2024-07-17,-0.001561447004345129,-0.007574992,0,64087.99,0,177.15100000000007,0,0.40903062,0,0.0219358000904321,0
2024-07-18,0.041759132036171875,0.036447275,0,63987.92,0,100.479,0,0.49122566,0,0.0163931287825107,0
2024-07-19,0.007200120012001321,0.012521994,0,66660.0,0,128.329,0,0.21644312,0,0.0135473981499671,0
2024-07-20,0.015272276003738927,0.0034915172,0,67139.96,0,28.816999999999975,0,0.13885066,0,0.0109670087695121,0
2024-07-21,-0.009291085469536275,-0.008182713,0,68165.34,0,214.41700000000003,0,-0.17627214,0,0.0118335634469985,0
2024-07-22,-0.023633237038257815,-0.019030385,0,67532.01,0,58.350000000000065,0,-0.11787535,0,0.0115763172507286,0
2024-07-23,-0.00849323457697837,-0.010099127,0,65936.01,0,115.67199999999998,0,0.7751926,0,0.0142143405973911,0
2024-07-24,0.006484795643661334,-0.002459655,0,65376.0,0,94.31699999999996,0,0.7580453,0,0.0150147639214992,0
2024-07-25,0.0320371064111753,0.010142627,0,65799.95,0,287.5929999999996,0,0.78585565,0,-0.0228362902998924,0
2024-07-26,-0.00016919953012906053,-0.0058394913,0,67907.99,0,44.64700000000003,0,1.172507,0,-0.0850148126482963,0
2024-07-27,0.005204686544961978,0.0068501835,0,67896.5,0,142.16000000000005,0,1.1549163,0,-0.1375764906406402,0
2024-07-28,-0.02146802309396001,-0.014349157,0,68249.88,0,41.14500000000002,0,0.82133263,0,-0.169350266456604,0
2024-07-29,-0.008934532749946156,-0.0055311457,0,66784.69,0,84.89800000000012,0,0.4064731,0,-0.1741315424442291,0
2024-07-30,-0.023569227050220576,-0.01623959,0,66188.0,0,83.31500000000025,0,0.81033885,0,-0.1552381515502929,0
2024-07-31,0.011233830537847433,0.00020710658,0,64628.0,0,80.82800000000012,0,-0.05059676,0,-0.1246918365359306,0
2024-08-01,-0.05899698289408972,-0.041638855,0,65354.02,0,196.76699999999943,0,0.33842677,0,-0.0884174779057502,0
2024-08-02,-0.013014011925201907,-0.009414629,0,61498.33,0,254.3319999999998,0,2.1658583,0,-0.0461215525865554,0
2024-08-03,-0.04179693594466638,-0.040235624,0,60697.99,0,201.16300000000015,0,0.18324393,0,-0.0041444338858127,0
2024-08-04,-0.07121937380719046,-0.060715087,0,58161.0,0,219.44599999999983,0,-0.10139029,0,0.0439454391598701,0
2024-08-05,0.03708337891930613,0.02270059,0,54018.81,0,985.9049999999896,0,-0.19068192,0,0.0838986784219741,0
2024-08-06,-0.01584823536320812,-0.009529097,0,56022.01,0,142.18299999999996,0,-0.35052156,0,0.0835658609867096,0
2024-08-07,0.11883431252058596,0.09793474,0,55134.16,0,139.50300000000007,0,-0.990659,0,0.0412365049123764,0
2024-08-08,-0.013747043696631933,0.0005026199,0,61685.99,0,87.63000000000012,0,0.7656281,0,-0.007101334631443,0
2024-08-09,0.0014057006156844576,0.006196533,0,60837.99,0,115.30599999999986,0,1.2953311,0,-0.0274639204144477,0
2024-08-10,-0.03629009556409346,-0.024902102,0,60923.51,0,30.804,0,0.9573126,0,-0.0202547460794448,0
2024-08-11,0.0107992169992841,0.0070858933,0,58712.59,0,110.51700000000014,0,-0.27258146,0,-0.0088598616421222,0
2024-08-12,0.02090278404977952,0.025832701,0,59346.64,0,147.85000000000002,0,0.27697045,0,0.0014066807925701,0
2024-08-13,-0.031421844400999266,-0.017912861,0,60587.15,0,56.72900000000006,0,-0.43786573,0,0.0099163427948951,0
2024-08-14,-0.019465985179111134,-0.016137896,0,58683.39,0,75.77099999999999,0,0.2650723,0,0.0271668042987585,0
2024-08-15,0.023175450712934476,0.024903711,0,57541.06,0,317.0029999999995,0,0.35404533,0,0.0591752417385578,0
2024-08-16,0.010486525598475405,0.015699096,0,58874.6,0,49.98500000000006,0,1.2676744,0,0.0910701602697372,0
2024-08-17,-0.017895518371464747,-0.015328559,0,59491.99,0,11.261999999999992,0,0.426816,0,0.1038901358842849,0
2024-08-18,0.017306107499313272,0.020417705,0,58427.35,0,46.87200000000002,0,2.6123297,0,0.0875154957175254,0
2024-08-19,-0.007145200501358473,0.0032040034,0,59438.5,0,29.31199999999997,0,0.96866065,0,0.0511556565761566,0
2024-08-20,0.03630049242719502,0.026919302,0,59013.8,0,86.59100000000002,0,1.556229,0,0.0149706751108169,0
2024-08-21,-0.012757368324922358,-0.00443334,0,61156.03,0,49.031000000000056,0,1.2224293,0,-0.0171304941177368,0
2024-08-22,0.06064346268308651,0.04895032,0,60375.84,0,45.002000000000045,0,0.7182812,0,-0.0437039881944656,0
2024-08-23,0.0018703179587378216,0.002571754,0,64037.24,0,44.13700000000007,0,-0.7407726,0,-0.0678989216685295,0
2024-08-24,0.0009818100937060148,0.005915758,0,64157.01,0,31.78599999999998,0,0.36140794,0,-0.0722453370690345,0
2024-08-25,-0.021582061663033336,-0.011825259,0,64220.0,0,18.656999999999993,0,-1.1259035,0,-0.0640869960188865,0
2024-08-26,-0.05441321577489899,-0.043080837,0,62834.0,0,72.15200000000011,0,0.3241598,0,-0.0468084216117858,0
2024-08-27,-0.006397374400403888,-0.009045035,0,59415.0,0,401.0879999999996,0,1.2007145,0,-0.0251289680600166,0
2024-08-28,0.0054901422717748005,0.0040293653,0,59034.9,0,166.7549999999996,0,1.897352,0,-0.03315170109272,0
2024-08-29,-0.003959297838693754,7.2482508e-06,0,59359.01,0,69.3790000000001,0,0.12946418,0,-0.0535197854042053,0
2024-08-30,-0.0025370412247210927,-0.00091194373,0,59123.99,0,76.15500000000004,0,-0.18295793,0,-0.0620583444833755,0
2024-08-31,-0.028353686091105557,-0.023048677,0,58973.99,0,16.028,0,-1.659746,0,-0.0602530315518379,0
2024-09-01,0.03194084799341579,0.014630208,0,57301.86,0,215.6409999999999,0,0.18621387,0,-0.0537526383996009,0
2024-09-02,-0.0278089086254798,-0.01047448,0,59132.13,0,200.74899999999977,0,-1.274605,0,-0.0454803556203842,0
2024-09-03,0.008404750022309004,-0.0015416048,0,57487.73,0,95.67299999999986,0,0.56450516,0,-0.0314849838614463,0
2024-09-04,-0.030893086013844884,-0.017583542,0,57970.9,0,167.61999999999975,0,-0.50858235,0,0.0070527046918869,0
2024-09-05,-0.03946297614809535,-0.02770529,0,56180.0,0,89.7840000000001,0,0.8176805,0,0.0340817756950855,0
2024-09-06,0.0036671443399056702,0.0015535066,0,53962.97,0,279.23799999999994,0,0.42486227,0,0.0962156578898429,0
2024-09-07,0.013092295801802267,0.009321046,0,54160.86,0,23.36299999999999,0,0.67072445,0,0.0936277657747268,0
2024-09-08,0.03958541970605056,0.022693802,0,54869.95,0,24.53899999999999,0,-0.73232174,0,0.0666470006108284,0
2024-09-09,0.010413204305599333,0.009840603,0,57042.0,0,50.45800000000005,0,0.08786084,0,0.0472792014479637,0
2024-09-10,-0.005170207018218909,-8.807401e-06,0,57635.99,0,70.38700000000007,0,-0.08993806,0,0.0480329468846321,0
2024-09-11,0.013853291011196811,0.00630115,0,57338.0,0,167.41699999999938,0,0.73144287,0,0.0514004901051521,0
2024-09-12,0.04069474605520651,0.023543341,0,58132.32,0,49.499,0,0.202549,0,0.0613767802715301,0
2024-09-13,-0.008346887500413236,-0.009031196,0,60498.0,0,29.067000000000014,0,1.394888,0,0.073808878660202,0
2024-09-14,-0.014352167243428138,-0.010904213,0,59993.03,0,21.95699999999999,0,-0.3976755,0,0.0764359012246131,0
2024-09-15,-0.01552475816816612,-0.008037271,0,59132.0,0,41.683000000000064,0,0.55793786,0,0.0753600746393203,0
2024-09-16,0.03607380287796791,0.008531215,0,58213.99,0,99.00499999999998,0,-0.1660157,0,0.0692089945077896,0
2024-09-17,0.023974537250810224,0.012453274,0,60313.99,0,99.35099999999996,0,-0.68415886,0,0.0545132309198379,0
2024-09-18,0.019235754409934414,0.0049495017,0,61759.99,0,78.86700000000009,0,-0.7585701,0,0.0367847383022308,0
2024-09-19,0.004020144249244684,-0.0033389619,0,62947.99,0,54.118000000000066,0,0.51457524,0,0.0236075408756732,0
2024-09-20,0.0023403092195461994,0.0022769722,0,63201.05,0,97.04599999999992,0,0.1901076,0,0.0213759616017341,0
2024-09-21,0.003627526008319615,0.0044636945,0,63348.96,0,8.292,0,1.9457507,0,0.0171587690711021,0
2024-09-22,-0.0037554994781276996,0.00014569657,0,63578.76,0,40.946000000000005,0,0.9062763,0,0.0054646432399749,0
2024-09-23,0.014567574134444872,0.0041306475,0,63339.99,0,147.61599999999987,0,1.5740452,0,-0.0136642754077911,0
2024-09-24,-0.017283587524333677,-0.003198248,0,64262.7,0,46.32900000000007,0,0.09488915,0,-0.0353864952921867,0
2024-09-25,0.03201766657941674,0.010081067,0,63152.01,0,66.05900000000011,0,0.5001379,0,-0.0525727644562721,0
2024-09-26,0.009144138635673427,0.0026863478,0,65173.99,0,75.17400000000013,0,-1.8186091,0,-0.0620162412524223,0
2024-09-27,0.0013387572896133015,0.0025283128,0,65769.95,0,31.79,0,0.6338436,0,-0.0626261010766029,0
2024-09-28,-0.0038869993015275828,0.00054295454,0,65858.0,0,36.97800000000002,0,0.39265645,0,-0.0591547563672065,0
2024-09-29,-0.03466997428889751,-0.017606076,0,65602.01,0,15.532000000000004,0,1.7143039,0,-0.0492326393723487,0
2024-09-30,-0.03982166382772501,-0.018377908,0,63327.59,0,177.6179999999999,0,2.246517,0,-0.0355311706662178,0
2024-10-01,-0.002573768480562233,-0.011017591,0,60805.78,0,816.3609999999977,0,1.6361142,0,-0.0218903347849845,0
2024-10-02,0.001705378860227258,0.004283109,0,60649.28,0,131.89499999999992,0,-0.30378175,0,-0.0212493315339088,0
2024-10-03,0.021946181495442696,0.0080863545,0,60752.71,0,132.68200000000002,0,0.40109926,0,-0.020351342856884,0
2024-10-04,-0.00045098734014104025,0.0050557936,0,62086.0,0,46.47300000000003,0,-1.0735601,0,-0.0201790779829025,0
2024-10-05,0.012277385671468632,0.009663186,0,62058.0,0,44.35300000000005,0,-0.55403906,0,-0.0091796144843101,0
2024-10-06,-0.009486005312646983,0.00091750245,0,62819.91,0,19.12400000000001,0,0.44838184,0,0.0067321024835109,0
2024-10-07,-0.001020667266649511,-0.008487387,0,62224.0,0,142.49399999999986,0,-0.1480472,0,0.0297544933855533,0
2024-10-08,-0.02452474232426416,-0.0065885484,0,62160.49,0,79.53100000000019,0,0.79622257,0,0.0614666827023029,0
2024-10-09,-0.005106370767738344,0.00042478845,0,60636.02,0,98.6860000000001,0,0.4237709,0,0.0965375825762748,0
2024-10-10,0.036693891346722296,0.014420369,0,60326.39,0,378.1280000000001,0,-0.46038258,0,0.1070360392332077,0
2024-10-11,0.010652702270546932,0.0058426773,0,62540.0,0,34.77300000000001,0,1.5517074,0,0.0964755713939666,0
2024-10-12,-0.005319096759781039,0.009435244,0,63206.22,0,26.98099999999999,0,1.1441358,0,0.0860345959663391,0
2024-10-13,0.051120868102157546,0.026058309,0,62870.02,0,88.78500000000005,0,-0.4594481,0,0.0731245577335357,0
2024-10-14,0.014983205463229288,0.013824673,0,66083.99,0,36.368000000000016,0,0.30507183,0,0.0490601770579814,0
2024-10-15,0.008138307848598592,-0.0016404425,0,67074.14,0,104.47100000000025,0,1.0487674,0,0.029810270294547,0
2024-10-16,-0.0029315286998625734,-0.0035933545,0,67620.01,0,60.82200000000008,0,-0.39122427,0,0.0107833296060562,0
2024-10-17,0.014924257413553965,0.0101881325,0,67421.78,0,61.99100000000013,0,-0.38589227,0,-0.0005773603916168,0
2024-10-18,-0.000730695037119311,0.0018341074,0,68428.0,0,29.210999999999995,0,1.5700735,0,-0.0090248882770538,0
2024-10-19,0.00956433355757702,0.0012713157,0,68378.0,0,21.51899999999999,0,1.5631648,0,-0.0161288455128669,0
2024-10-20,-0.023967004283086846,-0.007919585,0,69031.99,0,9.455000000000002,0,1.9740542,0,-0.0145604461431503,0
2024-10-21,0.0007198248673518926,-0.0044503105,0,67377.5,0,100.31399999999998,0,2.2246146,0,0.0046974383294582,0
2024-10-22,-0.011232313944175898,0.006487158,0,67426.0,0,145.731,0,2.3308153,0,0.0297059193253517,0
2024-10-23,0.022943767422919148,0.0065438137,0,66668.65,0,115.47400000000006,0,1.8305022,0,0.0454857274889946,0
2024-10-24,-0.02199395644582236,-0.005086463,0,68198.28,0,30.355999999999995,0,1.3957192,0,0.0459608100354671,0
2024-10-25,0.005913641316056761,0.0039675096,0,66698.33,0,223.97399999999968,0,1.5872781,0,0.0303434468805789,0
2024-10-26,0.013845607186230069,0.0024424936,0,67092.76,0,9.120999999999997,0,-0.50039613,0,0.0086266361176967,0
2024-10-27,0.028527808037729363,0.020598138,0,68021.7,0,5.048999999999995,0,0.7049671,0,-0.0100175216794013,0
2024-10-28,0.03965297837218107,0.02886819,0,69962.21,0,43.700000000000024,0,1.6035748,0,-0.0162999629974365,0
2024-10-29,-0.00538492271134583,0.016472926,0,72736.42,0,47.24900000000007,0,-0.082873374,0,-0.008288636803627,0
2024-10-30,-0.028374281253896405,-0.008666361,0,72344.74,0,49.43600000000008,0,-0.5482712,0,0.0099079944193363,0
2024-10-31,-0.011324188908526045,-0.0075644357,0,70292.01,0,273.39900000000006,0,0.8761854,0,0.0336689576506614,0
2024-11-01,-0.0017449922664622974,-0.0022640652,0,69496.01,0,140.9829999999998,0,1.0862917,0,0.0639306530356407,0
2024-11-02,-0.008630662976178316,7.5703545e-05,0,69374.74,0,24.05899999999999,0,1.3294041,0,0.1115561425685882,0
2024-11-03,-0.01346371022794457,0.0017832932,0,68775.99,0,341.9529999999988,0,1.9039505,0,0.1832244992256164,0
2024-11-04,0.022431831623900944,0.014857259,0,67850.01,0,119.8420000000001,0,2.131375,0,0.2368702292442321,0
2024-11-05,0.0893729329739763,0.046218306,0,69372.01,0,71.33400000000003,0,1.2171465,0,0.2328973114490509,0
2024-11-06,0.0037831476979763856,-0.00046546967,0,75571.99,0,150.21899999999994,0,0.5993135,0,0.203233391046524,0
2024-11-07,0.008593568843003663,0.00016515492,0,75857.89,0,81.449,0,1.3916328,0,0.1891178786754608,0
2024-11-08,0.0021916152418686163,0.00037874607,0,76509.78,0,43.45700000000003,0,-0.5466174,0,0.1811838746070861,0
2024-11-09,0.04815691599591321,0.03387893,0,76677.46,0,66.33500000000006,0,0.4644724,0,0.1571719646453857,0
2024-11-10,0.10299836966550102,0.070541896,0,80370.01,0,96.75300000000014,0,1.1048315,0,0.1121807321906089,0
2024-11-11,-0.00785105223479976,-0.008766447,0,88647.99,0,75.9240000000001,0,1.359933,0,0.0694120973348617,0
2024-11-12,0.027551274837266382,0.016556796,0,87952.01,0,222.72299999999953,0,1.2279333,0,0.0455581471323967,0
2024-11-13,-0.03374388106471693,-0.03873628,0,90375.2,0,333.7499999999997,0,2.6141508,0,0.0600718557834625,0
2024-11-14,0.04244437398018164,0.031066114,0,87325.59,0,177.2259999999997,0,1.5217847,0,0.0829774439334869,0
2024-11-15,-0.004890034907478302,-0.0003633753,0,91032.07,0,103.9759999999999,0,1.7605075,0,0.0969179049134254,0
2024-11-16,-0.008068824947354392,-0.010164514,0,90586.92,0,30.645999999999976,0,0.7656695,0,0.0960962325334549,0
2024-11-17,0.006767384122082332,-0.0010634479,0,89855.99,0,66.58300000000011,0,0.3138559,0,0.077441319823265,0
2024-11-18,0.020413737695668788,0.0040316395,0,90464.08,0,93.82099999999998,0,0.72767204,0,0.0490899495780468,0
2024-11-19,0.02140345673566446,0.02223222,0,92310.79,0,63.660000000000146,0,1.2373517,0,0.0199155528098344,0
2024-11-20,0.04274798019993509,0.019616744,0,94286.56,0,46.32900000000004,0,0.6517437,0,-0.0008440650999546,0
2024-11-21,0.0058472013826280644,0.0030193264,0,98317.12,0,82.13700000000013,0,0.49826264,0,-0.0133615955710411,0
2024-11-22,-0.012332645714516866,-0.018692434,0,98892.0,0,69.99100000000004,0,1.0799376,0,-0.018227644264698,0
2024-11-23,0.002330648166728677,-0.00018677814,0,97672.4,0,185.0060000000001,0,2.0347857,0,-0.0128090344369411,0
2024-11-24,-0.04994921350389636,-0.04088065,0,97900.04,0,231.45200000000017,0,1.4985993,0,-0.0013488642871379,0
2024-11-25,-0.011233737099909935,-0.016949998,0,93010.01,0,297.4170000000002,0,0.9219632,0,0.0102707408368587,0
2024-11-26,0.04238507278190995,0.032700725,0,91965.16,0,167.43299999999994,0,2.007217,0,0.0185129214078187,0
2024-11-27,-0.002285863665387078,0.0021073297,0,95863.11,0,39.672000000000025,0,0.19104865,0,0.0217777360230684,0
2024-11-28,0.018987290156683212,0.013181316,0,95643.98,0,37.648999999999994,0,0.4260767,0,0.0202564056962728,0
2024-11-29,-0.010794274574184248,-0.008804368,0,97460.0,0,58.390000000000015,0,1.0931941,0,0.0169045440852642,0
2024-11-30,0.008061468764155144,0.0032500483,0,96407.99,0,29.573999999999984,0,1.3869816,0,0.01430144906044,0
2024-12-01,-0.01383503122595442,-0.0030623379,0,97185.18,0,26.875999999999976,0,-0.26879025,0,0.0124317072331905,0
2024-12-02,9.463628261174861e-05,0.00022805831,0,95840.62,0,114.25499999999984,0,1.3889343,0,0.011893481016159,0
2024-12-03,0.028561699051921963,0.01222616,0,95849.69,0,91.08200000000004,0,0.92279834,0,0.0124767534434795,0
2024-12-04,-0.016652141472148774,-0.0019102237,0,98587.32,0,76.58600000000007,0,1.2865268,0,0.0142026022076606,0
2024-12-05,0.028832759145512643,0.016967501,0,96945.63,0,198.76599999999976,0,1.6073763,0,0.0177776515483856,0
2024-12-06,0.0009138683812970338,6.786105e-05,0,99740.84,0,41.93000000000004,0,1.1462785,0,0.0250767022371292,0
2024-12-07,0.012797501081567075,0.003460716,0,99831.99,0,26.324999999999996,0,-0.39247227,0,0.035926453769207,0
2024-12-08,-0.0379105483466009,-0.023304276,0,101109.59,0,21.037000000000013,0,1.0212165,0,0.0482065379619598,0
2024-12-09,-0.007026056763778543,-0.010224482,0,97276.47,0,472.8169999999987,0,1.0331235,0,0.0575514920055866,0
2024-12-10,0.04691851376393741,0.03257544,0,96593.0,0,124.45700000000014,0,1.2346165,0,0.0603503324091434,0
2024-12-11,-0.011082422744128628,0.0074804868,0,101125.0,0,32.79999999999999,0,0.6683156,0,0.0460397861897945,0
2024-12-12,0.014198990863292016,0.0071635633,0,100004.29,0,123.40800000000016,0,1.1636431,0,0.0173542462289333,0
2024-12-13,-4.19031937628489e-05,0.0017367376,0,101424.25,0,23.01800000000001,0,-1.0027822,0,-0.0147729218006134,0
2024-12-14,0.030013705383553635,0.012821505,0,101420.0,0,39.154000000000025,0,1.1784471,0,-0.0458818674087524,0
2024-12-15,0.01526526030644626,0.008972955,0,104463.99,0,18.691,0,0.90704304,0,-0.0631332695484161,0
2024-12-16,0.0007079101319968917,-0.0030598536,0,106058.66,0,122.38700000000031,0,0.55176187,0,-0.0684426426887512,0
2024-12-17,-0.0558703575319216,-0.032948963,0,106133.74,0,64.31400000000004,0,0.3701011,0,-0.0662817135453224,0
2024-12-18,-0.027365671293993032,-0.015398099,0,100204.01,0,136.29500000000044,0,1.3212428,0,-0.0574655532836914,0
2024-12-19,0.0035252764517319513,-0.0017613559,0,97461.86,0,446.9179999999979,0,-0.58371246,0,-0.0489775910973548,0
2024-12-20,-0.005249707991702657,-0.00065607834,0,97805.44,0,418.3369999999994,0,0.72792995,0,-0.0330489873886108,0
2024-12-21,-0.02164330280426996,-0.017068535,0,97291.99,0,72.50200000000014,0,0.11068213,0,-0.0184988752007484,0
2024-12-22,-0.003202142493870186,-0.0023411966,0,95186.27,0,157.66199999999986,0,-0.06061299,0,-0.0181819424033164,0
2024-12-23,0.03986141867321402,0.03222245,0,94881.47,0,87.01000000000008,0,0.007943109,0,-0.0245084017515182,0
2024-12-24,0.0077639591022340415,0.006897238,0,98663.58,0,44.55100000000002,0,1.0405961,0,-0.0281439945101737,0
2024-12-25,-0.03658870195595676,-0.02765425,0,99429.6,0,37.07000000000003,0,0.0025043339,0,-0.0236935541033744,0
2024-12-26,-0.01558142885179914,-0.011978841,0,95791.6,0,85.10099999999994,0,0.8894012,0,-0.0130153819918632,0
2024-12-27,0.01061484937862045,0.008835666,0,94299.03,0,107.863,0,0.035664096,0,0.0065751038491725,0
2024-12-28,-0.01638824763903468,-0.0015603523,0,95300.0,0,11.194,0,0.043353155,0,0.0327271744608879,0
2024-12-29,-0.010093537106537043,-0.0058026677,0,93738.2,0,34.589000000000034,0,-0.20416908,0,0.0517058447003364,0
2024-12-30,0.008448460832582105,0.0051036747,0,92792.05,0,97.17400000000004,0,0.4166426,0,0.0539250448346138,0
2024-12-31,0.010855240659998211,0.010450048,0,93576.0,0,47.333000000000055,0,-0.5894728,0,0.0411042533814907,0
2025-01-01,0.025298178626284695,0.024853721,0,94591.79,0,32.673000000000016,0,0.29903382,0,0.0146354883909225,0
2025-01-02,0.012263675572221189,0.016060736,0,96984.79,0,37.709,0,-0.31958967,0,-0.0101863890886306,0
2025-01-03,0.0004718144831972193,0.00059526763,0,98174.18,0,102.81600000000002,0,0.07101695,0,-0.0335907936096191,0
2025-01-04,0.0014570278098766654,0.00026941858,0,98220.5,0,13.981999999999996,0,-0.94127524,0,-0.0435927882790565,0
2025-01-05,0.039364049367443865,0.019247504,0,98363.61,0,13.291000000000004,0,-0.33742267,0,-0.0443490147590637,0
2025-01-06,-0.05165509861535522,-0.023429569,0,102235.6,0,30.18000000000003,0,0.36447138,0,-0.0381714701652526,0
2025-01-07,-0.01953491432743626,-0.022660974,0,96954.61,0,195.63399999999936,0,0.18969573,0,-0.0197541043162345,0
2025-01-08,-0.026384429891623817,-0.009130865,0,95060.61,0,183.4339999999997,0,-0.7979622,0,0.0082095116376876,0
2025-01-09,0.02348526765730452,0.0028431881,0,92552.49,0,127.57300000000023,0,0.5094194,0,0.0374721065163612,0
2025-01-10,-0.0013314174940783907,-0.0038864056,0,94726.11,0,48.302000000000056,0,-0.9089693,0,0.0572501197457313,0
2025-01-11,-0.0005806554525006336,-0.0088456245,0,94599.99,0,16.081,0,-0.25092477,0,0.0626179203391075,0
2025-01-12,-9.476962625010188e-05,-0.0028004493,0,94545.06,0,125.76000000000003,0,0.04226385,0,0.0536326803267002,0
2025-01-13,0.021417849900725594,0.007960364,0,94536.1,0,136.63699999999992,0,0.67199826,0,0.0395007319748401,0
2025-01-14,0.04076693186038316,0.035876166,0,96560.86,0,57.05400000000001,0,-0.7828042,0,0.0204344876110553,0
2025-01-15,-0.005075258203325772,-0.009499565,0,100497.35,0,32.456999999999994,0,0.87971133,0,0.0029982179403305,0
2025-01-16,0.04090699518838892,0.026309796,0,99987.3,0,121.51700000000018,0,-0.117098525,0,-0.0103919543325901,0
2025-01-17,0.0045999384304846735,-0.006585686,0,104077.48,0,45.78300000000004,0,0.35836172,0,-0.0249055176973342,0
2025-01-18,-0.030841395103859304,-0.013600944,0,104556.23,0,102.65900000000016,0,-0.6229172,0,-0.0352641493082046,0
2025-01-19,0.009162396279856155,-0.004575135,0,101331.57,0,322.7839999999993,0,0.7292751,0,-0.040544755756855,0
2025-01-20,0.03797975376689289,0.021039411,0,102260.01,0,140.1650000000003,0,-0.017782822,0,-0.0393736734986305,0
2025-01-21,-0.022960922265658046,-0.018281896,0,106143.82,0,49.557999999999986,0,1.0575736,0,-0.0323425009846687,0
2025-01-22,0.0019640011547956693,-0.003346323,0,103706.66,0,31.112000000000037,0,-0.59720135,0,-0.0208431556820869,0
2025-01-23,0.009240273874573157,0.0027816046,0,103910.34,0,101.59000000000016,0,0.76146793,0,-0.009815227240324,0
2025-01-24,-0.0011790732379457491,-0.0027956965,0,104870.5,0,43.43900000000002,0,0.15508898,0,-0.0024168118834495,0
2025-01-25,-0.020304667873067395,-0.00787414,0,104746.85,0,12.299999999999985,0,0.8658045,0,-0.0003622025251388,0
2025-01-26,-0.0052345546677060595,-0.007001321,0,102620.0,0,64.65800000000002,0,-0.10563263,0,-0.0042898096144199,0
2025-01-27,-0.0073206238502596666,-0.0034694565,0,102082.83,0,362.2649999999982,0,1.3563447,0,-0.0133900493383407,0
2025-01-28,0.023661199942527578,0.010215807,0,101335.52,0,60.85699999999997,0,-0.4669459,0,-0.0353298038244247,0
2025-01-29,0.00954081835292131,0.012285251,0,103733.24,0,36.141,0,0.07541709,0,-0.0510985925793647,0
2025-01-30,-0.021899499765762886,-0.0032544332,0,104722.94,0,13.619000000000003,0,-0.5860406,0,-0.0589033141732215,0
2025-01-31,-0.01751359666096397,-0.015117622,0,102429.56,0,83.968,0,0.35283095,0,-0.0556779131293296,0
2025-02-01,-0.029165211334154395,-0.01597771,0,100635.65,0,118.34400000000032,0,-0.88815033,0,-0.0485170409083366,0
2025-02-02,0.03713314320824468,0.018654443,0,97700.59,0,269.5919999999994,0,0.7787109,0,-0.0360514000058174,0
2025-02-03,-0.03518644109279401,-0.031730644,0,101328.52,0,277.58899999999863,0,-0.20828749,0,-0.0201043114066123,0
2025-02-04,-0.011770285996367091,-0.008115845,0,97763.13,0,162.57899999999984,0,0.35556865,0,-0.0108425915241241,0
2025-02-05,-0.0006011648811647952,0.005879919,0,96612.43,0,74.48600000000005,0,-1.3626981,0,0.0004870407283306,0
2025-02-06,-0.0004924687494659574,0.0024054102,0,96554.35,0,55.670000000000066,0,0.4361223,0,0.0100813694298267,0
2025-02-07,-0.0006430634939713631,0.0039966656,0,96506.8,0,72.53100000000008,0,-0.15910663,0,0.0137037970125675,0
2025-02-08,0.00018673905907151678,0.0056066792,0,96444.74,0,16.09500000000001,0,0.7167869,0,0.008663710206747,0
2025-02-09,0.010035687350816946,0.0027231895,0,96462.75,0,48.86500000000005,0,0.0103375465,0,0.0013913996517658,0
2025-02-10,-0.016961983897908373,-0.01211091,0,97430.82,0,23.419000000000008,0,-0.022953793,0,-0.0056906528770923,0
2025-02-11,0.021839938524633062,0.011872626,0,95778.2,0,47.56500000000004,0,-0.7847874,0,-0.0084473118185997,0
2025-02-12,-0.0128931248485874,0.0076219877,0,97869.99,0,47.6610000000001,0,0.6263088,0,-0.010470412671566,0
2025-02-13,0.009236695789816451,-0.0006961005,0,96608.14,0,50.30900000000004,0,0.66981727,0,-0.0104436427354812,0
2025-02-14,0.0007095349684433927,0.00042454526,0,97500.48,0,30.373,0,0.62844723,0,-0.0089790001511573,0
2025-02-15,-0.014876960727340904,-0.008503852,0,97569.66,0,6.676999999999997,0,-0.7834404,0,-0.0112461596727371,0
2025-02-16,-0.0035177550289164916,0.0070141694,0,96118.12,0,27.82299999999999,0,0.18397324,0,-0.0243211314082145,0
2025-02-17,-0.0011302986009604776,0.0035350753,0,95780.0,0,55.017000000000074,0,-0.5373257,0,-0.0486422330141067,0
2025-02-18,0.01016632497746972,0.0053030457,0,95671.74,0,164.39699999999996,0,0.27240086,0,-0.080147884786129,0
2025-02-19,0.017182894357943512,0.00423559,0,96644.37,0,16.654999999999994,0,-0.6316644,0,-0.1044361665844917,0
2025-02-20,-0.02159625654849706,-0.018883321,0,98305.0,0,18.699999999999985,0,-0.19255765,0,-0.1128729805350303,0
2025-02-21,0.0038367893861199764,-0.00675031,0,96181.98,0,192.30599999999995,0,-0.030023858,0,-0.1053048893809318,0
2025-02-22,-0.003034768875022631,-0.0024396742,0,96551.01,0,2.521999999999996,0,1.1257755,0,-0.088803507387638,0
2025-02-23,-0.04888030085811046,-0.009363636,0,96258.0,0,17.110000000000014,0,-0.60609007,0,-0.0568139851093292,0
2025-02-24,-0.0313750916410277,-0.0151640065,0,91552.88,0,232.94999999999985,0,-0.57010156,0,-0.0169365108013153,0
2025-02-25,-0.04995816437454048,-0.014193216,0,88680.4,0,555.3369999999965,0,-1.1181251,0,0.0211366973817348,0
2025-02-26,0.005442011990729023,0.0067355456,0,84250.09,0,177.41500000000008,0,-0.64093965,0,0.0468324981629848,0
2025-02-27,-0.0042338096093689215,0.0062044277,0,84708.58,0,117.18399999999986,0,-1.275235,0,0.0483987666666507,0
2025-02-28,0.02032710396711601,0.024187699,0,84349.94,0,481.40199999999834,0,-0.34601432,0,0.016453567892313,0
2025-03-01,0.09534090292481712,0.077645555,0,86064.53,0,49.77200000000001,0,0.063865975,0,-0.0243984460830688,0
2025-03-02,-0.08538654927336375,-0.085786715,0,94270.0,0,90.428,0,0.3126576,0,-0.0584897622466087,0
2025-03-03,0.012309933784973248,0.012430879,0,86220.61,0,283.4039999999996,0,1.5949166,0,-0.0747861191630363,0
2025-03-04,0.038083806073143656,0.02635213,0,87281.98,0,174.18699999999953,0,2.6240094,0,-0.0866043791174888,0
2025-03-05,-0.007440124556858829,-0.0013080202,0,90606.01,0,130.58199999999977,0,-0.092860505,0,-0.0825066193938255,0
2025-03-06,-0.034805673493573885,-0.022055548,0,89931.89,0,89.74300000000001,0,1.0342257,0,-0.0614787191152572,0
2025-03-07,-0.006673828580645025,0.0023595192,0,86801.75,0,263.92099999999937,0,0.1733236,0,-0.035224549472332,0
2025-03-08,-0.0636502442229373,-0.04056809,0,86222.45,0,29.48399999999997,0,-1.9256641,0,-0.0013435818254947,0
2025-03-09,-0.026488223045525672,-0.021891486,0,80734.37,0,598.1539999999998,0,-1.7130591,0,0.0274081081151962,0
2025-03-10,0.055182677560879245,0.056992766,0,78595.86,0,220.961999999999,0,0.5539459,0,0.0461709164083004,0
2025-03-11,0.009008839546240877,0.015632857,0,82932.99,0,106.2230000000002,0,-0.2787041,0,0.0464025065302848,0
2025-03-12,-0.030644554525017353,-0.027477842,0,83680.12,0,104.92000000000009,0,-0.5942056,0,0.0371726751327514,0
2025-03-13,0.03534971863674374,0.03486148,0,81115.78,0,95.62900000000003,0,0.030743554,0,0.02701361104846,0
2025-03-14,0.004229893597767154,0.021041177,0,83983.2,0,21.943,0,-0.55863535,0,0.0149601176381111,0
2025-03-15,-0.020914662400679962,-0.015966259,0,84338.44,0,10.829999999999986,0,-2.2979102,0,0.0197427533566951,0
2025-03-16,0.017384295133135996,0.010431953,0,82574.53,0,185.79,0,-0.3978085,0,0.0319033339619636,0
2025-03-17,-0.015414826063030795,-0.0013799241,0,84010.03,0,35.56700000000005,0,0.45949054,0,0.0432692691683769,0
2025-03-18,0.04994146771149088,0.034317777,0,82715.03,0,50.39000000000003,0,-1.1695516,0,0.052602645009756,0
2025-03-19,-0.030197727147636355,-0.01320097,0,86845.94,0,29.23999999999999,0,-1.4530447,0,0.0439020320773124,0
2025-03-20,-0.0015981308755205204,0.0013884997,0,84223.39,0,90.53200000000002,0,0.14372063,0,0.032131128013134,0
2025-03-21,-0.0029516419489445944,0.0042671603,0,84088.79,0,33.66700000000003,0,-1.1822265,0,0.0122054778039455,0
2025-03-22,0.02674015056430301,0.01305879,0,83840.59,0,10.188999999999997,0,0.6322638,0,-0.0111051388084888,0
2025-03-23,0.01644538669299811,0.012285392,0,86082.5,0,4.374999999999995,0,1.7170469,0,-0.036689780652523,0
2025-03-24,-0.0012033395902268929,0.0041179634,0,87498.16,0,87.583,0,0.6196387,0,-0.0589304789900779,0
2025-03-25,-0.005534776464029556,-0.0055647204,0,87392.87,0,30.26699999999998,0,-1.0237389,0,-0.0615078210830688,0
2025-03-26,0.003714682811951864,-0.009115446,0,86909.17,0,47.742000000000075,0,0.4208548,0,-0.0494582504034042,0
2025-03-27,-0.0321857767578666,-0.020110415,0,87232.01,0,29.204999999999977,0,-0.035134897,0,-0.0340794399380683,0
2025-03-28,-0.02103468216171689,-0.009464296,0,84424.38,0,139.8250000000001,0,-0.5684676,0,-0.0202303603291511,0
2025-03-29,-0.0031283069247198814,-0.007371234,0,82648.54,0,84.988,0,-0.030804023,0,-0.0247319936752319,0
2025-03-30,0.0019422262340362817,0.003933871,0,82389.99,0,130.54500000000007,0,0.52443546,0,-0.0319331511855125,0
2025-03-31,0.031596967704788925,0.0009974719,0,82550.01,0,80.22600000000014,0,0.76255965,0,-0.0364715829491615,0
2025-04-01,-0.0310251468030025,-0.009357979,0,85158.34,0,36.324000000000005,0,1.8290101,0,-0.0382005870342254,0
2025-04-02,0.008444393222235336,-0.00048907957,0,82516.29,0,118.76900000000006,0,0.46846837,0,-0.0304010212421417,0
2025-04-03,0.00813309540602325,0.002732598,0,83213.09,0,55.837000000000096,0,1.017977,0,-0.0174297168850898,0
2025-04-04,-0.004194546969735313,-0.0032734857,0,83889.87,0,111.22199999999994,0,-0.46901244,0,-0.0140266120433807,0
2025-04-05,-0.061145713465215135,-0.05121178,0,83537.99,0,31.133999999999947,0,-1.0144094,0,0.0231056995689868,0
2025-04-06,0.009348973607038236,-0.0010835447,0,78430.0,0,156.1020000000003,0,-0.31969208,0,0.0757403001189231,0
2025-04-07,-0.03588559538492875,-0.009061419,0,79163.24,0,245.6119999999997,0,1.284856,0,0.0950036942958831,0
2025-04-08,0.0824502158081466,0.059315518,0,76322.42,0,120.93400000000015,0,1.1891088,0,0.0793186053633689,0
2025-04-09,-0.036408787630172745,-0.021839123,0,82615.22,0,170.03099999999995,0,0.32816273,0,0.0480525344610214,0
2025-04-10,0.047942085713244875,0.024578877,0,79607.3,0,122.58700000000007,0,0.3576784,0,0.0363333150744438,0
2025-04-11,0.022212595344448305,0.0121115465,0,83423.84,0,85.14000000000009,0,0.25600636,0,0.0202528685331344,0
2025-04-12,-0.017787935537056265,-0.015402034,0,85276.9,0,23.358999999999995,0,0.43337315,0,0.0251049399375915,0
2025-04-13,0.009928127984718316,0.008585535,0,83760.0,0,63.71800000000011,0,-0.4401716,0,0.0369396433234214,0
2025-04-14,-0.011201942320973268,-0.0009493374,0,84591.58,0,45.249000000000066,0,1.1109332,0,0.0558879636228084,0
2025-04-15,0.004619459210398746,-0.00017449044,0,83643.99,0,47.94800000000007,0,-0.13043867,0,0.0881286859512329,0
2025-04-16,0.010919027142326287,0.0058863834,0,84030.38,0,76.76400000000002,0,0.8024727,0,0.1107984110713005,0
2025-04-17,-0.005570707978571843,-0.0015119695,0,84947.91,0,49.08500000000004,0,0.90076435,0,0.1126103922724723,0
2025-04-18,0.007130183016948566,-0.0012324621,0,84474.69,0,7.217999999999995,0,0.8813549,0,0.1120290458202362,0
2025-04-19,0.0012016172171542827,-0.0015648459,0,85077.01,0,3.6919999999999984,0,0.99246776,0,0.1015137434005737,0
2025-04-20,0.02743614523914495,0.017956078,0,85179.24,0,38.68700000000004,0,2.418799,0,0.0822359845042228,0
2025-04-21,0.0677218385664009,0.03583586,0,87516.23,0,45.18900000000003,0,2.3275976,0,0.0588801577687263,0
2025-04-22,0.0026549878166355345,-0.0036607569,0,93442.99,0,41.433999999999955,0,0.40239847,0,0.0288726761937141,0
2025-04-23,0.0030887678955136,-0.0022895467,0,93691.08,0,75.58800000000008,0,3.1763363,0,0.0165258981287479,0
2025-04-24,0.007003689170739236,0.00012406614,0,93980.47,0,34.718999999999994,0,0.7949007,0,0.0119284279644489,0
2025-04-25,-0.0001128502637609552,-0.0015458358,0,94638.68,0,32.92100000000001,0,-0.6795131,0,0.0098685547709465,0
2025-04-26,-0.009285835059390402,-0.008786634,0,94628.0,0,14.837000000000003,0,1.369683,0,0.007088117301464,0
2025-04-27,0.013460153835815225,-0.0018885548,0,93749.3,0,23.19599999999998,0,-1.1307002,0,0.0036015920341014,0
2025-04-28,-0.007939697201950202,-0.01246633,0,95011.18,0,47.434000000000054,0,1.8861576,0,0.0071032866835594,0
2025-04-29,-0.0008998818334843284,-0.0038397806,0,94256.82,0,38.19400000000002,0,1.4860438,0,0.0209176577627658,0
2025-04-30,0.024613579407891883,-0.0047395295,0,94172.0,0,43.87200000000006,0,0.5868196,0,0.0439593568444252,0
2025-05-01,0.004116803508263045,-0.0070273858,0,96489.91,0,18.004999999999985,0,-0.2817061,0,0.0658523887395858,0
2025-05-02,-0.010638357164841517,-0.006136909,0,96887.14,0,23.97700000000002,0,0.9066081,0,0.0839392244815826,0
2025-05-03,-0.016470466975503584,-0.009246514,0,95856.42,0,60.94000000000004,0,-1.6703085,0,0.0915721356868743,0
2025-05-04,0.0048374152847727725,-0.01285713,0,94277.62,0,42.941,0,0.19113807,0,0.0854298323392868,0
2025-05-05,0.022170995574119168,0.004292329,0,94733.68,0,40.71500000000009,0,-0.6436327,0,0.0700519308447837,0
2025-05-06,0.0020290389679165077,0.0020107154,0,96834.02,0,68.98900000000016,0,0.035448715,0,0.0494395494461059,0
2025-05-07,0.06421795208723036,0.023298455,0,97030.5,0,28.70700000000001,0,-0.8422488,0,0.0288226827979087,0
2025-05-08,-0.002804624371499198,-0.0065255864,0,103261.6,0,50.126000000000026,0,1.0286412,0,0.0153261795639991,0
2025-05-09,0.017845046988020696,0.0052509014,0,102971.99,0,36.42,0,0.25674593,0,0.0089999139308929,0
2025-05-10,-0.006597968715249425,-0.0123185245,0,104809.53,0,8.201999999999996,0,0.8897854,0,0.0102873556315898,0
2025-05-11,-0.01274208110028996,-0.006672427,0,104118.0,0,52.51000000000007,0,0.093977585,0,0.0181459113955497,0
2025-05-12,0.012767615008738131,-0.0025772434,0,102791.32,0,103.1770000000001,0,1.5525414,0,0.0293385237455368,0
2025-05-13,-0.005724099004339123,-0.005374985,0,104103.72,0,22.545,0,0.23206717,0,0.0426313020288944,0
2025-05-14,0.0024721803627976158,-0.005347724,0,103507.82,0,38.802000000000014,0,-0.09106079,0,0.0472860373556613,0
2025-05-15,-0.002889353127408567,-0.008116517,0,103763.71,0,93.71400000000006,0,0.12598391,0,0.0442613698542118,0
2025-05-16,-0.00325959102643536,-0.0039015003,0,103463.9,0,18.677000000000017,0,1.1381861,0,0.0359662026166915,0
2025-05-17,0.0322672170578604,0.00543805,0,103126.65,0,33.53200000000001,0,-0.059313253,0,0.0246689245104789,0
2025-05-18,-0.008271345834351629,-0.0009699373,0,106454.26,0,43.375000000000014,0,0.40021062,0,0.0123881436884403,0
2025-05-19,0.012088706907607882,0.005545406,0,105573.74,0,59.23299999999994,0,0.38174593,0,0.002162579447031,0
2025-05-20,0.02614880918566298,0.007569211,0,106849.99,0,38.99800000000008,0,-0.94301045,0,-0.0065798014402389,0
2025-05-21,0.018717122570968137,0.009910656,0,109643.99,0,50.21300000000007,0,-0.4006853,0,-0.0104673951864242,0
2025-05-22,-0.03919479452346686,-0.023668047,0,111696.21,0,22.018000000000026,0,1.0401613,0,-0.0180305317044258,0
2025-05-23,0.004133591381898505,0.00042492402,0,107318.3,0,105.8940000000002,0,1.0194627,0,-0.0202012434601783,0
2025-05-24,0.011528006509906819,0.010542562,0,107761.91,0,18.647,0,0.96575713,0,-0.0268894210457801,0
2025-05-25,0.003950306864350717,0.0013800648,0,109004.19,0,24.099999999999984,0,1.1855191,0,-0.0324833318591117,0
2025-05-26,-0.004538044985511469,-0.009425794,0,109434.79,0,9.832999999999991,0,2.32582,0,-0.0374575331807136,0
2025-05-27,-0.010615103962183348,-0.005194225,0,108938.17,0,74.39800000000002,0,1.5327421,0,-0.0363486781716346,0
2025-05-28,-0.02033766746104948,-0.00993195,0,107781.78,0,41.372000000000014,0,0.34820294,0,-0.0302850008010864,0
2025-05-29,-0.015193425498213675,-0.0076139392,0,105589.75,0,61.56999999999997,0,1.3530825,0,-0.0250511765480041,0
2025-05-30,0.005831583409529939,0.0026057987,0,103985.48,0,139.84600000000032,0,-0.43452275,0,-0.0185920074582099,0
2025-05-31,0.0100490592577549,0.0056690304,0,104591.88,0,93.86700000000016,0,-0.051572368,0,-0.0099483430385589,0
2025-06-01,0.0020357254385126033,-0.0072070463,0,105642.93,0,18.18000000000001,0,1.6197804,0,-0.0017457529902458,0
2025-06-02,-0.004544767948078454,-0.003700579,0,105857.99,0,23.27500000000003,0,1.7822367,0,0.0113764703273773,0
2025-06-03,-0.00645331248625769,-0.0021036142,0,105376.89,0,31.713000000000022,0,2.3656902,0,0.0215295739471912,0
2025-06-04,-0.030451534076571196,-0.013666573,0,104696.86,0,29.899000000000022,0,1.9239663,0,0.0255440715700387,0
2025-06-05,0.027384456186406947,0.011626343,0,101508.68,0,119.57100000000014,0,1.2082255,0,0.0203819796442985,0
2025-06-06,0.012117450409652175,0.012243425,0,104288.44,0,18.475999999999992,0,-0.94059765,0,0.0065281428396701,0
2025-06-07,0.0017228450581063814,0.003602916,0,105552.15,0,1.690999999999998,0,1.0704137,0,-0.0058237984776496,0
2025-06-08,0.042834093101556725,0.01313608,0,105734.0,0,9.682999999999996,0,-0.6780334,0,-0.0180607214570045,0
2025-06-09,0.00010311707406529536,-0.0025921103,0,110263.02,0,11.140999999999996,0,1.2141703,0,-0.0277021750807762,0
2025-06-10,-0.014774690660270262,-0.010244096,0,110274.39,0,116.75400000000022,0,1.3585795,0,-0.0339899286627769,0
2025-06-11,-0.027367911232460296,-0.011435136,0,108645.12,0,40.878000000000064,0,1.3883843,0,-0.0351437106728553,0
2025-06-12,0.003736666372359032,0.0033328973,0,105671.73,0,2021.626999999998,0,0.36387867,0,-0.0331450700759887,0
2025-06-13,-0.0061466103511010894,-0.000915125,0,106066.59,0,119.87900000000032,0,2.5326366,0,-0.0303174033761024,0
2025-06-14,0.0017015663099546607,-8.848659e-05,0,105414.64,0,15.232999999999974,0,-0.09059855,0,-0.0386461839079856,0
2025-06-15,0.011369205507016922,0.0014783746,0,105594.01,0,12.905999999999992,0,0.89973724,0,-0.0378705039620399,0
2025-06-16,-0.02100631933114927,-0.016389001,0,106794.53,0,22.860000000000007,0,1.2319214,0,-0.0266254544258117,0
2025-06-17,0.0032100071190022117,-0.0044987486,0,104551.17,0,118.91500000000032,0,1.0576918,0,-0.0062941461801528,0
2025-06-18,-0.002175583996381625,0.00064909004,0,104886.78,0,53.818000000000026,0,-1.4958938,0,0.0093845501542091,0
2025-06-19,-0.013000366238452021,-0.0048379186,0,104658.59,0,18.871,0,1.4471737,0,0.0242191292345523,0
2025-06-20,-0.011403706887229914,-0.0068521425,0,103297.99,0,110.1450000000003,0,-0.59259427,0,0.0291675701737403,0
2025-06-21,-0.01132138549535977,-0.0023261956,0,102120.01,0,76.52400000000027,0,1.0051606,0,0.0323684811592102,0
2025-06-22,0.043283404251441615,0.00757511,0,100963.87,0,108.47700000000012,0,1.1106255,0,0.0311529263854026,0
2025-06-23,0.007111383767794521,0.0024957496,0,105333.93,0,53.377999999999986,0,1.1403643,0,0.0268228109925985,0
2025-06-24,0.01185467982617383,0.0044875885,0,106083.0,0,40.30099999999996,0,0.08221246,0,0.0230392627418041,0
2025-06-25,-0.0036660878858676416,-0.0006033925,0,107340.58,0,20.802,0,1.6929717,0,0.0241240579634904,0
2025-06-26,0.0009399977895605538,-0.004257028,0,106947.06,0,23.64200000000002,0,-0.17412625,0,0.0240062773227691,0
2025-06-27,0.002327936574751499,0.006803802,0,107047.59,0,23.727000000000007,0,-1.0955397,0,0.0208737794309854,0
2025-06-28,0.009880444699230884,0.0047894986,0,107296.79,0,0.7690000000000001,0,-2.0169368,0,0.0165970027446746,0
2025-06-29,-0.011170766835125301,0.00065203256,0,108356.93,0,10.538999999999998,0,-0.7458425,0,0.0127427652478218,0
2025-06-30,-0.013676228341569674,-0.009629,0,107146.5,0,35.60900000000001,0,-0.4671622,0,0.0115086324512958,0
2025-07-01,0.02998131927797143,0.0068640737,0,105681.14,0,68.44700000000005,0,0.12164363,0,0.0131534710526466,0
2025-07-02,0.006754090047184302,0.0007693749,0,108849.6,0,18.227000000000025,0,0.4945622,0,0.015719961374998,0
2025-07-03,-0.014605495398174795,-0.008900206,0,109584.78,0,31.49700000000003,0,0.78953993,0,0.0261326320469379,0
2025-07-04,0.001980659399927198,-0.004159124,0,107984.24,0,67.99800000000005,0,0.66500115,0,0.0440990552306175,0
2025-07-05,0.009295170747883663,-0.008372093,0,108198.12,0,2.8169999999999975,0,1.1806388,0,0.0655767619609832,0
2025-07-06,-0.00861599738617247,-0.004606273,0,109203.84,0,7.477000000000001,0,0.39852798,0,0.0833583176136016,0
2025-07-07,0.006096638424931022,-0.0023993046,0,108262.94,0,35.629000000000026,0,1.0155466,0,0.0876257792115211,0
2025-07-08,0.02121691859697572,0.002290194,0,108922.98,0,18.005999999999993,0,1.2494875,0,0.0775608271360397,0
2025-07-09,0.04293660597808269,5.1029914e-05,0,111233.99,0,19.71300000000002,0,0.69996727,0,0.0631679370999336,0
2025-07-10,0.013082148090681978,-0.0012427291,0,116010.0,0,32.12700000000002,0,0.80458724,0,0.0541565902531147,0
2025-07-11,-0.000916039679510372,-8.809776e-05,0,117527.66,0,55.83200000000005,0,0.72797656,0,0.0484892465174198,0
2025-07-12,0.014193834099812674,-0.010331735,0,117420.0,0,20.276000000000018,0,0.123723105,0,0.0403318032622337,0
2025-07-13,0.006336059191862198,-0.0062271254,0,119086.64,0,13.002999999999997,0,0.9236451,0,0.0304674003273248,0
2025-07-14,-0.01738208852749945,-0.011615106,0,119841.18,0,63.469999999999985,0,2.1498997,0,0.0116858668625354,0
2025-07-15,0.007407898684498093,0.000673458,0,117758.09,0,119.67800000000037,0,1.0761752,0,-0.0022924095392227,0
2025-07-16,0.004612054428193568,-0.016902825,0,118630.43,0,48.20600000000002,0,-0.20496337,0,-0.0134852454066276,0
2025-07-17,-0.010511374792368633,-0.003678852,0,119177.56,0,49.71299999999995,0,1.5621936,0,-0.0227696150541305,0
2025-07-18,-0.0007194412983727583,-0.008652943,0,117924.84,0,547.8909999999956,0,1.9019145,0,-0.0286287441849708,0
2025-07-19,-0.004878479293957905,-0.00505425,0,117840.0,0,17.822,0,-0.60715526,0,-0.0304151251912117,0
2025-07-20,0.00098273041463659,-0.010777419,0,117265.12,0,17.585999999999995,0,0.95348537,0,-0.0289832949638366,0
2025-07-21,0.02192922223104432,-0.009145128,0,117380.36,0,52.80200000000003,0,1.9008267,0,-0.0262655243277549,0
2025-07-22,-0.009990711471907332,-0.011426345,0,119954.42,0,49.90900000000006,0,1.1169406,0,-0.0242694094777107,0
2025-07-23,-0.0034945605691132364,-0.008524807,0,118755.99,0,77.79200000000012,0,0.1726519,0,-0.0234858319163322,0
2025-07-24,-0.0061405604262733116,-0.010105357,0,118340.99,0,88.26400000000012,0,0.8360561,0,-0.0229121968150138,0
2025-07-25,0.0025990034716014687,-0.008835359,0,117614.31,0,179.7710000000001,0,0.30927855,0,-0.0238463878631591,0
2025-07-26,0.01268283689644134,-0.0035843481,0,117919.99,0,0.8710000000000002,0,0.78373104,0,-0.0249660015106201,0
2025-07-27,-0.011332108758030257,0.0046276315,0,119415.55,0,9.320000000000004,0,-0.020806655,0,-0.0259529501199722,0
2025-07-28,-0.0009449246804570377,0.00359204,0,118062.32,0,74.75500000000007,0,0.52645653,0,-0.025944210588932,0
2025-07-29,-0.000936492482117024,0.00569454,0,117950.76,0,51.72700000000002,0,0.84162366,0,-0.0244402661919593,0
2025-07-30,-0.017618930026484958,-0.010159061,0,117840.3,0,59.25599999999998,0,0.565287,0,-0.0211966410279274,0
2025-07-31,-0.021303240176054672,-0.0093003735,0,115764.08,0,100.79200000000009,0,1.0359532,0,-0.015875406563282,0
2025-08-01,-0.00663366047376146,-0.008546587,0,113297.93,0,160.15700000000035,0,1.4637998,0,-0.0087437182664871,0
2025-08-02,0.014771247579330682,0.0050656293,0,112546.35,0,50.253000000000064,0,-0.16347258,0,0.002558134496212,0
2025-08-03,0.00740949909288946,0.0010647113,0,114208.8,0,6.820000000000003,0,0.052053943,0,0.0163312703371047,0
2025-08-04,-0.008042064740672372,-0.009157179,0,115055.03,0,16.855,0,1.972795,0,0.0337694212794303,0
2025-08-05,0.007557363439418818,0.0022980925,0,114129.75,0,52.20899999999998,0,0.56786966,0,0.0488327369093894,0
2025-08-06,0.021564406024856986,0.002271845,0,114992.27,0,16.972999999999992,0,-0.44351465,0,0.0593981631100177,0
2025-08-07,-0.006786893320374743,-0.0014233557,0,117472.01,0,16.196999999999992,0,1.2204483,0,0.0582547262310981,0
2025-08-08,-0.0018212168289383213,-0.0007921343,0,116674.74,0,20.918000000000003,0,1.4643853,0,0.0446601025760173,0
2025-08-09,0.024314831629991707,0.0031006646,0,116462.25,0,16.69199999999999,0,-0.83331037,0,0.0246348567306995,0
2025-08-10,-0.005096735368355865,-0.004622273,0,119294.01,0,25.663000000000004,0,0.4878174,0,0.0064482651650905,0
2025-08-11,0.012200933555769122,-0.0062134955,0,118686.0,0,97.12600000000003,0,2.7422009,0,-0.0071734525263309,0
2025-08-12,0.02640674486373884,0.0037923853,0,120134.08,0,22.710999999999984,0,0.27285922,0,-0.0168265029788017,0
2025-08-13,-0.0406413517932519,-0.010136769,0,123306.43,0,37.077000000000005,0,0.16121532,0,-0.0228330269455909,0
2025-08-14,-0.008056462867562786,-0.013132709,0,118295.09,0,93.48300000000027,0,0.8750015,0,-0.0328279063105583,0
2025-08-15,0.00032903805583761603,0.012402609,0,117342.05,0,93.20400000000006,0,-0.7756244,0,-0.0321741476655006,0
2025-08-16,0.0002074447357851561,0.0045617237,0,117380.66,0,6.135999999999998,0,-0.7782068,0,-0.0262896791100502,0
2025-08-17,-0.010033302667407429,-0.006810608,0,117405.01,0,45.45099999999999,0,1.2924386,0,-0.0203576311469078,0
2025-08-18,-0.028858256318128994,0.000886227,0,116227.05,0,82.06200000000018,0,1.0223308,0,-0.017946682870388,0
2025-08-19,0.012388265956393196,-0.0023971999,0,112872.94,0,199.29399999999995,0,0.983881,0,-0.0201091393828392,0
2025-08-20,-0.01550031311465605,0.0010159626,0,114271.24,0,48.53299999999999,0,0.87627137,0,-0.0259455367922782,0
2025-08-21,0.03943102222222228,0.0014457549,0,112500.0,0,51.24200000000005,0,2.0464017,0,-0.0337921679019928,0
2025-08-22,-0.012809914210329953,0.0053812866,0,116935.99,0,46.180999999999976,0,1.8390813,0,-0.0402678996324539,0
2025-08-23,-0.01684418612407268,-0.0012897779,0,115438.05,0,38.44800000000003,0,-0.10965575,0,-0.0437126979231834,0
2025-08-24,-0.029795603434519924,-0.0003406282,0,113493.59,0,43.638000000000055,0,0.016568586,0,-0.0409845039248466,0
2025-08-25,0.01499600679235824,-0.00060987915,0,110111.98,0,141.12500000000065,0,1.132777,0,-0.0330007150769233,0
2025-08-26,-0.004484570147495814,-0.0044445386,0,111763.22,0,29.181000000000054,0,-1.7722373,0,-0.021120898425579,0
2025-08-27,0.011728082208833035,-0.0031476095,0,111262.01,0,37.68300000000006,0,1.0508672,0,-0.0084056556224823,0
2025-08-28,-0.03721786777462999,0.010093068,0,112566.9,0,51.006,0,2.160763,0,0.0036736913025379,0
2025-08-29,0.004050014117334522,0.0040927893,0,108377.4,0,98.08500000000038,0,0.61393595,0,0.0125398412346839,0
2025-08-30,-0.005238000583184466,0.0026203948,0,108816.33,0,29.195000000000057,0,0.62593275,0,0.0189314279705286,0
2025-08-31,0.009155689776144893,-0.0068619195,0,108246.35,0,38.168999999999976,0,1.6194457,0,0.0204253699630498,0
2025-09-01,0.018332454208457083,-0.0031285346,0,109237.42,0,74.47000000000011,0,1.0909979,0,0.0180065482854843,0
2025-09-02,0.004186443348935365,0.005773022,0,111240.01,0,46.54599999999999,0,1.7575655,0,0.0208285301923751,0
2025-09-03,-0.008726859173089796,-0.004700974,0,111705.71,0,23.31799999999999,0,1.45111,0,0.0238147862255573,0
2025-09-04,-0.0006401105671796081,-0.006334469,0,110730.87,0,56.42200000000005,0,-0.09096305,0,0.0274387709796428,0
2025-09-05,-0.004265498307021387,0.0032092493,0,110659.99,0,47.38700000000005,0,1.7849559,0,0.0325329266488552,0
2025-09-06,0.008615913334277803,-0.008127458,0,110187.97,0,14.964999999999996,0,2.3960094,0,0.0383005067706108,0
2025-09-07,0.008349039125823854,0.0021489179,0,111137.34,0,7.833999999999993,0,0.51289743,0,0.0416518524289131,0
2025-09-08,-0.0046298035528057335,-0.004688744,0,112065.23,0,27.77100000000001,0,0.8302932,0,0.0401953347027301,0
2025-09-09,0.02163772399985331,-0.0013637152,0,111546.39,0,67.04000000000002,0,-0.63218963,0,0.0338513292372226,0
2025-09-10,0.013361618111618068,0.0015596894,0,113960.0,0,23.300000000000033,0,-0.2477658,0,0.0246218964457511,0
2025-09-11,0.004734302604139096,-0.0053116675,0,115482.69,0,12.365999999999993,0,-0.0320767,0,0.0150426402688026,0
2025-09-12,-0.0009577743299932218,-0.0043233456,0,116029.42,0,19.153,0,-0.8990842,0,0.0062423571944236,0
2025-09-13,-0.005609813602322822,-0.015847363,0,115918.29,0,17.212000000000007,0,0.32441634,0,0.0003286004066467,0
2025-09-14,0.000708782948538822,-0.010569025,0,115268.01,0,37.58899999999994,0,2.4891064,0,-0.0170331448316574,0
2025-09-15,0.012477274541912609,0.0012083767,0,115349.71,0,38.615999999999985,0,1.8514242,0,-0.0288098752498626,0
2025-09-16,-0.0029229646363835293,-0.0035715501,0,116788.96,0,18.367999999999995,0,2.4882338,0,-0.0365889444947242,0
2025-09-17,0.005375293726559649,-0.0016975977,0,116447.59,0,46.611999999999966,0,2.2160676,0,-0.0420727506279945,0
2025-09-18,-0.01230978514101344,-0.0071789655,0,117073.53,0,13.582000000000011,0,1.9386003,0,-0.0454996898770332,0
2025-09-19,0.0004605111474831336,-0.012454402,0,115632.38,0,69.41500000000009,0,0.5699468,0,-0.0458732470870018,0
2025-09-20,-0.003918723526854739,-0.0137896575,0,115685.63,0,8.205999999999989,0,0.7278179,0,-0.042400449514389,0
2025-09-21,-0.022400839209218093,-0.010910198,0,115232.29,0,14.988999999999969,0,-0.13851066,0,-0.0362342968583107,0
2025-09-22,-0.005789474198140687,-0.008580182,0,112650.99,0,232.4599999999996,0,0.67055,0,-0.0267568901181221,0
2025-09-23,0.011680482290881589,-0.005891883,0,111998.8,0,82.88100000000026,0,0.08501135,0,-0.0093378014862537,0
2025-09-24,-0.03806040226993912,-0.004551929,0,113307.0,0,27.559000000000037,0,0.5380287,0,0.021628538146615,0
2025-09-25,0.0059541541962351285,-0.0069123507,0,108994.49,0,106.46300000000022,0,1.0612507,0,0.059126392006874,0
2025-09-26,-6.940678449951498e-05,0.0011958638,0,109643.46,0,60.509,0,1.0180396,0,0.0870450288057327,0
2025-09-27,0.02305906325348861,0.0056887628,0,109635.85,0,7.381000000000005,0,0.79272217,0,0.0962471216917038,0
2025-09-28,0.01915062727373651,0.0046775006,0,112163.95,0,7.416999999999998,0,0.34458897,0,0.0996136292815208,0
2025-09-29,-0.002300984079006363,-0.012754677,0,114311.96,0,21.155000000000015,0,0.4293462,0,0.097287468612194,0
2025-09-30,0.03986061070454605,-0.00954493,0,114048.93,0,46.65800000000005,0,-0.06000422,0,0.076963797211647,0
2025-10-01,0.01631063841735636,0.0030156565,0,118594.99,0,24.853000000000023,0,0.4752999,0,0.0360501110553741,0
2025-10-02,0.014126434764644369,-0.007163563,0,120529.35,0,39.40900000000001,0,0.27155083,0,0.0025314316153526,0
2025-10-03,0.0013008050265068682,-0.00029389875,0,122232.0,0,86.04300000000008,0,-1.0682675,0,-0.0311894565820693,0
2025-10-04,0.008916587003946264,-0.0100098485,0,122391.0,0,27.240000000000023,0,0.32149065,0,-0.053284965455532,0
2025-10-05,0.009525493975614863,0.0027356804,0,123482.31,0,50.32399999999995,0,0.76704925,0,-0.0664321035146713,0
2025-10-06,-0.02667759465175834,-0.0055911923,0,124658.54,0,27.415000000000006,0,1.1818656,0,-0.0739896148443222,0
2025-10-07,0.016261452474369165,-0.0074958755,0,121332.95,0,127.4070000000004,0,-0.7734671,0,-0.0702827200293541,0
2025-10-08,-0.013329440578722873,-0.003405878,0,123306.0,0,44.08299999999998,0,2.613678,0,-0.0535970702767372,0
2025-10-09,-0.07305379476321361,-0.0023356276,0,121662.4,0,105.74000000000026,0,-0.57054603,0,-0.0376966074109077,0
2025-10-10,-0.01888813517240162,-0.007552184,0,112774.5,0,909.3459999999984,0,-0.4700135,0,-0.0287236347794532,0
2025-10-11,0.03899338782622541,0.07977382,0,110644.4,0,144.5070000000003,0,1.3101286,0,-0.0212140455842018,0
2025-10-12,0.0018023848543999854,0.0073568197,0,114958.8,0,105.27600000000012,0,1.7038345,0,-0.0216299518942832,0
2025-10-13,-0.018563291249153346,-0.014239222,0,115166.0,0,43.62399999999991,0,0.092955306,0,-0.0204796642065048,0
2025-10-14,-0.020038018850880857,0.01579319,0,113028.14,0,149.4300000000002,0,0.122399226,0,-0.0254042074084281,0
2025-10-15,-0.023193607123227156,0.02214452,0,110763.28,0,88.04800000000019,0,1.9316186,0,-0.0187351182103157,0
2025-10-16,-0.016291064555353674,-0.008337795,0,108194.28,0,113.4160000000004,0,-0.97709,0,-0.0076088495552539,0
2025-10-17,0.007078061719969053,0.012804603,0,106431.68,0,170.08200000000045,0,0.39137477,0,0.018056932836771,0
2025-10-18,0.01360050253295686,0.010411385,0,107185.01,0,25.27700000000003,0,1.015725,0,0.0323895961046218,0
2025-10-19,0.017390110967337113,0.002745607,0,108642.78,0,35.15500000000004,0,0.92935324,0,0.0376683585345745,0
2025-10-20,-0.0202151248565009,0.0018790315,0,110532.09,0,57.44900000000004,0,0.33018553,0,0.0339727886021137,0
2025-10-21,-0.006742804346575482,0.007525133,0,108297.67,0,118.06500000000024,0,1.387495,0,0.0234314389526844,0
2025-10-22,0.02334107793213258,0.010398841,0,107567.44,0,66.99799999999999,0,-0.44115734,0,0.0147877298295497,0
2025-10-23,0.008418652997351561,0.0039854613,0,110078.18,0,37.576000000000015,0,-0.028912708,0,0.0077718496322631,0
2025-10-24,0.005777943656356088,0.010254123,0,111004.89,0,48.96700000000005,0,0.07340874,0,-0.0023580081760883,0
2025-10-25,0.026092497313165763,0.0056830407,0,111646.27,0,9.333999999999994,0,0.6772391,0,-0.0166799277067184,0
2025-10-26,-0.0039433691168074825,-0.004778897,0,114559.4,0,12.731,0,0.19263075,0,-0.0352083221077919,0
2025-10-27,-0.010597010805147522,0.004914359,0,114107.65,0,47.314000000000014,0,0.6583433,0,-0.0538790598511695,0
2025-10-28,-0.02548449513700146,0.010724453,0,112898.45,0,76.14500000000032,0,1.5504774,0,-0.0676399692893028,0
2025-10-29,-0.015437103127948992,-0.0008200188,0,110021.29,0,92.08200000000014,0,1.2975363,0,-0.0730868503451347,0
2025-10-30,0.011863883235009975,-0.0040423963,0,108322.88,0,137.11700000000025,0,0.5155975,0,-0.0716514959931373,0
2025-10-31,0.004471297307560018,0.0011069127,0,109608.01,0,57.87500000000002,0,-1.2548224,0,-0.0647556409239769,0
2025-11-01,0.004019869552698729,-0.00021759467,0,110098.1,0,17.251999999999995,0,-0.8772037,0,-0.0485987514257431,0
2025-11-02,-0.03580256607793619,-0.008157393,0,110540.68,0,17.164,0,-1.4061916,0,-0.020333893597126,0
2025-11-03,-0.04771697260652341,-0.00061238825,0,106583.04,0,228.802,0,1.6793946,0,0.0069427713751792,0
2025-11-04,0.023527146851904046,0.010444197,0,101497.22,0,415.8339999999967,0,1.1755854,0,0.0238260477781295,0
2025-11-05,-0.024441604556416086,0.008561645,0,103885.16,0,100.4270000000003,0,-1.1736054,0,0.0277216993272304,0
2025-11-06,0.01966569192047385,0.014061347,0,101346.04,0,122.9240000000003,0,0.9450439,0,0.0096830800175666,0
2025-11-07,-0.009929834869828569,-0.009050202,0,103339.08,0,119.26700000000034,0,0.39242923,0,-0.0202543288469314,0
2025-11-08,0.023555378234659363,0.00080146315,0,102312.94,0,70.31600000000009,0,-0.46979725,0,-0.05604038387537,0
2025-11-09,0.012300740926345144,0.0028620854,0,104722.96,0,56.08099999999992,0,-1.2936889,0,-0.0854731127619743,0
2025-11-10,-0.027847453375886122,-0.008080923,0,106011.13,0,57.191000000000074,0,-0.45296717,0,-0.1029563769698143,0
2025-11-11,-0.013629281637633106,-0.0021452866,0,103058.99,0,125.7350000000002,0,-0.78051895,0,-0.110832892358303,0
2025-11-12,-0.0193041381300183,-0.006593922,0,101654.37,0,180.28299999999996,0,-2.0639145,0,-0.114282451570034,0
2025-11-13,-0.05113769386957956,0.0016438218,0,99692.02,0,185.05400000000083,0,-1.9693326,0,-0.1116996929049491,0
2025-11-14,0.010595175169672455,0.001082577,0,94594.0,0,210.08899999999988,0,0.61704415,0,-0.1016144827008247,0
2025-11-15,-0.013962892264381965,-0.012555345,0,95596.24,0,38.613,0,-0.6373695,0,-0.0842536315321922,0
2025-11-16,-0.02170877083991085,0.024781764,0,94261.44,0,135.62699999999998,0,-0.2668754,0,-0.0649105384945869,0
2025-11-17,0.0080864161785148,0.018744279,0,92215.14,0,146.80500000000023,0,1.2371432,0,-0.0449686869978904,0
2025-11-18,-0.015123251373723723,0.0070123686,0,92960.83,0,95.551,0,1.0923673,0,-0.0221466645598411,0
2025-11-19,-0.05371341978632305,0.022118352,0,91554.96,0,148.651,0,-0.56518316,0,0.0045772641897201,0
2025-11-20,-0.01740360350856096,-0.004748091,0,86637.23,0,224.9019999999991,0,1.2335203,0,0.0300052855163812,0
2025-11-21,-0.00457761786963673,0.011608804,0,85129.43,0,474.8179999999989,0,-0.54377675,0,0.0519500523805618,0
2025-11-22,0.02466682102163631,0.028987976,0,84739.74,0,47.418000000000106,0,-0.49674624,0,0.0534732602536678,0
2025-11-23,0.01692974778302414,-0.013127181,0,86830.0,0,51.87200000000002,0,-1.2918258,0,0.0425239466130733,0
2025-11-24,-0.010532841389259029,0.015283799,0,88300.01,0,67.8980000000002,0,-0.9350461,0,0.0278128199279308,0
2025-11-25,0.035642227603171595,0.0136072105,0,87369.96,0,132.26700000000005,0,-1.237692,0,0.0132284760475158,0
2025-11-26,0.009393150304329856,-0.0014827647,0,90484.02,0,46.604000000000106,0,-0.5609438,0,7.837265729904175e-05,0
2025-11-27,-0.004853069422706469,0.004691324,0,91333.95,0,40.84700000000002,0,-0.29195994,0,-0.0088961347937583,0
2025-11-28,-0.000971056444718732,0.0027450505,0,90890.7,0,87.30000000000015,0,-1.081163,0,-0.0090562812983989,0
2025-11-29,-0.004872556288134988,0.002849543,0,90802.44,0,29.653999999999996,0,0.11658402,0,-0.0009791292250156,0
2025-11-30,-0.0450862107127048,0.009904314,0,90360.0,0,31.52499999999998,0,-0.8549801,0,0.0111378468573093,0
2025-12-01,0.05785259974357393,0.022017416,0,86286.01,0,247.8949999999996,0,-0.36342305,0,0.0219635609537363,0
2025-12-02,0.023577125147954625,0.036943905,0,91277.88,0,44.88099999999999,0,-1.3582443,0,0.0332692489027977,0
2025-12-03,-0.014469557138797606,-0.0059788614,0,93429.95,0,58.437000000000054,0,0.33487844,0,0.0398685708642005,0
2025-12-04,-0.029844460232980596,-0.003979332,0,92078.06,0,80.83900000000006,0,-0.051307634,0,0.0452595725655555,0
2025-12-05,-0.0010438817669845557,0.0045574163,0,89330.04,0,211.1919999999998,0,0.3582374,0,0.0493153259158134,0
2025-12-06,0.01298253780755676,0.018209975,0,89236.79,0,27.65499999999999,0,-0.5243499,0,0.0504100732505321,0
2025-12-07,0.0026442743544992098,0.012942143,0,90395.31,0,52.76800000000008,0,-0.38529497,0,0.0489013232290744,0
2025-12-08,0.022557233825501566,-0.0075985068,0,90634.34,0,45.71300000000006,0,-1.1720196,0,0.0455924607813358,0
2025-12-09,-0.007158379262571457,-0.010690955,0,92678.8,0,68.53500000000018,0,-1.2864224,0,0.0421808809041976,0
2025-12-10,0.005412247975528528,0.0005151983,0,92015.37,0,61.0100000000001,0,-1.184919,0,0.0361596755683422,0
2025-12-11,-0.02426632774632176,0.0008468288,0,92513.38,0,130.60199999999992,0,-0.68388486,0,0.0283608622848987,0
2025-12-12,-0.00031472800786813693,-0.003913843,0,90268.42,0,72.53300000000011,0,-1.2887053,0,0.0234094858169555,0
2025-12-13,-0.022914891077693733,-0.0015177212,0,90240.01,0,20.927999999999997,0,-0.2282642,0,0.0218796674162149,0
2025-12-14,-0.019735138649757622,-0.008589174,0,88172.17,0,73.31500000000005,0,-0.31955922,0,0.0073973350226879,0
2025-12-15,0.016560286412174774,-0.01231365,0,86432.08,0,325.2299999999993,0,-0.15791677,0,-0.0046232901513576,0
2025-12-16,-0.018439983328670806,0.014243559,0,87863.42,0,55.09100000000016,0,0.39458972,0,-0.0142090544104576,0
2025-12-17,-0.008427445079160933,0.01414973,0,86243.22,0,89.18000000000012,0,0.8799279,0,-0.0214805006980896,0
2025-12-18,0.03064359226492308,0.0068603987,0,85516.41,0,107.72699999999996,0,-0.9687983,0,-0.0278583317995071,0
2025-12-19,0.002541045786250251,0.01486331,0,88136.94,0,47.40600000000004,0,-1.0254033,0,-0.0307155773043632,0
2025-12-20,0.003372079732098854,-0.00970627,0,88360.9,0,5.585999999999993,0,-1.6986134,0,-0.0277135893702507,0
2025-12-21,-0.00042939870871350205,-0.018336691,0,88658.86,0,20.053999999999977,0,-1.2925979,0,-0.0236077606678009,0
2025-12-22,-0.012805008847246668,-0.010824297,0,88620.79,0,64.24300000000004,0,-1.0988656,0,-0.0197857394814491,0
2025-12-23,0.002096906933680698,0.0018734956,0,87486.0,0,66.08400000000017,0,-0.13941817,0,-0.0160574093461036,0
2025-12-24,-0.00506653115766087,0.006149264,0,87669.45,0,29.337999999999987,0,-1.4447416,0,-0.0135518535971641,0
2025-12-25,0.0016542224518192317,0.003138683,0,87225.27,0,25.107000000000003,0,-0.47983634,0,-0.0117216035723686,0
2025-12-26,0.005808086935541468,0.0024776964,0,87369.56,0,48.74500000000008,0,-1.6281252,0,-0.0101823061704635,0
2025-12-27,0.0008614312207482211,0.008362547,0,87877.01,0,43.04800000000004,0,-0.23967259,0,-0.0083626210689544,0
2025-12-28,-0.008135963064696994,0.004331643,0,87952.71,0,13.958999999999994,0,-1.1650908,0,-0.0061348602175712,0
2025-12-29,0.014309961824741313,-0.001617155,0,87237.13,0,113.55100000000002,0,-0.18727534,0,-0.0033202208578586,0
2025-12-30,-0.009462229344042727,-0.002441919,0,88485.49,0,28.366000000000028,0,-0.5240764,0,0.0004959292709827,0
2025-12-31,0.013586356916318376,0.00422101,0,87648.22,0,58.62600000000008,0,-0.60148835,0,0.0036527812480926,0
2026-01-01,0.013013310364452524,-0.0040102927,0,88839.04,0,11.018999999999991,0,-1.1684248,0,0.0066471807658672,0
2026-01-02,0.007032380529924165,-0.0062284973,0,89995.13,0,57.047000000000104,0,-0.39931482,0,0.0109806433320045,0
2026-01-03,0.00994968332637991,-0.0037341989,0,90628.01,0,16.405000000000015,0,-0.26444077,0,0.0153263583779335,0
2026-01-04,0.025455991184503812,0.0026302445,0,91529.73,0,16.659000000000013,0,-0.044349805,0,0.0239086467772722,0
2026-01-05,-0.0011905001624232803,-0.009173141,0,93859.71,0,51.20400000000006,0,-0.15906204,0,0.0355072021484375,0
2026-01-06,-0.02542785726453589,-0.005451805,0,93747.97,0,84.79499999999996,0,0.3733651,0,0.0477040112018585,0
2026-01-07,-0.0028913963637382523,-0.011854554,0,91364.16,0,81.45100000000005,0,0.052927688,0,0.054855141788721,0
2026-01-08,-0.0050352365571061375,-0.0024364288,0,91099.99,0,98.24599999999997,0,0.2416594,0,0.0562761798501014,0
2026-01-09,-0.0015068189681346489,-0.0036925133,0,90641.28,0,40.81900000000004,0,-0.25818187,0,0.0467832908034324,0
2026-01-10,0.005623464858730998,-0.0042305533,0,90504.7,0,7.839999999999995,0,0.5586205,0,0.0283681228756904,0
2026-01-11,0.003104479383037706,-0.0032133283,0,91013.65,0,21.344,0,-0.42117715,0,0.0103255361318588,0
2026-01-12,0.04510373925749378,0.0046459483,0,91296.2,0,48.40100000000009,0,-0.29048914,0,-0.0040852203965187,0
2026-01-13,0.01611692204498283,0.005920493,0,95414.0,0,143.27,0,-0.6270387,0,-0.0116818957030773,0
2026-01-14,-0.013893298297359746,0.00046885153,0,96951.78,0,53.94900000000004,0,-0.5015395,0,-0.0237422809004783,0
2026-01-15,-0.0005633608354392861,-0.0070985504,0,95604.8,0,59.21100000000011,0,-0.54777646,0,-0.0368594750761985,0
2026-01-16,-0.00421942473825998,-0.0024111765,0,95550.94,0,31.017999999999997,0,0.2954083,0,-0.0467315688729286,0
2026-01-17,-0.015498313833314237,-0.0008448295,0,95147.77,0,8.723999999999998,0,-0.34120083,0,-0.0482429191470146,0
2026-01-18,-0.011125280950334271,0.00059879746,0,93673.14,0,73.64900000000003,0,0.49403584,0,-0.0407236889004707,0
2026-01-19,-0.045377249516900364,0.006447576,0,92631.0,0,95.66299999999993,0,0.35130334,0,-0.0276397392153739,0
2026-01-20,0.01161480468893994,0.009910754,0,88427.66,0,240.45299999999995,0,0.3143674,0,-0.022585391998291,0
2026-01-21,0.0011731073359675381,0.017184054,0,89454.73,0,123.40699999999995,0,-1.2046434,0,-0.0207275226712226,0
2026-01-22,0.0004532173912654702,0.0065717944,0,89559.67,0,71.234,0,-0.6845785,0,-0.0106835328042507,0
2026-01-23,-0.004184362857875601,-0.000390596,0,89600.26,0,46.93800000000003,0,-0.34661877,0,5.790218710899353e-05,0
2026-01-24,-0.02863513885181046,0.0028297268,0,89225.34,0,7.263999999999992,0,-0.23138483,0,0.0058149844408035,0
2026-01-25,0.019345944795891024,0.0008731815,0,86670.36,0,109.16700000000004,0,-0.5981704,0,0.0089922957122325,0
2026-01-26,0.010220145363038613,-0.0030872049,0,88347.08,0,36.60000000000005,0,-0.16163985,0,0.0105884298682212,0
2026-01-27,0.0005601120448179842,0.010360559,0,89250.0,0,25.283,0,0.010371938,0,0.0116639360785484,0
2026-01-28,-0.052069770668507376,0.0026038429,0,89299.99,0,25.68299999999999,0,-0.9535786,0,0.0120454020798206,0
2026-01-29,-0.004603299036883057,0.0037600244,0,84650.16,0,294.28799999999944,0,-1.6108868,0,0.011405412107706,0
2026-01-30,-0.06550401024252306,0.008519305,0,84260.49,0,147.31799999999964,0,-1.3480417,0,0.0069353431463241,0
2026-01-31,-0.02251530935119128,0.019842612,0,78741.09,0,311.17899999999946,0,-2.2591276,0,-0.0037999637424945,0
2026-02-01,0.023001704210088736,0.0163269,0,76968.21,0,164.5399999999998,0,-1.8292465,0,-0.0189744904637336,0
2026-02-02,-0.03769942090671896,0.012552211,0,78738.61,0,115.479,0,-1.3404766,0,-0.0210125744342803,0
2026-02-03,-0.03437208369885747,0.027592205,0,75770.21,0,252.699,0,-0.9832729,0,-0.0046453326940536,0
2026-02-04,-0.14017431361060217,0.023788659,0,73165.83,0,175.5179999999998,0,-1.2613639,0,0.0138637349009513,0
2026-02-05,0.12192683309102881,0.024024718,0,62909.86,0,829.7729999999971,0,-1.0525947,0,0.0323088616132736,0
2026-02-06,-0.01828953307907888,0.019712891,0,70580.26,0,376.0819999999992,0,-0.9826454,0,0.040162369608879,0
2026-02-07,0.015023947392803993,0.035797957,0,69289.38,0,371.3860000000003,0,-0.61162853,0,0.0523409321904182,0
2026-02-08,-0.0027353755233514576,0.012934948,0,70330.38,0,63.99900000000009,0,-0.4790169,0,0.0601013377308845,0
2026-02-09,-0.01848798083777703,0.010766458,0,70138.0,0,145.19399999999973,0,-0.5053528,0,0.0645116418600082,0
2026-02-10,-0.025548184817570818,0.030639093,0,68841.29,0,99.85200000000005,0,-0.451541,0,0.0774804279208183,0
2026-02-11,-0.01207989801217968,0.0047481223,0,67082.52,0,184.89299999999955,0,-0.7411371,0,0.100732997059822,0
2026-02-12,0.03895737833844892,0.009563839,0,66272.17,0,159.7019999999999,0,-1.159735,0,0.1273452341556549,0
2026-02-13,0.014073119396473155,-0.0046583237,0,68853.96,0,43.960000000000115,0,-1.1771462,0,0.1541305184364318,0
2026-02-14,-0.014184018291979905,0.0071712113,0,69822.95,0,42.68000000000005,0,-1.7365297,0,0.1744673997163772,0
2026-02-15,0.0008695010415125104,0.02621428,0,68832.58,0,133.05799999999988,0,-1.0195258,0,0.2047531008720398,0
2026-02-16,-0.02016056045635184,0.026707536,0,68892.43,0,75.46600000000004,0,0.48351055,0,0.2386515140533447,0
2026-02-17,-0.015443935368111283,0.01474094,0,67503.52,0,87.4650000000001,0,0.42375106,0,0.2410048246383667,0
2026-02-18,0.008166142549765887,0.03410519,0,66461.0,0,258.29799999999915,0,-0.083309606,0,0.2042363584041595,0
2026-02-19,0.01516751380855963,0.01142078,0,67003.73,0,51.82100000000008,0,-0.3976431,0,0.1546022444963455,0
2026-02-20,-0.0006480445974648141,0.017871922,0,68020.01,0,44.26900000000005,0,-0.21853037,0,0.1152532845735549,0
2026-02-21,-0.004891878639983305,0.008727881,0,67975.93,0,10.498000000000005,0,-0.35963792,0,0.0921677201986312,0
2026-02-22,-0.04416365824308055,0.014616153,0,67643.4,0,25.541999999999987,0,-0.408172,0,0.0675973445177078,0
2026-02-23,-0.009246934778849636,0.009845886,0,64656.02,0,326.5649999999999,0,-0.29514962,0,0.0333036668598651,0
2026-02-24,0.06134879012272432,0.010418569,0,64058.15,0,97.491,0,-0.6753287,0,-0.015097476541996,0
2026-02-25,-0.007396300878801609,0.02902219,0,67988.04,0,108.70200000000014,0,-0.24483226,0,-0.0486156567931175,0
2026-02-26,-0.023902729458526895,0.014343439,0,67485.18,0,72.55899999999997,0,0.34880435,0,-0.0589068084955215,0
2026-02-27,0.016716637240956178,-0.0042286357,0,65872.1,0,111.6960000000002,0,0.6218225,0,-0.0606168955564498,0
2026-02-28,-0.01786966917841526,-0.002331459,0,66973.26,0,129.2610000000002,0,0.19247802,0,-0.0593582391738891,0
2026-03-01,0.04642374393153048,0.017280683,0,65776.47,0,99.86500000000017,0,-0.21124138,0,-0.054286666214466,0
2026-03-02,-0.007148911391331003,-0.009919525,0,68830.06,0,92.55899999999998,0,0.9713936,0,-0.0448059812188148,0
2026-03-03,0.06334352775907992,0.006230549,0,68338.0,0,100.36300000000006,0,0.38433057,0,-0.0430910289287567,0
2026-03-04,-0.02444102029029227,0.0049178014,0,72666.77,0,135.99400000000003,0,0.038102508,0,-0.0438179522752761,0
2026-03-05,-0.0391687374595715,0.007357591,0,70890.72,0,85.08400000000017,0,0.13880445,0,-0.0370088964700698,0
2026-03-06,-0.012495371731106153,-0.001473573,0,68114.02,0,271.16099999999955,0,-0.65362716,0,-0.0306102707982063,0
2026-03-07,-0.01920389706600567,0.00064158696,0,67262.91,0,59.17300000000003,0,-1.6009156,0,-0.0117528811097145,0
2026-03-08,0.03730355064027946,0.0037095407,0,65971.2,0,155.16699999999992,0,-1.0522536,0,0.0146321430802345,0
2026-03-09,0.022160194855752158,0.010224841,0,68432.16,0,63.12200000000015,0,0.49071288,0,0.0117789730429649,0
2026-03-10,0.0034772661022810514,0.0017263326,0,69948.63,0,100.266,0,0.039550625,0,-0.0168424323201179,0
2026-03-11,0.0049789249066771735,-0.0032226278,0,70191.86,0,68.49900000000012,0,-0.05645819,0,-0.0299788862466812,0
2026-03-12,0.005509677020595349,0.002306714,0,70541.34,0,67.39400000000012,0,0.9885127,0,-0.011551097035408,0
2026-03-13,0.0039750458198222205,0.00764686,0,70930.0,0,148.01799999999977,0,-0.88826776,0,0.0099901519715785,0
2026-03-14,0.022514339236602954,-0.008487814,0,71211.95,0,21.34200000000001,0,-1.0880084,0,0.0322358384728431,0
2026-03-15,0.028420286742171008,0.01161491,0,72815.24,0,13.365,0,-0.34191322,0,0.0449282340705394,0
2026-03-16,-0.013024161019872249,0.0061100693,0,74884.67,0,51.42000000000006,0,-0.39765257,0,0.0475336723029613,0
2026-03-17,-0.03602818371042593,-0.0014214719,0,73909.36,0,81.65400000000005,0,-1.3146945,0,0.0592665076255798,0
2026-03-18,-0.018478651735228002,0.009594658,0,71246.54,0,175.06699999999972,0,-0.23302232,0,0.0647387951612472,0
2026-03-19,0.008304447304447349,0.0063339774,0,69930.0,0,161.38899999999998,0,-0.79637873,0,0.0395298302173614,0
2026-03-20,-0.022586775090826627,0.008568747,0,70510.73,0,86.80500000000012,0,-0.3966387,0,0.0165213011205196,0
2026-03-21,-0.015367801675379322,0.0032293976,0,68918.12,0,51.39200000000004,0,-0.45876932,0,-0.0172742679715156,0
2026-03-22,0.044908560397294295,-0.0041869106,0,67859.0,0,129.27199999999996,0,0.555543,0,-0.0370273366570472,0
2026-03-23,-0.004931991377371103,0.002813415,0,70906.45,0,141.96599999999984,0,-0.19741718,0,-0.0408622473478317,0
2026-03-24,0.011051956198656399,0.0153870685,0,70556.74,0,67.29500000000016,0,-0.6571989,0,-0.0307470634579658,0
2026-03-25,-0.035272531478612756,0.004387321,0,71336.53,0,35.50700000000007,0,-1.303466,0,-0.0172509774565696,0
2026-03-26,-0.035062759816106626,0.0037837424,0,68820.31,0,76.4420000000001,0,-0.3849746,0,0.0047217011451721,0
2026-03-27,-0.00045552234634516076,0.0047583375,0,66407.28,0,99.33200000000016,0,-1.2916337,0,0.0157011523842811,0
2026-03-28,-0.00551546220130672,0.0026031432,0,66377.03,0,29.62299999999998,0,-1.3972236,0,0.0117757953703403,0
2026-03-29,0.01191378458082637,0.0065437932,0,66010.93,0,64.25800000000011,0,-0.56503403,0,0.0067784152925014,0
2026-03-30,0.022263002270897836,0.004073159,0,66797.37,0,78.64600000000013,0,-0.3875779,0,0.000761479139328,0
2026-03-31,-0.0024977857340350296,0.014046252,0,68284.48,0,72.86700000000015,0,-0.2857654,0,-0.0024290718138217,0
2026-04-01,-0.01779269200774225,0.0128318835,0,68113.92,0,61.153000000000056,0,-0.5648222,0,0.0159324444830417,0
2026-04-02,0.0009313624303253221,0.0050460584,0,66901.99,0,155.29799999999972,0,0.092655376,0,0.0357637852430343,0
2026-04-03,0.0050193909291964545,0.0037920382,0,66964.3,0,36.55600000000005,0,-0.039250895,0,0.0397551208734512,0
2026-04-04,0.025761503420038023,-0.0058492282,0,67300.42,0,9.632999999999996,0,-0.8121885,0,0.0170117020606994,0
2026-04-05,-0.0026149365430282456,-0.009672054,0,69034.18,0,22.329,0,-0.5374556,0,-0.0205437317490577,0
2026-04-06,0.04459545069935267,-0.004627795,0,68853.66,0,247.26899999999955,0,-0.8161767,0,-0.05514707416296,0
2026-04-07,-0.011877640105099618,0.0021907077,0,71924.22,0,73.93900000000006,0,-0.44976664,0,-0.0808862522244453,0
2026-04-08,0.010103288409036182,0.001666531,0,71069.93,0,83.79599999999998,0,-0.3300202,0,-0.1030981615185737,0
2026-04-09,0.01636388380950171,0.002833066,0,71787.97,0,70.36200000000002,0,1.0648948,0,-0.0938159152865409,0
2026-04-10,0.0011027552434326182,-0.005973353,0,72962.7,0,40.977,0,-0.4416219,0,-0.0744736120104789,0
2026-04-11,-0.03151807780495819,0.0016867479,0,73043.16,0,27.354000000000003,0,0.3712008,0,-0.0473733618855476,0
2026-04-12,0.0519784995910435,-0.0077224327,0,70740.98,0,137.89799999999997,0,0.42165887,0,-0.0158170312643051,0
2026-04-13,-0.0038490692909066704,-0.0067679742,0,74417.99,0,36.680000000000014,0,0.70646596,0,0.0101662725210189,0
2026-04-14,0.009151838859432937,0.0053958846,0,74131.55,0,153.77799999999985,0,-0.336977,0,0.0154310017824172,0
2026-04-15,0.004602326507462173,0.006857301,0,74809.99,0,58.093000000000025,0,0.7803478,0,0.0110024064779281,0
2026-04-16,0.02551697314950352,-0.0006542966,0,75154.29,0,292.11699999999934,0,-0.03115949,0,0.0040866695344448,0
2026-04-17,-0.017908449242267088,-0.0066121444,0,77072.0,0,90.73700000000012,0,0.8656502,0,-0.0003833137452602,0
2026-04-18,-0.024969296525804152,-0.0004324189,0,75691.76,0,270.232,0,0.5405024,0,-0.0004831850528717,0
2026-04-19,0.027630495141107048,-0.0047284877,0,73801.79,0,586.2549999999994,0,0.7325649,0,0.0003632083535194,0
2026-04-20,0.006529188643024986,0.0035972255,0,75840.97,0,68.66800000000002,0,1.1552553,0,-0.0005660951137542,0
2026-04-21,0.02413116197240761,0.0147428885,0,76336.15,0,217.92299999999992,0,0.13297153,0,-0.0126757584512233,0
2026-04-22,0.001013709315240252,0.009635823,0,78178.23,0,90.43800000000007,0,-0.057902694,0,-0.0311063602566719,0
2026-04-23,-0.010482704017558353,0.0021466631,0,78257.48,0,84.69500000000005,0,0.20386535,0,-0.0450264140963554,0
2026-04-24,0.0024260971448708535,-0.004598252,0,77437.13,0,118.46100000000006,0,-0.050369784,0,-0.0544621124863624,0
2026-04-25,0.01330177133655397,-0.0011164113,0,77625.0,0,24.811,0,0.2352889,0,-0.0510272607207298,0
2026-04-26,-0.016352276418474698,0.002727057,0,78657.55,0,22.43200000000001,0,0.1590083,0,-0.0390197709202766,0
2026-04-27,-0.013293685567210223,0.0006915673,0,77371.32,0,585.4819999999993,0,0.54872775,0,-0.0219358727335929,0
2026-04-28,-0.007371621438415188,0.0128717255,0,76342.77,0,204.08100000000007,0,0.9753988,0,-0.0023958794772624,0
2026-04-29,0.007476510952758142,0.0057854205,0,75780.0,0,405.7139999999999,0,0.39040172,0,0.0123048201203346,0
2026-04-30,0.024684278547156602,-0.0009087813,0,76346.57,0,41.98600000000003,0,0.33114672,0,0.0172336548566818,0
2026-05-01,0.005825302536215382,-0.00066923245,0,78231.13,0,61.636000000000024,0,1.5733452,0,0.0253035053610801,0
2026-05-02,-0.0015031736560809916,-0.0009373657,0,78686.85,0,7.465999999999999,0,1.2183824,0,0.0368119329214096,0
2026-05-03,0.01644983483853646,0.007576188,0,78568.57,0,46.01399999999999,0,0.1477287,0,0.042261604219675,0
2026-05-04,0.013079098298406366,-0.00027498696,0,79861.01,0,214.4149999999998,0,0.7935013,0,0.0403241217136383,0
2026-05-05,0.006692868422327525,-0.002722348,0,80905.52,0,55.83600000000004,0,0.82909095,0,0.0294855404645204,0
2026-05-06,-0.017692607745821376,0.007843785,0,81447.01,0,117.41000000000015,0,0.0046465844,0,0.018250472843647,0
2026-05-07,0.0023394495412842886,0.00041863136,0,80006.0,0,293.2589999999999,0,0.25021178,0,0.0067538321018218,0
2026-05-08,0.006050764672352882,-0.002037987,0,80193.17,0,126.37200000000011,0,1.5620762,0,-0.0003974772989749,0
2026-05-09,0.018984883190544366,0.0009882618,0,80678.4,0,10.849,0,1.6310081,0,-0.0018346905708312,0
2026-05-10,-0.005649186285816454,0.0017741085,0,82210.07,0,72.89900000000004,0,1.0116974,0,0.0045327320694923,0
2026-05-11,-0.015183437895472052,0.001699886,0,81745.65,0,157.531,0,0.99714136,0,0.0190570876002311,0
2026-05-12,-0.014792470529897295,-0.005282143,0,80504.47,0,224.72000000000008,0,1.016092,0,0.0353932902216911,0
2026-05-13,0.02239691271145028,-0.004368053,0,79313.61,0,400.7839999999997,0,0.13213013,0,0.0526535063982009,0
2026-05-14,-0.024377608136343376,-0.004018867,0,81089.99,0,87.26700000000002,0,0.6862453,0,0.038307636976242,0
2026-05-15,-0.012199732509905803,0.00066003704,0,79113.21,0,313.6059999999996,0,1.3499407,0,0.0186191275715827,0
2026-05-16,-0.008834257540655255,0.0035029775,0,78148.05,0,686.962999999999,0,0.02749075,0,0.0040455907583236,0
2026-05-17,-0.005884504400919921,0.0054422123,0,77457.67,0,700.0790000000001,0,0.71760315,0,0.0022639259696006,0
2026-05-18,-0.0021754017142699977,-0.0009056524,0,77001.87,0,337.46799999999996,0,1.1660208,0,0.0106554478406906,0
2026-05-19,0.009343085567446563,-0.0004314758,0,76834.36,0,74.79300000000009,0,0.15966973,0,0.0223825145512819,0
2026-05-20,0.000816095165800057,-0.006982945,0,77552.23,0,58.913000000000046,0,1.1084511,0,0.0311695672571659,0
2026-05-21,-0.026747485554435513,-0.005993181,0,77615.52,0,94.421,0,1.5693127,0,0.0353555828332901,0
2026-05-22,0.01605133737978126,-0.0020959643,0,75539.5,0,456.1089999999997,0,0.2383296,0,0.0354090221226215,0
2026-05-23,0.0040774176467823775,0.0064467317,0,76752.01,0,817.4009999999993,0,0.845564,0,0.0315673649311065,0
2026-05-24,0.003335497741126403,0.0014378969,0,77064.96,0,283.7929999999999,0,0.84019667,0,0.0245588682591915,0
2026-05-25,-0.018002635989416205,0.007105608,0,77322.01,0,36.023,0,-0.1801544,0,0.0150845721364021,0
2026-05-26,-0.019500985183592,0.004281,0,75930.01,0,286.65599999999995,0,0.77951837,0,0.0041956454515457,0
2026-05-27,-0.011172569789104858,0.0020284832,0,74449.3,0,484.2309999999992,0,0.4536757,0,-0.0077554769814014,0
2026-05-28,-0.0021289771957785364,0.0008576843,0,73617.51,0,1076.6349999999964,0,0.29659754,0,-0.0169832557439804,0
2026-05-29,0.0057663422577327594,-0.0022042328,0,73460.78,0,191.079,0,0.69152343,0,-0.0210182666778564,0
2026-05-30,-0.0028421433596654833,0.001326458,0,73884.38,0,25.557,0,-0.46818018,0,-0.0200705900788307,0
2026-05-31,-0.030750034034893292,-0.0051012086,0,73674.39,0,52.98399999999999,0,0.1950944,0,-0.0154139697551727,0
2026-06-01,-0.06509090603552203,0.005811292,0,71408.9,0,1366.006999999999,0,1.8341644,0,-0.0076890960335731,0
2026-06-02,-0.039215809629688625,0.0048009856,0,66760.83,0,4305.921000000016,0,-0.1564083,0,0.0070057921111583,0
2026-06-03,-0.004002946552806086,-0.0022722324,0,64142.75,0,1397.880999999996,0,0.33680952,0,0.0250362157821655,0
2026-06-04,-0.04429014874779269,0.005643814,0,63885.99,0,2416.364000000015,0,-0.568266,0,0.0531768836081028,0
2026-06-05,-0.0028146075264422477,0.017579963,0,61056.47,0,2290.959999999997,0,-0.58045465,0,0.0840959548950195,0
2026-06-06,0.040197179517585946,0.021610644,0,60884.62,0,235.59200000000016,0,-1.6418529,0,0.1214147433638572,0
2026-06-07,-0.003884607483640612,0.017064761,0,63332.01,0,227.22,0,-0.8998115,0,0.1101140230894088,0
2026-06-08,-0.021494312762627588,0.0071783336,0,63085.99,0,157.32699999999994,0,-0.6566781,0,0.0649561136960983,0
2026-06-09,-0.003547869755386346,0.0076613883,0,61730.0,0,627.2519999999986,0,-0.64219594,0,0.0221302956342697,0
2026-06-10,0.03438409949181431,0.009706218,0,61510.99,0,282.5829999999995,0,-1.6066943,0,-0.0075599662959575,0
2026-06-11,-0.0007226606611543396,0.01127897,0,63625.99,0,88.21800000000006,0,-0.21515702,0,-0.0296337530016899,0
2026-06-12,0.013809371845018514,0.005746329,0,63580.01,0,118.34000000000016,0,-0.86298513,0,-0.030789740383625,0
2026-06-13,0.019988826834709927,0.010243945,0,64458.01,0,12.890999999999998,0,-0.63007474,0,-0.0100417397916316,0
2026-06-14,0.00885659986204601,0.0076655713,0,65746.45,0,118.07900000000012,0,-1.4441489,0,0.0021246969699859,0
2026-06-15,-0.009855908615179598,0.013348751,0,66328.74,0,123.95599999999996,0,0.59370834,0,0.0042680352926254,0
2026-06-16,-0.01774815108516914,0.023792472,0,65675.01,0,314.6189999999996,0,-0.7226512,0,-0.0090482607483863,0
2026-06-17,-0.024049053316260838,0.024900064,0,64509.4,0,511.4179999999987,0,-0.53613394,0,-0.0229958221316337,0
2026-06-18,0.009306202657930251,0.029401133,0,62958.01,0,567.2029999999988,0,-0.6012112,0,-0.0301694795489311,0
2026-06-19,0.011867384301658568,0.013635922,0,63543.91,0,113.86500000000014,0,0.126325,0,-0.0386654511094093,0
2026-06-20,-0.015335155784759191,0.009411717,0,64298.01,0,75.30300000000007,0,0.30914497,0,-0.0396142676472663,0
2026-06-21,0.011183031839624658,-0.009481454,0,63311.99,0,123.01000000000008,0,0.26216662,0,-0.0353441834449768,0
2026-06-22,-0.02007872226199281,0.0014916523,0,64020.01,0,243.97600000000003,0,-0.08522941,0,-0.0262872502207756,0
2026-06-23,-0.02640617445851623,0.0043383334,0,62734.57,0,474.5509999999995,0,-0.073112115,0,-0.0097081959247589,0
2026-06-24,-0.021022139071701584,0.009365167,0,61077.99,0,1817.426999999999,0,0.40098965,0,0.0212513394653797,0
2026-06-25,0.005071913569923314,0.011602338,0,59794.0,0,1899.735999999999,0,0.019052371,0,0.0495524182915687,0
2026-06-26,-0.0011359917014532872,0.0121733025,0,60097.27,0,404.9179999999984,0,0.44166118,0,0.0672879740595817,0
2026-06-27,-0.0075295273950923836,0.008288797,0,60029.0,0,122.353,0,0.65674263,0,0.0685210525989532,0
2026-06-28,0.01146751070589147,-0.0020777923,0,59577.01,0,309.79399999999987,0,0.556735,0,0.0607503205537796,0
2026-06-29,-0.027140628949019585,0.0068834736,0,60260.21,0,189.51900000000015,0,0.28694624,0,0.0463819541037082,0
2026-06-30,0.023868604211432443,0.006339467,0,58624.71,0,502.25999999999925,0,0.20928587,0,0.024777153506875,0
2026-07-01,0.02558976409436231,-0.00355278,0,60024.0,0,338.38199999999864,0,0.6704623,0,-0.0052237547934055,0
2026-07-02,0.016622157244964297,-0.0048852377,0,61560.0,0,117.18600000000006,0,-0.3567245,0,-0.0208183899521827,0
2026-07-03,0.008960063761459525,-0.0047304584,0,62583.26,0,66.85000000000002,0,-0.48969555,0,-0.0483570918440818,0
2026-07-04,0.008013269983962124,0.0027009642,0,63144.01,0,43.77700000000001,0,-0.6202561,0,-0.0666731968522071,0
2026-07-05,0.006158994501178183,0.0010105176,0,63650.0,0,50.43699999999998,0,-0.21249,0,-0.0714376643300056,0
2026-07-06,-0.010587267547151002,0.010552528,0,64042.02,0,323.9999999999994,0,-0.3491096,0,-0.0703776627779007,0
2026-07-07,-0.016949532376354437,0.015196382,0,63363.99,0,200.9009999999998,0,-0.07726236,0,-0.068295918405056,0
2026-07-08,0.015090704768020657,0.0039240955,0,62290.0,0,341.5179999999996,0,-0.035968676,0,-0.0655693635344505,0
2026-07-09,0.014735410406452543,-0.002734282,0,63230.0,0,152.25099999999986,0,-0.18258648,0,-0.0621134415268898,0
2026-07-10,-0.005341502690389244,0.0022288722,0,64161.72,0,121.719,0,-0.07237759,0,-0.0579088479280471,0
2026-07-11,-0.0006111032764537505,0.005494657,0,63819.0,0,35.96199999999999,0,0.10436869,0,-0.0488728210330009,0
2026-07-12,-0.022663530887425565,0.00024884974,0,63780.0,0,162.7789999999999,0,0.1776378,0,-0.0353209152817726,0
2026-07-13,0.043466445237727136,0.0048273387,0,62334.52,0,560.1609999999988,0,-0.6948069,0,-0.0221457034349441,0
2026-07-14,-0.004423161067327097,0.005937125,0,65043.98,0,35.84600000000002,0,-1.0603693,0,-0.0264341682195663,0
2026-07-15,-0.01430100679038393,0.021444473,0,64756.28,0,62.49099999999999,0,-0.45053113,0,-0.0376481190323829,0
2026-07-16,0.0015896863866946553,-0.00021597836,0,63830.2,0,335.3999999999996,0,-0.30587518,0,-0.0478681400418281,0
2026-07-17,0.014117416297744212,-0.0001546708,0,63931.67,0,246.8989999999997,0,-0.08012812,0,-0.051881156861782,0
2026-07-18,-0.0017225471363733202,0.0027792715,0,64834.22,0,3.6879999999999984,0,-0.076612994,0,-0.0520367249846458,0
2026-07-19,0.008234689182470278,-0.0025312344,0,64722.54,0,48.33600000000001,0,0.106153324,0,-0.0486630722880363,0
2026-07-20,0.01993165021620391,0.0050944346,0,65255.51,0,204.08199999999985,0,-0.8316299,0,-0.0389799103140831,0
2026-07-21,-0.006636049916341258,-0.0027400027,0,66556.16,0,64.418,0,-0.61141336,0,-0.0221979916095733,0
2026-07-22,-0.015360021683597735,0.0046071564,0,66114.49,0,87.95000000000007,0,-0.10376392,0,-0.0013379342854022,0
2026-07-23,-0.014731108648877278,-0.00079755066,0,65098.97,0,182.23999999999972,0,-0.36921066,0,0.0201455522328615,0
2026-07-24,0.0036640167857837636,0.002971942,0,64139.99,0,243.59399999999985,0,-0.33851856,0,0.0432685799896717,0
2026-07-25,0.015922174757281526,0.002563234,0,64375.0,0,32.94900000000001,0,-0.034364566,0,0.0542944446206092,0
2026-07-26,-0.025139606290459637,0.010520095,0,65399.99,0,6.385999999999996,0,-0.4043954,0,0.0498600825667381,0
2026-07-27,0.0024960842815076045,0.016931485,0,63755.86,0,641.6579999999998,0,-0.16872834,0,0.0358199849724769,0
2026-07-28,0.001083939607290807,0.009065125,0,63915.0,0,313.9519999999995,0,0.43874574,0,0.0191254802048206,0
2026-07-29,0.01243649221339993,0.0085678715,0,63984.28,0,202.0089999999999,0,0.087053865,0,0.001108318567276,0
2026-07-30,-0.029208697373047987,-0.0013897917,0,64780.02,0,29.018000000000008,0,-0.0017633736,0,-0.0261275023221969,0
2026-07-31,-0.0010215004862621502,0.004208078,0,62887.88,0,537.7679999999997,0,-0.11046113,0,-0.0484146699309349,0
2026-08-01,0.01188024125950049,0.009224122,0,62823.64,0,200.93700000000007,0,-0.05276929,0,-0.0537492558360099,0
2026-08-02,-0.0007865345288657899,0.0060284478,0,63570.0,0,22.07600000000002,0,-0.11850707,0,-0.0327831357717514,0
2026-08-03,0.009234256926952122,0.009132153,0,63520.0,0,240.4170000000001,0,0.18348971,0,-0.0097899734973907,0
2026-08-04,0.008714708759914869,0.009483517,0,64106.56,0,54.98000000000003,0,0.08325717,0,0.0164641737937927,0
2026-08-05,-0.005282900872694674,-0.0023659342,0,64665.23,0,39.700999999999986,0,0.100599684,0,0.0430551394820213,0
2026-08-06,0.00932130519415808,-0.0037847413,0,64323.61,0,64.58800000000004,0,0.2283818,0,0.064477764070034,0
2026-08-07,0.0006070250090914886,0.0039257486,0,64923.19,0,61.628,0,-0.31281745,0,0.0750793293118476,0
2026-08-08,-0.0009391557603913858,0.0014625837,0,64962.6,0,3.025999999999999,0,0.021129519,0,0.0665009394288063,0
2026-08-09,-0.014353731549565985,0.0046814233,0,64901.59,0,46.33099999999997,0,-0.035690203,0,0.0445894561707973,0
2026-08-10,-0.005784116650911941,0.014187822,0,63970.01,0,245.14299999999972,0,0.22056867,0,0.0223238226026296,0
2026-08-11,-0.0018869496855346002,0.0098307505,0,63600.0,0,203.586,0,0.26958263,0,0.0056769475340843,0
2026-08-12,0.00017123506163119195,-0.00028504245,0,63479.99,0,67.0910000000001,0,-0.14922021,0,-0.0059864670038223,0
2026-08-13,-0.007045108540032374,-8.287141e-05,0,63490.86,0,178.87100000000004,0,-0.062433943,0,-0.0115707851946353,0
2026-08-14,0.0006733439545609787,-0.001996187,0,63043.56,0,172.89299999999992,0,0.13733546,0,-0.0339867249131202,0
2026-08-15,-0.002948514258549584,0.0037134557,0,63086.01,0,12.090999999999994,0,0.008779004,0,-0.0461079999804496,0
2026-08-16,0.025947535771065233,-0.0030969875,0,62900.0,0,99.236,0,-0.022166476,0,-0.0512112900614738,0
2026-08-17,0.002995718409907644,-0.0019100448,0,64532.1,0,23.74700000000001,0,0.9766424,0,-0.0503962710499763,0
2026-08-18,0.07121421537318717,-0.0029925313,0,64725.42,0,33.38099999999999,0,0.043842956,0,-0.0484807416796684,0
2026-08-19,0.053225227912278905,0.0040723584,0,69334.79,0,169.62400000000017,0,0.35891247,0,-0.0490351691842079,0
2026-08-20,0.07275411279538635,0.005176165,0,73025.15,0,162.45000000000007,0,0.52854073,0,-0.0493622571229934,0
2026-08-21,-0.016123714114332555,0.004269194,0,78338.03,0,564.9599999999981,0,0.7073281,0,-0.047702357172966,0
2026-08-22,0.008551029498178098,0.013307588,0,77074.93,0,471.0519999999991,0,0.712581,0,-0.0428276732563972,0
2026-08-23,0.01619304294131263,0.016458929,0,77734.0,0,275.8499999999998,0,0.36004937,0,-0.0347025468945503,0
2026-08-24,-0.005742425728943457,0.0023072013,0,78992.75,0,309.49899999999957,0,0.36477244,0,-0.0241030678153038,0
2026-08-25,0.00617029929281121,0.001984953,0,78539.14,0,666.2029999999988,0,0.7567086,0,-0.0098562464118003,0
2026-08-26,0.01551217197361554,0.0039089294,0,79023.75,0,117.66000000000008,0,0.8818002,0,0.0063628815114498,0
2026-08-27,-0.02995292934866456,0.003941567,0,80249.58,0,158.28500000000008,0,0.90115297,0,0.0239882972091436,0
2026-08-28,0.004934494276960466,0.0012177182,0,77845.87,0,682.1829999999989,0,0.9697444,0,0.0380743667483329,0
2026-08-29,-0.007004985299757127,0.013880711,0,78230.0,0,14.230999999999993,0,0.7121084,0,0.0475796535611152,0
2026-08-30,0.011576555701449331,-0.0026409416,0,77682.0,0,233.83600000000007,0,0.9343771,0,0.0522257387638092,0
2026-08-31,-0.014536411911792113,-0.0018555252,0,78581.29,0,75.50100000000013,0,1.2692765,0,0.0520604662597179,0
2026-09-01,-0.0012782964656052886,0.005431425,0,77439.0,0,368.9989999999992,0,0.38037592,0,0.0453554168343544,0
2026-09-02,0.050819233149827614,-0.0007240898,0,77340.01,0,134.38100000000017,0,0.53930634,0,0.0294133853167295,0
2026-09-03,-0.01980549614822713,0.008273961,0,81270.37,0,86.99800000000003,0,1.4084641,0,0.0023380294442176,0
2026-09-04,0.0021463513345401086,0.013088004,0,79660.77,0,591.6439999999993,0,1.8358225,0,-0.0215160623192787,0
2026-09-05,0.006389437786344487,0.0018128434,0,79831.75,0,17.791000000000004,0,0.5455438,0,-0.0353396534919738,0
2026-09-06,-0.015307343634069714,0.008752202,0,80341.83,0,64.38,0,1.1872777,0,-0.0400619134306907,0
2026-09-07,-0.008294695078534753,0.0030843783,0,79112.01,0,130.2000000000002,0,1.6947055,0,-0.037731610238552,0
2026-09-08,-0.0019038745382752298,0.0049502254,0,78455.8,0,243.81900000000027,0,0.261586,0,-0.0296480804681777,0
2026-09-09,-0.022191153395704433,-0.004275468,0,78306.43,0,250.86800000000017,0,0.3864448,0,-0.0192267000675201,0
2026-09-10,0.008580266197475872,-0.011780277,0,76568.72,0,485.5659999999991,0,1.7751008,0,-0.0087807215750217,0
2026-09-11,0.000686688498776844,0.008420707,0,77225.7,0,353.9489999999995,0,0.21024378,0,-0.0002429187297821,0
2026-09-12,-0.005651231587268546,0.004057335,0,77278.73,0,9.59299999999999,0,0.8073496,0,0.0016459077596664,0
2026-09-13,0.01753207652949218,0.00280633,0,76842.01,0,181.63199999999992,0,1.3889409,0,0.0050816312432289,0
2026-09-14,-0.03254579500163779,-0.0070786835,0,78189.21,0,106.71200000000005,0,0.45749992,0,0.0100676864385604,0
2026-09-15,0.007423277944405227,0.0031440314,0,75644.48,0,1134.5429999999965,0,0.66486716,0,0.0159878805279731,0
2026-09-16,0.002768810491456053,-0.0037659677,0,76206.01,0,165.29300000000006,0,1.2283313,0,0.0171973556280136,0
2026-09-17,0.0584537395535365,0.0036799987,0,76417.01,0,60.122,0,-0.55709577,0,0.0143277049064636,0
2026-09-18,0.004526489644968823,0.0053532426,0,80883.87,0,58.73,0,0.90408075,0,0.0062558911740779,0
2026-09-19,-0.0008860308782807635,0.0024504056,0,81249.99,0,56.692,0,2.2021482,0,0.0016440413892269,0
2026-09-20,0.06703786740249829,0.004262685,0,81178.0,0,162.66500000000005,0,0.86559,0,0.0008552968502044,0
2026-09-21,-0.004749942276610519,0.00048569986,0,86620.0,0,90.8460000000001,0,1.0428126,0,0.0017088688910007,0
2026-09-22,-0.021006730654125172,-0.0007106252,0,86208.56,0,177.19899999999967,0,1.661909,0,0.0025686398148536,0
2026-09-23,0.00014976729196081173,0.0003196823,0,84397.6,0,432.25799999999936,0,0.08420923,0,0.0014436021447181,0
2026-09-24,-0.003675501929623737,0.0004589865,0,84410.24,0,285.02799999999957,0,0.5065579,0,0.0009332820773124,0
2026-09-25,0.003960880375847742,-0.0056193224,0,84099.99,0,211.28799999999984,0,2.3210654,0,-0.0024831816554069,0
2026-09-26,0.00046071978880313225,-0.0010428783,0,84433.1,0,19.44400000000001,0,1.311359,0,-0.0094313584268093,0
2026-09-27,-0.011506653092148933,-0.0065895077,0,84472.0,0,38.76800000000004,0,0.9155531,0,-0.0147991850972175,0
2026-09-28,0.001959880004804848,-0.0052261157,0,83500.01,0,381.2899999999985,0,1.984779,0,-0.017827458679676,0
2026-09-29,-0.0004788219879454658,0.005723356,0,83663.66,0,123.01000000000008,0,0.047368884,0,-0.0176320672035217,0
2026-09-30,0.015025064694655477,0.0042965445,0,83623.6,0,126.47300000000018,0,0.051545992,0,-0.0177740082144737,0
2026-10-01,-0.004265313227313272,-0.0018475908,0,84880.05,0,53.516000000000055,0,0.9719387,0,-0.0171059295535087,0
2026-10-02,0.0027869799584727684,0.0046399822,0,84518.01,0,311.46099999999984,0,1.5370153,0,-0.0156018063426017,0
2026-10-03,0.020960063506476834,-0.0006715087,0,84753.56,0,12.531,0,0.8392751,0,-0.0133607909083366,0
2026-10-04,-0.008819253438113961,0.0043434342,0,86530.0,0,12.054,0,1.3443931,0,-0.0081493556499481,0
2026-10-05,,-0.012767523,0,85766.87,0,245.28300000000004,0,0.69476444,0,-0.0016839131712913,0
