date,long_liq,short_liq,liq_imbalance,open_interest,funding_rate,long_short_ratio,volume,trade_count,target_return,tcn_pred,cnn_lstm_pred,model3_ensemble
2020-06-30,214.42199999999977,47.815000000000005,166.60699999999977,41523.588,0.01,1.199736031676199,142725.5529999579,262556.0,0.0101739802109079,0.015756896,0.011105508,0.0136637714
2020-07-01,75.05700000000002,477.9469999999997,-402.8899999999997,41536.881,0.01,1.2084805653710249,161642.18499997503,283184.0,-0.0158815121012185,-0.0020315498,-0.016930372,-0.00873601979
2020-07-02,2237.269999999995,212.62000000000052,2024.6499999999944,40887.087,0.01,1.0946795140343526,230743.11700001833,405777.0,-0.0031171490343044,-0.0026259497,0.0038928613,0.00030751525000000004
2020-07-03,160.09600000000026,13.967999999999993,146.12800000000027,40677.765,0.01,1.3946360153256707,96947.33799998964,206303.0,0.0084864957064336,0.00096973265,0.010114372,0.0050848203575
2020-07-04,54.234000000000016,452.99500000000046,-398.7610000000004,40827.431,0.01,1.3132084200786494,100215.43799998048,187458.0,-0.0072563319395388,-0.011182601,0.0023233816,-0.005104908830000001
2020-07-05,1533.4770000000026,233.82399999999993,1299.6530000000027,40167.479,0.01,1.3255813953488371,139545.56599999574,257509.0,0.0298486175692804,0.038575783,0.0364663,0.037626515650000004
2020-07-06,34.79600000000002,1164.535999999997,-1129.739999999997,42112.838,0.01,1.3441162681669012,199643.82800000784,333750.0,-0.0093336784889892,-0.004568942,-0.0049041286,-0.00471977597
2020-07-07,253.6569999999998,55.23300000000002,198.4239999999998,42229.47,0.01,0.9853087155052612,127833.97499995364,249916.0,0.0191163686743429,0.004784159,0.020199347,0.0117209936
2020-07-08,47.707000000000015,1110.7579999999975,-1063.0509999999974,44325.85,0.01,1.0193861066235863,170243.00099994385,304387.0,-0.0218162343476358,-0.00093436986,-0.016776785,-0.008063456673
2020-07-09,1557.3819999999969,60.879999999999995,1496.5019999999968,41658.183,0.01,0.9968051118210864,188355.85599990824,327247.0,0.0060375642952958,0.009083719,0.0070135593,0.008152147135000001
2020-07-10,290.87099999999987,338.63700000000006,-47.76600000000019,40954.164,0.01,1.2326412145568209,140808.59499999412,255294.0,-0.0058642771569914,0.0015946934,-0.005691722,-0.00168419353
2020-07-11,114.87600000000002,15.643999999999997,99.23200000000004,40785.783,0.01,1.1772262138036145,74976.52099996469,165429.0,0.0074144824312121,0.01533103,0.009090938,0.012522988600000002
2020-07-12,227.75400000000008,517.4589999999993,-289.7049999999992,40079.957,0.01,1.107481559536354,127841.88199999325,221273.0,-0.0064846601291304,0.0106649175,0.013378266,0.011885924325
2020-07-13,238.74900000000005,102.79000000000006,135.959,41638.64,0.01,1.0916126333403051,136117.65899996628,248630.0,0.001430388811153,0.0017527384,0.005047664,0.0032354549200000002
2020-07-14,594.4519999999993,148.02500000000003,446.4269999999993,40436.399,0.01,1.1459227467811155,129704.27799997709,231281.0,-0.0063132035982587,0.004048345,0.0021545961,0.003196157995
2020-07-15,155.53999999999994,23.653,131.88699999999994,42279.82,0.01,1.1772262138036145,104107.70799997936,189400.0,-0.0069695208611886,0.0011754497,-0.0031485483,-0.0007703493999999998
2020-07-16,777.1720000000014,50.03300000000001,727.1390000000014,44256.392,0.01,1.212878955521133,148089.44999996095,259795.0,0.0022528394199241,0.010215769,0.008475073,0.0094324558
2020-07-17,6.006000000000001,90.33000000000004,-84.32400000000004,44709.639,0.01,1.2532672374943667,80940.58399998432,152207.0,0.0017419211372242,0.024115695,-0.0006031394,0.01299221952
2020-07-18,24.103000000000005,91.498,-67.395,43509.821,0.01,1.196836555360281,63233.59599997044,125587.0,0.0042123606910529,0.022164322,0.013521738,0.018275159200000002
2020-07-19,121.49900000000002,294.116,-172.61699999999996,43745.173,0.01,1.167316861725184,75554.57899997052,142420.0,-0.0052488529452379,0.016205285,0.01078308,0.013765292750000001
2020-07-20,106.751,14.296,92.455,42467.004,0.01,1.139495079161318,72429.69099997115,142908.0,0.024713965321002,0.023900429,0.02634672,0.02500125995
2020-07-21,90.08200000000004,1273.0819999999949,-1182.9999999999948,46443.801,0.01,1.1551724137931034,178774.18499992415,307976.0,0.0135562595917129,0.017854828,0.007757157,0.01331087605
2020-07-22,304.063,1364.8639999999994,-1060.8009999999997,43811.78,0.01,1.0230629172567267,126598.90200000691,238004.0,0.0089021126623816,0.0032446394,0.018103044,0.00993092147
2020-07-23,207.458,1603.4129999999636,-1395.9549999999635,42832.528,0.01,1.0678246484698095,166984.05899986852,322474.0,-0.0068408145746339,-0.013344404,-0.0074743032,-0.01070285864
2020-07-24,397.1429999999996,143.19100000000003,253.95199999999952,42078.991,0.01,1.1376656690893543,133975.06799993353,287409.0,0.0169063326414047,0.012807034,0.022455882,0.0171490156
2020-07-25,25.266000000000005,579.5139999999994,-554.2479999999995,42518.326,0.01,1.2045855379188712,130751.70899994412,277740.0,0.0235463680907113,0.02858458,0.027379263,0.02804218735
2020-07-26,715.4769999999979,3995.6040000000103,-3280.127000000012,37221.074,0.065437,1.1805494984736151,251248.3689997202,463015.0,0.104899655153833,0.07868822,0.10776935,0.09177472850000001
2020-07-27,3382.0769999999957,10613.910000000202,-7231.833000000206,36418.82,0.051888,1.2527596305474205,735053.0190006546,1324543.0,-0.0112773535736732,-0.033767402,-0.013966985,-0.024857214350000004
2020-07-28,2822.6989999999973,948.9339999999992,1873.764999999998,36189.797,0.097576,1.8248587570621468,494004.6639997089,983601.0,0.0176550017142407,-0.043666456,0.014655016,-0.017421793600000002
2020-07-29,1587.7819999999954,671.8429999999989,915.9389999999964,38430.296,0.061856,1.8081999438360012,356163.4559999055,681998.0,-8.288236024789342e-05,-0.007209482,-0.002546005,-0.00511091735
2020-07-30,1167.276999999998,243.64700000000013,923.6299999999978,38822.547,0.069174,1.901073397156948,230327.9879999529,457559.0,0.0210258928374678,0.016288908,0.01579383,0.0160661229
2020-07-31,493.8820000000002,762.5909999999985,-268.70899999999835,39433.917,0.037716,1.9265437518290895,307388.7319998744,549739.0,0.0402628136953353,0.047691524,0.028255466,0.0389452979
2020-08-01,788.6199999999989,1306.8409999999978,-518.220999999999,40792.26,0.048996,1.7472527472527473,299394.12599982356,541303.0,-0.0638379885940914,-0.081842646,-0.06545509,-0.0744682458
2020-08-02,7864.005000000078,1308.2969999999932,6555.708000000085,31619.411,0.024752,1.9761904761904765,440665.2119995138,823952.0,0.0133202754002095,0.012660769,0.010854967,0.011848158100000002
2020-08-03,928.890999999998,240.046,688.844999999998,31995.671,0.043731,1.907822041291073,238537.68999983463,452868.0,-0.0024844090312949,-0.01238752,-0.0030270591,-0.008175312595000001
2020-08-04,838.7429999999993,135.6020000000001,703.1409999999992,32424.759,0.038617,1.8481913984619769,200044.9339998991,394263.0,0.0482233983727411,0.05196029,0.04502623,0.048839963
2020-08-05,688.0869999999993,814.7539999999949,-126.6669999999956,35162.382,0.022044,1.810567734682406,262097.99699980463,487679.0,0.0014931490218277,0.013977306,-0.001835227,0.006861666150000001
2020-08-06,942.5319999999992,330.75299999999953,611.7789999999998,36332.139,0.036099,1.4894199651481204,235762.62899990825,442484.0,-0.0144055437001586,-0.0069739465,-0.014150687,-0.010203479725
2020-08-07,1541.5259999999955,153.1760000000001,1388.3499999999954,32478.47,0.023934,1.531004808909137,257816.69699993767,516588.0,0.0143162726745416,0.016564038,0.018045314,0.017230612200000002
2020-08-08,355.2269999999997,274.2559999999995,80.97100000000017,33776.599,0.01,1.6329647182727751,154707.30299995176,341421.0,-0.0068020305693092,-0.002779765,-0.008044235,-0.0051487765000000005
2020-08-09,406.5799999999998,87.41200000000002,319.1679999999998,34695.239,0.014574,1.5673940949935814,125463.46299997917,294190.0,0.0179214624033896,0.01874496,0.023219801,0.020758638450000005
2020-08-10,1241.8759999999982,1057.8120000000004,184.0639999999978,34501.287,0.030218,1.6385224274406334,271969.4499998031,522419.0,-0.0430248879596852,-0.032142956,-0.040098846,-0.035723106500000004
2020-08-11,2779.7409999999977,312.77199999999993,2466.968999999998,36216.567,0.059816,1.7270248159258248,314278.03399976756,626170.0,0.0150069834685222,0.0018090568,0.035942867,0.017169271390000004
2020-08-12,348.7680000000001,251.18600000000012,97.58199999999997,35675.149,0.01,1.9455081001472752,212052.3129999009,444201.0,0.0184778176380451,0.014222885,0.02038933,0.01699778525
2020-08-13,665.177999999999,449.9699999999999,215.20799999999903,34683.548,0.01,1.640612622128334,236879.5989997832,519510.0,-0.0016533184398284,0.0007458478,-0.0015867874,-0.00030383803999999996
2020-08-14,225.8929999999999,182.80700000000013,43.08599999999976,33884.778,0.027433,1.7442371020856204,158203.89999996126,350742.0,0.0077805189363324,0.013981657,0.0002715066,0.00781208932
2020-08-15,825.5939999999989,338.8849999999995,486.70899999999943,35022.242,0.021904,1.7159152634437804,222262.9869998445,455651.0,0.0049319641788194,0.017391033,0.0054436475,0.012014709525000002
2020-08-16,248.75500000000025,100.62300000000003,148.13200000000023,35487.662,0.0315239999999999,1.6157467957101754,163324.7199999676,351308.0,0.0306015951306672,0.030595867,0.025698356,0.02839198705
2020-08-17,860.9029999999984,1451.226999999999,-590.3240000000005,36217.922,0.08576,1.525252525252525,313775.1779997135,642039.0,-0.0277503200816457,-0.026462289,-0.023322478,-0.025049374050000003
2020-08-18,2143.7399999999966,126.49200000000005,2017.2479999999969,37913.186,0.100156,1.631578947368421,291090.4249998953,590730.0,-0.016069815339021,-0.011580654,-0.012128256,-0.011827074900000002
2020-08-19,2377.58299999999,168.07899999999998,2209.50399999999,36233.194,0.024051,2.0165912518853695,312108.0659998201,610745.0,0.0083835981669011,0.0057705618,0.0071134493,0.006374861175
2020-08-20,60.57900000000003,87.373,-26.793999999999976,35452.456,0.018281,1.987750224081267,130981.04399998768,309582.0,-0.0275588546872747,-0.015327113,-0.026844919,-0.0205101257
2020-08-21,1052.2329999999993,88.29600000000003,963.9369999999992,34286.081,0.01,1.9420417769932337,195060.37899988313,432783.0,0.011349461965322,0.03586761,0.011339709,0.02483005455
2020-08-22,453.748999999999,177.24900000000008,276.4999999999989,33371.425,0.01,1.828854314002829,126696.34499997488,297820.0,-0.0012723559473784,0.015487506,-0.004828982,0.0063450864
2020-08-23,134.30099999999993,114.89900000000006,19.401999999999873,33579.254,0.01,1.7034333603676668,95608.03299998632,236667.0,0.0085543852594565,0.005835955,0.010883808,0.00810748885
2020-08-24,79.54199999999994,97.01800000000006,-17.476000000000113,35208.234,0.01,1.7808676307007787,108612.00099996995,255811.0,-0.0372685503041179,-0.018969875,-0.030234925,-0.024039147500000003
2020-08-25,2662.4730000000036,132.11800000000008,2530.3550000000037,37432.249,0.04258,1.771618625277162,267234.77099981357,490345.0,0.0125559982902245,0.0057655885,0.010352306,0.007829611375
2020-08-26,219.37299999999996,368.8069999999995,-149.43399999999954,35285.892,0.013038,1.7464982147761607,170305.0239998851,333491.0,-0.0114998715981542,-0.01224556,-0.009423263,-0.01097552635
2020-08-27,739.0149999999994,484.8939999999999,254.12099999999953,36045.965,0.01,1.5144581342720642,229761.5979998688,438135.0,0.0171966880789469,0.016340308,0.022451095,0.019090162150000003
2020-08-28,23.64300000000001,168.84100000000012,-145.19800000000012,36564.101,0.01,1.5464731347084286,121653.7899999698,277836.0,-0.0053121217435307,0.0064274287,-0.011747874,-0.0017514575149999998
2020-08-29,64.53200000000005,69.80299999999997,-5.2709999999999155,36649.486,0.01,1.322340919647004,82398.22699997996,193325.0,0.0211700532462248,0.023771185,0.02240745,0.023157504250000002
2020-08-30,71.62099999999998,491.4869999999997,-419.8659999999997,37337.149,0.01,1.3402761525860054,113241.34999997316,230510.0,-0.0052781142940627,-0.013203783,0.011339322,-0.0021593857500000002
2020-08-31,207.96500000000023,192.81700000000004,15.148000000000197,39158.456,0.015461,1.364066193853428,126973.08900000872,254400.0,0.0231187973969309,0.020493835,0.022987396,0.02161593745
2020-09-01,521.672,613.1620000000003,-91.49000000000024,39828.798,0.04686,1.3573785950023574,211607.15899992164,367162.0,-0.045775329811585,-0.03199332,-0.02988609,-0.031045066500000003
2020-09-02,1824.2950000000135,169.984,1654.3110000000136,37102.61,0.045038,1.328830926874709,243038.57699986993,436081.0,-0.1160357655468899,-0.1208514,-0.11205474,-0.11689290300000002
2020-09-03,4881.528000000034,466.6309999999995,4414.8970000000345,30105.361,0.024709,1.8401022436807728,413614.6499999035,701641.0,0.0296712412537303,0.0068495474,0.031894114,0.01811960237
2020-09-04,1477.9229999999975,1037.188,440.7349999999974,31703.31,0.01,1.7419797093501508,393090.7119997459,711227.0,-0.0271263723089187,-0.037426148,-0.025212184,-0.0319298642
2020-09-05,1655.6329999999955,1069.4819999999984,586.1509999999971,32293.606,0.01,1.3940627244433803,399265.17099963047,878297.0,0.0087657107436189,0.009828674,0.006298378,0.0082400408
2020-09-06,241.19299999999993,321.2249999999996,-80.0319999999997,33547.35,0.01,1.4795437639474338,175880.97599988175,422398.0,0.0113662925973549,0.016045105,0.008045483,0.012445275100000002
2020-09-07,642.0409999999985,899.7209999999993,-257.68000000000086,34369.884,0.01,1.6130128037627385,258476.94899970997,569554.0,-0.0240781306870196,-0.016441377,-0.026392289,-0.0209192874
2020-09-08,1354.8359999999966,758.6729999999998,596.1629999999968,35042.757,0.01,1.508151492350138,317802.32199968986,684743.0,0.0090977411466433,0.0010215347,0.009737171,0.004943571034999999
2020-09-09,116.79500000000004,416.8889999999997,-300.0939999999997,34964.064,0.01,1.6845637583892616,150365.90399991837,335135.0,0.0114488114994344,0.0010396023,0.0033615902,0.002084496855
2020-09-10,204.00999999999976,548.2439999999999,-344.23400000000015,34532.563,0.01,1.3261223540358222,187667.87299985983,370611.0,0.0049235892784977,0.010277533,0.008725129,0.009578951200000001
2020-09-11,89.09300000000002,160.13099999999997,-71.03799999999995,34328.786,0.01,1.4420024420024418,135929.30299998625,275336.0,0.0050919965741691,-0.0021000395,0.010289125,0.003475084525
2020-09-12,85.12100000000005,250.078,-164.95699999999994,34063.278,0.01,1.425418384671356,97405.02099997128,222864.0,-0.0104064962240268,-0.009682779,0.00066069514,-0.005028215637000001
2020-09-13,693.8119999999997,408.4189999999995,285.39300000000014,34397.591,0.01,1.307337332718043,159021.84299996108,301886.0,0.032275732263626,0.030285332,0.03197386,0.031045169600000005
2020-09-14,136.229,843.8399999999983,-707.6109999999983,33928.763,0.000868,1.3369946249123628,193927.33799992333,369987.0,0.0105830858365472,-0.0046786587,0.020125464,0.006483196514999999
2020-09-15,452.8249999999997,691.794999999997,-238.9699999999973,34456.964,-0.005156,1.106593638087213,247645.3429999375,426894.0,0.015520576216204,0.005340362,0.01017651,0.0075166286
2020-09-16,223.33499999999995,657.4329999999995,-434.0979999999996,36395.128,-0.003198,1.1110407430863416,252584.13499994215,467457.0,-0.001280716353003,-0.0083759995,-0.003963746,-0.006390485425
2020-09-17,369.6339999999998,293.94899999999984,75.68499999999995,34491.701,9.8e-05,1.0755500207555002,186307.8869999321,354735.0,-0.0006034732812487,0.009669142,-0.0004253462,0.0051266223100000004
2020-09-18,226.03500000000008,150.2060000000001,75.82899999999998,34155.285,0.004967,1.1468441391155002,136000.67699997016,286630.0,0.0133789342229988,-0.0015051044,0.0113177,0.004265157580000001
2020-09-19,74.49699999999997,546.5889999999991,-472.0919999999992,36131.285,-0.005749,1.115506663845991,126239.23200000689,282195.0,-0.0145787328447113,-0.019075595,-0.018037952,-0.01860865565
2020-09-20,733.262,98.299,634.963,36521.658,-0.006625,1.147766323024055,150450.5619999252,304660.0,-0.0471614049101916,-0.048598044,-0.033766985,-0.041924067450000005
2020-09-21,2157.3260000000005,256.4819999999999,1900.8440000000005,37486.398,0.01,1.0764119601328903,333047.14599993505,558055.0,0.0107310823194755,-0.0014073078,0.010541011,0.003969435659999999
2020-09-22,140.44999999999996,231.78900000000016,-91.3390000000002,37938.654,0.01,1.0420665713702266,179753.99299987883,334299.0,-0.0277471008498917,-0.021640148,-0.022559382,-0.0220538033
2020-09-23,1069.0069999999992,125.962,943.0449999999992,40803.23,-0.005506,1.0907380305247754,198146.14799998872,364046.0,0.0471881984713764,0.038997218,0.04259897,0.040618006400000004
2020-09-24,47.04700000000001,2330.604000000006,-2283.557000000006,37031.028,0.001182,1.0197939810139367,234062.80099993647,418568.0,-0.0046352156160356,0.0037555466,-0.00023617595,0.0019592714525000004
2020-09-25,208.261,223.045,-14.783999999999992,36719.759,0.01,0.9642506383814576,166363.39599992114,348488.0,0.003915902398667,-0.0157583,0.0068318844,-0.00559271702
2020-09-26,42.01600000000003,340.8800000000003,-298.86400000000026,37756.06,0.01,1.0508613617719442,106518.25999999646,271370.0,0.0042459551717115,0.0060160263,0.0070838705,0.006496556190000001
2020-09-27,297.0299999999997,224.27400000000023,72.75599999999946,37514.69,0.01,1.072538860103627,119180.06399998504,263007.0,-0.0072779691147335,-0.0010796255,2.6799738e-05,-0.0005817341429000001
2020-09-28,564.0929999999998,871.3040000000027,-307.21100000000285,33029.358,0.01,1.0012007204322595,182054.5659998329,342358.0,0.0134062165899013,0.03131619,0.016230576,0.0245276637
2020-09-29,160.71299999999994,209.673,-48.960000000000065,35270.329,0.01,1.1079258010118045,145428.12599994004,301510.0,-0.005911086565506,-0.008134054,-0.0010674372,-0.004954076440000001
2020-09-30,148.65000000000003,58.91900000000002,89.73100000000002,35854.235,0.01,1.0529665366454526,132834.1159999773,284858.0,-0.0147190973543107,-0.004821528,-0.013492696,-0.008723553600000001
2020-10-01,1171.4859999999985,517.7359999999994,653.7499999999991,35775.357,0.01,1.0885547201336674,253619.62199993336,445526.0,-0.0045994494362666,-0.003626335,-0.004267521,-0.0039148687
2020-10-02,496.15599999999887,437.50900000000007,58.6469999999988,37189.151,0.01,1.1992522542335606,224747.03699976072,422494.0,-0.0026846721814166,0.012348563,-0.0029137582,0.005480518460000001
2020-10-03,32.188,57.26000000000001,-25.07200000000001,37435.494,0.009749,1.180074122520166,76315.91099993914,225469.0,0.0117472066892556,0.0037698555,0.013036527,0.007939857675
2020-10-04,13.536999999999995,312.8920000000001,-299.35500000000013,37259.059,-0.0007559999999999,1.168256721595837,90912.10499993146,250257.0,0.0117044009488385,0.026088743,0.013319198,0.020342447750000003
2020-10-05,41.08300000000001,468.7099999999996,-427.6269999999995,39676.6,-0.006912,1.1132713440405748,130589.13699999542,306089.0,-0.0180026524426537,0.004167952,-0.0035397708,0.00069947674
2020-10-06,548.2759999999995,98.076,450.1999999999995,37246.269,0.006937,0.9801980198019802,184895.2499999215,368051.0,0.00627575116334,0.0034709042,0.012106638,0.0073569844100000005
2020-10-07,21.929,94.99800000000003,-73.06900000000003,37979.699,0.001553,0.9868865487780648,106700.5219999577,259652.0,0.0240082372384513,0.02558252,0.025749858,0.025657822100000005
2020-10-08,168.4479999999999,1304.899999999997,-1136.451999999997,38759.733,0.008856,1.0044097013429545,207938.8609997753,389364.0,0.0113824313048986,0.028543465,0.009380005,0.019919908000000004
2020-10-09,45.55600000000001,749.7699999999967,-704.2139999999966,39058.216,0.01,1.106593638087213,154312.51499991672,312652.0,0.0217142008076791,2.8788578e-05,0.025708102,0.0115844796179
2020-10-10,416.2689999999996,3290.645000000044,-2874.3760000000443,38433.078,0.01,1.111932418162619,199398.01199983413,375777.0,0.0066895666688306,-0.0121359555,0.007088233,-0.0034850706750000006
2020-10-11,196.14599999999996,199.2689999999999,-3.1229999999999336,39380.026,0.01,1.3310023310023311,146323.07599998167,299046.0,0.0139084324759206,-0.0034310329,0.01815832,0.006284175905
2020-10-12,1096.2769999999994,1601.7179999999878,-505.4409999999884,37397.659,0.01,1.3573785950023574,253777.53099985575,418720.0,-0.0093853049878305,0.0018600696,-0.0070116,-0.0021321817199999996
2020-10-13,733.945999999999,75.23400000000002,658.711999999999,37223.591,0.01,1.3310023310023311,199079.9949998746,369685.0,-0.0002338162188912,0.0017670193,-0.002748564,-0.00026499318499999995
2020-10-14,412.864,234.00599999999997,178.858,36213.94,0.01,1.3889154323936932,192916.75999987955,353907.0,0.0076107300963599,0.024489067,0.006295353,0.016301895700000003
2020-10-15,274.3359999999999,589.4009999999994,-315.0649999999995,36740.182,0.01,1.3293733985557885,215243.10099982648,408818.0,-0.0162811533813087,-0.020428836,-0.015506811,-0.018213924750000002
2020-10-16,842.9589999999986,77.97999999999996,764.9789999999987,37686.229,0.01,1.2573363431151243,212309.18999977747,382180.0,0.003605018472486,0.0039098836,0.002926372,0.00346730338
2020-10-17,111.41700000000004,56.87599999999998,54.54100000000006,36754.962,0.01,1.3889154323936932,95892.96599998404,229687.0,0.0125040228060484,0.013227974,0.01661516,0.0147522077
2020-10-18,2.6450000000000005,223.28899999999967,-220.6439999999997,38385.092,0.01,1.3713540431586435,92472.1909999652,222704.0,0.0213582975701172,0.028338462,0.024453659,0.026590300650000002
2020-10-19,131.456,1385.01,-1253.554,41288.754,0.01,1.2588660492432795,230148.82699983253,408229.0,0.013399204588298,0.020421183,0.02812814,0.02388931365
2020-10-20,450.7119999999994,1433.2449999999942,-982.5329999999948,45213.395,0.0037419999999999,1.23463687150838,312803.87099965976,554026.0,0.0705790197628193,0.04023151,0.073585294,0.0552407128
2020-10-21,2390.2399999999957,8903.480000000072,-6513.240000000076,44827.305,0.01,0.936108422071636,591398.2610000952,1068727.0,0.0145683188348346,-0.00042443583,0.018140078,0.007929595393500001
2020-10-22,844.5490000000002,449.87899999999865,394.6700000000015,46354.313,0.01,1.43842965130456,343336.07499968656,658335.0,-0.0035107961066547,-0.055028174,-0.007924594,-0.033831563
2020-10-23,843.6110000000006,164.35799999999995,679.2530000000006,46616.762,0.01,1.3758612497030172,237040.94599983608,443010.0,0.0144931631779385,0.01923927,0.0104800165,0.015297605925
2020-10-24,237.23900000000003,434.85699999999986,-197.61799999999985,48772.619,0.01,1.2983222247759136,176146.62999985536,394437.0,-0.0063426550859695,-0.0030289055,-0.007908456,-0.005224703225
2020-10-25,1339.9229999999982,917.0120000000012,422.910999999997,44295.602,0.01,1.320185614849188,206012.65199974188,445256.0,0.0017913414618497,-0.01502824,0.0029001608,-0.0069604596400000005
2020-10-26,1294.112999999997,352.0909999999997,942.0219999999974,44469.952,0.01,1.343566908835247,316503.2959996763,578741.0,0.0437698854159531,0.025562301,0.046799183,0.0351188979
2020-10-27,317.3189999999996,2069.5009999999947,-1752.1819999999952,47658.23,0.01,1.296738631143776,374912.5749995981,658275.0,-0.0274912982793136,-0.014930273,-0.0243131,-0.019152545150000002
2020-10-28,2838.431000000004,613.8279999999996,2224.6030000000046,42091.73,0.01,1.201188641866608,476993.7579993826,864069.0,0.0141682851772664,-0.0054982854,0.011328708,0.0020738616300000003
2020-10-29,549.974999999999,822.262999999998,-272.287999999999,45634.242,-0.003189,1.4906600249066004,347119.8219995975,635381.0,0.0077288490213085,0.014546015,0.008704189,0.0119171933
2020-10-30,623.336999999999,692.7749999999969,-69.43799999999794,47564.662,-0.013414,1.11999152003392,336314.54599963897,628211.0,0.0168845483758737,0.013123956,0.013732649,0.013397867850000002
2020-10-31,1078.419999999997,2250.4269999999974,-1172.0070000000003,49567.276,0.009204,1.1003990758244069,357853.22999940097,729908.0,-0.0021413673004317,-0.0034240466,0.00022929162,-0.0017800444009999999
2020-11-01,351.81100000000004,143.71700000000004,208.094,49394.796,-0.005043,1.1213406873143827,198395.2309998524,443598.0,-0.0155347864119033,-0.031013358,-0.01605466,-0.024281943900000002
2020-11-02,1561.221999999996,400.2120000000002,1161.0099999999957,47921.917,0.008717,1.2266755733689605,327978.3639996206,646779.0,0.0343965813014222,0.014292601,0.03499888,0.02361042655
2020-11-03,496.3539999999996,1395.6329999999955,-899.2789999999959,49566.408,-0.008581,1.1299254526091584,348140.58699954825,707919.0,0.0085545798273258,0.016359478,0.007880472,0.012543925300000001
2020-11-04,1137.2789999999973,1450.3709999999958,-313.0919999999985,49200.753,-0.023791,1.0631318341242006,451298.26299925096,958326.0,0.0973397530338857,0.07125874,0.096734494,0.08272282930000001
2020-11-05,1661.5069999999969,6112.484000000055,-4450.977000000058,45951.358,0.01,1.0508613617719442,717489.6970011253,1459663.0,-0.0006480603012697,-0.009825044,-0.0020591393,-0.006330386885
2020-11-06,2044.3819999999896,1246.5149999999912,797.8669999999984,44014.307,0.03429,1.346316283435007,559242.2569989396,1244228.0,-0.0501200022045189,-0.071493536,-0.051276453,-0.06239584865
2020-11-07,3927.9290000000183,751.5029999999989,3176.4260000000195,39301.149,0.03589,1.5207965717166625,457582.6809988242,1041088.0,0.0433693771486112,0.03432709,0.043190468,0.03831561010000001
2020-11-08,360.06899999999973,891.2999999999992,-531.2309999999994,41400.844,0.01,1.4195499637067506,290616.3929995996,643150.0,-0.0095243112803107,-0.008282628,-0.0020055994,-0.00545796513
2020-11-09,1508.331999999992,897.1879999999964,611.1439999999956,39296.69,0.01,1.4378352023403216,474181.98299909424,1064150.0,-0.0020375104761161,-0.005208642,-0.0039806888,-0.00465606306
2020-11-10,306.4789999999999,180.9449999999999,125.53400000000002,39088.454,0.01,1.5477707006369428,244073.49499985375,583300.0,0.024985927702934,0.009320288,0.026012849,0.01683194045
2020-11-11,436.6879999999996,777.8219999999981,-341.1339999999985,41514.517,0.01,1.628120893561104,330749.05199948995,764600.0,0.0380092100428512,0.030781887,0.036386855,0.0333041226
2020-11-12,1393.5079999999905,1444.2069999999903,-50.69899999999984,42988.074,0.01,1.4230676035861398,471747.4999992974,1141000.0,0.001768644198302,-0.014195317,0.0004292354,-0.0076142684200000005
2020-11-13,532.9979999999983,537.5769999999991,-4.579000000000747,42321.206,0.01,1.346866932644919,306656.35899922537,758273.0,-0.0154520589265132,-0.026213774,-0.013691656,-0.020578820900000003
2020-11-14,1003.7749999999972,259.7209999999999,744.0539999999974,41775.433,0.004277,1.496255616575137,266206.9369996656,657777.0,-0.007084577418178,0.004886531,-0.0056272075,0.00015534867500000037
2020-11-15,312.30299999999966,105.19000000000014,207.11299999999952,42107.616,0.01,1.5227043390514632,210318.45299992777,592322.0,0.0463233598845072,0.03698097,0.04080824,0.038703241500000006
2020-11-16,315.7619999999999,1693.7179999999926,-1377.9559999999926,43352.988,0.01,1.4189646831156264,341561.76199934835,807007.0,0.0550461226589611,0.05491889,0.060845755,0.05758597925
2020-11-17,860.1639999999959,3777.359000000012,-2917.195000000016,42378.809,0.01,1.2507314877335134,520755.5279987044,1167342.0,0.0065888965777975,-0.015588061,0.008785505,-0.0046199563
2020-11-18,4792.129000000071,2875.4130000000137,1916.7160000000572,39038.692,0.021486,1.3696682464454977,730798.1270001837,1664778.0,0.0015008881665483,-0.028408961,8.188933e-05,-0.015588078351500003
2020-11-19,781.6869999999966,593.348999999998,188.3379999999986,40226.396,0.052207,1.685284640171858,405527.67299923213,916571.0,0.0467932496162859,0.027837582,0.050291806,0.0379419828
2020-11-20,451.5859999999988,1075.5209999999952,-623.9349999999963,39496.446,0.038617,1.6896180742334588,407896.4559990851,952467.0,0.0025765904402383,-0.005390133,0.0023261234,-0.0019178176200000002
2020-11-21,871.6119999999956,438.4819999999992,433.12999999999647,42507.76,0.059438,1.763194252555955,342289.1479994647,786548.0,-0.0155921153820788,-0.0112390155,-0.025149591,-0.017498774475
2020-11-22,2493.9220000000005,432.6219999999993,2061.300000000001,41966.367,0.066537,1.8851702250432776,373779.4169991548,897501.0,-0.0025245762533945,-0.004948584,-0.006557271,-0.00567249315
2020-11-23,1147.776999999997,547.3999999999995,600.3769999999976,39627.617,0.108391,1.607561929595828,364179.8389994288,865827.0,0.0422152743260912,0.036019113,0.03996986,0.03779694915
2020-11-24,1615.9339999999977,1370.558999999996,245.3750000000016,44563.047,0.081176,1.9411764705882353,477945.7339994282,1197108.0,-0.0232803672790353,-0.015131109,-0.023939006,-0.01909466265
2020-11-25,2726.0959999999964,565.4019999999994,2160.693999999997,44737.329,0.075292,1.7987685418415895,426276.9899991231,1053067.0,-0.0875776578398817,-0.098988384,-0.08583111,-0.0930676107
2020-11-26,18537.229000000338,2193.7430000000027,16343.486000000335,35149.731,0.028796,2.225806451612903,850692.8560027311,2362664.0,-0.0005803612342791,-0.0061926898,-0.0076467916,-0.00684703561
2020-11-27,1285.7369999999949,827.6539999999985,458.08299999999633,35349.385,0.01,1.7166530834012494,398072.9329993623,954587.0,0.0332985720197687,0.007569394,0.028909143,0.01717228105
2020-11-28,331.5269999999994,1144.0379999999952,-812.5109999999959,35535.572,0.01,1.7240533914464722,268833.7499998393,629966.0,0.0259110484052147,0.034215752,0.026638724,0.030806089400000004
2020-11-29,430.0290000000001,900.1689999999965,-470.13999999999635,35734.363,0.01,1.53613999492772,256024.0049998837,636236.0,0.0798124405603424,0.12786739,0.078247935,0.10553863525000001
2020-11-30,1550.9119999999969,4344.700000000022,-2793.788000000025,38643.733,0.029481,1.3815194093831864,500482.573999132,1312702.0,-0.0484176681386951,-0.061655223,-0.04112842,-0.05241816165
2020-12-01,6061.886000000088,1728.5869999999936,4333.299000000094,34697.069,0.011546,1.4807740014884645,553885.3329997042,1628883.0,0.023131976224672,-0.005324766,0.023432765,0.007616122950000002
2020-12-02,1314.3799999999926,729.9759999999977,584.4039999999949,35566.313,0.01,1.5227043390514632,335717.4819992942,969677.0,0.011278018177224,0.00812094,0.007911719,0.00802679055
2020-12-03,605.2499999999995,621.6809999999978,-16.43099999999822,38522.764,0.025455,1.6253609871357309,245020.5759996423,733120.0,-0.0405272676199164,-0.0036011674,-0.03964264,-0.01981983007
2020-12-04,2038.3349999999964,298.9270000000001,1739.4079999999965,38800.619,0.01,1.5419420437214029,276271.9389996786,805860.0,0.0263064872103075,0.029211182,0.019841257,0.02499471575
2020-12-05,277.3269999999997,398.26999999999987,-120.94300000000015,38444.077,0.01,1.4697456162015312,165912.64699981094,506067.0,0.010997574683671,0.0067021037,0.011743836,0.008970883235000001
2020-12-06,384.91699999999935,659.9999999999985,-275.0829999999992,40076.83,0.01,1.319647413593134,176004.6059998092,512566.0,-0.0099932566585021,-0.010347924,-0.004245512,-0.007601838600000001
2020-12-07,723.5899999999996,115.16500000000003,608.4249999999995,39342.34,0.01,1.1805494984736151,169402.37099990173,481218.0,-0.0449671539115588,-0.050191462,-0.032845534,-0.0423857944
2020-12-08,3881.427000000004,326.21099999999956,3555.216000000005,39346.436,0.01,1.4968789013732835,280709.709999672,797626.0,0.0117819186056848,0.0069581633,0.0018364191,0.004653378410000001
2020-12-09,2411.302000000008,1274.035999999996,1137.266000000012,38529.637,0.01,1.367984844896993,353123.68899935635,1030035.0,-0.0155808511856818,-0.02282853,-0.013237156,-0.018512411700000002
2020-12-10,850.4349999999984,430.4160000000001,420.01899999999824,38816.058,0.01,1.2050716648291069,233960.2409995742,698152.0,-0.0120196006823967,-0.023845198,-0.014209546,-0.019509154600000002
2020-12-11,1542.9849999999992,826.2589999999988,716.7260000000005,38697.138,0.01,1.3441162681669012,317866.0699992054,938891.0,0.0419198512810261,0.041729525,0.036883153,0.03954865760000001
2020-12-12,353.43799999999976,3667.8679999999986,-3314.429999999999,39453.199,0.004314,1.2237046920169,196962.2819997344,607435.0,0.0192878286595874,0.0083569,0.011162378,0.0096193651
2020-12-13,518.4339999999996,1701.675999999998,-1183.2419999999984,39560.22,0.01,1.1422450728363325,239760.08899964968,677972.0,0.0051055909978821,-0.016664747,0.0047820546,-0.0070136862800000005
2020-12-14,202.61200000000017,285.2779999999999,-82.66599999999974,40298.597,0.01,1.1263023601956197,181555.82299980783,580937.0,0.0079220932790864,-0.00799853,0.007652387,-0.0009556173500000005
2020-12-15,702.346999999999,1058.3359999999982,-355.98899999999924,42849.626,0.01,1.1551724137931034,248744.05399960137,714965.0,0.0937387794210291,0.096198685,0.10040565,0.09809181925
2020-12-16,773.4089999999989,10930.66600000024,-10157.25700000024,42748.431,0.046054,0.9470404984423676,459302.0119994258,1356331.0,0.0662626773596741,0.053733177,0.06766039,0.06000042285
2020-12-17,5817.076000000103,7677.133000000165,-1860.0570000000623,35943.252,0.054618,1.1528525296017222,823436.8390056895,2724434.0,0.0135165129878043,-0.07138373,0.01246899,-0.033650006
2020-12-18,1119.220999999995,667.6519999999983,451.56899999999666,37190.097,0.045032,1.421307506053269,305996.20399937517,1041033.0,0.0304406721170451,0.0132385725,0.02856078,0.020133565875000002
2020-12-19,1162.1429999999973,1746.1059999999925,-583.9629999999952,40636.292,0.070544,1.5316455696202531,337510.5159991326,1173201.0,-0.0154872902556704,0.02754461,-0.01621893,0.007851017000000002
2020-12-20,2260.468999999995,1018.282999999998,1242.185999999997,39271.463,0.038896,1.6007802340702209,322289.85299938417,1139619.0,-0.0318730319606679,-0.034593977,-0.03786266,-0.03606488435000001
2020-12-21,5202.534000000065,1165.2799999999922,4037.2540000000727,35991.919,0.023741,1.5866528711846872,460620.28799878777,1577462.0,0.0469060095977802,0.02915644,0.044103697,0.03588270565
2020-12-22,696.235999999997,1287.0899999999983,-590.8540000000013,37776.267,0.019956,1.3353573096683793,326124.31199961423,1125712.0,-0.0245754876788293,-0.038650163,-0.026097082,-0.03300127655
2020-12-23,2451.0570000000007,1410.438999999995,1040.6180000000056,31066.754,0.010214,1.4336821611097588,394754.9389992818,1411542.0,0.0211430056733732,0.02234221,0.016455095,0.01969300825
2020-12-24,339.1969999999991,780.0149999999974,-440.8179999999983,34187.414,0.027216,1.4021138601969731,237754.2569995347,860939.0,0.0406016172561454,0.0347474,0.04105451,0.037585599500000004
2020-12-25,941.0109999999966,1761.147999999986,-820.1369999999895,36532.676,0.034905,1.388344877000239,284504.3539994881,1058938.0,0.0695872933806356,0.05712007,0.06763462,0.06185161750000001
2020-12-26,917.8129999999989,3963.5540000000374,-3045.741000000038,35232.078,0.01,1.41196333815726,367265.55499943666,1409556.0,-0.0080239103889265,-0.00984429,-0.013339169,-0.011416985550000001
2020-12-27,4630.755000000094,3122.021000000014,1508.73400000008,32648.382,0.071164,1.5746652935118433,540264.1479992389,2190173.0,0.0299023029826699,0.003193384,0.029773183,0.015154293550000001
2020-12-28,1166.591999999992,696.7909999999977,469.80099999999425,33370.803,0.071278,1.6602819898909282,267563.46799952706,1160669.0,0.0112217577258544,0.010961885,0.017839115,0.0140566385
2020-12-29,1084.6209999999933,581.2349999999984,503.3859999999949,35292.775,0.039914,1.81928390188892,260759.4489997883,1122763.0,0.0529994517301073,0.031965904,0.05299388,0.0414284932
2020-12-30,1314.360999999992,1548.99399999999,-234.632999999998,34782.669,0.06288,1.9824038174768863,374737.65499930567,1508005.0,0.0016640381201611,0.0012420076,-0.007870406,-0.00285857852
2020-12-31,1960.766999999993,754.7570000000002,1206.009999999993,34788.484,0.036744,1.6048450117218025,313648.83499949466,1344357.0,0.0140095934275397,0.0029732208,0.009739228,0.006017924040000001
2021-01-01,790.0139999999978,519.7869999999987,270.2269999999992,36154.319,0.034457,1.6007802340702209,210716.39799980313,885732.0,0.0926247431168008,0.08684784,0.08725204,0.08702973
2021-01-02,2845.3620000000133,6153.664000000209,-3308.3020000001957,34782.778,0.115471,1.5654181631605957,545541.0799996135,2337037.0,0.0252158319865536,0.020808473,0.028176583,0.0241241225
2021-01-03,2772.8270000000075,2212.7709999999884,560.0560000000191,34325.199,0.155006,1.554278416347382,487486.9889991886,2195068.0,-0.0311260485700941,-0.031619355,-0.037786163,-0.034394418600000004
2021-01-04,7929.3610000001345,1181.9269999999872,6747.4340000001475,30420.778,0.056137,2.0129557095510697,506128.0229993615,2285070.0,0.0594919819740535,0.063660905,0.05748438,0.06088146875
2021-01-05,1561.061999999987,1957.188999999982,-396.12699999999495,30007.325,0.062904,1.8943560057887123,433720.83299886575,2035986.0,0.0797898796472882,0.077436164,0.08104451,0.07905991970000001
2021-01-06,1698.5519999999872,2049.1489999999785,-350.59699999999134,28179.97,0.149253,1.9027576197387517,443999.91699877894,2232991.0,0.0699198805415832,0.07991597,0.06823961,0.074661608
2021-01-07,3097.033000000023,2551.6719999999978,545.3610000000253,30143.732,0.099841,1.914602156805596,520147.9079972527,2681628.0,0.0287598077245583,0.03049966,0.026077598,0.028509732100000004
2021-01-08,3200.1200000000504,2111.6949999999765,1088.425000000074,27027.434,0.131892,2.1181789834736517,517314.04099826777,2860255.0,-0.01226205236531,-0.012397079,-0.021890156,-0.01666896365
2021-01-09,1118.8569999999893,592.5539999999984,526.3029999999909,30794.437,0.146942,2.5075412136092594,260882.80499929428,1569821.0,-0.0495562435922014,-0.02714319,-0.051186197,-0.03796254315
2021-01-10,5874.059000000209,1100.3379999999918,4773.721000000218,30708.289,0.052988,2.8925652004671076,436759.04799831664,2487876.0,-0.0746881986220913,-0.049664564,-0.085761495,-0.06590818295
2021-01-11,9662.306000000804,3954.9950000000863,5707.311000000718,26810.818,0.053444,2.61271676300578,906275.6510061024,5286785.0,-0.0389716343884227,-0.032094046,-0.041513138,-0.0363326374
2021-01-12,2755.6780000000317,1820.7329999999845,934.9450000000472,23849.964,0.054945,2.447087211306446,448997.0119971277,2799922.0,0.0930387218664847,0.100948006,0.085372746,0.093939139
2021-01-13,1467.599999999987,2293.573999999987,-825.9739999999999,28170.947,0.07053,2.096934035305048,398188.0879979109,2552898.0,0.0463547564222306,0.053877573,0.04219444,0.048620163150000006
2021-01-14,1432.4419999999875,1604.0589999999838,-171.61699999999632,27375.831,0.068503,2.486750348675035,352617.417999045,2216411.0,-0.0633334246881052,-0.056005813,-0.07285858,-0.06358955815
2021-01-15,4695.147000000119,1388.386999999986,3306.760000000133,28056.008,0.118185,1.9351335485764605,437610.1129994521,2781943.0,-0.0205470182784353,-0.021124505,-0.027831763,-0.0241427711
2021-01-16,1800.6339999999802,913.1319999999952,887.5019999999851,27377.806,0.068496,2.2819166393173616,301102.4769992924,1906379.0,-0.0046327480304899,-0.009651145,-0.0033130497,-0.006799002115000001
2021-01-17,1852.126999999978,1124.6669999999954,727.4599999999825,26720.974,0.01,2.1397174254317113,287686.12899915106,1781479.0,0.0221555109664723,0.021152982,0.017853871,0.019668382050000002
2021-01-18,1274.3619999999887,901.8439999999975,372.5179999999912,27707.31,0.10355,2.2351989647363313,253386.70299929503,1533647.0,-0.0204020271840601,-0.0010761865,-0.020580217,-0.009853000225000002
2021-01-19,1183.87199999999,494.9589999999975,688.9129999999925,28418.803,0.158467,2.816793893129771,257889.4189991956,1486007.0,-0.0118628538249527,-0.00384067,-0.009721957,-0.006487249150000001
2021-01-20,3164.9120000000116,860.1969999999945,2304.715000000017,29567.105,0.016482,2.3422459893048124,329171.9169988055,1954817.0,-0.1394964019344247,-0.09355806,-0.1446932,-0.11656887299999999
2021-01-21,6462.852000000223,1757.3659999999868,4705.486000000235,29726.273,0.026589,2.4048348655090224,550562.2769994785,3189320.0,0.0657037001868836,0.05567096,0.052440397,0.05421720665
2021-01-22,3008.026000000036,2615.8310000000133,392.1950000000229,26731.641,0.01,2.03951367781155,453568.5379988208,2639371.0,-0.0266742275526272,-0.06950387,-0.025238588,-0.0495844931
2021-01-23,1217.738999999991,692.3909999999953,525.3479999999956,26379.115,0.01,1.9550827423167845,256776.7439994995,1516580.0,0.0056545359630604,0.0072279433,-0.0009505376,0.0035476268950000007
2021-01-24,1426.337999999989,796.7949999999973,629.5429999999917,27124.72,0.041388,1.725538293813028,212106.70099972375,1246754.0,-0.00017670555785,0.02128734,-0.0058128014,0.00909227637
2021-01-25,1845.9509999999857,1508.5369999999857,337.414,27583.205,0.042414,1.8042624789680315,316687.5669994318,1707298.0,0.0065996376554497,0.0018161638,0.0032261536,0.00245065921
2021-01-26,1988.8589999999797,1139.0599999999906,849.7989999999891,27754.749,0.01,2.0665440049064703,346791.54699924274,1904302.0,-0.0669194037928218,-0.07887306,-0.07246008,-0.075987219
2021-01-27,3076.440000000022,1402.3059999999914,1674.1340000000305,28949.148,0.01,1.907822041291073,431022.83899815666,2307800.0,0.0941747491499533,0.08321418,0.082982324,0.0831098448
2021-01-28,529.2239999999974,1944.9729999999856,-1415.7489999999882,30105.342,0.022262,1.931691586045148,311528.3729993264,1667554.0,0.0262475458890101,0.02704673,0.029828873,0.02829869435
2021-01-29,4880.072000000147,3621.6250000000614,1258.447000000086,29178.089,0.166789,1.4721878862793571,682202.8780024383,3827610.0,0.0003117561881698,-0.0069229403,-0.006732166,-0.0068370918650000004
2021-01-30,1083.0769999999884,622.7669999999958,460.30999999999256,30142.761,0.052428,2.732736095558044,267861.8719991129,1649066.0,-0.0347413771124038,-0.036768295,-0.031671755,-0.034474852
2021-01-31,1490.766999999986,286.3529999999996,1204.4139999999863,31371.542,0.044234,2.8925652004671076,211293.890999606,1215112.0,0.0130111180611347,0.003662993,0.010561712,0.0067674165500000005
2021-02-01,742.9449999999965,705.2959999999962,37.64900000000034,29437.013,0.066848,2.4746351633078527,240552.99399973048,1346420.0,0.056248964732994,0.07557908,0.059157714,0.0681894653
2021-02-02,385.3369999999993,1016.023999999992,-630.6869999999927,29964.52,0.122181,2.5945363048166787,239856.22999959651,1281128.0,0.0589245281156269,0.052093342,0.06036191,0.055814197600000004
2021-02-03,458.8789999999984,896.2379999999937,-437.35899999999526,29194.859,0.075287,2.328894806924101,240307.4529996708,1270756.0,-0.0183012324165279,0.002094869,-0.013234697,-0.0048034357
2021-02-04,1835.724999999989,920.7679999999968,914.956999999992,28798.699,0.061936,1.8993911278631488,306715.0219994336,1633571.0,0.0359904796336572,0.0402328,0.025281947,0.03350491615
2021-02-05,562.394999999998,529.2919999999991,33.10299999999893,30168.596,0.099154,1.791736460078169,196222.07699975473,1164983.0,0.0231484945952598,0.011416358,0.017641626,0.0142177286
2021-02-06,1555.1759999999847,1509.9799999999814,45.19600000000332,34132.296,0.102371,1.9841838257236648,310826.31499931205,1802973.0,-0.0100343700350133,-0.00060455455,-0.009673186,-0.0046854387025
2021-02-07,2798.3500000000113,678.8899999999971,2119.460000000014,31546.678,0.106206,2.105590062111801,296721.9249994168,1661409.0,0.1784485597042824,0.17221038,0.18559822,0.17823490800000003
2021-02-08,1547.7869999999762,6647.672000000326,-5099.8850000003495,35418.777,0.248993,2.2552083333333335,439907.60999762104,2612179.0,0.0009817309404045,0.006042559,0.0025047064,0.00445052533
2021-02-09,1927.810999999972,1657.5199999999782,270.2909999999938,34005.779,0.161159,2.221649484536082,379279.87799883017,2347876.0,-0.0353621270921635,-0.0064080665,-0.03841573,-0.020811515075000002
2021-02-10,2974.4990000000366,598.8749999999969,2375.62400000004,32797.762,0.112397,2.2268473701193936,334741.5169988121,1871235.0,0.0681882792068613,0.070282094,0.06474906,0.06779222870000001
2021-02-11,1257.5269999999875,1664.0789999999845,-406.55199999999695,35819.279,0.17411,2.5714285714285716,330540.0449989821,1907411.0,-0.0143174960635956,0.00092526386,-0.020995378,-0.008939024977
2021-02-12,1246.79399999999,555.6389999999966,691.1549999999935,35267.352,0.105533,2.5945363048166787,259186.28799945503,1640411.0,-0.0028358377938655,-0.012650503,-0.005162969,-0.0092811127
2021-02-13,883.6359999999922,227.0590000000001,656.5769999999922,33591.618,0.075946,2.7664783427495294,199934.39199940293,1198560.0,0.0297541636804208,0.05850625,0.02060372,0.041450111500000004
2021-02-14,849.7299999999943,1198.2569999999905,-348.5269999999962,37223.368,0.149489,2.775009437523594,241935.69299930704,1446654.0,-0.0138192202196361,-0.02617318,-0.017546587,-0.022291213150000003
2021-02-15,3245.332000000039,683.4509999999973,2561.8810000000417,34474.954,0.068133,2.5137034434293746,248894.03599941704,1575204.0,0.0251928552278926,0.019416532,0.019785091,0.01958238355
2021-02-16,1920.9009999999764,1492.9559999999656,427.9450000000109,34671.703,0.141818,2.0030030030030033,343576.4809991095,2037101.0,0.0590031225827925,0.04196743,0.050057698,0.045608050600000005
2021-02-17,589.3129999999967,1810.43399999998,-1221.1209999999833,37623.297,0.147112,2.3636057854019508,312007.45699878223,2003742.0,-0.0109405424977389,-0.015707145,-0.013188504,-0.01457375655
2021-02-18,675.1319999999969,271.84899999999936,403.2829999999975,35242.291,0.125842,1.8843380444188056,185464.1829996032,1169182.0,0.0810690632665132,0.079306245,0.067901276,0.07417400895000001
2021-02-19,754.9919999999927,2737.6980000000176,-1982.706000000025,35327.282,0.128791,2.223726627981947,257864.894999097,1776929.0,-0.0011599398117585,-0.005616567,-0.0029953793,-0.0044370325350000005
2021-02-21,506.05499999999626,640.5389999999945,-134.48399999999828,33051.845,0.12582,2.1989763275751755,196820.5639994479,1279359.0,-0.0595873467155065,-0.063774146,-0.060705803,-0.062393391650000005
2021-02-22,10429.325000000732,1771.7599999999693,8657.565000000763,28982.08,0.077864,2.271180896303566,480542.8739966156,4902549.0,-0.1010129181393377,-0.07695016,-0.10664954,-0.09031488100000001
2021-02-23,8044.060000000492,3548.5640000000985,4495.496000000394,25992.336,0.013281,2.483106931382794,748473.5290076472,8006494.0,0.0159326147047771,-0.0021095918,0.011509985,0.00401921776
2021-02-24,1727.6809999999723,1234.2029999999818,493.4779999999905,27420.531,0.037289,1.9342723004694835,333405.86499839067,2286605.0,-0.0538108492136757,-0.07309289,-0.073008575,-0.07305494825
2021-02-25,2809.618000000028,1191.998999999987,1617.619000000041,28860.694,0.034053,2.119151590767311,345310.4099985152,2337920.0,-0.0170728277211171,0.029107517,-0.023271643,0.005536895000000002
2021-02-26,3535.961000000047,1839.380999999966,1696.580000000081,27167.5,0.01,2.4305317324185247,440666.60199835576,3065841.0,-0.0036898485630647,0.027963312,-0.010737784,0.0105478188
2021-02-27,1288.345999999984,829.9109999999965,458.4349999999875,27537.74,0.010038,2.4059945504087192,256027.07399860697,1753002.0,-0.0212797982274022,-0.023812132,-0.03282597,-0.027868359100000004
2021-02-28,2681.4810000000207,1663.8069999999875,1017.6740000000332,29544.463,0.037706,2.132832080200501,369961.7009984858,2539676.0,0.0940566861589413,0.087475985,0.08306796,0.08549237375000002
2021-03-01,700.7349999999933,2193.5889999999763,-1492.853999999983,28834.182,0.01,1.9061319383900033,315656.6159995246,2135440.0,-0.0233899703432953,0.0012565609,-0.02208548,-0.009247357505
2021-03-02,1717.8759999999745,697.7159999999946,1020.15999999998,28749.802,0.01,2.1545741324921135,273099.57499906654,1762815.0,0.0386467694160579,0.039804816,0.033507146,0.036970864500000006
2021-03-03,1171.3499999999897,1918.01199999998,-746.6619999999903,28901.886,0.045078,2.1133250311332503,350284.49199885875,2134405.0,-0.0400217668696818,-0.022064818,-0.0489785,-0.0341759749
2021-03-04,3171.1980000000476,1112.619999999989,2058.578000000058,29468.887,0.01,2.2851511169513796,387386.9559984532,2439569.0,0.0077759339482508,-0.0017443742,0.01017068,0.00361740019
2021-03-05,2083.9959999999724,1223.046999999988,860.9489999999844,28935.936,0.01,2.663003663003663,354602.55499931396,2217628.0,0.0026730482820571,-0.0023257565,0.0026134774,-0.00010310124500000008
2021-03-06,960.3569999999904,670.6229999999974,289.733999999993,28448.02,0.01,2.2446463335496434,215092.90999959016,1387176.0,0.0418582356506611,0.0189665,0.039632864,0.0282663638
2021-03-07,681.9749999999963,1361.851999999983,-679.8769999999868,29416.548,0.017606,2.1220730565095223,248398.11599946584,1585333.0,0.0271610663759531,0.013964884,0.017772995,0.01567853395
2021-03-08,1031.9339999999952,927.9809999999918,103.9530000000034,32947.919,0.024757,1.9463759575721864,308339.7769992915,1826911.0,0.0467983530801774,0.045858875,0.04597698,0.045912022250000004
2021-03-09,644.4329999999951,1847.3299999999804,-1202.8969999999854,32323.463,0.057038,1.929973630237328,285489.8149992544,1825394.0,0.017467017083069,0.0061698724,0.015610367,0.01041809497
2021-03-10,2009.4949999999703,1993.457999999969,16.0370000000014,32733.514,0.056915,2.0193236714975846,401153.18099875,2537219.0,0.0338263137446421,0.015735246,0.03093956,0.022577187300000003
2021-03-11,1909.4639999999831,1198.3439999999848,711.1199999999983,34270.004,0.085439,2.0003000300030003,364679.706998554,2419527.0,-0.0095907613783392,-0.000908321,-0.013617493,-0.0066274484
2021-03-12,2268.419999999993,690.3059999999942,1578.113999999999,32132.689,0.051199,1.9334115576415367,335468.67099843046,2257015.0,0.0670239190495181,0.06345627,0.066594854,0.06486863279999999
2021-03-13,698.0099999999932,2841.462000000017,-2143.452000000024,35814.926,0.057114,1.9036004645760745,320322.39199885284,2174742.0,-0.0369572846777312,-0.034002706,-0.0409215,-0.037116163300000005
2021-03-14,1691.9959999999808,337.7349999999988,1354.260999999982,36092.325,0.115069,2.1104199066874028,231991.6419993782,1502095.0,-0.058723458898573,-0.06407304,-0.06974002,-0.066623181
2021-03-15,7495.519000000311,787.894999999991,6707.62400000032,34046.961,0.015776,2.4818941504178276,448749.0639984132,2863223.0,0.0230318000015632,0.021610238,0.019315936,0.0205778021
2021-03-16,2612.8390000000086,971.7999999999882,1641.0390000000202,33176.577,0.040673,3.161464835622138,339656.4769987742,2387088.0,0.0347527480866514,0.021862376,0.038407203,0.02930754815
2021-03-17,1373.02699999998,1437.2569999999891,-64.23000000000911,31662.592,0.024575,3.019292604501608,339375.4849988428,2314156.0,-0.0217029406846247,-0.024732247,-0.0093716085,-0.017819959675
2021-03-18,1613.8409999999812,862.0739999999938,751.7669999999874,32333.614,0.032547,2.7202380952380953,305090.17899908987,1963323.0,0.0066019610603849,0.017964678,0.0043892413,0.011855731485000003
2021-03-19,1272.8259999999818,530.8689999999956,741.9569999999862,32319.09,0.03326,3.1135335252982315,259037.1879992212,1725575.0,0.0012446152457563,0.0056483387,-0.0019618273,0.0022237640000000005
2021-03-20,879.0869999999923,426.70999999999793,452.3769999999943,32382.696,0.048936,2.654970760233918,203679.83799947432,1336603.0,-0.0130048611725452,-0.0124542555,-0.01554881,-0.013846805025000002
2021-03-21,2992.412000000031,577.5849999999975,2414.827000000034,32402.337,0.01,2.834355828220859,237517.64899917325,1560896.0,-0.0586755185175178,-0.05560095,-0.061269082,-0.05815160940000001
2021-03-22,4770.72100000016,492.63699999999625,4278.0840000001635,33281.13,0.048977,2.963535473642489,293055.7449989568,1966897.0,0.0047524561397072,0.023224864,6.0014427e-05,0.012800681692150002
2021-03-23,1780.9389999999769,700.9399999999929,1079.998999999984,34294.543,0.042245,3.405286343612335,276198.9699988705,1795537.0,-0.0382108239119176,-0.0532075,-0.03663104,-0.045748093000000004
2021-03-24,4660.828000000143,1086.314999999992,3574.513000000151,32881.563,0.026422,2.7678975131876413,394152.137997771,2485457.0,-0.0194966610483522,-0.011069995,-0.019392543,-0.014815141600000001
2021-03-25,3413.0200000000686,1304.3109999999897,2108.709000000079,34314.87,0.01,3.101722723543889,416795.74999747064,2675711.0,0.0702288524916596,0.06371829,0.059903014,0.0620014158
2021-03-26,459.9559999999972,1436.8429999999844,-976.8869999999872,32984.506,0.01,2.53356890459364,271957.5119994338,1733492.0,0.0142826409255221,0.016410157,0.0016134009,0.009751616755000001
2021-03-27,667.4649999999953,1636.8929999999864,-969.4279999999912,32081.721,0.01,2.5561877667140824,234435.32599958684,1502818.0,-0.0007080977298628,0.003316109,-0.009804457,-0.0025881457
2021-03-28,913.4119999999934,384.2079999999992,529.2039999999943,31209.737,0.01,2.09981401115933,200603.76799943295,1302269.0,0.0327652838371843,0.033666864,0.02352897,0.029104811700000004
2021-03-29,651.9439999999944,1677.2559999999798,-1025.3119999999851,32494.807,0.018171,2.2154340836012865,277105.37099962845,1852397.0,0.0190945915543974,0.022937126,0.011715509,0.01788739835
2021-03-30,380.2349999999989,689.6879999999959,-309.452999999997,34489.638,0.083501,2.096934035305048,232750.61899966287,1543415.0,-0.0001024793186736,-0.0016960343,-0.00566376,-0.0034815108650000006
2021-03-31,2564.1730000000334,850.409999999994,1713.7630000000397,34414.927,0.058414,2.241491085899514,336828.3759991196,2186187.0,-0.0003424115563213,0.016658228,-0.002992496,0.007815402200000002
2021-04-01,851.7419999999944,230.7019999999998,621.0399999999946,33434.442,0.051932,2.278688524590164,196183.23199962825,1227212.0,0.0039019191524527,-0.0054404926,0.010670245,0.0018093393200000001
2021-04-02,775.6229999999963,442.77299999999735,332.84999999999894,34555.989,0.10197,2.2278889606197545,189391.9489997252,1164104.0,-0.0327277156301857,-0.02886536,-0.027611047,-0.02830091915
2021-04-03,2461.7189999999982,238.47799999999964,2223.2409999999986,34674.372,0.101313,2.7105751391465676,198636.16999971287,1185188.0,0.0199578092350449,0.035661153,0.015884947,0.026761860300000002
2021-04-04,966.6009999999924,370.0859999999992,596.5149999999932,33789.721,0.026521,2.3178500331785004,152454.1219998301,912263.0,0.0158183504903242,0.014915099,0.008419335,0.011992005200000001
2021-04-05,508.7059999999974,478.1679999999989,30.537999999998476,33814.727,0.037409,2.483106931382794,174338.3939997923,1085986.0,-0.0194478280167693,-0.01826112,-0.021965012,-0.019927871399999998
2021-04-06,799.7799999999933,143.38000000000025,656.399999999993,33522.886,0.083736,2.4746351633078527,165495.71799983463,1067786.0,-0.0357703176417736,-0.018033538,-0.036723934,-0.026444216200000002
2021-04-07,2966.282000000019,303.32099999999946,2662.9610000000193,34844.93,0.05366,3.074979625101874,264851.9179994439,1651610.0,0.0372585748250724,0.03693821,0.026563436,0.0322695617
2021-04-08,207.4930000000002,474.55299999999767,-267.05999999999744,33213.776,0.026225,3.178854993731717,161223.50499982797,1025838.0,0.0011189119465875,-0.0046440167,-0.006354578,-0.005413769285
2021-04-09,258.6650000000001,363.88099999999815,-105.21599999999808,32347.16,0.021785,2.5273368606701943,141679.40599992947,871715.0,0.0275917251060526,0.024242125,0.01908204,0.02192008675
2021-04-10,1488.155999999988,1750.1539999999798,-261.99799999999186,33761.502,0.119652,2.563791874554526,240906.82599947284,1431406.0,0.0038957544689939,-0.008130186,0.0020104349,-0.0035669065950000006
2021-04-11,320.25999999999874,184.8029999999999,135.45699999999883,34440.062,0.105998,2.9872408293460926,148499.67499992973,941409.0,-0.0023765589774438,-0.0071401796,0.0016184226,-0.0031988086100000006
2021-04-12,645.6929999999955,340.4689999999992,305.22399999999635,35845.358,0.094343,2.9698292973402145,196106.2889995771,1183290.0,0.0602118088836309,0.059097573,0.05697899,0.05814421065
2021-04-13,391.2749999999983,1758.3999999999803,-1367.124999999982,38440.528,0.12267,3.29553264604811,279388.0509991153,1639494.0,-0.0097281722840794,-0.004221778,-0.010408036,-0.007005594100000001
2021-04-14,2415.8929999999978,894.0589999999881,1521.8340000000096,36660.681,0.104786,2.217503217503218,323350.1459988651,1908644.0,0.0031787337071751,0.010048032,0.0030575544,0.00690231708
2021-04-15,257.9509999999996,197.18900000000016,60.76199999999946,36178.114,0.110324,3.1562759767248547,178601.88099968928,1089581.0,-0.0293234910328372,-0.035742328,-0.02877175,-0.0326055679
2021-04-16,2410.824000000004,205.05299999999997,2205.7710000000043,34775.242,0.115519,3.078303425774878,255764.7349993396,1535838.0,-0.021891825636386,-0.021774493,-0.03349849,-0.027050291650000002
2021-04-17,1352.1119999999826,115.18100000000032,1236.9309999999823,35248.862,0.087572,3.7915668423574505,194100.62599971387,1147641.0,-0.0664286967832303,-0.073193505,-0.0725163,-0.07288876275
2021-04-18,17835.522000001554,1515.4179999999728,16320.104000001582,28350.636,0.01,4.5524708495280395,510875.57099736214,3511723.0,-0.0092477924199965,-0.017782638,-0.009639524,-0.014118236700000002
2021-04-19,1567.8979999999772,688.1399999999951,879.7579999999821,27155.08,0.01,2.895597974289053,285039.6639992789,1800937.0,0.0141332558447704,-0.0076403525,0.0111180395,0.0008009238999999993
2021-04-20,1433.6829999999793,970.5309999999896,463.1519999999897,28200.06,0.01,2.5460992907801416,324471.35299886286,1992611.0,-0.0478688076233737,-0.044318862,-0.05166184,-0.047623202100000005
2021-04-21,1506.5889999999822,363.0979999999981,1143.490999999984,28619.803,0.01,2.6710719530102796,252574.12499951487,1614185.0,-0.0397606037870499,-0.015115876,-0.045470998,-0.028775680900000003
2021-04-22,4517.224000000222,1326.369999999983,3190.854000000239,31295.644,0.01,2.5112359550561796,452816.6339977055,2878571.0,-0.0110065585476526,-0.02770947,-0.022405975,-0.025322897250000004
2021-04-23,6286.210000000385,2593.253000000026,3692.957000000358,32204.409,0.01,2.4916201117318435,554539.2839983829,3507869.0,-0.0212970047587344,-0.028130725,-0.022014923,-0.025378614100000002
2021-04-24,1396.2139999999831,1104.0719999999917,292.1419999999914,33548.364,0.01676,2.10077519379845,299657.0419989452,1833675.0,-0.0197973243840792,-0.022324137,-0.023702882,-0.022944572250000003
2021-04-25,3136.667000000023,1035.1629999999934,2101.50400000003,32709.08,0.01,1.5425883549453343,310303.62799937587,1905337.0,0.0958277633710178,0.12858972,0.08448549,0.1087428165
2021-04-26,895.368999999993,3296.6790000000155,-2401.3100000000227,28276.247,0.01,1.5873221216041398,390492.2929986946,2293225.0,0.0185410109430215,0.030677209,0.016107425,0.024120806200000004
2021-04-27,241.0139999999997,514.6819999999983,-273.66799999999864,27706.74,0.01,1.5906735751295336,225438.8239994755,1381723.0,-0.0030175287936096,-0.013956067,-0.0058069453,-0.010288962235
2021-04-28,211.0659999999996,282.8439999999996,-71.77799999999999,28432.014,0.01,1.7855153203342615,263167.3029992373,1602819.0,-0.0238241059065469,-0.028674698,-0.03174644,-0.0300569819
2021-04-29,189.41799999999975,107.18900000000002,82.22899999999973,30355.829,0.01,2.1308703819661865,257025.34499928463,1472060.0,0.0744486986071191,0.076549485,0.06640826,0.07198593375000001
2021-04-30,78.407,334.73599999999954,-256.32899999999955,31978.926,0.01,2.3760972316002698,294679.4089990108,1627926.0,0.0018373152182142,0.011025115,-0.0062875524,0.00323441467
2021-05-01,105.41400000000014,143.81300000000016,-38.399000000000015,32523.608,0.032496,2.127932436659368,207850.0199996644,1154628.0,-0.0213712482896681,-0.043361917,-0.027867757,-0.036389545
2021-05-02,148.45600000000005,79.05000000000004,69.406,33262.058,0.045283,2.21853878339234,203711.86199965695,1138840.0,0.0103946865349158,0.005045034,0.013229214,0.008727915000000001
2021-05-03,174.9449999999999,165.05400000000017,9.890999999999735,34871.253,0.067307,2.7893141341417205,271732.3059994009,1493895.0,-0.0719600309696684,-0.06907437,-0.067883365,-0.06853841775
2021-05-04,374.1019999999992,226.59799999999987,147.5039999999993,33760.506,0.066426,3.0584415584415585,388987.34399834555,2232262.0,0.0766146152879425,0.06506634,0.07992734,0.07175379000000001
2021-05-05,136.0310000000001,259.5139999999995,-123.4829999999994,31192.814,0.011734,2.732736095558044,317810.8199990249,1652574.0,-0.018316104117849,-0.024252482,-0.016152032,-0.0206072795
2021-05-06,182.344,170.05100000000013,12.292999999999864,33270.295,0.09352,2.380662609871535,275471.204,1433911.0,0.016200912209964,0.0026087747,0.004538223,0.0034770264350000002
2021-05-07,239.13399999999973,231.089,8.044999999999732,31712.645,0.017144,3.2176296921130327,256103.5059993717,1463613.0,0.0266385629076566,0.032217346,0.023988958,0.028514571400000004
2021-05-08,158.38400000000013,229.18499999999972,-70.80099999999959,32952.598,0.046426,2.6670333700036672,264758.4799991018,1565813.0,-0.0106097437438776,-0.008109243,-0.0122579485,-0.009976160475
2021-05-09,156.07800000000017,131.86699999999996,24.21100000000021,31792.498,0.063864,2.3377837116154874,245606.8579993212,1346887.0,-0.042523751986188,-0.04994242,-0.044707492,-0.0475867024
2021-05-10,394.27099999999945,245.3460000000001,148.92499999999936,32825.278,0.098653,2.881987577639751,396237.133,0.0,0.0151822482267274,0.015816223,0.0013280436,0.009296542270000001
2021-05-11,208.9989999999998,184.7629999999997,24.236000000000104,32115.098,0.025625,3.29000429000429,267031.54899925686,1532087.0,-0.1326232370397786,-0.12289168,-0.12832266,-0.125335621
2021-05-12,827.4849999999983,291.2669999999995,536.2179999999988,35415.555,0.039761,2.4293552812071333,472239.78099775285,2641107.0,0.0007985717571479,-0.0106501,-0.0052046403,-0.008199643135
2021-05-13,697.3769999999927,573.5649999999953,123.8119999999974,34164.337,0.022863,2.4164673727365904,652113.0710007297,4158617.0,0.0034263093346638,-0.002567275,0.00084941834,-0.001029762997
2021-05-14,234.9109999999999,242.5300000000001,-7.619000000000199,33037.718,0.015069,2.85951370127364,319066.31799910014,1669918.0,-0.0637548890528592,-0.07066352,-0.07039813,-0.07054409450000002
2021-05-15,507.3439999999969,388.114,119.22999999999696,36762.853,0.020153,3.251700680272109,442018.8939980779,2371529.0,-0.0071139698928188,-0.015251648,-0.018958874,-0.0169198997
2021-05-16,557.6559999999962,473.70599999999814,83.94999999999806,36965.176,0.036196,2.783579265985622,604532.7399991417,3287965.0,-0.0643430694922599,-0.0492675,-0.07470628,-0.060714951
2021-05-17,934.785999999994,624.7419999999969,310.04399999999714,42314.845,0.059294,3.106776180698152,809121.7430005334,4531584.0,-0.0159345278743998,-0.024201408,-0.016660802,-0.020808135300000002
2021-05-18,512.2419999999972,464.3099999999987,47.93199999999854,42048.9,0.021809,3.030632809351068,589452.8699988074,3162912.0,-0.1551938194929309,-0.18635389,-0.15788731,-0.17354392899999999
2021-05-19,1883.3999999999792,1177.5479999999857,705.8519999999935,24736.251,-0.089697,3.9407114624505937,1373851.849,7853155.0,0.099452844300643,0.10195953,0.080428585,0.09227060475000001
2021-05-20,511.80099999999265,564.9579999999937,-53.15700000000106,24363.655,0.01,1.7078256160303276,774312.3840066774,5483131.0,-0.0842536325479503,-0.03357862,-0.0848184,-0.056636521
2021-05-21,509.99099999999464,413.69299999999646,96.29799999999818,29007.926,0.007546,1.5933609958506223,930654.1190099788,6232238.0,0.0052935972230834,0.009412653,-0.0045604035,0.0031247775750000003
2021-05-22,258.0709999999993,243.54199999999955,14.52899999999974,27882.282,0.01,1.2603978300180831,588156.1029996502,4027778.0,-0.077550271014255,-0.0764135,-0.09431837,-0.0844706915
2021-05-23,504.4579999999933,355.80399999999656,148.65399999999676,30593.17,0.004696,1.3730422401518747,996809.720021358,6827520.0,0.1128753941906151,0.11748029,0.11513723,0.11642591299999999
2021-05-24,250.3729999999997,265.33799999999866,-14.964999999998952,30522.882,0.002089,1.6413100898045432,707886.9620039416,4294946.0,-0.0122295047056653,0.0054782773,-0.010429688,-0.0016803070849999995
2021-05-25,197.89699999999937,191.44599999999957,6.4509999999997945,31416.915,0.01,1.7525461051472613,598826.2829992913,3656792.0,0.0236501895390759,0.02715009,0.025371674,0.026349802800000002
2021-05-26,166.95400000000004,160.09600000000052,6.857999999999521,32235.665,0.01,1.612330198537095,577025.1249991274,3063128.0,-0.0183086687723061,0.0020095138,-0.023900837,-0.009650144060000001
2021-05-27,187.47399999999988,143.55300000000025,43.92099999999962,31892.449,0.01,2.2615786040443577,543330.664998025,2885071.0,-0.0773091631552098,-0.0755858,-0.07562474,-0.075603323
2021-05-28,321.2459999999979,239.52799999999937,81.71799999999851,37072.458,0.01,1.5853154084798349,832348.8820058841,4238119.0,-0.0301249614885215,-0.06556217,-0.052529193,-0.05969733035000001
2021-05-29,214.3729999999997,208.5360000000001,5.83699999999962,38414.177,0.010375,1.6917900403768509,733892.6980044382,3980195.0,0.0295017211685415,0.001975352,0.005463142,0.0035448575
2021-05-30,125.10100000000044,160.72899999999998,-35.627999999999545,37422.539,0.01,1.8645087367516473,511822.26999697986,2776194.0,0.0442499853876316,0.037986882,0.023322254,0.0313877994
2021-05-31,163.08900000000006,204.82500000000024,-41.73600000000019,37870.992,0.01,1.4479804161566707,635075.447000534,3081563.0,-0.0151657675200915,-0.011085426,-0.028278872,-0.0188224767
2021-06-01,183.90999999999957,153.5430000000005,30.36699999999908,37265.105,0.01,1.4096385542168677,590815.3239988738,2959522.0,0.0235822705986556,0.014405802,0.028767325,0.02086848735
2021-06-02,77.95700000000006,123.89500000000037,-45.9380000000003,39288.576,0.01,2.013863773357444,441709.2909978811,2287718.0,0.0436989328915871,0.01689107,0.031896524,0.023643524300000003
2021-06-03,100.806,146.73100000000028,-45.92500000000028,43424.878,0.01,1.242152466367713,507420.4139980884,2418423.0,-0.0635840791345625,-0.07996102,-0.07800039,-0.0790787365
2021-06-04,214.94199999999964,177.3809999999999,37.56099999999975,41278.137,0.01,1.665955745134631,700618.7860034673,3279114.0,-0.0363811199546404,-0.0345492,-0.039792202,-0.0369085509
2021-06-05,200.50999999999976,150.98900000000037,49.52099999999939,42860.691,0.01,1.5839793281653745,631022.1360011917,3076597.0,0.0079403571133322,-0.011383081,-0.0042757317,-0.008184773815000001
2021-06-06,85.80000000000025,114.9710000000002,-29.17099999999995,44465.027,0.01,1.615062761506276,443599.4799982977,2115736.0,-0.0647247960449863,-0.07932842,-0.08551062,-0.08211041
2021-06-07,196.70199999999977,128.8650000000002,67.83699999999956,48059.284,0.01,1.774694783573807,636732.0450012591,2931413.0,-0.0051388354567869,-0.0070358543,-0.02315443,-0.014289213365000001
2021-06-08,387.5689999999986,412.3279999999988,-24.759000000000185,46962.463,0.01,1.5846471956577928,976685.3630103534,4287133.0,0.1133699506800915,0.041957304,0.109404,0.0723083172
2021-06-09,442.7009999999987,527.2459999999986,-84.5449999999999,52488.632,-0.014842,1.426595486532395,1031007.3710125304,4488687.0,-0.0192361789087449,-0.042503234,-0.033160158,-0.03829884980000001
2021-06-10,394.16499999999775,379.4029999999988,14.76199999999892,46182.548,0.01,0.9245573518090838,803180.3510051406,3712921.0,0.0177353762317551,0.027191607,0.009274088,0.01912872345
2021-06-11,221.4179999999996,199.845,21.57299999999961,47514.512,0.004776,1.0312817387771684,518888.1099979583,2582491.0,-0.0490196050552569,-0.014959883,-0.062328495,-0.0362757584
2021-06-12,347.6219999999994,231.60199999999935,116.02000000000004,47543.307,-0.000814,0.852881230313137,623528.5350005073,2944761.0,0.0932582160669781,0.081475556,0.097379714,0.08863242710000001
2021-06-13,211.7289999999999,295.5819999999993,-83.85299999999941,50586.54,-0.006559,1.1048200378867608,647030.8870014101,3124874.0,0.0376151724833828,0.035004243,0.04954361,0.04154695815000001
2021-06-14,254.4110000000001,238.17599999999925,16.235000000000838,49608.559,-0.003144,0.9872813990461048,704976.8120014023,3532931.0,-0.0092301294285572,-0.026621409,-0.012935981,-0.0204629664
2021-06-15,224.84199999999976,271.56399999999974,-46.72199999999998,49805.375,0.01,1.092050209205021,632064.5029997133,2925679.0,-0.0457452734195307,-0.04570759,-0.057847343,-0.051170478850000006
2021-06-16,298.784999999999,192.40999999999983,106.37499999999918,52027.71,0.01,1.256317689530686,673206.5020024107,3171698.0,-0.0066989619448758,-0.00217058,-0.017738037,-0.009175935650000001
2021-06-17,226.1209999999998,195.85599999999985,30.26499999999996,53411.949,0.01,1.6096033402922756,603847.6989999065,2603295.0,-0.0615278208278233,-0.03688792,-0.06011317,-0.047339282499999996
2021-06-18,426.3939999999978,321.75999999999914,104.63399999999864,50691.84,0.01,2.249918752031199,790379.876003829,3264700.0,-0.0094279300974431,-0.025301361,-0.0070769116,-0.017100358770000004
2021-06-19,358.49499999999904,354.00899999999876,4.486000000000274,52075.117,0.007475,1.9967036260113875,638795.1360011544,2651693.0,0.0032761324830961,-0.022516653,-0.008511417,-0.0162142968
2021-06-20,361.95099999999866,398.8359999999994,-36.88500000000073,54166.792,-0.018437,1.807411566535654,829895.5300047701,3318164.0,-0.1189104566227605,-0.09281665,-0.12907612,-0.1091334115
2021-06-21,1013.910999999992,655.5749999999958,358.33599999999615,51067.977,-0.019854,2.0003000300030003,1397289.673009616,5851813.0,0.0280945243199397,0.02763496,0.021893255,0.025051192750000003
2021-06-22,949.4109999999924,733.7369999999931,215.6739999999993,51628.331,-0.032806,1.981514609421586,1531757.6740074076,6532586.0,0.0353126837670956,0.053191163,0.03304426,0.04412505665
2021-06-23,460.4019999999975,547.013999999997,-86.61199999999957,52127.949,-0.019895,1.3132084200786494,960681.1430080906,3963156.0,0.0288285483794492,0.024129178,0.018191583,0.021457260250000002
2021-06-24,321.95699999999863,333.14599999999905,-11.18900000000042,55520.637,-0.018863,1.608922515001305,774897.7680039103,3143146.0,-0.0930105212036931,-0.086584345,-0.105789475,-0.09522665350000001
2021-06-25,781.862999999995,523.1399999999965,258.7229999999986,53033.57,0.01,1.2241992882562278,1093045.808009972,4353600.0,0.0218959992498124,0.037313934,0.010711905,0.025343020950000003
2021-06-26,650.3179999999962,509.45999999999657,140.85799999999966,55578.6,-0.010371,1.7434842249657063,1091382.9020112362,4563944.0,0.0721885750559536,0.0692842,0.078038745,0.07322374525
2021-06-27,382.30499999999887,435.11299999999864,-52.807999999999765,55631.106,-0.026102,1.598752598752599,897146.8040094352,3790230.0,-0.0059382880506682,-0.03854397,0.0026696548,-0.01999783884
2021-06-28,287.4969999999992,205.9339999999998,81.56299999999942,55056.731,0.01,1.2109219544550078,706088.318002287,3051875.0,0.0402527859480734,0.045567364,0.040551838,0.0433103773
2021-06-29,257.4179999999995,320.94199999999836,-63.523999999998864,56514.567,0.003883,1.1786492374727668,806138.5550043926,3294894.0,-0.0244310331208215,-0.013540994,-0.032175384,-0.0219264695
2021-06-30,284.40399999999977,251.6969999999996,32.707000000000164,55110.472,0.01,1.077274615704196,719738.439002078,2851166.0,-0.0449475209203527,-0.06956967,-0.04215163,-0.057231552000000005
2021-07-01,277.55599999999953,254.76199999999952,22.79400000000001,56267.344,0.01,1.5182573659027951,758963.6060030805,2796564.0,0.0083773652682026,-0.023745969,0.010914706,-0.00814866525
2021-07-02,292.94199999999944,303.8179999999996,-10.876000000000149,56912.283,-0.012187,1.2634676324128564,664903.084001138,2737906.0,0.025786871340955,0.009151803,0.02249958,0.01515830265
2021-07-03,166.48499999999996,191.47599999999997,-24.991000000000017,59271.925,0.00353,1.3534949399858789,510612.460998474,1929230.0,0.0176510722845968,0.024859378,0.01721361,0.021418782400000003
2021-07-04,100.35999999999991,157.17999999999975,-56.81999999999984,59783.817,0.004428,1.3057412958266084,450938.45899913454,1693385.0,-0.0462955249800955,-0.054002352,-0.0580267,-0.05581330860000001
2021-07-05,318.2739999999989,183.67800000000017,134.59599999999875,59340.906,-0.01044,1.4576062914721064,736610.4650031201,2589951.0,0.0156053477451791,0.00479108,0.011382744,0.0077573288
2021-07-06,220.82199999999975,300.0989999999992,-79.27699999999945,57427.863,-0.008213,1.3752969121140142,643952.6430011957,2687186.0,-0.010513575195608,-0.012059238,-0.008526407,-0.01046946405
2021-07-07,128.94000000000014,157.8259999999998,-28.885999999999655,58021.142,0.01,1.704895861509332,456218.28799886256,2018095.0,-0.0295628982722728,-0.025557898,-0.04358547,-0.0336703054
2021-07-08,302.157999999999,214.57499999999987,87.58299999999912,62274.776,-0.02808,1.4968789013732835,650317.3660016258,2689290.0,0.0281943573837484,0.015040937,0.013144676,0.01418761955
2021-07-09,150.0599999999999,230.45399999999964,-80.39399999999975,62100.86,-0.018845,1.7987685418415895,485662.66999832686,2073684.0,-0.0092973378034351,-0.004887229,-0.013066992,-0.00856812235
2021-07-10,205.0840000000001,137.0040000000001,68.07999999999998,60802.243,7.2e-05,1.275830678197542,410271.5629988645,1700023.0,0.0223179052145461,0.011546774,0.018122498,0.014505849800000001
2021-07-11,100.33600000000013,137.52800000000013,-37.19200000000001,62831.376,-0.003373,1.14638334406525,343904.4219991466,1426820.0,-0.0348197387278652,-0.04146627,-0.036174178,-0.0390848286
2021-07-12,268.72800000000007,138.8020000000001,129.92599999999996,60639.366,0.01,0.9557989438685702,501801.8249989449,1932181.0,-0.0108442119936658,-0.008462338,-0.007955186,-0.0082341196
2021-07-13,313.1559999999995,149.01500000000007,164.14099999999942,62732.097,5.2e-05,2.114294612270321,466565.14699879335,1779393.0,0.0027536337500606,4.0313695e-05,0.0022210255,0.0010216340072499999
2021-07-14,199.56199999999953,226.86199999999997,-27.30000000000044,59343.928,-0.011753,2.1210986267166043,521139.58799817815,1994595.0,-0.0290598411242672,-0.03570111,-0.03664913,-0.036127719
2021-07-15,291.0559999999994,134.52400000000011,156.5319999999993,65077.21,0.001576,2.045066991473812,539111.2989987938,1982004.0,-0.0156847872614243,-0.018362181,-0.02570007,-0.021664231050000003
2021-07-16,420.20199999999915,217.79799999999992,202.40399999999923,62419.243,0.001073,2.698224852071006,516557.907998117,1905185.0,0.0043304191388049,0.009531265,0.005558435,0.0077434915
2021-07-17,199.02899999999968,170.4260000000002,28.602999999999497,66114.073,0.002365,1.7329871549603717,422650.050998729,1587624.0,0.0081673627659011,-2.579391e-05,0.0006402731,0.0002739362445
2021-07-18,149.51299999999995,197.03099999999992,-47.51799999999997,64463.151,-0.004434,1.7708506511499027,412188.95599886816,1494365.0,-0.0299906488321024,-0.036872786,-0.03609494,-0.0365227553
2021-07-19,259.47299999999933,106.6060000000001,152.86699999999922,72112.2,-0.00123,2.0759766225776684,486305.35699852224,1796294.0,-0.0346166841679895,-0.028874734,-0.033340357,-0.030884264350000003
2021-07-20,298.4629999999995,233.13199999999964,65.33099999999988,70291.836,-0.018939,2.017501508750754,602687.3599996632,2140591.0,0.0760571584840477,0.04335701,0.07485256,0.05753000750000001
2021-07-21,160.95400000000035,459.934999999999,-298.98099999999863,68740.937,-0.032314,1.4289531212047606,787076.5800041604,2659843.0,0.0044487049941128,-0.01263424,-0.0017643794,-0.007742802730000001
2021-07-22,181.45099999999996,204.6549999999999,-23.20399999999992,67683.981,0.001374,1.4324981756263684,397258.7099987801,1639253.0,0.0408497569173231,0.038877964,0.029563352,0.03468638860000001
2021-07-23,133.37500000000014,401.93999999999903,-268.5649999999989,68723.693,-0.00099,1.2411474675033618,404649.7109989173,1571903.0,0.0183840647434543,0.012909636,0.011695117,0.01236310245
2021-07-24,118.03400000000008,208.85700000000008,-90.823,68504.508,-0.010603,1.1920210434020169,376044.7159988799,1514178.0,0.0322513174592966,0.020259239,0.032966617,0.0259775591
2021-07-25,131.1730000000002,306.2899999999994,-175.1169999999992,72255.945,-0.005198,1.0850708924103418,404114.12199870026,1630694.0,0.0511434853372776,0.032976657,0.05943061,0.04488093585
2021-07-26,550.0329999999968,944.5369999999926,-394.5039999999958,53704.802,0.01,0.94325689856199,1162332.2470072438,4949694.0,0.0579145169242298,0.04050287,0.057480305,0.04814271575000001
2021-07-27,287.277999999999,468.225999999998,-180.947999999999,55686.524,-0.002248,1.320185614849188,675035.9900024907,3049573.0,0.0141348141674519,0.009887622,0.0114248395,0.010579369875000001
2021-07-28,315.4049999999993,445.18499999999926,-129.77999999999997,55319.326,0.01,1.3596035865974514,735917.6340037804,3452283.0,-7.696532715684157e-05,0.0068530533,-0.0006522909,0.0034756484100000005
2021-07-29,173.65600000000018,161.59700000000015,12.059000000000026,56610.054,0.01,0.918281220026856,463917.86899807944,2295445.0,0.0532797882525404,0.035280347,0.055457648,0.04436013245
2021-07-30,159.308,257.0149999999992,-97.7069999999992,53867.972,-0.002377,0.95160031225605,561474.2829988627,2619496.0,-0.017797912555153,-0.024424734,-0.011977278,-0.018823378800000002
2021-07-31,170.74899999999985,143.85300000000026,26.89599999999959,54190.242,0.01,1.0036064916850331,381459.7039987104,1854537.0,-0.0397652753830737,-0.06357297,-0.03886751,-0.05245551300000001
2021-08-01,278.4799999999987,190.61000000000016,87.86999999999856,49867.403,0.01,1.002002002002002,487528.928998209,2264435.0,-0.0176632319625902,-0.023087926,-0.020716012,-0.022020564700000002
2021-08-02,238.58700000000007,224.375,14.212000000000074,53776.398,0.01,1.1881838074398248,451864.3809989127,2123998.0,-0.0243246840587865,-0.040567584,-0.032744065,-0.037047000450000006
2021-08-03,360.4889999999989,234.4809999999997,126.0079999999992,57066.814,0.01,1.5182573659027951,517218.86799859407,2439511.0,0.0389148428370891,0.026306175,0.027485035,0.026836662000000004
2021-08-04,179.89799999999963,305.37399999999894,-125.47599999999932,55167.999,0.001272,1.674511901577962,479560.3269991775,2261995.0,0.0282768967619553,0.014117849,0.019230612,0.01641859235
2021-08-05,398.3959999999984,406.9559999999988,-8.5600000000004,54970.446,0.01,1.5451768897938407,746249.7120024342,3322107.0,0.0471873871947696,0.029875472,0.0388957,0.0339345746
2021-08-06,247.89399999999975,356.73499999999865,-108.8409999999989,55436.153,0.01,1.0412329046744233,653450.5280015592,3184909.0,0.0397187939887189,0.01829442,0.026200935,0.02185235175
2021-08-07,243.7319999999997,445.7539999999977,-202.021999999998,54271.291,0.01,0.918281220026856,583749.4929993284,3090837.0,-0.017612704032917,-0.00071450043,-0.020600878,-0.0096633703365
2021-08-08,340.35699999999923,295.2829999999993,45.073999999999955,52426.07,0.01,0.9264110961279138,553684.4129985449,2960961.0,0.054629704462167,0.022081586,0.048259415,0.033861609050000005
2021-08-09,239.43899999999965,429.9999999999979,-190.56099999999824,56582.265,0.01,0.926040061633282,626208.1990012005,3270295.0,-0.0145564791035255,0.0014968803,-0.009880446,-0.0036229165349999995
2021-08-10,209.7870000000001,209.31999999999985,0.4670000000002403,54882.18,0.01,0.8632383081796161,460476.97899807064,2367011.0,-0.0016244406865872,-0.013884696,0.0031354055,-0.006225650325
2021-08-11,147.0030000000001,208.1769999999995,-61.17399999999941,56329.798,0.01,1.2376370552696354,390659.6419988145,1926114.0,-0.0247371083178276,-0.034975786,-0.023024485,-0.02959770055
2021-08-12,341.6779999999984,167.6519999999999,174.0259999999985,56302.368,0.01,1.1281123643328368,466729.6179981044,2259801.0,0.0738086928353904,0.057947174,0.06387242,0.0606135347
2021-08-13,66.63100000000009,356.5069999999991,-289.875999999999,55866.742,0.01,1.3408239700374531,438018.4819993072,2053415.0,-0.0154214395673317,-0.0278111,-0.02344454,-0.025846148
2021-08-14,172.57900000000004,151.03199999999993,21.54700000000011,55445.669,0.01,1.0341741253051262,374363.8049991658,1830974.0,-0.0020137746906012,-0.024826834,-0.0065751,-0.0166135537
2021-08-15,193.687,176.83600000000018,16.85099999999983,53375.888,0.01,1.4443901246638966,370366.52899914654,1793845.0,-0.0230972039927408,-0.015802698,-0.031538658,-0.022883880000000002
2021-08-16,254.03199999999953,137.53499999999994,116.4969999999996,56836.08,0.013924,1.506265664160401,412535.423998894,1904314.0,-0.0266103277588527,-5.162321e-06,-0.023613848,-0.01062907087655
2021-08-17,403.7209999999984,223.9879999999996,179.7329999999988,57342.77,0.01,1.8951939779965257,474315.95199819194,2230117.0,0.0002089456484934,0.0020251875,-0.007385537,-0.002209638525
2021-08-18,230.44599999999977,197.1799999999998,33.26599999999996,55038.024,0.01,2.0293850348379276,395815.7889983269,1948312.0,0.0449495565754816,0.030369133,0.03355975,0.03180491065
2021-08-19,204.667,407.2139999999993,-202.54699999999931,55063.14,0.01,1.9455081001472752,439306.52899843466,2068751.0,0.0533383624332675,0.03255789,0.043750007,0.03759434265
2021-08-20,69.52600000000007,287.85799999999944,-218.33199999999937,58113.573,0.014278,1.3618327822390173,401478.25199863507,1906131.0,-0.0102013899401107,-0.016373575,-0.01619459,-0.01629303175
2021-08-21,119.39700000000022,142.5080000000001,-23.110999999999876,58564.446,0.016694,1.028809089064719,347563.1039988458,1621473.0,0.0085120922059154,-0.003975513,0.0031308234,-0.0007776616199999999
2021-08-22,135.14000000000007,123.34000000000012,11.799999999999956,57158.947,0.014813,0.9904458598726114,294671.7059990821,1397281.0,0.0050569312652992,0.003892452,0.00031715631,0.0022835689395
2021-08-23,132.163,196.7479999999992,-64.58499999999918,60667.277,0.023983,1.0959966464053656,355730.85399908153,1582841.0,-0.037361006005776,-0.030598164,-0.039397016,-0.0345576474
2021-08-24,369.71399999999954,130.88400000000007,238.82999999999947,63301.5,0.041348,1.332089552238806,398638.0669985617,1700791.0,0.0268892743558541,0.025383987,0.022398405,0.0240404751
2021-08-25,116.93500000000016,246.93099999999976,-129.99599999999958,59747.955,0.01,1.7056277056277056,389098.715998786,1644064.0,-0.0444555030189146,-0.047478117,-0.04215142,-0.045081103350000006
2021-08-26,279.5349999999992,160.02100000000002,119.51399999999916,60678.231,0.01,1.6903416733925207,475181.4789982218,2009143.0,0.0464256551873081,0.034608595,0.048758753,0.0409761661
2021-08-27,128.5800000000003,232.9650000000001,-104.3849999999998,58446.604,0.01,1.8935185185185184,403656.0249988035,1760305.0,-0.0035635122599497,-0.008598596,0.00029521435,-0.0045963813425
2021-08-28,87.0270000000001,62.144999999999946,24.88200000000015,59809.183,0.023137,1.4137098720733767,222792.83599944328,1066382.0,-0.0026114257690359,-0.005874841,-0.007858768,-0.00676760815
2021-08-29,70.60500000000009,134.2480000000004,-63.6430000000003,57568.328,0.01,1.3452157598499062,315105.3519990285,1381940.0,-0.0372869556016333,-0.03405124,-0.026996732,-0.030876711400000003
2021-08-30,159.77799999999996,110.1470000000002,49.63099999999976,59597.328,0.02255,1.3089355806972984,351830.5179990228,1476941.0,0.0025079782457915,0.0022081952,0.020937055,0.01063618211
2021-08-31,177.77900000000017,229.34300000000005,-51.56399999999988,60667.684,0.023354,1.875215641173088,365541.7939989211,1535160.0,0.0356539665870307,0.036783207,0.0347499,0.03586821885
2021-09-01,79.658,233.43999999999963,-153.78199999999964,59411.877,0.033967,2.1259768677711786,350107.98299886135,1532529.0,0.0088952785436191,0.004991881,-0.0016921833,0.001984052065
2021-09-02,81.67900000000007,176.4459999999999,-94.76699999999984,64015.61,0.057405,1.6068821689259647,361857.6569989947,1607366.0,0.0151646633397,-8.839136e-05,0.01963009,0.008784925252
2021-09-03,129.8620000000002,182.29900000000015,-52.436999999999955,61473.891,0.024375,1.2893772893772897,430239.9439978303,1880839.0,-0.0016714247769797,1.2316741e-05,-0.0012664422,-0.00056312478245
2021-09-04,96.56500000000013,100.79100000000024,-4.226000000000113,57264.059,0.019219,1.2768670309653916,274955.0679991047,1272451.0,0.0362229896654859,0.031874638,0.024215069,0.028427831950000003
2021-09-05,43.546000000000035,145.99700000000013,-102.45100000000008,62507.463,0.01,1.43605359317905,288983.41099893925,1387380.0,0.0173728411647218,0.010082261,0.01016742,0.01012058255
2021-09-06,66.11199999999995,156.76399999999987,-90.65199999999992,61981.771,0.01,0.94325689856199,297734.0309988327,1371735.0,-0.1166861826166698,-0.10945207,-0.11760674,-0.1131216715
2021-09-07,1159.8129999999971,311.00299999999885,848.8099999999984,43910.478,0.022977,1.0458265139116203,762999.5120030331,3596054.0,-0.0175529659288571,-0.009018825,-0.01357533,-0.011069252250000002
2021-09-08,208.59800000000016,208.74299999999997,-0.1449999999998112,45560.419,0.01,1.9708853238265005,435637.5239974262,2223015.0,0.0075036495792115,0.00093402807,0.004371427,0.0024808575885
2021-09-09,100.881,106.50800000000024,-5.627000000000237,45391.233,0.01,1.8490028490028492,309010.13599923154,1566985.0,-0.033850834213096,-0.03712075,-0.051448584,-0.0435682753
2021-09-10,173.21399999999988,107.01200000000009,66.2019999999998,47561.073,0.011115,1.9351335485764605,343443.61199889507,1711755.0,0.0071709595640001,0.015806653,0.0064899847,0.011614152265000002
2021-09-11,74.064,93.22600000000016,-19.16200000000016,47488.346,0.01,2.181673560292714,194144.0059995923,1067409.0,0.01867510394481,0.0078123906,0.020951487,0.013724983980000001
2021-09-12,73.34400000000011,106.70100000000014,-33.35700000000003,48292.306,0.01,1.9368575624082232,223533.6099995065,1143172.0,-0.0238454311568698,-0.028196376,-0.027383126,-0.027830413499999998
2021-09-13,255.74900000000017,195.97700000000015,59.77200000000002,46753.755,0.01,1.910360884749709,448941.28899801767,2175833.0,0.0471730465973756,0.02570204,0.03879361,0.031593246500000005
2021-09-14,55.90800000000005,149.43000000000015,-93.5220000000001,49371.464,0.01,2.202049311559398,277907.90399933374,1381013.0,0.0212096353194688,0.005772021,0.019296233,0.0118579164
2021-09-15,51.439999999999976,87.64900000000006,-36.20900000000008,51646.628,0.01,1.2376370552696354,244225.93099952853,1197871.0,-0.0080032365681805,-0.014841571,-0.0034075677,-0.009696269515000001
2021-09-16,149.71399999999997,91.65000000000018,58.063999999999794,50069.496,0.01,1.1920210434020169,260043.99699945355,1300998.0,-0.0092140831898284,-0.006107509,0.0033994764,-0.0018293655700000002
2021-09-17,143.38200000000018,98.68200000000004,44.70000000000013,50507.124,0.01,1.364066193853428,226167.07099958073,1152478.0,0.0207713661369393,0.02131245,0.023097724,0.0221158233
2021-09-18,48.562,122.15500000000014,-73.59300000000015,51118.091,0.01,1.6574541589157583,207877.99199961225,1071485.0,-0.0220032032815176,-0.038034737,-0.018206626,-0.029112087050000002
2021-09-19,122.74700000000014,64.628,58.11900000000014,51641.696,0.01,1.4307243558580456,212631.36999956425,1083637.0,-0.0937147299741436,-0.07453179,-0.07311494,-0.0738942075
2021-09-20,428.6289999999987,255.9819999999997,172.64699999999905,48797.351,0.01,1.8506271379703536,600763.6259993619,2808327.0,-0.0544908522258218,-0.042562537,-0.036318623,-0.039752775700000006
2021-09-21,483.65899999999783,330.083999999999,153.57499999999885,46692.505,0.01,2.1220730565095223,683240.1740012559,3202044.0,0.0666905113136806,0.046571672,0.05361407,0.04974075110000001
2021-09-22,139.01700000000017,236.37099999999973,-97.35399999999956,44013.855,0.01,1.791736460078169,400841.1019983396,2066697.0,0.0299008112625429,0.036948927,0.017657615,0.0282678366
2021-09-23,98.40200000000009,172.3920000000002,-73.99000000000011,46428.215,0.01,1.5182573659027951,330252.9649990551,1640619.0,-0.0468787411821711,-0.038579203,-0.059628434,-0.04805135695
2021-09-24,319.48399999999873,246.76799999999955,72.71599999999918,45175.571,0.003978,1.169668040789759,608593.6970000295,2875216.0,-0.0032739387986815,-0.012094725,-0.0057746693,-0.009250699935
2021-09-25,108.74000000000008,126.12100000000018,-17.3810000000001,43913.757,0.01,1.4807740014884645,277082.9199991732,1439707.0,0.0114238968982114,-0.002449173,0.004365571,0.0006174618
2021-09-26,167.2430000000001,152.52999999999983,14.713000000000278,44240.471,-0.001686,1.3068050749711648,354392.38899856986,1751677.0,-0.0237631810423177,-0.027832344,-0.035122365,-0.03111285345
2021-09-27,118.26000000000003,112.24200000000008,6.017999999999958,43992.096,0.01,1.247696111485727,285307.6349990339,1497825.0,-0.0269526374133874,-0.012917841,-0.02655454,-0.019054355550000002
2021-09-28,192.29800000000017,87.88900000000002,104.40900000000016,45711.539,0.009756,1.44081034903588,356117.9979986739,1762967.0,0.0120591420384474,0.011389238,0.015610717,0.01328890355
2021-09-29,122.76800000000024,123.82100000000004,-1.0529999999997983,48155.511,0.005661,1.8320589068252615,293307.18899892556,1552730.0,0.0539055779762129,0.02624902,0.04601151,0.0351421405
2021-09-30,128.82900000000026,215.45899999999952,-86.62999999999926,47917.601,0.009235,2.067484662576687,389167.60599845584,1929073.0,0.0939629815441858,0.06569628,0.08226633,0.0731528025
2021-10-01,103.54699999999995,286.6539999999998,-183.10699999999983,50847.984,0.01,1.0251113811259618,449490.5759980551,2267735.0,-0.0105811900571932,-0.000249004,-0.011762798,-0.0054302113
2021-10-02,78.04400000000004,72.07100000000015,5.972999999999885,49865.479,0.005938,0.7838030681412771,182554.858999571,1052371.0,0.0117935426656092,0.018414594,0.005868215,0.012768723450000002
2021-10-03,90.73600000000006,99.0130000000001,-8.277000000000044,48050.595,0.01,0.9094901661256446,212410.236999498,1332681.0,0.0210411771061949,0.039140508,0.016839355,0.029104989150000003
2021-10-04,156.592,161.3249999999999,-4.73299999999989,48038.551,0.01,0.9864918553833928,324424.04599878343,1853159.0,0.0446373705846578,0.02804862,0.051405843,0.03855937035
2021-10-05,82.5360000000001,156.03499999999988,-73.49899999999978,52761.471,0.000161,0.8024513338139871,313964.43599889916,1800588.0,0.0720063432706084,0.05258563,0.0667016,0.058937816500000004
2021-10-06,133.01700000000022,265.24799999999914,-132.23099999999891,50053.282,0.01,0.7304031839418584,418716.3139976922,2467672.0,-0.0280454112515045,-0.033430986,-0.033636905,-0.033523649550000006
2021-10-07,205.27100000000013,164.4210000000001,40.85000000000002,52131.081,0.032669,0.9440124416796268,262966.1889991201,1696800.0,0.0030854891415916,0.0016297493,-0.017952986,-0.007182481585000001
2021-10-08,98.0470000000002,109.00800000000017,-10.96099999999997,50945.964,0.013417,1.1231422505307855,255209.76099905788,1579993.0,0.0183343879182853,0.019660935,0.009782251,0.015215527200000002
2021-10-09,58.53600000000002,60.360000000000106,-1.824000000000083,50988.62,0.015717,1.3579344494223062,167495.046999554,1080141.0,-0.0053046998766923,-0.0024808198,0.0031743646,6.401318000000007e-05
2021-10-10,140.8750000000002,118.35300000000028,22.52199999999992,52509.223,0.01,1.194426157559798,289070.6339987939,1712094.0,0.0501726773419886,0.041195653,0.057197314,0.04839640045
2021-10-11,84.87000000000006,260.78599999999983,-175.91599999999977,54294.537,0.01,1.2168033695411218,314867.13899869844,1816282.0,-0.0259896949567153,-0.01879907,-0.024190255,-0.021225103250000002
2021-10-12,186.52200000000013,143.73400000000018,42.787999999999954,51339.095,0.01,0.9619383951343928,349138.268998629,1941344.0,0.0241723573039216,0.02503095,0.022632211,0.02395151745
2021-10-13,108.39900000000024,229.17299999999972,-120.77399999999948,48767.282,0.01,1.2276676319893072,327710.37599871977,1837544.0,-0.0003323019682586,0.016929012,-0.0072180927,0.006062814885000002
2021-10-14,94.18800000000007,125.23700000000026,-31.04900000000019,50463.155,0.017282,0.9790223629527012,254717.64399914863,1548315.0,0.0726999062160995,0.03364824,0.056710716,0.044026354200000006
2021-10-15,143.89100000000033,320.0259999999997,-176.1349999999994,52841.689,0.01,1.117746717492588,493365.2439972165,2751313.0,-0.0130048845469818,-0.0031135222,-0.016520016,-0.00914644441
2021-10-16,80.14600000000016,84.09700000000004,-3.95099999999988,54166.95,0.043303,1.0316944331572533,213249.10199938287,1325320.0,0.0106657743435416,0.0170677,-0.0046148,0.007310575000000003
2021-10-17,78.39900000000006,120.1740000000002,-41.77500000000015,53226.057,0.04425,1.3046784973496195,240131.9429992456,1484294.0,0.0077953629773119,0.002074849,0.004059598,0.0029679860500000004
2021-10-18,121.69100000000026,207.0899999999997,-85.39899999999943,51778.168,0.01,1.4283632831471589,333277.4649985608,2017189.0,0.0359646372913786,0.03158562,0.035760894,0.03346449330000001
2021-10-19,83.08100000000006,175.06900000000013,-91.98800000000008,55541.356,0.01,1.3877745940783188,379236.8139982138,2154072.0,0.0264183860137485,0.020166574,0.019957818,0.020072633800000003
2021-10-20,86.48500000000004,137.36300000000003,-50.877999999999986,56967.319,0.063237,0.9896538002387584,324737.67799869896,1987145.0,-0.0594312403714205,-0.07572514,-0.0699408,-0.073122187
2021-10-21,195.89000000000036,221.347,-25.456999999999653,55172.593,0.062183,1.1312872975277066,478584.5399974251,2773251.0,-0.0244952550243304,-0.025889093,-0.035119653,-0.030042845000000002
2021-10-22,142.48700000000005,111.31500000000015,31.171999999999898,56012.501,0.033222,1.9603315571343989,350307.3909980249,2047627.0,0.009814059457966,0.0055752527,0.0015153512,0.003748297025
2021-10-23,89.80900000000017,94.55000000000004,-4.740999999999872,54993.274,0.01739,2.2938076416337285,222553.27899926077,1283047.0,-0.007115367573462,-0.011481055,-0.013115607,-0.012216603400000001
2021-10-24,116.58700000000026,91.15800000000009,25.429000000000173,56951.924,0.032862,2.178639542275906,245813.67799910952,1319945.0,0.0359361194644911,0.024707938,0.03758475,0.030502503400000002
2021-10-25,33.12600000000003,282.6489999999993,-249.52299999999929,55080.086,0.017861,2.4083162917518743,234187.8009993448,1312228.0,-0.0445746539763778,-0.0440149,-0.040470876,-0.042420089200000004
2021-10-26,160.98900000000012,83.8570000000001,77.13200000000002,57453.453,0.055995,1.9708853238265005,252251.37499914493,1430606.0,-0.0322637670684269,-0.02844245,-0.0362977,-0.03197731250000001
2021-10-27,336.7799999999976,169.32400000000004,167.45599999999754,56089.101,0.023017,2.8461538461538463,329111.6979983001,1855074.0,0.0363509587815489,0.03695348,0.024471782,0.0313367159
2021-10-28,161.286,211.92799999999983,-50.641999999999825,52065.334,0.013782,2.779289493575208,333323.0139978675,2002683.0,0.0273211728378992,0.030445637,0.023284119,0.027222953900000003
2021-10-29,55.01700000000008,107.63200000000025,-52.615000000000165,52420.898,0.017968,2.656307129798903,218354.430999246,1401943.0,-0.0063574588746959,-0.011495897,-0.013808496,-0.01253656655
2021-10-30,89.35300000000024,64.03200000000004,25.321000000000197,51810.387,0.023181,2.3692722371967654,156040.13099968497,982188.0,-0.0090840927936781,0.004805364,-0.01408384,-0.0036947777999999996
2021-10-31,147.71200000000002,89.80999999999992,57.9020000000001,55292.195,0.043874,2.769317753486619,183598.74699950713,1050411.0,-0.0063609920031542,0.0027952227,-0.016533054,-0.005902501815
2021-11-01,150.79600000000025,102.54100000000008,48.255000000000166,53933.896,0.056812,3.347826086956522,246157.06699905783,1439678.0,0.0372049603187196,0.034665577,0.03635373,0.03542524585000001
2021-11-02,73.00900000000001,127.19200000000032,-54.183000000000305,55092.909,0.047797,3.2680324370465215,217591.3819992915,1326823.0,-0.0051303483133935,-0.00094003254,-0.0053448454,-0.0029221983270000004
2021-11-03,86.14300000000019,94.08400000000016,-7.940999999999974,53160.237,0.031399,2.2383419689119175,211186.2979992283,1265970.0,-0.0241616388040988,-0.017448025,-0.025171727,-0.0209236909
2021-11-04,148.92200000000008,50.06100000000002,98.86100000000006,55570.706,0.046368,2.907776475185619,184675.77699942025,1094030.0,-0.0074860486509891,-0.003866195,-0.010284379,-0.0067543778
2021-11-05,98.75800000000032,84.83200000000006,13.926000000000258,57014.925,0.041167,3.5787545787545785,157569.354999637,1011863.0,0.0087166615684317,0.013913308,0.008205611,0.011344844350000001
2021-11-06,146.82500000000005,58.96100000000005,87.864,56990.762,0.037687,3.76417341591234,154918.91299973096,934072.0,0.0289088480909445,0.018623635,0.029876351,0.023687357200000002
2021-11-07,29.377000000000013,71.62600000000005,-42.24900000000004,56284.341,0.037438,3.2426813746287655,142878.04699986457,865482.0,0.0650421688463716,0.06600185,0.05994712,0.06327722150000001
2021-11-08,56.74800000000002,265.09599999999926,-208.34799999999925,60108.127,0.04876,2.5650623885918,274930.85099889204,1666214.0,-0.0085990712768797,-0.010980864,-0.009766363,-0.010434338550000002
2021-11-09,123.68000000000022,112.0010000000003,11.678999999999917,59972.631,0.067839,1.8490028490028492,231842.52799914175,1454614.0,-0.0313342572034827,-0.034096763,-0.036580376,-0.03521438885
2021-11-10,336.9399999999987,211.3319999999997,125.60799999999898,57158.761,0.057535,2.023888720895071,347833.49299864395,2275650.0,-0.0016685606442106,-0.0008971405,-0.0062076747,-0.0032868808899999997
2021-11-11,71.262,73.51200000000014,-2.250000000000142,55066.612,0.021812,2.4305317324185247,178263.04199945246,1167487.0,-0.0101171965455311,-0.0129612805,-0.016080372,-0.014364871675000002
2021-11-12,162.8050000000001,92.0460000000001,70.75899999999999,57895.757,0.036867,2.780718336483932,264575.03399883234,1613651.0,0.0040119201938324,0.0018222318,0.004425071,0.00299350944
2021-11-13,32.69600000000005,52.026,-19.329999999999956,57132.283,0.021842,3.399472063352398,124466.11599990872,806642.0,0.0175386773160717,0.0009412323,0.015350804,0.007425539565
2021-11-14,57.883999999999865,101.49800000000003,-43.61400000000017,57684.328,0.013059,3.3383947939262475,146423.4169998216,918260.0,-0.0296222636128273,-0.0214633,-0.036758855,-0.028346299750000005
2021-11-15,215.0730000000001,51.93200000000005,163.14100000000005,62331.628,0.040989,3.349717268377556,210022.5759993461,1227691.0,-0.0573941917145326,-0.048215643,-0.062394105,-0.0545959509
2021-11-16,497.01999999999623,198.15300000000013,298.8669999999961,60594.987,0.01,3.943153732081067,475013.4999976607,2492109.0,0.0047506919286064,-0.0032895445,-0.0053564385,-0.004219646800000001
2021-11-17,198.27700000000016,149.74999999999994,48.527000000000214,59782.665,0.01,4.055611729019211,287388.1509980601,1836697.0,-0.0589278854245307,-0.048127603,-0.07159782,-0.05868920065
2021-11-18,377.67199999999787,155.09500000000008,222.57699999999775,61135.968,0.011235,4.211047420531527,412019.3819969158,2467533.0,0.0201952404606089,0.008774648,0.01316075,0.0107483939
2021-11-19,104.5650000000004,133.29200000000026,-28.72699999999986,59046.81,0.01,4.22466039707419,245352.64799887335,1575615.0,0.0281145133077806,0.028955586,0.0155941285,0.022942930125
2021-11-20,56.185000000000024,103.04500000000014,-46.86000000000012,57200.868,0.01,3.8780487804878048,173693.2829995237,1126365.0,-0.018347414213867,-0.023678241,-0.029504783,-0.026300184900000002
2021-11-21,109.36500000000014,50.023000000000046,59.34200000000009,56240.753,0.01,3.520795660036166,143886.82099979406,1014468.0,-0.0413544874234936,-0.01727086,-0.055303946,-0.034385748699999996
2021-11-22,282.0769999999995,120.42200000000028,161.6549999999992,60537.063,0.01,3.570383912248629,326184.6999978385,2062432.0,0.0227465229877115,0.00948714,0.010887615,0.01011735375
2021-11-23,140.8660000000002,118.54700000000024,22.318999999999978,59959.102,0.01,4.515719801434088,267772.8829982077,1832291.0,-0.007027959623695,0.0012610839,-0.011031412,-0.0042705392550000006
2021-11-24,185.3010000000004,102.5110000000002,82.79000000000022,60381.321,0.01201,3.935834155972359,194670.28699918507,1299816.0,0.0313908838384087,0.034291863,0.017705873,0.0268281675
2021-11-25,61.747,167.70299999999986,-105.95599999999986,60882.486,0.011888,4.117707267144319,191911.3239992243,1290604.0,-0.0929584332118018,-0.061111152,-0.09719921,-0.0773507781
2021-11-26,868.5869999999909,145.67700000000028,722.9099999999906,66361.047,0.01,3.3402777777777777,378647.4409971469,2328953.0,0.0183411757514555,0.012803458,0.014149349,0.013409108950000002
2021-11-27,99.17100000000028,102.55800000000018,-3.386999999999901,63158.699,0.01,5.693440428380188,155118.4359995829,1087008.0,0.045614036945853,0.031494156,0.037793353,0.03432879465000001
2021-11-28,222.98499999999956,208.7160000000001,14.268999999999464,62296.353,0.01,5.090133982947624,213594.9169989739,1322911.0,0.0087156583995469,0.021596044,0.0014525875,0.012531488575
2021-11-29,78.31000000000002,126.55600000000015,-48.24600000000014,61690.601,0.020774,4.3276505061267985,215109.46599901488,1329844.0,-0.0143942685501059,-0.014255664,-0.029241085,-0.02099910345
2021-11-30,396.3499999999992,253.23399999999955,143.11599999999967,59240.982,0.01,3.101722723543889,337611.7059974693,2233652.0,0.0040918400630509,0.014785227,-0.002119027,0.0071783127
2021-12-01,183.0969999999995,111.63100000000024,71.46599999999926,60693.413,0.01,4.022601707684581,273955.7059983122,1777383.0,-0.0123827500980073,-0.007485458,-0.015465625,-0.011076533150000002
2021-12-02,192.15599999999975,118.9770000000002,73.17899999999955,59864.586,0.01,4.313496280552604,249983.29199883304,1524412.0,-0.0523239555597729,-0.04523214,-0.0646512,-0.053970717
2021-12-03,497.4709999999987,122.5480000000002,374.9229999999985,61204.435,0.027198,4.633802816901408,369719.4439980334,2127801.0,-0.0866415577831531,-0.08240394,-0.096917756,-0.0889351572
2021-12-04,1313.4079999999828,433.5169999999983,879.8909999999846,40060.377,0.002893,5.784260515603799,598710.3210003439,3371572.0,0.0049490302821819,0.006777875,-0.0029338151,0.002407614455
2021-12-05,251.63000000000008,183.4059999999997,68.22400000000039,40021.65,0.01,2.8095238095238093,286432.92999883514,1809972.0,0.0209464454638688,0.023863638,0.01759557,0.0210430074
2021-12-06,191.9589999999999,310.09699999999907,-118.13799999999918,37769.264,0.01,2.024803387779794,357558.54199773143,2257481.0,0.0029105975984968,0.012095599,-0.010234036,0.0020472632500000004
2021-12-07,120.94900000000024,99.19200000000004,21.757000000000204,39335.489,0.01,1.807411566535654,224669.37199898393,1458722.0,-0.0023304945609261,0.005758604,-0.0029350892,0.0018464420599999998
2021-12-08,127.88700000000024,135.3219999999999,-7.434999999999647,39185.203,0.01,1.6322716504343249,238226.85299889508,1459351.0,-0.0597136382267216,-0.062227413,-0.049310267,-0.056414697300000004
2021-12-09,271.55999999999955,104.11800000000002,167.44199999999952,42025.462,0.01,1.910360884749709,273083.13499865064,1728688.0,-0.0085556875287835,-0.007106102,-0.016800046,-0.0114683768
2021-12-10,174.74500000000015,160.24699999999996,14.49800000000019,39352.944,0.01,2.3624747814391394,302967.0629982713,2000126.0,0.0466144194002922,0.030413669,0.036709897,0.0332469716
2021-12-11,81.28800000000012,127.47200000000016,-46.18400000000004,40618.852,0.01,2.282994090610637,210956.69999903705,1460513.0,0.0133526527210072,0.0055313623,0.0036691949,0.00469338697
2021-12-12,58.84100000000001,70.3330000000001,-11.49200000000009,43495.966,0.01,1.7382256297918943,183431.553999389,1300280.0,-0.0692973753526402,-0.065289706,-0.072802715,-0.06867056005
2021-12-13,203.72999999999973,128.36500000000012,75.36499999999961,42842.485,0.01,1.4224806201550386,348549.4269982135,2357180.0,0.0345241762326722,0.028576832,0.0315381,0.029909402600000003
2021-12-14,119.12900000000022,140.9639999999999,-21.834999999999695,42758.982,0.008838,2.461405330564209,266189.2059988573,1907876.0,0.0107337588163947,0.0056206635,-0.002901651,0.0017856219750000003
2021-12-15,136.7140000000001,156.36300000000014,-19.64900000000003,43972.778,0.01,1.997601918465228,345239.09399786184,2395142.0,-0.0255482024281832,-0.030249456,-0.03282567,-0.0314087523
2021-12-16,150.30699999999996,55.117,95.18999999999996,47565.879,0.01,1.8620492272467088,215872.23099999936,1516569.0,-0.0320232713999661,-0.021626703,-0.040437385,-0.0300915099
2021-12-17,206.198,123.67,82.528,50631.423,0.004678,2.2278889606197545,326457.012999998,2232312.0,0.015130173120065,0.025593605,0.0077221245,0.017551438775
2021-12-18,75.30400000000004,86.75900000000009,-11.45500000000004,53207.846,0.008402,3.23190859077444,191004.25199932553,1609142.0,-0.0032775271061211,-0.024910675,-0.009806372,-0.018113738650000002
2021-12-19,98.02400000000009,104.6590000000002,-6.635000000000119,56055.481,0.01,2.8684719535783367,241687.56299911768,1649377.0,0.0049773921748101,0.00787519,0.00454963,0.006378688
2021-12-20,135.15900000000008,123.60900000000028,11.549999999999798,61829.907,0.01,2.8211692777990063,273803.24599899165,1987337.0,0.0412508732374554,0.035913996,0.03398024,0.0350438058
2021-12-21,55.42099999999997,140.3020000000002,-84.88100000000023,70188.434,0.01,2.4891835310537336,259999.57199898775,1876367.0,-0.0061905422711152,-0.004611986,-0.013987489,-0.00883096235
2021-12-22,78.7200000000001,115.58000000000014,-36.86000000000004,73265.118,0.01,1.327205026762858,208462.47099944777,1450856.0,0.0452801594542275,0.026815386,0.034417287,0.03023624145
2021-12-23,78.12400000000014,188.447,-110.32299999999988,73671.143,0.004018,1.6616981634282673,255882.66599930025,1460880.0,-0.000370061388967,-0.008665515,0.01281457,0.0010005232499999996
2021-12-24,139.5270000000001,126.51600000000026,13.01099999999984,72638.825,0.01,1.581311306143521,220182.0589993424,1228909.0,-0.0083055488691954,-0.01111662,-0.011327364,-0.011211454800000001
2021-12-25,44.06800000000002,42.921000000000014,1.1470000000000056,73824.377,0.01,1.6997840172786178,147662.34799985515,856089.0,0.007429328815574,-0.00020099618,0.012710176,0.005609031301
2021-12-26,108.5070000000002,77.449,31.05800000000021,72297.03,0.01,2.012048192771084,184797.27799956116,1041327.0,-0.0014594452777334,-0.008207506,0.0007542521,-0.004174714855000001
2021-12-27,99.41400000000029,74.31100000000006,25.103000000000225,73752.221,0.01,2.1705770450221937,216217.5859994281,1191204.0,-0.0643041831297992,-0.055548698,-0.04129429,-0.0491342144
2021-12-28,268.01699999999937,79.67900000000013,188.33799999999923,74212.413,0.01,1.943773918163085,336081.6269983836,1817100.0,-0.022958105783962,-0.046456642,-0.027144015,-0.03776595985
2021-12-29,125.13800000000028,96.05700000000007,29.0810000000002,72958.015,0.01,3.098360655737705,274794.0609991704,1486379.0,0.0140239790234346,0.0053805676,0.012237191,0.00846604813
2021-12-30,98.66100000000014,104.09100000000012,-5.429999999999978,71883.204,0.01,3.2069835927639883,229930.70599934467,1209277.0,-0.019369821492674,-0.02108074,-0.024454646,-0.0225989977
2021-12-31,202.184,130.6780000000001,71.50599999999989,74790.169,0.01,2.8789759503491075,287169.91499890335,1504409.0,0.0320599467817785,0.014490847,0.020512454,0.01720057015
2022-01-01,60.012000000000015,84.57600000000008,-24.564000000000064,72970.649,0.01,3.7192071731949032,179433.2189996203,997179.0,-0.0091880527435925,-0.009374515,-0.030513406,-0.01888701595
2022-01-02,114.77800000000016,79.26300000000012,35.51500000000004,73297.806,0.01,2.8431975403535743,184794.65299955403,1002681.0,-0.0179255747295972,-0.011264619,-0.031607278,-0.020418815550000004
2022-01-03,174.32100000000014,69.33699999999999,104.98400000000017,79508.429,0.01,2.8910505836575875,244781.47399935583,1261715.0,-0.0133097451918313,-0.012201813,-0.033807777,-0.0219244968
2022-01-04,385.2709999999974,109.39700000000012,275.8739999999973,81155.755,0.01,4.367686527106818,292139.74299906055,1433419.0,-0.0533458970167046,-0.049235012,-0.059334375,-0.05377972535
2022-01-05,507.791999999999,182.75699999999983,325.0349999999992,77849.139,0.01,4.167958656330749,485460.7719975776,2395966.0,-0.0085243862571733,0.021791976,-0.008866563,0.007995633450000001
2022-01-06,120.8270000000001,118.18200000000004,2.645000000000053,79293.451,0.01,3.7824007651841223,299507.7869988485,1591134.0,-0.0358183987906102,-0.03755983,-0.04633399,-0.04150820200000001
2022-01-07,273.23399999999936,173.17799999999974,100.0559999999996,76606.492,0.01,3.734848484848485,473135.748996846,2412850.0,0.0027210861918849,-0.0001671738,-0.009974197,-0.00458033424
2022-01-08,177.87599999999992,112.56000000000004,65.31599999999987,76397.657,0.01,3.1666666666666665,283733.2589989163,1610867.0,0.0044259193989262,0.017832585,-0.0016552955,0.009063038775000002
2022-01-09,97.80500000000002,103.93400000000013,-6.129000000000104,76158.663,0.01,2.9793076004775174,223129.49599930865,1265597.0,-0.0010068457032161,-0.015422293,-0.009112589,-0.0125829262
2022-01-10,244.30399999999975,179.97099999999992,64.33299999999983,76545.611,0.01,2.8328861632809503,453629.45199721534,2356271.0,0.0214504004396776,0.016355086,0.015897382,0.016149119200000003
2022-01-11,96.24100000000016,183.20199999999983,-86.96099999999967,77366.21,0.01,2.641660597232338,323755.7929986991,1739284.0,0.0270902769434115,0.02213439,0.028759219,0.02511556305
2022-01-12,67.50299999999997,103.99200000000016,-36.48900000000019,77460.518,-0.005342,1.9673590504451035,281336.29799858434,1432529.0,-0.0310574808840993,-0.045081213,-0.031207666,-0.03883811685
2022-01-13,165.60800000000012,78.1480000000001,87.46000000000002,76819.76,-0.006081,2.3602150537634405,289282.89199855115,1502600.0,0.0116761333829025,-0.0027656022,0.014337793,0.00493092564
2022-01-14,101.44300000000013,100.41300000000008,1.0300000000000438,74477.321,-0.006655,2.786444528587656,272513.2359985502,1443687.0,0.0005648665034954,-0.005205782,0.003959924,-0.0010812143000000004
2022-01-15,58.424000000000035,61.549,-3.1249999999999645,75402.216,0.002661,2.2278889606197545,184648.8449993263,1115108.0,-0.000293189271094,-0.005687202,-0.0012259036,-0.0036796177199999998
2022-01-16,89.42500000000011,59.56800000000001,29.8570000000001,73704.829,0.00362,2.1075201988812924,177449.37499936853,1042932.0,-0.0204066313010855,-0.014264625,-0.026571862,-0.01980288165
2022-01-17,174.69299999999987,72.77900000000005,101.91399999999982,75761.222,0.01,2.3863867253640363,232746.9459987436,1372516.0,0.0035598699462955,0.01528276,-0.009853885,0.003971269750000001
2022-01-18,127.9020000000005,115.54400000000008,12.358000000000416,74731.899,0.01,3.178854993731717,267471.5039990136,1411340.0,-0.0164768030058262,-0.024838638,-0.012878314,-0.0194564922
2022-01-19,217.5909999999995,85.20300000000019,132.3879999999993,75402.231,0.01,2.6818851251840945,333943.44299769046,1662409.0,-0.0237827352261952,-0.033334397,-0.0376591,-0.03528051335
2022-01-20,250.6789999999997,157.1280000000001,93.5509999999996,76573.972,0.01,2.7313432835820897,399810.43199746526,1895136.0,-0.1099461598791098,-0.051102743,-0.11016361,-0.07768013315
2022-01-21,764.810999999989,372.9979999999991,391.8129999999899,71838.256,0.008226,3.1928721174004195,789595.8390052649,3972821.0,-0.0384262269858517,-0.021784022,-0.04126565,-0.0305507546
2022-01-22,524.1889999999958,374.1599999999982,150.02899999999755,73109.341,0.01,2.5473572188719404,676095.6220029343,3621008.0,0.032902471390134,0.031368025,0.04124711,0.03581361325
2022-01-23,191.277,178.50400000000013,12.772999999999854,74129.903,-0.001573,1.8901734104046244,369371.39499856526,1892382.0,0.0114067643862032,0.020816214,0.007752586,0.0149375814
2022-01-24,496.4769999999976,420.32499999999845,76.15199999999913,73101.045,0.005009,1.8216704288939056,822996.7950076935,4284712.0,0.008095001638555,0.023081005,0.013409559,0.018728854300000004
2022-01-25,204.99199999999976,262.4509999999996,-57.45899999999986,76062.541,-0.010008,1.293052052281587,409018.71399790014,2367079.0,-0.0040391738751033,0.010147709,-0.009861715,0.0011434682
2022-01-26,290.63299999999947,275.85099999999875,14.78200000000072,73869.551,-0.00413,1.1896211955331726,554405.9959990837,3052272.0,0.0094839876878438,0.0019575912,0.006957557,0.00420757581
2022-01-27,285.5259999999995,216.72800000000004,68.79799999999946,72358.376,-0.007554,1.254791431792559,422004.5139980919,2366652.0,0.0148636502954708,0.019719623,0.012617961,0.0165238751
2022-01-28,152.64300000000017,216.23200000000008,-63.58899999999991,74237.753,0.00288,1.2660321776569226,367505.9199985881,2016006.0,0.0118678204974376,0.021390619,0.008671086,0.015666829150000002
2022-01-29,82.32100000000007,85.41299999999995,-3.091999999999885,76314.295,-0.003029,0.9554165037152912,238656.2129993068,1369378.0,-0.0074973460488596,-0.0069516334,-0.009590089,-0.00813893842
2022-01-30,81.53800000000005,64.82400000000007,16.713999999999984,77273.587,0.01,0.9489378288832584,195027.6889996169,1124899.0,0.0153284014936492,0.010303253,0.016031612,0.01288101455
2022-01-31,113.8080000000002,162.91699999999983,-49.108999999999625,82927.335,-0.005648,0.9474196689386564,318439.08999889443,1624976.0,0.0059016657367134,0.002326136,0.004639361,0.0033670872500000002
2022-02-01,132.1430000000001,145.15900000000025,-13.016000000000162,78617.238,-0.006256,0.7292062943109113,353351.9219987427,1923322.0,-0.0475868957877967,-0.03410767,-0.046198085,-0.03954835675
2022-02-02,219.5079999999998,85.80100000000009,133.7069999999997,78025.352,0.002553,0.8315018315018314,337566.942999103,1696351.0,0.0111916370777347,-0.0073096207,0.0017277375,-0.0032428095100000003
2022-02-03,166.9260000000002,119.56100000000012,47.365000000000066,77749.238,-0.001533,1.247191011235955,318639.05499877647,1606326.0,0.1081764469569339,0.05141262,0.09303327,0.0701419125
2022-02-04,111.37000000000027,240.0569999999999,-128.6869999999996,81530.336,0.01,1.2487069934787498,520101.41799850896,2589688.0,-0.0046207242467879,0.0033870814,-0.011088371,-0.0031268721800000003
2022-02-05,141.09500000000003,117.6770000000003,23.41799999999972,81260.335,0.01,0.760253476500616,242180.23199913063,1415712.0,0.0238368201984737,0.00034884363,0.023587838,0.0108063910965
2022-02-06,54.83100000000003,103.22200000000012,-48.39100000000009,80507.616,0.01,0.7316017316017316,215321.8739993341,1152334.0,0.0338493333568958,0.01604686,0.037842922,0.025855087900000004
2022-02-07,113.1910000000003,266.45399999999995,-153.26299999999964,78142.722,-0.009617,0.8191740949608878,418050.4269981209,2177572.0,0.0046197878370257,0.018538821,0.0050106347,0.012451137165
2022-02-08,240.6969999999997,256.5649999999999,-15.868000000000194,72958.572,0.01,0.893580761219466,468001.6099981306,2434227.0,0.0074586638193068,-0.0034459506,0.0016430467,-0.0011559018150000002
2022-02-09,156.392,155.03800000000007,1.353999999999928,74616.641,0.00512,1.1070375052675938,300265.7109987613,1668511.0,-0.019968761180241,-0.029266689,-0.03389062,-0.031347457950000004
2022-02-10,258.20799999999934,219.17299999999992,39.03499999999943,71883.657,0.01,1.105263157894737,563906.1369987826,2894392.0,-0.0261275102636204,-0.0034521022,-0.027210474,-0.01414336951
2022-02-11,206.47600000000008,146.51300000000018,59.96299999999991,72597.01,-0.007643,1.29147571035747,414625.3499984038,2469494.0,-0.0036850036261721,-0.014427986,-0.0027092248,-0.00915454346
2022-02-12,93.6230000000002,91.75800000000008,1.8650000000001228,72534.307,0.01,1.5227043390514632,256267.7619990041,1532031.0,-0.0038971692535803,-0.0057550743,0.00022789091,-0.0030627399555000004
2022-02-13,72.31200000000008,46.10600000000003,26.206000000000053,71699.479,0.006814,1.671653753673524,192064.9989995146,1132859.0,0.0114029437609097,0.0007725684,0.0032011718,0.00186543993
2022-02-14,114.99300000000012,94.7560000000002,20.236999999999924,74210.394,0.006445,1.715177844148792,303925.92699884274,1566258.0,0.0461474056472823,0.029998956,0.05258325,0.040161888300000004
2022-02-15,37.71299999999996,172.95399999999975,-135.2409999999998,76127.387,0.005462,1.3413720440177943,276719.55099925364,1292642.0,-0.0151849105438515,-0.020439506,-0.012308985,-0.01678077155
2022-02-16,106.00800000000014,87.60899999999997,18.39900000000017,76661.453,0.01,1.1891418563922942,255787.4109992762,1117201.0,-0.0796223074196458,-0.0833662,-0.08071556,-0.082173412
2022-02-17,189.829,91.56900000000006,98.25999999999996,74877.694,0.01,1.360717658168083,433953.0929987344,1845171.0,-0.0134493034485352,0.002414988,-0.018223725,-0.0068724328500000004
2022-02-18,181.944,110.11500000000002,71.82899999999997,73309.21,-0.000936,1.985965959988056,377653.305998756,1619204.0,0.0026164981129266,0.0072512897,0.0067142583,0.0070096255700000006
2022-02-19,68.31800000000003,45.41199999999994,22.906000000000084,76070.627,0.00771,1.889338341519792,185624.39699968364,884436.0,-0.0431407529280498,-0.04318901,-0.038631268,-0.0411380261
2022-02-20,137.33700000000022,61.89700000000001,75.4400000000002,73683.853,-0.007517,2.083564600678384,329710.54999919597,1314358.0,-0.0365775661820251,-0.043386273,-0.034367166,-0.03932767485
2022-02-21,250.5829999999994,209.32399999999987,41.25899999999953,72902.04,-0.003473,2.020235578375113,646370.4180014341,2474459.0,0.0324907507662182,0.028126577,0.037480623,0.0323358977
2022-02-22,132.28300000000024,173.13700000000014,-40.8539999999999,74823.05,-0.003085,1.9239766081871343,465213.5439989172,2020227.0,-0.0259769663535838,-0.029422022,-0.027331218,-0.0284811602
2022-02-23,152.297,69.98000000000006,82.31699999999994,72851.326,-0.003332,1.3424689622862498,408053.32799904374,1643310.0,0.028507874523143,0.018618403,0.020364717,0.019404244299999998
2022-02-24,316.59399999999863,355.2859999999981,-38.691999999999496,66003.494,-0.00921,1.6448029621793174,919506.2530081818,4085240.0,0.0230055700671094,0.010714419,0.015598401,0.0129122109
2022-02-25,140.5509999999999,124.81000000000031,15.740999999999588,67515.261,0.000998,1.2306491188935982,416311.3609986464,2062788.0,-0.0026156608014744,0.012775771,-0.0075632706,0.003623202280000001
2022-02-26,99.91100000000016,52.18900000000005,47.72200000000011,67245.85,0.007614,1.0951183741881418,251824.626999276,1285880.0,-0.0369145713560055,-0.042615477,-0.04340566,-0.04297105935000001
2022-02-27,174.3000000000002,118.71100000000014,55.58900000000007,65861.239,-0.000628,1.1372088053002778,423192.9439988196,1964800.0,0.1352787146752518,0.11203201,0.13124555,0.12067810300000001
2022-02-28,146.5930000000004,218.65700000000007,-72.06399999999968,68824.504,-0.005386,1.4271844660194173,615375.7190007536,2951824.0,0.0288026925696254,0.027324924,0.042016186,0.033935991900000004
2022-03-01,129.42900000000023,117.9900000000004,11.438999999999822,70661.967,0.004369,1.0420665713702266,448480.0169982344,2234163.0,-0.0119624345490478,-0.037512682,-0.019276299,-0.02930630965
2022-03-02,122.07200000000012,96.34400000000016,25.727999999999952,72846.055,0.01,0.94325689856199,407559.3029982943,2062356.0,-0.0333332615882593,-0.0080441795,-0.052193366,-0.027911313425
2022-03-03,147.1000000000001,90.966,56.134000000000114,74655.391,0.01,0.9892580067634772,365549.65299870225,1788639.0,-0.0810549423019875,-0.062076587,-0.08766372,-0.07359079685
2022-03-04,272.42699999999974,112.31900000000029,160.10799999999944,75145.085,0.01,1.4183796856106408,469134.32199812005,2375854.0,0.0063478437934207,0.017669778,0.005195666,0.012056427600000003
2022-03-05,49.80600000000004,63.26600000000006,-13.460000000000022,75991.24,0.001656,1.818489289740699,198745.67699960977,1040452.0,-0.0251147984261219,-0.045805298,-0.022781722,-0.0354446888
2022-03-06,121.62800000000014,70.65900000000009,50.96900000000005,72404.832,0.001957,2.19693094629156,311704.25099924,1502143.0,-0.0113289195068571,-0.007443318,-0.018572733,-0.01245155475
2022-03-07,176.478,140.384,36.09400000000002,69246.757,-0.003177,2.1104199066874028,490252.6119984264,2254384.0,0.0193604394737665,0.009562895,0.028675787,0.018163696400000002
2022-03-08,148.55700000000013,169.75800000000004,-21.200999999999908,69185.862,0.01,2.1857279388340234,421438.57099892147,2050888.0,0.079650037320313,0.038500696,0.07761711,0.0561030823
2022-03-09,99.0480000000002,135.93400000000025,-36.88600000000005,72189.11,0.01,1.8320589068252615,462040.9919983541,2144336.0,-0.0619567610700482,-0.045598704,-0.079445235,-0.060829642950000005
2022-03-10,156.10099999999986,109.32900000000012,46.771999999999736,70113.518,-0.008919,1.242152466367713,520612.1939979693,2493809.0,-0.0177206451442284,-0.010598492,-0.024667673,-0.01692962345
2022-03-11,150.58000000000024,95.69300000000015,54.887000000000086,70071.96,0.004301,2.0229746070133015,467057.6659984354,2218817.0,0.0020065284013579,-0.001512297,0.0038291216,0.0008913413700000002
2022-03-12,48.23899999999999,22.934000000000008,25.304999999999986,71706.756,-0.003565,2.3200531208499333,172493.44199973944,895725.0,-0.0269004673903179,-0.03763429,-0.034485318,-0.036217252600000006
2022-03-13,78.3750000000001,31.010000000000016,47.36500000000008,75679.763,-0.005741,2.1938677738741617,236623.37799947863,1086431.0,0.0489203168714063,0.040685125,0.04308373,0.041764497250000004
2022-03-14,83.1730000000001,82.26500000000009,0.9080000000000156,74133.563,0.002708,2.606202668589974,360055.48999889137,1530908.0,-0.0099058841699832,-0.012013407,0.00055829436,-0.006356141388000001
2022-03-15,65.68799999999999,63.43700000000003,2.250999999999955,75400.124,0.009061,1.8490028490028492,344961.7379991211,1448186.0,0.0456248114305086,0.028887942,0.042438395,0.03498564585
2022-03-16,160.827,158.93899999999994,1.888000000000062,74079.983,0.01,1.2888532845044631,650585.9860004011,3008131.0,-0.004781075985047,-0.011957588,-0.017955266,-0.014656543100000002
2022-03-17,47.165000000000035,59.01599999999997,-11.850999999999935,74583.99,0.01,1.2099447513812154,243928.1499993292,1125093.0,0.0203116952414426,0.024660552,0.011045396,0.0185337318
2022-03-18,60.06499999999997,78.13500000000012,-18.07000000000015,76256.898,0.01,1.369106846718787,299096.5849991634,1243113.0,0.01056768257477,0.008769075,0.015516192,0.011805277650000001
2022-03-19,35.711000000000006,35.70700000000003,0.0039999999999764,77424.123,0.01,1.0764119601328903,186453.48899971583,793290.0,-0.022502352481311,-0.02488891,-0.022767268,-0.023934171100000002
2022-03-20,76.02400000000007,44.799,31.225000000000072,75291.159,0.01,1.0542317173377158,235766.4929995412,887463.0,-0.0063177022059921,0.0014860653,0.0034727603,0.00238007805
2022-03-21,68.68200000000012,69.76300000000006,-1.0809999999999462,72959.157,-9.3e-05,1.3004370830457788,308389.3039992967,1127440.0,0.0326750703725586,0.021704547,0.032913733,0.0267486807
2022-03-22,75.60100000000016,80.37400000000007,-4.772999999999911,74493.491,0.01,1.65041081367612,374218.67999895447,1514798.0,0.0121678667429065,-0.00502499,0.011739351,0.0025189634499999994
2022-03-23,68.01500000000007,67.27200000000008,0.742999999999995,72498.096,0.007014,1.289901534234028,282612.8849994098,1154511.0,0.0255256438082849,0.020886507,0.024236128,0.022393836450000003
2022-03-24,42.517,91.86300000000024,-49.34600000000024,80411.044,-0.000907,1.370791844476055,331439.05299891473,1384200.0,0.0072861742275431,-0.0044526057,0.009421296,0.0017906500649999997
2022-03-25,88.32100000000011,86.79600000000008,1.525000000000034,79747.241,0.005473,0.7568517217146872,348616.3629989058,1366179.0,0.0044607171360233,0.010261597,0.00350371,0.007220547850000001
2022-03-26,21.475999999999996,27.46599999999999,-5.989999999999995,79644.568,0.01,0.7470300489168413,140712.46299983328,647622.0,0.050733773930828,0.025345467,0.05057106,0.03669698385
2022-03-27,40.72800000000003,86.58000000000017,-45.85200000000014,80215.675,0.01,0.8231540565177757,269278.6869994291,1101891.0,0.0062682503060145,-0.0061125457,0.014976703,0.003377616214999999
2022-03-28,96.12600000000003,108.27600000000028,-12.150000000000247,76655.828,0.01,0.852881230313137,317541.40199931123,1362561.0,0.0066116967684664,0.010493579,0.013504084,0.01184830625
2022-03-29,91.0390000000001,77.21700000000007,13.822000000000031,76540.184,0.009594,0.8793459875963164,259007.73899940844,1054876.0,-0.0077629843968782,-0.014509645,-0.00096254796,-0.008413451332
2022-03-30,82.96400000000014,71.48100000000005,11.48300000000009,76512.408,0.01,1.0210185933710592,235000.18999945724,1001637.0,-0.0336535992569277,-0.024129141,-0.036669314,-0.029772218850000004
2022-03-31,182.8139999999999,62.33900000000008,120.47499999999982,74404.869,0.01,1.196836555360281,299809.63299907884,1200582.0,0.0168457571405937,0.00041840877,0.0034208223,0.0017694948585000002
2022-04-01,128.20600000000042,149.77399999999992,-21.5679999999995,73327.679,0.009193,1.54323499491353,360657.6499988589,1336696.0,-0.0102610730714474,-0.010944354,0.0013138428,-0.00542816544
2022-04-02,115.31000000000002,68.40300000000002,46.907,71705.537,0.01,1.8050490883590464,226226.8419999992,911422.0,0.01293361490454,-0.004112106,0.012476876,0.0033529358999999995
2022-04-04,100.37600000000025,102.14000000000011,-1.763999999999868,73368.887,0.01,1.8612303290414876,272795.44499929633,1062458.0,-0.0235237349480623,-0.011004186,-0.021572493,-0.01575992415
2022-04-05,100.04900000000012,38.598,61.45100000000012,76713.63,0.01,1.6723677177979688,257512.1809993083,1012544.0,-0.0525017816550033,-0.02739563,-0.056325786,-0.0404142002
2022-04-08,129.68700000000024,97.17700000000002,32.51000000000022,82601.915,0.01,2.434065934065934,310061.77599863097,1330607.0,0.0118101299320372,0.016610928,0.014945731,0.015861589350000004
2022-04-09,30.978,34.86799999999999,-3.8899999999999864,83174.791,0.01,2.621876131836291,119717.94099993711,614733.0,-0.0140174297468771,-0.021013888,-0.015449412,-0.0185098738
2022-04-10,98.07500000000005,35.036,63.03900000000005,84353.016,0.01,2.61794500723589,181903.37299959557,827077.0,-0.0643733658182643,-0.041952044,-0.071594395,-0.055291101950000004
2022-04-11,272.3809999999994,80.24799999999995,192.13299999999947,84318.042,0.01,2.6818851251840945,439496.9189978757,1843573.0,0.013679940298763,0.014928868,0.012454942,0.0138156013
2022-04-12,119.98300000000012,103.03300000000009,16.95000000000003,83397.884,-0.007001,2.57653791130186,349848.44799818704,1524366.0,0.0264190184253028,0.004678769,0.015700959,0.0096387545
2022-04-13,79.38500000000012,157.25199999999978,-77.86699999999966,79859.494,-0.001485,3.030632809351068,324713.71199867607,1424448.0,-0.0297323041306665,-0.0053372085,-0.04253144,-0.022074612674999997
2022-04-14,80.84000000000012,29.246,51.59400000000012,82776.87,0.004423,2.269042170644002,261948.5029992563,1097343.0,0.0151447196010199,0.005064494,0.0057326406,0.00536515997
2022-04-15,44.794000000000025,43.742999999999974,1.0510000000000517,81442.745,0.007697,2.8925652004671076,194643.56199955923,842210.0,-0.0042799693311703,-0.02678372,-0.0120143,-0.020137481000000002
2022-04-16,25.614000000000008,39.327,-13.71299999999999,81401.91,0.006201,2.588087549336203,127704.09799999373,570095.0,-0.0175027636042273,-0.015825765,-0.026416175,-0.0205914495
2022-04-17,117.56500000000013,21.118999999999996,96.44600000000013,83546.846,0.01,2.55998576005696,170081.1359997827,703413.0,0.0279098748430257,0.024393275,0.023043465,0.0237858605
2022-04-18,130.40700000000004,133.20400000000018,-2.797000000000139,79368.853,-0.005436,2.8789759503491075,362356.06299841794,1432165.0,0.0168192992773761,0.005016247,0.014701299,0.0093745204
2022-04-19,29.432,99.66300000000018,-70.23100000000018,79691.125,-0.005028,2.3003300330033003,214386.0159993621,956239.0,-0.0032586092287818,-0.0064429124,-0.013571687,-0.009650860970000001
2022-04-20,62.43800000000006,80.88900000000008,-18.451000000000025,80054.156,0.003714,2.0525030525030523,257301.1069990336,1112868.0,-0.0214621951388593,-0.010007072,-0.030919284,-0.019417567400000002
2022-04-21,279.9419999999997,78.55200000000012,201.3899999999996,80528.838,0.005359,1.952465308532625,393121.1829977787,1620351.0,-0.0192258767952004,-0.013856069,-0.018732034,-0.01605025325
2022-04-22,111.0020000000002,72.41900000000008,38.58300000000011,84988.26,-0.000415,2.508771929824561,314509.7319983318,1397509.0,-0.0067612983566558,-0.005084393,-0.008140162,-0.00645948905
2022-04-23,41.39299999999996,27.115999999999993,14.276999999999964,86183.228,-0.011883,3.317789291882556,125032.29399995827,637598.0,0.0002162457340766,0.0038421922,-0.005938947,-0.0005593204399999998
2022-04-24,70.90900000000002,30.326999999999995,40.58200000000002,85793.961,-0.003654,3.122011541632316,180365.57199964413,804310.0,0.0244377786503307,0.011784292,0.022729002,0.0167094115
2022-04-25,121.21400000000018,165.0339999999999,-43.81999999999972,82016.86,0.007223,3.116920543433511,433013.7559970149,1812454.0,-0.0589288732240458,-0.050131567,-0.06495272,-0.05680108585000001
2022-04-26,211.8769999999996,100.16900000000015,111.70799999999946,86773.876,0.01,2.641660597232338,452873.87199742865,1849875.0,0.029041308349953,0.032709777,0.024395384,0.02896830015
2022-04-27,82.22800000000012,132.90800000000016,-50.680000000000035,82395.872,0.001968,3.3859649122807016,385630.1029973421,1603363.0,0.0128227679696397,0.0069444687,0.0053953715,0.0062473749600000005
2022-04-30,174.254,36.03600000000002,138.21799999999996,85136.693,0.005926,2.7064492216456633,181778.16899966527,846093.0,0.0220129612676682,0.03008267,0.017420705,0.024384785750000002
2022-05-01,89.98200000000006,103.74400000000011,-13.762000000000056,82572.879,0.01,3.175365344467641,236502.46299925912,1098313.0,0.0014757090645609,0.0032764808,-0.012489244,-0.00381809536
2022-05-02,116.6620000000004,74.63500000000018,42.02700000000023,80785.072,0.01,3.0048057669203048,336836.2649980998,1482990.0,-0.0208838300694296,-0.018109728,-0.023463063,-0.02051872875
2022-05-03,64.21999999999994,27.308999999999987,36.91099999999996,91109.717,0.01,2.453038674033149,248976.00399920557,1088119.0,0.0506715625195415,0.055461407,0.04480819,0.05066745935
2022-05-04,54.38500000000005,157.2440000000002,-102.85900000000017,82803.089,0.01,3.5537340619307836,424458.2459974081,1697378.0,-0.082336825350552,-0.063268185,-0.084620796,-0.07287685995000001
2022-05-05,223.9429999999998,89.97200000000011,133.97099999999972,89936.806,0.01,1.753303964757709,533236.7139973284,2206676.0,-0.0148610761227896,-0.010774844,-0.015702084,-0.012992102000000002
2022-05-06,177.0390000000002,142.014,35.025000000000176,89381.829,0.004197,3.8426150121065374,431930.0489975431,1852448.0,-0.0151467179208371,-0.022616714,-0.01868461,-0.020847267200000002
2022-05-07,79.07100000000004,43.13200000000001,35.93900000000003,91197.305,0.000713,3.327131112072696,200234.3309994911,946219.0,-0.041265348325588,-0.019506726,-0.053130865,-0.03463758855
2022-05-08,132.8950000000002,95.05200000000012,37.84300000000009,89155.085,0.01,3.3956043956043955,426743.23899760406,1822478.0,-0.1237514803908421,-0.12141812,-0.14571095,-0.1323498935
2022-05-09,612.5429999999944,314.9899999999986,297.55299999999585,85462.58,0.01,2.924646781789639,1078550.0120077485,4254651.0,0.030800846621533,0.014954071,0.026592586,0.020191402750000004
2022-05-12,553.7149999999938,936.916999999994,-383.2020000000002,71382.737,-0.014678,2.4129692832764507,964247.7370106124,4983125.0,0.0088242725805578,-0.0028388156,0.014106341,0.00478650487
2022-05-13,315.3729999999992,260.05399999999946,55.31899999999973,76050.095,0.006045,1.5673940949935814,507452.5499960053,2553219.0,0.0269391043317348,0.033289254,0.023654409,0.028953573750000003
2022-05-14,115.95900000000016,146.9120000000001,-30.952999999999932,70208.268,0.01,1.4242424242424243,315724.8569983003,1655821.0,0.0404561319046443,0.050640456,0.038705066,0.0452695305
2022-05-15,101.71700000000024,161.15200000000004,-59.4349999999998,72714.603,0.009053,1.7427317608337904,336750.05599841475,1599162.0,-0.0475518034081954,-0.03208074,-0.046746425,-0.03868029825000001
2022-05-16,186.19899999999976,141.39600000000004,44.80299999999971,74363.054,0.00494,1.4503798088703748,507200.13299683353,2204346.0,0.0189306062024954,0.01886011,0.025484737,0.02184119215
2022-05-17,136.31200000000013,142.77400000000023,-6.462000000000103,72870.147,0.004705,1.493143854400399,398594.7609980801,1724368.0,-0.0584886995742195,-0.07003984,-0.04778237,-0.060023978500000005
2022-05-18,199.33699999999968,68.85100000000001,130.48599999999965,77989.654,0.002893,1.4919013207077,426626.0579979041,1752356.0,0.0543513864177693,0.04346497,0.04170625,0.04267354600000001
2022-05-19,115.96800000000012,215.63299999999992,-99.6649999999998,85786.302,0.007465,1.9308323563892145,448836.24099804217,1763265.0,-0.0375788669561831,-0.018419001,-0.040478803,-0.0283459119
2022-05-20,167.36300000000026,137.55200000000025,29.811000000000007,81269.098,0.01,1.1168501270110076,485361.2069979211,1756475.0,0.0083228563747148,-0.013968414,0.014901005,-0.0009771754500000002
2022-05-21,34.94200000000002,53.22399999999998,-18.28199999999996,79110.381,0.002549,2.356831151393085,202798.1289995676,841965.0,0.0284215384207975,-0.0027181641,0.027421393,0.010844636595
2022-05-22,44.50900000000003,70.33700000000003,-25.828000000000003,83647.068,0.01,1.857959416976279,297106.2259990139,1042601.0,-0.0398951347692122,-0.034703806,-0.03705948,-0.0357638593
2022-05-23,196.68400000000008,129.58400000000023,67.09999999999985,82306.335,0.01,1.199736031676199,475698.4429980351,1688564.0,0.0185640245739104,0.0038491765,0.023521386,0.012701670775
2022-05-24,104.3550000000002,86.54000000000002,17.815000000000182,82723.225,0.002892,2.190810465858328,382096.9869984269,1394830.0,-0.0037985251950818,-0.017197875,0.011734571,-0.004178274300000001
2022-05-25,119.06100000000028,88.9000000000002,30.161000000000072,79569.846,0.01,2.3602150537634405,413363.86599810835,1442987.0,-0.0116031160400318,-0.014488456,-0.016094372,-0.015211118200000002
2022-05-26,223.43699999999947,159.44399999999976,63.99299999999971,81974.086,0.000721,1.772387025228722,602104.0130003253,2116385.0,-0.0197668076759747,-0.0364189,-0.023130797,-0.03043925365
2022-05-27,218.53099999999992,116.84000000000005,101.69099999999987,82591.125,0.01,1.5176233635448138,506454.0209973499,1879970.0,0.0139274582552868,0.00993871,0.013261538,0.0114339826
2022-05-28,12.852000000000007,36.64100000000004,-23.789000000000033,81620.824,0.01,2.179650238473768,193620.92399961528,748803.0,0.0149327306648618,0.0055401763,0.0113153085,0.00813898579
2022-05-29,29.523,50.13400000000001,-20.611000000000008,86147.286,0.01,1.7247956403269753,215131.75899955584,811835.0,0.0740872715889171,0.06943461,0.079029806,0.0737524482
2022-05-30,87.40699999999994,187.10099999999997,-99.69400000000005,87430.658,0.01,1.4313153415998054,502678.5979977315,1757790.0,0.0021033997385373,-0.002431544,0.0060055256,0.0013651373199999996
2022-05-31,82.51799999999993,95.93100000000015,-13.413000000000224,87997.359,0.01,1.2634676324128564,383665.8119982934,1429827.0,-0.0647949816931543,-0.07054443,-0.061970957,-0.06668636715000001
2022-06-01,217.11499999999967,105.76100000000012,111.35399999999954,83552.766,0.01,1.2217285047767164,556883.4519988084,1835937.0,0.0214680211866689,-0.0006747721,0.012375876,0.005198019545
2022-06-02,104.06400000000018,106.65300000000012,-2.588999999999942,84362.213,0.002107,1.962962962962963,370849.392998158,1388953.0,-0.0250179166566564,-0.018089838,-0.031138524,-0.0239617467
2022-06-03,141.4210000000001,66.048,75.3730000000001,83719.829,0.006937,1.5497195308516063,357026.60999831156,1313384.0,0.0055009645259609,0.0058829053,0.0062671155,0.00605579989
2022-06-04,38.773999999999994,33.232000000000006,5.541999999999987,82547.832,0.005506,2.240440699935191,187516.36499965,740237.0,0.0018456679976868,0.0049436204,0.013471425,0.008781132470000001
2022-06-05,62.33200000000002,47.273000000000046,15.058999999999976,82950.901,0.004753,2.0111412225233365,205383.09799953183,777561.0,0.0474500888349513,0.02581686,0.047185857,0.03543290865
2022-06-06,61.95899999999999,157.55099999999996,-95.59199999999996,95815.514,0.01,1.7662517289073307,436430.26699773007,1590119.0,-0.007928880711022,-0.015513588,-0.014546566,-0.015078428100000001
2022-06-07,270.46699999999953,265.1779999999995,5.289000000000044,86334.932,-0.003705,0.8368846436443792,691693.9640023876,2380257.0,-0.0300220982099315,-0.0333198,-0.030622102,-0.032105835900000004
2022-06-08,163.718,113.4120000000002,50.305999999999784,79846.697,0.01,1.0072260136491369,455478.5549971109,1750644.0,-0.0031448412464669,-0.003115143,-0.0033451542,-0.00321864804
2022-06-09,91.43799999999996,65.75400000000008,25.683999999999884,84610.755,0.01,1.6198585276395074,307160.36699865037,1094538.0,-0.0343959202434387,-0.010881956,-0.041957594,-0.0248659931
2022-06-10,148.05500000000015,93.55600000000008,54.499000000000066,87978.631,0.003503,2.053435114503817,445887.8969977629,1627907.0,-0.0232006119472725,-0.021053025,-0.019440249,-0.020327275800000003
2022-06-11,255.633,97.7160000000002,157.9169999999998,89758.283,0.006606,2.718854592785422,391344.84099798976,1445163.0,-0.0673052472144988,-0.06641018,-0.05966372,-0.06337427300000001
2022-06-12,264.9950000000002,127.618,137.37700000000018,86118.644,0.000439,2.641660597232338,560804.2969979878,2081593.0,-0.1669976412315108,-0.17676829,-0.16701585,-0.172379692
2022-06-13,930.4759999999906,511.82899999999654,418.646999999994,82725.929,-0.00058,2.365870077415012,1622514.9899981825,6081283.0,-0.0157318328672531,-0.01498415,-0.022502713,-0.01836750335
2022-06-14,716.0389999999937,651.3449999999963,64.69399999999746,83835.096,-0.005186,1.7129679869777537,1247592.0400109012,5163528.0,0.0200055285384088,0.045543,0.023365095,0.03556294275
2022-06-15,693.8539999999967,678.6919999999968,15.16199999999992,84168.33,-0.000666,1.663825253063399,1509237.064000431,6146703.0,-0.1016301782416349,-0.09711124,-0.112729274,-0.10413935530000001
2022-06-16,521.0029999999963,295.8339999999991,225.1689999999972,90009.427,-0.005277,1.6752273943285176,882300.7490106476,3419167.0,0.0033031496542328,0.009668198,-0.0035647526,0.0037133702300000005
2022-06-17,324.8319999999996,345.9369999999995,-21.104999999999905,94190.267,0.005092,2.402517863218782,775953.2850045984,2659597.0,-0.0760018363469718,-0.0751507,-0.07768188,-0.076289731
2022-06-18,687.8349999999965,404.77899999999863,283.0559999999979,90426.219,0.005227,2.7439161362785476,1268279.5030085307,4530405.0,0.0811277149268701,0.08806558,0.090640716,0.0892243912
2022-06-19,439.9889999999976,525.9399999999963,-85.95099999999871,91103.613,0.007239,1.553626149131767,1088869.859012957,4111585.0,-5.346568196173962e-06,-0.0034967451,0.0067005083,0.00109201893
2022-06-20,471.6489999999982,424.2969999999976,47.3520000000006,91896.771,0.00608,1.229654403567447,935768.9370107976,3469102.0,0.007246490991843,0.008687263,0.0052788295,0.007153467925
2022-06-21,249.9409999999995,230.27299999999985,19.667999999999637,93530.567,0.002028,1.046245140167792,787095.4640046327,2958699.0,-0.0361376939508311,-0.010276532,-0.041957654,-0.0245330369
2022-06-22,330.69099999999924,199.3410000000001,131.34999999999914,94112.318,-0.00164,1.0729684908789383,811926.8850063182,2932654.0,0.0546214268784677,0.068884015,0.05234223,0.06144021175
2022-06-23,141.01399999999995,225.74,-84.72600000000006,95869.124,-0.002656,1.2558087074216109,698655.8110017185,2386832.0,0.0060244133369913,0.022469435,0.012549743,0.0180055736
2022-06-24,194.16500000000013,236.3189999999997,-42.15399999999957,95134.509,0.01,0.9845207382417146,645252.5360007988,2224112.0,0.0118656503170235,0.01557784,0.014013905,0.01487406925
2022-06-25,119.63500000000022,149.27800000000005,-29.64299999999983,100852.906,0.01,0.958096729978461,433959.111997503,1549237.0,-0.0213094300901079,-0.0063755787,-0.024376176,-0.014475847484999999
2022-06-26,97.2880000000002,90.54700000000004,6.741000000000156,96728.326,0.000669,0.8857250612860644,442692.1379975665,1454960.0,-0.0141460254601213,-0.020245861,-0.021043524,-0.020604809350000003
2022-06-27,162.0930000000001,89.62000000000012,72.47299999999998,96146.878,0.006102,1.1003990758244069,539273.5479975626,1696048.0,-0.0224888419964646,-0.020331409,-0.01830937,-0.01942149145
2022-06-28,194.85500000000025,89.52600000000005,105.3290000000002,99033.988,0.002435,1.2306491188935982,582765.4629990343,1692984.0,-0.0078348497395381,0.0019817492,-0.008994572,-0.002957595339999999
2022-06-29,152.28000000000023,120.89600000000031,31.383999999999915,98207.564,0.005319,1.5846471956577928,608659.6029987483,1671794.0,-0.0090253455381876,0.0021482403,-0.005627282,-0.0013507447349999997
2022-06-30,199.75199999999987,236.00099999999975,-36.24899999999988,93484.127,-0.015879,1.6624068157614482,859687.8900046167,2185979.0,-0.0337806752051044,-0.023996081,-0.037156567,-0.0299182997
2022-07-01,287.5049999999998,192.64800000000017,94.85699999999966,90767.539,-0.008061,1.6910656620021531,909054.907008217,2555176.0,-0.0014008915780152,-0.004271642,0.0025850162,-0.0011861458100000004
2022-07-02,81.03300000000014,146.44400000000002,-65.41099999999987,93971.556,0.00212,1.6102845210127903,382696.2579984777,1146500.0,0.0032679428719752,0.008265683,-0.00014711171,0.0044799253805
2022-07-03,148.36200000000008,93.875,54.48700000000008,94488.006,0.007251,1.6595744680851063,449399.48799819977,1270635.0,0.046573314820991,0.037556164,0.04671897,0.0416794267
2022-07-04,137.17000000000013,156.91899999999998,-19.748999999999853,102254.526,0.002248,1.642007926023778,633178.8870008237,1770914.0,-0.0030129284649955,0.004674343,0.008805156,0.0065332088500000005
2022-07-05,271.1239999999998,261.6089999999997,9.5150000000001,100056.395,0.00012,1.133560913164071,853851.0610041784,2439742.0,0.0190814211736078,-0.0011676492,0.027488045,0.01172741319
2022-07-06,316.91099999999994,219.26700000000005,97.64399999999988,102776.678,0.008373,0.9267822736030829,676271.4760005847,2020507.0,0.0502823534538485,0.028119566,0.049173977,0.03759405095
2022-07-07,93.00099999999996,303.94399999999945,-210.94299999999947,116374.164,0.01,0.9164430816404752,699197.3830008506,1977423.0,-0.0013988983702493,-0.018669557,-0.0075939223,-0.013685521385000001
2022-07-08,301.53199999999924,192.8610000000001,108.67099999999914,109486.15,0.01,0.6479894528675016,848022.8270051363,2569115.0,-0.0001352271934678,0.00630867,0.0025790408,0.0046303368600000006
2022-07-09,105.20800000000018,71.08700000000003,34.12100000000015,109344.799,0.006143,0.8066847335140017,390224.5159984384,1295909.0,-0.034363151398205,-0.045525875,-0.05022896,-0.047642263250000004
2022-07-10,133.92300000000017,72.703,61.22000000000017,104424.765,0.01,0.971608832807571,467930.2069977891,1506497.0,-0.0440407347468472,-0.039446257,-0.03687454,-0.03828898435
2022-07-11,192.97399999999976,149.9790000000001,42.99499999999966,105030.91,0.0085,1.2680880018144702,561061.689998543,1752222.0,-0.0323174914457506,-0.02184001,-0.032194726,-0.0264996322
2022-07-12,300.58899999999954,122.08800000000006,178.50099999999946,106566.327,0.002667,1.4443901246638966,640495.3610008613,1938758.0,0.0458137289877029,0.018271366,0.04985836,0.0324855133
2022-07-13,215.7739999999997,374.7329999999991,-158.9589999999994,104691.23,-0.001218,1.6130128037627385,975638.67800882,2732122.0,0.0173418276292753,0.0027846878,0.015211426,0.00837671999
2022-07-14,205.96500000000012,329.8329999999988,-123.86799999999866,109456.107,0.003451,1.3293733985557885,765930.654002884,2394786.0,0.0116469941538035,0.0036626232,0.009524785,0.006300596009999999
2022-07-15,168.712,229.50299999999984,-60.790999999999855,112338.149,0.001601,1.0048115477145148,626574.473000226,1962851.0,0.0173974373889755,0.00032407837,0.010711797,0.004998551753500001
2022-07-16,208.112,166.42499999999995,41.68700000000004,111480.303,0.0008,0.8559762435040831,538996.9529982404,1626410.0,-0.0189290917114028,-0.010694435,-0.011054039,-0.010856256800000002
2022-07-17,145.43100000000004,129.8590000000001,15.571999999999946,112548.755,0.008709,0.8241517694272164,485316.2769969965,1597305.0,0.0756498451821769,0.024329761,0.08202589,0.050293019050000005
2022-07-18,364.8589999999992,550.5939999999973,-185.73499999999817,109225.783,0.01,0.8570102135561745,982596.1160083356,2886163.0,0.0420772010480732,0.01958049,0.044395864,0.0307474083
2022-07-19,334.71399999999784,401.53699999999793,-66.82300000000009,119220.323,0.01,0.934984520123839,1123873.7630056953,3567017.0,-0.0074354824512425,-0.020290663,-0.0044548064,-0.013164527530000001
2022-07-20,395.26699999999937,348.34799999999933,46.91900000000004,112340.643,0.008118,0.6455487905216388,946390.9880089032,3059882.0,-0.0030667085449955,-0.011005897,-0.011115372,-0.011055160750000001
2022-07-21,238.6009999999999,233.69799999999947,4.903000000000446,112587.076,0.01,0.820830298616169,723432.1620031619,2402352.0,-0.0203929573407481,-0.023339435,-0.023698129,-0.0235008473
2022-07-22,200.07200000000017,174.88499999999996,25.18700000000021,117090.722,0.005172,0.9588638589618024,633622.9700002904,2016027.0,-0.0103581446266982,0.0042474656,0.0026969388,0.0035497285400000003
2022-07-23,155.9989999999999,85.18900000000015,70.80999999999976,117862.458,0.01,1.1190930281839373,505649.6909967981,1583511.0,0.0057121122651899,-0.008083832,0.0022138953,-0.0034498547150000006
2022-07-24,161.8510000000001,126.65300000000022,35.197999999999894,115586.561,0.008293,1.2331397945511389,462834.9679970736,1470805.0,-0.0578317078758043,-0.05272477,-0.056175202,-0.0542774644
2022-07-25,346.03199999999936,108.02300000000004,238.00899999999933,109872.127,0.002319,1.047921359819783,695631.9850010665,1934383.0,-0.0026420429802271,-0.0030082795,0.0009299591,-0.00123607213
2022-07-26,234.6269999999999,138.56500000000003,96.06199999999988,111245.756,0.008659,1.5303643724696354,552434.5249979272,1645750.0,0.0768480486898255,0.053905703,0.07924503,0.06530840015
2022-07-27,108.07200000000007,313.4399999999996,-205.3679999999995,113894.779,0.002951,1.496255616575137,753270.1500034055,2059534.0,0.038063052708388,0.03374321,0.042690307,0.037769403650000005
2022-07-28,219.47300000000007,363.1129999999992,-143.63999999999913,113417.473,0.01,0.8712574850299402,756384.2890045523,2241400.0,-0.0029057065160618,-0.008876581,-0.0021320581,-0.005841545695
2022-07-29,196.09899999999985,214.82099999999969,-18.72199999999984,113354.729,0.01,0.7418568193694479,642153.312001854,1989926.0,-0.0054933721401191,-0.0032426238,-0.007156655,-0.00500393784
2022-07-30,116.94199999999998,141.0610000000001,-24.119000000000113,116941.296,0.01,0.7102787754403969,493681.9659971573,1566171.0,-0.0149220344858775,-0.013871437,-0.014649905,-0.014221747600000001
2022-07-31,172.65900000000008,88.51300000000002,84.14600000000006,113423.827,0.006281,0.7739932588256165,385865.8689979056,1306457.0,-0.001087168364517,-0.002775372,0.0035954788,9.151085999999998e-05
2022-08-01,192.32600000000016,120.62800000000014,71.69800000000002,112124.306,0.006449,0.9098548510313216,497942.5389968332,1490787.0,-0.0121162504204264,-0.0042558233,-0.020685509,-0.011649181865
2022-08-02,287.46299999999957,141.37500000000014,146.08799999999945,112120.627,0.005885,1.0004000800160031,625005.5740009408,1847324.0,-0.0073972920914346,-0.014557283,-0.0054767504,-0.01047104333
2022-08-03,215.987,157.82999999999998,58.15700000000001,114745.662,0.004382,1.167316861725184,569135.4459981542,1561505.0,-0.0085997094791796,-0.0022144783,0.008467127,0.0025922440849999997
2022-08-04,154.0600000000002,108.05600000000013,46.00400000000008,112003.999,0.001436,1.3315458148752624,548183.5179978408,1495668.0,0.0300200619305783,-0.0047095604,0.011575498,0.00261871588
2022-08-05,128.04200000000017,176.88700000000003,-48.84499999999986,106829.014,0.002115,1.7137042062415195,593789.3999994386,1578389.0,-0.0154849038138831,-0.008879489,-0.008576974,-0.00874335725
2022-08-06,55.15299999999999,21.49600000000001,33.65699999999998,110106.195,0.01,1.290426019239579,227610.02499940185,715639.0,0.0095464276895302,-0.008027461,0.014136426,0.0019462881500000003
2022-08-07,47.165,87.74100000000001,-40.576000000000015,109888.475,0.002401,1.376990729736154,271445.71499933396,758506.0,0.0270578708603661,0.019321844,0.03226544,0.025146462200000004
2022-08-08,135.97300000000013,161.3769999999998,-25.403999999999684,117782.966,0.01,1.3485204321277595,565009.1389988,1430125.0,-0.0281130397960751,-0.019917198,-0.0203389,-0.020106963900000004
2022-08-09,229.9569999999999,94.98699999999998,134.9699999999999,115887.187,0.01,1.0193861066235863,498215.59399701096,1351327.0,0.0341447911544978,0.024082417,0.037882082,0.030292266249999998
2022-08-10,174.73700000000014,196.7840000000002,-22.047000000000057,112007.736,0.00944,2.077870113881194,760633.9460045168,1902528.0,-0.0008210750278987,-0.0024738808,-0.0023658648,-0.0024252736000000006
2022-08-11,233.03400000000005,233.13099999999983,-0.096999999999781,116993.071,0.004911,1.1881838074398248,760359.2190044777,1980070.0,0.019417603769849,0.0033310433,0.012761056,0.007574549015000001
2022-08-12,113.99200000000016,126.79900000000008,-12.806999999999915,116161.807,-0.003384,1.1190930281839373,477298.49099705054,1382402.0,0.0015436569219566,-0.005555393,0.006844066,2.4363550000000306e-05
2022-08-13,116.52900000000014,135.64300000000014,-19.114000000000004,119898.95,0.002154,1.2251891410769915,430989.26399729645,1250949.0,-0.0055856325610168,-0.019332951,-0.006063588,-0.013361737650000002
2022-08-14,138.91500000000002,152.89599999999996,-13.980999999999938,114185.594,0.001239,0.9305019305019306,437281.4309972452,1239712.0,-0.0086950853252414,-0.024983015,0.002843544,-0.01246106345
2022-08-15,274.87299999999954,261.76299999999986,13.109999999999673,108433.941,-0.001339,1.2251891410769915,739307.0430031283,1597683.0,-0.0100139399087293,-0.025416955,-0.0027685985,-0.015225194575000002
2022-08-16,174.03699999999986,74.70200000000004,99.33499999999982,109268.01,0.00287,1.5793139025019345,460774.98199806653,1148814.0,-0.0217003519236236,-0.015870895,-0.018428639,-0.0170218798
2022-08-17,213.6699999999995,138.99799999999985,74.67199999999966,117196.239,0.009364,1.8368794326241136,640381.7000011894,1680295.0,-0.0065096914314182,0.0013902788,-0.012146413,-0.00470123251
2022-08-18,138.77900000000002,59.24900000000003,79.53,116316.979,0.007171,2.278688524590164,347984.2369978911,1116403.0,-0.1071679095830404,-0.0369547,-0.11319404,-0.071262403
2022-08-19,448.16399999999896,180.29199999999992,267.87199999999905,109149.86,-0.006746,1.99311583358276,905859.8240075448,2255611.0,0.0145653049068563,0.0004231343,0.018598415,0.008602010614999999
2022-08-20,126.8640000000002,125.35400000000014,1.510000000000062,108396.942,-0.004567,2.0111412225233365,490179.91299685027,1372501.0,0.0176084265060971,0.012132418,0.01766491,0.014622039400000002
2022-08-21,102.31600000000007,155.94700000000003,-53.63099999999996,109425.036,-0.003234,2.1695721077654517,424094.0529973501,1215533.0,-0.0053957401299662,-0.00085093477,-0.01935894,-0.0091795371235
2022-08-22,160.05400000000003,130.84400000000005,29.20999999999998,108769.072,0.004021,2.038590094196293,588607.5899991739,1540657.0,0.0060234592697359,-0.0033610002,-0.0032365918,-0.00330501642
2022-08-23,98.68900000000022,164.14500000000004,-65.45599999999982,110080.933,0.000846,2.1505986137366104,609712.7460000446,1485557.0,-0.0075082176239664,-0.015340797,0.001820907,-0.0076180302
2022-08-24,140.27000000000015,198.5600000000001,-58.289999999999935,111431.217,-0.003538,1.557544757033248,502682.9089972143,1262077.0,0.0088969984309876,-0.008563297,0.0008400306,-0.004331799579999999
2022-08-25,87.38300000000007,77.66800000000002,9.715000000000046,111690.601,0.004481,1.464875523786049,415688.2529979507,1043370.0,-0.0630824976037445,-0.04834668,-0.052222632,-0.05009085840000001
2022-08-26,361.4079999999996,128.43300000000022,232.9749999999994,117185.302,0.002599,1.6483050847457628,896422.8710060233,2084957.0,-0.0101022119782676,-0.015229193,-0.01593981,-0.01554897065
2022-08-27,113.53800000000012,131.23600000000016,-17.698000000000036,119339.567,-0.004396,1.9612081729345572,469525.2199972833,1291790.0,-0.0243483067767975,-0.034707636,-0.026683062,-0.031096577700000003
2022-08-28,152.84299999999993,73.88699999999999,78.95599999999995,118024.741,-0.002443,2.0030030030030033,386377.23099820025,1065533.0,0.0366554814045692,0.007611693,0.037916586,0.021248894850000002
2022-08-29,73.57600000000006,180.3180000000001,-106.74200000000005,120095.08,-0.006193,2.094059405940594,598049.65399992,1407753.0,-0.0236470299311744,-0.017622557,-0.02765102,-0.022135365350000002
2022-08-30,310.26799999999974,163.523,146.74499999999975,121366.447,-0.005903,1.838489923360772,767681.41900294,1504285.0,0.0119594979959547,0.0044812826,0.019853834,0.011398930730000001
2022-08-31,203.963,156.5199999999999,47.4430000000001,112589.971,0.00495,2.418803418803418,711636.2600017092,1473746.0,0.0040536143276472,-0.006080716,0.006478265,-0.0004291745499999996
2022-09-01,138.78800000000004,137.63200000000026,1.1559999999997783,117934.578,0.00363,1.883506343713956,691577.7380012213,1377891.0,-0.0089613935133172,-0.023741024,-0.020479962,-0.0222735461
2022-09-02,263.56800000000004,113.28600000000006,150.28199999999998,114842.913,0.004443,2.152585119798234,669036.9520009982,1262554.0,-0.0060306197082571,-0.017821733,-0.012616567,-0.0154794083
2022-09-03,43.959000000000024,23.330000000000005,20.62900000000002,126304.188,0.001115,2.3875338753387534,285240.58099951135,641524.0,0.0084555210771046,-0.0073282593,0.0044959486,-0.0020073657450000006
2022-09-04,63.10500000000003,62.88700000000003,0.2180000000000035,122304.155,0.002119,2.9261876717707107,396796.75699919654,748960.0,-0.0102249444373896,-0.015678633,0.0001290217,-0.008565188385000002
2022-09-05,141.52900000000005,80.33000000000006,61.199,128408.823,0.004712,2.455425017277125,446704.9459989141,814036.0,-0.0521650520290393,-0.031337902,-0.05305826,-0.0411120631
2022-09-06,397.0619999999993,189.1090000000002,207.9529999999991,131636.351,0.003473,2.9093041438623928,945326.5950043792,1614429.0,0.0263767656480595,0.014478634,0.026784334,0.020016199000000002
2022-09-07,198.40900000000008,206.56300000000005,-8.153999999999968,122043.846,-0.00348,3.016064257028112,595630.9969998447,1110831.0,0.0013948813284816,0.001103058,-0.010590963,-0.00415925145
2022-09-08,174.06199999999998,181.3680000000001,-7.306000000000125,119470.901,0.005667,1.910360884749709,537243.2219988047,1035265.0,0.1003962399398634,0.05626875,0.096246645,0.07425880275
2022-09-09,146.74100000000004,365.9939999999995,-219.25299999999947,136089.85,0.01,1.7233115468409588,992346.3120053394,1838294.0,0.013403613252505,0.008959836,0.008402269,0.008708930850000001
2022-09-10,128.67800000000008,195.24400000000003,-66.56599999999995,137983.537,0.01,0.8106101756291871,491512.3179985042,1078389.0,0.008213002469084,-0.0014013997,0.0063531585,0.0020881514899999997
2022-09-11,101.39600000000004,92.10800000000005,9.287999999999997,142751.938,0.006712,0.7250301880282906,420968.168998766,923557.0,0.0257289825902695,0.01200122,0.027292557,0.01888232165
2022-09-12,155.74300000000022,266.5179999999994,-110.77499999999918,145389.817,0.01,0.67000668002672,818598.1030041811,1751914.0,-0.1044974303611407,-0.11260788,-0.10470957,-0.1090536405
2022-09-13,572.408999999998,198.34900000000025,374.0599999999977,122091.023,0.01,0.6592002654720424,1218762.4670033418,2564737.0,0.0026306763540286,-0.01981847,0.00389985,-0.009145226000000001
2022-09-14,219.59200000000004,188.30299999999983,31.289000000000215,117434.292,0.001004,1.6602819898909282,661722.5090008317,1394041.0,-0.0262899455334846,-0.029009605,-0.031323574,-0.03005089105
2022-09-15,268.237,155.07300000000004,113.164,118537.692,0.000813,2.138731952291274,665841.1560012057,1424859.0,0.0051345278170789,-0.013330127,-0.0019468814,-0.00820766648
2022-09-16,108.50200000000017,129.1370000000001,-20.63499999999995,122387.919,0.002919,2.7383177570093458,544603.7359992375,1050917.0,0.0155486070502064,0.007942646,0.011917245,0.00973121555
2022-09-17,86.273,120.23900000000005,-33.96600000000005,124935.095,0.001467,2.3444816053511706,334674.1739993841,711002.0,-0.0352904584441144,-0.036542363,-0.019734927,-0.0289790168
2022-09-18,240.58499999999995,77.41600000000007,163.16899999999987,124799.645,0.003564,2.1928480204342273,499917.2509989884,915307.0,0.0062043882216968,0.002039258,0.0027307346,0.0023504224700000003
2022-09-19,270.58300000000025,286.0559999999999,-15.472999999999672,115717.032,0.0006,2.8550501156515034,993769.0570042696,1830641.0,-0.0344728321725096,-0.028701007,-0.032101877,-0.030231398500000003
2022-09-20,286.4269999999998,149.7010000000001,136.7259999999997,115846.463,0.001721,1.980625931445604,794612.4820026665,1471107.0,-0.0221583959680238,-0.01982093,-0.033335164,-0.025902335300000003
2022-09-21,318.8689999999997,294.49799999999937,24.37100000000032,114671.94,0.002732,2.343363423604146,1168067.6400078407,2742959.0,0.0496771839912391,0.035959877,0.042343773,0.0388326302
2022-09-22,198.0459999999998,421.2819999999996,-223.2359999999998,122062.653,0.007743,2.8550501156515034,852756.3160032991,1635218.0,-0.0057749218814109,-0.014573237,-0.01802925,-0.01612844285
2022-09-23,334.0409999999993,301.2279999999997,32.81299999999959,117269.845,-0.005008,1.7247956403269753,838484.7220021622,1519053.0,-0.0193361709410382,-0.023027562,-0.030556038,-0.0264153762
2022-09-24,191.12300000000005,81.30700000000006,109.816,120217.392,0.005345,2.0902348578491967,377156.5199993145,809357.0,-0.0059966443373085,-0.009491075,-0.0099981725,-0.009719268875
2022-09-25,104.51400000000008,83.55400000000007,20.960000000000008,121930.756,0.002593,2.0902348578491967,410458.02499909047,829295.0,0.022108842641316,0.012616973,0.02250766,0.017067782150000002
2022-09-26,200.183,193.1730000000001,7.009999999999906,128317.719,0.004497,2.455425017277125,777800.4460037736,1451217.0,-0.0077631211435953,-0.040542766,0.0012694746,-0.02172725773
2022-09-27,419.8489999999988,282.36599999999953,137.4829999999993,128831.457,0.008538,1.6476039184537992,1300470.727000352,2321813.0,0.0173386050667581,0.012310992,0.009969246,0.0112572063
2022-09-28,355.5419999999996,338.5049999999998,17.03699999999975,130823.287,0.005332,2.50385423966363,1141210.988003475,1978244.0,0.0091626365658328,0.0030173303,-0.000168778,0.001583581565
2022-09-29,260.61299999999954,232.55599999999976,28.05699999999979,132482.506,0.006685,1.2456770716370986,991666.8550036632,1725110.0,-0.0086584577678969,-0.019646302,-0.018848188,-0.0192871507
2022-09-30,250.46699999999993,176.65399999999983,73.8130000000001,125450.333,0.01,1.3923444976076558,1071387.9700039716,1820747.0,-0.0057655588235903,0.0014860844,-0.014261112,-0.00560015398
2022-10-01,42.277000000000015,20.27199999999999,22.005000000000024,126174.264,0.007005,1.696871628910464,294454.89599959675,626332.0,-0.0132482992774978,-0.021999808,-0.020468809,-0.02131085845
2022-10-02,114.20100000000004,86.32300000000005,27.877999999999982,126586.689,0.005384,2.009328919650918,414964.255999336,763448.0,0.0295881468899583,-0.0043200827,0.03537588,0.013543100514999998
2022-10-03,74.58600000000007,234.86899999999983,-160.28299999999976,135592.163,0.01,2.606202668589974,621810.3470002004,1149221.0,0.035470066752179,0.019419195,0.044530664,0.03071935605
2022-10-04,196.33099999999973,190.4879999999998,5.8429999999999325,166116.818,0.01,1.3228803716608597,796675.4770018044,1415013.0,-0.0088680769475324,-0.016834108,0.0041162893,-0.007406429215
2022-10-05,144.63899999999992,142.65500000000011,1.98399999999981,159175.44,0.01,0.723543605653223,719565.7900010147,1255999.0,-0.0098502925002552,-0.041521996,-0.025620498,-0.034366321899999996
2022-10-06,115.56600000000012,117.95400000000008,-2.3879999999999626,156627.711,0.01,0.9204916458613404,782026.3170019044,1376127.0,-0.0218074842813216,-0.02518536,-0.030150436,-0.027419644200000003
2022-10-07,192.66699999999992,83.95800000000003,108.70899999999988,146561.111,0.007513,1.1982853374367992,672731.3430009828,1225792.0,-0.005757942171451,-0.01451229,-0.005640216,-0.010519856700000002
2022-10-08,56.393000000000015,36.907,19.48600000000002,144423.768,0.004149,2.21646831778707,253256.88699978177,542077.0,0.0010839752375062,2.2288878e-05,-0.0023640618,-0.0010515689271
2022-10-09,18.078999999999997,23.80700000000001,-5.728000000000012,145413.387,0.001951,2.2299741602067185,267178.05499973864,538523.0,-0.0159268553425899,-0.01738941,-0.013156712,-0.015484695900000001
2022-10-10,203.467,84.76500000000001,118.702,151688.497,0.01,2.4141345168999657,560911.0049994983,959969.0,-0.0037636326703101,-0.03119589,0.004500814,-0.015132373200000002
2022-10-11,158.86499999999987,87.52400000000007,71.3409999999998,156137.955,0.01,3.0,603346.7050001269,971118.0,0.0049995485596987,0.005654273,0.018590815,0.011475716900000002
2022-10-12,16.860000000000003,59.60400000000006,-42.74400000000006,151050.965,0.01,3.0733197556008145,406765.3069994521,711823.0,0.0113988381085654,0.005328994,0.0019625798,0.0038141076100000008
2022-10-13,255.16300000000015,228.41999999999976,26.743000000000393,153097.705,0.003936,2.4447123665173955,1104595.820002309,1835628.0,-0.0102822908155797,0.0015880298,-0.017991178,-0.00722261371
2022-10-14,225.66200000000003,177.17700000000005,48.484999999999985,146417.851,0.008395,1.8272547356516824,859030.477002261,1366606.0,-0.0056235623928095,0.004146776,-0.013547316,-0.0038155654000000005
2022-10-15,37.047999999999995,26.534999999999997,10.512999999999998,148589.076,0.004563,2.012048192771084,241514.71299980723,484523.0,0.0101006875336739,0.021704312,0.0018617138,0.01277514281
2022-10-16,59.96199999999996,63.45699999999999,-3.495000000000026,142991.253,0.003394,2.228931223764934,267912.6449997518,512626.0,0.01478300606081,-0.000850528,0.009291686,0.0037134683
2022-10-17,46.68999999999999,74.56200000000004,-27.87200000000005,156452.751,0.006458,2.2938076416337285,502308.597999184,857170.0,-0.0114422774576841,-0.0088231135,-0.004259303,-0.006769398775000001
2022-10-18,142.30900000000008,112.38399999999996,29.925000000000125,152650.565,0.01,1.4230676035861398,634257.3500002897,976845.0,-0.0105833257695788,-0.010313452,-0.0073249564,-0.00896862898
2022-10-19,103.79600000000008,36.71300000000002,67.08300000000006,154013.395,0.01,1.900232018561485,404344.0479993428,702029.0,-0.0042996574378424,-0.00943822,-0.006258011,-0.008007125950000001
2022-10-20,142.99900000000017,88.39400000000006,54.6050000000001,156774.502,0.002095,2.4891835310537336,537618.0299996211,810002.0,0.00640996125321,0.007964228,0.011322834,0.0094756007
2022-10-21,95.50700000000002,116.64000000000011,-21.133000000000095,150110.755,-0.00089,2.8925652004671076,581871.8089999877,867112.0,0.0020839900038094,0.011471889,-0.0020777062,0.005374571160000001
2022-10-22,27.46899999999999,22.64799999999999,4.8210000000000015,150583.677,-0.000319,2.2435939020434645,174052.88999993325,366876.0,0.0188814047749072,0.017645864,0.015604518,0.0167272583
2022-10-23,28.589,172.51499999999996,-143.92599999999996,161041.448,0.005174,1.8312570781426956,358607.6169998135,582026.0,-0.0123744127879881,-0.009268416,-0.014338158,-0.011549799900000001
2022-10-24,66.405,119.16300000000008,-52.75800000000008,146293.728,0.002328,1.320185614849188,476675.72299938306,711360.0,0.0380839730139808,0.022952527,0.036640294,0.02911202215
2022-10-25,110.85800000000008,280.47699999999963,-169.61899999999957,164610.42,-0.000166,1.838489923360772,777258.698001746,1182074.0,0.0338584068050522,0.019028503,0.036623646,0.02694631735
2022-10-26,164.9129999999999,149.013,15.899999999999892,166689.582,0.006122,0.8031013342949873,841853.988002216,1394316.0,-0.0232062173479086,-0.017283525,-0.027848028,-0.022037551350000004
2022-10-27,169.75100000000003,124.68000000000004,45.071,151942.792,0.001376,0.7500875043752188,614908.8689994036,1112430.0,0.0145149104854418,0.014035654,0.009351358,0.0119277208
2022-10-28,159.23300000000003,115.3820000000002,43.85099999999983,147036.183,-0.002629,0.9496977968414896,595520.2659999314,1012443.0,0.0105229017033003,0.0006238492,0.0059205815,0.0030073787350000003
2022-10-29,126.3110000000002,289.9639999999996,-163.6529999999994,152876.186,0.004205,0.9462826002335538,482211.32199903176,844838.0,-0.0087936151026681,-0.023117762,-0.0075810924,-0.01612626068
2022-10-30,97.72499999999994,85.58200000000008,12.14299999999986,144065.581,0.005135,0.7409470752089137,295387.62199958425,585043.0,-0.0066510906396395,-0.014028937,-0.008142829,-0.011380188400000001
2022-10-31,118.40600000000006,111.27900000000004,7.127000000000024,134366.019,-0.000434,0.8301610541727672,478793.0159990648,853142.0,-0.0003475344128212,-0.013433086,0.004266165,-0.005468423050000001
2022-11-01,57.727000000000025,55.32500000000002,2.402000000000008,135158.646,0.001302,1.157497303128371,314675.65199955285,608551.0,-0.0163299430037913,-0.025807865,-0.016370863,-0.0215612141
2022-11-02,197.17600000000024,118.87800000000009,78.29800000000016,129815.544,0.006046,1.1598272138228942,651516.617000321,1127384.0,0.0027740588448494,0.008668875,-0.0028754994,0.00347390652
2022-11-03,177.77000000000018,71.57700000000001,106.19300000000015,129505.705,0.00694,1.5726781579624391,372105.44299949985,623029.0,0.0455002684794454,0.017065927,0.04478348,0.029538825850000002
2022-11-04,110.73600000000005,304.77399999999943,-194.0379999999994,142092.782,0.006899,1.6198585276395074,824502.2810018355,1198174.0,0.0071075681286796,-0.005711821,0.009027306,0.0009207861500000001
2022-11-05,53.305,100.556,-47.251,147895.399,0.01,0.8112660749864155,303982.79099951184,612006.0,-0.0186613858307964,-0.022521729,-0.027356617,-0.0246974286
2022-11-06,193.80600000000007,21.923000000000012,171.88300000000007,139297.347,0.006866,0.7452006980802793,277143.1939996574,518580.0,-0.0151557084383835,-0.017677465,-0.026601873,-0.0216934486
2022-11-07,295.31399999999945,56.06400000000002,239.24999999999943,130219.609,0.01,0.903311762466692,554403.7449992887,908241.0,-0.1045399487863569,-0.08166793,-0.109217145,-0.09406507675
2022-11-08,1331.8669999999963,583.7839999999975,748.0829999999988,120225.293,0.009446,1.6903416733925207,2017388.582992531,3933465.0,-0.1525677793793303,-0.09589608,-0.14614162,-0.118506573
2022-11-09,1363.0369999999946,720.2019999999972,642.8349999999974,132269.178,-0.032976,3.205214465937763,2065590.9849986648,4779775.0,0.1002115684402706,0.11966093,0.10522714,0.11316572450000001
2022-11-10,583.1329999999986,1059.0429999999965,-475.9099999999979,122331.944,-0.023833,2.5050823694356814,1496791.5530010506,3581480.0,-0.0306235436615995,-0.039678186,-0.035095282,-0.0376158792
2022-11-11,358.11899999999935,407.0099999999993,-48.89099999999996,117629.031,-0.005802,2.0129557095510697,955273.471004094,2445350.0,-0.0152430215195948,-0.0028363578,-0.033337593,-0.01656191364
2022-11-12,145.07300000000004,62.474,82.59900000000005,117567.329,0.006521,2.217503217503218,304453.64699958236,834207.0,-0.0291029542452623,-0.033981003,-0.030405305,-0.03237193890000001
2022-11-13,160.51200000000009,83.59000000000007,76.92200000000001,119215.264,0.002816,1.9550827423167845,349742.24199956574,814305.0,0.0175795765326132,0.008847053,0.041233048,0.023420750750000004
2022-11-14,364.5849999999988,288.7479999999993,75.83699999999948,115436.228,-0.001132,2.4399724802201583,934226.7760030904,2003092.0,0.0167730512461794,0.00022336049,0.036546934,0.016568968569500003
2022-11-15,218.92800000000008,176.82100000000028,42.1069999999998,117742.633,0.002275,2.4002040122407347,649262.0660004964,1305847.0,-0.0141710598868449,-0.036960423,-0.016444191,-0.0277281186
2022-11-16,154.13800000000006,118.09700000000004,36.041000000000025,123196.291,-0.006617,1.5322866548493288,537231.8209995497,1086473.0,0.0017868218879986,-0.0022746935,0.0025409982,-0.00010763223500000001
2022-11-17,144.19999999999993,86.87400000000004,57.325999999999894,124490.267,-0.002701,2.2851511169513796,408976.8939994772,819031.0,0.000472553995392,0.001555729,-0.005903356,-0.00180085925
2022-11-18,83.812,68.25600000000003,15.555999999999967,120846.621,0.000955,1.696871628910464,388607.25299956306,725654.0,1.377198915086808e-05,-0.0036817435,0.011006698,0.002928055175
2022-11-19,46.53699999999999,34.61799999999999,11.919000000000004,119625.24,-0.001169,2.0084235860409145,171820.05899991284,390920.0,-0.025497948917879,-0.040154763,-0.016498707,-0.029509537800000003
2022-11-20,135.55200000000005,52.10599999999997,83.44600000000008,121296.048,-0.000979,1.914602156805596,327592.5399996557,611498.0,-0.0311264271128397,-0.03178218,-0.030101664,-0.031025947800000002
2022-11-21,205.60100000000008,240.86399999999983,-35.26299999999975,129027.914,0.002302,2.266906239790918,790212.2370011082,1333343.0,0.0278477628835425,0.015831936,0.024225257,0.01960893045
2022-11-22,139.50200000000024,173.845,-34.34299999999976,127870.414,0.007881,2.641660597232338,579310.7230000083,1042917.0,0.0229172032029527,0.0240723,0.011887208,0.0185890086
2022-11-23,149.99500000000006,193.654,-43.658999999999935,123272.072,-0.00039,1.992220227408737,546693.9169994337,1000699.0,-0.0002505868624886,0.020681381,0.001418516,0.01201309175
2022-11-24,81.394,66.31000000000004,15.08399999999996,123864.291,0.006272,1.5412960609911053,351019.7689996367,676757.0,-0.0046381406950626,-0.008744575,-0.012870215,-0.010601113
2022-11-25,72.30199999999998,44.844,27.457999999999977,125437.431,0.001329,1.3929169657812874,306550.7129997584,556940.0,-0.0038549854582061,0.0098907575,-0.0013970733,0.00481123364
2022-11-26,48.220000000000034,43.908999999999985,4.31100000000005,126145.552,0.003523,1.44081034903588,253398.09899981233,474581.0,-0.0018116393171023,-0.0013782424,0.006575495,0.00220093943
2022-11-27,29.811,39.829,-10.018,126737.761,0.003784,1.488181139586962,189369.9669998901,378095.0,-0.0132268364279646,0.018809598,-0.013974734,0.004056648600000001
2022-11-28,232.36400000000023,155.34399999999982,77.02000000000041,124978.316,2.1e-05,1.5634452704434765,497096.6099994665,816191.0,0.0140634322802117,0.011256307,0.020124037,0.015246785500000002
2022-11-29,39.504000000000026,112.42500000000008,-72.92100000000005,127494.715,0.004171,1.913752913752914,391314.3159995873,643564.0,0.0429219220456449,0.052959345,0.036596652,0.045596133149999996
2022-11-30,91.9900000000001,187.55999999999983,-95.56999999999974,127111.746,0.009511,1.5419420437214029,620308.0860000439,963193.0,-0.0109119119942651,-0.0034268755,-0.003062971,-0.003263118475
2022-12-01,82.70500000000003,36.72599999999999,45.979000000000035,129827.771,0.01,1.249718785151856,411040.68199963577,662719.0,0.0067725311702471,-0.011054772,-0.00051086396,-0.006310013382
2022-12-02,69.07600000000005,101.79500000000002,-32.718999999999966,128788.774,-0.003753,1.2104332449160031,335035.6499997607,564018.0,-0.0122163133533224,-0.018489908,-0.009689309,-0.01452963845
2022-12-03,77.494,9.910000000000002,67.584,129658.339,0.01,1.2391401701746532,185255.05299992,357966.0,0.0129742426986609,-0.0079487,0.013060972,0.0015056523999999998
2022-12-04,29.039999999999996,66.24900000000004,-37.209000000000046,135962.081,0.004581,1.3100023100023102,291108.5629998015,478827.0,-0.0081797706316937,-0.015373914,0.00053031,-0.008217013200000001
2022-12-05,95.81600000000002,96.43700000000004,-0.6210000000000235,122826.298,0.004603,1.1963540522732263,519944.24899937445,947393.0,0.0072006703080003,0.005416516,0.007392425,0.006305675050000001
2022-12-06,64.29700000000003,46.51600000000001,17.781000000000013,110521.614,0.002305,1.4956326428749689,321314.02999974793,739347.0,-0.0148751770092268,-0.021363143,-0.011644907,-0.0169899368
2022-12-07,70.15500000000003,29.254000000000012,40.90100000000002,107670.221,-0.001492,1.4230676035861398,337777.7529996263,620689.0,0.0227521019316938,0.013073264,0.0116539225,0.012434560325
2022-12-08,60.429,91.37400000000002,-30.94500000000002,110651.295,0.000167,1.6062027625749284,402156.71899945696,651003.0,-0.0055623201422605,-0.0040025357,0.0011159778,-0.0016992046249999998
2022-12-09,25.768999999999995,30.634000000000007,-4.865000000000013,108933.686,0.003198,1.013693113169553,290230.29599955067,545991.0,-6.247071687148775e-05,0.003252647,0.003349714,0.00329632715
2022-12-10,10.663000000000006,3.855,6.808000000000005,109883.761,0.001711,1.0210185933710592,141894.98099996944,332407.0,-0.0024809629316511,0.011733931,-0.004205011,0.0045614071
2022-12-11,68.55399999999997,15.2,53.35399999999997,109049.569,0.000692,1.06058108386565,171004.09099984533,364061.0,0.0072769200900157,0.010831863,0.011928327,0.011325271800000002
2022-12-12,81.42499999999995,103.41599999999998,-21.991000000000028,104583.512,-0.00167,1.1743857360295715,335847.2539994992,566172.0,0.0322953657130042,0.011123225,0.03293213,0.02093723225
2022-12-13,109.16400000000006,508.49499999999983,-399.3309999999998,107202.908,0.01,1.139495079161318,596816.4800003474,1007698.0,0.0015993100237423,-0.0019605234,0.018000707,0.007022030280000001
2022-12-14,99.725,152.10400000000004,-52.37900000000005,111768.605,0.01,0.852881230313137,627504.2590005232,1125393.0,-0.0254175504220324,-0.022441277,-0.019221611,-0.020992427299999998
2022-12-15,116.77800000000002,29.951,86.82700000000003,108231.292,0.00518,0.8132366273798731,437100.2999993344,764748.0,-0.0426220919745556,-0.028818725,-0.046183757,-0.0366329894
2022-12-16,281.8159999999994,70.37300000000005,211.44299999999936,98151.87,-0.001987,1.3674242424242422,622146.8219996579,1011978.0,0.0086445242442305,0.0112709,-0.0013649985,0.005584745675000001
2022-12-17,35.778999999999996,89.09700000000008,-53.31800000000008,99340.574,0.009707,1.8011204481792715,248464.6169999145,475748.0,-0.0022861599473227,-0.007819568,-0.0007204339,-0.004624957655
2022-12-18,40.299000000000014,61.85099999999997,-21.551999999999957,98436.522,-0.000647,2.0030030030030033,185898.2119999466,366186.0,-0.0180448690471717,-0.004701795,-0.010162957,-0.0071593179
2022-12-19,153.9320000000001,30.951999999999995,122.9800000000001,97353.277,0.004496,1.9655990510083037,344727.43599954306,586455.0,0.0274016047314589,0.026849458,0.0366432,0.0312566419
2022-12-20,48.105,117.7700000000001,-69.6650000000001,95126.916,0.003401,1.9985007496251872,476143.9339993341,757595.0,-0.0042046038497876,-0.008436484,0.011698335,0.0006241845500000003
2022-12-21,58.534,11.277000000000005,47.25699999999999,95780.255,0.007582,1.6164311878597593,227751.1869998844,415506.0,-0.0001925929014063,0.0017835228,-0.0025390163,-0.00016161979499999986
2022-12-22,45.584999999999994,41.21799999999998,4.3670000000000115,99460.98,0.007198,1.642007926023778,306607.31499975984,493613.0,-0.0025553638570467,-0.011134746,-0.0063936785,-0.009001265625
2022-12-23,38.584,43.09499999999999,-4.510999999999989,98291.965,0.008903,1.9481132075471697,264553.2389998486,425723.0,0.0034282735568194,-0.012043277,0.008922219,-0.0026088038
2022-12-24,0.017,3.612999999999999,-3.595999999999999,98004.048,0.006222,1.7785495971103085,82362.41699996225,195044.0,-0.0002382067616242,0.0011014016,0.008785501,0.00455924633
2022-12-25,13.486,21.15700000000001,-7.67100000000001,97401.076,0.00306,1.6809651474530831,144071.42999997523,267926.0,0.0051719298136827,0.004254856,0.0018446296,0.00317025412
2022-12-26,11.940000000000005,45.361,-33.42099999999999,96540.24,0.002871,1.7137042062415195,148128.1869999598,285404.0,-0.0126708162731752,0.0044486905,-0.000114269555,0.00239535847525
2022-12-27,43.67399999999999,29.982000000000006,13.691999999999986,103196.123,0.001951,1.7203482045701852,262827.90699983545,422373.0,-0.0095659343975285,-0.0012035139,-0.0074088275,-0.00399590502
2022-12-28,97.111,36.995000000000005,60.116,106392.652,0.002111,2.209242618741977,344649.8259996989,501669.0,0.0051933796404473,0.00048477342,0.010620765,0.0050459696310000005
2022-12-29,105.67600000000004,27.455,78.22100000000005,106936.415,0.01,2.321155762205247,208588.74199987008,345199.0,-0.0015637342071173,0.0016152873,0.0020689815,0.0018194496900000002
2022-12-30,37.361,36.49700000000002,0.8639999999999759,107693.273,0.01,2.190810465858328,295626.5699998329,415152.0,-0.0039264144310653,0.006739539,-0.002926372,0.00238987905
2022-12-31,24.952,22.383000000000003,2.568999999999999,105691.416,0.01,2.2605151613955003,134462.15599995822,255296.0,0.0044844409220061,0.0015663214,0.017745942,0.00884715067
2023-01-01,2.596,16.549,-13.953,108854.594,0.000691,2.221649484536082,105502.56499995364,223276.0,0.0033716247385005,0.0022433586,0.0050010234,0.0034843077600000003
2023-01-02,21.959000000000007,87.57799999999999,-65.61899999999999,105155.135,0.00267,2.125,214902.5619999191,346685.0,0.0001385388353263,0.010475372,0.0013690814,0.00637754123
2023-01-03,39.43600000000001,22.320000000000004,17.116000000000003,105095.114,0.003322,1.958579881656805,203070.17899981677,332909.0,0.0104506352091799,0.01697526,0.013466135,0.01539615375
2023-01-04,35.447,152.802,-117.355,101527.768,0.004931,2.020235578375113,349745.7639995224,534748.0,-0.0010990966366719,0.018348945,-0.008622058,0.006211993649999999
2023-01-05,6.6190000000000015,24.619000000000007,-18.000000000000007,103940.723,0.007264,1.5497195308516063,176369.1679997935,328532.0,0.0070332562551538,0.01606947,0.009282131,0.01301516745
2023-01-06,50.675,134.6150000000001,-83.9400000000001,103599.551,0.008658,1.5094102885821832,316963.5709998448,447145.0,-0.0004177703515821,-0.001439909,0.014747102,0.00584424595
2023-01-07,1.36,6.356999999999998,-4.996999999999998,105490.965,0.01,1.4283632831471589,77973.10499996661,189252.0,0.0108162151473543,0.017117508,0.019930862,0.0183835173
2023-01-08,40.77100000000001,137.97200000000004,-97.20100000000002,102822.732,0.007452,1.315886984715146,157716.28399996457,268471.0,0.002940004898539,-0.0071395533,0.006892897,-0.000824950665
2023-01-09,89.25900000000004,278.65699999999975,-189.3979999999997,103305.955,0.000905,1.4195499637067506,400261.8379996278,561281.0,0.0151596309333648,0.0055778543,0.029639672,0.016405672265
2023-01-10,19.02000000000001,133.05900000000003,-114.03900000000002,113090.616,0.003129,1.044153720359771,297320.3669997936,442569.0,0.0284102951545737,0.025735576,0.036459547,0.03056136295
2023-01-11,39.66199999999999,228.3809999999999,-188.71899999999988,106927.001,-0.000211,0.9025875190258752,386275.1769996554,556031.0,0.0491190305151327,0.05322989,0.05016205,0.05184936200000001
2023-01-12,239.39899999999983,345.4029999999996,-106.0039999999998,108920.989,0.01,0.9015021867275146,1040328.0000024192,1524169.0,0.0558930485095547,0.050347604,0.052007563,0.05109458555
2023-01-13,130.96700000000004,410.8389999999994,-279.87199999999933,111319.659,0.00716,0.7924359204158452,806807.564001119,1284553.0,0.0501468276844185,0.05350758,0.046297736,0.0502631502
2023-01-14,268.38099999999963,684.3539999999982,-415.9729999999986,93682.131,0.01,0.7975912277548085,938047.2440033868,1872687.0,-0.0039888716561744,-0.0052237287,-0.0152383,-0.009730285785
2023-01-15,116.91700000000006,115.4100000000002,1.506999999999863,94267.263,0.019892,0.9091256204658266,428485.6249991277,913339.0,0.014939473685251,0.02325205,0.014410831,0.01927350145
2023-01-16,149.65699999999993,179.5230000000001,-29.866000000000184,97983.503,0.01,0.9007793195210037,666144.5050005219,1414860.0,-0.002402621543176,0.0025506867,-0.007773295,-0.002095105065
2023-01-17,182.93600000000004,140.55999999999997,42.37600000000006,101982.725,0.01,0.7565431231336729,547354.8189991433,1120232.0,-0.021876742420547,-0.017808016,-0.012263089,-0.01531279885
2023-01-18,248.43499999999992,215.77399999999983,32.66100000000009,101713.36,0.01,0.7568517217146872,813782.4070019083,1829771.0,0.0188809859816689,-0.006723102,0.021074615,0.00578587065
2023-01-19,60.80799999999995,151.11299999999994,-90.305,105068.19,0.01,0.8037518037518038,374709.2249995449,729523.0,0.0729936990967772,0.051228166,0.06298907,0.0565205728
2023-01-20,78.40000000000002,323.4649999999991,-245.0649999999991,98669.816,0.01,0.76772140710624,723621.282000903,1288133.0,0.0051193975233285,0.006729982,0.006196052,0.0064897135
2023-01-21,150.03799999999995,221.81499999999988,-71.77699999999993,95498.698,0.01,0.8331805682859763,764668.345001215,1561362.0,-0.0033267835189949,0.010138965,0.0100957565,0.010119521175
2023-01-22,105.04300000000016,182.04599999999988,-77.00299999999972,94282.088,0.01,0.8355359765051396,478856.8459991929,1001246.0,0.0091429924751462,-0.0067810337,0.002457969,-0.002623482485
2023-01-23,74.22600000000006,209.95499999999996,-135.7289999999999,92121.03,0.01,1.0036064916850331,525770.6379988826,1082331.0,-0.0124508352125882,-0.022498643,-0.012352429,-0.0179328467
2023-01-24,210.257,99.79400000000004,110.46299999999997,92273.666,0.01,0.9837333862328904,505612.2229990659,1001700.0,0.0187361191606463,0.0052112774,0.018790323,0.011321847920000001
2023-01-25,139.68400000000014,351.73399999999964,-212.0499999999995,85901.005,0.01,1.037905033625433,692650.496000425,1431837.0,-0.0022265840828143,0.013004735,0.0022547022,0.00816722024
2023-01-26,83.65499999999999,104.41600000000012,-20.761000000000134,88639.93,0.01,1.158428663932657,427755.7179992361,936942.0,0.0027996835390577,-0.0038449825,0.007330369,0.0011839256749999996
2023-01-27,118.06400000000012,144.43199999999993,-26.36799999999981,90134.357,0.01,1.247696111485727,509895.7989990768,1011501.0,-0.0022370345118361,-0.0068680523,-0.0021695718,-0.004753736075000001
2023-01-28,46.09900000000003,18.895999999999997,27.203000000000035,90402.879,0.01,1.0824656393169512,186388.63599977957,499160.0,0.0307819252058507,0.02769405,0.023660373,0.02587889535
2023-01-29,50.568,264.5450000000001,-213.9770000000001,103276.927,0.01,1.2123893805309731,562015.0909991448,1283636.0,-0.039351458823317,-0.022389114,-0.037281275,-0.029090586450000004
2023-01-30,218.66099999999983,105.57800000000006,113.08299999999976,93416.196,0.01,0.8501387604070306,572526.7469993301,1270931.0,0.0130130964408881,0.012658217,0.025210105,0.0183065666
2023-01-31,79.79700000000003,101.99800000000003,-22.201000000000008,97518.537,0.01,1.246686137946529,403674.7549990584,899965.0,0.0259322535565349,0.009989262,0.021991204,0.0153901359
2023-02-01,91.80200000000008,166.06099999999984,-74.25899999999976,100274.534,0.01,1.0924879681941828,571356.7699990248,1276071.0,-0.0103224864935693,-0.013773894,-0.019087128,-0.0161648493
2023-02-02,191.41700000000012,150.6430000000002,40.77399999999992,97798.206,0.01,0.8331805682859763,615728.156999955,1379588.0,-0.0024313302190961,-0.012876032,-0.0028661117,-0.008371567865
2023-02-03,87.61400000000017,92.93400000000014,-5.319999999999965,96641.073,0.01,1.007628990162618,470775.2279984827,1076790.0,-0.0044937129098698,-0.0077139214,-0.0040189326,-0.00605117644
2023-02-04,49.69800000000005,40.30200000000001,9.396000000000043,98604.731,0.01,1.310536044362292,197115.44299974357,501684.0,-0.0170316321398207,-0.012385743,-0.017675541,-0.0147661521
2023-02-05,105.59900000000012,49.24200000000003,56.357000000000085,102608.5,0.01,1.4015369836695484,356661.4849991754,785981.0,-0.0074576731070372,-0.004993626,-0.000563927,-0.0030002614500000005
2023-02-06,118.28800000000015,84.33800000000008,33.950000000000074,103065.563,0.01,1.5893319523562923,417096.1819990103,853315.0,0.0207794015559237,-0.0053322576,0.029194936,0.01020497952
2023-02-07,64.42800000000001,126.2350000000001,-61.80700000000009,101400.645,0.01,1.53613999492772,447236.6099989163,925881.0,-0.0120105003106409,0.0044298787,-0.0070074126,-0.0007169023849999999
2023-02-08,144.19300000000013,71.09799999999997,73.09500000000016,104880.467,0.01,1.320185614849188,383456.4829991374,770354.0,-0.0521417003525179,-0.018623963,-0.057429075,-0.036086263400000006
2023-02-09,389.8129999999999,114.95199999999996,274.86099999999993,99785.86,0.01,1.6136957658128597,732278.0440019352,1355235.0,-0.0078836856777027,-0.01377126,-0.01899276,-0.016120935000000003
2023-02-10,77.70200000000006,130.16700000000012,-52.46500000000006,101858.939,0.01,1.5157232704402517,439935.52099896193,864349.0,0.0109162884567464,0.004574513,0.011384644,0.00763907195
2023-02-11,6.885999999999998,31.32500000000002,-24.43900000000002,101867.6,0.005241,1.642007926023778,189244.21799983544,412435.0,-0.0036204886304744,-0.00025343616,-0.00036673248,-0.00030441950400000005
2023-02-12,70.21800000000002,42.14800000000002,28.07,98993.021,0.00227,1.7578599007170437,276784.3639995091,589440.0,-0.0004394190647705,-0.010868982,-0.0035047159,-0.007555062255
2023-02-13,375.6499999999987,163.17500000000015,212.47499999999857,100152.329,0.01,1.751031636863824,511588.0469986335,960225.0,0.0193698619770401,0.015083732,0.03569474,0.024358685600000006
2023-02-14,123.88700000000004,182.49599999999975,-58.60899999999971,103429.883,0.008887,1.6896180742334588,598670.2640000881,1150239.0,0.0913804911936591,0.056591455,0.09487182,0.07381761925
2023-02-15,81.96600000000002,304.7089999999993,-222.7429999999993,108655.889,0.009071,1.3315458148752624,824668.7690024438,1546763.0,-0.0337113932826653,-0.0008810428,-0.041260056,-0.019051598740000005
2023-02-16,351.8540000000001,249.4530000000001,102.401,108403.072,0.023171,0.9286403085824492,959101.2920052436,2046515.0,0.043770785975072,0.023403712,0.023121264,0.0232766104
2023-02-17,260.86899999999997,386.8679999999991,-125.99899999999911,107847.821,0.01,0.7850767583006069,922637.9330035894,1974218.0,0.0025194152091874,-0.00055073807,-0.0026909858,-0.0015138495485
2023-02-18,52.09599999999998,69.30100000000006,-17.205000000000076,110174.056,0.01,0.8964536317087048,261549.4139994472,727449.0,-0.0147308461197344,-0.013006491,-0.019253246,-0.015817530750000003
2023-02-19,106.14900000000009,208.85300000000012,-102.70400000000004,106962.858,0.01,0.9029495718363464,543492.9679987979,1179342.0,0.023230285350591,0.019226003,0.01825101,0.01878725615
2023-02-20,179.3320000000001,162.41800000000003,16.914000000000073,111204.948,0.01,0.9940179461615156,645531.1470009243,1478516.0,-0.0158252643940635,-0.028550304,-0.007786937,-0.01920678885
2023-02-21,266.7389999999998,242.896,23.84299999999982,109683.314,0.01,0.9357336430507164,727985.627001958,1576574.0,-0.0111013167175215,-0.016497705,-0.002559431,-0.010225481700000002
2023-02-22,322.2259999999997,188.6910000000001,133.53499999999963,105258.41,0.01,1.4230676035861398,729583.0800016087,1643764.0,-0.0100581845457679,-0.013775272,-0.018820263,-0.01604551795
2023-02-23,236.7219999999997,198.5360000000001,38.18599999999961,104264.607,0.003631,1.6881720430107523,751334.4450023737,1567174.0,-0.0320410284614869,-0.01430772,-0.037715577,-0.02484125565
2023-02-24,283.21999999999906,141.54500000000013,141.67499999999893,105788.577,0.00544,1.7685492801771874,731540.3700017529,1546661.0,-0.0012178923770029,-0.010338539,0.006701123,-0.002670691100000001
2023-02-25,162.15499999999997,54.982000000000035,107.17299999999994,109621.677,-4.8e-05,2.1857279388340234,309563.77599939844,748531.0,0.0170316105816876,-0.00302993,0.018383875,0.0066062822500000005
2023-02-26,72.72700000000005,117.78499999999995,-45.05799999999991,106768.944,0.006581,2.059039461609055,371389.3089991103,848086.0,-0.0026679753126401,-0.012580197,0.001853548,-0.006085011750000001
2023-02-27,167.3579999999999,102.96700000000016,64.39099999999974,100739.6,0.006826,1.847380410022779,576731.6129992118,1230214.0,-0.0150332013979479,-0.019631818,-0.00809256,-0.0144391519
2023-02-28,185.03100000000015,72.13500000000005,112.8960000000001,103324.964,0.00595,1.816901408450704,456889.7009987416,987500.0,0.0208429342438964,0.009125883,0.02944307,0.01826861715
2023-03-01,264.066,173.1700000000001,90.89599999999987,103708.807,0.01,1.8514399771884804,617237.735999696,1237215.0,-0.0069499151047267,-0.013422824,-0.012348212,-0.012939248600000001
2023-03-02,116.55200000000008,76.69100000000005,39.86100000000003,108424.907,0.008395,1.65041081367612,419253.42299911194,864804.0,-0.0485031008319882,-0.017195355,-0.059964024,-0.03644125605
2023-03-03,236.5529999999995,111.77800000000006,124.77499999999944,101615.513,-0.000226,1.932551319648094,608492.9339999185,1243068.0,-0.0003476439328977,-0.010341614,-0.0034679621,-0.007248470645
2023-03-04,83.52900000000004,23.524000000000008,60.00500000000003,99546.996,0.002104,2.178639542275906,175301.94399986108,429817.0,0.0037372067095855,0.007745511,0.0015078485,0.004938562875000001
2023-03-05,41.579,61.55,-19.970999999999997,99444.75,0.003706,2.096934035305048,282260.29499947483,590162.0,-0.0009027606174552,0.0005999375,-0.00010405481,0.00028314096050000004
2023-03-06,117.793,20.926,96.867,103611.47,0.005414,2.045994517209869,298955.7989995856,575008.0,-0.0095068950488119,-0.011564351,-0.011108331,-0.011359142000000001
2023-03-07,118.74500000000012,74.90400000000001,43.84100000000011,104658.7,0.002631,1.9700029700029695,548472.0149991229,985190.0,-0.0224374723911697,-0.0025610246,-0.019410409,-0.01014324758
2023-03-08,176.0530000000002,66.08700000000002,109.96600000000018,107107.949,0.01,2.1655587211142766,547859.8939992322,958379.0,-0.0638816973065754,-0.036516055,-0.060806103,-0.0474465766
2023-03-09,360.5349999999996,121.72300000000004,238.8119999999996,99050.216,0.01,2.1496062992125986,951891.9020037102,1637215.0,-0.010442692083691,0.0025938149,-0.012542285,-0.0042174300550000005
2023-03-10,448.7819999999982,325.3349999999992,123.44699999999904,96751.869,-0.001647,2.219575016097875,1238043.155003432,2148108.0,0.0150245078577899,0.015285334,0.0084277615,0.012199426375
2023-03-11,270.6229999999999,357.96499999999907,-87.34199999999919,92235.725,-0.002341,1.952465308532625,753448.8520020022,1509983.0,0.0726480422526165,0.08468889,0.063340575,0.07508214825000001
2023-03-12,148.13700000000003,293.5739999999997,-145.4369999999997,87568.702,-0.004068,1.718129926610492,881500.215004664,1835772.0,0.0918599391330712,0.07256898,0.08982903,0.0803360025
2023-03-13,396.9369999999983,407.2859999999983,-10.34899999999999,99048.072,0.01,1.4055809477988934,1534944.5409935454,3767349.0,0.0228335295528605,0.0426826,0.013188388,0.029410204600000003
2023-03-14,509.5899999999992,408.01899999999864,101.57100000000054,96712.294,0.029811,0.852881230313137,1572527.8430010374,4310091.0,-0.0157184970805932,-0.018798815,-0.026661195,-0.022336886
2023-03-15,376.0049999999992,363.4749999999976,12.53000000000162,93299.95,0.022126,1.014910336490026,1101484.0390025934,2944878.0,0.028940970979109,0.01229405,0.02519853,0.018101066000000002
2023-03-16,127.00700000000016,185.18100000000015,-58.17399999999999,103835.365,0.01,1.058460271716756,735350.0690028833,1995281.0,0.0915382366931734,0.07516448,0.08771624,0.080812772
2023-03-17,235.2069999999999,384.4729999999992,-149.2659999999993,106755.163,0.01,0.9500780031201248,1341024.6560030072,3631236.0,-0.0179605738579606,-0.015008971,-0.016161762,-0.015527726950000001
2023-03-18,278.3869999999995,186.24099999999973,92.14599999999976,106578.016,0.01,0.7869907076483202,740225.474002155,2255126.0,0.0388304253763944,0.03496891,0.04941249,0.041468521
2023-03-19,114.88900000000002,179.60599999999994,-64.71699999999991,112007.179,0.01,0.7073587160662456,759357.4760029438,2209361.0,-0.0091888077429889,-0.03082446,-0.0077844337,-0.020456448165000005
2023-03-20,260.23799999999954,194.26599999999968,65.97199999999987,111135.418,0.01,0.76772140710624,937066.0810049532,2656846.0,0.0139179151711754,0.009742379,0.012682214,0.011065304750000001
2023-03-21,140.6210000000001,192.57699999999988,-51.95599999999979,110475.431,0.000292,0.7711654268508679,685469.2770023594,2135926.0,-0.0308751025112403,-0.011171302,-0.025451206,-0.0175972588
2023-03-22,224.42699999999985,198.073,26.353999999999843,102321.639,0.005334,0.7289073305670815,1078398.6330054405,3118910.0,0.0376104838761239,0.025106559,0.03216297,0.02828194395
2023-03-23,196.51999999999967,217.32700000000017,-20.8070000000005,104108.364,0.01,0.8549434242255612,807754.8720033229,2072914.0,-0.030170604453767,-0.022340177,-0.02706214,-0.024465060349999998
2023-03-24,211.81799999999956,103.80200000000026,108.0159999999993,98124.707,0.01,0.7047391749062395,696029.2930005963,1923051.0,0.000308827329011,-0.006637628,-0.00012163818,-0.003705432581
2023-03-25,94.49700000000004,49.17700000000005,45.31999999999999,97229.218,0.000292,0.9428793471925394,335669.59899890976,996352.0,0.0182249636716012,0.005686348,0.021000452,0.012577694799999999
2023-03-26,35.850000000000016,74.30900000000007,-38.45900000000005,102443.606,0.003634,0.936108422071636,399736.4459988183,1037803.0,-0.0306102933461946,-0.01717212,-0.0294796,-0.022710486000000002
2023-03-27,200.8379999999995,78.63500000000012,122.2029999999994,98844.469,-0.000396,0.8258170531312762,642420.3770004283,1680878.0,0.0050071832660627,-0.012322983,0.009800799,-0.0023672810999999993
2023-03-28,119.06500000000024,155.1260000000001,-36.06099999999985,102253.782,0.007531,1.103049421661409,585059.9249994738,1532331.0,0.0391179690895135,0.027413653,0.04190959,0.03393682465
2023-03-29,62.99199999999998,170.43100000000004,-107.43900000000004,109417.081,0.01,0.9700551615445232,655786.9630011341,1715456.0,-0.0113547262470774,-0.0011729281,-0.0030735135,-0.00202819153
2023-03-30,143.46200000000016,148.9770000000001,-5.5149999999999295,101867.159,0.001123,0.6954899966090201,770573.0140029266,2076213.0,0.0154649894422895,0.009105046,3.01525e-05,0.005021343925
2023-03-31,82.11900000000013,120.54100000000015,-38.422000000000025,107685.225,0.01,0.9230769230769232,611539.2389998595,1633891.0,-0.0004437956441361,0.0052917413,-0.0033287331,0.0014125278200000002
2023-04-01,39.784999999999954,36.99900000000001,2.7859999999999445,105946.328,0.00884,0.7188037126160193,256482.56299953177,766069.0,-0.0099201514277655,-0.014467694,-0.010467656,-0.0126676769
2023-04-02,78.55600000000001,62.952000000000005,15.604000000000006,104922.317,0.004514,0.7412502176562772,316652.19499933545,899383.0,-0.0132879416650641,-0.017362181,-0.012919806,-0.015363112250000002
2023-04-03,175.99300000000008,187.0719999999999,-11.078999999999809,94325.452,0.005688,0.9208605455243948,741644.6970018323,1730151.0,0.0130607388888037,0.001194801,0.02397795,0.01144721805
2023-04-04,83.72700000000009,70.04299999999999,13.684000000000095,97209.343,-0.001276,1.0973154362416109,432348.4069988783,1233907.0,0.0001611772903977,-0.01125155,0.008565582,-0.0023338406000000004
2023-04-05,100.308,109.36700000000016,-9.059000000000154,96117.268,0.005265,0.8804061677322301,543649.3029989221,1458560.0,-0.0048462984303139,-0.008737841,-0.013612814,-0.010931578850000002
2023-04-06,88.02700000000007,44.358999999999995,43.66800000000008,98536.328,-0.002975,1.0601565718994643,355779.905999052,986275.0,-0.0045580936314948,-0.012211643,-0.0061866716,-0.009500405869999999
2023-04-07,27.792,16.345,11.447000000000005,101973.738,0.001055,1.1436227224008575,219248.26899962637,643180.0,0.0011478259451553,0.0029181177,0.0064293593,0.00449817642
2023-04-08,25.71500000000001,15.003999999999996,10.711000000000016,101806.737,0.003192,1.2341376228775691,159129.09599990217,460081.0,0.0136996576150227,0.008036371,0.024215713,0.015317074900000002
2023-04-09,27.50200000000002,62.123999999999995,-34.62199999999997,103684.385,-0.000853,1.2055580061755622,305855.2849995095,726580.0,0.0453340244367836,0.028717887,0.047745366,0.037280252550000004
2023-04-10,62.06600000000003,237.6199999999995,-175.55399999999946,118583.37,0.006167,0.903311762466692,580045.4789998535,1334854.0,0.0188207787579397,-0.0043864357,0.019072771,0.006170207314999999
2023-04-11,132.71400000000008,205.05399999999975,-72.33999999999966,114087.513,0.01,0.6043638697256538,628930.1790001256,1507861.0,-0.0103964274481089,-0.002531733,-0.012702793,-0.007108710000000001
2023-04-12,111.0050000000002,107.94900000000013,3.0560000000000684,113825.963,0.001747,0.6409583196586808,563651.439999431,1406402.0,0.0161223075102938,-0.0002057543,0.005091224,0.0021778859350000002
2023-04-13,44.139,87.32700000000006,-43.18800000000005,112053.991,0.01,0.8031013342949873,436155.71999834286,1154763.0,0.003060121449609,-0.0047410903,0.0031469539,-0.0011914704100000003
2023-04-14,180.5209999999999,179.90199999999996,0.6189999999999429,99957.155,0.00342,0.6840687100033681,584654.5429994953,1549883.0,-0.0056561799008818,-0.013879176,-0.0124828145,-0.013250813325000001
2023-04-15,20.031999999999975,15.335,4.696999999999974,101319.124,0.01,0.8684603886397607,180233.21499957025,617941.0,0.0003155129074574,-0.017518703,0.00463745,-0.007548434150000002
2023-04-16,35.298999999999985,144.304,-109.00500000000002,100077.651,0.01,0.8705574261129816,210224.28099957015,660401.0,-0.0292774295720317,-0.03231126,-0.020445429,-0.026971636050000004
2023-04-17,148.61200000000017,35.501,113.11100000000016,100617.888,0.01,0.9630938358853554,455421.6509985025,1128410.0,0.031761089816273,0.020291256,0.031164922,0.025184405700000002
2023-04-18,168.63899999999995,265.72099999999966,-97.08199999999972,99077.679,0.006772,1.27842333105491,533142.5789983346,1347160.0,-0.0535101387040679,-0.044050537,-0.02961994,-0.037556768350000005
2023-04-19,209.15700000000027,68.37800000000003,140.77900000000022,96417.718,-8.1e-05,0.9739439399921044,643778.9810002266,1764110.0,-0.0194060340625732,-0.027224459,-0.035491176,-0.03094448165
2023-04-20,182.5999999999999,113.53900000000002,69.0609999999999,99071.822,0.005898,1.5497195308516063,639003.0700006792,1803062.0,-0.0353440507714548,-0.022910826,-0.04598259,-0.0332931198
2023-04-21,208.92600000000007,109.46200000000012,99.46399999999996,102377.215,0.01,1.8530670470756063,687694.765999926,1736560.0,0.0201173493975321,0.004398569,0.0132576525,0.008385156575
2023-04-22,36.64300000000001,64.56000000000006,-27.91700000000005,104767.34,0.00209,1.7609055770292656,345545.9269999972,908827.0,-0.0081668171884157,-0.018538175,-0.00715404,-0.013415314250000001
2023-04-23,67.75000000000006,50.05399999999998,17.696000000000076,103424.45,0.002369,2.013863773357444,332071.1279999902,929918.0,-0.0028917547486724,-0.010647043,0.00086613744,-0.005466111802
2023-04-24,142.4620000000002,231.78399999999996,-89.32199999999978,102573.044,0.00263,1.7925160569673273,581261.7500000185,1479089.0,0.0283063392000713,0.025942044,0.038528774,0.031606072500000006
2023-04-25,49.433000000000085,140.22700000000012,-90.79400000000004,101865.374,0.008541,1.8137310073157005,508213.2609999952,1303953.0,0.0040376611202663,-0.004725584,0.015996631,0.00459941275
2023-04-26,357.0509999999996,348.13899999999876,8.91200000000083,92530.626,0.01,1.4721878862793571,1284772.0379999983,2963080.0,0.036539405650366,0.030384362,0.02404774,0.027532882100000003
2023-04-27,155.38100000000009,264.3179999999991,-108.936999999999,99128.749,0.003265,1.3975065931431312,952456.5849999984,2622910.0,-0.0054800325013619,0.011050114,-0.021390341,-0.00354809075
2023-04-28,54.92500000000001,77.50900000000014,-22.58400000000013,100399.453,0.004476,0.934984520123839,508294.3809999972,1453498.0,-0.0027757795765595,0.0021977532,-0.0092228055,-0.0029414982150000003
2023-04-29,16.669999999999995,26.80800000000001,-10.138000000000016,100323.919,0.007826,1.0508613617719442,218005.76699999327,673528.0,9.441762633599636e-05,-0.0024244708,-0.005862646,-0.00397164964
2023-04-30,75.08700000000005,173.3139999999997,-98.22699999999966,98481.435,0.006078,1.0964360587002095,417756.403999998,1158149.0,-0.0406659912079252,-0.027995316,-0.033412337,-0.030432975450000004
2023-05-01,346.4549999999992,84.42199999999995,262.0329999999992,101951.274,0.000566,1.0964360587002095,624971.8509999957,1723347.0,0.0212069961651959,0.011089276,0.03327348,0.0210721678
2023-05-02,64.91000000000003,108.86599999999996,-43.95599999999993,101412.375,0.001204,1.677376171352075,513525.95399999886,1451979.0,0.012351095602062,-0.009590684,0.016456202,0.0021304146999999996
2023-05-03,108.42600000000006,134.98000000000013,-26.554000000000073,96975.364,0.005701,1.3116042533518262,676370.8410000012,1898744.0,-0.0064979822282644,-0.012938406,-0.008447684,-0.0109175811
2023-05-04,53.94200000000003,44.95600000000003,8.985999999999997,101258.783,0.004314,1.1565667457407809,426425.5829999935,1282065.0,0.0228809046533431,0.017163163,0.0070925504,0.01263138733
2023-05-05,59.79200000000005,228.81999999999965,-169.0279999999996,105092.193,0.008548,1.206531332744925,564687.9010000109,1627032.0,-0.0225328154308162,-0.020850638,-0.01568091,-0.018524260400000003
2023-05-06,144.83300000000006,73.84599999999999,70.98700000000007,98695.386,0.01,0.8497965223825379,475628.7679999984,1372024.0,-0.0145991562586509,-0.0038630816,-0.014075868,-0.008458835480000001
2023-05-07,63.784000000000006,47.434000000000005,16.35,100024.99,0.006046,1.3998080153587713,308410.3749999945,1003052.0,-0.0271433798963673,-0.016516672,-0.03037522,-0.0227530186
2023-05-08,291.88499999999965,106.46300000000012,185.4219999999995,105639.116,0.003902,1.349072116513977,658141.9779999994,1873272.0,-0.0014655392981985,-0.0053842016,-0.000103361905,-0.0030078237372500004
2023-05-09,74.11500000000001,65.749,8.366000000000014,108501.249,0.000378,2.191828917969997,367633.9069999897,1115788.0,-0.0010690420309256,-0.013803571,0.0034732819,-0.006028987195000001
2023-05-10,221.9069999999997,360.1299999999992,-138.2229999999995,101866.581,0.003792,2.1113876789047916,720992.0699999955,2092558.0,-0.0230965139643064,-0.0112952,-0.017462812,-0.014070625400000002
2023-05-11,168.45900000000023,67.31500000000003,101.1440000000002,108759.582,0.005207,1.9655990510083037,538822.3079999953,1562989.0,-0.0064582917274087,-0.01866629,-0.01074443,-0.015101453
2023-05-12,168.9499999999997,146.1180000000001,22.831999999999596,106886.179,0.002762,2.0543677458766036,615233.137999997,1720599.0,-0.0007366023552286,-0.007896997,0.004112549,-0.0024927012999999996
2023-05-13,40.743,26.629,14.114,107539.647,0.004494,2.0740854595757763,242694.92899999063,766902.0,0.0053020169686401,-0.0024568918,-0.00068064034,-0.0016575786429999999
2023-05-14,31.205000000000023,44.599999999999994,-13.394999999999971,107812.678,0.003537,1.828854314002829,247578.91299998816,752929.0,0.0090430011641089,0.009675874,0.009349484,0.0095289985
2023-05-15,58.83500000000002,85.04600000000015,-26.211000000000126,107244.877,-0.00019,1.8019052956010089,450263.07199997857,1242353.0,-0.004734677357133,-0.014195168,-0.001852952,-0.0086411708
2023-05-16,54.33100000000004,52.70300000000001,1.6280000000000283,108802.156,0.0058,1.5799793601651189,373096.2039999904,1066755.0,0.0136583223911834,-0.0047622006,0.019056067,0.00595601982
2023-05-17,74.77700000000006,167.17699999999982,-92.39999999999976,107824.646,0.004461,1.7218290691344582,490064.3860000005,1265796.0,-0.0215521346696405,-0.012707777,-0.01696553,-0.014623765850000001
2023-05-18,142.95700000000016,87.64500000000007,55.3120000000001,104901.35,0.008342,1.53613999492772,544942.2719999977,1380631.0,0.0021965859345858,-0.0032668377,0.0023654178,-0.000732322725
2023-05-19,83.43400000000005,48.06999999999999,35.36400000000006,104121.328,0.003815,2.085467448318421,324026.4399999817,908888.0,0.0082312035351925,0.009143014,0.015701968,0.0120945433
2023-05-20,7.732999999999998,18.831999999999994,-11.098999999999997,104806.25,-0.000849,1.955956251847473,137515.32299999523,461962.0,-0.0131719125185139,0.00018048519,-0.011829078,-0.0052238182455
2023-05-21,45.41300000000003,8.494000000000003,36.919000000000025,106076.589,0.005071,1.8344671201814056,238776.1179999833,635300.0,0.0037871532594397,0.0014957576,-0.005664788,-0.0017264879199999999
2023-05-22,69.1950000000001,59.30700000000001,9.888000000000098,105283.767,0.00477,1.9904306220095696,327716.96799998765,838398.0,0.0136990369171225,-0.011120177,0.025411159,0.0053189242
2023-05-23,40.949999999999974,78.25700000000005,-37.30700000000007,105003.969,0.01,1.9291154071470415,369160.4149999844,941055.0,-0.0332662963152898,-0.0049085626,-0.034337893,-0.01815176128
2023-05-24,175.64000000000004,87.01500000000003,88.62500000000001,114971.524,0.004362,1.4752475247524752,535167.7380000126,1291522.0,0.0054838138440036,0.008557996,0.006606154,0.007679667100000001
2023-05-25,156.94399999999982,67.33099999999997,89.61299999999984,111996.094,0.01,2.6114120621162873,394312.29899999,942790.0,0.0087300767265965,-0.010594939,0.013584673,0.0002858864000000001
2023-05-26,40.752000000000024,64.38,-23.62799999999997,106126.339,0.004953,2.17258883248731,324475.0449999979,856258.0,0.0055395762922678,0.0033112825,0.011496868,0.006994795975000001
2023-05-27,18.498000000000008,26.802999999999997,-8.304999999999989,108501.613,0.007362,1.5947067981318113,163525.6309999886,494155.0,0.0440984084261266,0.01292013,0.038218454,0.024304375800000003
2023-05-28,24.822000000000003,163.38099999999994,-138.55899999999994,111095.997,0.01,1.676659528907923,440109.9299999982,1079841.0,-0.01177761842521,-0.0045907563,-0.0065038577,-0.005451651930000001
2023-05-29,122.35100000000013,116.77400000000011,5.577000000000012,111675.043,0.01,1.2040996253030638,411290.0589999891,1015692.0,-0.0015154032789546,0.0071864068,0.0060068816,0.00665562046
2023-05-30,78.12500000000001,63.63200000000005,14.492999999999968,111178.567,0.003861,1.367984844896993,334379.1329999859,922333.0,-0.0176328110595243,0.0018440676,-0.0146484,-0.00557754282
2023-05-31,115.35600000000012,71.08200000000001,44.274000000000115,111661.002,0.009865,1.4402147388970232,471381.8889999918,1120721.0,-0.0145267219636178,-0.004523513,-0.018128,-0.01064553215
2023-06-01,94.18900000000004,45.21500000000003,48.974,113533.675,0.01,2.280839895013123,404779.67699999746,990122.0,0.0157108638581497,0.012373749,0.017493285,0.0146775402
2023-06-02,42.294999999999995,91.833,-49.538,112596.793,0.009946,2.397893306150187,390884.9119999912,993558.0,-0.006384268499378,-0.008202032,-0.009233154,-0.0086660369
2023-06-03,31.909,11.129000000000003,20.77999999999999,114458.288,0.005566,2.0497102775236353,182464.1159999921,511626.0,0.0016975360281126,0.0033305432,-0.0045396015,-0.00021102191499999963
2023-06-04,22.024000000000004,30.33300000000001,-8.309000000000005,108783.298,0.01,2.0257186081694405,218270.56599999496,564286.0,-0.0525071584555583,-0.017371915,-0.04633961,-0.030407377750000006
2023-06-05,478.5419999999994,88.85700000000006,389.6849999999994,119538.069,0.007856,1.9036004645760745,700502.4970000124,1670206.0,0.0567345780192702,0.043975987,0.059366394,0.05090167015000001
2023-06-06,81.51100000000017,229.96099999999996,-148.4499999999998,109365.864,0.004288,3.2211903756859432,730808.3010000016,1736508.0,-0.0332586055638568,-0.021866083,-0.030659445,-0.025823095900000002
2023-06-07,290.2259999999993,143.53700000000003,146.68899999999928,103184.786,0.004005,1.5967281225655676,660019.8640000205,1675971.0,0.006028639732694,0.0020910292,-0.0013477057,0.000543598495
2023-06-08,69.07600000000002,46.450000000000024,22.626,103394.468,0.004011,2.006614552014432,327978.79799999204,924511.0,-0.0007852550651321,-0.00065479847,-0.0060350075,-0.0030758925335000005
2023-06-09,40.693000000000005,65.64,-24.946999999999996,102597.688,0.004404,2.091190108191654,283654.5489999862,800306.0,-0.0243365192777016,0.0060857325,-0.029456504,-0.009908273925
2023-06-10,276.57699999999943,369.72599999999983,-93.1490000000004,101898.638,0.003854,1.9868578255675031,608917.4520000017,1664200.0,0.0032584644904947,-0.008680325,0.005547326,-0.00227788205
2023-06-11,53.428,56.13500000000001,-2.707000000000015,99327.181,0.005925,2.775009437523594,279365.36499999854,833690.0,-0.0007856342026855,-0.007596535,0.010060761,0.0003492482
2023-06-12,49.54299999999999,55.13899999999997,-5.595999999999975,102410.652,0.003624,2.32667997338656,298900.15299999167,951804.0,0.0011211542039806,-0.002450402,0.0052031092,0.0009936780399999998
2023-06-13,95.40200000000009,65.86200000000007,29.54000000000002,103326.892,0.006503,2.3145508783559827,434535.89899999136,1235535.0,-0.0315578492380286,-0.034197368,-0.046897985,-0.03991264565
2023-06-14,79.63000000000004,61.237,18.393000000000036,103673.762,0.003661,2.33889816360601,464681.5890000015,1256031.0,0.0185267256736541,0.008172638,0.02097144,0.013932098900000002
2023-06-15,95.84800000000004,91.98400000000014,3.863999999999905,104074.776,0.006687,3.0371417036737993,473878.00799999776,1237978.0,0.0287451382903789,0.012612971,0.023410201,0.0174717245
2023-06-16,53.83900000000002,136.00200000000007,-82.16300000000004,104680.356,0.000236,2.33000333000333,532891.5450000099,1339094.0,0.0065071559690323,-0.0018988494,-0.0023183227,-0.002087612385
2023-06-17,25.797000000000004,34.73100000000001,-8.934000000000005,103280.026,0.007543,1.3057412958266084,305737.9739999902,871627.0,-0.0066981022679595,-0.0003768946,-0.016350813,-0.00756515788
2023-06-18,32.32699999999999,18.06699999999999,14.260000000000002,104260.003,0.006705,1.4096385542168677,241596.43999999453,728357.0,0.0189678131440089,0.011070489,0.014249247,0.0125009301
2023-06-19,141.40300000000002,64.29300000000003,77.10999999999999,109052.033,0.00369,1.3062730627306274,400529.6959999946,1078197.0,0.0530887264501149,0.022267133,0.061224706,0.03979804085
2023-06-20,227.34999999999977,167.312,60.037999999999755,121455.675,-0.002597,1.270663033605813,758175.8929999978,1962402.0,0.0578495972961707,0.041532315,0.053185448,0.046776224850000006
2023-06-21,141.6839999999999,398.6659999999983,-256.9819999999984,116976.698,0.002551,0.8089725036179449,1123474.3649999886,3056832.0,-0.0036396889082084,-0.0016677661,-0.010716669,-0.0057397724049999994
2023-06-22,99.08600000000004,96.5530000000001,2.5329999999999444,117898.139,0.009236,0.7815784785319793,561017.7869999992,1755029.0,0.0265339862374442,0.023148496,0.01638082,0.020103041800000002
2023-06-23,91.56099999999996,196.61599999999964,-105.05499999999968,114960.223,0.01,0.7167381974248928,699069.059000009,2150102.0,-0.0052623678739376,-0.011091836,-0.0075111613,-0.009480532385
2023-06-24,54.18799999999995,212.47799999999995,-158.29,113490.005,0.01,0.7695983011856309,279537.97699999635,1051817.0,-0.0021239524109262,-0.0037448653,0.00028095394,-0.0019332466420000003
2023-06-25,82.82200000000016,107.24700000000011,-24.424999999999955,113873.822,0.01,0.8422991893883567,301533.0660000019,1072330.0,-0.0064109528466911,-0.0118025355,0.0015221015,-0.00580644885
2023-06-26,113.1980000000002,95.22300000000013,17.97500000000008,114993.091,0.01,0.9353590090961872,415099.3279999922,1375106.0,0.01392565174568,0.0019369354,0.022652823,0.01125908482
2023-06-27,46.666999999999966,91.8680000000001,-45.20100000000013,116051.546,0.01,1.0247013565499088,406062.1609999928,1319815.0,-0.0202419785448828,-0.0135320425,-0.0063128322,-0.010283397865000002
2023-06-28,137.9670000000001,55.82300000000006,82.14400000000003,112194.524,0.004598,0.9193857965451055,416655.62499999366,1193866.0,0.0122232570589524,0.01841921,0.0014094338,0.01076481071
2023-06-29,34.10400000000001,109.33100000000007,-75.22700000000006,118219.701,0.01,1.1150592216582065,382028.9759999823,1053882.0,0.0008105804662541,-0.004453145,0.006937105,0.0006724674999999997
2023-06-30,141.12800000000018,216.66499999999976,-75.53699999999958,105968.31,0.01,0.8996960486322189,809266.570000017,1954717.0,0.0037308892745926,0.0013069152,0.012573421,0.00637684281
2023-07-01,12.227999999999993,17.186999999999994,-4.959000000000001,109284.828,0.01,1.0929259104227709,135520.2299999896,490710.0,0.0010172716464573,-0.010454053,0.005275186,-0.0033758954500000002
2023-07-02,37.11200000000002,52.14599999999999,-15.033999999999963,108566.695,0.01,0.9968051118210864,231865.38199998543,620490.0,0.0174568722490278,0.00761081,0.015110433,0.01098564035
2023-07-03,33.83599999999999,80.71600000000004,-46.880000000000045,117966.718,0.01,0.9860973187686196,370292.5379999941,958950.0,-0.0125865016096557,-0.014831342,0.00012053549,-0.0081029971295
2023-07-04,64.40699999999998,20.144000000000016,44.26299999999996,114033.641,0.01,0.7590149516270888,300832.0879999938,796711.0,-0.0085423846394387,-0.023015104,-0.0013641492,-0.013272174340000002
2023-07-05,74.96700000000003,40.248000000000026,34.719,112591.077,0.01,0.9234468166955184,294836.51899999246,791658.0,-0.0201787501916612,-0.0056008156,-0.022889704,-0.013380815380000001
2023-07-06,195.1979999999999,115.37000000000012,79.82799999999978,103098.425,0.001492,1.098635886673662,721265.3080000133,1610306.0,0.0149162470258605,0.0059146946,0.008568618,0.0071089601300000005
2023-07-07,41.74900000000001,44.20200000000004,-2.4530000000000314,103526.162,-0.000658,1.3110700254217702,337768.86399999063,924745.0,-0.0019815498424815,-0.00560969,-0.0020118654,-0.00399066893
2023-07-08,36.369,10.764999999999992,25.604000000000006,103599.986,0.001686,1.2768670309653916,138734.49099999573,466069.0,-0.0041002391122777,-0.014571283,-0.0007743165,-0.008362648075000001
2023-07-09,26.786999999999995,18.738000000000003,8.048999999999992,102142.001,0.006153,1.322340919647004,162296.0479999897,531376.0,0.0082830441339094,-0.010348088,0.0049929433,-0.0034446239149999998
2023-07-10,65.58399999999997,113.91400000000002,-48.33000000000004,106065.484,0.002995,1.3369946249123628,429112.2819999911,1117376.0,0.0068988423929567,0.013730584,0.015514664,0.014533420000000002
2023-07-11,32.415000000000006,68.86000000000006,-36.44500000000005,108002.932,0.003954,1.079434393844874,298904.21499999316,883283.0,-0.0079374733359642,-0.011167246,0.008142337,-0.0024779336500000007
2023-07-12,68.243,32.96600000000003,35.276999999999965,111144.946,0.00465,0.9798059790140567,425056.2589999954,1159164.0,0.0347489761397028,0.027450789,0.016295698,0.02243099805
2023-07-13,111.86000000000011,280.2100000000002,-168.35000000000008,111380.872,0.000529,1.2401433691756272,696020.879999993,1735990.0,-0.036989469688736,-0.018728638,-0.037876733,-0.02734528075
2023-07-14,175.80100000000004,63.26300000000005,112.538,101193.253,0.01,0.7780938833570412,538282.6829999979,1497019.0,-0.00074222551914,0.003817434,0.001682423,0.0028566790500000002
2023-07-15,12.600999999999996,7.882000000000002,4.718999999999993,100111.951,0.002984,1.6518164942985945,111622.07099999354,440267.0,-0.0019011428276591,-0.004186817,0.0034160763,-0.000765515015
2023-07-16,38.69500000000001,27.104000000000006,11.591,100935.132,0.004583,1.5873221216041398,173805.83699999136,550800.0,-0.0031138012758322,-0.008406826,0.0016089007,-0.0038997489849999997
2023-07-17,209.6420000000001,64.84400000000004,144.79800000000006,104803.616,0.006261,1.5974025974025974,344113.06799999834,954414.0,-0.0092961782772285,0.0066350284,-0.0017222688,0.0028742446600000006
2023-07-18,75.03800000000007,44.86799999999999,30.17000000000008,106822.541,0.007477,1.7708506511499027,337396.20999998925,962375.0,0.0016758040032573,-0.0013166186,0.009815183,0.00369269212
2023-07-19,55.97299999999999,50.028000000000006,5.944999999999986,104806.924,0.00769,1.8960324355632785,298357.9469999993,833931.0,-0.0036580662106331,-0.010012803,-0.005581744,-0.00801882645
2023-07-20,68.06999999999996,59.02700000000002,9.042999999999942,109713.21,0.005563,1.86286859433152,410256.5539999879,1039998.0,0.0034076103143902,0.0045155673,0.0020875782,0.0034229722050000003
2023-07-21,23.56099999999998,29.999,-6.43800000000002,106634.713,0.003717,2.102699348433137,221144.01799998956,629352.0,-0.0036089728683474,-0.010842887,0.0058834776,-0.003316022930000001
2023-07-22,25.45500000000001,8.863999999999995,16.591000000000015,105660.114,0.000177,1.81135788585887,143376.17599999535,427363.0,0.0096781279070761,-0.007775391,0.0069578514,-0.0011454319200000008
2023-07-23,60.741,55.80400000000002,4.936999999999976,100351.704,0.009372,1.8465698832906348,224713.60499999285,590893.0,-0.0306215681317585,-9.6057076e-05,-0.0127348155,-0.0057834983668
2023-07-24,97.13900000000014,46.82799999999999,50.31100000000015,111780.574,0.01,1.51004016064257,434026.28199999087,1046184.0,0.0017946972401166,-0.0027366185,0.0036878511,0.00015439281999999992
2023-07-25,19.647999999999993,26.847999999999995,-7.200000000000003,108310.56,0.009465,2.155569580309246,196436.96499998792,551840.0,0.0042010363100697,-0.008496476,-0.009973049,-0.00916093385
2023-07-26,59.564,56.56600000000001,2.9979999999999905,109254.774,0.005768,1.9481132075471697,318527.4699999943,795719.0,-0.0044107821710515,-0.011464412,-0.0032984912,-0.0077897476400000006
2023-07-27,49.354000000000006,11.059999999999995,38.29400000000001,109907.267,0.002876,1.54841997961264,223358.75599999764,599589.0,0.0031214513568595,0.015912058,0.009298898,0.012936136
2023-07-28,26.66200000000001,34.20500000000001,-7.543000000000003,107957.293,0.01,1.6795284030010718,221293.81099999225,576036.0,0.0013213554199946,0.004292325,0.0063577183,0.005221751985
2023-07-29,4.681,7.878000000000002,-3.197000000000002,108184.735,0.00753,1.50501002004008,87045.45499999261,313438.0,-0.00244943371254,-0.0021936807,0.0053363107,0.0011948154299999997
2023-07-30,41.939,20.986000000000008,20.952999999999992,106297.752,0.004357,1.5562372188139062,169901.2289999979,460556.0,-0.0016693633056039,-0.0017285165,0.0031736568,0.0004774614849999999
2023-07-31,35.20900000000002,24.56700000000002,10.641999999999996,108881.563,0.008239,1.6392187912377936,230371.68399999008,605167.0,0.0160761571043899,-0.0009679268,0.01061422,0.0042440392600000005
2023-08-01,56.54299999999997,195.32500000000005,-138.78200000000007,108737.34,0.01,1.8465698832906348,442328.3409999925,987917.0,-0.0176592240994306,-0.004812821,-0.014349498,-0.00910432565
2023-08-02,115.591,87.50900000000009,28.08199999999991,112350.923,0.01,1.6939655172413794,491725.4559999887,1125359.0,0.0002613924558794,0.005511559,0.0009594187,0.0034630958650000002
2023-08-03,40.97700000000002,51.11499999999998,-10.137999999999964,111572.311,0.01,1.9994001199760043,251916.72099999248,655547.0,-0.0027320626663573,-0.0015714802,-0.002888143,-0.0021639784600000003
2023-08-04,55.77300000000001,16.477999999999998,39.295000000000016,114692.265,0.01,1.8935185185185184,229393.573999992,589412.0,-0.0014388313646502,0.0064444025,0.0002406761,0.00365272562
2023-08-05,20.45300000000001,8.883,11.570000000000013,112647.226,0.01,2.1776294884016525,82508.31199999421,339310.0,0.0005601735343265,-0.003923797,-0.0007590726,-0.00249967102
2023-08-06,14.488,15.313000000000002,-0.8250000000000028,111134.656,0.01,2.167564143173899,103077.43999999324,366147.0,0.0042072478486439,-0.008554531,0.026230026,0.007098519649999999
2023-08-07,90.62900000000002,57.35399999999999,33.27500000000003,111607.402,0.01,2.1338138514572234,297053.0299999989,742489.0,0.0189678784073805,0.008471024,0.0151986405,0.011498451425
2023-08-08,36.495,239.41099999999992,-202.9159999999999,124074.784,0.005944,2.0111412225233365,459080.0419999986,1039189.0,-0.0063495528850303,0.0033711167,-0.0010031685,0.00140268836
2023-08-09,73.09499999999998,36.88400000000003,36.21099999999995,117868.514,0.008877,1.033760423022168,361934.8759999921,830582.0,-0.0042765929862085,-0.010567894,0.00485225,-0.0036288292
2023-08-10,29.55699999999999,17.528000000000002,12.02899999999999,118605.371,0.008277,1.4003840614498322,234497.46499998585,601373.0,-0.0010094804377125,-0.0011970899,-0.00905329,-0.004732379945
2023-08-11,19.893,9.892,10.001,118242.329,0.007123,1.6434047052603755,178991.87299997848,424379.0,0.000140681865524,0.0048060403,0.009159498,0.006765096265000001
2023-08-12,1.7149999999999994,11.025,-9.31,117195.555,0.009305,1.8240609997175945,51595.417999987214,212616.0,-0.0043017731911714,-0.004610249,0.0026720315,-0.0013332227750000006
2023-08-13,39.98900000000001,11.833999999999998,28.155000000000015,114746.915,0.01,1.8604118993135013,84190.5049999941,285682.0,0.0043275966976992,0.0020958032,0.014818974,0.00782123006
2023-08-14,119.91100000000004,51.66100000000001,68.25000000000003,107363.632,0.01,1.9797377830750893,295035.300999984,641206.0,-0.0078774528796099,-0.009307472,-0.0043392256,-0.007071761120000001
2023-08-15,65.55400000000002,13.677999999999995,51.87600000000002,114166.518,0.01,1.9308323563892145,191289.95499998683,481440.0,-0.0162090849613036,-0.021498537,-0.025661662,-0.02337194325
2023-08-16,112.72900000000008,14.464999999999993,98.2640000000001,117032.769,0.01,2.188775510204082,280543.51899999444,662146.0,-0.0761687203764118,-0.039506763,-0.067315005,-0.052020471900000004
2023-08-17,773.5659999999993,258.59199999999987,514.9739999999995,106483.248,0.01,2.3921302578018993,868476.9019999912,2162776.0,-0.0216195966611483,-0.03248196,-0.021507926,-0.0275436447
2023-08-18,191.352,134.8450000000002,56.506999999999806,95774.298,0.005166,2.2351989647363313,522371.2799999916,1479224.0,0.0017643901949639,0.0033364035,-0.0029186532,0.0005216279850000004
2023-08-19,61.06200000000004,47.85800000000001,13.204000000000027,87643.112,-0.005286,2.1595576619273302,202219.06699998223,621526.0,0.0034415792240878,-0.00071418355,-0.0022138283,-0.0013890236875000002
2023-08-20,24.262000000000008,22.545,1.717000000000006,89721.393,-0.000193,2.51493848857645,141089.84999999122,446558.0,-0.0024110762869486,-0.0040860586,-0.0005862415,-0.002511140905
2023-08-21,102.61700000000005,38.92099999999999,63.696000000000055,91006.081,-0.001619,2.5100035100035103,232479.37799998777,671912.0,-0.002718132433543,-0.003021656,0.008792326,0.0022946358999999996
2023-08-22,81.541,53.40200000000005,28.138999999999943,87077.675,0.003048,2.2331070158422244,313112.7459999949,834626.0,0.0143545687030837,0.01696787,0.014711693,0.01595259035
2023-08-23,107.6620000000001,269.9569999999998,-162.29499999999973,83906.151,0.003247,2.480682213713888,412968.6439999893,1067864.0,-0.0096049663422359,-0.015879251,-0.02047754,-0.01794848105
2023-08-24,87.49399999999997,26.938,60.55599999999997,85603.694,0.0049,1.9691211401425175,286734.50799998804,769676.0,-0.0045957149083015,-0.0083014015,-0.016857736,-0.012151752025
2023-08-25,102.0890000000001,46.29400000000002,55.79500000000008,84132.139,0.005218,2.4818941504178276,274800.1819999812,760642.0,-0.0016375635459642,-0.002475507,0.0029956698,-1.3477439999999997e-05
2023-08-26,1.211,4.382999999999998,-3.171999999999998,85656.574,0.002096,2.3795201081446433,63925.86199997982,250462.0,0.0032387362406804,-0.005487809,0.005478151,-0.000553127
2023-08-27,8.585,20.333999999999996,-11.748999999999995,86573.463,0.001232,2.3344448149383132,86505.39799999906,336477.0,0.0006981762870346,0.019594993,0.006765388,0.01382167075
2023-08-28,37.966999999999985,45.442,-7.475000000000016,86262.877,0.004524,2.3200531208499333,219961.33099998723,625735.0,0.0593208265640985,0.040909387,0.050130296,0.04505879605
2023-08-29,143.96200000000002,198.121,-54.15899999999999,92243.814,-0.010934,2.3411293017039756,700232.3660000025,1847440.0,-0.0151357950818482,-0.013982153,-0.014743932,-0.014324953550000002
2023-08-30,75.10000000000005,33.28400000000002,41.81600000000003,89216.003,0.003944,1.1810250817884405,315285.3819999814,933104.0,-0.051070088063355,-0.050110642,-0.056571364,-0.053017966900000005
2023-08-31,141.58800000000005,46.988,94.60000000000004,82453.631,0.008105,1.5037556334501754,502906.1459999922,1358001.0,-0.0052460386193207,-0.00092616305,-0.005889982,-0.0031598815775000003
2023-09-01,121.20900000000002,92.47600000000008,28.732999999999933,83658.891,0.006254,2.241491085899514,361184.9199999848,1056900.0,0.0024948459526168,-0.011901617,0.010373481,-0.0018778229000000002
2023-09-02,25.457000000000008,19.16100000000001,6.295999999999999,80657.541,-0.002018,2.442340791738382,107642.863999993,388631.0,0.0039235616506463,0.00022154069,0.0057930388,0.0027287148395
2023-09-03,16.675,21.994999999999997,-5.319999999999997,80412.001,0.00289,2.327787021630616,133016.83199999982,458683.0,-0.0056061059735252,-0.013069444,-0.0030084923,-0.008542015735
2023-09-04,50.014999999999986,30.99300000000001,19.021999999999977,81031.689,-0.001059,2.2467532467532467,173133.98499998817,537893.0,-0.001314267349624,-0.005469906,-0.005954191,-0.005687834250000001
2023-09-05,42.517,33.36200000000001,9.154999999999994,83814.558,0.003366,2.3852403520649963,186472.40899997833,559369.0,-0.0012472832474372,-0.0016007796,-0.004451312,-0.0028835191800000003
2023-09-06,73.81100000000005,46.433000000000014,27.378000000000036,83242.983,0.002135,2.46860908775581,250838.49899998456,716800.0,0.0190354868493418,0.015901992,0.0060635023,0.011474671635000001
2023-09-07,26.385999999999992,81.1340000000001,-54.748000000000104,82788.59,0.006924,2.607503607503608,257279.32099999348,713697.0,-0.0132081551334941,-0.007567096,-0.005539544,-0.0066546976
2023-09-08,47.027000000000015,30.061000000000007,16.966000000000008,83475.773,-0.001691,1.9913251570445705,249263.823999974,711318.0,-0.0003431630206609,-0.012201453,-0.005018525,-0.0089691354
2023-09-09,1.5159999999999996,1.7819999999999998,-0.2660000000000002,83499.248,0.001423,2.0807147258163896,67909.8089999899,264077.0,-0.0023191454606887,-0.0075589577,-0.016051747,-0.011380712885000002
2023-09-10,152.684,19.683000000000003,133.001,81776.869,0.002609,1.9958058717795089,162972.41299998856,444144.0,-0.0266303976758024,-0.0047622877,-0.01676242,-0.010162347235
2023-09-11,131.07100000000034,64.33300000000001,66.73800000000033,89427.827,0.001838,2.141690229343387,427214.99599998374,1188511.0,0.0265719630767762,0.013011907,0.028362699,0.019919763400000002
2023-09-12,87.27900000000007,129.59800000000024,-42.31900000000017,87298.239,-0.003502,2.607503607503608,587264.5390000055,1619998.0,0.0146712042012566,-5.314173e-05,0.0024490282,0.0010728347385
2023-09-13,46.609,62.499000000000045,-15.890000000000043,89881.92,0.003099,1.7085590465872156,335252.68199998146,1064192.0,0.0114033481188435,0.008288887,0.0061063804,0.00730675903
2023-09-14,50.97499999999996,106.15500000000009,-55.18000000000013,91668.789,-0.004748,1.4354603019970773,380666.4589999864,1116218.0,0.0029091145916009,0.008739106,-0.0034509078,0.0032535997900000006
2023-09-15,62.415000000000006,87.647,-25.232,86666.838,0.007561,1.269117313365101,251656.76999998788,742067.0,-0.0015173159554038,0.00036459882,0.0003876686,0.000374980221
2023-09-16,43.53199999999999,42.120999999999995,1.4109999999999945,86514.002,-0.003161,1.3485204321277595,140469.8459999779,412685.0,-0.0012115920994144,-0.0059598684,0.012396205,0.0023003646299999997
2023-09-17,48.84400000000001,15.984999999999996,32.85900000000001,84768.768,0.000649,1.44140625,114239.1299999916,320494.0,0.0088197198400656,-0.0067966105,0.014297985,0.0026959574749999995
2023-09-18,101.45700000000004,197.39399999999983,-95.9369999999998,89486.316,-0.006774,1.399232245681382,472538.2769999905,1294850.0,0.0165920804871486,0.017920662,0.029000789,0.02290671915
2023-09-19,113.07600000000016,162.75500000000025,-49.67900000000009,92709.96,-0.001756,1.2763487366264512,433431.42699998384,1206546.0,-0.0031382961994257,0.0012157853,-0.0099596605,-0.00381316531
2023-09-20,99.5110000000001,76.87799999999996,22.633000000000138,90352.844,-0.000991,1.2031284423881912,348870.8389999853,1045892.0,-0.0207453166494904,-0.016187068,-0.025484227,-0.02037078955
2023-09-21,140.749,32.173000000000016,108.57599999999998,92453.983,0.007429,1.365744026496333,317992.8619999813,923983.0,0.0004538251782282,-0.008824872,0.004573602,-0.0027955586999999994
2023-09-22,19.097000000000005,23.036,-3.938999999999997,92618.114,0.002136,1.7005130974885228,173480.90299998273,539819.0,-0.0001572726369545,0.011344956,5.095452e-05,0.006262655334
2023-09-23,2.944,1.461,1.483,91363.405,0.000209,1.7122321670735017,57834.87299998486,240446.0,-0.0124027749048938,-0.034649175,0.0067017116,-0.016041276030000003
2023-09-24,34.07900000000001,16.357,17.72200000000001,90407.289,0.002887,1.7647221454243849,146632.77300000013,443521.0,0.0021475393477565,0.0052889693,0.0064820126,0.005825838785000001
2023-09-25,61.08199999999998,69.61600000000006,-8.534000000000077,89736.21,0.004792,1.807411566535654,268371.61699998536,768894.0,-0.0031656440496643,0.012229886,-0.0016116872,0.006001178060000001
2023-09-26,36.758,21.476,15.282000000000004,91207.182,0.005626,1.8376844494892168,180411.7699999834,545563.0,0.0057542122158018,0.0011221955,-0.009330489,-0.0035815125250000003
2023-09-27,53.50800000000002,96.25199999999997,-42.74399999999995,88292.946,0.002074,1.918855808523059,352900.55899999203,919549.0,0.0242883942227578,0.01529302,0.01973895,0.0172936885
2023-09-28,66.89100000000003,165.4590000000001,-98.56800000000004,93787.079,-0.004732,1.8161081385525204,429521.67999998864,1158562.0,-0.004243785383295,0.011173849,-0.0016637146,0.00539694538
2023-09-29,76.06100000000002,54.66700000000002,21.394,88442.739,0.000476,0.9912385503783354,277397.3569999751,838490.0,0.0020642478248635,0.0074405363,0.0060612746,0.006819868535000001
2023-09-30,8.131999999999998,40.21200000000001,-32.08000000000001,90181.912,0.001525,1.248201438848921,92315.8719999954,341498.0,0.037489880793176,0.026315805,0.030108593,0.028022559600000004
2023-10-01,17.244000000000003,248.44799999999972,-231.20399999999972,87493.182,-0.002263,1.2371364653243846,240382.6589999966,758285.0,-0.0179527694400132,-0.007083416,-0.009252548,-0.0080595254
2023-10-02,218.82399999999987,139.792,79.03199999999987,88279.947,-0.001477,1.0850708924103418,593259.6329999977,1643313.0,-0.0024781075361435,-0.0035036365,0.0071879663,0.00130758476
2023-10-03,62.40100000000002,49.599,12.80200000000002,87755.119,0.0025,1.1101498206372653,282926.2009999894,890308.0,0.0127566192765868,0.00576071,0.0100429505,0.007687718225
2023-10-04,40.61900000000005,97.52900000000004,-56.90999999999999,90051.326,-0.002857,1.4283632831471589,280762.75499999,874124.0,-0.0133427215220667,-0.008752642,-0.021498144,-0.014488117900000002
2023-10-05,110.82300000000006,73.25700000000003,37.56600000000003,91610.186,-0.002302,1.343566908835247,370181.1169999903,1032481.0,0.0188182667350833,0.002826021,0.014951728,0.00828258915
2023-10-06,71.84500000000001,184.4729999999999,-112.62799999999989,94045.165,-0.003149,1.388344877000239,438444.8609999882,1258045.0,0.0009154062279908,0.007782247,0.00830362,0.00801686485
2023-10-07,13.193999999999996,7.496,5.697999999999995,90897.841,0.002083,0.926040061633282,117049.14499999156,436665.0,-0.0014181982742726,-0.006821952,0.003367342,-0.0022367697000000002
2023-10-08,22.317000000000004,19.74200000000001,2.574999999999992,92103.35,0.005163,0.9550342130987292,178380.30699998463,587808.0,-0.0117798756643825,-0.0052871443,-0.009568088,-0.007213568965
2023-10-09,104.23100000000018,61.23,43.00100000000018,90808.237,0.007838,1.0316944331572533,314146.48499999265,911525.0,-0.007275373195295,-0.016915668,0.0028149784,-0.00803687712
2023-10-10,78.31300000000002,34.12600000000001,44.187000000000005,93003.601,0.004548,1.2753128555176336,238094.123999992,735377.0,-0.0189665293285479,0.0024195733,-0.012207665,-0.004162683935
2023-10-11,180.0580000000001,51.820000000000014,128.23800000000008,98094.071,0.006319,1.5150905432595574,387769.8929999924,1110022.0,-0.0043214265402866,-0.01685885,-0.0053300634,-0.011670896030000003
2023-10-12,71.54700000000003,27.71799999999999,43.82900000000003,97000.137,0.007304,2.123048094940662,220054.9569999954,719821.0,0.0038182399293198,-0.0029911764,0.0062481984,0.00116654226
2023-10-13,55.79300000000004,57.301,-1.50799999999996,97295.681,0.002326,1.855511136493432,243221.97899999688,690442.0,-0.0003544668067032,-0.006398839,0.0082754865,0.00020460747499999972
2023-10-14,3.5899999999999994,11.707000000000008,-8.117000000000008,98458.698,0.002456,1.8256569652444192,82164.78099998232,304735.0,0.0111717075306749,0.017024703,0.005638987,0.0119011308
2023-10-15,32.515000000000015,60.363,-27.847999999999985,97583.025,0.002224,1.8248587570621468,159991.94099999827,437070.0,0.0484015661102947,0.04429089,0.04405859,0.044186355000000004
2023-10-16,144.64800000000014,408.2909999999995,-263.64299999999935,89077.6,0.009644,1.5380710659898478,821280.440000011,2475639.0,-0.0036863346095206,0.020805363,0.003526181,0.0130297311
2023-10-17,159.93699999999993,107.9980000000002,51.93899999999972,91206.332,-0.002311,1.127659574468085,314176.04199999233,1046985.0,-0.0026768518861093,0.0009280653,-0.0061050355,-0.00223683006
2023-10-18,72.0570000000001,43.180999999999976,28.87600000000013,86456.049,0.001644,0.9719976336028396,297081.55199998314,952011.0,0.0138064402260003,0.0033141633,0.012189597,0.007308108465
2023-10-19,61.831,181.5639999999999,-119.7329999999999,93918.499,-0.011006,1.127659574468085,333673.20699999004,1059890.0,0.0327293688126815,0.031169333,0.025381193,0.02856467
2023-10-20,87.13600000000027,149.70000000000027,-62.56400000000001,90454.431,0.002687,0.9080328181644726,550793.0560000109,1825220.0,0.0080821080284518,0.00073144166,0.008431051,0.004196265863
2023-10-21,61.400000000000006,80.52000000000007,-19.12000000000006,96383.105,0.005827,0.768972227136034,256411.86799999292,925606.0,0.0027598308466529,-0.01030511,0.002728425,-0.00444001925
2023-10-22,49.710999999999984,52.24199999999999,-2.531000000000006,93092.505,0.003115,0.6803898504453033,198602.75799999063,776580.0,0.0976802078654781,0.08050276,0.097658575,0.08822287675000001
2023-10-23,211.96900000000016,894.916999999997,-682.9479999999968,88700.425,0.000648,0.7137960582690659,981575.1990000004,3577574.0,0.0254590665708622,0.008905092,0.026954148,0.0170271672
2023-10-24,278.72999999999973,370.6219999999973,-91.89199999999757,84811.19,0.01,0.9105846388995033,907742.7780000007,4537310.0,0.0167595335532482,0.010980287,0.01857929,0.014399838350000001
2023-10-25,110.89700000000003,197.62899999999988,-86.73199999999984,83899.125,0.01,0.8660197798096658,442564.0909999919,2336664.0,-0.0100336308158794,-0.021448288,-0.019317538,-0.0204894505
2023-10-26,195.412,126.56200000000037,68.84999999999964,84790.567,0.01,0.7985611510791366,339551.18799999513,1476640.0,-0.0076316054672105,-0.002313817,-0.0076735094,-0.004725678580000001
2023-10-27,89.315,62.160999999999994,27.154000000000003,84508.917,0.01,0.9094901661256446,257660.9019999958,1089153.0,0.0055604558078261,0.013017709,0.008438863,0.0109572283
2023-10-28,23.085,37.71100000000001,-14.626000000000012,84706.822,0.01,0.958096729978461,138314.93199999293,636421.0,0.0129694331309018,0.011874269,0.017276682,0.014305354850000002
2023-10-29,30.91600000000001,63.76200000000004,-32.84600000000003,88065.238,0.01,0.9607843137254902,174124.07699999583,778939.0,-0.0014828854979818,-0.011409478,0.0060273334,-0.003562912870000001
2023-10-30,155.57500000000005,89.0770000000001,66.49799999999995,86800.523,0.01,0.849112426035503,280471.0409999872,1075122.0,0.0047758520627763,-0.011368727,0.0128104165,-0.0004881124250000011
2023-10-31,70.80300000000013,83.20400000000011,-12.400999999999982,88250.467,0.01,0.9916351324437362,269274.63599999546,1000029.0,0.0223145602612131,0.027153336,0.017706268,0.0229021554
2023-11-01,92.165,250.46699999999944,-158.30199999999945,86819.249,0.01,0.8878610534264678,469213.4829999944,1660930.0,-0.0136391939573101,0.0034118753,0.0020412728,0.0027951041750000002
2023-11-02,142.80099999999985,110.44500000000014,32.35599999999971,81436.927,0.01,0.8168604651162791,410116.0240000037,1414447.0,-0.0064546666973637,-0.0064443774,-0.009050362,-0.007617070470000001
2023-11-03,182.24199999999956,89.3200000000001,92.92199999999946,81467.15,0.01,0.9868865487780648,305854.1420000087,1091538.0,0.0098967758372303,-0.00025952188,-0.0018524602,-0.000976344124
2023-11-04,20.87800000000001,85.93,-65.05199999999999,83556.753,0.01,1.0508613617719442,140746.873999996,509867.0,-0.0014324869251005,0.006220206,0.006519176,0.0063547425
2023-11-05,76.20400000000011,119.87100000000018,-43.66700000000007,86058.263,0.01,0.8882175226586102,231363.2569999973,806215.0,0.00097661986835,-0.0025573024,-0.0035614744,-0.0030091798
2023-11-06,76.17500000000013,87.13000000000018,-10.955000000000055,86157.699,0.01,0.8688095683049898,202227.21499999132,737640.0,0.0100229087373371,-0.017840479,0.011081357,-0.004825652800000001
2023-11-07,104.4200000000001,123.14700000000012,-18.727000000000015,88760.278,0.01,0.9131432944327528,343509.6599999998,1129713.0,0.0063528178351219,0.027018294,0.020384386,0.0240330354
2023-11-08,49.31300000000002,113.54200000000004,-64.22900000000003,90396.445,0.01,0.7556179775280899,333264.3869999972,1011392.0,0.0297666759831543,-0.0002614311,0.02257818,0.010016393895000001
2023-11-09,183.82399999999953,426.7309999999975,-242.90699999999796,79522.355,0.020027,0.7611835153222966,778460.0120000032,2645730.0,0.0162305705349083,0.000632904,0.0117238015,0.005623807875000001
2023-11-10,86.83000000000003,163.2319999999996,-76.40199999999957,79824.026,0.01,0.9996000799840032,299295.46899999696,1084864.0,-0.00461175723788,0.0010671765,-0.0040069595,-0.0012161846999999997
2023-11-11,77.47900000000006,67.80400000000002,9.67500000000004,80358.96,0.014648,0.9238168526356292,159239.2839999971,590953.0,-0.0017756126342121,0.0015792008,-0.00012954324,0.0008102659820000001
2023-11-12,104.51600000000003,48.20300000000001,56.313000000000024,80851.913,0.027221,0.9813750743015652,118890.04499999498,463784.0,-0.0163535274925212,-0.020054627,-0.007915579,-0.014592055400000001
2023-11-13,150.11399999999992,93.82399999999998,56.289999999999935,80428.399,0.020492,0.9770660340055358,257075.64799999812,915543.0,-0.0253224983929367,-0.007442041,-0.009351842,-0.00830145145
2023-11-14,133.23700000000017,104.1600000000002,29.07699999999997,78890.955,0.014477,1.0903010033444815,396106.6500000026,1342620.0,0.0628739714000108,0.03383322,0.053573187,0.04271620515
2023-11-15,72.82400000000003,344.07699999999875,-271.25299999999874,83075.314,0.01,1.3100023100023102,423818.4950000039,1517536.0,-0.0457970016721329,-0.019052476,-0.037552014,-0.0273772681
2023-11-16,336.803999999999,114.98800000000016,221.81599999999884,80902.395,0.012014,0.8112660749864155,434444.3659999982,1566658.0,0.0123778965726657,0.0073316423,-0.0017226636,0.0032572046450000005
2023-11-17,125.08900000000013,196.35199999999972,-71.2629999999996,77925.157,0.01,1.3849272597185789,319872.83200000046,1220697.0,-0.0012522203127858,-0.0039447634,-0.0051217154,-0.0044743918
2023-11-18,58.789,43.481999999999985,15.307000000000016,79409.01,0.01,1.2123893805309731,121721.12199999734,504912.0,0.0214205903732054,0.02172432,0.023995869,0.022746517049999998
2023-11-19,31.319999999999997,111.67600000000004,-80.35600000000005,80864.763,0.01,1.1168501270110076,154708.49200000064,603250.0,0.002377266633287,-0.0027929707,6.777048e-05,-0.001505637169
2023-11-20,78.64300000000007,110.2830000000002,-31.64000000000013,83376.582,0.01,0.9402405898331392,307563.34699999867,1148066.0,-0.0466574572380054,-0.037112873,-0.03910169,-0.03800784065
2023-11-21,371.69099999999895,118.54900000000004,253.14199999999892,79589.796,0.01,0.8348623853211009,448913.5849999945,1498443.0,0.0455769987877179,0.029641427,0.04925929,0.03846946535
2023-11-22,54.658000000000094,243.7699999999989,-189.1119999999988,80864.809,0.01,1.0682523267838675,337588.09100000485,1194018.0,-0.0030537105294428,-0.010621687,-0.004316397,-0.0077843065
2023-11-23,60.86499999999998,45.41900000000004,15.44599999999994,81963.982,0.01,0.7755681818181818,185369.93099999765,760529.0,0.0111800129543677,0.006537391,0.0017389506,0.00437809282
2023-11-24,68.937,177.65599999999938,-108.71899999999938,80036.682,0.01,0.8392495861688432,351031.7180000052,1220961.0,0.0017776195288341,0.0004823967,0.0063555576,0.003125319105
2023-11-25,5.678999999999998,20.40299999999999,-14.723999999999991,79569.811,0.01,0.7768301350390903,82589.32899999413,376537.0,-0.0088595133917142,0.005165807,0.003968455,0.0046269986
2023-11-26,51.869000000000035,28.33300000000001,23.536000000000023,79126.891,0.01,0.8162005085361423,173656.7260000022,640181.0,-0.0054821303093675,-0.013004969,0.005127374,-0.004845414650000001
2023-11-27,103.7970000000001,44.175000000000054,59.62200000000004,79260.16,0.01,0.9743336623889438,266046.2879999976,936689.0,0.0153522319467533,0.0039929063,0.009298198,0.006380287565
2023-11-28,85.94600000000001,198.70199999999969,-112.75599999999967,81109.408,0.01,1.2045855379188712,318417.0260000053,977889.0,0.0009453771250758,-0.0003585182,0.0077255294,0.0032793032200000003
2023-11-29,87.24900000000004,88.28700000000006,-1.0380000000000251,82647.891,0.01,0.679261125104954,261631.88099999633,903322.0,-0.0034581251896561,-0.0075180894,0.0070423633,-0.000965885685
2023-11-30,48.22900000000005,47.969000000000015,0.2600000000000335,82618.836,0.01,0.8076644974692697,191188.8709999965,698516.0,0.0250923820630912,0.014115458,0.021214962,0.0173102348
2023-12-01,51.462,151.66399999999982,-100.2019999999998,89044.936,0.01,0.9305019305019306,342330.4170000071,1038337.0,0.0196551008311658,0.007869351,0.029772952,0.01772597145
2023-12-02,27.756000000000007,124.16000000000015,-96.40400000000014,81673.055,0.008541,0.5928639694170118,204533.35099999563,717216.0,0.0131427942891875,-0.0073054787,0.017164625,0.0037060679649999996
2023-12-03,53.07400000000004,126.8530000000002,-73.77900000000015,79997.634,0.01,0.6625103906899419,221917.9049999941,764587.0,0.0492719775349019,0.032214932,0.044731796,0.0378475208
2023-12-04,115.84200000000028,447.1699999999965,-331.3279999999962,83191.992,0.01,0.7001020061203672,601121.2400000081,1863182.0,0.0483969196447056,0.0067431605,0.041895494,0.022561710575
2023-12-05,114.91000000000015,370.34699999999856,-255.4369999999984,82594.215,0.01,0.7126220243192327,575038.1059999976,2044132.0,-0.0070729828231428,-0.014890253,-0.0054711252,-0.01065164549
2023-12-06,205.7269999999989,148.4709999999999,57.255999999999005,85262.969,0.01,0.7850767583006069,383808.85600000736,1236871.0,-0.0112495086853492,-0.0010930886,-0.010715358,-0.00542310983
2023-12-07,177.93599999999975,135.303,42.632999999999754,83409.053,0.01,0.9022256039566292,346001.8560000041,1115282.0,0.0205361195573292,0.0068658097,0.0085301325,0.007614754960000001
2023-12-08,38.39500000000001,389.08399999999864,-350.6889999999986,82103.851,0.020242,1.022653721682848,281863.83400000434,947320.0,-0.0104089722604943,-0.018697962,-0.005289763,-0.01266427245
2023-12-09,75.04200000000002,73.95300000000009,1.0889999999999276,80809.982,0.017192,0.9062142584826536,189339.65599999495,682105.0,0.001735024481821,-0.005628359,0.0006315708,-0.0028113905900000002
2023-12-10,21.212000000000003,46.885000000000026,-25.673000000000023,83146.441,0.023923,0.968503937007874,144548.25899999664,543574.0,-0.0596607573549246,-0.03905484,-0.054479115,-0.04599576375
2023-12-11,431.2679999999979,177.9549999999999,253.31299999999803,75529.169,0.01,1.065262288310615,620697.6130000014,2124097.0,0.0057765033012788,-0.0109026525,0.021041065,0.003472020374999999
2023-12-12,147.1539999999997,134.21400000000014,12.939999999999571,77359.504,0.01,1.3474178403755868,356525.5000000052,1282200.0,0.0326396168808305,0.02721576,0.031803325,0.02928016425
2023-12-13,92.48100000000012,162.85599999999974,-70.37499999999962,78619.174,0.012601,1.4330900243309002,396710.9000000035,1374684.0,0.0035680023564594,-0.0044434527,-0.0072731525,-0.005716817610000001
2023-12-14,92.182,234.84199999999908,-142.65999999999906,76353.272,0.01,1.1150592216582065,343134.7800000052,1277060.0,-0.0254704776409777,-0.01669912,-0.031123362,-0.023190028900000003
2023-12-15,122.47900000000013,52.06400000000001,70.41500000000012,75815.592,0.01,1.0820320632937748,257025.29699999664,985609.0,0.0080203872581403,0.023524428,0.011096664,0.017931934200000003
2023-12-16,52.12000000000001,64.78300000000003,-12.663000000000018,75326.343,0.01,1.2851919561243146,160549.45899999348,635887.0,-0.0215991913352073,-0.02128165,-0.015722848,-0.0187801891
2023-12-17,178.44999999999948,43.11,135.33999999999946,76343.562,0.01,1.229654403567447,224722.85099999345,879098.0,0.0305417667085521,0.01570443,0.023628823,0.019270406849999998
2023-12-18,356.43099999999936,195.89699999999965,160.5339999999997,75529.562,0.015611,1.3702299123014934,374422.2760000041,1352621.0,-0.008990828549253,-0.0065631955,0.00025196373,-0.0034963738465
2023-12-19,150.47799999999978,170.16099999999972,-19.682999999999936,76749.074,0.01,1.1824530772588389,315311.84400000813,1199916.0,0.0324175526446293,0.019273963,0.024719637,0.021724516300000003
2023-12-20,73.12200000000007,240.03699999999924,-166.91499999999917,79727.188,0.023637,1.2396416573348266,377008.9230000013,1397254.0,0.0044069165684454,0.003403107,0.0065024793,0.004797824535
2023-12-21,68.69800000000001,135.79900000000023,-67.10100000000023,80534.035,0.028948,0.8765246762994934,276922.155000001,1107934.0,0.0024419680670515,-0.0006396882,-0.00053777546,-0.000593827467
2023-12-22,86.80100000000012,91.69000000000014,-4.889000000000024,77330.551,0.018011,0.9305019305019306,238341.93299999213,972004.0,-0.006088221088726,0.0059582023,-0.010104246,-0.0012698994350000001
2023-12-23,22.989000000000004,40.30400000000002,-17.31500000000002,78625.155,0.015066,1.026342451874367,120789.52799999063,515649.0,-0.016395107062852,-0.0030480025,-0.012948029,-0.007503014425
2023-12-24,102.18500000000012,58.90400000000003,43.28100000000008,77214.87,0.019729,1.0341741253051262,179644.53599999438,703977.0,0.0135071016356853,0.0058289757,0.013505004,0.009283188434999999
2023-12-25,55.12300000000002,107.64400000000006,-52.52100000000004,77534.31,0.037908,1.1353833013025838,183538.53899999437,751186.0,-0.0247953518646699,-0.025242133,-0.024360023,-0.0248451835
2023-12-26,146.4150000000001,86.36100000000006,60.054000000000045,79595.62,0.029559,1.1417862497322768,295302.7890000059,1052321.0,0.0214097952982097,0.0092542935,0.038254198,0.022304250525000003
2023-12-27,76.09700000000004,149.17200000000008,-73.07500000000005,76041.876,0.032304,1.652519893899204,247835.41099999825,898117.0,-0.0201207798082343,-0.015865192,-0.020888008,-0.0181254592
2023-12-28,176.59499999999983,80.42499999999995,96.16999999999987,75591.363,0.050152,1.2573363431151243,257514.9319999951,958238.0,-0.0117407902387345,-0.0006109574,-0.013739489,-0.0065187966200000004
2023-12-29,132.97700000000015,66.793,66.18400000000014,75717.378,0.047082,1.5516713447307988,336700.03699999995,1139297.0,0.0017416561151897,-0.0010481027,0.003551878,0.001021888615
2023-12-30,94.88700000000009,53.590999999999994,41.29600000000009,75464.732,0.037842,1.8851702250432776,183890.66999999149,667557.0,0.0033947781497314,-0.0067402357,0.002487503,-0.002587753285
2023-12-31,80.23300000000008,135.83999999999983,-55.60699999999976,74003.756,0.033597,1.4437927663734114,173509.85299999182,626557.0,0.0438631813137799,0.033613622,0.040139884,0.0365504399
2024-01-01,35.648999999999994,465.5419999999996,-429.8929999999996,76608.672,0.033601,1.5068939583855605,206422.57999999457,761222.0,0.0172200031711362,0.019538853,0.016768452,0.01829217255
2024-01-02,143.00199999999984,210.26899999999924,-67.2669999999994,79785.333,0.05373,1.0828993959591753,459798.511000005,1677641.0,-0.0478876952125606,-0.024271,-0.05235876,-0.036910492
2024-01-03,534.4049999999983,192.08799999999945,342.3169999999988,68682.475,0.01,1.027986209693774,595855.2250000014,2295158.0,0.0300235215075552,0.03359185,0.028086863,0.03111460585
2024-01-04,70.15300000000002,145.11199999999997,-74.95899999999995,71363.735,0.01,1.6448029621793174,331961.9030000011,1406140.0,-0.0001356796630158,-0.0017484659,-0.012677394,-0.006666483545
2024-01-05,121.89100000000016,122.88900000000017,-0.9980000000000048,67290.629,0.01,1.1743857360295715,370910.7300000032,1598095.0,-0.0040127875450881,-0.0086948965,-0.019816585,-0.013699656325
2024-01-06,55.47900000000004,73.24399999999993,-17.764999999999887,68370.125,0.01,1.2217285047767164,138542.7969999943,656685.0,-0.0008942250725407,0.0011573478,-0.000104270875,0.00058961939625
2024-01-07,90.8740000000001,50.896000000000015,39.97800000000008,70553.146,0.01,1.238638907544213,180710.71399999244,785460.0,0.0665302071124074,0.07341054,0.06830552,0.071113281
2024-01-08,101.62800000000006,224.69399999999905,-123.065999999999,74597.29,0.01,1.1570319240724762,494926.4349999994,1942749.0,-0.0180755104150307,-0.027483366,-0.012088567,-0.02055570645
2024-01-09,295.78499999999946,152.09299999999996,143.6919999999995,70791.698,0.01,0.7898693395382138,513141.86900000786,2226270.0,0.0117286079638336,0.0027528345,0.015614271,0.008540480925
2024-01-10,267.15699999999885,244.69399999999857,22.46300000000028,68570.331,0.01,1.162629757785467,668657.4739999991,3014236.0,-0.0067710622307295,0.021573696,-0.019827403,0.0029432014500000003
2024-01-11,214.67399999999935,391.11399999999855,-176.4399999999992,71404.986,0.01,1.607561929595828,596433.496000014,2762605.0,-0.0798528754667806,-0.060688034,-0.091716744,-0.0746509535
2024-01-12,407.9409999999978,170.51199999999972,237.4289999999981,74736.612,0.01,1.7107617240444564,575943.2579999958,2403360.0,0.0015242196406752,-0.03045322,0.0015419945,-0.016055373475
2024-01-13,72.38100000000014,61.07700000000002,11.304000000000125,75148.212,0.01,2.7009622501850483,207737.3259999956,937293.0,-0.0263821287056398,-0.025214495,-0.02768813,-0.02632763075
2024-01-14,111.29100000000015,46.00400000000002,65.28700000000013,77076.035,0.01,2.8328861632809503,181097.0499999961,802515.0,0.0184886108803485,0.01467888,0.016175523,0.015352369350000002
2024-01-15,70.09600000000006,120.38900000000018,-50.29300000000012,73896.126,0.01,2.653635367190354,240058.7749999928,1036187.0,0.0146379018282996,0.011439639,0.027377132,0.01861151085
2024-01-16,73.19400000000009,282.3519999999993,-209.1579999999992,74127.737,0.01,2.616636528028933,287207.23299999733,1181592.0,-0.0084235847254312,-0.009491188,-0.009708941,-0.00958917685
2024-01-17,160.38199999999972,42.633000000000024,117.7489999999997,75759.926,0.01,2.155569580309246,209396.08099999212,898701.0,-0.0344513974581595,-0.0399543,-0.047972105,-0.04356231225
2024-01-18,441.0319999999989,112.33,328.7019999999989,77715.61,0.01,2.5124692658939236,335016.7159999987,1338227.0,0.0079900138913284,0.0031925407,0.0052712373,0.004127954170000001
2024-01-19,234.2179999999983,150.10299999999987,84.11499999999845,74493.726,0.01,2.90625,345939.71700000577,1332429.0,0.0008880084302518,-0.006069387,0.010052852,0.00118562055
2024-01-20,18.728,30.582,-11.854,74617.587,0.01,2.4411562284927735,95850.33099999424,421833.0,-0.0027789413603009,-0.01656169,-0.0045606643,-0.011161228435000002
2024-01-21,22.738000000000003,20.128999999999987,2.609000000000016,74654.787,0.01,2.361344537815126,67035.54499999405,314820.0,-0.0496060026684208,-0.020496454,-0.0585647,-0.0376271647
2024-01-22,388.87799999999777,116.20500000000028,272.6729999999975,76234.388,0.01,2.3944331296673456,459024.1059999919,1643436.0,0.0082949554728823,-0.00239101,0.011586867,0.0038990346500000004
2024-01-23,288.3879999999983,271.37299999999965,17.01499999999868,75825.335,0.01,2.6192544335866814,414373.3289999917,1469655.0,0.004683034141145,0.000593673,0.00410942,0.00217575915
2024-01-24,104.1250000000001,281.33699999999936,-177.21199999999925,76306.566,0.01,2.3523298692591355,272754.17099999374,1025934.0,-0.0030929751663038,-0.0027386164,-0.004135467,-0.00336719917
2024-01-25,55.74900000000006,61.00299999999999,-5.253999999999934,77936.247,0.01,2.108486167236556,203635.6509999899,780965.0,0.045552390926284,0.021994853,0.030688014,0.025906775450000002
2024-01-26,55.26200000000002,191.00199999999973,-135.7399999999997,79335.324,0.01,2.031221582297666,355418.47800000606,1213408.0,0.0070790228069768,0.011505119,0.006483298,0.00924529955
2024-01-27,44.82100000000001,45.80600000000004,-0.985000000000028,78268.91,0.0083,1.462447672986949,118437.11399999344,478122.0,-0.0021287756389742,0.0061692763,-0.008499362,-0.00043161093499999954
2024-01-28,87.18600000000008,112.18800000000014,-25.002000000000063,75164.153,0.01,1.5012506253126563,205736.4529999915,762283.0,0.0298061199427106,0.0026135524,0.038096644,0.018580943620000002
2024-01-29,49.37900000000001,145.61799999999982,-96.2389999999998,77046.083,0.01,1.5673940949935814,249502.10999999515,951315.0,-0.0083855794598921,-0.0035904848,-0.004635878,-0.004060911740000001
2024-01-30,135.0190000000001,158.31999999999974,-23.300999999999647,73834.585,0.005149,1.33590282644242,257582.5939999927,974381.0,-0.008444749797384,-0.006556389,-0.008029945,-0.0072194892
2024-01-31,177.73199999999983,131.2460000000002,46.48599999999962,71956.546,0.01,1.1848372296263927,313053.6240000031,1172922.0,0.0117424356196096,0.0143898325,0.017954506,0.015993935575
2024-02-01,345.1669999999993,136.27499999999992,208.89199999999937,73885.104,0.01,1.4183796856106408,274312.89399999916,1022609.0,0.0027134001651223,0.0075485655,0.010696478,0.008965126125
2024-02-02,55.75100000000003,83.32700000000008,-27.57600000000005,74292.333,0.01,1.3747328425552126,205759.43099999023,802725.0,-0.0043825058320461,-0.005867266,-0.0016103834,-0.00395166883
2024-02-03,21.100000000000012,15.038000000000004,6.062000000000008,75687.747,0.008028,1.3020257826887662,89735.21999999267,368302.0,-0.0100056948515465,0.007294283,-0.00074966997,0.0036745041635000007
2024-02-04,61.781000000000006,22.64699999999998,39.13400000000003,77284.765,0.01,1.3386342376052387,127421.54799999663,494299.0,0.0029503519870903,0.025699116,0.004059568,0.0159613194
2024-02-05,94.59600000000012,101.8990000000001,-7.302999999999983,79774.407,0.01,1.5471217524197658,240655.66699999457,890055.0,0.0090959883104257,0.015873972,0.010383204,0.0134031264
2024-02-06,149.71399999999997,71.9870000000001,77.72699999999988,80317.959,0.01,1.7824151363383418,196110.93899999317,711515.0,0.0286050546851992,0.017533753,0.03157459,0.02385212965
2024-02-07,46.501000000000005,159.38899999999987,-112.88799999999986,82819.667,0.008306,1.2507314877335134,252056.028999996,866076.0,0.020952759670056,0.020625819,0.027363122,0.02365760535
2024-02-08,40.425,196.91299999999984,-156.48799999999983,85117.826,0.00259,1.0458265139116203,299696.4469999974,1064834.0,0.0399120635942171,0.030083153,0.037058778,0.03322218425
2024-02-09,81.08400000000013,247.35499999999877,-166.27099999999865,83205.895,0.009801,0.8070112034694614,519919.4190000074,1886117.0,0.0130333810778715,0.009014925,0.024967995,0.016193806499999998
2024-02-10,46.781000000000034,82.46300000000004,-35.682,86799.432,0.01,0.721170395869191,179626.60399999583,716714.0,0.0114294597278359,0.0035748743,0.00095079094,0.002394036788
2024-02-11,72.658,96.00600000000016,-23.348000000000155,89342.954,0.01,0.6485328058028356,209951.7169999963,863630.0,0.0329356814465882,0.029604726,0.028297674,0.029016552600000002
2024-02-12,126.75000000000011,336.226999999998,-209.47699999999787,92357.13,0.01,0.679261125104954,450895.11999999953,1702938.0,-0.0043703514941828,0.013069606,0.0037864596,0.00889219012
2024-02-13,108.50800000000017,152.84699999999992,-44.33899999999976,88189.155,0.01,0.6087516087516088,382272.4110000062,1471213.0,0.0413002181031991,0.015387797,0.032955598,0.023293307450000002
2024-02-14,89.64900000000009,376.0229999999996,-286.37399999999957,90532.429,0.012283,0.7924359204158452,395191.7909999949,1604064.0,0.0016364577734702,-0.0093947705,-0.008984096,-0.009209966975
2024-02-15,157.3969999999999,307.29499999999916,-149.89799999999926,87211.358,0.01,0.5883100381194409,392724.6030000001,1611496.0,0.0046942461844263,-0.004818418,0.0019924864,-0.00175351102
2024-02-16,62.18000000000007,100.15599999999996,-37.97599999999989,87551.973,0.01,0.6906170752324599,259576.39800000173,1122047.0,-0.0092799178006313,-0.008397156,-0.012925014,-0.0104346921
2024-02-17,90.22400000000002,90.10300000000004,0.1209999999999809,87481.541,0.016041,0.6714023065351831,222341.38400000051,908023.0,0.0095400322946765,0.011593328,0.009618923,0.01070484575
2024-02-18,52.058000000000085,158.54499999999985,-106.48699999999975,85538.797,0.017095,0.7593244194229415,166636.42599999363,748142.0,-0.0069855277307073,0.0033878158,0.002309084,0.00290238649
2024-02-19,125.88300000000008,149.35799999999975,-23.474999999999667,87686.123,0.013327,0.729804532087874,196375.52200000203,915871.0,0.0093064880309015,-0.011062735,0.004225351,-0.004183096300000001
2024-02-20,337.5100000000003,192.31599999999972,145.19400000000056,87205.584,0.020259,0.7985611510791366,385290.95199999725,1542463.0,-0.0078655105264608,-0.0035374735,0.0016685128,-0.0011947796650000001
2024-02-21,163.25299999999996,94.92100000000003,68.33199999999992,86253.444,0.01,0.7885888034340907,307574.33499999717,1288632.0,-0.010878174198952,-0.0037304293,-0.015012942,-0.008807560015
2024-02-22,95.09000000000012,91.011,4.079000000000121,84878.405,0.012557,1.0197939810139367,244048.3879999983,1043135.0,-0.0106686553597654,-0.01360978,-0.00843776,-0.011282371000000001
2024-02-23,98.6810000000001,48.115000000000045,50.56600000000005,88242.224,0.012991,0.9638648860958364,215468.15099999853,933657.0,0.0161092509338551,0.0044796146,0.00529968,0.00484864403
2024-02-24,14.148,66.72600000000001,-52.57800000000002,87049.363,0.01,1.185792349726776,104914.68299999207,521780.0,0.003110061678889,0.0019217036,0.017152973,0.00877577483
2024-02-25,43.63800000000005,81.43699999999997,-37.79899999999992,86418.411,0.015062,0.9892580067634772,122109.62899999284,576908.0,0.0517532123675614,0.024661213,0.050718755,0.0363871069
2024-02-26,62.89300000000016,447.52999999999895,-384.6369999999988,84941.083,0.027227,0.9364833462432224,393466.0659999948,1564072.0,0.0459372757555129,0.02427148,0.05495131,0.0380774035
2024-02-27,269.0589999999993,311.68499999999887,-42.62599999999958,80696.898,0.022965,0.6798252981689904,511341.06399999256,2164422.0,0.0903734251045644,0.041474096,0.10011883,0.06786422630000001
2024-02-28,227.32099999999963,835.9239999999949,-608.6029999999953,75349.13,0.053538,0.7559262510974538,1000298.0450000076,4092846.0,-0.0210607908615081,-0.0058173104,-0.028075255,-0.015833385470000003
2024-02-29,268.77599999999944,205.24599999999967,63.529999999999774,71951.651,0.057031,0.9984012789768186,584585.2870000026,2765476.0,0.0203525709953407,0.010874851,0.0095689595,0.010287199825
2024-03-01,59.072000000000074,325.79399999999947,-266.7219999999994,73881.157,0.04601,1.1528525296017222,299202.39799999434,1433929.0,-0.0064421436096342,-0.02473645,-0.00563097,-0.016138984000000002
2024-03-02,67.83200000000001,66.60799999999999,1.224000000000018,72911.232,0.056396,1.070822116380203,159283.62900000758,826153.0,0.0180129369484127,0.0042355116,0.017023943,0.00999030573
2024-03-03,63.37500000000013,123.9519999999998,-60.57699999999967,75625.778,0.044598,1.293052052281587,200311.58300000013,980946.0,0.0781724352918935,0.06754352,0.082585655,0.07431248074999999
2024-03-04,144.9509999999996,533.0709999999987,-388.1199999999991,81105.783,0.06362,1.158428663932657,632760.089999995,3043028.0,-0.0685531603092357,-0.064492725,-0.060885854,-0.06286963305000001
2024-03-05,484.06099999999856,422.6869999999987,61.37399999999985,71727.937,0.088148,1.1132713440405748,1045471.232999999,5237224.0,0.0362145168030423,0.027389208,0.03250189,0.029689914900000003
2024-03-06,239.3679999999998,280.25299999999913,-40.88499999999934,73265.095,0.049354,1.6164311878597593,534011.6300000012,3092594.0,0.0112739452488632,0.009006588,-0.007268138,0.0016829612999999998
2024-03-07,76.61300000000001,123.50800000000008,-46.89500000000007,73481.723,0.054217,1.2341376228775691,296051.59599999746,1793877.0,0.019282486315177,0.008065765,0.007368777,0.007752120400000001
2024-03-08,125.12600000000003,149.26600000000016,-24.14000000000013,73988.968,0.062913,1.1963540522732263,459387.2699999904,2606144.0,0.0027716745979518,0.00853261,0.0031355098,0.00610391491
2024-03-09,33.789,38.22700000000002,-4.438000000000017,73649.462,0.026407,1.213368747233289,94898.925999988,592446.0,0.0093628421886471,0.008052937,0.0057215914,0.00700383148
2024-03-10,80.35000000000001,220.59099999999972,-140.2409999999997,77404.868,0.054479,1.2391401701746532,233596.9730000001,1332996.0,0.0442833735611536,0.046180367,0.040158138,0.04347036395000001
2024-03-11,110.15499999999994,182.67299999999992,-72.51799999999997,79399.229,0.066396,1.0885547201336674,474396.4079999935,2652903.0,-0.0087242178114941,-0.00997733,0.000700213,-0.00517243565
2024-03-12,125.2590000000001,131.09799999999993,-5.838999999999828,78120.796,0.047935,0.8871485185884128,472024.2760000015,2677618.0,0.0224248317904915,0.030343981,0.019703932,0.02555595895
2024-03-13,41.42100000000004,138.9879999999999,-97.56699999999984,80395.429,0.045402,1.3408239700374531,288217.6080000009,1727028.0,-0.0233079119450092,-0.01598278,-0.038352318,-0.0260490721
2024-03-14,206.7819999999997,167.9219999999998,38.8599999999999,83984.058,0.038258,1.0189783969311528,513868.9419999983,2860941.0,-0.0268183610911698,-0.02322678,-0.029803671,-0.02618638095
2024-03-15,326.9159999999983,286.24399999999986,40.671999999998434,79340.548,0.015306,1.6136957658128597,704903.8289999955,4261221.0,-0.0623229102797111,-0.059057906,-0.06363828,-0.061119074300000006
2024-03-16,221.62999999999963,102.2,119.42999999999962,76568.005,0.020813,1.6816840976133012,333153.4570000005,2087070.0,0.0462758144323558,0.03579238,0.032998446,0.034535109700000004
2024-03-17,85.57800000000009,178.036,-92.45799999999991,78535.341,0.024827,2.0469226081657528,314890.17699999455,1948558.0,-0.0115217452522191,-0.010154065,-0.009136654,-0.00969623005
2024-03-18,133.0350000000001,157.87800000000018,-24.843000000000075,79113.083,0.027195,1.5380710659898478,317808.0429999899,2051398.0,-0.0876315556373352,-0.08525456,-0.08201834,-0.083798261
2024-03-19,353.49999999999864,198.2789999999995,155.22099999999912,77962.43,0.024018,1.5879917184265009,700466.9190000014,3948964.0,0.0910353115859425,0.08146116,0.090297684,0.08543759580000002
2024-03-20,319.27899999999903,314.4799999999993,4.798999999999751,76950.537,0.01,2.250975292587776,637348.0259999963,3702935.0,-0.0350899773778561,-0.03713011,-0.041671507,-0.039173738650000005
2024-03-21,126.42100000000023,120.20299999999996,6.2180000000002735,75345.274,0.01951,1.319647413593134,345952.96699999284,2301266.0,-0.0263690073790989,-0.02276044,-0.03785248,-0.029551858
2024-03-22,144.80600000000013,223.6079999999995,-78.80199999999937,73071.878,0.011993,1.874389192296637,401149.3329999874,2344615.0,0.003026453038661,0.022463288,0.004538309,0.014397047450000002
2024-03-23,76.13400000000006,79.37400000000007,-3.240000000000009,73938.811,0.010806,2.3624747814391394,237875.95300000272,1316323.0,0.0490949197687058,0.041415505,0.052375827,0.046347649899999996
2024-03-24,38.706,195.61299999999991,-156.90699999999993,77031.661,0.015884,1.615062761506276,244179.4349999991,1436250.0,0.0389577311738253,0.03213818,0.048843466,0.0396555587
2024-03-25,85.79000000000006,200.40899999999976,-114.6189999999997,78817.747,0.028815,1.4096385542168677,395156.190999997,2247966.0,0.0015441704140659,0.00044503203,-0.0030152947,-0.0011121149985000001
2024-03-26,88.91100000000014,89.08399999999996,-0.172999999999817,79656.684,0.026764,1.0538098172109265,307845.45899999887,1803040.0,-0.0074289380246206,-0.010424783,-0.014829092,-0.012406722050000001
2024-03-27,84.35400000000004,138.21199999999996,-53.85799999999992,83136.921,0.043631,1.1767522855899,407757.7810000032,2253431.0,0.0186900910945322,0.023598326,0.014548831,0.01952605325
2024-03-28,42.99499999999999,227.7909999999996,-184.7959999999996,83098.473,0.02943,1.5271670457417237,242182.42000000295,1473135.0,-0.0132271353273711,-0.0040472522,-0.021760248,-0.012018100310000002
2024-03-29,108.17600000000004,51.62800000000005,56.547999999999995,81097.21,0.03017,1.0872469213107911,187971.20300000117,1104680.0,-0.0038493164497221,-0.011310756,-0.00732591,-0.009517575300000001
2024-03-30,16.54299999999999,28.677000000000007,-12.134000000000018,80243.557,0.03436,1.5220680958385877,91126.38799999128,574405.0,0.02410742337916,0.028576357,0.037638728,0.032654423950000004
2024-03-31,14.136999999999995,100.36700000000025,-86.23000000000025,82700.513,0.040301,1.3969319271332694,132458.78599999336,741850.0,-0.023136094733017,-0.021858996,-0.014318727,-0.018465874950000002
2024-04-01,101.17400000000012,98.31000000000014,2.863999999999976,84164.362,0.027469,1.1570319240724762,282802.3829999937,1517286.0,-0.0619796082519776,-0.05969646,-0.06537033,-0.062249701500000004
2024-04-02,157.82299999999958,200.51499999999993,-42.69200000000035,78042.84,0.016456,1.513826043237808,492178.6839999948,2598686.0,0.0075980030930278,0.009110647,0.013482999,0.011078205399999999
2024-04-03,64.96400000000014,248.2569999999988,-183.29299999999867,80095.552,0.01,2.2041012495994874,274475.1909999991,1499230.0,0.0375572576425184,0.031888753,0.022435576,0.027634823350000004
2024-04-04,66.50900000000004,178.5569999999997,-112.04799999999966,78455.134,0.01,2.1407035175879394,326349.3639999949,1680922.0,-0.0097892027031338,-0.003424807,-0.013347529,-0.0078900319
2024-04-05,121.235,118.042,3.192999999999998,75171.87,0.01,1.482005460412013,313547.23899998626,1735266.0,0.015731842680184,0.0055843215,0.020403255,0.012252841575
2024-04-06,19.518000000000015,99.46600000000008,-79.94800000000006,76495.483,0.01,1.628120893561104,127343.72599999404,804346.0,0.006717834111896,0.025549643,0.008875415,0.018046240400000003
2024-04-07,42.08400000000002,164.8259999999999,-122.74199999999988,80047.708,0.01,1.33590282644242,171783.4620000011,1016067.0,0.0320584092764377,0.021900192,0.028868213,0.02503580145
2024-04-08,67.91800000000002,209.75099999999935,-141.83299999999934,80240.898,0.035189,1.2456770716370986,297233.64899999386,1676525.0,-0.0351541533965402,-0.032377098,-0.034240775,-0.03321575265
2024-04-09,128.9180000000001,80.0930000000001,48.82499999999999,80192.803,0.019061,1.0601565718994643,334053.9819999962,1875505.0,0.0212500630830323,0.022633435,0.022680096,0.02265443245
2024-04-10,85.01200000000017,157.4429999999998,-72.43099999999964,79460.002,0.01,1.7700831024930748,337774.67999999755,1857678.0,-0.0088860361676843,-0.0049448498,-0.01082433,-0.007590615890000001
2024-04-11,61.92500000000008,159.5040000000002,-97.57900000000012,81698.307,0.019763,1.4021138601969731,256116.08500000308,1501842.0,-0.042154024711694,-0.046606973,-0.042371385,-0.044700958400000004
2024-04-12,178.4579999999997,88.62200000000003,89.83599999999969,80078.395,0.012214,1.305209774089442,406089.2689999963,2112358.0,-0.0487273574622229,-0.034746684,-0.04653001,-0.040049180700000006
2024-04-13,496.51799999999986,235.2269999999993,261.29100000000057,66903.547,0.01,2.007518796992481,508605.92500000127,2874068.0,0.0268150789151864,0.017021831,0.021494333,0.019034456900000003
2024-04-14,133.377,141.8840000000001,-8.50700000000009,67004.224,0.01,1.9239766081871343,395770.132999995,2325008.0,-0.0347388233991399,-0.028064167,-0.036971293,-0.032072373700000004
2024-04-15,130.3920000000002,106.77700000000011,23.61500000000008,65971.892,0.01,1.7166530834012494,381552.7450000052,2260215.0,0.0058704685364769,-0.00673526,-0.002655968,-0.0048995786
2024-04-16,139.51099999999994,120.11499999999997,19.395999999999972,64172.472,0.003513,2.155569580309246,405931.4390000004,2392932.0,-0.0402389732109274,-0.010789596,-0.044829138,-0.0261073899
2024-04-17,159.53199999999987,123.50900000000011,36.022999999999755,67048.344,0.006534,1.925687536571094,443992.6950000008,2483895.0,0.0351580069988131,0.03500204,0.02997268,0.032738828
2024-04-18,117.18000000000012,135.6749999999999,-18.494999999999777,67634.077,-0.003334,2.415300546448087,363158.1639999952,2095449.0,0.0054668251605374,-0.0068948036,-0.002715744,-0.0050142267800000005
2024-04-19,193.8429999999994,183.93599999999975,9.90699999999964,65864.772,0.00588,1.6021337496747332,574264.0599999902,3312213.0,0.0174374130268208,0.027200412,0.008601386,0.0188308503
2024-04-20,36.47200000000003,62.88200000000015,-26.410000000000117,67260.129,0.004204,1.420135527589545,197142.25999999937,1257177.0,8.623229101445418e-06,0.0126680955,-0.0103018135,0.0023316364500000006
2024-04-21,26.961999999999968,37.402000000000015,-10.440000000000047,66885.534,0.008271,1.459419576979833,160533.9479999981,1058455.0,0.0285107851109476,0.014262708,0.019811615,0.016759716150000003
2024-04-22,52.20000000000001,67.25200000000012,-15.052000000000112,69060.088,0.000898,1.410800385728062,246268.4110000024,1526019.0,-0.0060843826514513,0.0071857516,0.0009382814,0.00437439001
2024-04-23,46.44900000000001,42.961000000000034,3.4879999999999782,68073.745,-0.001083,1.2055580061755622,178607.71100000342,1107955.0,-0.032510156850904,-0.033142857,-0.020914517,-0.027640104
2024-04-24,109.66699999999996,50.11000000000007,59.55699999999989,70078.991,0.007047,1.3546032493524842,280478.4489999953,1576722.0,0.0032417662557922,0.0030860235,0.0047209114,0.003821723055
2024-04-25,216.8529999999997,97.86200000000017,118.99099999999952,67299.014,0.00114,1.904443799012489,274968.1029999956,1610945.0,-0.0113564698957144,-0.0023616045,-0.014893256,-0.008000847675
2024-04-26,58.84700000000003,33.892,24.955000000000027,67291.391,0.005562,1.680246582685607,202149.4029999968,1185289.0,-0.0048420307160181,-0.005137983,-0.0030386597,-0.0041932875150000005
2024-04-27,54.86000000000014,36.35000000000004,18.510000000000105,67163.36,0.002834,2.0165912518853695,167349.1089999937,1011630.0,-0.0054251732439514,-0.02403805,-0.014179446,-0.0196016782
2024-04-28,37.130000000000024,42.86000000000008,-5.730000000000054,65745.742,0.002782,2.178639542275906,126056.15099999032,788269.0,0.0117713252200619,0.008237508,0.01355616,0.0106309014
2024-04-29,72.774,73.92599999999997,-1.1519999999999726,66573.917,0.006828,2.1959092361776924,228279.71300000232,1326200.0,-0.0513048317682525,-0.03311529,-0.044750042,-0.0383509284
2024-04-30,230.3520000000001,114.9450000000002,115.40699999999988,72518.681,0.01,1.8885037550548815,408565.40099999536,2310553.0,-0.0387664255347441,-0.025301352,-0.031818755,-0.028234183349999997
2024-05-01,223.28399999999948,172.9029999999996,50.38099999999989,68402.45,0.009902,3.460303300624442,564108.3889999955,3028999.0,0.0118483236441395,0.021205634,0.0025053322,0.012790498190000001
2024-05-02,71.77000000000015,84.04400000000007,-12.273999999999916,67524.061,-0.000123,2.95882818685669,299189.26499999594,1606859.0,0.0626959085169645,0.049481355,0.053387105,0.0512389425
2024-05-03,66.65500000000007,169.97699999999978,-103.3219999999997,72116.462,0.008091,1.931691586045148,353607.1929999992,1888322.0,0.015934670725068,0.016866174,0.008572534,0.013134036000000002
2024-05-04,35.957,91.4440000000001,-55.4870000000001,73775.284,0.006265,1.2502250225022504,205204.46500000247,1144840.0,0.0018757817997592,0.0008299821,0.009548135,0.004753150905
2024-05-05,46.036000000000016,74.01100000000007,-27.97500000000005,72613.864,0.003893,1.135839384878257,185495.65299999775,1029020.0,-0.0133172075113314,-0.008675813,-0.0011137202,-0.00527287124
2024-05-06,104.40300000000008,79.21800000000015,25.18499999999993,70800.415,0.007746,1.1281123643328368,305111.0159999917,1569704.0,-0.0135980507937318,-0.018514063,-0.013151467,-0.0161008948
2024-05-07,211.5949999999996,67.3790000000001,144.2159999999995,70976.81,0.009028,1.334267040149393,238974.6460000015,1331278.0,-0.0181220133351196,-0.028017828,-0.008425005,-0.019201057650000002
2024-05-08,120.477,90.34600000000016,30.130999999999844,69699.268,0.009292,1.5581990278843691,239127.0839999985,1358926.0,0.0302755046599081,0.035236,0.027266145,0.031649565250000004
2024-05-09,37.22699999999999,123.62599999999992,-86.39899999999993,69750.505,0.007253,1.9069767441860463,242450.47500000027,1317554.0,-0.0367191743050447,-0.034190934,-0.026519887,-0.030738962850000003
2024-05-10,191.9589999999996,92.07800000000005,99.88099999999956,71764.832,0.007653,1.7739251040221915,307214.4819999916,1613562.0,0.0004275402409259,-0.031760834,0.0058963224,-0.01481511362
2024-05-11,17.23099999999999,22.81299999999999,-5.582000000000001,70962.798,0.005067,2.4447123665173955,113294.88399998972,683102.0,0.0107596509793825,-0.012832672,0.008909054,-0.0030488953
2024-05-12,27.456000000000003,117.63499999999996,-90.17899999999996,69739.804,0.01,2.257328990228013,104043.79999999273,637946.0,0.0234063469685157,0.008048095,0.019119564,0.013030256050000001
2024-05-13,87.82900000000012,104.0090000000001,-16.17999999999998,71109.684,0.009151,1.9735355337496283,261825.60400000215,1394493.0,-0.0218867810086127,-0.020306904,-0.026408873,-0.02305279005
2024-05-14,81.10700000000006,29.680999999999987,51.42600000000007,67757.242,0.004392,1.249718785151856,244340.06600000337,1335863.0,0.0724822637554467,0.03807127,0.05431208,0.0453796345
2024-05-15,41.27500000000003,155.93900000000016,-114.66400000000012,73613.139,0.002373,1.9239766081871343,365000.53499999794,1801170.0,-0.0147792915907167,-0.011782391,-0.012694217,-0.0121927127
2024-05-16,70.16599999999998,59.74100000000016,10.42499999999982,72377.359,0.003543,0.9485580670303976,242369.25100000136,1234114.0,0.0270514103613148,0.01066076,0.021685071,0.015621699950000002
2024-05-17,82.78900000000002,108.41900000000015,-25.630000000000138,74104.671,-0.000298,1.0416496529195591,227054.00400000333,1124891.0,-0.0016246180943362,-0.02431427,-0.008981742,-0.0174146324
2024-05-18,21.415999999999993,28.325999999999997,-6.910000000000004,75142.988,-0.000792,0.9466614755693986,96919.12699998892,586867.0,-0.0096283318061605,-0.009162109,-0.0009769648,-0.00547879411
2024-05-19,37.38700000000002,23.27099999999999,14.116000000000032,75131.6,0.004779,0.9387359441644048,148170.46299999687,806708.0,0.07515278314448,0.07532139,0.07690942,0.0760360035
2024-05-20,64.17100000000008,240.22599999999983,-176.05499999999975,70473.399,0.002552,1.011263073209976,366026.9439999976,1765152.0,-0.0183384547582274,-0.013641452,-0.008971445,-0.01153994885
2024-05-21,53.852000000000075,66.8810000000002,-13.029000000000124,78453.447,0.01,0.8957345971563981,245535.04799999765,1384641.0,-0.0140937663868143,0.0073326128,-0.016616948,-0.0034446895599999994
2024-05-22,50.75399999999999,30.079999999999973,20.674000000000017,77769.715,0.01,1.1920210434020169,194160.4939999997,1181049.0,-0.01745709428892,-8.744607e-05,-0.009800196,-0.004458183538500001
2024-05-23,112.8090000000002,61.395000000000046,51.41400000000015,70840.999,0.01,1.3142791020597084,300092.1369999952,1605409.0,0.0085019781146904,0.007297122,0.004488781,0.00603336855
2024-05-24,33.473,48.74400000000014,-15.271000000000145,70211.528,0.01,1.874389192296637,186680.84399999815,1035108.0,0.0107455617713441,-0.0064034574,0.018413298,0.0047640825300000016
2024-05-25,9.589999999999993,33.65800000000001,-24.068000000000016,72346.866,0.01,1.4172105390379504,85113.60499998902,519388.0,-0.0113631120978983,-0.025450215,-0.010114223,-0.0185490186
2024-05-26,13.87900000000001,29.978,-16.09899999999999,71075.801,0.01,1.399232245681382,84069.82399999008,539964.0,0.0134659479373286,0.0023728362,0.012815077,0.00707184456
2024-05-27,33.29399999999999,87.20999999999995,-53.91599999999996,71580.261,0.01,1.4758603614756127,170183.4920000022,929832.0,-0.015062371400381,0.006015704,-0.009666108,-0.0010411113999999996
2024-05-28,99.91899999999995,75.39999999999993,24.51900000000002,71881.776,0.01,1.377555872563005,227834.8690000019,1270370.0,-0.0109661600050792,0.009716064,-0.013807692,-0.0008696262000000001
2024-05-29,83.70100000000012,33.609,50.09200000000012,76232.319,0.012558,1.7442371020856204,158236.54000000373,980297.0,0.0102901846853438,-0.0015139529,0.0017247573,-5.653330999999995e-05
2024-05-30,87.90399999999994,78.58200000000006,9.321999999999877,74251.673,0.01,2.089280197713933,194507.09400000228,1070451.0,-0.011953148002231,0.00023432169,-0.000646472,-0.0001620354705
2024-05-31,109.06900000000006,72.14500000000001,36.92400000000005,76517.869,0.01,1.55885363357216,195751.7270000029,1065511.0,0.0033529743062477,-0.007648717,0.0006089732,-0.00393275641
2024-06-01,3.4999999999999982,11.612999999999998,-8.113,75473.293,0.01025,2.1746031746031744,50943.05799999953,361648.0,-1.8003064653271394e-05,0.012250655,0.0025133565,0.007868870675
2024-06-02,47.11000000000003,35.94800000000005,11.161999999999978,76093.003,0.01,2.0684258975145746,102194.71799999155,580666.0,0.0152924956767801,0.014040645,0.01036679,0.012387410250000001
2024-06-03,46.22000000000001,109.11300000000016,-62.89300000000014,78539.214,0.01,1.9411764705882353,227673.85199999655,1135050.0,0.0248016734785849,0.0036725812,0.022019904,0.011928876460000001
2024-06-04,26.709999999999997,98.19400000000007,-71.48400000000008,81170.582,0.01,1.3952095808383234,216100.0160000026,1064982.0,0.0080505446456609,0.0002524904,0.0073653758,0.00345328883
2024-06-05,25.03199999999998,89.33500000000005,-64.30300000000007,82458.344,0.013226,0.9704433497536946,203991.9339999998,1037164.0,-0.0043541242850615,-0.008942433,-0.023272984,-0.01539118095
2024-06-06,94.996,29.009999999999987,65.986,81919.436,0.01177,0.9327406262079628,158351.8130000006,803063.0,-0.0205988304548725,-0.004384062,-0.020509325,-0.011640430350000001
2024-06-07,95.79400000000012,79.33000000000004,16.464000000000084,82372.207,0.010166,1.0759809009757109,288811.36999999447,1326395.0,-0.0006510605636957,0.0021840385,0.0016004592,0.001921427815
2024-06-08,10.232,4.743999999999997,5.488000000000002,83481.849,0.01,1.5220680958385877,65739.85699999798,398454.0,0.0048601621590833,-0.0014832634,0.016869776,0.00677560433
2024-06-09,6.937999999999996,15.872000000000009,-8.934000000000012,83579.149,0.01,1.469135802469136,68023.82699999739,386437.0,-0.0015538683361775,0.009250248,0.0028053299,0.0063500348550000005
2024-06-10,39.01100000000003,23.356000000000005,15.655000000000026,85572.731,0.01,1.4956326428749689,127381.5929999912,618557.0,-0.0325303224150292,-0.042123474,-0.029499419,-0.03644264925
2024-06-11,79.87300000000009,45.215000000000025,34.658000000000065,82674.41,0.01,1.405002405002405,311894.10299998836,1428633.0,0.01401059057949,0.017949976,0.010554705,0.014622104050000001
2024-06-12,120.17500000000004,95.30100000000004,24.873999999999995,81185.158,0.01,2.184713375796178,329918.2639999897,1469335.0,-0.022083437764671,0.00270999,-0.021624885,-0.00824070375
2024-06-13,344.8069999999997,36.52500000000001,308.28199999999964,82141.203,0.01,1.6845637583892616,248355.4330000022,1207147.0,-0.0109779218241392,-0.011430502,-0.002608724,-0.007460701900000001
2024-06-14,122.60300000000004,42.15600000000002,80.44700000000002,79469.749,0.01,2.2206119162640903,238061.80600000088,1078200.0,0.0027860739213121,0.015979357,-0.0053288117,0.006390681085000001
2024-06-15,10.004999999999995,8.202,1.8029999999999955,80503.766,0.01,2.3123550844650547,72423.65999999091,372184.0,0.0067510070922924,-0.0042037265,0.0077321716,0.0011674276449999996
2024-06-16,10.634000000000002,25.092999999999993,-14.45899999999999,80880.573,0.01,2.156565656565657,80361.54399999043,388198.0,-0.0025910578449526,0.00064035784,-0.005110882,-0.0019477000879999998
2024-06-17,97.7250000000001,131.89500000000007,-34.16999999999997,79693.225,0.01,2.1645569620253164,248335.0260000016,1081974.0,-0.0201861886584318,-0.010143467,-0.0108946115,-0.010481482025
2024-06-18,289.5089999999995,69.93300000000009,219.5759999999994,77779.961,0.01,2.089280197713933,335557.3959999824,1490361.0,-0.0030879852219758,-0.002152976,-0.0023667812,-0.0022491883400000004
2024-06-19,47.00300000000001,20.33800000000002,26.66499999999999,75439.532,0.002967,2.3636057854019508,150048.6209999942,723261.0,-0.0016077713731199,-0.004281679,-0.004879229,-0.0045505765
2024-06-20,51.11800000000009,53.79400000000007,-2.6759999999999806,74373.839,0.006879,2.538570417551309,220873.91300000413,973745.0,-0.0112614167598419,-5.486654e-05,-0.014444895,-0.006530379346999999
2024-06-21,100.90500000000011,57.07700000000008,43.82800000000003,76734.21,0.01,2.427004797806717,210108.5640000023,996493.0,0.0018449360662184,-0.0076427045,0.00094600767,-0.0037777840235
2024-06-22,5.929999999999996,4.1359999999999975,1.7939999999999987,78032.759,0.01,2.769317753486619,52919.774999988666,297111.0,-0.0165059576898549,-0.006953501,-0.015757568,-0.01091533115
2024-06-23,38.89900000000003,3.3419999999999983,35.55700000000003,77587.66,0.004676,2.455425017277125,72052.2950000002,385974.0,-0.0472416882382802,-0.015031721,-0.056793727,-0.0338246237
2024-06-24,603.4639999999988,116.61000000000006,486.85399999999873,75521.22,0.007488,2.532320734722713,442802.77299999376,1839080.0,0.0247796224774567,0.019781783,0.021853417,0.0207140183
2024-06-25,55.9740000000001,94.46700000000016,-38.49300000000005,75583.958,0.007752,3.29000429000429,264608.08499999903,1081146.0,-0.0153424763626777,-0.014753886,-0.020863205,-0.01750307955
2024-06-26,37.74399999999999,26.781999999999982,10.96200000000001,74876.23,0.01,2.595828838547285,170601.16799999855,818050.0,0.0137306550868014,0.020189647,0.0022204295,0.012103499125
2024-06-27,32.61499999999999,50.837000000000025,-18.222000000000037,74905.843,0.01,2.5984166966534725,160172.21200000515,760933.0,-0.0209388617515138,-0.016987227,-0.02986557,-0.02278248135
2024-06-28,240.81799999999967,53.90900000000005,186.9089999999996,78521.374,0.01,2.5790980672870436,195508.12500000163,875648.0,0.0092055537746169,0.007894324,0.0056883395,0.006901630975000001
2024-06-29,5.0939999999999985,11.406999999999996,-6.312999999999998,80534.181,0.01,3.120313143798929,79680.28899998215,411963.0,0.0288537938097448,0.0077355946,0.027773097,0.01675247068
2024-06-30,21.073000000000015,52.45800000000003,-31.385000000000012,85674.117,0.01,2.52112676056338,147777.91499999148,654344.0,0.002036731240711,0.00014660833,-0.0050121173,-0.0021748182034999996
2024-07-01,60.14700000000005,101.04999999999995,-40.902999999999906,81855.336,0.01,2.1826861871419476,193935.88299999823,855767.0,-0.0122290033197405,-0.012280716,-0.005170144,-0.009080958600000001
2024-07-02,47.04200000000003,22.759,24.28300000000003,84472.183,0.01,1.855511136493432,163105.28000000553,674684.0,-0.0315021343281216,-0.03935928,-0.036359824,-0.0380095248
2024-07-03,179.69699999999952,54.485000000000014,125.2119999999995,88024.272,0.01,2.629764065335753,295300.9989999903,1091703.0,-0.0538866154831012,-0.02636591,-0.04065018,-0.0327938315
2024-07-04,1173.3669999999995,113.54600000000018,1059.8209999999992,88551.171,0.01,3.2498937526561833,445534.31399998785,1755648.0,-0.0074107384621981,0.0072211986,-0.0027123913,0.0027510831450000004
2024-07-05,214.4559999999992,187.38699999999983,27.068999999999363,83115.645,0.001762,3.198152812762385,577191.6020000045,2412142.0,0.0278854052420172,0.024184946,0.028890844,0.0263026001
2024-07-06,33.21000000000002,130.15700000000004,-96.94700000000002,80175.442,0.00325,2.351206434316354,178579.83100000324,851194.0,-0.0415935637799851,-0.028978445,-0.05152481,-0.03912430925
2024-07-07,170.34299999999962,65.24100000000003,105.1019999999996,81287.939,0.01,2.231017770597738,210361.972999998,966437.0,0.0152226712283134,0.022225901,0.004748352,0.01436100395
2024-07-08,304.25599999999974,346.37999999999965,-42.12399999999991,78847.772,0.01,2.1240237425804436,464105.8909999959,2118151.0,0.0232726823228457,0.015431079,0.016862214,0.01607508975
2024-07-09,62.13400000000013,90.17900000000006,-28.04499999999993,82173.725,0.01,2.4083162917518743,256335.0269999994,1261584.0,-0.0055996280225798,0.0037367311,-0.0037063137,0.00038736094000000037
2024-07-10,97.82900000000008,137.23199999999994,-39.402999999999864,82671.296,0.005485,1.6925148088314486,254249.30200000523,1197687.0,-0.006708538049521,0.0046532317,-0.010524221,-0.002176622015
2024-07-11,111.82500000000006,51.42100000000005,60.40400000000001,85092.226,0.01,2.076923076923077,292223.29999998875,1333638.0,0.0095325691717125,0.013772594,0.007335961,0.01087610915
2024-07-12,94.094,85.20499999999996,8.889000000000038,83287.421,0.004037,1.9472443265546713,238067.32800000225,1096645.0,0.0224603337463857,0.005816673,0.018515319,0.0115310637
2024-07-13,14.818999999999996,67.76100000000004,-52.94200000000004,85453.046,0.01,1.915451895043732,157884.32199999,741921.0,0.0265659683913899,0.021623261,0.023648366,0.022534558250000003
2024-07-14,25.056999999999995,69.40300000000006,-44.34600000000007,84969.091,0.008342,1.4084778420038533,208060.87299999825,988279.0,0.0625788251846497,0.030328134,0.053551476,0.0407786379
2024-07-15,56.182,326.14899999999926,-269.96699999999925,85233.345,-0.000514,1.2951572182694515,352222.02599999576,1536602.0,0.0049295716554436,-0.00040500565,0.009346381,0.0039831183425000005
2024-07-16,131.5790000000001,115.12800000000016,16.450999999999937,83165.148,0.002717,1.1385799828913603,375204.5329999913,1682587.0,-0.014806827344028,-0.017005743,-0.011180699,-0.014384473200000001
2024-07-17,177.15100000000007,90.413,86.73800000000007,79385.917,0.002143,1.079002079002079,276655.23199999885,1326685.0,-0.0015626673332036,-0.008027624,-0.0074122027,-0.007750684415
2024-07-18,100.479,72.825,27.653999999999996,78587.547,0.003127,1.190580503833516,215527.37700000085,1013947.0,0.0409107573354443,0.033072785,0.04178047,0.03699124325
2024-07-19,128.329,253.99400000000009,-125.66500000000008,84273.272,0.004606,1.3820867079561698,311380.48699999414,1354084.0,0.0071743229020846,0.0130800335,0.014963083,0.013927405775
2024-07-20,28.816999999999975,39.34300000000002,-10.526000000000042,82809.178,0.001622,0.8835938971557731,123553.8129999938,656402.0,0.0151568287409897,0.007282651,0.011798065,0.0093145873
2024-07-21,214.41700000000003,92.58900000000004,121.828,80652.588,0.000646,0.9747235387045812,207228.37199999977,1039805.0,-0.0093345168297833,-0.001915327,-0.00096761435,-0.0014888563075
2024-07-22,58.350000000000065,59.731000000000094,-1.3810000000000286,80886.266,0.002769,1.002803925495694,192991.33600000056,1038543.0,-0.0239169814342172,-0.004781776,-0.023864187,-0.013368860949999999
2024-07-23,115.67199999999998,59.92000000000005,55.75199999999993,82275.2,0.004642,1.0538098172109265,270430.2699999955,1314901.0,-0.0085295076234555,-0.0023442083,-0.0033533797,-0.00279833543
2024-07-24,94.31699999999996,52.19200000000005,42.124999999999915,81060.194,0.01,1.364066193853428,215079.4179999954,1025753.0,0.0064638598173516,-0.011164969,0.0059627183,-0.0034575097150000007
2024-07-25,287.5929999999996,110.7300000000001,176.86299999999952,83327.012,0.01,1.4545900834560628,319685.4189999927,1374457.0,0.031534622237757,0.012218545,0.03363549,0.02185617025
2024-07-26,44.64700000000003,82.4320000000001,-37.785000000000075,84650.971,0.00334,1.3391812865497077,235368.87299999947,1043354.0,-0.0001692138459841,0.0026902547,0.010376371,0.006149007035
2024-07-27,142.16000000000005,90.27600000000014,51.883999999999915,86084.246,0.009109,0.9286403085824492,330982.6339999976,1434123.0,0.0051911889774292,0.014308147,0.016961627,0.015502213
2024-07-28,41.14500000000002,30.444999999999993,10.700000000000024,85863.045,0.002804,0.9208605455243948,116913.9349999891,622611.0,-0.0217018131643449,-0.0069887685,-0.021200515,-0.013384054425
2024-07-29,84.89800000000012,109.56400000000008,-24.66599999999995,84865.125,0.01,1.0316944331572533,372537.6449999947,1531979.0,-0.0089746850278231,-0.0038538347,-0.00796593,-0.0057042775850000005
2024-07-30,83.31500000000025,42.88200000000003,40.43300000000022,82993.98,0.007691,1.4906600249066004,246551.04399999537,1103440.0,-0.0238514242150138,-0.018447679,-0.009084716,-0.01423434565
2024-07-31,80.82800000000012,49.5150000000001,31.313000000000017,82582.645,0.003826,1.7785495971103085,246387.84999999625,1084431.0,0.0111711996833445,0.0030453033,0.013352744,0.007683651615
2024-08-01,196.76699999999943,155.33399999999995,41.43299999999948,87199.711,0.01,2.109452736318408,372650.6959999944,1528109.0,-0.0608089331256902,-0.037795648,-0.05497779,-0.0455276119
2024-08-02,254.3319999999998,101.94500000000012,152.38699999999966,87795.765,0.01,2.012048192771084,421627.88499999687,2012539.0,-0.0130994361288614,3.306102e-05,-0.022059478,-0.009908581539
2024-08-03,201.16300000000015,74.8980000000001,126.26500000000006,85282.995,0.004247,2.3500837520938025,290469.95599999244,1306613.0,-0.042695556818197,-0.015239432,-0.05178482,-0.031684856600000005
2024-08-04,219.44599999999983,73.82400000000004,145.6219999999998,88101.558,0.01,2.532320734722713,339498.6129999971,1405467.0,-0.0738827077815429,-0.051828995,-0.07754224,-0.06339995525
2024-08-05,985.9049999999896,573.9629999999971,411.9419999999925,75213.426,0.005967,2.552397868561279,1267399.6840000183,6021045.0,0.0364123299874936,0.0285147,0.035208624,0.0315269658
2024-08-06,142.18299999999996,234.4689999999991,-92.28599999999916,76846.24,0.004485,1.8935185185185184,435952.8819999881,2448490.0,-0.0159751614680061,-0.029053763,-0.006486684,-0.018898577450000002
2024-08-07,139.50300000000007,134.65699999999993,4.846000000000146,76974.704,0.003241,1.5947067981318113,377442.63599999395,1925390.0,0.1122873509141602,0.063435316,0.10198222,0.0807814228
2024-08-08,87.63000000000012,460.8069999999998,-373.1769999999997,74961.901,0.001147,1.6788106080900085,470112.9319999931,2247086.0,-0.013842409307287,-0.0031748856,-0.017017514,-0.00940406838
2024-08-09,115.30599999999986,76.29000000000008,39.01599999999978,71916.767,0.004846,1.0631318341242006,308674.32899999555,1588769.0,0.0014047135434847,-0.00053658336,0.011693526,0.0049669658519999995
2024-08-10,30.804,31.719000000000023,-0.915000000000024,71072.095,-0.001949,1.3752969121140142,115593.3539999867,705169.0,-0.0369649586682072,-0.046029314,-0.031053402,-0.0392901536
2024-08-11,110.51700000000014,60.06300000000003,50.45400000000011,70092.126,0.001185,1.3386342376052387,202539.0599999964,1172499.0,0.0107413218969405,0.01731908,0.0109784305,0.014465787725000002
2024-08-12,147.85000000000002,200.5719999999999,-52.721999999999866,68490.704,-0.002238,1.498126405196103,363361.0649999903,1987898.0,0.020687318243457,0.014510214,0.01790417,0.016037494200000002
2024-08-13,56.72900000000006,103.97499999999997,-47.2459999999999,72127.695,-0.003902,1.7979854504756576,255934.72099999932,1456208.0,-0.0319261018184242,-0.050451048,-0.029800951,-0.04115850435
2024-08-14,75.77099999999999,39.901,35.86999999999998,78048.988,-0.007811,1.3596035865974514,237011.15300000543,1216018.0,-0.0196579426462015,-0.005190978,-0.027980417,-0.015446225550000001
2024-08-15,317.0029999999995,89.96100000000013,227.04199999999935,83767.396,-0.006181,2.125,360335.07499999454,1754249.0,0.0229109783372543,0.03010273,0.023686606,0.0272154742
2024-08-16,49.98500000000006,90.07100000000003,-40.08599999999996,82133.11,-0.000557,2.348961821835231,268563.2610000012,1414297.0,0.0104319233822085,0.0023396336,0.011392448,0.00641340008
2024-08-17,11.261999999999992,19.597000000000012,-8.33500000000002,82618.307,-0.000152,1.4324981756263684,77080.51199999003,498015.0,-0.0180575795170021,-0.03808959,-0.020429842,-0.030142703399999998
2024-08-18,46.87200000000002,43.06000000000004,3.8119999999999834,82692.971,-0.003149,1.4307243558580456,149669.92899998953,781674.0,0.0171580624359464,0.022401098,0.014016084,0.0186278417
2024-08-19,29.31199999999997,50.95200000000008,-21.64000000000011,79745.56,-0.001957,1.5163563160543532,214028.7640000008,1207754.0,-0.0071708496985927,-0.0005522887,0.011261396,0.004763869415
2024-08-20,86.59100000000002,139.5209999999999,-52.92999999999988,82718.967,0.001419,1.810567734682406,287038.53199999244,1545505.0,0.0356571523861468,0.01662486,0.02068036,0.018449835
2024-08-21,49.031000000000056,93.47500000000004,-44.44399999999998,85607.45,0.000396,1.925687536571094,270581.48799999786,1467682.0,-0.0128394423275786,-0.0067060003,-0.003700748,-0.005353636765
2024-08-22,45.002000000000045,48.57899999999998,-3.5769999999999342,83676.4,-0.007261,1.1290185224611455,211040.6319999988,1152335.0,0.0588757642166264,0.036848243,0.035139453,0.0360792875
2024-08-23,44.13700000000007,120.2660000000002,-76.12900000000013,86665.201,-0.004317,1.566735112936345,382475.59699999925,1822423.0,0.0018685710918955,0.011657241,0.014054485,0.012736000800000001
2024-08-24,31.78599999999998,40.69700000000005,-8.911000000000072,87050.858,0.006395,0.9029495718363464,132737.903999994,764248.0,0.0009813284334168,-0.00495134,-0.010341242,-0.0073767959
2024-08-25,18.656999999999993,21.533,-2.8760000000000083,87957.746,0.003108,0.9627085377821392,115546.88799999004,653519.0,-0.0218183604181234,-0.023744816,-0.024385445,-0.02403309905
2024-08-26,72.15200000000011,21.199999999999992,50.952000000000126,84294.421,0.003789,0.9387359441644048,195899.4349999991,1061565.0,-0.0559496085012547,-0.043327138,-0.044666834,-0.043930001200000006
2024-08-27,401.0879999999996,83.615,317.4729999999996,81452.696,0.007753,1.1308331557639038,339269.80499999964,1605588.0,-0.0064179252947429,0.009754512,-0.0022069514,0.004371853470000001
2024-08-28,166.7549999999996,124.62099999999998,42.13399999999962,79138.376,0.001143,2.0864197530864197,313686.09199998976,1604107.0,0.0054751263752255,0.0038410588,0.010737054,0.00694425664
2024-08-29,69.3790000000001,86.66900000000004,-17.289999999999935,81440.441,0.000559,2.3840947546531304,233821.2320000029,1308566.0,-0.0039671566087129,-0.014538601,-0.0044848695,-0.010014421825
2024-08-30,76.15500000000004,86.47700000000005,-10.322000000000005,79855.111,0.002927,2.012048192771084,268276.4689999907,1385368.0,-0.0025402649674752,0.009886183,-0.0017089918,0.00466835434
2024-08-31,16.028,10.159999999999997,5.868000000000002,80996.768,0.0038,2.33889816360601,68866.67399999457,459554.0,-0.0287634153194442,-0.010131758,-0.02992738,-0.0190397879
2024-09-01,215.6409999999999,55.221000000000096,160.41999999999982,82144.955,-0.000382,2.091190108191654,222909.91599999944,1163029.0,0.0314413475808041,0.02646938,0.018888392,0.0230579354
2024-09-02,200.74899999999977,70.74700000000009,130.00199999999967,82500.403,-0.000363,2.467406380027739,201215.1220000024,1106859.0,-0.0282028977798507,-0.033622447,-0.03998495,-0.03648557335
2024-09-03,95.67299999999986,48.529000000000025,47.143999999999835,83179.597,0.004598,2.015681544028951,229950.01899999712,1137898.0,0.0083696267750248,0.009136671,0.00019644946,0.005113571307000001
2024-09-04,167.61999999999975,139.17599999999993,28.443999999999814,81104.796,-0.00147,2.4129692832764507,326948.9149999944,1559056.0,-0.0313803388267199,-0.02942566,-0.034811787,-0.03184941715
2024-09-05,89.7840000000001,39.487000000000045,50.29700000000006,83706.097,0.00249,1.9455081001472752,294707.06899999274,1480399.0,-0.0402627510802897,-0.022090647,-0.038220152,-0.029348924250000002
2024-09-06,279.23799999999994,107.73800000000006,171.4999999999999,85488.666,0.001428,2.9093041438623928,478926.6259999993,2374537.0,0.003660436759544,-0.01530999,-0.0031406134,-0.00983377053
2024-09-07,23.36299999999999,26.96299999999998,-3.5999999999999908,83343.977,-0.007236,3.6598322460391426,127659.62599999348,723503.0,0.0130073324703552,-0.0058441944,0.014803786,0.0034473967799999996
2024-09-08,24.53899999999999,62.180000000000064,-37.64100000000008,84700.143,-0.005245,2.8124285169653067,162078.51999999865,835850.0,0.038821998779241,0.027870225,0.031504743,0.0295057581
2024-09-09,50.45800000000005,148.95900000000026,-98.5010000000002,87589.332,-0.003875,2.7383177570093458,313075.73099999165,1597675.0,0.0103593603630525,-0.0013440773,0.011074252,0.004244170885
2024-09-10,70.38700000000007,68.85200000000013,1.5349999999999395,86226.382,-0.001126,1.6301946344029457,228288.8550000039,1268299.0,-0.0051836187862424,0.009623944,-0.001458101,0.00463702375
2024-09-11,167.41699999999938,81.858,85.55899999999937,85818.646,-0.005212,1.5753283543651817,333303.5279999864,1742493.0,0.0137582112804253,0.001783039,0.010614473,0.0057571843
2024-09-12,49.499,63.48400000000004,-13.985000000000037,85499.912,-0.00295,1.576655501159495,261449.6659999978,1385889.0,0.0398885151769494,0.03958925,0.026313178,0.033615017600000005
2024-09-13,29.067000000000014,328.34399999999926,-299.27699999999925,89405.482,-0.002443,1.4378352023403216,277410.74400000036,1300203.0,-0.0083819178315689,-0.0054521137,-0.0048908293,-0.0051995357200000005
2024-09-14,21.95699999999999,11.532,10.42499999999999,87444.855,0.002326,0.9984012789768186,102580.37499999252,613844.0,-0.0144561557687215,-0.016206017,-0.017781116,-0.01691481155
2024-09-15,41.683000000000064,25.999999999999996,15.683000000000067,86289.264,0.000402,1.0973154362416109,130509.61299999812,704316.0,-0.0156465291807421,-0.0026063127,-0.014380388,-0.007904646585
2024-09-16,99.00499999999998,44.84700000000001,54.15799999999997,84526.68,0.006762,1.2123893805309731,250684.047999999,1249010.0,0.0354383795991601,0.018770415,0.04079131,0.02867981775
2024-09-17,99.35099999999996,208.89899999999952,-109.54799999999956,85409.298,0.005327,1.9019152640742891,318441.9119999979,1458966.0,0.0236916603421484,-0.0026270952,0.030698061,0.01236922509
2024-09-18,78.86700000000009,170.72799999999995,-91.86099999999986,83806.835,0.004648,1.0881186051367715,355681.5920000009,1654424.0,0.0190530860779141,0.013927817,0.027619809,0.0200892134
2024-09-19,54.118000000000066,109.01100000000012,-54.89300000000006,87180.552,0.004072,1.2810218978102188,302356.63599999424,1420881.0,0.0040120850615288,-0.0033922957,0.005760394,0.0007264146650000003
2024-09-20,97.04599999999992,63.05900000000007,33.98699999999985,86595.327,0.005543,0.8375597206909224,257153.95699999676,1205078.0,0.0023375749610998,0.0015299362,0.0024005696,0.0019217212300000003
2024-09-21,8.292,56.73500000000001,-48.443000000000005,86575.043,0.008234,0.908761213972132,78169.5289999886,448967.0,0.0036209624041578,0.024973245,0.00749667,0.01710878625
2024-09-22,40.946000000000005,38.225,2.7210000000000036,85729.925,0.005537,0.932367149758454,149129.88399999685,756070.0,-0.0037625690717479,-0.010909678,-0.001532346,-0.006689878600000001
2024-09-23,147.61599999999987,124.36100000000002,23.254999999999853,88987.261,0.005304,0.8758206715438003,234001.9849999964,1190329.0,0.0144624863793918,0.0009707201,0.018031925,0.008648262305000001
2024-09-24,46.32900000000007,57.461000000000126,-11.132000000000057,91142.998,-0.000182,1.0210185933710592,236804.73300000135,1109027.0,-0.0174346923431638,-0.01300821,-0.010334857,-0.01180520115
2024-09-25,66.05900000000011,24.439,41.62000000000011,88400.537,0.001336,0.8031013342949873,184939.55700000055,887092.0,0.0315157856913526,0.0032046377,0.020532653,0.011002244585000001
2024-09-26,75.17400000000013,111.32400000000013,-36.14999999999999,88241.95,0.01,1.106593638087213,320524.9939999917,1387228.0,0.0091025841280014,0.01728232,0.0123876,0.015079696000000002
2024-09-27,31.79,98.22500000000012,-66.43500000000012,85850.487,0.002275,0.7217630853994491,226396.2059999977,1120962.0,0.0013378619530755,0.0040873694,0.0076453164,0.005688445550000001
2024-09-28,36.97800000000002,21.633000000000003,15.34500000000002,85271.38,0.001414,0.7838030681412771,92773.54799998533,516415.0,-0.0038945733164776,0.0034490963,-0.0051878914,-0.00043754816499999983
2024-09-29,15.532000000000004,27.261999999999983,-11.72999999999998,85611.507,0.007253,0.8228217280349982,88131.49999999594,518436.0,-0.035285240554753,0.007918473,-0.018230334,-0.00384849015
2024-09-30,177.6179999999999,48.56100000000004,129.05699999999987,86806.825,0.01,0.8611576400521125,296792.60699999414,1389365.0,-0.0406362449266595,-0.0054175467,-0.025262296,-0.014347683885
2024-10-01,816.3609999999977,105.151,711.2099999999978,84308.09,0.01,1.2805017103762828,429792.16399999894,1997908.0,-0.0025770863167764,-0.0008199685,-0.004158266,-0.002322202375
2024-10-02,131.89499999999992,109.59399999999988,22.301000000000045,82501.363,0.008191,1.5779840164990977,326991.3049999918,1780603.0,0.0017039263528477,-0.0069756852,-0.007308565,-0.00712548111
2024-10-03,132.68200000000002,86.00399999999998,46.67800000000004,84456.354,0.00499,1.6723677177979688,286025.2639999893,1668302.0,0.0217088304100379,-0.0024337943,0.023118984,0.009064955935
2024-10-04,46.47300000000003,241.15499999999992,-194.6819999999999,84721.89,0.000243,1.6246719160104983,234794.3470000035,1256173.0,-0.0004510890655176,0.0060541346,0.008656301,0.00722510948
2024-10-05,44.35300000000005,11.32199999999999,33.03100000000006,84276.395,0.000861,1.319109461966605,74330.27099999372,467620.0,0.0122026298209956,0.0009153087,0.006215673,0.003300472635
2024-10-06,19.12400000000001,69.55500000000002,-50.43100000000001,86184.235,0.00418,1.3474178403755868,96413.45199999936,575575.0,-0.0095312840313255,-0.0012342399,-0.0035563484,-0.0022791887250000003
2024-10-07,142.49399999999986,183.66999999999985,-41.17599999999999,83244.745,0.002177,1.2888532845044631,298943.23599999264,1459023.0,-0.001021188502186,0.008881935,-0.008865185,0.0008957310000000003
2024-10-08,79.53100000000019,60.42700000000007,19.10400000000012,85922.612,0.0081,1.3758612497030172,226235.87299999807,1194741.0,-0.0248304829764283,-0.0014501698,-0.02195073,-0.010675421890000002
2024-10-09,98.6860000000001,22.15900000000003,76.52700000000007,86900.726,0.007939,1.5188916876574303,217302.16800000105,1144236.0,-0.0051194528325311,0.0020165113,0.0064894147,0.00402931783
2024-10-10,378.1280000000001,62.00300000000003,316.12500000000006,85845.552,0.01,1.8240609997175945,262947.6450000006,1261558.0,0.0360366989274485,0.025733145,0.035144474,0.029968243050000003
2024-10-11,34.77300000000001,150.2409999999998,-115.46799999999978,87532.819,0.00012,2.096934035305048,263691.84600000276,1120503.0,0.0105963620019302,0.02213953,0.020155951,0.02124691945
2024-10-12,26.98099999999999,78.32300000000005,-51.342000000000056,89354.479,-0.001489,1.099517111064455,102784.38499999174,599608.0,-0.005333293519957,-0.014596933,0.0077402666,-0.0045451931800000005
2024-10-13,88.78500000000005,26.69099999999998,62.09400000000007,85773.972,0.003938,1.0542317173377158,129696.14699999469,670197.0,0.0498570882341056,0.024084212,0.050594144,0.036013681400000004
2024-10-14,36.368000000000016,272.7299999999995,-236.36199999999948,86444.852,0.01,1.2588660492432795,338251.6059999876,1574243.0,0.0148720660152132,0.023260687,0.008554533,0.016642917700000003
2024-10-15,104.47100000000025,180.7739999999997,-76.30299999999944,82778.967,0.01,0.7076502732240436,422005.51099998783,2018406.0,0.0081053704039835,0.0007002712,0.00090488046,0.000792345367
2024-10-16,60.82200000000008,146.4269999999999,-85.60499999999982,86460.549,0.01,0.7205781142463868,254092.9430000008,1531020.0,-0.0029358340463456,-0.009608122,-0.0017564148,-0.00607485376
2024-10-17,61.99100000000013,36.90100000000001,25.090000000000117,81684.169,0.01,0.6466326362588507,220168.01500000464,1251657.0,0.0148139864714202,0.022947166,0.010564681,0.017375047750000004
2024-10-18,29.210999999999995,80.15800000000011,-50.94700000000011,86389.864,0.01,0.707941929974381,245207.96899999664,1319435.0,-0.0007309621248516,0.0042004692,-0.00047463924,0.0020966704020000003
2024-10-19,21.51899999999999,35.768000000000015,-14.249000000000024,86747.852,0.01,0.6225864027259451,68631.3559999931,449022.0,0.0095188848804479,0.007666682,0.0066458806,0.00720732137
2024-10-20,9.455000000000002,65.77400000000004,-56.319000000000045,86610.859,0.01,0.7035775127768312,105939.46999999582,597806.0,-0.0242588860534898,-0.012156336,-0.017879777,-0.014731884450000001
2024-10-21,100.31399999999998,68.38000000000017,31.933999999999813,86956.115,0.01,0.6733601070950469,249477.6860000012,1313081.0,0.0007195659176897,0.016622856,0.009328514,0.013340402099999999
2024-10-22,145.731,43.05600000000003,102.67499999999995,86929.608,0.01,0.8271514708569342,218473.01999999987,1180791.0,-0.0112958727724361,-0.00077198655,0.008747704,0.0035118741974999998
2024-10-23,115.47400000000006,41.368,74.10600000000005,84249.031,0.01,0.82882223847842,248215.03000000093,1260594.0,0.0226845171526353,0.009271828,0.013115842,0.0110016343
2024-10-24,30.355999999999995,100.80100000000012,-70.44500000000012,85470.82,0.01,1.0699648105982198,210888.62499999724,1130009.0,-0.0222394294631644,-0.0060312212,-0.016632885,-0.01080196991
2024-10-25,223.97399999999968,72.14700000000015,151.82699999999954,80095.98,0.01,0.8422991893883567,347662.0139999951,1634538.0,0.0058962243705629,0.0027117815,0.020293035,0.010623345575000002
2024-10-26,9.120999999999997,31.746999999999975,-22.625999999999976,80968.878,0.01,1.03210729526519,94169.9799999863,621145.0,0.013750632418521,0.0029957956,0.007961959,0.00523056913
2024-10-27,5.048999999999995,42.745000000000054,-37.69600000000006,82205.962,0.01,0.9286403085824492,88468.7689999969,539491.0,0.0281284672152075,0.0187563,0.029752828,0.0237047376
2024-10-28,43.700000000000024,98.88500000000016,-55.18500000000014,89114.887,0.008946,0.812250815512867,264476.28899999947,1350473.0,0.0388869828293767,0.010611893,0.03388627,0.02108536265
2024-10-29,47.24900000000007,471.3489999999993,-424.0999999999992,90243.002,0.01,0.5698587127158555,382501.8559999927,1927972.0,-0.0053994736683442,0.00581232,-0.0073275343,-0.00010061443499999973
2024-10-30,49.43600000000008,40.90999999999999,8.526000000000089,89315.343,0.01,0.5617679212868968,227105.3499999987,1295501.0,-0.0287846116959098,0.003776865,-0.040989958,-0.01636820535
2024-10-31,273.39900000000006,42.84400000000001,230.5550000000001,89546.785,0.01,0.6175994823681656,256459.37500000087,1406134.0,-0.0113887957455069,0.0051972796,-0.019016214,-0.005698792519999999
2024-11-01,140.9829999999998,102.74200000000006,38.240999999999744,84093.333,0.01,0.9043991620643688,352590.1819999918,1798155.0,-0.0017465165389545,-0.00243305,-0.0044271424,-0.00333039158
2024-11-02,24.05899999999999,21.087999999999997,2.970999999999993,85855.306,0.01,1.1048200378867608,79313.15999999002,556230.0,-0.0086681228392535,-0.0067603667,-0.012676425,-0.009422592935000002
2024-11-03,341.9529999999988,81.61500000000008,260.3379999999987,82985.133,0.01,1.117746717492588,226419.4699999964,1240339.0,-0.0135551678077732,-0.012500053,-0.013073005,-0.0127578814
2024-11-04,119.8420000000001,63.14700000000012,56.69499999999998,84137.789,0.01,1.2411474675033618,244894.9150000006,1413646.0,0.0221839383739048,0.01332879,0.031822965,0.02165116875
2024-11-05,71.33400000000003,100.90200000000009,-29.568000000000055,82913.338,0.01,1.4740227610094012,273070.71399999876,1572981.0,0.0856022398482156,0.03398693,0.07827485,0.05391649400000001
2024-11-06,150.21899999999994,1779.8119999999856,-1629.5929999999858,89443.534,0.01,1.2391401701746532,676680.7470000046,4075346.0,0.003776009592066,-0.003916609,0.0047482327,-1.7430235000000065e-05
2024-11-07,81.449,294.8969999999994,-213.4479999999994,88616.441,0.01,0.657550140891762,280667.20599999937,1750127.0,0.0085568543195186,-0.0103941485,-0.0037753507,-0.007415689490000001
2024-11-08,43.45700000000003,63.71100000000016,-20.254000000000133,89974.934,0.01,0.6504373659019639,229325.79000000173,1415555.0,0.0021892171563333,0.01297521,-0.0025810152,0.00597490866
2024-11-09,66.33500000000006,266.215,-199.8799999999999,87469.254,0.01,0.595405232929164,117753.99499999471,723450.0,0.0470333036943149,0.05699447,0.049176354,0.0534763178
2024-11-10,96.75300000000014,246.2819999999997,-149.52899999999954,85939.291,0.014113,0.607717041800643,417424.7930000036,2304906.0,0.09803226217916,0.09359914,0.09864191,0.09586838650000001
2024-11-11,75.9240000000001,603.2299999999965,-527.3059999999964,84951.211,0.01,0.6611295681063122,613534.1559999991,3409385.0,-0.0078820340116365,-0.021170605,-0.0065506995,-0.014591647525
2024-11-12,222.72299999999953,263.2189999999993,-40.49599999999978,84314.811,0.038754,0.8106101756291871,633710.3600000073,3919015.0,0.0271785686611849,0.013559239,0.024564926,0.01851179815
2024-11-13,333.7499999999997,753.9469999999937,-420.196999999994,83030.395,0.021856,0.7636684303350969,555255.6779999993,3709235.0,-0.0343263464379095,-0.032902226,-0.041620426,-0.036825416
2024-11-14,177.2259999999997,120.61599999999994,56.609999999999744,85959.63,0.01,0.9018638265500192,364615.064999994,2753466.0,0.0415683149748229,0.037061296,0.035522275,0.03636873655
2024-11-15,103.9759999999999,294.82799999999884,-190.85199999999895,84839.775,0.010977,1.13903743315508,314412.7599999982,2252819.0,-0.0049020302492461,-0.015750144,-0.003482081,-0.010229515650000002
2024-11-16,30.645999999999976,99.59600000000005,-68.95000000000007,84705.638,0.013231,0.7876296031462282,129023.38699999334,1073270.0,-0.0081015540914197,-0.017202564,-0.017944403,-0.017536391550000002
2024-11-17,66.58300000000011,64.64200000000021,1.940999999999903,84052.61,0.010577,0.8112660749864155,167502.68599999548,1290981.0,0.0067445881663559,0.01879894,0.0066286437,0.013322306665
2024-11-18,93.82099999999998,143.7849999999999,-49.96399999999993,84970.976,0.021318,0.9924287706714486,333369.84099999705,2316503.0,0.0202081702443521,0.028080551,0.022210233,0.025438907900000002
2024-11-19,63.660000000000146,121.56100000000016,-57.90100000000002,85371.401,0.017959,0.9116803670426304,303524.12099999667,2068716.0,0.0211776195370809,0.022621164,0.025828823,0.024064610550000004
2024-11-20,46.32900000000004,145.5889999999998,-99.25999999999976,89562.431,0.01,0.7914725904693658,290028.8569999958,2096548.0,0.0418595170994535,0.035086486,0.037458852,0.0361540507
2024-11-21,82.13700000000013,323.17999999999927,-241.04299999999915,89307.772,0.01,0.6066838046272494,418335.46899999736,2815017.0,0.0058301728478937,-0.006343907,-0.0013849959,-0.004112397005000001
2024-11-22,69.99100000000004,134.45300000000012,-64.46200000000007,90671.343,0.01,0.7126220243192327,265765.7709999976,1814281.0,-0.0124093238715747,-0.010871324,-0.018796466,-0.014437637900000001
2024-11-23,185.0060000000001,109.445,75.56100000000012,90282.59,0.01,0.7382235355466713,120146.9659999956,842812.0,0.0023279364188919,0.008098123,-0.003915727,0.0026918905000000003
2024-11-24,231.45200000000017,75.07800000000019,156.37399999999997,87506.408,0.023228,0.893580761219466,173116.49500000087,1210127.0,-0.0512398363468733,-0.039067507,-0.048697807,-0.043401142000000004
2024-11-25,297.4170000000002,121.24499999999983,176.17200000000037,90378.954,0.025233,0.9496977968414896,329358.1189999992,2107119.0,-0.011297312096131,0.0046773977,-0.0051791593,0.00024194704999999997
2024-11-26,167.43299999999994,121.86800000000004,45.5649999999999,87584.972,0.029599,1.3100023100023102,344928.67399999965,2436687.0,0.0415114266779124,0.020606872,0.04509665,0.031627272100000006
2024-11-27,39.672000000000025,179.56799999999998,-139.89599999999996,86144.61,0.01,1.4497795198432142,236936.1250000001,1565742.0,-0.0022884802399172,-0.0010756212,-0.00995142,-0.0050697306600000006
2024-11-28,37.648999999999994,49.48500000000011,-11.83600000000012,85987.68,0.011859,0.9661816751867872,154007.02599999815,1096086.0,0.0188092813038043,0.012959772,0.017171111,0.014854874550000001
2024-11-29,58.390000000000015,159.6040000000001,-101.21400000000008,88021.637,0.021921,1.072538860103627,190520.0400000051,1219080.0,-0.0108529554161069,-0.016625123,-0.0045721456,-0.01120128317
2024-11-30,29.573999999999984,39.316000000000024,-9.74200000000004,86886.346,0.012063,0.8642803877703207,93061.48299998842,651282.0,0.008029148706738,0.015481951,0.007920187,0.012079157200000001
2024-12-01,26.875999999999976,74.69800000000004,-47.82200000000006,86611.832,0.01,0.9805902158843336,113222.98999998935,731065.0,-0.0139316272445846,-0.0052950457,-0.010498203,-0.007636466485
2024-12-02,114.25499999999984,102.19300000000015,12.061999999999683,86362.302,0.013387,0.9109497420217848,257527.1110000008,1653535.0,9.463180488111787e-05,0.0020154123,0.010585479,0.005871942315
2024-12-03,91.08200000000004,77.12700000000008,13.954999999999956,87478.69,0.011952,1.1159542953872197,205355.99900000516,1405115.0,0.0281614176668814,0.009447177,0.018365711,0.013460517299999999
2024-12-04,76.58600000000007,178.4090000000003,-101.82300000000023,92658.953,0.023234,1.0699648105982198,275882.8779999984,1660640.0,-0.0167923470412212,-0.010566675,-0.013179041,-0.0117422397
2024-12-05,198.76599999999976,197.539,1.2269999999997765,92198.584,0.047059,0.8241517694272164,541705.0910000034,3863047.0,0.0284249160874967,0.01869637,0.017221637,0.01803274015
2024-12-06,41.93000000000004,148.581,-106.65099999999995,89431.009,0.01,1.355157795572303,282276.15699999646,1974901.0,0.000913451057821,-0.00914391,-0.007927045,-0.00859632075
2024-12-07,26.324999999999996,20.09699999999999,6.228000000000005,88605.209,0.01409,0.9600156801254408,95858.5349999923,784036.0,0.0127163050682064,0.0001445245,0.012174673,0.005558091325
2024-12-08,21.037000000000013,53.03000000000009,-31.99300000000008,89375.143,0.01758,1.0955574182732608,109751.19099999491,847499.0,-0.0386478475525837,-0.03343178,-0.02923996,-0.031545461000000004
2024-12-09,472.8169999999987,130.88500000000005,341.93199999999865,89928.987,0.011115,1.0312817387771684,322542.88500000024,2436958.0,-0.0070508557281581,0.010956006,0.0037664548,0.007720707960000002
2024-12-10,124.45700000000014,84.24500000000005,40.21200000000009,87742.964,0.01,1.405002405002405,288626.3519999939,2330090.0,0.0458511005539268,0.046051487,0.04342684,0.04487039585000001
2024-12-11,32.79999999999999,154.1839999999999,-121.38399999999992,92932.695,0.01,1.376425855513308,221804.50099999644,1698682.0,-0.0111442903107441,-0.004477462,-0.012436293,-0.00805893595
2024-12-12,123.40800000000016,60.28600000000009,63.12200000000007,91668.94,0.01,0.7430712916158272,214759.44999999955,1678120.0,0.0140991293706864,0.0076182224,0.010877401,0.00908485277
2024-12-13,23.01800000000001,58.41999999999999,-35.40199999999997,91999.019,0.01,0.8456995201181248,152307.45699999647,1197073.0,-4.190407172544042e-05,0.009320436,0.0056324974,0.0076608636300000005
2024-12-14,39.154000000000025,22.180000000000017,16.974000000000007,92605.781,0.01,0.707067258449983,107680.52899999062,864595.0,0.0295721083506421,0.028634327,0.037473314,0.03261187115
2024-12-15,18.691,67.08900000000001,-48.39800000000001,98881.171,0.01,0.7636684303350969,157719.619999996,1194464.0,0.0151499185537442,0.038835347,0.023937829,0.032131463900000004
2024-12-16,122.38700000000031,313.2829999999963,-190.895999999996,93134.664,0.009181,0.6281341582546401,274371.5199999905,2074259.0,0.0007076596818098,0.001388235,-0.004460238,-0.0012435778500000001
2024-12-17,64.31400000000004,68.59000000000012,-4.2760000000000815,92376.875,0.01,0.6241676140977749,197721.33099999736,1719992.0,-0.0574917891430022,-0.035238646,-0.058412798,-0.0456670144
2024-12-18,136.29500000000044,55.39,80.90500000000044,92450.298,0.01,0.6767270288397049,310026.3300000014,2512652.0,-0.0277470858240995,-0.019239178,-0.031243563,-0.02464115125
2024-12-19,446.9179999999979,150.54300000000012,296.3749999999978,91566.513,0.01,1.1953896816684964,367703.9540000036,3302672.0,0.0035190772297433,-0.008476723,0.002903834,-0.0033554723500000007
2024-12-20,418.3369999999994,191.12399999999948,227.2129999999999,89105.266,0.01,1.5490695895997963,393252.1949999937,3698304.0,-0.0052635361257102,-0.0053078933,-0.012509488,-0.008548610915
2024-12-21,72.50200000000014,78.04500000000004,-5.542999999999907,87817.246,0.01,1.4166263895601738,161256.75300000276,1393920.0,-0.0218809543828495,-0.033773124,-0.030292429,-0.03220681125
2024-12-22,157.66199999999986,41.03700000000005,116.62499999999982,86860.187,0.009629,1.3741690408357077,148113.99499999845,1341188.0,-0.0032072803231173,0.010481344,-0.0010274202,0.005302400110000001
2024-12-23,87.01000000000008,80.0030000000002,7.006999999999877,90260.328,0.008981,1.5354969574036512,247191.903999999,2271004.0,0.0390874529987854,0.041377515,0.04902332,0.04481812725
2024-12-24,44.55100000000002,138.78,-94.22899999999998,91743.091,0.01,2.0057108506161705,211618.69500000155,1649889.0,0.0077339746703657,-0.0015544626,0.0039856285,0.0009385783950000002
2024-12-25,37.07000000000003,57.91400000000011,-20.84400000000008,91876.321,0.01,1.1021652301870928,124696.89199999491,1194338.0,-0.0372748575929549,-0.039117165,-0.04770638,-0.04298231175
2024-12-26,85.10099999999994,40.6450000000001,44.45599999999984,89323.624,0.008585,1.101281781886951,194635.3889999983,1657441.0,-0.0157040951939784,0.0011035283,-0.019605376,-0.008215478635
2024-12-27,107.863,66.49400000000009,41.368999999999915,89654.825,0.01,1.53613999492772,205952.24600000185,1802347.0,0.0105589073939036,0.014191726,0.0070736147,0.010988575915
2024-12-28,11.194,66.03199999999998,-54.83799999999998,90694.419,0.005173,1.7800945232137892,67991.28099999893,656250.0,-0.016524020398176,-0.018172603,-0.014149956,-0.01636241185
2024-12-29,34.589000000000034,18.604000000000003,15.985000000000031,89932.205,0.01,1.7344818156959256,95047.93399999887,818713.0,-0.010144822242994,-0.009227971,-0.0068659335,-0.008165054125000001
2024-12-30,97.17400000000004,68.96800000000007,28.20599999999996,90897.936,0.01,1.8563267637817769,222335.46200000416,1913724.0,0.0084129723294203,0.00018311711,0.0067317896,0.0031300197305000003
2024-12-31,47.333000000000055,50.71200000000006,-3.379000000000005,91235.49,0.01,2.03951367781155,178648.11600000405,1516788.0,0.0107967454739181,0.015429109,0.012109917,0.013935472599999998
2025-01-01,32.673000000000016,40.14600000000003,-7.473000000000013,92288.712,0.01,1.8216704288939056,91236.65999999446,726611.0,0.024983476262296,0.004885492,0.016735353,0.010217929450000001
2025-01-02,37.709,94.4030000000002,-56.6940000000002,91931.688,0.01,1.6816840976133012,181308.3890000012,1503323.0,0.0121890859126896,0.015356952,0.011549473,0.013643586450000002
2025-01-03,102.81600000000002,44.78900000000005,58.026999999999965,90563.91,0.005242,1.1459227467811155,125178.60799999496,1049427.0,0.0004717032137406,-0.00031162845,0.0006757751,0.0001327031475
2025-01-04,13.981999999999996,136.2339999999999,-122.2519999999999,87454.115,0.000798,1.0876826722338204,71903.07899999303,585874.0,0.0014559673747882,0.008357148,0.0075004026,0.007971612570000002
2025-01-05,13.291000000000004,21.77199999999999,-8.480999999999987,90092.914,0.00832,1.127659574468085,74947.37099999715,585528.0,0.0386090351235708,0.038507447,0.030309744,0.034818480650000004
2025-01-06,30.18000000000003,70.80900000000015,-40.62900000000012,93899.406,0.01,1.1281123643328368,207465.98799999207,1600803.0,-0.053037022867576,-0.028610878,-0.02384527,-0.0264663544
2025-01-07,195.63399999999936,49.70700000000008,145.92699999999928,92127.657,0.008279,0.7618040873854828,255552.6790000045,1884903.0,-0.0197282426767699,-0.015708,-0.026012234,-0.0203449053
2025-01-08,183.4339999999997,177.65099999999995,5.78299999999976,90705.631,0.01,1.554278416347382,261785.0839999998,2184151.0,-0.0267387451314604,-0.0231722,-0.02688393,-0.0248424785
2025-01-09,127.57300000000023,52.56400000000015,75.00900000000009,87390.493,-0.000544,1.8137310073157005,257759.3279999978,2137291.0,0.0232137319338381,0.02320182,0.02194805,0.022637623500000002
2025-01-10,48.302000000000056,139.9800000000001,-91.67800000000004,88468.034,0.008078,2.152585119798234,260251.77000000185,2207842.0,-0.0013323046178594,-0.018838817,0.005418569,-0.007922993300000002
2025-01-11,16.081,24.577,-8.496000000000002,87661.824,0.002608,1.6932399676811205,64661.63799999919,566458.0,-0.000580824098165,3.3809803e-05,-0.0014194772,-0.00062016934835
2025-01-12,125.76000000000003,9.964999999999998,115.79500000000004,87547.192,0.006647,1.7359781121751028,77298.13299999884,635245.0,-9.477411717462304e-05,0.008859402,0.0004402101,0.005070765645000001
2025-01-13,136.63699999999992,160.253,-23.61600000000007,83841.21,0.000881,1.7434842249657063,355444.7739999976,2753886.0,0.0211917109948256,0.024807604,0.025615588,0.025171196800000004
2025-01-14,57.05400000000001,79.70200000000006,-22.64800000000005,84489.926,0.009496,1.6888948642108097,212769.09700000277,1687488.0,0.0399578758632124,0.02297122,0.036273085,0.02895705925
2025-01-15,32.456999999999994,108.60400000000004,-76.14700000000005,86629.783,0.005844,1.243661655822302,216037.14400000015,1642532.0,-0.0050881810693717,-0.0035170042,-0.018621698,-0.01031411641
2025-01-16,121.51700000000018,59.5670000000002,61.94999999999998,86227.587,0.004598,0.8698578908002993,216785.71099999992,1645864.0,0.0400924438437186,0.039974764,0.032375146,0.0365549359
2025-01-17,45.78300000000004,209.0499999999996,-163.26699999999957,90555.118,0.003432,0.904036557501904,249425.49199999537,1838856.0,0.0045893910462133,0.009920527,0.0048646443,0.007645379785000001
2025-01-18,102.65900000000016,80.12600000000019,22.532999999999973,87809.623,0.01,0.7173278378842523,167872.6959999937,1332519.0,-0.0313270015419231,-0.029329501,-0.028482102,-0.028948171450000004
2025-01-19,322.7839999999993,144.5810000000002,178.20299999999912,84144.493,0.01,0.7898693395382138,276117.1529999989,2256245.0,0.0091206761708786,0.023672404,0.0069696344,0.01615615768
2025-01-20,140.1650000000003,198.652,-58.48699999999968,84053.85,0.01,1.016535591853196,456896.933999998,4838827.0,0.037276279511941,0.034624144,0.04057782,0.0373032982
2025-01-21,49.557999999999986,117.60600000000017,-68.04800000000017,86594.467,0.01,1.1213406873143827,273198.0379999995,3030844.0,-0.0232286300582345,-0.043214187,-0.028290793,-0.036498659700000005
2025-01-22,31.112000000000037,28.44000000000001,2.672000000000029,83831.831,0.01,0.7857142857142857,151229.39599999628,1621624.0,0.0019620750260607,-0.010039518,0.004478775,-0.003506286150000001
2025-01-23,101.59000000000016,119.51000000000008,-17.919999999999916,80451.509,0.008616,1.0981955518254305,417878.4949999937,3990002.0,0.0091978437211466,0.0059387777,6.92606e-05,0.0032974950050000005
2025-01-24,43.43900000000002,35.09800000000001,8.341000000000008,82340.788,0.00954,1.1213406873143827,165732.84999999567,1644846.0,-0.0011797688916672,-0.0075067845,-0.005161017,-0.006451189125000001
2025-01-25,12.299999999999985,18.654000000000007,-6.354000000000022,81552.09,0.007782,0.8351991191044228,65629.34299999225,666827.0,-0.0205136412372244,-0.021685295,-0.023588873,-0.022541905100000002
2025-01-26,64.65800000000002,10.844,53.814000000000014,81644.999,0.008443,0.9630938358853554,75787.06799999386,645284.0,-0.0052483029473915,0.0081617925,-0.00589063,0.0018382023750000004
2025-01-27,362.2649999999982,94.044,268.22099999999824,84007.302,9.8e-05,1.151925973746503,321473.9449999915,3245042.0,-0.007347551113769,0.006394799,-0.0019794405,0.002626391225
2025-01-28,60.85699999999997,58.474999999999945,2.3820000000000263,80331.418,0.009848,1.5188916876574303,169878.36799999623,1665655.0,0.0233856124401334,0.018327763,0.023285065,0.0205585489
2025-01-29,36.141,56.009000000000015,-19.868000000000016,81401.328,0.009949,1.3185717597959656,166964.500999997,1710980.0,0.0094955921810715,0.022035968,0.00025312603,0.012233689113500002
2025-01-30,13.619000000000003,44.71300000000005,-31.094000000000047,82971.285,0.009499,1.008838891120932,136966.55799998928,1263893.0,-0.0221428532511644,-0.019002952,-0.024990194,-0.0216972109
2025-01-31,83.968,30.18000000000005,53.787999999999954,83384.205,0.01,0.8178512997636794,172229.15799999758,1467269.0,-0.0176687741751528,-0.0023891157,-0.013647303,-0.007455299985
2025-02-01,118.34400000000032,18.735,99.60900000000032,84243.297,0.005968,1.5176233635448138,90849.35399999646,832381.0,-0.0295989707224677,-0.030449832,-0.030261196,-0.0303649458
2025-02-02,269.5919999999994,77.44800000000002,192.14399999999935,83565.198,-0.000861,1.6371308016877637,232444.79599999904,2140718.0,0.0364603136848735,0.022552082,0.034339532,0.0278564345
2025-02-03,277.58899999999863,178.6889999999999,98.89999999999873,78320.718,0.004845,2.1595576619273302,386231.8859999995,3971386.0,-0.0358203995142627,-0.029569931,-0.037572153,-0.0331709309
2025-02-04,162.57899999999984,117.946,44.63299999999984,74869.23,0.004138,1.3337222870478411,262740.05600000126,2562783.0,-0.011840104206886,-0.012532444,-0.019380517,-0.015614076850000002
2025-02-05,74.48600000000005,44.976000000000035,29.510000000000012,76443.282,0.00161,1.6702269692923897,148433.3999999977,1546839.0,-0.0006013456532247,0.0044562644,-0.01240243,-0.0031301480800000002
2025-02-06,55.670000000000066,31.41799999999998,24.252000000000084,75205.671,0.005903,1.7540622418066647,161512.03199999986,1549851.0,-0.000492590052028,0.0037243818,-0.00014873594,0.0019814788170000003
2025-02-07,72.53100000000008,90.66799999999994,-18.13699999999986,75992.709,0.005167,1.9753049687592976,222818.03100000293,1855308.0,-0.0006432703479841,-0.001202507,0.0077207163,0.0028129434850000003
2025-02-08,16.09500000000001,27.722,-11.626999999999992,76261.505,0.000324,2.027550711474417,69050.35299999468,637082.0,0.0001867216255035,-0.013525663,-0.0065690354,-0.010395180580000002
2025-02-09,48.86500000000005,30.593999999999983,18.27100000000007,74484.883,0.002839,1.9385836027034968,101172.16299999774,830290.0,0.0099856642396449,0.0061619305,0.00020430982,0.0034810011940000006
2025-02-10,23.419000000000008,53.85600000000005,-30.437000000000044,75990.356,0.007457,2.0284675953967293,132929.92999999534,1186333.0,-0.0171074860302891,-0.0043361387,-0.0132422,-0.008343866285000001
2025-02-11,47.56500000000004,45.18200000000005,2.3829999999999885,79154.91,-0.002446,1.5866528711846872,154797.74999999985,1092322.0,0.0216048635909427,0.031608276,0.014365848,0.0238491834
2025-02-12,47.6610000000001,92.14600000000004,-44.48499999999994,78374.069,0.00496,2.3057851239669422,192302.27900000135,1518274.0,-0.0129769625826394,-0.0058226814,-0.01692219,-0.01081746027
2025-02-13,50.30900000000004,36.788,13.521000000000043,78469.579,0.000805,1.4777006937561945,141965.40099999975,1170373.0,0.0091942983898789,-0.014463363,-0.0014087856,-0.00858880317
2025-02-14,30.373,77.98100000000002,-47.60800000000002,76974.848,0.007093,2.0873726458783572,144452.95699999674,1051745.0,0.000709283367513,-0.008490787,0.0032927617,-0.0031881900849999997
2025-02-15,6.676999999999997,7.716999999999991,-1.0399999999999938,76874.923,0.003735,1.423654871546292,47418.59299999888,451314.0,-0.0149887326438573,-0.009739684,-0.013361774,-0.011369624500000002
2025-02-16,27.82299999999999,4.382,23.44099999999999,76100.96,0.003799,1.4491795248591723,56684.872999998704,463544.0,-0.0035239568777996,0.0009936809,0.012145236,0.006011880695
2025-02-17,55.017000000000074,20.62199999999999,34.39500000000008,76979.624,0.002009,1.7525461051472613,105545.88399999484,809048.0,-0.0011309378701795,-0.001711132,0.006622039,0.0020387949499999997
2025-02-18,164.39699999999996,28.018000000000008,136.37899999999996,81978.937,0.01,2.222687721559781,178917.61700000192,1283924.0,0.0101149954907171,0.016821649,0.01052523,0.013988260450000001
2025-02-19,16.654999999999994,21.12899999999999,-4.473999999999997,77709.146,0.00896,2.3738191632928474,124993.12599999255,941607.0,0.0170369380244537,0.0085908305,0.016457014,0.012130613075000001
2025-02-20,18.699999999999985,125.23600000000012,-106.53600000000012,82419.222,0.007346,1.5853154084798349,129178.38299999626,923148.0,-0.0218328685213347,-0.0047624316,-0.016686395,-0.01012821513
2025-02-21,192.30599999999995,173.357,18.948999999999955,81284.739,-9.7e-05,1.062706270627063,250617.14499999993,1594238.0,0.0038294476827758,-0.01264849,-0.00078818947,-0.007311354761500001
2025-02-22,2.521999999999996,39.75900000000003,-37.23700000000003,79661.406,0.002318,1.9368575624082232,65792.14999999703,499540.0,-0.0030393831239017,0.00034684455,-0.0091235265,-0.0039148224224999995
2025-02-23,17.110000000000014,12.169,4.941000000000013,80418.675,0.001478,1.602811035918792,69298.69099999708,490248.0,-0.0501153577517214,-0.023546886,-0.04479391,-0.0331080468
2025-02-24,232.94999999999985,44.83600000000009,188.11399999999975,90350.535,0.00205,2.003905076599579,216320.62700000324,1568824.0,-0.0318778335074245,-0.022737008,-0.02571369,-0.0240765149
2025-02-25,555.3369999999965,159.1549999999999,396.1819999999966,85152.706,0.001385,2.5816618911174785,464381.3449999985,3805012.0,-0.0512492578566892,-0.025959643,-0.04495176,-0.034506095650000006
2025-02-26,177.41500000000008,173.91899999999984,3.4960000000002367,82319.715,0.01,2.9416633819471816,400831.0889999996,3111530.0,0.0054272577477814,0.00661323,-0.00085163116,0.0032540424780000007
2025-02-27,117.18399999999986,77.01000000000019,40.173999999999666,82513.737,0.009433,2.827018752391887,267581.5329999962,2204432.0,-0.0042427975590886,-0.006970615,-0.014649041,-0.010425906700000001
2025-02-28,481.40199999999834,185.9309999999996,295.47099999999875,78949.036,-0.000373,2.6683785766691117,536079.5899999999,4523726.0,0.0201232660499197,0.019424494,0.024995998,0.0219316708
2025-03-01,49.77200000000001,57.09600000000002,-7.324000000000005,78475.802,-0.000858,1.7948574622694242,146936.769999999,1176855.0,0.0910656416882886,0.08658163,0.09366235,0.08976795400000001
2025-03-02,90.428,436.2429999999994,-345.81499999999943,79052.243,-0.002869,1.7270248159258248,347413.88799999864,2805639.0,-0.0892537611894859,-0.10064868,-0.10266665,-0.1015567665
2025-03-03,283.4039999999996,107.32000000000002,176.08399999999958,71171.182,0.005272,1.2732439190725164,427172.9150000024,3994007.0,0.0122347826584601,0.01754867,0.0057749525,0.012250497124999999
2025-03-04,174.18699999999953,175.68300000000005,-1.496000000000521,67717.19,0.001306,2.286230693394676,426350.1849999971,4412133.0,0.0373765195126338,0.03018058,0.039457813,0.03435533485
2025-03-05,130.58199999999977,75.6800000000001,54.90199999999966,69814.056,0.005028,1.7685492801771874,278942.81299999624,2716798.0,-0.0074679403380368,-0.003468621,-0.0195833,-0.01072022655
2025-03-06,89.74300000000001,66.4850000000002,23.25799999999981,68743.746,0.006818,1.2925263640531868,302945.1669999932,2787373.0,-0.0354258232982402,-0.019924829,-0.040626965,-0.029240790200000005
2025-03-07,263.92099999999937,178.24699999999964,85.67399999999972,69109.274,0.002028,1.4160425223483932,439672.9019999952,4068703.0,-0.0066961981573037,-0.013280032,-0.008339651,-0.01105686055
2025-03-08,29.48399999999997,19.401,10.08299999999997,68422.736,0.001208,2.1665611146295127,96106.1869999894,930337.0,-0.0657662016000646,-0.07713655,-0.06706417,-0.072603979
2025-03-09,598.1539999999998,41.250000000000014,556.9039999999998,70147.088,0.01,2.3244680851063833,221609.34800000183,1893793.0,-0.0268453567037916,-0.021489179,-0.023796655,-0.0225275432
2025-03-10,220.961999999999,133.52499999999975,87.43699999999924,69690.285,0.004037,2.7037037037037037,409979.818999999,3666628.0,0.0537139060247326,0.05787607,0.059496813,0.05860540435
2025-03-11,106.2230000000002,117.931,-11.7079999999998,69966.383,0.008746,2.92156862745098,378175.44599999423,3007224.0,0.0089685020330385,-0.0015585504,0.009175319,0.00327169083
2025-03-12,104.92000000000009,114.74899999999997,-9.82899999999988,68960.482,0.004013,1.795638803466592,296305.29199999216,2301981.0,-0.031123917556556,-0.04890994,-0.049319156,-0.049094087200000004
2025-03-13,95.62900000000003,63.57800000000014,32.050999999999895,72027.98,0.00319,1.8417163967036092,247937.82200000016,1839708.0,0.0347392620472,0.03479474,0.034647368,0.0347284226
2025-03-14,21.943,68.10200000000012,-46.15900000000012,72974.592,0.000357,2.415300546448087,233544.7080000026,1561653.0,0.004220972745168,0.010990215,0.006279584,0.00887043105
2025-03-15,10.829999999999986,13.930999999999992,-3.101000000000006,70619.956,-0.000321,1.2192632046160674,76672.98699998623,570352.0,-0.0211364721204958,-0.035615258,-0.016041428,-0.0268070345
2025-03-16,185.79,32.360999999999976,153.42900000000003,68522.723,0.001247,1.326663564448581,174630.6869999992,1286341.0,0.01723491701172,0.011756826,0.01048084,0.011182632300000002
2025-03-17,35.56700000000005,55.85700000000017,-20.29000000000012,71101.775,0.000859,1.677376171352075,182586.49199999988,1373607.0,-0.0155348697269559,-0.01451903,-0.009497039,-0.012259134050000002
2025-03-18,50.39000000000003,43.847000000000065,6.542999999999964,70450.87,0.003514,1.3078698361412415,187710.4060000004,1354304.0,0.0487344175789452,0.03851196,0.052052595,0.04460524575
2025-03-19,29.23999999999999,225.39799999999968,-196.1579999999997,76223.033,0.005024,2.114294612270321,247159.43300000016,1735452.0,-0.0306630706836426,-0.03182748,-0.03257525,-0.032163976500000004
2025-03-20,90.53200000000002,36.008,54.52400000000002,70729.635,0.001086,1.047921359819783,242883.73200000037,1513324.0,-0.0015994092488558,-0.0074065262,0.0065366775,-0.0011320845350000007
2025-03-21,33.66700000000003,25.347999999999985,8.319000000000045,70734.527,0.002518,1.6427061310782238,144331.25299999883,988195.0,-0.0029560066348182,-0.0049569625,-0.0022477433,-0.0037378138600000005
2025-03-22,10.188999999999997,10.537999999999997,-0.3490000000000002,70126.971,0.005092,1.5713551041398817,52206.796999998114,367242.0,0.02638888098096,0.0035502822,0.02409105,0.012793627710000002
2025-03-23,4.374999999999995,47.66600000000003,-43.29100000000004,72901.0,0.00402,1.5497195308516063,90899.8399999934,558622.0,0.0163116258283668,-0.00641005,0.023439366,0.0070221872
2025-03-24,87.583,74.14500000000011,13.437999999999889,77220.301,-0.003422,1.1920210434020169,210887.77000000008,1330201.0,-0.0012040641846589,-0.0039773537,0.0038935542,-0.0004354451450000001
2025-03-25,30.26699999999998,31.448999999999984,-1.1820000000000022,75022.467,-0.003776,0.8218254691200583,173476.57699999897,1155428.0,-0.0055501500919206,-0.0050606024,-0.0068066344,-0.005846316800000001
2025-03-26,47.742000000000075,32.871,14.871000000000071,70460.569,-0.003082,0.9175455417066156,187813.6820000014,1077741.0,0.0037078004164339,-0.007762445,-0.003457345,-0.00582515
2025-03-27,29.204999999999977,42.61600000000005,-13.411000000000072,70730.297,-0.00376,1.0933640360058612,163406.63100000186,998268.0,-0.0327151282624953,-0.016243251,-0.031044811,-0.022903952999999998
2025-03-28,139.8250000000001,41.53800000000009,98.287,73853.627,0.008118,1.02757502027575,221847.66999999873,1406425.0,-0.0212590631891735,-0.02066912,-0.025492169,-0.02283949205
2025-03-29,84.988,25.803999999999988,59.18400000000001,71040.888,0.00253,2.067484662576687,135511.01299999657,938258.0,-0.003133210305684,-0.015436294,0.002723761,-0.00726426925
2025-03-30,130.54500000000007,39.047,91.49800000000008,69928.729,0.004588,2.0084235860409145,109565.8799999927,826511.0,0.0019403425512951,-0.016429877,0.009671167,-0.0046844072
2025-03-31,80.22600000000014,68.5010000000001,11.725000000000035,68839.759,0.001845,1.9985007496251872,211972.28200000015,1605549.0,0.031108055610872,0.021994011,0.03556178,0.02809950705
2025-04-01,36.324000000000005,65.37700000000007,-29.05300000000006,71536.185,0.003573,1.9655990510083037,197042.91800000233,1368414.0,-0.0315166187211986,-0.020218492,-0.034209184,-0.0265143034
2025-04-02,118.76900000000006,83.99200000000013,34.77699999999993,69850.936,0.000733,1.11999152003392,326452.4519999966,2391677.0,0.0084089387880865,-0.009325338,-0.008004166,-0.008730810600000001
2025-04-03,55.837000000000096,61.132000000000104,-5.295000000000009,71577.833,0.006484,1.4740227610094012,239163.13300000055,1754173.0,0.0081002000260586,-0.012747319,0.005359508,-0.0045992468500000005
2025-04-04,111.22199999999994,86.94200000000005,24.279999999999887,72827.953,0.008038,1.952465308532625,353091.03599999315,2419253.0,-0.0042033687594589,0.0037324766,-0.00034084916,0.0018994800080000002
2025-04-05,31.133999999999947,26.713999999999995,4.419999999999952,70787.397,0.000408,1.2104332449160031,99504.17799999008,697363.0,-0.0630949912246183,-0.07196024,-0.06556929,-0.06908431250000001
2025-04-06,156.1020000000003,51.23000000000004,104.87200000000024,73132.127,-0.000603,1.6178010471204187,281190.18699999974,1914030.0,0.0093055424346957,0.0042405697,0.0077648535,0.005826497410000001
2025-04-07,245.6119999999997,292.4959999999996,-46.88399999999987,70875.738,0.004998,2.2061558191728117,638972.9320000076,4548537.0,-0.0365453144265597,-0.02440092,-0.031208292,-0.0274642374
2025-04-08,120.93400000000015,61.12400000000002,59.81000000000014,73337.116,0.003134,1.6096033402922756,328380.07299999276,2341457.0,0.079227189821367,0.06082393,0.07869576,0.0688662535
2025-04-09,170.03099999999995,176.98100000000022,-6.950000000000273,74631.203,0.006856,2.1397174254317113,548090.8739999988,3920538.0,-0.0370881278659993,-0.046887025,-0.040883444,-0.04418541355
2025-04-10,122.58700000000007,43.89900000000002,78.68800000000005,73548.459,0.006775,0.8942981625307824,293661.2299999961,2188105.0,0.0468283226478618,0.048433036,0.04085097,0.0450211063
2025-04-11,85.14000000000009,127.08199999999992,-41.94199999999984,78185.961,0.00329,1.7495188342040144,295561.73699999554,2044319.0,0.0219694890766071,0.014117916,0.026685338,0.0197732559
2025-04-12,23.358999999999995,104.72899999999976,-81.36999999999976,80934.143,0.005388,0.7796760989499911,157204.86099999913,1185075.0,-0.017948042350266,-0.032954853,-0.022866637,-0.0284151558
2025-04-13,63.71800000000011,31.21799999999999,32.50000000000012,77521.876,0.009642,0.7370158068438423,207038.06500000003,1466380.0,0.0098791679099754,0.019345956,0.0061651096,0.013414575120000001
2025-04-14,45.249000000000066,50.1260000000001,-4.877000000000031,75814.924,0.002428,0.9550342130987292,207919.872000001,1502166.0,-0.0112651566020129,-0.012634476,-0.005611904,-0.009474318600000002
2025-04-15,47.94800000000007,32.63899999999998,15.30900000000009,77416.412,0.001883,0.919017463058914,184510.50400000173,1311170.0,0.0046088222541111,0.011679666,0.016698793,0.01393827315
2025-04-16,76.76400000000002,54.80400000000008,21.959999999999944,76321.547,0.001978,1.0387359836901122,209430.0190000031,1451424.0,0.0108598449834591,0.005463701,0.006708689,0.0060239456
2025-04-17,49.08500000000004,42.10500000000004,6.980000000000004,77971.018,0.003425,0.9809825673534074,140830.47700000144,970570.0,-0.0055862822389656,0.0021497393,-0.007671155,-0.0022696631349999998
2025-04-18,7.217999999999995,5.184999999999995,2.0329999999999995,76391.411,0.002995,0.8365472910927455,55213.93699999629,431192.0,0.0071048834511913,0.011127672,0.011552073,0.011318652450000001
2025-04-19,3.6919999999999984,20.613999999999994,-16.921999999999997,79144.96,-0.001953,1.0012007204322595,73380.34799998888,509040.0,0.0012008958529978,0.00723729,0.011727449,0.00925786155
2025-04-20,38.68700000000004,33.80299999999996,4.8840000000000785,77373.844,-0.002258,0.8429782528566163,90618.64099999136,568502.0,0.0270665197044674,0.022191491,0.019676566,0.021059774750000003
2025-04-21,45.18900000000003,91.10000000000016,-45.911000000000136,82078.986,0.001553,1.011667672500503,274030.65699999605,1589325.0,0.0655272558342847,0.042022087,0.048868705,0.0451030651
2025-04-22,41.433999999999955,135.63000000000002,-94.19600000000008,84526.139,-0.007045,0.7412502176562772,333972.83499999915,1932916.0,0.0026514695623873,0.00079952367,0.011360072,0.0055517704185
2025-04-23,75.58800000000008,111.3770000000002,-35.789000000000115,81609.432,0.004587,0.603592046183451,229465.5600000019,1588352.0,0.0030840074520419,-0.0013179798,-0.0041039363,-0.0025716602250000003
2025-04-24,34.718999999999994,74.5409999999999,-39.8219999999999,82838.891,-0.002165,0.6131634134537828,157083.29400000127,1119238.0,0.0069792772557715,0.005313963,0.0036706626,0.004574477820000001
2025-04-25,32.92100000000001,202.944,-170.02299999999997,85982.748,0.00012,0.6479894528675016,191800.14300000263,1358718.0,-0.00011285663183,-0.0009632865,-0.0008488819,-0.00091180443
2025-04-26,14.837000000000003,38.81000000000002,-23.973000000000013,83866.887,0.002855,0.5785319652722968,72463.5309999945,573179.0,-0.0093292171941836,-0.017330458,-0.0026155561,-0.010708752145000002
2025-04-27,23.19599999999998,12.30099999999999,10.89499999999999,84123.547,-0.000421,0.66472448809722,83814.02599998683,633752.0,0.0133703707308452,0.014542851,0.0068325326,0.011073207720000002
2025-04-28,47.434000000000054,55.260000000000105,-7.82600000000005,81887.273,-0.005821,0.710863986313088,194380.5180000005,1177769.0,-0.0079713844339099,0.0074773664,0.007878128,0.00765770912
2025-04-29,38.19400000000002,26.775999999999986,11.418000000000031,81933.189,0.001305,0.6886187098953057,147824.20599999395,1012574.0,-0.000900286970209,0.0013841677,0.0016160235,0.00148850281
2025-04-30,43.87200000000006,110.95,-67.07799999999995,80042.896,-0.003797,0.7325017325017326,170913.7330000024,1042642.0,0.0243155458100101,0.011328013,0.017168157,0.013956077800000001
2025-05-01,18.004999999999985,84.32500000000013,-66.32000000000015,85982.585,-0.008028,0.7752529735487308,184516.6970000048,1111757.0,0.0041083526584184,0.00066227233,0.0035672337,0.0019695049465000003
2025-05-02,23.97700000000002,44.83200000000005,-20.85500000000003,86192.439,-0.008689,0.5713387806411062,139179.46499999837,900224.0,-0.010695349046804,0.0058535524,-0.009601377,-0.0011011658299999992
2025-05-03,60.94000000000004,7.811999999999996,53.12800000000004,83718.271,-0.001483,0.6157699143641945,71420.00699999505,497814.0,-0.0166076131092118,0.005334423,-0.009486437,-0.0013349640000000001
2025-05-04,42.941,6.219999999999995,36.721,81779.734,0.003745,0.7129153819801302,94260.38399999388,630713.0,0.0048257525878714,0.005209965,0.006113384,0.0056165035500000005
2025-05-05,40.71500000000009,43.32800000000003,-2.6129999999999427,80387.485,-0.002247,0.8018018018018018,154895.35799999835,940016.0,0.0219287924377571,0.005209714,0.018995352,0.0114132511
2025-05-06,68.98900000000016,53.06600000000004,15.923000000000124,82530.321,0.000757,0.8573551263001484,173610.57499999387,999529.0,0.0020269832486352,0.02220105,0.02560702,0.023733736500000005
2025-05-07,28.70700000000001,61.32300000000011,-32.6160000000001,81441.215,0.00132,0.7208742040956806,185263.0469999944,1064177.0,0.062240212129403,0.024710575,0.04714579,0.034806421750000004
2025-05-08,50.126000000000026,304.7799999999997,-254.65399999999968,79512.538,0.005728,0.5923566878980893,317412.43499999697,1805540.0,-0.002808564699583,-0.0012527984,0.016735695,0.006842023629999999
2025-05-09,36.42,69.45800000000011,-33.03800000000011,78464.263,0.004378,0.5842839036755387,172499.0419999913,1308619.0,0.0176876933678986,-0.006331444,0.003882423,-0.0017352038500000006
2025-05-10,8.201999999999996,75.19600000000003,-66.99400000000003,79948.663,0.004257,0.6023073225444641,104376.2039999935,804579.0,-0.0066198315306778,0.0003136699,0.0043210983,0.00211701268
2025-05-11,52.51000000000007,26.998999999999985,25.511000000000084,81329.656,0.01,0.6254876462938881,139030.14099999605,1025575.0,-0.0128239576779254,0.009055933,-0.0045519695,0.0029323768750000004
2025-05-12,103.1770000000001,62.91400000000002,40.26300000000008,81618.021,0.002301,0.6178611875101115,254857.41899999825,1714639.0,0.0126867961942682,-0.012563603,0.017900243,0.0011451277000000008
2025-05-13,22.545,58.31999999999998,-35.77499999999998,82269.046,0.007256,0.8060321473722233,161945.3969999946,1192178.0,-0.0057405444459615,-0.007309089,-0.0017625019,-0.004813124805000001
2025-05-14,38.802000000000014,34.661,4.1410000000000124,80225.911,0.003175,0.680672268907563,126235.6499999948,924803.0,0.0024691295519918,-0.0056347484,0.010575756,0.0016599785800000002
2025-05-15,93.71400000000006,46.162000000000056,47.552,79522.671,0.001439,0.7482517482517481,169776.2889999975,1271304.0,-0.0028935353660735,-0.0043251496,-0.0062826797,-0.005206038145
2025-05-16,18.677000000000017,27.685000000000016,-9.008,80262.807,0.004768,0.7618040873854828,115487.73599999452,921351.0,-0.0032649150658752,0.0016799753,-0.0043621287,-0.0010389714999999998
2025-05-17,33.53200000000001,9.230999999999998,24.301000000000013,78575.223,0.000597,0.6897600540723218,90329.78599998965,803143.0,0.0317575648000758,0.010014177,0.021415886,0.01514494605
2025-05-18,43.375000000000014,103.24800000000002,-59.873000000000005,80966.919,0.01,0.750393838613688,171477.6029999983,1319051.0,-0.0083057432217508,0.0082010105,0.0055494793,0.007007821460000001
2025-05-19,59.23299999999994,49.569,9.663999999999938,82339.824,0.00211,0.6313213703099512,256493.0739999998,1832245.0,0.0120162220708373,0.007509581,0.018312346,0.012370825250000002
2025-05-20,38.99800000000008,76.24100000000001,-37.24299999999993,83825.059,0.001266,0.6046213093709885,226168.5769999978,1659223.0,0.0258127744242102,0.011063106,0.00552959,0.0085730238
2025-05-21,50.21300000000007,124.07400000000028,-73.86100000000022,86979.243,0.005119,0.5236934328813043,404753.41499999526,2717295.0,0.0185441127291969,0.002128472,0.011061914,0.006148520900000001
2025-05-22,22.018000000000026,78.68200000000012,-56.66400000000009,88028.268,0.01,0.4940983116689078,246036.6019999953,2026566.0,-0.0399835903745309,-0.018536812,-0.03822051,-0.027394476100000002
2025-05-23,105.8940000000002,53.91200000000005,51.98200000000016,84033.878,0.008614,0.4641288433382137,268635.16899999615,2138040.0,0.004125071563271,-0.013057208,0.004596658,-0.005112968300000001
2025-05-24,18.647,25.12300000000003,-6.476000000000031,86274.171,0.007837,0.7117425539198904,165133.14799999297,1187995.0,0.011462065339149,-0.013759939,-0.00012942404,-0.007626207268000001
2025-05-25,24.099999999999984,44.08600000000002,-19.986000000000036,87957.127,0.003651,0.710863986313088,159462.75699999428,1246170.0,0.0039425248895827,-0.0041365623,0.0075361133,0.00111614172
2025-05-26,9.832999999999991,29.821000000000023,-19.98800000000003,90168.304,0.009782,0.7488632388947184,146986.01599999372,1187650.0,-0.0045483731700137,0.005569432,-0.0046440884,0.00097334782
2025-05-27,74.39800000000002,64.75400000000008,9.643999999999949,86809.172,0.002476,0.6079755587715068,223591.64399999584,1685898.0,-0.010671846084497,-0.009105362,-0.00335221,-0.0065164436000000004
2025-05-28,41.372000000000014,15.765999999999982,25.60600000000003,87219.97,0.005368,0.6482610845557936,158370.37399999512,1220429.0,-0.0205473253252073,-0.0020150836,-0.023559384,-0.01171001878
2025-05-29,61.56999999999997,30.65100000000001,30.91899999999996,85632.374,0.008379,1.0521239482864766,213094.0769999948,1584450.0,-0.0153100281575468,-0.0036985257,-0.01047764,-0.0067491271350000005
2025-05-30,139.84600000000032,32.92600000000002,106.9200000000003,82413.942,0.007392,1.1872265966754156,212937.7829999923,1671186.0,0.0058146455448113,0.009214209,0.010205127,0.0096601221
2025-05-31,93.86700000000016,33.822000000000024,60.04500000000014,83549.597,0.004687,1.2031284423881912,103607.83899999148,933145.0,0.0099989031960419,-0.004581521,0.012731269,0.0032092345
2025-06-01,18.18000000000001,36.23699999999999,-18.056999999999977,82802.078,0.004117,1.190580503833516,97412.926999996,812610.0,0.0020336561573319,0.006791058,0.0029829592,0.005077413540000001
2025-06-02,23.27500000000003,39.459000000000024,-16.183999999999994,81996.392,0.004467,1.1362956633198034,158239.977999993,1238415.0,-0.0045551268035755,0.017239258,0.01261694,0.015159214900000002
2025-06-03,31.713000000000022,28.81299999999999,2.9000000000000306,82484.507,0.004456,1.0716801325875285,139199.6719999926,1059559.0,-0.0064742251263645,-0.0031890841,-0.013256423,-0.007719386605000001
2025-06-04,29.899000000000022,21.684000000000008,8.215000000000014,80788.876,0.000962,0.9208605455243948,118487.93599999956,879310.0,-0.030924814911037,-0.0018130008,-0.015491672,-0.00796840284
2025-06-05,119.57100000000014,120.11700000000005,-0.545999999999907,82245.615,0.005156,1.0316944331572533,243421.29899999945,1663536.0,0.0270162096650299,-0.001999913,0.022101045,0.0088455181
2025-06-06,18.475999999999992,62.61599999999997,-44.13999999999998,84605.478,-0.002995,1.426595486532395,173024.13399999178,1174559.0,0.0120446218481458,0.0005476838,0.006846167,0.0033820012400000003
2025-06-07,1.690999999999998,24.871,-23.18,83204.025,0.000294,0.7349063150589868,79833.17299999483,630771.0,0.0017213626629395,-0.00175275,0.0023589209,9.750190500000002e-05
2025-06-08,9.682999999999996,18.40799999999999,-8.724999999999994,82509.361,-0.003602,0.6820857863751051,75104.50299999502,590431.0,0.0419420963494108,0.030335477,0.034040794,0.03200286965
2025-06-09,11.140999999999996,111.43100000000013,-100.29000000000012,86405.898,0.003057,0.6675004168751042,192872.1710000008,1292028.0,0.0001031117578662,0.0045373505,-0.004562296,0.00044250957499999966
2025-06-10,116.75400000000022,63.85300000000005,52.90100000000017,84491.305,0.008165,0.5151515151515151,152158.34999999282,1187178.0,-0.0148849235207304,-0.012359547,-0.027481765,-0.0191645451
2025-06-11,40.878000000000064,28.420000000000023,12.45800000000004,82283.89,0.005039,0.528584530724549,132330.06899999914,1123589.0,-0.0277493887872797,-0.012535084,-0.015128605,-0.01370216845
2025-06-12,2021.626999999998,22.18500000000001,1999.441999999998,79454.049,0.001198,0.6152479405588759,185759.32799999588,1382990.0,0.0037297023772637,0.0071801757,0.004814163,0.006115469985
2025-06-13,119.87900000000032,85.33700000000006,34.54200000000026,78494.525,0.003857,0.934610176049526,240730.1799999925,2053565.0,-0.0061655785271081,-0.010953639,-0.0026791766,-0.007230130919999999
2025-06-14,15.232999999999974,8.714999999999996,6.517999999999978,78207.416,0.001135,0.8539117538005192,79910.61399999294,668290.0,0.0017001202861059,-0.013476109,0.006709233,-0.0043927051
2025-06-15,12.905999999999992,31.31400000000004,-18.408000000000047,78622.343,0.007369,0.8800526414739613,78819.39899999158,668841.0,0.0113050618075085,0.01468491,0.019963738,0.0170603826
2025-06-16,22.860000000000007,76.51200000000019,-53.65200000000018,77972.137,0.002793,0.881821603312006,166798.7099999963,1300719.0,-0.0212300913561662,0.00042803306,-0.011334784,-0.004865234617
2025-06-17,118.91500000000032,35.937000000000026,82.97800000000029,76549.913,0.002211,0.5966789078716269,226032.5589999951,1650973.0,0.0032048660451344,0.010935515,0.0033555403,0.007524526385000001
2025-06-18,53.818000000000026,49.70900000000002,4.109000000000009,76488.238,0.006692,1.153316106804479,172691.50399999545,1372368.0,-0.0021779540173216,-0.0069512646,-0.010354042,-0.008482514430000001
2025-06-19,18.871,17.74599999999999,1.125000000000007,77791.664,0.002396,1.035002035002035,87695.54299999378,657593.0,-0.013085610610986,-0.013330981,-0.0066536292,-0.010326172690000001
2025-06-20,110.1450000000003,40.46099999999998,69.68400000000031,77503.658,0.0024,1.0374898125509373,199102.03999999593,1199739.0,-0.0114692277493535,-0.004742863,-0.010221012,-0.00720803005
2025-06-21,76.52400000000027,29.256000000000007,47.268000000000264,75459.758,0.00744,1.2763487366264512,120241.52899999876,824643.0,-0.0113859602263612,-0.0051173144,-0.008531742,-0.00665380682
2025-06-22,108.47700000000012,82.92800000000008,25.549000000000035,78681.235,0.004145,1.218278615794144,293430.23799999745,1973926.0,0.0423728593887915,0.03417695,0.04875122,0.040735371500000006
2025-06-23,53.377999999999986,191.19499999999965,-137.81699999999967,72607.373,0.004889,1.2002200220022,297206.53399999434,1881378.0,0.007086217120932,-0.015348784,0.0050539635,-0.006167547625000001
2025-06-24,40.30099999999996,37.84500000000001,2.4559999999999462,75447.91,0.000447,0.77210703526493,144441.33499999394,1017864.0,0.0117849635445264,0.011726227,0.0067960173,0.009507632635
2025-06-25,20.802,58.64199999999996,-37.83999999999996,76623.634,0.000962,0.6633399866932802,159209.10199999262,1035226.0,-0.0036728244556734,0.0024220473,-0.0008620173,0.0009442182300000003
2025-06-26,23.64200000000002,43.563000000000045,-19.921000000000024,77710.984,0.000682,0.5264845061822623,114425.21599999424,853826.0,0.0009395562683032,0.009932962,0.011402324,0.0105941749
2025-06-27,23.727000000000007,19.928999999999984,3.798000000000023,75328.999,0.002557,0.537751806858373,118632.37199999178,754627.0,0.0023252311283279,-0.004552695,0.0031427369,-0.0010897506449999998
2025-06-28,0.7690000000000001,10.44099999999999,-9.67199999999999,75521.818,0.004434,0.5691197238349287,35670.09400000031,310554.0,0.0098319522617806,0.02223678,-0.0031421557,0.010816258935000002
2025-06-29,10.538999999999998,67.01600000000009,-56.47700000000009,77914.499,0.01,0.5678896205707118,79448.22099999433,528231.0,-0.0112336284308618,0.0041147536,0.0022198558,0.0032620495899999997
2025-06-30,35.60900000000001,160.99300000000002,-125.384,76423.952,0.004923,0.5554518587649712,113095.55699999227,720219.0,-0.0137706094588061,-0.00017093495,0.012655817,0.0056011034275
2025-07-01,68.44700000000005,12.233999999999982,56.213000000000065,74366.308,0.001109,0.6038492381716118,120426.613999994,788444.0,0.0295406654537462,0.0147181265,0.028303932,0.020831738975
2025-07-02,18.227000000000025,115.97700000000012,-97.75000000000009,81359.999,0.00413,0.7534630896019638,177561.1429999965,998681.0,0.0067313833656417,0.01590978,0.03287302,0.023543238
2025-07-03,31.49700000000003,54.62600000000005,-23.12900000000002,82933.285,0.005028,0.440922190201729,141413.541999993,944303.0,-0.0147132057075669,0.007612927,0.041692626,0.02294879155
2025-07-04,67.99800000000005,15.648999999999988,52.34900000000006,79505.642,0.001797,0.4543339150668993,132210.3269999948,790048.0,0.001978700480306,0.014372905,0.01814203,0.01606901125
2025-07-05,2.8169999999999975,6.011999999999999,-3.195000000000001,79292.41,0.004005,0.6730801405387317,36652.03399999936,325846.0,0.0092522364973248,0.008223635,0.020765703,0.0138675656
2025-07-06,7.477000000000001,34.74700000000002,-27.27000000000002,77923.119,0.001028,0.6241676140977749,72385.50399999617,529492.0,-0.0086533296829767,-0.0020761113,0.027413905,0.011194396035
2025-07-07,35.629000000000026,14.580999999999989,21.048000000000037,78233.659,0.004271,0.5931177314003504,106392.49999999684,753240.0,0.0060781291164992,-0.0016940241,0.019556344,0.007868641544999999
2025-07-08,18.005999999999993,37.73800000000002,-19.732000000000028,78098.208,0.003601,0.6658337497917708,95152.26899999348,678373.0,0.0209949736167125,0.02318921,0.025737159,0.024335787050000002
2025-07-09,19.71300000000002,191.72499999999997,-172.01199999999994,85653.998,0.004253,0.5780337699226764,167798.28900000238,1002793.0,0.0420403937093798,0.014972778,0.03004478,0.0217551789
2025-07-10,32.12700000000002,137.6830000000004,-105.55600000000038,85102.804,0.001908,0.4499057561258518,211632.21399999913,1314075.0,0.0129973158489828,0.011806096,0.022504706,0.0166204705
2025-07-11,55.83200000000005,114.97500000000034,-59.143000000000285,87799.78,0.01,0.4594279042615295,199548.0539999937,1464297.0,-0.0009164595002584,0.018891467,-0.0008964166,0.009986919379999999
2025-07-12,20.276000000000018,15.687999999999994,4.588000000000024,88026.815,0.01,0.4731879787860931,63691.120999988154,559347.0,0.0140940447900117,0.011447567,0.024737012,0.017427817249999998
2025-07-13,13.002999999999997,35.429000000000045,-22.426000000000048,89416.788,0.01,0.4830194275545009,90016.44099999826,748717.0,0.0063160707563305,-0.005666492,0.0027716234,-0.0018693400700000005
2025-07-14,63.469999999999985,865.5009999999961,-802.0309999999961,93068.079,0.01,0.4843402107763099,221397.6019999946,1667586.0,-0.0175349307627001,-0.013509898,0.013486989,-0.0013612988500000004
2025-07-15,119.67800000000037,78.27900000000022,41.39900000000014,89716.092,0.01,0.5790304752881731,269312.15099999297,1939992.0,0.007380594962262,0.025591046,0.021644227,0.02381497745
2025-07-16,48.20600000000002,82.98700000000017,-34.78100000000015,89542.409,0.01,0.8171906232963837,158982.56299999464,1306125.0,0.0046014514935439,-0.0045506023,-0.03221526,-0.016999698265
2025-07-17,49.71299999999995,79.75900000000001,-30.046000000000063,89606.257,0.01,0.7032873445750298,164182.14299999908,1334573.0,-0.0105670095006562,0.03481272,0.008417368,0.0229348116
2025-07-18,547.8909999999956,57.52700000000003,490.3639999999956,89346.387,0.01,0.6385384237260363,162154.18899999492,1380006.0,-0.0007197002204577,-0.001328421,-0.0033058673,-0.002218271835
2025-07-19,17.822,8.683,9.139,87690.395,0.01,0.8138944313440957,52524.87599999185,527822.0,-0.0048904179181157,0.039300278,-0.0124972835,0.015991375325000005
2025-07-20,17.585999999999995,55.60699999999999,-38.021,89274.789,0.01,0.817520901490367,81369.79299999653,705679.0,0.0009822478512298,-0.0151062785,-0.009212479,-0.012454068725000001
2025-07-21,52.80200000000003,76.61800000000011,-23.81600000000008,90302.169,0.01,0.893939393939394,141699.0239999931,1137689.0,0.021692235206272,0.0021680393,0.026018657,0.012900817265
2025-07-22,49.90900000000006,55.60900000000002,-5.69999999999996,90078.487,0.01,1.0189783969311528,186721.2359999926,1308764.0,-0.0100409535459071,0.007650835,0.012682695,0.009915172
2025-07-23,77.79200000000012,33.74900000000002,44.0430000000001,87171.619,0.01,0.6897600540723218,133756.69399999618,920807.0,-0.0035006808084236,0.000861458,-0.0012453422,-8.660209000000004e-05
2025-07-24,88.26400000000012,33.26100000000003,55.00300000000009,89594.648,0.01,0.8910741301059001,136137.75599999478,1005391.0,-0.0061594912042917,-0.0019517308,-0.00019493699,-0.0011611735855000002
2025-07-25,179.7710000000001,43.8050000000001,135.966,91505.542,0.01,0.8248175182481753,259692.39699999584,1783240.0,0.0025956319026292,0.003910138,0.023129366,0.0125587906
2025-07-26,0.8710000000000002,14.057999999999996,-13.186999999999996,89285.633,0.01,1.1026072329688814,57218.18099998683,487293.0,0.0126030833468195,-0.010014813,0.00459712,-0.00343944315
2025-07-27,9.320000000000004,42.98100000000001,-33.661,90391.423,0.01,0.8667164457718872,75977.14099999814,621776.0,-0.011396806340219,0.022574347,-0.01914043,0.003802697350000002
2025-07-28,74.75500000000007,38.68700000000004,36.068000000000026,91806.946,0.01,0.795654516071108,106702.99699999868,985030.0,-0.000945371403219,-0.0006453316,0.012012236,0.00505057382
2025-07-29,51.72700000000002,30.14800000000004,21.57899999999998,90961.213,0.01,0.95160031225605,114933.53999999544,1013839.0,-0.0009369312651674,0.012721697,0.0033834875,0.008519502725000001
2025-07-30,59.25599999999998,30.16000000000006,29.09599999999992,91478.128,0.01,1.009646302250804,122664.22899999858,1132106.0,-0.0177759909386789,0.02125217,-0.014632128,0.005104235900000002
2025-07-31,100.79200000000009,20.270000000000017,80.52200000000008,90250.562,0.01,1.0429009193054135,135023.7789999948,1050065.0,-0.0215334292496773,-0.005673988,0.007164359,0.00010326815000000038
2025-08-01,160.15700000000035,30.50900000000005,129.6480000000003,89001.461,0.005681,1.1542438604049978,212674.84899999635,1850527.0,-0.0066557609918458,-0.0076445686,0.013540976,0.0018889264699999998
2025-08-02,50.253000000000064,17.808999999999983,32.44400000000008,85727.715,0.004437,1.5031289111389234,102158.4969999974,919520.0,0.0146632152506764,-0.009962948,0.02229108,0.004551364600000001
2025-08-03,6.820000000000003,45.35000000000001,-38.53000000000001,85204.868,0.007504,1.553626149131767,62803.720999991776,642718.0,0.0073821836009084,0.020529222,0.0040820017,0.013127972865
2025-08-04,16.855,41.17200000000002,-24.317000000000014,84826.713,0.003912,1.4943876278373658,83325.70999999989,853424.0,-0.0080745765687897,0.020571772,0.012658022,0.017010584500000002
2025-08-05,52.20899999999998,34.16400000000003,18.044999999999952,83845.763,0.004784,1.4044241404183695,119072.46199999792,1115301.0,0.0075289496341817,0.018540513,0.004825633,0.012368817000000002
2025-08-06,16.972999999999992,43.69600000000002,-26.723000000000027,83760.105,0.008288,1.4679170779861794,98562.63499999656,883120.0,0.0213351837283326,0.011815635,-0.018384017,-0.0017742083999999995
2025-08-07,16.196999999999992,62.669,-46.47200000000001,82981.138,0.006275,1.181976871045167,133898.34999999646,965919.0,-0.0068100290199488,0.011408174,0.0018114373,0.007089642485
2025-08-08,20.918000000000003,25.724999999999977,-4.806999999999974,82225.983,0.007973,1.0108586366378445,89111.35799999519,803967.0,-0.0018228772606168,-0.009265941,0.019077472,0.0034885948500000003
2025-08-09,16.69199999999999,35.943999999999996,-19.25200000000001,84002.011,0.005151,1.0859407592824364,77912.26599999145,599083.0,0.0240239321270632,-0.008786653,0.0092140995,-0.000686314375000001
2025-08-10,25.663000000000004,38.471999999999994,-12.80899999999999,86953.627,0.01,1.247696111485727,130254.26699999224,968150.0,-0.0051097680255924,0.023924278,0.01903858,0.021725713900000002
2025-08-11,97.12600000000003,93.13200000000036,3.993999999999673,89722.788,0.01,0.9387359441644048,217065.7339999925,1710575.0,0.0121271021010791,0.02965413,0.017175853,0.02403890535
2025-08-12,22.710999999999984,48.61300000000003,-25.902000000000044,88966.924,0.008543,0.988862370723946,125485.76699999809,1063402.0,0.0260641056770225,-0.008429616,0.013372425,0.00138130245
2025-08-13,37.077000000000005,141.9270000000004,-104.8500000000004,93243.329,0.01,1.02757502027575,187785.59799999883,1467380.0,-0.0414902925662925,0.00911201,-0.008804783,0.00104945315
2025-08-14,93.48300000000027,41.44500000000001,52.03800000000027,91923.646,0.01,0.7400382808421786,224340.0409999935,1857118.0,-0.0080890915304365,0.014841702,0.020929337,0.01758113775
2025-08-15,93.20400000000006,16.81299999999999,76.39100000000008,89020.686,0.003722,1.328830926874709,120107.74799999768,1182012.0,0.000328983934688,-0.009269679,-0.01770141,-0.01306395795
2025-08-16,6.135999999999998,5.214,0.921999999999998,90565.539,0.009023,1.3803856224708404,46510.807999990815,454586.0,0.0002074232221005,-0.013045479,-0.00356438,-0.008778984450000001
2025-08-17,45.45099999999999,10.586,34.864999999999995,89557.528,0.001862,1.303086135421465,54358.41499999583,501636.0,-0.0100839754772934,-0.003379919,0.003431864,-0.00031461665
2025-08-18,82.06200000000018,28.255000000000003,53.80700000000018,87484.442,0.005296,1.337540906965872,146112.6979999908,1297286.0,-0.0292828443291046,0.0023162505,0.010666132,0.006073697175
2025-08-19,199.29399999999995,19.034,180.25999999999996,87861.007,0.003167,1.3747328425552126,140939.41099999315,1372901.0,0.0123121592980695,0.017413545,-0.009483151,0.005310031799999999
2025-08-20,48.53299999999999,43.037000000000056,5.495999999999931,85992.179,0.004936,1.649708532061473,130502.44499999692,1253187.0,-0.0156216989473509,0.008650979,-0.022638544,-0.0054293063499999995
2025-08-21,51.24200000000005,12.344999999999992,38.897000000000055,89649.294,0.007414,1.6253609871357309,96400.61299999886,1029734.0,0.0386734694256478,0.01641249,0.012269922,0.0145483344
2025-08-22,46.180999999999976,68.81600000000005,-22.63500000000007,88575.3,0.005867,1.8735632183908049,163799.78099999565,1379676.0,-0.0128926686390684,0.0038646122,0.025836714,0.01375205801
2025-08-23,38.44800000000003,11.895000000000003,26.553000000000026,91745.999,0.009711,1.343017806935333,78413.67799998699,636622.0,-0.0169876628753389,0.010041416,0.006143965,0.00828756305
2025-08-24,43.638000000000055,15.905999999999985,27.73200000000007,93740.164,0.01,1.669514148424987,98067.27900000106,955191.0,-0.0302485115739088,0.021665359,0.013810795,0.018130805200000003
2025-08-25,141.12500000000065,66.35700000000001,74.76800000000064,90120.192,0.008344,1.7925160569673273,191847.5119999975,1755593.0,0.0148846782912901,0.017033929,0.0084311105,0.013162660675000002
2025-08-26,29.181000000000054,58.88600000000004,-29.704999999999984,89250.096,0.01,2.0349013657056143,142293.92099999372,1482660.0,-0.0044946559972949,-0.0058172,0.011794686,0.0021081486999999996
2025-08-27,37.68300000000006,31.31800000000002,6.3650000000000375,88135.721,0.003496,1.914602156805596,108258.30899999586,1109875.0,0.0116598412911823,-0.0016824296,0.019482724,0.00784188952
2025-08-28,51.006,32.89000000000004,18.115999999999957,88002.37,0.007512,1.803476310625175,97578.8629999924,969196.0,-0.0379281313827633,0.020850837,0.0022868142,0.01249702674
2025-08-29,98.08500000000038,24.007000000000016,74.07800000000036,89143.382,0.000644,1.6881720430107523,170430.95799999643,1516742.0,0.0040418348867223,0.008582605,0.0034575239,0.0062763185050000005
2025-08-30,29.195000000000057,9.296,19.899000000000058,89548.075,0.008042,2.3233632436025258,60648.75799998706,567738.0,-0.0052517670016207,-0.014675386,-0.033989757,-0.023366852950000003
2025-08-31,38.168999999999976,26.94700000000004,11.221999999999936,89829.187,0.01,2.299241174529858,70149.02499999109,598240.0,0.0091140305348318,0.0021102517,0.005432684,0.003605346235
2025-09-01,74.47000000000011,62.86299999999996,11.607000000000156,88445.913,0.004963,2.1545741324921135,148996.48799999335,1370006.0,0.0181664406573265,-0.00862448,-0.0026956275,-0.005956496375
2025-09-02,46.54599999999999,53.37299999999996,-6.82699999999997,89267.156,0.006356,2.015681544028951,175902.6059999905,1505191.0,0.0041777045760742,-0.0071977708,0.017763607,0.00403484921
2025-09-03,23.31799999999999,48.192999999999984,-24.874999999999993,90303.24,0.002344,1.5188916876574303,105437.76899999408,978065.0,-0.0087651612090677,-0.008459208,-0.011564903,-0.00985677075
2025-09-04,56.42200000000005,43.136,13.286000000000044,88082.451,0.007941,1.3832221163012393,122280.09299999345,1056669.0,-0.0006403155254179,0.014447749,-0.008728482,0.0040184450500000005
2025-09-05,47.38700000000005,53.95800000000001,-6.570999999999962,87251.178,0.007872,1.7203482045701852,178610.04199999172,1456872.0,-0.0042746214974691,0.010095542,-0.007398486,0.0022232294000000003
2025-09-06,14.964999999999996,3.5609999999999973,11.404,86987.646,0.00511,1.774694783573807,46281.95599999447,431260.0,0.00857900818254,0.00094742887,-0.017401926,-0.007309780821500001
2025-09-07,7.833999999999993,15.231999999999998,-7.398000000000004,88886.037,0.006969,1.911208151382824,53834.66999998965,451583.0,0.0083143786859416,0.033967808,-0.0009789839,0.018241751645000005
2025-09-08,27.77100000000001,45.503,-17.73199999999999,91249.639,0.007311,1.671653753673524,99099.05599999438,841195.0,-0.0046405542886382,0.0007960589,0.0032017455,0.00187861787
2025-09-09,67.04000000000002,19.05000000000001,47.99000000000001,92138.716,0.01,1.4003840614498322,136800.28599999164,1031917.0,0.0214069514442627,-0.013362082,-0.016853295,-0.014933127850000002
2025-09-10,23.300000000000033,56.15799999999998,-32.85799999999995,93800.856,0.01,1.796420581655481,144077.31099999457,1070214.0,0.0132731389706215,0.004477834,-0.03667713,-0.014041899800000004
2025-09-11,12.365999999999993,54.651000000000025,-42.28500000000003,92642.997,0.003326,1.1240441801189465,105546.95899999546,891754.0,0.0047231310394018,0.0032348349,-0.004558474,-0.0002721541049999997
2025-09-12,19.153,181.78100000000012,-162.62800000000013,91689.104,0.006891,1.022653721682848,118834.78899999164,899200.0,-0.0009582332889035,-0.005685874,0.03900605,0.014425491799999999
2025-09-13,17.212000000000007,12.561999999999989,4.650000000000018,89213.358,0.003137,0.9872813990461048,52498.35499999323,455733.0,-0.0056256077023171,0.02169361,0.0072104633,0.015176193985
2025-09-14,37.58899999999994,15.436999999999992,22.15199999999995,87745.057,0.003115,1.038320423970648,55083.23299999239,469142.0,0.0007085318805337,0.007900325,-0.008978412,0.00030489335
2025-09-15,38.615999999999985,23.00599999999999,15.609999999999996,88349.349,0.008189,1.080732417811069,117238.349999995,981369.0,0.0124000748497898,0.032637075,0.00919826,0.022089608250000003
2025-09-16,18.367999999999995,21.98799999999999,-3.619999999999994,90736.267,0.006472,1.1767522855899,99414.1029999947,811876.0,-0.0029272448401407,0.0081577785,-0.0005274117,0.004249442910000001
2025-09-17,46.611999999999966,52.84899999999999,-6.237000000000023,87438.143,0.006303,0.9091256204658266,150552.14499999591,1251497.0,0.0053608983982726,0.0121884905,0.0021639466,0.007677445745000001
2025-09-18,13.582000000000011,37.237000000000045,-23.655000000000033,91077.328,0.004208,1.2099447513812154,107120.06199999062,887367.0,-0.0123861781142071,0.0036692172,0.012612313,0.00769361031
2025-09-19,69.41500000000009,5.316999999999998,64.0980000000001,90126.561,0.005264,0.9406171162429652,88087.24699999572,672329.0,0.0004604051447678,0.018979175,0.017762017,0.018431453900000002
2025-09-20,8.205999999999989,7.868999999999995,0.3369999999999935,89154.222,-0.001006,1.2522522522522523,32349.880000006633,285993.0,-0.0039264218421894,0.018025357,0.03299442,0.02476143535
2025-09-21,14.988999999999969,10.24299999999999,4.745999999999979,88677.636,0.003742,1.247696111485727,32773.284000003456,335563.0,-0.0226555490034083,0.050347894,0.019491345,0.036462446950000005
2025-09-22,232.4599999999996,49.873000000000005,182.5869999999996,87111.293,0.004838,1.2655188038060716,156990.60299999328,1278570.0,-0.0058062981699453,0.030707642,0.024548002,0.027935804
2025-09-23,82.88100000000026,15.701999999999986,67.17900000000027,88244.725,0.007478,1.4912805181863478,101906.51799999368,956339.0,0.011612792050812,0.0013998218,0.017633207,0.00870484514
2025-09-24,27.559000000000037,21.300999999999995,6.258000000000042,89147.713,0.004886,1.608242044861763,105236.99799999526,908299.0,-0.0388036185100837,0.020564381,5.2288175e-05,0.011333939228750001
2025-09-25,106.46300000000022,22.355999999999984,84.10700000000024,84821.297,0.00956,1.2401433691756272,174447.12499999156,1495685.0,0.0059364982695484,0.020342752,0.019095577,0.019781523250000002
2025-09-26,60.509,40.089,20.42,84919.841,0.007716,1.803476310625175,111433.66399999669,1111514.0,-6.94091932622598e-05,-0.0008836407,-0.021293104,-0.010067899185
2025-09-27,7.381000000000005,4.141999999999997,3.239000000000008,84550.888,0.007821,1.791736460078169,35808.071000002514,342032.0,0.0227972206435218,0.0058091343,-0.017958298,-0.004886210235000001
2025-09-28,7.416999999999998,49.61200000000003,-42.19500000000003,86090.117,0.005261,1.7824151363383418,77220.07099999695,614121.0,0.0189695620345702,0.02061224,0.013965465,0.01762119125
2025-09-29,21.155000000000015,63.69800000000003,-42.54300000000001,88865.851,3.2e-05,1.4900398406374504,125365.97699999771,983709.0,-0.002303635410767,0.0076648993,0.019270442,0.012887393515000001
2025-09-30,46.65800000000005,66.32400000000007,-19.666000000000015,88524.384,0.002584,1.022653721682848,119261.0729999979,1063050.0,0.0390866760019967,0.005568559,0.005805351,0.0056751154
2025-10-01,24.853000000000023,325.6079999999978,-300.7549999999978,91463.947,0.01,1.0682523267838675,172697.7299999958,1365603.0,0.0161790488991382,-0.015375323,0.0038235858,-0.006735814040000001
2025-10-02,39.40900000000001,119.37900000000026,-79.97000000000025,93673.934,0.009543,0.7838030681412771,145183.99199999505,1351909.0,0.0140275865129559,0.008041789,-0.028693803,-0.0084892274
2025-10-03,86.04300000000008,121.70200000000013,-35.65900000000005,95862.204,0.01,0.6719612104999163,162749.91299999604,1522600.0,0.0012999597126288,-0.013947649,-0.027955525,-0.0202511932
2025-10-04,27.240000000000023,20.22499999999999,7.0150000000000325,96411.676,0.008312,0.6202203499675957,70421.3069999934,651759.0,0.0088770689789274,0.0037698974,-0.0012298003,0.0015200334350000003
2025-10-05,50.32399999999995,49.338999999999864,0.9850000000000848,99286.622,0.009566,0.6276041666666667,162386.7099999921,1482860.0,0.009480412513902,0.022308677,-0.0021404624,0.011306564270000001
2025-10-06,27.415000000000006,79.01200000000011,-51.59700000000011,100083.14,0.005831,0.6611295681063122,139957.34899999274,1472319.0,-0.0270398998328911,-0.0013829453,0.000876382,-0.00036624801499999995
2025-10-07,127.4070000000004,51.85999999999993,75.54700000000047,93159.208,0.006194,0.5598190609889253,172303.57699998803,1576644.0,0.0161306511638574,-0.016756043,-0.022815391,-0.0194827496
2025-10-08,44.08299999999998,123.61800000000018,-79.5350000000002,92249.649,0.005396,0.7857142857142857,126781.23299999554,1402389.0,-0.0134190749805203,0.0016341137,-0.0469578,-0.020232247465000002
2025-10-09,105.74000000000026,40.15700000000007,65.5830000000002,96723.305,0.001455,0.6977928692699491,163568.45799999297,1565434.0,-0.075859746128426,-0.0031931591,-0.015823506,-0.008876815205000001
2025-10-10,909.3459999999984,159.8960000000001,749.4499999999983,72439.474,0.001013,0.904036557501904,283074.7929999942,3255324.0,-0.0190687944931955,-0.008591952,-0.028153546,-0.017394669300000002
2025-10-11,144.5070000000003,66.61800000000002,77.88900000000027,74324.913,0.000467,1.185792349726776,162986.70599999902,2041944.0,0.038252348118231,-0.0016229879,0.00013959408,-0.000829826009
2025-10-12,105.27600000000012,80.71500000000022,24.560999999999908,75910.074,-0.010915,1.4021138601969731,214563.1119999936,2305725.0,0.001800762507921,-0.00435986,-0.051297076,-0.0254816072
2025-10-13,43.62399999999991,46.28300000000002,-2.6590000000001126,76664.481,-0.002305,1.555583950932788,190121.61799999184,1858297.0,-0.0187377515517983,-0.016135799,-0.012369059,-0.014440766
2025-10-14,149.4300000000002,70.43500000000007,78.99500000000013,79277.897,-0.004498,1.3299161230195713,248349.63199999824,2485797.0,-0.0202415028158533,-0.010986704,0.026229057,0.005760388449999999
2025-10-15,88.04800000000019,40.09200000000001,47.956000000000174,78143.096,0.000225,1.674511901577962,130934.76799999812,1963587.0,-0.0234668114929164,-0.03404081,-0.011042446,-0.0236915462
2025-10-16,113.4160000000004,56.01800000000004,57.39800000000035,79748.525,-0.003004,1.9761904761904765,181413.81199999657,2497246.0,-0.0164252229988886,-0.013669738,-0.005086422,-0.009807245800000001
2025-10-17,170.08200000000045,141.3380000000001,28.74400000000034,79029.066,-0.000291,2.4071550255536627,229774.88599999592,2826581.0,0.00705312981834,-0.009393128,0.025312819,0.00622454815
2025-10-18,25.27700000000003,37.15699999999999,-11.87999999999996,82226.2,-0.003681,2.1407035175879394,68478.29299999305,798072.0,0.0135088458148793,0.011806263,0.0138776675,0.012738395025
2025-10-19,35.15500000000004,87.26000000000002,-52.10499999999998,80781.13,0.002787,2.1220730565095223,113185.0319999979,1247783.0,0.0172406334529959,-0.01242981,-0.0062601417,-0.009653459265
2025-10-20,57.44900000000004,52.28000000000001,5.1690000000000325,83834.196,-1.8e-05,2.059975520195838,132115.08399999465,1584512.0,-0.0204222465741938,0.00253142,0.030513778,0.0151234811
2025-10-21,118.06500000000024,100.31100000000016,17.754000000000076,82901.489,-0.002506,1.7078256160303276,240926.3049999949,2755110.0,-0.0067656397595055,0.022970984,0.021873653,0.02247718505
2025-10-22,66.99799999999999,47.565999999999995,19.431999999999995,75962.18,0.005702,1.8097780275358244,175706.50399999446,2196224.0,0.0230728409142155,0.032115035,0.027036723,0.0298297946
2025-10-23,37.576000000000015,57.51000000000008,-19.93400000000007,76577.677,0.003933,2.3003300330033003,129636.26299999052,1637053.0,0.0083834137779135,-0.01788212,-0.01293622,-0.015656465
2025-10-24,48.96700000000005,67.69999999999993,-18.732999999999883,77765.002,0.003224,1.7762354247640195,110614.87399998929,1400974.0,0.0057613153607327,0.029973939,-0.0006638691,0.016186925355000003
2025-10-25,9.333999999999994,12.479999999999992,-3.1459999999999972,79302.093,0.00557,1.6274303730951127,45269.47499998645,532599.0,0.0257578960116831,-0.0143202925,0.00017269701,-0.007798447220500001
2025-10-26,12.731,48.234999999999935,-35.503999999999934,81736.421,0.006904,1.4539877300613495,97335.3869999938,1055343.0,-0.0039511646974528,-0.01871264,0.020023212,-0.001281506600000001
2025-10-27,47.314000000000014,47.10600000000003,0.2079999999999842,78014.208,0.007304,1.2747952684258417,118606.40599999418,1337791.0,-0.0106535589733116,0.009033534,0.0026541129,0.006162794505
2025-10-28,76.14500000000032,31.70300000000003,44.44200000000029,75816.828,0.002992,1.1743857360295715,131087.26399999508,1496877.0,-0.0258148495782304,0.02663752,-0.025834166,0.003025261300000002
2025-10-29,92.08200000000014,50.551,41.531000000000134,78315.562,0.005003,1.4420024420024418,163908.77599998034,1949879.0,-0.0155574958212039,0.0089555625,-0.020646133,-0.004365200475
2025-10-30,137.11700000000025,56.39499999999999,80.72200000000026,77895.686,0.003562,2.04228780042592,205224.50999997897,2454886.0,0.0117940590867657,-0.01126303,0.00093951076,-0.005771886658
2025-10-31,57.87500000000002,149.46399999999997,-91.58899999999994,78354.082,0.01,2.635041802980734,151799.62499996973,1864372.0,0.0044613307556549,-0.020625051,0.008108895,-0.0076947753
2025-11-01,17.251999999999995,13.430999999999992,3.8210000000000033,76676.39,0.009782,1.9708853238265005,41614.22099998544,546468.0,0.0040118114648457,-0.004114906,0.01404899,0.0040588472
2025-11-02,17.164,24.14700000000003,-6.983000000000029,76017.172,0.005635,1.875215641173088,61108.9939999822,785532.0,-0.0364591983685826,0.03810168,0.03961777,0.0387839205
2025-11-03,228.802,38.637999999999984,190.164,77413.57,0.005329,1.918855808523059,174257.99299998462,2377076.0,-0.048892990692746,0.030723073,0.030539382,0.030640412050000003
2025-11-04,415.8339999999967,117.0750000000002,298.7589999999965,81000.529,0.006339,2.2206119162640903,281740.1449999948,3766771.0,0.0232546493159766,0.036937997,0.018129975,0.028474387099999998
2025-11-05,100.4270000000003,90.98300000000008,9.44400000000023,83884.396,0.002816,2.7565740045078884,167768.97499998723,2436928.0,-0.024745258646476,0.03796699,-0.023092948,0.0104900179
2025-11-06,122.9240000000003,34.493,88.4310000000003,82288.283,0.004494,2.3886818027787187,144823.64699998597,2172629.0,0.0194748205542758,-0.009528356,-0.055719122,-0.030314200700000002
2025-11-07,119.26700000000034,97.88600000000028,21.381000000000057,86823.372,0.008631,2.5752592062924564,163966.8709999884,2348707.0,-0.0099794644960748,0.0017484804,0.062279295,0.02898734697
2025-11-08,70.31600000000009,24.044999999999995,46.27100000000009,84269.121,0.00374,2.4141345168999657,70675.35699997665,1000853.0,0.0232822313820761,0.023752736,0.009715952,0.0174361832
2025-11-09,56.08099999999992,80.30800000000006,-24.227000000000142,85494.253,0.008948,2.648303538854433,92261.87599999734,1282049.0,0.0122257015459847,-0.016099364,-0.044749662,-0.028991998100000003
2025-11-10,57.191000000000074,58.395999999999965,-1.2049999999998915,86843.315,0.004979,2.1806615776081424,120394.93099998291,1674215.0,-0.0282425458643338,0.03832435,-0.022108652,0.0111294991
2025-11-11,125.7350000000002,38.39600000000002,87.33900000000017,85638.366,0.005823,1.7624309392265192,132595.12599998535,1840739.0,-0.0137230129311305,0.034339435,-0.017766044,0.01089196945
2025-11-12,180.28299999999996,43.72300000000001,136.55999999999997,85983.137,0.005786,2.3222591362126246,140861.4289999872,1888904.0,-0.0194928961604397,-0.0027386511,-0.030702777,-0.015322507755
2025-11-13,185.05400000000083,130.79300000000015,54.26100000000068,91605.694,0.007448,2.684598378776714,236046.4629999979,3031493.0,-0.0524915845448106,-0.017740978,-0.031254344,-0.023821992700000003
2025-11-14,210.08899999999988,103.77600000000002,106.31299999999986,93382.619,0.009078,3.2625745950554137,286976.91499999014,4100525.0,0.0105394396407181,-0.047534622,-0.0028657094,-0.02743361133
2025-11-15,38.613,43.73099999999997,-5.117999999999974,96864.08,0.005923,3.325259515570934,90220.23299997374,1305142.0,-0.0140612904673638,0.018539492,0.016985763,0.017840313950000002
2025-11-16,135.62699999999998,74.82600000000005,60.80099999999993,98680.902,0.00706,3.1562759767248547,135749.5069999935,1937117.0,-0.0219478729477931,0.038589634,-0.045871764,0.0005820048999999987
2025-11-17,146.80500000000023,73.10800000000002,73.69700000000022,101314.375,0.007208,3.3554006968641117,205160.8149999988,2830980.0,0.0080538963103702,0.028823078,0.04153543,0.0345436364
2025-11-18,95.551,113.72200000000004,-18.171000000000035,99950.766,0.003725,3.657661853749418,232690.91200000828,3078252.0,-0.0152387739374439,0.06727498,0.008745655,0.040936783750000004
2025-11-19,148.651,75.63800000000008,73.01299999999993,100818.842,0.00398,2.656307129798903,226357.9139999916,2743052.0,-0.0552098168918941,0.053238735,-0.034899168,0.013576678650000003
2025-11-20,224.9019999999991,101.94700000000029,122.95499999999882,105039.773,0.008999,3.432624113475178,276512.9339999937,3410379.0,-0.0175568265742427,0.023884144,-0.043227844,-0.006316250599999998
2025-11-21,474.8179999999989,225.4739999999993,249.3439999999996,98405.405,0.002642,3.992511233150274,448560.4169999786,5912771.0,-0.0045881272465209,0.0064866003,0.010409553,0.008251929015
2025-11-22,47.418000000000106,48.51300000000004,-1.094999999999935,98858.739,0.005057,2.606202668589974,94196.9659999766,1547975.0,0.0243675070874846,-0.04612014,-0.006535776,-0.0283071762
2025-11-23,51.87200000000002,72.0730000000001,-20.20100000000009,96643.81,-0.000893,2.4447123665173955,138927.50599998582,1750072.0,0.0167880367876378,0.032488365,-0.07073829,-0.013963629749999994
2025-11-24,67.8980000000002,158.73200000000017,-90.83399999999996,93197.448,0.005044,2.249918752031199,211051.63099999583,2606343.0,-0.0105887043733439,0.003787628,-0.009394459,-0.00214431115
2025-11-25,132.26700000000005,65.92100000000003,66.34600000000002,90025.654,-0.003019,1.9638411381149972,149637.6529999971,1734020.0,0.0350217440422699,0.0057858685,-0.007939838,-0.00039069942499999916
2025-11-26,46.604000000000106,93.2370000000002,-46.63300000000009,88991.255,-0.000419,2.4376074252320383,159000.60500000234,1663578.0,0.0093493089928671,-0.044643246,-0.03541366,-0.0404899323
2025-11-27,40.84700000000002,66.37100000000002,-25.524,90203.553,0.004624,1.7487630566245187,113685.21999996773,1238636.0,-0.0048648838036235,-0.03352987,0.0066166967,-0.015463914985000002
2025-11-28,87.30000000000015,119.699,-32.398999999999845,89272.231,-0.001703,1.5246149962130775,146915.57000000542,1471973.0,-0.0009715282254703,0.003155971,-0.018563256,-0.00661768115
2025-11-29,29.653999999999996,11.123000000000005,18.53099999999999,88483.169,0.002635,1.7078256160303276,54196.6789999991,631447.0,-0.0048844658930882,-0.015109074,-0.023600638,-0.0189302778
2025-11-30,31.52499999999998,29.13599999999997,2.38900000000001,90582.221,0.00388,1.6925148088314486,66135.29399999499,717001.0,-0.046134215573856,0.016815795,0.012591515,0.014914869
2025-12-01,247.8949999999996,95.82700000000008,152.06799999999953,88381.552,0.001491,1.7359781121751028,296847.1659999707,3019996.0,0.0562410040171474,0.0040986096,-0.0015400872,0.00156119604
2025-12-02,44.88099999999999,112.54899999999998,-67.66799999999998,88897.287,0.003999,2.136762860727729,228094.27799999955,2415880.0,0.0233034776016136,-0.02603287,0.02330523,-0.003830725000000002
2025-12-03,58.437000000000054,130.127,-71.68999999999996,88321.467,-0.000885,1.4271844660194173,201298.31599997336,2589536.0,-0.0145752620889965,0.005355944,-0.0004990399,0.0027212012450000002
2025-12-04,80.83900000000006,67.83000000000008,13.008999999999972,89249.929,0.003928,1.4588148512417014,146772.39499998343,1982838.0,-0.0302988700641613,0.022373509,0.026038107,0.0240225781
2025-12-05,211.1919999999998,75.62500000000003,135.56699999999978,86705.712,0.000391,1.4449877750611249,179105.30300001186,2115852.0,-0.0010444269910223,0.018785257,0.021549433,0.0200291362
2025-12-06,27.65499999999999,17.370999999999995,10.283999999999995,87639.435,-0.001822,1.8968713789107765,56824.15600000127,731935.0,0.0128989870207885,-0.06915264,6.0282648e-05,-0.0380068248084
2025-12-07,52.76800000000008,52.62900000000006,0.1390000000000171,87156.527,0.005212,1.9214139643587496,129591.9929999872,1535702.0,0.0026407844119589,-0.01011875,0.020622537,0.0037148291500000005
2025-12-08,45.71300000000006,50.26400000000019,-4.55100000000013,87036.605,0.003395,2.0665440049064703,152414.6780000037,1866937.0,0.0223065817697794,-0.0023971424,0.0067398287,0.0017144945949999998
2025-12-09,68.53500000000018,91.1610000000001,-22.62599999999992,88586.92,0.005443,2.1065548306927617,181819.39900000324,1987551.0,-0.007184123390461,0.035538815,0.01915121,0.028164392750000003
2025-12-10,61.0100000000001,40.77200000000007,20.238000000000028,85470.633,0.003205,1.496255616575137,160482.60499999925,1938844.0,0.0053976543938283,-0.023749856,0.013248052,-0.0071007974
2025-12-11,130.60199999999992,92.35500000000012,38.2469999999998,87099.498,0.0061,1.763957987838585,191146.68499998472,2158000.0,-0.0245656065959547,0.00045383954,-0.0025307462,-0.000889224043
2025-12-12,72.53300000000011,23.64499999999999,48.888000000000126,87501.26,0.003383,1.6595744680851063,144840.40300000753,1691657.0,-0.0003147775451211,-0.0040304516,-0.0053368732,-0.00461834132
2025-12-13,20.927999999999997,4.7159999999999975,16.212,87750.999,0.006041,2.2051282051282053,36237.73300000562,397322.0,-0.0231815182233923,-0.023571052,-0.012600847,-0.01863445975
2025-12-14,73.31500000000005,13.665,59.650000000000055,88543.388,0.003773,2.1826861871419476,92071.28599998588,1028538.0,-0.0199324771490587,0.023811093,0.024302233,0.024032106
2025-12-15,325.2299999999993,63.35600000000009,261.87399999999917,91470.469,0.003081,2.370407819346141,194216.04500000036,2183186.0,0.0164246601605544,0.0071868477,-0.011096142,-0.001040497665
2025-12-16,55.09100000000016,103.348,-48.25699999999984,88593.726,0.004089,2.9856516540454363,142225.04799999774,1995637.0,-0.0186121192274573,0.030009538,0.016134389,0.02376572095
2025-12-17,89.18000000000012,74.01299999999992,15.1670000000002,88162.96,0.005917,2.183699458771092,208613.91100000337,2660719.0,-0.0084631567748871,0.010873974,-0.0028111786,0.0047156553300000004
2025-12-18,107.72699999999996,92.74299999999994,14.984000000000025,89783.435,0.008355,2.4518467380048325,229573.679000001,2785895.0,0.0301834539651757,0.016184576,0.023392685,0.01942822505
2025-12-19,47.40600000000004,73.4530000000001,-26.04700000000006,91990.105,0.01,2.4411562284927735,178284.48199999714,2328426.0,0.0025378227881098,0.064502224,-0.01786545,0.0274367707
2025-12-20,5.585999999999993,8.562999999999992,-2.9769999999999985,91223.418,0.007171,1.566735112936345,35973.848000004255,426541.0,0.0033664070202181,0.039813355,-0.05444265,-0.0026018472500000007
2025-12-21,20.053999999999977,28.79199999999999,-8.738000000000014,89861.108,0.003977,1.5647601949217746,67600.08899999413,846151.0,-0.0004294909267379,0.008835214,-0.008023001,0.0012490172499999997
2025-12-22,64.24300000000004,43.99800000000004,20.244999999999997,91087.563,0.006654,1.7107617240444564,154682.70899998888,1922439.0,-0.0128876996356677,0.008536427,0.024739772,0.015827932250000003
2025-12-23,66.08400000000017,27.849999999999984,38.234000000000194,95125.275,0.001795,1.9036004645760745,133545.79799997507,1571017.0,0.0020947114928908,0.012841706,-0.0012056306,0.00652040453
2025-12-24,29.337999999999987,49.61100000000002,-20.27300000000003,92603.718,0.005927,2.262642740619902,81541.6539999741,1024997.0,-0.0050794095442263,0.006749228,-0.019284524,-0.0049659604
2025-12-25,25.107000000000003,15.765999999999998,9.341000000000005,93182.215,0.008322,2.2754667540124465,57796.25199999925,716745.0,0.0016528557328907,-0.008631892,0.021328323,0.00485020475
2025-12-26,48.74500000000008,41.688000000000024,7.057000000000059,92489.105,0.01,2.127932436659368,149963.73499998657,1573196.0,0.0057912850251948,-0.049398005,0.003596507,-0.025550474600000005
2025-12-27,43.04800000000004,10.093999999999996,32.95400000000004,91507.992,0.00585,2.5561877667140824,27290.56600001066,331560.0,0.0008610604018155,-0.013292469,0.007911615,-0.0037506312
2025-12-28,13.958999999999994,9.161,4.797999999999995,93047.607,0.009464,2.395585738539898,37359.9640000068,392957.0,-0.0081692406318065,0.017224073,0.008369125,0.013239346400000001
2025-12-29,113.55100000000002,90.42000000000004,23.130999999999972,94898.321,0.004826,2.253090435914119,190004.20900000783,1672043.0,0.0142085407306051,0.02150503,-0.0007757321,0.011478687055
2025-12-30,28.366000000000028,61.24400000000004,-32.878000000000014,94706.166,0.008345,2.8417210910487896,126736.38199997756,1207483.0,-0.0095072806518885,-0.0047958703,0.0054687113,-0.00017680858000000037
2025-12-31,58.62600000000008,38.42500000000004,20.201000000000043,94199.322,0.00375,2.0432136335970785,96765.79699998345,880670.0,0.0134948899068945,0.010523092,-0.0013999864,0.00515770672
2026-01-01,11.018999999999991,23.144999999999985,-12.125999999999994,93937.75,0.001711,2.6114120621162873,47941.30300000157,438119.0,0.0129293647305228,0.024041314,-0.030513935,-0.0005085480499999982
2026-01-02,57.047000000000104,257.689,-200.6419999999999,96733.755,0.004813,2.2733224222585924,176623.55200000483,1620999.0,0.0070077686612801,0.012329733,-0.018545717,-0.0015642195000000001
2026-01-03,16.405000000000015,20.48499999999999,-4.079999999999973,97119.056,0.006938,1.3929169657812874,56891.268999993874,550845.0,0.0099005111234546,0.01653745,0.01685933,0.016682296
2026-01-04,16.659000000000013,40.77999999999999,-24.120999999999977,97708.293,0.004436,1.3815194093831864,73773.02899997764,784049.0,0.0251373831135914,-0.026425473,-0.0218006,-0.02434428015
2026-01-05,51.20400000000006,122.81100000000004,-71.60699999999997,96542.485,0.007723,1.369106846718787,188796.5559999871,1748373.0,-0.0011912093706722,0.014412208,0.0056373887,0.010463539315
2026-01-06,84.79499999999996,72.30300000000011,12.491999999999848,92966.768,0.002691,1.0496003279360524,187436.82400001527,1586892.0,-0.0257567322610849,-0.01085216,-0.03241185,-0.0205540205
2026-01-07,81.45100000000005,39.838,41.61300000000005,95921.842,0.002885,1.4789291026276647,148986.84999999724,1382154.0,-0.0028955845252411,-0.013696166,-0.030552082,-0.0212813282
2026-01-08,98.24599999999997,41.86300000000008,56.38299999999989,97473.42,0.006436,2.1505986137366104,168476.02200000203,1571138.0,-0.0050479560758542,-0.0073697865,0.0037623197,-0.0023603387100000002
2026-01-09,40.81900000000004,52.21799999999999,-11.398999999999951,95973.49,0.000218,2.186743148502231,140355.90799999435,1462933.0,-0.0015079553615393,0.02054362,0.006730929,0.01432790905
2026-01-10,7.839999999999995,3.0889999999999973,4.750999999999998,95963.174,0.006235,2.2594524119947845,25269.71700001108,268951.0,0.0056077122089455,0.017811067,0.012043651,0.015215729800000001
2026-01-11,21.344,17.297999999999995,4.0460000000000065,96505.378,0.001667,2.266906239790918,43544.38199999934,455574.0,0.0030996704371961,0.018262263,0.009405971,0.0142769316
2026-01-12,48.40100000000009,51.08000000000001,-2.678999999999924,93400.626,0.00465,2.33000333000333,169237.35599999738,1641965.0,0.0441161525063726,0.022019774,0.0024892762,0.01323104999
2026-01-13,143.27,186.583,-43.31299999999999,95150.782,0.003445,1.878526194588371,200545.92799999705,1851608.0,0.0159884232879452,0.0084024845,0.02869846,0.017535673475
2026-01-14,53.94900000000004,191.64900000000011,-137.70000000000007,96366.977,0.004076,1.1168501270110076,182043.48100000745,1910882.0,-0.0139907134975523,0.012107078,-0.013726026,0.0004821812
2026-01-15,59.21100000000011,44.68900000000007,14.52200000000004,96591.131,0.001526,0.8754688672168042,149186.85599999962,1713512.0,-0.00056351958278,0.008986622,0.014174808,0.011321305700000001
2026-01-16,31.017999999999997,18.483000000000015,12.534999999999982,95253.181,0.002495,1.1422450728363325,101209.519999967,1043396.0,-0.0042283516305694,-0.0045843935,0.0060829856,0.00021592709500000036
2026-01-17,8.723999999999998,9.969999999999995,-1.2459999999999969,95955.861,0.002976,1.2951572182694515,38969.233000004126,366923.0,-0.0156196681906752,-0.0018001315,-0.026940547,-0.013113318475
2026-01-18,73.64900000000003,9.537999999999998,64.11100000000003,95769.417,0.006571,1.3612750885478158,62580.39300000468,558989.0,-0.0111876297516868,-0.011063618,0.0027867705,-0.0048309431750000005
2026-01-19,95.66299999999993,23.263,72.39999999999992,94013.034,0.002494,1.512562814070352,108229.03399994336,1252662.0,-0.0464390422167486,0.009205336,0.011928871,0.01043092675
2026-01-20,240.45299999999995,30.751999999999967,209.70099999999996,98891.144,0.005652,2.0102347983142685,188075.31199999328,2011185.0,0.0115478706304088,0.031557128,-0.0008991882,0.01695178571
2026-01-21,123.40699999999995,92.977,30.42999999999995,99074.231,0.00241,2.536067892503536,208010.01000000272,2426230.0,0.0011724197832183,0.029469103,-0.0071483627,0.012991243435000003
2026-01-22,71.234,16.083999999999993,55.150000000000006,99635.706,0.009419,2.3200531208499333,105910.06799997715,1399674.0,0.0004531147192849,-0.010720828,0.021937862,0.0039755825
2026-01-23,46.93800000000003,57.42600000000011,-10.488000000000078,98287.06,0.006968,2.483106931382794,124816.60599998671,1438505.0,-0.004193141802224,-0.0073443255,-0.015834488,-0.011164898625000001
2026-01-24,7.263999999999992,2.586999999999997,4.676999999999995,99582.696,0.003901,2.301419610432486,30735.93700000876,289200.0,-0.0290531231361406,-0.004555558,0.01989811,0.006448592599999999
2026-01-25,109.16700000000004,20.69299999999999,88.47400000000005,102171.444,0.004917,2.5186488388458828,124821.72999999496,1263912.0,0.019161191027651,-0.0049195928,0.0057290345,-0.00012771051500000017
2026-01-26,36.60000000000005,43.800000000000026,-7.199999999999974,100905.613,0.005606,2.8535645472061657,134609.40399997632,1563124.0,0.0101682728080731,-0.015988313,-0.008197002,-0.012482223050000001
2026-01-27,25.283,46.14100000000002,-20.85800000000002,101894.316,0.007503,2.3909799932180404,117926.11399998816,1351602.0,0.0005599552406163,0.042813934,0.029133037,0.03665753035
2026-01-28,25.68299999999999,34.68099999999998,-8.997999999999994,101530.588,0.00383,2.1123560535325243,123401.81599998186,1498947.0,-0.0534743771871539,0.027500182,-0.025158785,0.0038036468500000017
2026-01-29,294.28799999999944,31.185999999999968,263.10199999999946,106509.684,0.004023,2.041362530413626,226728.81899999993,2251753.0,-0.0046139268457583,-0.0021193163,-0.042561993,-0.020318520815
2026-01-30,147.31799999999964,97.64200000000012,49.67599999999952,102162.446,0.00031,3.282655246252677,254689.33699999092,3372875.0,-0.0677479434199881,0.010883872,-0.0035527945,0.004387372075
2026-01-31,311.17899999999946,94.8600000000001,216.31899999999936,93549.256,0.006585,2.522367030644593,271443.33099999995,3603201.0,-0.0227726489856117,-0.041662615,-0.0014861599,-0.023583210205000003
2026-02-01,164.5399999999998,70.48900000000012,94.05099999999968,89519.165,0.001722,2.739715781600599,186879.51899999444,3150933.0,0.0227411528626166,-0.03730322,-0.043213256,-0.0399627362
2026-02-02,115.479,137.391,-21.911999999999992,88896.251,-0.005713,2.5663338088445076,259646.48500000633,4979636.0,-0.0384284248395623,0.033018157,-0.0027687773,0.016914036565000002
2026-02-03,252.699,138.374,114.32500000000002,88989.458,-0.000465,2.2970656116056714,307717.7599999846,4058288.0,-0.0349766987828985,-0.001268805,-0.0055899173,-0.0032133055350000005
2026-02-04,175.5179999999998,120.89999999999998,54.617999999999824,93811.904,0.004618,2.8476337052712584,293124.6389999978,4333115.0,-0.1510256005239139,0.030838132,-0.043086074,-0.0024277607
2026-02-05,829.7729999999971,266.4389999999991,563.333999999998,92717.645,-0.004957,2.888024883359254,670075.6129999954,9541548.0,0.1150475938253503,0.01207642,-0.03228788,-0.007887514999999998
2026-02-06,376.0819999999992,581.8929999999971,-205.81099999999788,85121.643,-0.013478,2.588087549336203,559109.736999987,7541800.0,-0.0184588543043169,-0.13171692,-0.058604337,-0.09881625765
2026-02-07,371.3860000000003,160.05999999999975,211.32600000000056,81367.331,-0.002907,1.8506271379703536,266663.1740000025,4066424.0,0.0149122057058743,-0.030502714,0.01753524,-0.008885634700000002
2026-02-08,63.99900000000009,147.12099999999992,-83.12199999999984,80492.068,-0.004864,1.631578947368421,162753.57599998984,2521925.0,-0.0027391234992855,0.0061027855,-0.0139326155,-0.0029131449499999996
2026-02-09,145.19399999999973,90.97699999999992,54.216999999999814,78780.995,-0.004284,1.6888948642108097,222442.8279999972,3596664.0,-0.0186610196327823,0.046131715,-0.07588456,-0.008775608750000004
2026-02-10,99.85200000000005,74.61700000000005,25.235,79251.855,-0.008816,1.6143790849673203,183731.08399999893,2765614.0,-0.0258802069394725,-0.0724787,-0.027905054,-0.052420559299999996
2026-02-11,184.89299999999955,102.17000000000009,82.72299999999946,80907.086,-0.001169,1.8735632183908049,256585.2429999954,3661711.0,-0.0121534529376781,-0.06669478,-0.018793233,-0.04513908385
2026-02-12,159.7019999999999,84.01899999999999,75.68299999999992,79781.405,-0.001728,1.8826751225136928,199993.2589999985,2825037.0,0.0382176894647479,-0.014222018,0.011605158,-0.0025997888
2026-02-13,43.960000000000115,119.256,-75.29599999999988,79201.401,-0.001274,2.3311125916055966,183030.7409999795,2376007.0,0.0139750124276556,-0.021504203,-0.023891501,-0.0225784871
2026-02-14,42.68000000000005,72.04900000000009,-29.36900000000004,77740.954,-0.003094,1.5806451612903225,114534.11299997605,1269529.0,-0.0142855729250257,0.010487919,-3.3721328e-05,0.0057531808524000005
2026-02-15,133.05799999999988,56.660000000000075,76.3979999999998,77128.011,-0.002371,1.6845637583892616,151249.84599999446,1693202.0,0.0008691232444615,-0.016964292,0.0014450923,-0.008680069065
2026-02-16,75.46600000000004,58.67600000000003,16.790000000000006,75732.693,-0.004112,1.852253280091272,149566.75799999977,1761719.0,-0.0203665579406582,-0.024151484,0.014671672,-0.0066810638
2026-02-17,87.4650000000001,114.10299999999992,-26.63799999999982,79065.526,0.005077,2.024803387779794,149185.1220000042,1974067.0,-0.0155644352091179,-0.007479507,0.0026412532,-0.0029251649100000008
2026-02-18,258.29799999999915,49.09099999999999,209.20699999999917,80178.318,0.003604,2.127932436659368,163973.12700000315,1802181.0,0.0081329800253016,-0.026268667,0.019120526,-0.00584353015
2026-02-19,51.82100000000008,59.83600000000009,-8.015000000000008,80781.633,-0.003052,2.663003663003663,147432.60100000113,1660808.0,0.0150536371114728,-0.006809078,0.019401494,0.004985679399999998
2026-02-20,44.26900000000005,56.37900000000007,-12.11000000000002,80197.615,-0.000671,2.2133676092544987,225303.9709999999,2066836.0,-0.0006482546691266,-0.014389786,0.026881572,0.0041823251
2026-02-21,10.498000000000005,22.792,-12.293999999999995,80841.695,0.003235,2.012048192771084,87493.89899997468,723234.0,-0.0049038830436884,-0.00807119,0.015431508,0.0025050240999999994
2026-02-22,25.541999999999987,13.677,11.864999999999988,78623.882,0.004972,1.763194252555955,84343.42199998323,697613.0,-0.0451685712163634,-0.012571842,-0.035528183,-0.022902195450000003
2026-02-23,326.5649999999999,129.44000000000008,197.1249999999998,79621.079,0.002251,1.931691586045148,277149.7719999883,2570758.0,-0.0092899530772143,-0.039255105,-0.007952198,-0.02516879685
2026-02-24,97.491,93.46900000000004,4.021999999999963,79796.745,-0.000182,2.423485107839781,223150.39399997916,2338541.0,0.0595405427658217,0.009927765,0.021760948,0.01525269735
2026-02-25,108.70200000000014,309.58099999999905,-200.8789999999989,80110.458,-0.000968,2.1308703819661865,299223.72199998255,2948226.0,-0.0074237891369719,0.0029637027,-0.011763774,-0.0036636618149999997
2026-02-26,72.55899999999997,93.905,-21.346000000000032,79065.954,0.004007,1.486943546381497,176724.50600000535,2249663.0,-0.0241930350949814,-0.0075925924,0.036308832,0.012163048580000002
2026-02-27,111.6960000000002,90.95799999999994,20.738000000000255,79178.554,-0.000656,1.818489289740699,205954.44400000933,2232252.0,0.0165784521278684,0.01291114,0.00620123,0.0098916805
2026-02-28,129.2610000000002,249.50799999999995,-120.24699999999976,77363.898,-0.004305,2.328894806924101,257922.78599999787,2725944.0,-0.0180312596565812,0.017177708,-0.008603811,0.0055760244500000005
2026-03-01,99.86500000000017,89.08200000000004,10.78300000000013,77830.936,0.002948,1.8885037550548815,219111.19499999168,2468498.0,0.0453783925294253,0.00573851,-0.026745178,-0.008879149600000002
2026-03-02,92.55899999999998,121.56999999999992,-29.01099999999994,82189.433,-0.001083,1.7404768429706767,277364.8659999798,3319131.0,-0.0071745873014226,0.015361213,0.0059969053,0.011147274535000001
2026-03-03,100.36300000000006,163.62699999999975,-63.2639999999997,79133.683,0.001481,1.0542317173377158,257469.89800000243,3140743.0,0.0614182153169302,0.022080109,0.05858838,0.03850883095
2026-03-04,135.99400000000003,204.69599999999969,-68.70199999999966,91424.291,0.004683,1.4289531212047606,357099.52199998504,3919700.0,-0.0247446597423515,-0.017814053,0.002416797,-0.0087101705
2026-03-05,85.08400000000017,65.68200000000013,19.402000000000044,83430.458,0.000174,0.8050541516245487,226168.2800000057,2766697.0,-0.0399564707144595,0.016552877,-0.039542295,-0.0086899504
2026-03-06,271.16099999999955,51.33000000000008,219.83099999999948,83332.599,-0.002176,1.167316861725184,213384.1320000052,2441141.0,-0.0125740953632664,-0.009336301,0.013818473,0.0010833472999999998
2026-03-07,59.17300000000003,15.38399999999999,43.78900000000005,83748.643,-0.004217,1.828854314002829,94270.92099998106,945106.0,-0.0193906871624953,0.0030711032,0.013071824,0.00757142756
2026-03-08,155.16699999999992,49.265000000000015,105.9019999999999,82089.945,-0.002868,1.910360884749709,155747.8729999773,1639250.0,0.03662460641352,0.020049835,-0.0029860735,0.009683676175
2026-03-09,63.12200000000015,137.25900000000007,-74.13699999999992,81593.585,-0.003431,2.138731952291274,237211.54699999903,2781948.0,0.0219182259322732,-0.011314951,0.02344887,0.004328768449999999
2026-03-10,100.266,135.44799999999998,-35.181999999999974,80588.028,0.001738,1.4826216484607746,265674.4559999955,2802252.0,0.003471234391041,0.038442753,0.031272285,0.0352160424
2026-03-11,68.49900000000012,79.69499999999996,-11.195999999999842,82657.744,-0.005824,1.2227161591464768,195625.90300000535,2236830.0,0.0049665710490476,0.0044678245,-0.0016717538,0.0017050142650000002
2026-03-12,67.39400000000012,98.055,-30.660999999999888,84268.084,-0.007381,1.1244954323348204,186490.59300000884,2173314.0,0.005494554272369,0.008832254,-0.0033756644,0.0033386907200000007
2026-03-13,148.01799999999977,174.7789999999996,-26.760999999999825,83152.227,-0.000638,1.1263023601956197,300033.85799997376,2717061.0,0.0039671661995193,-0.011771167,-0.04143048,-0.02511785785
2026-03-14,21.34200000000001,19.024999999999995,2.3170000000000144,83492.907,-0.004851,1.106593638087213,79282.99499997418,793322.0,0.0222646325397679,-0.050227877,-0.004159324,-0.02949702815
2026-03-15,13.365,76.68799999999996,-63.32299999999996,83088.676,0.002659,1.296738631143776,126351.46299997848,1267879.0,0.0280239227243388,-0.0046055396,0.002574198,-0.00137465768
2026-03-16,51.42000000000006,138.88299999999984,-87.46299999999978,88357.174,0.002015,1.0863759649488838,269009.8670000012,2675764.0,-0.0131097190984004,0.05312731,0.050482646,0.0519372112
2026-03-17,81.65400000000005,69.94300000000013,11.710999999999927,93210.186,-0.00126,0.850481125092524,218276.20299999483,2326302.0,-0.0366932210131132,-3.2393727e-05,0.04735224,0.02129069145015
2026-03-18,175.06699999999972,55.22100000000007,119.84599999999966,85933.238,0.002418,0.8996960486322189,225844.329000006,2202879.0,-0.0186515148503314,-0.034375045,0.021063045,-0.0094279045
2026-03-19,161.38899999999998,87.5910000000001,73.79799999999989,86870.61,0.001205,1.3889154323936932,218617.53500000376,2304712.0,0.0082701551029771,0.02754797,0.023975868,0.0259405241
2026-03-20,86.80500000000012,87.53700000000023,-0.732000000000113,86772.839,-0.000223,1.550369803621525,186195.84800000023,2034959.0,-0.0228457635345584,0.0155433295,0.018737596,0.016980749425
2026-03-21,51.39200000000004,16.43,34.96200000000004,86412.477,0.001093,1.5374270489723425,74084.88600000029,755794.0,-0.0154871102583236,-0.08391224,-0.0008466095,-0.046532706275
2026-03-22,129.27199999999996,44.11700000000002,85.15499999999994,86670.56,-0.006837,1.5673940949935814,134874.8819999767,1535885.0,0.0439293795760917,0.0032673078,0.031046357,0.01576787994
2026-03-23,141.96599999999984,256.43299999999954,-114.4669999999997,85430.946,0.00016,1.791736460078169,291099.21099997865,3163268.0,-0.0049441937848229,-0.016375128,0.0056531355,-0.006462409425
2026-03-24,67.29500000000016,63.51100000000006,3.7840000000000984,86157.736,0.003056,1.3866348448687351,196104.32300000123,2054189.0,0.0109913296166368,0.02959263,0.015167899,0.023101501050000004
2026-03-25,35.50700000000007,58.00200000000008,-22.49500000000001,86307.202,0.004721,1.7034333603676668,166510.60500000554,1695602.0,-0.0359096335700837,-0.025594454,0.009417109,-0.00983925065
2026-03-26,76.4420000000001,27.175,49.26700000000011,87404.713,-0.002103,1.3408239700374531,186419.1149999977,1728059.0,-0.0356922158369545,0.053477325,0.032734692,0.04414314015
2026-03-27,99.33200000000016,51.49000000000008,47.84200000000008,95175.747,-0.005841,2.1575623618566464,212350.7850000104,1872839.0,-0.0004556261281685,0.0025436366,0.012339592,0.00695181653
2026-03-28,29.62299999999998,30.876000000000005,-1.253000000000025,93835.248,-0.000173,2.7313432835820897,89373.0219999763,756476.0,-0.005530728522709,-0.030222053,-0.0074816197,-0.019988858015
2026-03-29,64.25800000000011,31.375000000000004,32.88300000000011,94221.633,0.002677,2.3932813030200206,110278.39599998944,991101.0,0.0118433741341856,0.036980458,0.0018738657,0.021182491465
2026-03-30,78.64600000000013,92.38000000000008,-13.733999999999952,89930.902,0.000758,2.138731952291274,187051.5719999967,1883994.0,0.0220187994489275,0.003453079,0.007670209,0.0053507875
2026-03-31,72.86700000000015,110.66900000000015,-37.80200000000001,89211.04,-0.002763,1.97441998810232,243325.1059999984,2263528.0,-0.0025009104050788,0.021743808,0.015058547,0.01873544055
2026-04-01,61.153000000000056,69.32900000000008,-8.176000000000023,89175.027,0.000577,1.6295030239284771,157242.0139999914,1591298.0,-0.0179528849727255,0.04219056,0.009794883,0.027612505350000004
2026-04-02,155.29799999999972,65.88100000000006,89.41699999999966,90117.214,-0.007398,1.5387154100025386,188352.97599998856,1834690.0,0.0009309289814485,0.009760627,-0.003336154,0.0038670755499999997
2026-04-03,36.55600000000005,17.06299999999999,19.493000000000055,90274.826,0.000351,1.82326369282891,79267.8259999707,797510.0,0.0050068357818151,-0.009189405,0.006218627,-0.0022557906000000003
2026-04-04,9.632999999999996,17.514000000000006,-7.881000000000011,91401.134,0.001651,1.7337342810278842,50770.337000000574,378380.0,0.0254352669202564,0.0017438252,0.010919753,0.005872992710000001
2026-04-05,22.329,40.78300000000002,-18.454000000000025,91032.318,0.001889,1.551020408163265,104910.21599999323,810136.0,-0.0026183614615238,-0.000623798,0.028288037,0.01238652775
2026-04-06,247.26899999999955,81.81600000000005,165.45299999999952,91586.331,0.000423,1.3068050749711648,166757.14899999328,1617708.0,0.0436296819458199,0.004125261,0.018179312,0.010449583949999999
2026-04-07,73.93900000000006,359.49899999999997,-285.5599999999999,87990.306,0.007393,1.1353833013025838,232824.13899998929,2115748.0,-0.0119487428550879,0.0061830105,-0.026046477,-0.008320258874999998
2026-04-08,83.79599999999998,55.71600000000005,28.079999999999927,90969.614,0.004048,1.0304568527918785,183369.75000000483,1632747.0,0.0100525913759028,-0.018302374,-0.02134084,-0.019669683700000003
2026-04-09,70.36200000000002,105.63000000000004,-35.268000000000015,92970.081,-0.001986,0.9569471624266144,175806.45700000628,1700412.0,0.0162314383904949,0.001271362,-4.760176e-05,0.0006778283080000002
2026-04-10,40.977,103.965,-62.98800000000001,97122.91,-0.002187,0.8828845791752966,156542.35600000224,1417402.0,0.0011021476555086,0.0054834564,0.031785034,0.01731916632
2026-04-11,27.354000000000003,97.70099999999996,-70.34699999999997,98723.908,-0.006755,0.725327812284334,80089.93099998902,697076.0,-0.0320254620862243,0.021806646,-0.024950258,0.0007660392000000005
2026-04-12,137.89799999999997,37.10500000000004,100.79299999999992,90769.177,-0.000335,0.7424638438752396,134821.6749999688,1082914.0,0.0506726764555658,0.07497147,-0.016465537,0.03382481685
2026-04-13,36.680000000000014,193.7750000000001,-157.09500000000008,93640.862,-0.005409,1.168256721595837,213029.51899999817,1733711.0,-0.0038564960215676,-0.009892482,-0.013450287,-0.01149349425
2026-04-14,153.77799999999985,415.6549999999991,-261.87699999999927,99505.18,-0.005234,0.7433751743375174,183259.7049999912,1685691.0,0.0091102145487571,0.026581617,-0.03608761,-0.0016195351499999986
2026-04-15,58.093000000000025,226.974,-168.88099999999997,98123.821,-0.007151,0.6784155756965425,131018.70499998664,1439280.0,0.0045917681856568,-0.019674864,-0.025302447,-0.02220727635
2026-04-16,292.11699999999934,293.26499999999993,-1.148000000000593,97935.155,-0.002225,0.7614937466971992,158390.81899998925,1675502.0,0.0251968494898715,0.01738026,-0.030208685,-0.004034765249999999
2026-04-17,90.73700000000012,1541.9999999999975,-1451.2629999999974,106820.799,-0.010789,0.7388280299078421,239395.7899999843,2193251.0,-0.0180707460956828,0.00035896804,-0.022662096,-0.010000510778
2026-04-18,270.232,47.119000000000014,223.113,98258.18,-0.004586,0.601024655779699,105894.2909999847,961198.0,-0.0252863177373487,0.00998384,0.013965812,0.011775727400000002
2026-04-19,586.2549999999994,83.25700000000002,502.9979999999994,95686.18,-0.012276,0.795009872554299,128978.3479999884,1436496.0,0.0272556618945287,0.004292581,-0.015192427,-0.004475672599999999
2026-04-20,68.66800000000002,367.61499999999967,-298.94699999999966,93249.055,-0.002745,0.9928258270227184,166132.8399999838,1816886.0,0.0065079658193152,0.031709805,-0.017259263,0.009673724400000002
2026-04-21,217.92299999999992,296.46399999999994,-78.54100000000003,94833.36,-0.004242,0.8165304268846504,164672.83699998393,1811951.0,0.0238446062784447,0.034436353,-0.02892553,0.0059235056500000025
2026-04-22,90.43800000000007,513.5039999999988,-423.06599999999867,103864.451,-0.000749,0.8608113137327874,190075.8579999667,1826520.0,0.0010131958589205,0.007358459,0.021625914,0.01377881375
2026-04-23,84.69500000000005,94.11599999999994,-9.420999999999893,99154.672,-0.006696,0.5124016938898972,172484.99400000024,1232997.0,-0.0105380345749068,0.0364804,0.004066132,0.021893979400000003
2026-04-24,118.46100000000006,26.736000000000004,91.72500000000004,96174.389,-0.003152,0.667778519012675,127782.26799999998,603377.0,0.0024231589225074,0.025334653,-0.0070145577,0.010777508185
2026-04-25,24.811,21.452,3.358999999999998,95899.434,-0.005699,0.7664723547076489,46592.48599998479,434335.0,0.0132140795576045,0.06235027,0.0045396537,0.036335492665
2026-04-26,22.43200000000001,128.929,-106.497,96210.374,0.000195,0.8040772145047809,79943.12999998227,787340.0,-0.0164874505191097,-9.654183e-05,0.033451106,0.014999899693500001
2026-04-27,585.4819999999993,163.07200000000006,422.4099999999992,97557.445,-0.005678,0.7367141368530741,169100.0549999623,1488549.0,-0.0133828375927311,0.046248868,0.023760475,0.03612909115
2026-04-28,204.08100000000007,51.029,153.05200000000008,97636.108,0.005242,0.9179133103183736,103869.89199998882,1075490.0,-0.0073989261089515,0.012997511,-0.004771881,0.0050012846
2026-04-29,405.7139999999999,228.1129999999998,177.60100000000008,95494.339,0.003571,0.945903872348706,186383.35299997815,1428257.0,0.007448700376111,0.017443612,-0.024246916,-0.0013171255999999982
2026-04-30,41.98600000000003,65.31900000000006,-23.333000000000027,95321.485,-0.002904,1.055921052631579,99754.45999998484,1013877.0,0.0243845442125767,0.033550814,0.02286585,0.0287425802
2026-05-01,61.636000000000024,566.1350000000002,-504.4990000000002,103863.146,-0.003143,0.89897455374098,152991.0389999679,1190298.0,0.00580840106708,0.022749588,0.0048470683,0.014693454135
2026-05-02,7.465999999999999,100.454,-92.988,102087.178,-0.00254,0.5795293002685199,51441.10799998726,472664.0,-0.0015043045550342,-0.00094961,-0.00201869,-0.0014306960000000002
2026-05-03,46.01399999999999,114.98900000000002,-68.97500000000002,103387.583,0.000703,0.59846547314578,72033.4739999821,689157.0,0.0163160019963939,0.026043309,-0.020501986,0.0050979262500000025
2026-05-04,214.4149999999998,537.8129999999989,-323.39799999999906,108669.789,-0.00316,0.5770383220312254,280915.3679999412,2188420.0,0.0129943054348018,0.033743326,0.00084056705,0.0189370844725
2026-05-05,55.83600000000004,546.8949999999982,-491.05899999999815,113248.5,-0.00824,0.5267175572519084,170920.8739999665,1348211.0,0.006670570614041,0.0042467318,-0.03268978,-0.01237469851
2026-05-06,117.41000000000015,449.13499999999925,-331.7249999999991,106375.938,-0.003756,0.5062509414068384,158199.98399996414,1510957.0,-0.0178509928749033,-0.003728971,0.0006137118,-0.00177476374
2026-05-07,293.2589999999999,47.20600000000003,246.05299999999988,103895.914,-0.003014,0.5860428231562252,134712.00999998173,1344334.0,0.0023367172896868,0.02074347,0.0070490316,0.01458097272
2026-05-08,126.37200000000011,73.03299999999999,53.33900000000013,100839.967,-0.001542,0.7565431231336729,106756.76399999468,1114769.0,0.0060325323053351,0.023887126,-0.044494264,-0.0068844994999999985
2026-05-09,10.849,72.44900000000004,-61.60000000000004,100223.775,0.003645,0.7812611328820805,55871.328999987774,499505.0,0.0188069191850583,0.035673738,-0.038255848,0.0024054243000000003
2026-05-10,72.89900000000004,345.3930000000001,-272.494,100467.833,0.005764,0.7259233690024164,94903.91799999552,891566.0,-0.005665203289169,0.032897327,-0.0012247637,0.017542386185
2026-05-11,157.531,148.69400000000005,8.83699999999996,100523.835,0.004555,0.6178611875101115,121975.00099997425,1252473.0,-0.0152998865192248,0.024659894,0.024691667,0.024674191850000003
2026-05-12,224.72000000000008,61.41799999999998,163.3020000000001,105487.718,0.005822,0.6082341588935349,121278.53299998688,1027976.0,-0.0149029701846661,0.025643334,0.0045343265,0.016144280625
2026-05-13,400.7839999999997,53.64299999999998,347.14099999999974,104289.039,0.001749,0.7476406850751486,139656.63999998488,1071693.0,0.022149784988148,0.0059491345,0.007898472,0.006826336375
2026-05-14,87.26700000000002,230.49100000000004,-143.22400000000002,110453.254,0.004094,0.9904458598726114,175847.08299996576,1410267.0,-0.0246796610139945,-0.0014605005,0.00049271435,-0.0005815538174999999
2026-05-15,313.6059999999996,37.01100000000002,276.5949999999996,101876.166,0.001548,0.6123831022250886,153600.84299994275,1341111.0,-0.0122747600818708,0.018140387,0.0007987991,0.010336672445000002
2026-05-16,686.962999999999,25.59699999999999,661.3659999999991,101882.113,0.004955,1.0946795140343526,86099.09799999025,708496.0,-0.0088735109479429,-0.008496521,-0.028086,-0.01731178655
2026-05-17,700.0790000000001,61.892,638.187,100857.205,4.8e-05,1.2311468094600624,86203.19799997975,751862.0,-0.0059018863198048,0.010846537,-0.041120462,-0.012538612550000003
2026-05-18,337.46799999999996,116.3990000000001,221.06899999999985,104457.75,0.007178,1.2644927536231885,178330.037999963,1611518.0,-0.0021777713377915,0.01724847,-0.0014452115,0.008836313325
2026-05-19,74.79300000000009,52.409000000000006,22.38400000000009,103834.763,0.005563,1.4078979051288223,99037.62599999024,991693.0,0.0092997089153481,0.028580789,0.03201033,0.03012408245
2026-05-20,58.913000000000046,112.07300000000008,-53.16000000000003,101589.855,0.006858,1.4539877300613495,107434.1559999886,1008186.0,0.0008157623412063,0.039350286,-0.018271886,0.013420308599999998
2026-05-21,94.421,191.39000000000004,-96.96900000000004,100695.676,0.00613,1.3100023100023102,117087.7919999902,1078295.0,-0.0271117089392305,-0.0051191957,-0.0024436787,-0.0039152130500000005
2026-05-22,456.1089999999997,27.555000000000003,428.5539999999997,104873.642,0.002891,1.2396416573348266,116106.45299999588,993569.0,0.0159238767968545,-0.00355301,-0.0038640946,-0.00369299807
2026-05-23,817.4009999999993,735.2879999999998,82.11299999999949,102942.268,0.007441,1.508151492350138,153772.67599998284,1132588.0,0.0040691275067175,0.038334735,-0.022230394,0.011080426950000001
2026-05-24,283.7929999999999,83.77800000000002,200.01499999999987,99127.243,0.006265,1.2331397945511389,91123.32899998926,871322.0,0.0033299473074173,0.047679603,0.022937521,0.0365456661
2026-05-25,36.023,97.34700000000004,-61.324000000000034,99829.525,0.001426,1.1616947686986598,76672.32499998085,749654.0,-0.0181666549382146,0.00476681,0.0004612431,0.0028293048950000003
2026-05-26,286.65599999999995,107.0280000000001,179.62799999999984,99126.361,0.005776,1.011263073209976,164841.82199996943,1370056.0,-0.0196936381229786,0.03444688,0.0022089407,0.019939807315000002
2026-05-27,484.2309999999992,107.07700000000004,377.15399999999914,101123.269,0.009914,1.3391812865497077,144526.80399998606,1301230.0,-0.0112354517544073,-0.00025338214,-0.034261115,-0.015556861927000001
2026-05-28,1076.6349999999964,119.64300000000009,956.9919999999964,106586.045,0.01,1.674511901577962,179387.59299996594,1483130.0,-0.0021312466894336,0.041988574,-0.033426814,0.008051649400000003
2026-05-29,191.079,287.3779999999997,-96.2989999999997,104362.808,0.006702,1.7685492801771874,146064.89999997255,1259758.0,0.0057497805427271,0.029398886,0.011712838,0.021440164400000003
2026-05-30,25.557,22.95200000000001,2.6049999999999898,103983.041,0.006214,1.656042496679947,52475.36899998233,437210.0,-0.0028461899181877,0.011805901,0.05229889,0.03002774605
2026-05-31,52.98399999999999,37.52200000000001,15.461999999999977,105047.033,0.005988,1.5201612903225807,58235.20599998597,557790.0,-0.0312327375457694,0.0062213033,0.005952053,0.006100140665
2026-06-01,1366.006999999999,58.69999999999999,1307.3069999999989,105355.907,0.01,1.5227043390514632,213337.06499997503,1643525.0,-0.0673059801266156,0.007336859,-0.0011907592,0.0034994308100000002
2026-06-02,4305.921000000016,348.2119999999996,3957.709000000016,107551.011,0.008345,2.092145949288806,345600.5939999819,2739767.0,-0.0400054630037924,0.02636292,0.00022115558,0.014599126011000002
2026-06-03,1397.880999999996,196.1349999999996,1201.7459999999965,104750.301,0.01,2.262642740619902,310067.39799997956,2825610.0,-0.0040109797882657,-0.010319551,-0.07374174,-0.038859536050000004
2026-06-04,2416.364000000015,693.980999999998,1722.383000000017,98687.523,-0.001077,2.224766204450177,430050.1929999863,4521852.0,-0.0453009148713139,-0.03688533,-0.029794075,-0.03369426525
2026-06-05,2290.959999999997,1066.2519999999984,1224.7079999999985,101596.735,-0.000863,1.9958058717795089,477371.9339999855,5536159.0,-0.0028185759823866,-0.03679648,-0.02090171,-0.0296438335
2026-06-06,235.59200000000016,247.72700000000015,-12.134999999999993,101773.922,-0.000511,2.0211480362537766,174648.80999997034,2274464.0,0.0394102908722757,-0.029232176,-0.015683882,-0.0231354437
2026-06-07,227.22,1521.4689999999994,-1294.2489999999991,98912.286,0.002742,1.9788501638367593,217039.2119999838,2238679.0,-0.0038921721682001,-0.10732296,0.017203636,-0.0512859918
2026-06-08,157.32699999999994,264.0290000000003,-106.70200000000034,98490.637,0.000122,2.077870113881194,184376.4099999759,2259724.0,-0.0217286799632301,-0.08579844,0.004452914,-0.045185330700000005
2026-06-09,627.2519999999986,211.2680000000001,415.9839999999985,99230.744,0.000606,1.8336639274582032,221069.69399997863,2192572.0,-0.0035541783711394,0.054588184,0.009447694,0.0342749635
2026-06-10,282.5829999999995,288.78799999999944,-6.204999999999927,99458.79,0.002542,2.063725490196078,192987.16599997977,2196929.0,0.0338061766363804,0.010980842,0.08175611,0.0428297126
2026-06-11,88.21800000000006,364.82299999999975,-276.6049999999997,98294.586,0.002736,2.1075201988812924,193845.6309999725,1729841.0,-0.0007229219062381,-0.004249665,0.04280835,0.016926441750000003
2026-06-12,118.34000000000016,184.52599999999984,-66.18599999999968,97751.86,0.00084,1.5866528711846872,145712.05499996946,1402687.0,0.0137148912874209,-0.0054755243,0.009877149,0.0014331786849999992
2026-06-13,12.890999999999998,182.11299999999991,-169.22199999999992,100094.988,0.000938,1.5627883136852894,76139.11299998555,615035.0,0.0197916731525662,-0.028021835,-0.01159168,-0.02062826525
2026-06-14,118.07900000000012,698.8329999999991,-580.753999999999,101636.039,-0.003265,1.4563989191844755,116719.8419999904,940863.0,0.0088176102228008,-0.009424061,0.027071066,0.006998746150000001
2026-06-15,123.95599999999996,491.0499999999998,-367.0939999999998,103281.153,-0.006079,1.426595486532395,167190.96599996838,1353890.0,-0.0099047995910623,0.00452017,0.008839801,0.00646400395
2026-06-16,314.6189999999996,114.27400000000009,200.3449999999995,102396.792,0.000246,1.328830926874709,128833.99299999129,1226571.0,-0.0179075382192213,0.020876735,0.0052829944,0.013859551730000001
2026-06-17,511.4179999999987,256.92600000000004,254.49199999999863,99301.884,-0.002582,1.4248302618816682,199372.3819999894,1796745.0,-0.024342953377447,0.0101744635,0.018417276,0.013883729125
2026-06-18,567.2029999999988,83.67300000000012,483.5299999999987,98621.471,0.000872,1.7624309392265192,187606.0809999714,1500870.0,0.0092631667485303,0.02198118,-0.023399107,0.0015600508500000013
2026-06-19,113.86500000000014,103.27300000000008,10.592000000000056,97680.018,0.002823,1.935995302407516,112182.66899999378,1040952.0,0.0117975190981862,0.041478693,-0.023976311,0.012023941199999999
2026-06-20,75.30300000000007,194.19299999999987,-118.8899999999998,97552.634,0.003985,1.9086678301337987,95623.64899999088,818753.0,-0.0154539553914663,0.04064651,0.03007194,0.0358879535
2026-06-21,123.01000000000008,49.10899999999997,73.9010000000001,100278.819,0.004189,1.6925148088314486,84901.95999998247,729548.0,0.0111209640477767,0.01490907,0.037547417,0.02509632615
2026-06-22,243.97600000000003,498.078,-254.10199999999995,99611.374,0.004813,1.5833118057349522,161599.85099996463,1461709.0,-0.0202830393828215,0.015997984,0.0059676804,0.011484347380000001
2026-06-23,474.5509999999995,79.96300000000006,394.5879999999994,98877.388,-0.001889,1.7404768429706767,172791.66999997938,1523532.0,-0.0267610792131911,0.029686857,0.012620892,0.02200717275
2026-06-24,1817.426999999999,466.2029999999997,1351.2239999999993,100837.981,2.7e-05,2.0693677102516883,278065.5009999854,2352000.0,-0.0212462506722914,0.010882673,-0.012788795,0.00023051240000000056
2026-06-25,1899.735999999999,380.6649999999992,1519.0709999999997,105353.966,0.00158,2.5650623885918,301460.91199997277,2737772.0,0.0050590947420143,0.0092921145,0.03023548,0.018716628975
2026-06-26,404.9179999999984,501.43399999999866,-96.51600000000025,103652.889,0.007308,2.3863867253640363,281823.2729999537,2823004.0,-0.0011366374291004,0.009768917,0.010135621,0.0099339338
2026-06-27,122.353,105.26500000000011,17.08799999999988,102927.994,0.003742,2.132832080200501,77931.12299998758,734159.0,-0.0075580173873692,0.03151258,-0.020065434,0.0083024737
2026-06-28,309.79399999999987,39.821,269.97299999999984,102992.649,0.00443,2.013863773357444,103543.71599999291,1029026.0,0.0114022571947227,-0.01720899,-0.018209212,-0.0176590899
2026-06-29,189.51900000000015,303.8379999999997,-114.31899999999952,102075.525,0.008658,2.3101621979476996,227600.7419999734,2280449.0,-0.0275157385357438,0.004185184,0.037434712,0.0191474716
2026-06-30,502.25999999999925,72.86900000000004,429.3909999999992,108509.802,0.003327,2.0367446097783173,191167.02899996893,1595982.0,0.0235882021843156,0.073320016,0.025854468,0.05196051940000001
2026-07-01,338.38199999999864,552.3379999999999,-213.9560000000012,103466.083,0.007073,2.850596842510589,263702.56199998164,1994017.0,0.0252678267272514,0.019047722,-0.030570544,-0.003280497700000001
2026-07-02,117.18600000000006,481.3669999999995,-364.1809999999995,106954.131,0.005261,1.8465698832906348,235835.9999999673,1839117.0,0.0164855212337968,-0.014533086,0.0387134,0.0094278327
2026-07-03,66.85000000000002,329.5619999999996,-262.7119999999996,106246.059,0.00374,1.6788106080900085,132485.20099999366,1058487.0,0.0089201605697866,0.0148834,0.032688826,0.022895841700000003
2026-07-04,43.77700000000001,190.60199999999983,-146.82499999999982,106413.784,0.00948,1.5458248472505092,79547.9099999932,741665.0,0.0079813342291537,0.037002787,-0.018917933,0.011838463000000002
2026-07-05,50.43699999999998,214.34299999999996,-163.90599999999998,105300.006,0.008608,1.4715768660405335,92603.60499997968,791133.0,0.0061401054133938,0.03474383,0.00659021,0.022074701000000002
2026-07-06,323.9999999999994,448.6449999999998,-124.64500000000044,102707.595,0.01,1.425418384671356,242524.70899997585,1958674.0,-0.0106437114085373,0.020113643,-0.002133675,0.010102349900000002
2026-07-07,200.9009999999998,225.40499999999983,-24.50400000000002,99435.001,0.006825,1.3261223540358222,176951.1599999757,1612504.0,-0.0170948197422191,0.044202954,-0.0081134215,0.020660585025000004
2026-07-08,341.5179999999996,62.832,278.6859999999996,100379.325,0.007171,1.4283632831471589,163011.15799996606,1510931.0,0.0149779728044681,0.0051175747,-0.0073945,-0.0005128589149999995
2026-07-09,152.25099999999986,294.4669999999999,-142.2160000000001,100165.596,0.004912,1.7777777777777777,150818.13099997616,1470410.0,0.0146278991084596,0.01791925,0.036454313,0.026260028350000002
2026-07-10,121.719,306.7959999999996,-185.0769999999996,103955.721,0.009508,1.463054187192118,138694.81799998047,1114857.0,-0.0053558195209024,0.022779156,0.025887053,0.02417770965
2026-07-11,35.96199999999999,32.427,3.5349999999999895,101404.727,0.004156,1.2675736961451247,53646.00099998735,494134.0,-0.0006112900761667,0.09075673,0.005993098,0.0526130956
2026-07-12,162.7789999999999,35.765000000000015,127.0139999999999,100697.845,0.007578,1.2573363431151243,59931.84799996656,577380.0,-0.0229242961434898,0.054486148,0.011984218,0.0353602795
2026-07-13,560.1609999999988,103.31300000000016,456.84799999999865,107330.016,0.01,1.3562676720075402,195366.3759999633,1432145.0,0.0425482910408412,-0.010626044,0.0141905695,0.0005414320750000007
2026-07-14,35.84600000000002,538.3319999999991,-502.4859999999991,105358.693,0.00559,1.8441410693970424,190675.52399999145,1350130.0,-0.0044329721857003,0.030749429,-0.017186321,0.009178341500000001
2026-07-15,62.49099999999999,279.2349999999995,-216.74399999999952,103012.029,0.004457,1.1982853374367992,132084.98499997507,1107089.0,-0.0144042517076172,0.016172912,0.047909193,0.030454238450000004
2026-07-16,335.3999999999996,94.17700000000008,241.2229999999995,101778.498,0.006102,1.1810250817884405,130220.73899998028,1068139.0,0.0015884241727963,-0.010500191,-0.013195142,-0.011712918950000002
2026-07-17,246.8989999999997,142.97600000000014,103.92299999999956,100193.65,0.006045,1.4289531212047606,165772.5029999746,1262762.0,0.0140186936306765,0.015940474,-0.033778913,-0.00643325015
2026-07-18,3.6879999999999984,74.68599999999996,-70.99799999999996,101443.407,0.003326,1.5549310168625448,49214.71399999442,396032.0,-0.0017240324265905,0.015635148,-0.016210571,0.0013045744500000019
2026-07-19,48.33600000000001,62.389000000000046,-14.053000000000033,102393.561,0.005235,1.4449877750611249,62638.65699998338,532421.0,0.0082009691191871,0.04328373,-0.014477789,0.01729104645
2026-07-20,204.08199999999985,474.08099999999985,-269.999,101283.221,0.006518,1.3929169657812874,179407.3319999521,1470939.0,0.0197356154589805,0.03285928,-0.002563879,0.016918858449999997
2026-07-21,64.418,294.1239999999996,-229.7059999999996,104341.524,0.001894,1.2168033695411218,138884.8189999809,1062773.0,-0.0066581663939206,0.034191985,-0.014981113,0.012064090900000003
2026-07-22,87.95000000000007,67.11200000000001,20.838000000000065,102257.644,0.001443,1.0391517128874388,116688.14899998347,932432.0,-0.0154792088703139,0.018613007,-0.001540482,0.009543936950000002
2026-07-23,182.23999999999972,46.43999999999997,135.79999999999976,104603.6,0.008458,1.2055580061755622,124609.39199998896,895062.0,-0.0148406889207137,0.031816714,0.012896962,0.023302825600000004
2026-07-24,243.59399999999985,49.372999999999955,194.2209999999999,106134.03,0.005879,1.5233409033560432,147448.51899996042,955309.0,0.0036573206278536,0.01174213,-0.012985207,0.0006148283499999999
2026-07-25,32.94900000000001,26.996,5.953000000000014,107526.406,0.000729,1.8768699654775605,46239.8059999848,325284.0,0.0157967465740416,0.06722556,-0.0029573813,0.035643236415
2026-07-26,6.385999999999996,164.637,-158.251,104373.768,0.005819,1.803476310625175,65761.72299998997,463639.0,-0.0254610041753071,0.034589853,0.0027890578,0.02027949516
2026-07-27,641.6579999999998,168.989,472.66899999999976,105622.109,0.00504,1.5614754098360657,147808.2989999895,1135504.0,0.0024929742373505,0.0036037448,0.02017793,0.01106212814
2026-07-28,313.9519999999995,81.30100000000009,232.6509999999994,103272.522,0.006689,1.6860059092130004,144226.00399997362,1082154.0,0.0010833525689246,0.04169187,-0.002952963,0.021601695150000003
2026-07-29,202.0089999999999,148.72700000000006,53.28199999999984,104367.469,0.003665,1.7329871549603717,179942.72299997925,1476168.0,0.0123597942914894,0.0034450775,-0.0015697032,0.0011884261850000004
2026-07-30,29.018000000000008,121.6100000000002,-92.59200000000018,106615.301,0.009029,1.559508574353724,112836.93999999622,834335.0,-0.0296437641449447,-0.0073289927,0.004506696,-0.002002932785
2026-07-31,537.7679999999997,109.12000000000018,428.6479999999995,109542.791,0.005664,1.25377507324769,174958.9659999511,1106864.0,-0.0010220225734549,-0.009499723,-0.016553693,-0.012674009500000001
2026-08-01,200.93700000000007,15.245,185.6920000000001,108535.629,0.003545,2.2071840923669015,54705.43899999724,399204.0,0.0118102251863163,0.040494606,-0.0068251416,0.019200719580000004
2026-08-02,22.07600000000002,110.87300000000003,-88.79700000000001,109146.028,0.007707,2.1938677738741617,84032.64099997577,559325.0,-0.0007868440094362,-0.0041058566,-0.0012108907,-0.0028031219450000006
2026-08-03,240.4170000000001,227.59199999999996,12.82500000000013,108575.544,0.002474,1.940311673037342,151843.50699996893,1027925.0,0.0091918818449574,0.013462228,0.012947254,0.0132304897
2026-08-04,54.98000000000003,151.2930000000001,-96.31300000000006,108246.981,0.007684,1.498126405196103,130021.15099998689,927811.0,0.0086769548697454,0.011362532,0.0025147796,0.00738104342
2026-08-05,39.700999999999986,353.86599999999964,-314.1649999999997,107124.416,0.002676,1.27842333105491,145107.77899997123,888356.0,-0.0052969047359656,-0.0027619381,-0.031032689,-0.015483776004999998
2026-08-06,64.58800000000004,59.07499999999999,5.513000000000048,105787.11,0.005939,1.1468441391155002,99289.6039999947,687766.0,0.0092781299214479,0.008428142,0.011927016,0.0100026353
2026-08-07,61.628,118.78200000000012,-57.15400000000013,106975.064,0.006308,1.2143489813994688,124339.56799998895,817070.0,0.0006068408439343,-0.007993054,-0.016290419,-0.011726868250000001
2026-08-08,3.025999999999999,15.596999999999998,-12.570999999999998,107228.489,0.005801,1.1026072329688814,26438.302000010724,214214.0,-0.0009395970434731,0.029176708,-0.003803216,0.014335742200000001
2026-08-09,46.33099999999997,70.67600000000003,-24.345000000000063,107052.142,0.007054,1.1459227467811155,47847.719000001474,323498.0,-0.0144577428542156,0.024494382,0.0022908375,0.014502786975
2026-08-10,245.14299999999972,39.941000000000024,205.20199999999969,106299.561,0.005057,1.163565556036348,128818.28799998804,763881.0,-0.0058009094392339,0.023384392,0.0076806024,0.01631768668
2026-08-11,203.586,34.099,169.48700000000002,109278.453,0.008282,1.6041666666666667,105995.56399999822,624055.0,-0.0018887322178127,0.0127405785,0.010210022,0.011601828075
2026-08-12,67.0910000000001,65.249,1.8420000000000984,111095.578,0.006601,1.8042624789680315,114414.6729999994,719916.0,0.0001712204025832,0.00087529654,0.010346107,0.005137161247000001
2026-08-13,178.87100000000004,63.668000000000035,115.203,109602.649,0.007841,1.8530670470756063,122666.09099999188,707982.0,-0.0070700424944938,-0.00286956,-0.004224159,-0.00347912955
2026-08-14,172.89299999999992,23.045000000000012,149.8479999999999,112007.936,0.000629,1.868617326448652,105347.7569999896,642939.0,0.0006731173602325,-0.01570099,-0.01669965,-0.016150387000000002
2026-08-15,12.090999999999994,10.264999999999992,1.8260000000000025,111517.11,0.005311,2.082614056720099,25131.185000010468,204161.0,-0.0029528696901905,0.0017140494,-0.023335502,-0.009558248730000002
2026-08-16,99.236,15.433999999999994,83.802,110962.944,0.005,2.045066991473812,39927.547000003375,280210.0,0.0256166107150956,-0.02009325,-0.005717933,-0.013624357350000001
2026-08-17,23.74700000000001,289.65199999999993,-265.9049999999999,106416.222,0.009202,2.221649484536082,138240.75199997777,722836.0,0.0029912401869456,-0.01013804,-0.00045529753,-0.005780805888499999
2026-08-18,33.38099999999999,154.53299999999993,-121.15199999999992,106292.381,0.00365,1.484472049689441,97485.92199999384,545115.0,0.0687927858194576,-0.008874878,0.018457185,0.0034245503500000005
2026-08-19,169.62400000000017,4547.610999999999,-4377.986999999999,107509.897,0.01,1.377555872563005,326170.95399999915,2061293.0,0.0518571019348641,-0.0063615562,0.004684724,-0.0013907301100000002
2026-08-20,162.45000000000007,1803.1909999999923,-1640.7409999999925,107639.105,0.009422,1.077274615704196,289373.17399997124,2755981.0,0.0702292787627225,-7.582689e-05,0.025116473,0.0112607080605
2026-08-21,564.9599999999981,3181.0900000000065,-2616.1300000000083,106117.954,0.01,0.9554165037152912,450230.8179999626,4802005.0,-0.0162551155599732,-0.023214854,0.016790539,-0.0052124271500000015
2026-08-22,471.0519999999991,207.2610000000001,263.79099999999903,105834.173,0.01,1.0387359836901122,128863.43699999266,1620907.0,0.0085146765352739,0.010062081,0.011363402,0.010647675450000001
2026-08-23,275.8499999999998,184.43699999999987,91.41299999999993,105549.98,0.01,1.0072260136491369,131036.71399998826,1314556.0,0.0160633340030198,0.00083013857,0.028442983,0.013255918563500002
2026-08-24,309.49899999999957,441.8879999999992,-132.3889999999996,107235.866,0.01,1.0699648105982198,232390.54699997272,2443262.0,-0.0057589768483676,0.07774394,0.063555345,0.07135907225
2026-08-25,666.2029999999988,380.4299999999982,285.77300000000065,106612.298,0.01,0.9447685725398676,239463.4259999671,2326149.0,0.0061513409419617,0.06571496,0.08599066,0.074839025
2026-08-26,117.66000000000008,129.76300000000006,-12.10299999999998,105613.474,0.007091,1.000800320128051,134338.56999999192,1438881.0,0.0153930881541732,0.066209525,0.026564784,0.04836939155000001
2026-08-27,158.28500000000008,304.8819999999996,-146.59699999999953,108781.83,0.006331,1.0859407592824364,165285.72899997546,1436759.0,-0.0304106822174023,0.026410274,-0.0042479336,0.012614080580000003
2026-08-28,682.1829999999989,173.49000000000007,508.6929999999988,105627.285,0.005913,0.9201228878648234,222134.5619999618,1758969.0,0.0049223595628227,0.060963217,0.03718529,0.05026314985000001
2026-08-29,14.230999999999993,36.113,-21.882000000000005,107692.983,0.01,1.1877050973528769,48168.75399998701,444895.0,-0.0070296353924241,0.020906672,-0.0014386475,0.010851278225000002
2026-08-30,233.83600000000007,96.65900000000008,137.177,106340.905,0.007058,1.1877050973528769,89715.17399999089,859597.0,0.0115100600819406,0.04000853,-0.033088975,0.007114652750000002
2026-08-31,75.50100000000013,184.58900000000008,-109.08799999999997,108003.455,0.01,1.0811654526534862,129394.69799998157,1353859.0,-0.0146431007247009,0.011151067,0.018212602,0.01432875775
2026-09-01,368.9989999999992,79.75999999999999,289.23899999999924,108318.179,0.003844,0.994813484939158,151219.1889999798,1324681.0,-0.0012791141834647,0.02596452,-0.018186845,0.006096405750000002
2026-09-02,134.38100000000017,115.57400000000008,18.807000000000087,107671.06,0.003819,1.2862368541380886,141754.38999997996,1235589.0,0.0495700820018925,0.010149306,-0.05298669,-0.0182618922
2026-09-03,86.99800000000003,1179.389999999998,-1092.391999999998,112737.102,0.008893,1.2148394241417495,239338.94699997263,1806382.0,-0.0200042536926066,-0.0038782516,-0.005943984,-0.00480783118
2026-09-04,591.6439999999993,105.59300000000005,486.0509999999993,107932.455,0.004455,0.7815784785319793,194730.002999953,1471060.0,0.0021440512131718,-0.0073914425,0.017604671,0.0038568085749999988
2026-09-05,17.791000000000004,31.888999999999992,-14.097999999999988,106272.312,0.001923,1.016535591853196,47520.90099999149,410535.0,0.0063691118636004,0.026877325,-0.061318256,-0.012810686449999999
2026-09-06,64.38,132.61700000000013,-68.23700000000014,105565.575,0.002813,1.0475020475020471,61238.26499998509,527453.0,-0.015425710493643,0.055286974,-0.015007891,0.023654284750000004
2026-09-07,130.2000000000002,25.468000000000018,104.73200000000016,106896.032,0.002185,1.0601565718994643,94655.71699998,739494.0,-0.0083292874835372,-0.0024361764,0.023535267,0.00925097313
2026-09-08,243.81900000000027,63.21699999999998,180.6020000000003,106647.269,0.009029,1.1607605877268798,129814.95499998335,1028583.0,-0.0019056892110427,0.07649717,-0.00903704,0.0380067755
2026-09-09,250.86800000000017,136.2390000000002,114.62899999999996,105123.235,0.004815,1.2951572182694515,152587.61199997467,1235903.0,-0.0224410814206592,0.02825055,-0.013991386,0.009241678800000002
2026-09-10,485.5659999999991,50.00600000000003,435.5599999999991,106878.433,0.007199,1.270663033605813,142636.87299998096,1175077.0,0.0085436649301904,0.008700518,-0.007983677,0.0011926302500000008
2026-09-11,353.9489999999995,419.4189999999997,-65.4700000000002,103404.859,0.003593,1.6007802340702209,207297.9989999668,1722572.0,0.0006864528361081,-0.0035709718,-0.028969206,-0.015000177190000002
2026-09-12,9.59299999999999,4.119999999999997,5.472999999999992,103322.256,0.005169,1.5471217524197658,40726.67999999989,296171.0,-0.0056672602126699,0.024312573,0.017879646,0.02141775585
2026-09-13,181.63199999999992,44.92400000000003,136.70799999999988,104917.346,0.00645,1.653927813163482,67943.45699998098,512737.0,0.0173801626824268,0.005227004,-0.038079433,-0.014260892650000002
2026-09-14,106.71200000000005,316.30500000000006,-209.593,103536.015,0.00422,1.6631158455392812,165453.87999996834,1355522.0,-0.033087188533484,0.028539442,0.00027342886,0.015819736087000002
2026-09-15,1134.5429999999965,149.06699999999995,985.4759999999964,107512.513,0.009812,1.1630975556997625,238237.29299997503,1900165.0,0.0073958610154036,0.026227437,-0.004091136,0.01258407915
2026-09-16,165.29300000000006,147.4109999999999,17.882000000000176,107937.167,0.005258,1.8176951253874332,156286.21399997253,1608203.0,0.0027649843965491,0.029700289,-0.022894926,0.006032442250000001
2026-09-17,60.122,131.7520000000001,-71.6300000000001,108265.168,0.008505,1.525252525252525,119051.83499999222,998201.0,0.0568091068621523,0.0023249814,0.004480418,0.00329492787
2026-09-18,58.73,986.4899999999974,-927.7599999999974,107958.504,0.006853,1.4449877750611249,220674.98099996525,1650383.0,0.0045162759007233,0.006805928,0.038295954,0.020976439700000002
2026-09-19,56.692,122.18000000000022,-65.48800000000023,107666.309,0.01,0.9015021867275146,75131.49899998336,670603.0,-0.000886423635654,0.05768662,0.017389856,0.0395530762
2026-09-20,162.66500000000005,81.57100000000001,81.09400000000004,107797.427,0.007524,0.9421246844047388,96709.72999998044,821998.0,0.0648864612892179,0.016100856,-0.034656286,-0.0067398579
2026-09-21,90.8460000000001,1964.8919999999955,-1874.0459999999955,109182.26,0.005485,0.9607843137254902,290680.3559999767,2494728.0,-0.0047612591028283,0.065415464,0.021269202,0.04554964610000001
2026-09-22,177.19899999999967,186.72000000000023,-9.521000000000557,106713.252,0.002784,0.8925056775170325,169433.1619999657,1606709.0,-0.0212305115050082,-0.0034957142,0.020112656,0.00712805239
2026-09-23,432.25799999999936,99.27700000000004,332.9809999999993,98496.344,0.001286,0.9036740909956216,208415.69499995784,1570097.0,0.0001497560779597,0.023978952,-0.022372752,0.0031206852000000024
2026-09-24,285.02799999999957,176.1249999999998,108.90299999999976,95866.115,0.001422,1.1607605877268798,159045.60299996135,1550858.0,-0.003682273183772,0.029983507,0.05002561,0.03900245335
2026-09-25,211.28799999999984,120.33800000000008,90.94999999999976,95204.61,-0.000574,1.2192632046160674,134026.607999989,1253066.0,0.0039530567413539,-0.0010634982,0.024875429,0.01060901904
2026-09-26,19.44400000000001,35.061000000000014,-15.617000000000004,94510.802,-0.000545,1.3004370830457788,36339.10600000439,346286.0,0.0004606136900271,0.10343483,-0.011640258,0.05165104040000001
2026-09-27,38.76800000000004,62.157000000000025,-23.38899999999998,94131.079,0.001051,1.2883295194508009,66589.62199998168,593539.0,-0.01157336688693,0.05244129,0.0038076118,0.030556134810000003
2026-09-28,381.2899999999985,196.9159999999999,184.37399999999857,92792.959,0.006501,1.1677866897897249,157361.87399995804,1553050.0,0.0019579619456884,0.02205592,0.03443242,0.027625345000000003
2026-09-29,123.01000000000008,101.06900000000014,21.94099999999993,92467.475,0.001399,1.360717658168083,122965.2509999882,1132780.0,-0.0004789366597997,0.043455746,-0.009545498,0.019605186200000006
2026-09-30,126.47300000000018,227.70599999999976,-101.23299999999958,95412.894,0.006606,1.3832221163012393,176822.62999996066,1433572.0,0.0149133064693014,0.014338006,-0.01388184,0.0016390753
2026-10-01,53.516000000000055,135.35100000000003,-81.83499999999998,96924.487,0.00698,1.3474178403755868,143148.85199996465,1235127.0,-0.0042744356249411,0.032228064,0.011046264,0.022696254
2026-10-02,311.46099999999984,650.3909999999992,-338.9299999999993,98177.507,0.001214,1.0391517128874388,232091.0099999688,1746319.0,0.0027831035305094,0.01677908,-0.020553418,-2.0544100000000412e-05
