date,Close,log_return,garch_vol,realized_vol,tr,atr,vov,downside_vol,vol_momentum,vol_rank,vol_regime,crash_flag,model2_volatility
2018-09-10,6312.0,0.0097415281926185,0.0339964230161119,0.0309441947950557,152.97999999999956,286.3735714285714,0.0049388564047513,0.0399277960708622,0.0081418991608007,0.2936507936507936,1,0,
2018-09-11,6294.91,-0.0027112132106275,0.0325207711103126,0.0297255807371434,234.3199999999997,283.4678571428571,0.0049691577465146,0.0373613318997864,0.0074519179074859,0.2261904761904762,1,0,
2018-09-12,6338.62,0.0069197088084482,0.0310443388921422,0.0300047500054478,167.6300000000001,279.6221428571428,0.0049520337787002,0.0398684467833132,0.0063843108097952,0.1309523809523809,1,0,
2018-09-13,6487.38,0.0231976720697115,0.0297727765974298,0.0311030978984208,197.60000000000036,273.82071428571425,0.0048932640693959,0.0429780011152402,-0.0083301156591851,0.0992063492063492,1,0,
2018-09-14,6476.63,-0.0016584378543225,0.0294667636318292,0.0310153877982664,199.3699999999999,273.7042857142857,0.0047804555827543,0.0397948343655774,-0.0077117326060296,0.0952380952380952,1,0,
2018-09-15,6514.96,0.0059007575235092,0.0282690456532613,0.0298321185369791,99.31999999999972,261.7799999999999,0.0046276279576326,0.0397948343655774,-0.0074978612957758,0.0634920634920634,1,0,
2018-09-16,6505.0,-0.0015299589158246,0.0272466097291009,0.0292649965633946,154.6199999999999,257.2207142857142,0.0045656509578772,0.0372285889296961,-0.0083484003459957,0.0436507936507936,1,0,
2018-09-17,6248.69,-0.0401992701853082,0.0262662931174347,0.030456740572814,332.84000000000015,270.52,0.0045308784207602,0.0398043015902107,-0.0077301298986772,0.0317460317460317,0,0,
2018-09-18,6336.45,0.0139468329382435,0.0283808843186561,0.0305063463598652,165.02000000000044,269.2478571428572,0.0042726405221339,0.0398043015902107,-0.0041398867916565,0.0833333333333333,1,0,
2018-09-19,6391.89,0.0087113245872298,0.0276371011783256,0.0192387130396041,394.6999999999998,246.34785714285712,0.0039805959785105,0.0235189548911518,-0.0034072377138166,0.0555555555555555,1,0,
2018-09-20,6492.0,0.0155406503477113,0.0267552201880077,0.0184706614195481,215.0,228.84785714285712,0.0036805084021272,0.0227179367015249,-0.0030175564094221,0.0436507936507936,0,0,
2018-09-21,6759.02,0.0403072594790998,0.0262826624876465,0.0205581692275086,293.8599999999997,233.8378571428571,0.0033433319165336,0.023445177723949,-0.0031841011441826,0.0357142857142857,0,0,
2018-09-22,6723.05,-0.005335988516169,0.0284092967251667,0.0178113163775801,212.02999999999977,222.7685714285714,0.0029044849301799,0.0182038235783054,0.0001402510719054,0.0992063492063492,1,0,
2018-09-23,6708.0,-0.0022410766543128,0.0273612355319942,0.0178849198008828,126.47999999999956,210.41214285714275,0.0023313110071564,0.0166429083442009,0.0001146258028933,0.0595238095238095,1,0,
2018-09-24,6581.39,-0.0190548747324665,0.0263744845488775,0.0189283362681631,173.0,211.8421428571428,0.0018731692112147,0.0170084291707327,0.0001081914314427,0.0436507936507936,0,0,
2018-09-25,6447.54,-0.0205473065193562,0.0261796047680835,0.0199157317226814,258.9899999999998,213.60428571428565,0.0014948430174273,0.0186694852944497,-0.0022012795505725,0.0277777777777777,0,0,
2018-09-26,6465.12,0.0027229108273374,0.0261225890342463,0.0198628180298257,178.28999999999996,214.3657142857142,0.0012335104662424,0.0186694852944497,-0.0015145121440793,0.0277777777777777,0,0,
2018-09-27,6689.13,0.0340622473040461,0.0252667416728902,0.0209613443769023,316.0,222.82285714285703,0.0011716424495007,0.0186694852944497,-0.0014884785151174,0.0158730158730158,0,0,
2018-09-28,6634.58,-0.0081884557381464,0.0267455711267503,0.021125516733476,273.9200000000001,228.14785714285705,0.0009640171146266,0.0189138957208588,0.0004629086391037,0.0634920634920634,0,0,
2018-09-29,6596.38,-0.0057743513913202,0.0259406851774483,0.0211782041809825,171.4300000000003,233.2985714285714,0.0009186944814884,0.0178097280066509,-0.0024686115477184,0.0317460317460317,0,0,
2018-09-30,6626.57,0.0045663112177116,0.0251551986344513,0.0211873541040888,129.0,231.46857142857135,0.0010037029202971,0.0190306163817412,-0.0022060368975428,0.0119047619047619,0,0,
2018-10-01,6611.61,-0.0022601303756584,0.0244281749011735,0.0175886987104812,157.09000000000017,218.91499999999996,0.0011630856798329,0.0114908496824122,-0.0019463096477039,0.0039682539682539,0,0,
2018-10-02,6525.79,-0.0130651758761377,0.023746720092403,0.0178963475339781,146.0,217.5564285714285,0.0012440927065353,0.0116992318425237,-0.0024328846756805,0.0039682539682539,0,0,
2018-10-03,6510.0,-0.0024225624564948,0.0234939702866711,0.0178273529757823,119.0,197.86357142857136,0.0013564255187166,0.0110596615102743,-0.0026286187475751,0.0039682539682539,0,0,
2018-10-04,6593.79,0.0127888407881737,0.0229164330909654,0.0176728565525563,138.3699999999999,192.38999999999993,0.0015405038388979,0.0110596615102743,-0.0023503085819248,0.0039682539682539,0,0,
2018-10-05,6635.65,0.0063283313125719,0.0227521092530582,0.0137804503267255,153.92000000000007,182.39428571428567,0.0017010601532195,0.0110596615102743,-0.0039934618736921,0.0039682539682539,0,0,
2018-10-06,6594.27,-0.0062555381951305,0.0223343924941464,0.0138032583523394,84.22999999999956,173.26571428571424,0.0016339945629153,0.0111130753777432,-0.0036062926833019,0.0039682539682539,0,0,
2018-10-07,6615.26,0.0031780112791537,0.021963675708299,0.0138531911529046,115.0,172.44571428571427,0.0016492555051624,0.0117605355670571,-0.0031915229261522,0.0039682539682539,0,0,
2018-10-08,6673.01,0.0086919310914517,0.0215700228372544,0.013031012687714,128.60000000000036,169.27428571428572,0.0017336350323002,0.0103052921461474,-0.0028581520639191,0.0039682539682539,0,0,
2018-10-09,6656.61,-0.0024606865424718,0.0213761108677299,0.0115434650065689,78.38000000000011,156.37357142857147,0.0017835237369151,0.0068374650334134,-0.0023706092246731,0.0039682539682539,0,0,
2018-10-10,6631.0,-0.0038547235674961,0.0210423694171587,0.0116573221236571,129.94999999999982,152.9207142857143,0.0018009295899795,0.0065394513374964,-0.0024516008695123,0.0039682539682539,0,0,0.018934404850295218
2018-10-11,6252.68,-0.0587454505468674,0.0207697966682736,0.017047566523619,428.9200000000001,160.9864285714286,0.0018580309854631,0.0205295000488952,-0.0021466364226917,0.0039682539682539,0,0,0.01879773120096416
2018-10-12,6298.01,0.0072235386433625,0.0276484884872429,0.0173088989226792,151.0,152.2064285714286,0.0020021569103069,0.0215815098607081,0.0048963792341847,0.1428571428571428,1,0,0.02327854509234574
2018-10-13,6332.93,0.0055292937766537,0.0267211830908678,0.0174685357072319,59.93000000000029,144.24214285714288,0.0020924475712333,0.0229681438050689,0.0043867905967213,0.1111111111111111,0,0,0.02439566905452068
2018-10-14,6339.34,0.0010116578240033,0.0258485575707951,0.0173770828349542,108.0,142.74214285714288,0.002147723160482,0.0229681438050689,0.003884881862496,0.0753968253968253,0,0,0.02261261214247706
2018-10-15,6752.5,0.0631381446007512,0.0250084240971176,0.0248307143284379,1380.0,230.09285714285716,0.0021759706043418,0.0247912660011455,0.0034384012598632,0.0515873015873015,0,0,0.021656859658270557
2018-10-16,6759.27,0.0010020893734168,0.0314026102592239,0.0244778291031705,230.0,236.09285714285716,0.0030600894176173,0.0265214720517655,0.0100264993914939,0.2857142857142857,1,0,0.026333588555534335
2018-10-17,6740.89,-0.0027229323735902,0.0300189855957641,0.0244826171392387,135.10999999999967,237.2435714285714,0.0034611981262722,0.0265272989609512,0.0089766161786053,0.2301587301587301,1,0,0.02777816535745846
2018-10-18,6618.96,-0.0182537057748781,0.0287765251446012,0.0248805633435657,229.0,243.71714285714285,0.0036207585156667,0.025336685278249,0.0080067284763276,0.2023809523809523,1,0,0.02702361708676072
2018-10-19,6528.88,-0.0137028454114407,0.0282357739185887,0.0250806603582422,125.14000000000031,241.6614285714286,0.0036780569480094,0.0240221733812269,0.0005872854313457,0.1706349206349206,1,0,0.02661532635115322
2018-10-20,6588.4,0.0090751144282421,0.0274956759107091,0.0251755038931442,112.09999999999944,243.65214285714288,0.0036276952263616,0.0258209280093795,0.0007744928198413,0.1468253968253968,1,0,0.02596777154642546
2018-10-21,6590.11,0.0002595134062346,0.0266406940177549,0.0251586746623734,83.89999999999964,241.43071428571423,0.0034832412899453,0.0258209280093795,0.0007921364469598,0.119047619047619,0,0,0.025419895610652943
2018-10-22,6581.2,-0.0013529408022598,0.0257172921104855,0.0250262532708388,103.72999999999956,239.65428571428563,0.0032558971372637,0.0239110028122374,0.0007088680133678,0.0753968253968253,0,0,0.022886485666291298
2018-10-23,6553.51,-0.0042163155518704,0.0248924187103197,0.0250385873608436,79.55000000000018,239.73785714285708,0.002979635152391,0.0239459949737511,-0.0065101915489041,0.0515873015873015,0,0,0.02220730002619182
2018-10-24,6565.5,0.0018278823384338,0.0241872930565276,0.0250368170206851,82.47000000000025,236.34642857142853,0.0026402844166722,0.0258167123946182,-0.0058316925392364,0.0436507936507936,0,0,0.02170428863391656
2018-10-25,6528.09,-0.005714261985446,0.0235281958135451,0.0188208148168337,72.28999999999996,210.8728571428571,0.0022385742391184,0.0098373494336845,-0.005248329331056,0.0396825396825396,0,0,0.02129857828812706
2018-10-26,6538.63,0.0016132590712825,0.0230050319068808,0.0187854720112278,84.98999999999978,206.15785714285707,0.0024479065983014,0.0098373494336845,-0.0052307420117079,0.0357142857142857,0,0,0.02074117114412848
2018-10-27,6505.6,-0.0050643189508683,0.0224749429491202,0.0188749365763338,95.3100000000004,208.68499999999997,0.002675441464735,0.0093065874497476,-0.0050207329615888,0.0277777777777777,0,0,0.02042595496947212
2018-10-28,6489.93,-0.0024115996184033,0.0220571600794669,0.0189097707087377,61.17000000000007,205.33999999999995,0.0028996138967736,0.008747169559621,-0.004583533938288,0.0238095238095238,0,0,0.02018259884768014
2018-10-29,6344.5,-0.0226634489786548,0.0216427059695327,0.0084927821102044,190.01000000000025,120.34071428571426,0.003116035028863,0.011183995122228,-0.0040745861409528,0.0198412698412698,0,0,0.01989329358171962
2018-10-30,6330.87,-0.0021506283845695,0.0224362002691421,0.0083780681728224,77.98999999999978,109.4828571428571,0.0027591585419341,0.0106318433232186,-0.0024562184411775,0.0357142857142857,0,0,0.018531767361485263
2018-10-31,6371.93,0.0064647389553655,0.021975247599175,0.0088872673589682,182.97999999999956,112.9021428571428,0.0024741746585985,0.0111701316205492,-0.0022120454573525,0.0277777777777777,0,0,0.018825421359505
2018-11-01,6410.0,0.0059568645069507,0.0216534017936184,0.0082363654019412,93.98999999999978,103.25857142857136,0.0022504114926909,0.0099357233585917,-0.0018747940199267,0.0238095238095238,0,0,0.01898210987617104
2018-11-02,6433.98,0.0037340493932571,0.0213556667198744,0.0076774204450347,72.14000000000033,99.47285714285708,0.0019893792096184,0.0092734707395258,-0.0016493651870063,0.0119047619047619,0,0,0.01827904323192464
2018-11-03,6387.09,-0.0073145547230701,0.021043075916415,0.0072532817849494,94.97000000000024,98.2492857142857,0.0017232196201829,0.0090518197596855,-0.0014318670327051,0.0119047619047619,0,0,0.018177861749849
2018-11-04,6485.85,0.0153441152804276,0.020863052717366,0.0086376823555176,166.0,104.11357142857145,0.0014684833745544,0.0090518197596855,-0.0011941073621009,0.0079365079365079,0,0,0.0181544448304196
2018-11-05,6468.99,-0.0026028896565168,0.0211396152159935,0.0086465183361517,73.36999999999989,101.94500000000004,0.0012163781629983,0.0090858964434189,-0.0005030907535391,0.0198412698412698,0,0,0.018680507529596102
2018-11-06,6519.11,0.0077178723270083,0.0208358962042333,0.0089134459339395,86.13000000000011,102.41500000000003,0.0010195536475655,0.0095816103374515,-0.0016003040649088,0.0079365079365079,0,0,0.018284670922539978
2018-11-07,6578.46,0.0090628118381168,0.020696584183153,0.0092542623169203,106.14999999999964,104.10642857142857,0.0008618462998074,0.0095816103374515,-0.001278663416022,0.0039682539682539,0,0,0.0182958729098918
2018-11-08,6479.84,-0.0151048566904794,0.0206296862578019,0.0100199355169421,125.77999999999976,107.92714285714284,0.0007460034029223,0.0109424122582919,-0.0010237155358165,0.0039682539682539,0,0,0.01833302375468114
2018-11-09,6419.99,-0.0092792586330645,0.0209227153725363,0.0102607234240627,120.51999999999953,110.46499999999996,0.0006344974806349,0.0107486007402837,-0.0004329513473381,0.0238095238095238,0,0,0.01868112242352178
2018-11-10,6433.05,0.0020322047538421,0.0208360484397136,0.0102361378117748,64.55000000000018,108.26785714285708,0.0005706813755427,0.0113301873427715,-0.0002070274767013,0.0198412698412698,0,0,0.01871021426382816
2018-11-11,6449.81,0.0026019081873638,0.0205626238686664,0.0102631211226285,107.14000000000031,111.55142857142852,0.0005561250978128,0.0121983346119912,-0.0003004288486995,0.0039682539682539,0,0,0.01840194012119984
2018-11-12,6453.07,0.0005053135531554,0.0203290385548703,0.0080293554531276,76.0,103.40785714285708,0.0005831584436394,0.0087082062932446,-0.0008105766611232,0.0039682539682539,0,0,0.01844399433292218
2018-11-13,6457.66,0.0007110365089157,0.0201081394693368,0.0079733981779036,106.85000000000036,105.46928571428568,0.0004955098973636,0.00967650610732,-0.0007277567348965,0.0039682539682539,0,0,0.01779507008160208
2018-11-14,5922.41,-0.086523562421549,0.0199152392983568,0.0246776038902587,825.9700000000003,151.39714285714288,0.0004645596635319,0.0396506391774349,-0.0007813448847962,0.0039682539682539,0,0,0.01804115997901408
2018-11-15,5753.4,-0.0289524762444326,0.0337197670232766,0.025218523213889,536.1199999999999,182.9778571428572,0.0034986910461119,0.0380769217430981,0.0130900807654747,0.5436507936507936,1,0,0.02811330941396596
2018-11-16,5655.94,-0.0170846640712269,0.0333997568777199,0.0251047634232866,233.64000000000033,194.51357142857145,0.0046984892218546,0.0358389205095059,0.0124770415051836,0.5158730158730159,1,0,0.03125533092663194
2018-11-17,5628.29,-0.0049006543357936,0.0322860851544961,0.0251270344256601,91.17000000000009,194.24214285714288,0.0053464532448006,0.0357801047373875,0.0114500367147825,0.4563492063492063,1,0,0.03076077989269766
2018-11-18,5662.0,0.0059715206911761,0.0308581618535145,0.0245456944630444,121.17000000000009,191.04,0.0056540479379778,0.0357801047373875,0.0102955379848481,0.373015873015873,1,0,0.0295347691121087
2018-11-19,4910.03,-0.142497134922312,0.0295838642717729,0.0429832665897128,809.0,243.58500000000004,0.0057726351341454,0.0646531069760904,0.0092548257169026,0.3373015873015873,1,1,0.02840173256306374
2018-11-20,4558.86,-0.0742074594963106,0.0532107574597119,0.0445135334673182,722.2399999999998,289.0214285714286,0.0094520321638986,0.0659231718902097,0.0331026179903751,0.988095238095238,2,1,0.04968101367582714
2018-11-21,4661.07,0.0221724432431749,0.055232852062331,0.0454261484509178,373.34999999999945,308.10714285714283,0.0118913068652625,0.0659231718902097,0.0353176127639742,0.996031746031746,2,1,0.0578031992373986
2018-11-22,4370.0,-0.0644820264067629,0.0523477819375867,0.0465346228336252,386.7700000000005,326.74928571428575,0.0130563501888724,0.0695491658562592,0.01862801491431,0.984126984126984,2,1,0.056314141162552026
2018-11-23,4420.61,0.0115146865095105,0.053264101389439,0.047504595362912,261.0600000000004,336.78785714285726,0.0138466526330683,0.074268419677384,0.0198643445117191,0.992063492063492,2,1,0.0564904256336634
2018-11-24,3932.44,-0.1170175972529126,0.0501920386510253,0.052379937092801,702.31,382.3421428571429,0.0139263849427107,0.0808576721749992,0.0179059534965291,0.9682539682539684,2,1,0.05466898559061518
2018-11-25,4085.78,0.0382525541931375,0.0599751748981337,0.0551501084617491,580.3400000000001,416.14214285714297,0.0145208858777904,0.0808576721749992,0.0291170130446191,1.0,2,1,0.06036028573888022
2018-11-26,3862.2,-0.0562756832527462,0.0575413824611122,0.0546127014742197,505.0,446.78500000000014,0.0142661004213688,0.0785073653459347,0.0279575181893393,0.996031746031746,2,0,0.05900793067666732
2018-11-27,3875.21,0.0033628855807936,0.0568598281219543,0.0547567191083767,250.8800000000001,457.0728571428572,0.01337127127152,0.0785073653459347,0.0036490706622424,0.992063492063492,2,0,0.053507754073172584
2018-11-28,4264.85,0.095807155451606,0.0533899913679004,0.0630002615958822,520.2000000000003,435.23214285714295,0.0115722614524669,0.0774470229156074,-0.0018428606944305,0.98015873015873,2,0,0.05112825202074024
2018-11-29,4295.84,0.0072401022282448,0.0585980793848563,0.0634978240725138,324.7300000000005,420.1328571428572,0.0113567395991169,0.08206799009466,0.0062502974472695,0.996031746031746,2,0,0.054064467630913784
2018-11-30,4041.32,-0.0610757412843021,0.055032886042111,0.0643785845190242,398.3599999999997,431.8985714285715,0.0106153011468221,0.0850079369523314,0.0017687846526719,0.98015873015873,2,0,0.0521437556252666
2018-12-01,4190.02,0.0361341359115137,0.0551760173913125,0.0662232082127653,336.97999999999956,449.4564285714286,0.0093882242577272,0.091797266663485,0.0049839787402872,0.98015873015873,2,0,0.0521299512347875
2018-12-02,4161.01,-0.0069476739259819,0.0530668808430829,0.0659065338406247,209.94999999999985,455.79785714285714,0.0072648192293833,0.0850283139181159,-0.0069082940550508,0.9563492063492064,2,0,0.05095569410584974
2018-12-03,3884.01,-0.0688897081753037,0.0499263636503549,0.0580185716610042,352.0,423.155,0.0029535578336263,0.0707602164311825,-0.0076150188107572,0.9365079365079364,2,0,0.048697662190212945
2018-12-04,3951.64,0.0172625575279248,0.0517783323557237,0.0561705699690713,304.0,393.2807142857143,0.0030277043480646,0.0701692128130493,-0.0050814957662306,0.9484126984126984,2,1,0.04930961341343422
2018-12-05,3769.84,-0.0470981223779816,0.0489940812182612,0.0561495780390817,225.0,382.68428571428575,0.0033468443539378,0.0673588934549735,-0.0043959101496392,0.9206349206349206,2,1,0.05285040993095672
2018-12-06,3508.75,-0.0717727115470463,0.0484641483110292,0.0566735898663699,399.9899999999998,383.62857142857143,0.0036430711518113,0.0684041916903201,-0.010133931073827,0.9166666666666666,2,1,0.05249012498661752
2018-12-07,3403.55,-0.030440844136482,0.0509580120225574,0.0562325832175368,325.3899999999999,388.22357142857135,0.0037172727877496,0.0648850705838638,-0.0040748740195536,0.9404761904761904,2,1,0.05392675521353443
2018-12-08,3410.93,0.0021659768273583,0.048888478234573,0.0487189341563184,273.0,357.5585714285714,0.0038231599879405,0.0534354898259028,-0.0062875391567394,0.9206349206349206,2,1,0.0527512197407438
2018-12-09,3545.37,0.0386575455082756,0.0460314520844615,0.0487500033541337,263.96000000000004,334.96000000000004,0.0038157664337228,0.0534354898259028,-0.0070354287586213,0.8849206349206349,2,0,0.050732794050676905
2018-12-10,3432.88,-0.0322429678784725,0.0450823771652734,0.047404797720512,239.88999999999987,316.0235714285714,0.0039930277744433,0.0505118337798012,-0.0048439864850815,0.873015873015873,2,1,0.044418218299164036
2018-12-11,3380.39,-0.0154084715606153,0.0437269794412142,0.0473113587884385,155.67999999999984,309.22357142857135,0.0041969548658677,0.0475625094723015,-0.0080513529145094,0.8531746031746031,2,0,0.04891119366472852
2018-12-12,3445.0,0.0189328170116027,0.0415645636921537,0.0375764024765646,142.0,282.2092857142856,0.0047560516350795,0.0475625094723015,-0.0074295175261075,0.8253968253968254,2,0,0.04181101821529222
2018-12-13,3302.06,-0.0423773883271998,0.0397462698427912,0.0376320024194159,204.5,273.62142857142845,0.0047441084129494,0.0470146330646776,-0.008717878468238,0.7738095238095238,2,0,0.040045471505674717
2018-12-14,3224.17,-0.023870963355657,0.0399377143093985,0.0356794013116148,158.38999999999987,256.4807142857142,0.004849496708954,0.0431186453842529,-0.0110202977131588,0.7817460317460317,2,0,0.039789966985639094
2018-12-15,3211.72,-0.0038689335989161,0.0385472370716327,0.0326441337919032,120.23999999999978,240.99928571428563,0.004829947957861,0.0409242310436609,-0.0103412411629403,0.7222222222222222,2,0,0.03870556224297962
2018-12-16,3228.67,0.005263668546469,0.0365497584737907,0.0331499536804207,108.0,233.7171428571428,0.0050348777464627,0.0430757171761637,-0.0094816936106707,0.6468253968253969,2,0,0.03711545988427442
2018-12-17,3509.08,0.0832836071289744,0.0347431369918382,0.0395524905396765,369.0,234.9314285714285,0.0055083312611012,0.0386553114068577,-0.0103392401734351,0.5833333333333334,2,0,0.03572699019510292
2018-12-18,3652.98,0.0401893779867723,0.0422478444160794,0.0410902605602012,254.12000000000037,231.3685714285714,0.0050320325663215,0.0386553114068577,-0.0014791350251348,0.8492063492063492,2,0,0.03984708264964764
2018-12-19,3662.22,0.0025262480626864,0.0418909036587899,0.0393394454228725,290.17999999999984,236.02428571428567,0.0047588629648749,0.0372934917113234,0.0003263399666361,0.8452380952380952,2,0,0.041020066195273944
2018-12-20,4049.62,0.1005535286471595,0.0396010643832194,0.0426706817110432,485.0,242.09642857142853,0.0045226610742404,0.0276414831528698,-0.0001452054595717,0.7658730158730159,2,0,0.03972707062993164
2018-12-21,3838.66,-0.0534997021897361,0.0491416480173461,0.0447558176339105,375.9899999999998,245.71071428571423,0.0042681543610246,0.0329643309452079,0.0092039337079476,0.9325396825396826,2,0,0.044833856810407656
2018-12-22,3948.91,0.0283162440987361,0.0492503992490907,0.0450119020781949,194.0,240.0678571428571,0.0043140751982628,0.0329643309452079,0.010703162177458,0.9365079365079364,2,0,0.04596273474945442
2018-12-23,3929.71,-0.0048739596550557,0.0472149032965156,0.044413866778441,151.5300000000002,232.0371428571428,0.0044095907835919,0.0305745883530525,0.0106651448227248,0.9047619047619048,2,0,0.044777295177909356
2018-12-24,4008.01,0.0197292269795763,0.0445121841513224,0.0429993063980961,273.1700000000001,234.41428571428568,0.004382364793581,0.0302875914996501,0.0097690471594842,0.8809523809523809,2,0,0.042941319290793444
2018-12-25,3745.79,-0.0676623161360598,0.0424599040869366,0.0475056492768015,373.59000000000015,249.9792857142857,0.0043580435197435,0.0405067838395823,0.0002120596708572,0.8531746031746031,2,0,0.04159466405216196
2018-12-26,3777.74,0.0084934045765709,0.0454547865193057,0.0473913356537314,180.4100000000003,252.7228571428572,0.0044540153202451,0.0405067838395823,0.0035638828605158,0.8928571428571429,2,0,0.043411024711583424
2018-12-27,3567.91,-0.0571459570455612,0.0429503127162431,0.04871105428833,278.98,258.04285714285714,0.0043982369662557,0.0434254429787014,0.0033492483330236,0.8611111111111112,2,0,0.04208727962974586
2018-12-28,3839.26,0.0732996495112843,0.0444011737272119,0.0510653069963923,347.21000000000004,271.53000000000003,0.0043626221987457,0.0463568585990284,-0.0047404742901342,0.876984126984127,2,0,0.042887301836327135
2018-12-29,3695.32,-0.0382124855270991,0.0478712652493169,0.0527091261592432,222.0,278.7985714285715,0.0043778879518788,0.0493761422122416,-0.0013791339997738,0.9126984126984128,2,0,0.04514583394959014
2018-12-30,3801.91,0.0284364178657821,0.0466777380508287,0.0529117745295763,245.5999999999999,288.6271428571429,0.0039676610613059,0.0493761422122416,-0.0005371652456869,0.9007936507936508,2,0,0.04474786283049722
2018-12-31,3702.9,-0.0263872755984913,0.044899144637023,0.0495029814186269,179.67000000000007,275.10357142857146,0.0028942213301509,0.0463434738525434,0.0003869604857005,0.873015873015873,2,0,0.0437081315822138
2019-01-01,3797.14,0.0251318553481993,0.0431681376346978,0.0488112244844492,168.15999999999983,268.96357142857147,0.0028393276377577,0.0463434738525434,0.0007082335477611,0.8531746031746031,2,0,0.04225944138081868
2019-01-02,3858.56,0.0160459050947938,0.041531270757287,0.0489397139325183,131.69000000000003,257.64285714285717,0.0028707209524087,0.0463434738525434,-0.0039235157620187,0.8253968253968254,2,0,0.041148312854372204
2019-01-03,3766.78,-0.0240735317857385,0.0395890015178833,0.0405966486938393,132.73999999999978,232.48142857142855,0.0028724473637302,0.043859907408161,-0.0033613111983597,0.7579365079365079,2,0,0.03969178291072998
2019-01-04,3792.01,0.0066756964269885,0.038246726530383,0.0382011357837582,120.06999999999972,214.20142857142855,0.0031116480246507,0.0420389149292588,-0.0061544471968288,0.7222222222222222,2,0,0.0383553519182298
2019-01-05,3770.96,-0.0055666105661149,0.0363156712133044,0.0372715996828521,89.98999999999978,206.77214285714285,0.0033913611195199,0.0389772999207259,-0.0115555940360124,0.6507936507936508,2,0,0.037039791927982645
2019-01-06,3987.6,0.0558599352124264,0.0345343717663064,0.0404706974277069,287.71000000000004,216.4992857142857,0.0039016485300649,0.042053247756173,-0.0121433662845222,0.5793650793650794,2,0,0.03558897105978384
2019-01-07,3975.45,-0.0030515969204376,0.0373029778150356,0.0401180934832788,96.36999999999988,203.87071428571423,0.0040637736180292,0.0389508227032448,-0.0075961668219873,0.6984126984126984,2,0,0.03697889708902136
2019-01-08,3955.13,-0.0051244787814734,0.035404587326329,0.0352623002291106,166.80000000000018,189.09999999999997,0.0044010462487945,0.0294430136818881,-0.0077635503083687,0.623015873015873,2,0,0.036361683595797396
2019-01-09,3966.65,0.0029084392953748,0.0336970528358911,0.0352377296464316,76.76999999999998,181.6971428571428,0.0046633996927391,0.0294430136818881,-0.0078342179213959,0.5595238095238095,1,0,0.034919935701534656
2019-01-10,3585.88,-0.1009179986058939,0.0321154400689477,0.0422712145955952,456.0100000000002,194.3421428571428,0.0050989505513047,0.0430730598910884,-0.0074735614489356,0.4523809523809524,1,0,0.03028477324136862
2019-01-11,3601.31,0.0042937570054668,0.0442349222551412,0.0367780416680936,193.0,183.32714285714283,0.0050873318485406,0.0430730598910884,0.0059881957247582,0.876984126984127,2,0,0.03712693935308472
2019-01-12,3583.13,-0.0050609480499446,0.0417672116783361,0.0354900292881137,88.19000000000005,173.76928571428567,0.0045666861379709,0.0406244798888455,0.0054515404650316,0.8452380952380952,2,0,0.04134993500700166
2019-01-13,3476.81,-0.0301215133856036,0.0395119084275775,0.0350492880798333,169.79999999999973,168.35499999999996,0.0040413581146894,0.0394647693080702,0.004977536661271,0.7738095238095238,2,0,0.0405448178565465
2019-01-14,3626.09,0.042039726039837,0.0386035817839694,0.0367740335471999,204.8499999999999,170.15357142857138,0.0036325306712936,0.0409938250032905,0.0013006039689337,0.75,2,0,0.03966287107038165
2019-01-15,3553.06,-0.0203457287298025,0.0389171472986573,0.036245648561508,131.80000000000018,167.55642857142854,0.0033606590640827,0.0390150683972705,0.0035125599723282,0.7658730158730159,2,0,0.03972892197919438
2019-01-16,3591.84,0.0108554019840863,0.0374239334909331,0.0360425937210605,101.48999999999978,165.39928571428567,0.0032027090444044,0.0390150683972705,0.003726880655042,0.7023809523809523,2,0,0.03888371209455986
2019-01-17,3616.21,0.0067619100468476,0.0356672619039508,0.0357358858863962,104.30999999999996,163.3685714285714,0.0031953658308965,0.0407042812134242,0.0035518218350031,0.6309523809523809,2,0,0.03750151914237048
2019-01-18,3594.87,-0.0059186868808822,0.0339650070767259,0.035634291583709,54.25,158.66714285714284,0.0033119223078172,0.0381328277506805,-0.0102699151784153,0.5634920634920635,1,0,0.03610618304603554
2019-01-19,3665.3,0.0194023581934725,0.0324002223598422,0.0361607564422121,125.76999999999998,161.22285714285712,0.0035410410191548,0.0407113765512957,-0.0093669893184939,0.4841269841269841,1,0,0.030751329415905318
2019-01-20,3539.28,-0.034986870748801,0.0315246233380849,0.0329850922526223,218.73,156.29571428571427,0.003774455865937,0.0400405956338424,-0.0079872850894925,0.4206349206349206,1,0,0.02953241000285094
2019-01-21,3526.9,-0.0035040184843708,0.0320914744259611,0.0329795448840149,84.01000000000022,155.41285714285715,0.0039535624122592,0.0400452248893002,-0.0065121073580083,0.4563492063492063,1,0,0.02951407025557666
2019-01-22,3570.93,0.012406767923613,0.0306625342684028,0.0334491582054941,173.6500000000001,155.90214285714288,0.0042242740034217,0.0427663085161594,-0.0082546130302544,0.365079365079365,1,0,0.02887612296104168
2019-01-23,3552.82,-0.0050844117252335,0.0296069705615509,0.0333295296641535,93.48000000000002,157.0957142857143,0.0045193803387734,0.0400445864807076,-0.0078169629293822,0.3412698412698413,1,0,0.02791650273693054
2019-01-24,3569.62,0.0047174932064368,0.0284363557964174,0.0198931872581494,59.7800000000002,128.79357142857145,0.0048340114659895,0.0194352728257074,-0.0072309061075334,0.3015873015873015,1,0,0.027050984277850437
2019-01-25,3565.29,-0.0012137505677216,0.0273742656105581,0.0198492397739421,64.63999999999987,119.625,0.0045398673699469,0.0181850969172164,-0.0065907414661678,0.246031746031746,1,0,0.02532117136633486
2019-01-26,3565.25,-1.1219346642832306e-05,0.0263794928670628,0.0198100931543075,117.94000000000004,121.75,0.0044120183258672,0.0180968537659793,-0.0060207294927793,0.2142857142857142,0,0,0.024700793320237682
2019-01-27,3550.84,-0.0040499824191346,0.0254826187211579,0.0179334116503983,93.0,116.26428571428572,0.004422287304329,0.0147014698192652,-0.006042004616927,0.1626984126984127,0,0,0.02249963363269474
2019-01-28,3434.15,-0.0334147528556272,0.0247117030541305,0.0160540879791164,177.48000000000002,114.30928571428574,0.0043942814275346,0.0177814242248501,-0.0073797713718306,0.1388888888888889,0,0,0.0211042058324783
2019-01-29,3411.04,-0.0067522122258818,0.0262089970055774,0.0153787974776866,93.52999999999976,111.57571428571428,0.0039314476292071,0.0165906771664537,-0.0044535372628254,0.2023809523809523,0,0,0.02205335380334644
2019-01-30,3458.18,0.0137252089822315,0.0254192731181908,0.0155940651365269,90.90000000000008,110.81928571428573,0.0035063177272198,0.0165906771664537,-0.00418769744336,0.1666666666666666,0,0,0.02171629987091448
2019-01-31,3434.1,-0.0069875565059227,0.0250007241869218,0.01538327087974,70.39999999999964,108.39714285714284,0.0031529008423738,0.0158936498813107,-0.0034356316094956,0.1468253968253968,0,0,0.02143511811215308
2019-02-01,3462.07,0.0081117934654884,0.0243476788474454,0.0156811078709217,86.80000000000018,110.72214285714288,0.002913655979034,0.0166368072895377,-0.0030265867631126,0.1309523809523809,0,0,0.02090797650846724
2019-02-02,3504.77,0.0122582217154576,0.0238025103809673,0.0150087500868818,86.11000000000013,107.88928571428572,0.0027797185879292,0.0166368072895377,-0.0025769824860955,0.1269841269841269,0,0,0.020726703828580377
2019-02-03,3458.11,-0.0134027007412189,0.0234995203947449,0.0123686366247337,85.09000000000015,98.34357142857144,0.002647576530346,0.0126780715036646,-0.001983098326413,0.119047619047619,0,0,0.02036580423684694
2019-02-04,3463.22,0.0014765950846022,0.0232965883622351,0.0123830513893115,51.57000000000016,96.0264285714286,0.0022725957027232,0.0133899371167749,-0.0014151146918954,0.115079365079365,0,0,0.01982951821734106
2019-02-05,3471.59,0.0024139101328835,0.022732938628252,0.0118066969678896,30.539999999999964,85.80428571428573,0.0019969939883643,0.0133899371167749,-0.0034760583773254,0.1031746031746031,0,0,0.0197185711769512
2019-02-06,3405.37,-0.0192591048398078,0.022240811139585,0.0126665965878942,102.7199999999998,86.46428571428571,0.001775607724496,0.0149138576689957,-0.0031784619786058,0.0912698412698412,0,0,0.018968368283751
2019-02-07,3398.4,-0.002048864802381,0.0226251728936841,0.0124759901520793,36.44999999999982,84.79785714285711,0.0015571155188976,0.0140774960350315,-0.0023755512932376,0.1071428571428571,0,0,0.01975368413621046
2019-02-08,3659.04,0.0738960853005092,0.0221416488613487,0.0241900724338147,360.48,105.9292857142857,0.0014399790187087,0.0149252716102015,-0.0022060299860966,0.0912698412698412,0,0,0.019481558116809218
2019-02-09,3665.18,0.0016766294399506,0.0318754869611283,0.0241842668583868,54.88999999999987,101.42571428571424,0.0024756675735335,0.0159557859421973,0.008072976580161,0.4761904761904761,1,0,0.02647404857667698
2019-02-10,3680.06,0.0040516090298634,0.0304510448342455,0.0241258803526072,75.22999999999956,100.1564285714285,0.0029363571191041,0.0171547242163651,0.0069515244395006,0.4126984126984127,1,0,0.0280673521005473
2019-02-11,3631.05,-0.0134071937471524,0.0291828956706448,0.0223593082788553,69.36999999999989,92.43428571428564,0.0031516216696526,0.011753825713417,0.0058863073084097,0.376984126984127,1,0,0.027974463802386877
2019-02-12,3631.46,0.0001129086226203,0.0283260983360973,0.0221803420722922,85.25999999999976,91.84357142857137,0.0032528326628159,0.0125165661701998,0.0055931597078453,0.3452380952380952,1,0,0.02667588100165838
2019-02-13,3609.4,-0.0060932177261587,0.027234239977168,0.0221768285641879,78.25,90.93999999999993,0.003291612196228,0.0116936553005132,0.004993428837583,0.2936507936507936,1,0,0.026263213986300802
2019-02-14,3590.56,-0.0052333743519312,0.0263211998899382,0.0221205952461703,58.28999999999997,90.07499999999996,0.0032956563332913,0.0115398707886131,0.003696026996254,0.2579365079365079,0,0,0.02542953193396292
2019-02-15,3602.47,0.0033115421134244,0.0254839834575293,0.0220754670751477,79.7800000000002,89.57357142857138,0.003276991811021,0.0115398707886131,0.0033423345961806,0.2103174603174603,0,0,0.02320195727451758
2019-02-16,3618.41,0.004414981523567,0.0247019442922848,0.0219170061294339,50.28999999999997,87.01499999999994,0.0032464882891184,0.0115398707886131,-0.0071735426688435,0.1706349206349206,0,0,0.02195835657537088
2019-02-17,3667.58,0.0134973411912415,0.0240209317813065,0.0216134774171476,95.71000000000004,87.77357142857136,0.0032219237420306,0.0111299534567638,-0.0064301130529389,0.1547619047619047,0,0,0.021283262268783902
2019-02-18,3898.6,0.0610854703085461,0.0237585795470939,0.0263810916234387,270.0,103.3757142857142,0.0031970259771936,0.0111299534567638,-0.0054243161235509,0.1507936507936507,0,0,0.02128819612825634
2019-02-19,3907.79,0.0023544824804968,0.0301301173606274,0.0263821437963305,138.51999999999998,111.08857142857134,0.003263034805022,0.0111299534567638,0.0018040190245301,0.4166666666666667,1,0,0.02587328961637644
2019-02-20,3969.74,0.0157286045601736,0.0288738266903446,0.0251849715775391,116.32000000000016,112.05999999999996,0.003102633503279,0.0078814053397529,0.0016395867131765,0.376984126984127,1,0,0.02779641921420676
2019-02-21,3937.31,-0.0082028523513404,0.0281701803526583,0.0254813261824484,115.44999999999982,117.70285714285708,0.0028749853883022,0.0088254623141991,0.0018489804627201,0.3333333333333333,1,0,0.02763198581159498
2019-02-22,3962.0,0.0062511992571216,0.0272172689662963,0.0177912741137677,61.34999999999991,96.33642857142851,0.0024825229089408,0.0088254623141991,0.0017332855087669,0.2976190476190476,1,0,0.027030234179777783
2019-02-23,4117.76,0.0385603779120558,0.0263096731800052,0.0197730478885171,228.87000000000037,108.7635714285714,0.0021621179723144,0.0088254623141991,0.0016077288877204,0.2619047619047619,0,0,0.025002754708003117
2019-02-24,3743.56,-0.0952722958467688,0.0281881170889374,0.0340705788184225,485.34000000000015,138.05714285714288,0.0019731529400855,0.0433321254871063,0.0041671853076309,0.3452380952380952,1,0,0.02565009305336244
2019-02-25,3827.92,0.0222845443890928,0.040507102956164,0.0342267115245658,132.65999999999983,142.57785714285714,0.0041068538554718,0.0479807582578109,0.0167485234090701,0.8214285714285714,2,0,0.0357438041736984
2019-02-26,3809.23,-0.0048945057545672,0.0389653589837809,0.0342939819710352,64.51000000000022,141.09571428571434,0.0050801170542539,0.0429710805974423,0.0088352416231535,0.7817460317460317,2,0,0.04157124899026854
2019-02-27,3818.07,0.0023179903657055,0.0369443446894253,0.0341881318035397,161.67999999999984,147.05500000000004,0.0055278633018264,0.0479464324436685,0.0080705179990807,0.7063492063492064,2,0,0.04053182681365518
2019-02-28,3813.69,-0.0011478349635982,0.0350713936853769,0.034120490796379,124.13000000000012,151.75785714285718,0.00566344905707,0.047878415946795,0.0069012133327185,0.6428571428571429,2,0,0.039147298611226136
2019-03-01,3823.0,0.0024382303359971,0.0333562651845282,0.034123247622744,43.98999999999978,149.20142857142858,0.005583476164673,0.047878415946795,0.0061389962182319,0.5793650793650794,1,0,0.03753130031071692
2019-03-02,3819.93,-0.0008033568710192,0.0318015141821272,0.0341497265117599,69.05999999999995,150.54214285714286,0.005338898978933,0.0428252641242514,0.0054918410021219,0.503968253968254,1,0,0.03212985370927632
2019-03-03,3807.75,-0.0031936343297811,0.0303803486781347,0.0340790948655615,53.67999999999984,147.54,0.0049610824433252,0.0391156736206682,0.0021922315891972,0.4404761904761904,1,0,0.03029271240688082
2019-03-04,3715.3,-0.0245790349029473,0.0291082799346247,0.0302623389389309,159.30999999999997,139.63357142857143,0.0045125485056156,0.037386675421584,-0.0113988230215392,0.4007936507936508,1,0,0.029019338760774817
2019-03-05,3857.73,0.0376194989760829,0.0289991382681707,0.0321881317600268,173.54999999999973,142.13571428571427,0.0045544289998085,0.037386675421584,-0.0099662207156102,0.4007936507936508,1,0,0.028435412560902422
2019-03-06,3861.84,0.0010648262502552,0.0302721009493322,0.0318413891706822,93.90999999999984,140.53499999999994,0.0045025646628207,0.037386675421584,-0.006672243740093,0.4484126984126984,1,0,0.02934742696959932
2019-03-07,3873.64,0.0030508796229149,0.0289947272647248,0.0318139304524736,65.0,136.93142857142854,0.0044564976197125,0.040243131312176,-0.0060766664206521,0.4007936507936508,1,0,0.028704652358834876
2019-03-08,3864.89,-0.0022614123687425,0.0278543473753957,0.0317425638315874,132.0,141.97785714285712,0.0044083770846695,0.0372677027785947,-0.0055019178091325,0.3412698412698413,1,0,0.02776311122523742
2019-03-09,3943.04,0.0200187783129752,0.0268184968223309,0.0302835764216659,117.0,133.9871428571428,0.004360483193649,0.0372677027785947,-0.0049830173597963,0.3015873015873015,1,0,0.02689229849339854
2019-03-10,3916.82,-0.0066718993120851,0.0266385110005461,0.0148790115045392,61.73999999999978,103.72999999999992,0.0044812403454781,0.0099274192968776,-0.0037418376775885,0.2817460317460317,0,0,0.02627293500032766
2019-03-11,3871.61,-0.011609658891011,0.0258014370228595,0.0142860823714766,106.98000000000002,101.89571428571422,0.0039889981188878,0.0101529537379385,-0.0033068429117652,0.2261904761904762,0,0,0.0224474994137157
2019-03-12,3882.73,0.0028680732654535,0.0252321327316297,0.0141979908504256,79.13999999999987,102.9407142857142,0.0034788792625134,0.0106951495698902,-0.003767005536541,0.2063492063492063,0,0,0.022081729238977818
2019-03-13,3866.0,-0.0043181336802327,0.0244711472441199,0.0142743014944231,53.559999999999945,95.21785714285706,0.0030847773105815,0.0101202139845004,-0.0058009537052122,0.1746031746031746,0,0,0.021635312346471938
2019-03-14,3877.12,0.002872229190487,0.0238134398718945,0.0142705646270349,109.57000000000016,94.17785714285706,0.0028115351772826,0.0108102618154693,-0.0051812873928302,0.1587301587301587,0,0,0.020684927923136698
2019-03-15,3923.76,0.0119577677765025,0.0232057190641937,0.0145590966270843,67.01999999999998,95.82285714285707,0.0026592850039884,0.0108102618154693,-0.004648628311202,0.1309523809523809,0,0,0.020491760638516217
2019-03-16,4005.98,0.020737866966801,0.0229602989753015,0.0153717718220166,135.0,100.53285714285708,0.0025783726058287,0.0116718103520887,-0.0038581978470293,0.1269841269841269,0,0,0.0203592305851809
2019-03-17,3981.14,-0.0062200342766391,0.023366668281163,0.0154923893508095,61.98999999999978,101.1264285714285,0.002499663057651,0.0118734751129072,-0.0032718427193831,0.1428571428571428,0,0,0.020761230968697798
2019-03-18,3987.81,0.0016739975925545,0.0228750018073167,0.0133088201180382,83.67000000000007,95.72357142857138,0.0025070076168627,0.0069533806278767,-0.0029264352155428,0.123015873015873,0,0,0.02036607148439002
2019-03-19,4015.53,0.0069271356323081,0.0223600088495241,0.0095210217337772,61.0,87.68428571428568,0.0024846390185812,0.0069533806278767,-0.0028721238821055,0.1031746031746031,0,0,0.01961944650971446
2019-03-20,4043.04,0.0068275405848723,0.0220063491758334,0.0095617558543116,69.5,85.94071428571426,0.0021847145102725,0.0069533806278767,-0.0024647980682864,0.0873015873015873,0,0,0.019118543905500038
2019-03-21,3980.64,-0.0155542738641596,0.0216918698559867,0.0108071479044867,189.30999999999997,94.81999999999996,0.0019506928466109,0.0089785201659473,-0.0021215700159077,0.0793650793650793,0,0,0.01917503991359202
2019-03-22,3986.93,0.0015789007957778,0.0218658314502077,0.0107406654571715,39.75,88.23071428571426,0.0017376568337923,0.0097833425813515,-0.0013398876139859,0.0833333333333333,0,0,0.01986825727012462
2019-03-23,4006.01,0.0047742223114841,0.0214659762642762,0.0094983823529346,40.81999999999971,82.78928571428567,0.0016046001148631,0.0097833425813515,-0.0014943227110253,0.0674603174603174,0,0,0.01900072495856572
2019-03-24,3992.18,-0.0034582858830809,0.0211610541148272,0.0093326748105082,56.01999999999998,82.38071428571425,0.0014135154588678,0.0094447282770755,-0.0022056141663358,0.0595238095238095,0,0,0.01884789006889632
2019-03-25,3936.12,-0.0141419810829059,0.0208671603131908,0.0096234179243165,110.59000000000016,82.6385714285714,0.0012749487427376,0.0101116359756726,-0.0020078414941258,0.0436507936507936,0,0,0.01893523258791448
2019-03-26,3948.55,0.0031529563817773,0.0210593056599925,0.0096275614257552,64.98000000000002,81.62714285714284,0.001105762137115,0.0101116359756726,-0.0013007031895316,0.0595238095238095,0,0,0.0191488673959955
2019-03-27,4038.05,0.0224134792695753,0.0207728654429528,0.0110015799760826,111.84999999999992,85.79071428571426,0.001001880004115,0.0110970675410469,-0.0012334837328806,0.0317460317460317,0,0,0.01909644526577168
2019-03-28,4027.81,-0.0025390982490289,0.0216856333570946,0.011105152141695,37.69999999999982,80.65714285714282,0.000876316651068,0.009990261777956,-6.236498892100983e-06,0.0992063492063492,0,0,0.01995213681425676
2019-03-29,4103.25,0.0185565386974424,0.0213161389462987,0.0116537193496509,99.67999999999984,82.98999999999994,0.0008116849546271,0.009990261777956,-0.0005496925039089,0.0753968253968253,0,0,0.01958220336777922
2019-03-30,4106.97,0.0009061877159357,0.0217789640568865,0.0105060798611939,88.0,79.63285714285709,0.0007422513339681,0.009990261777956,0.0003129877926103,0.1111111111111111,0,0,0.0203031424341319
2019-03-31,4103.95,-0.0007356057874581,0.0213853644010422,0.0102848181851889,33.54999999999973,77.60142857142851,0.0005775829732031,0.0096008222713726,0.000224310286215,0.0873015873015873,0,0,0.02001366624062532
2019-04-01,4144.56,0.0098467064040015,0.0210374458199959,0.0104844946586345,91.69999999999982,78.17499999999993,0.0004606018061242,0.0096008222713726,0.0001702855068051,0.0555555555555555,0,0,0.01997519949199754
2019-04-02,4857.29,0.1586840382572507,0.0209618325989563,0.0430391636301466,757.4499999999998,127.92142857142848,0.0003980057551334,0.0096008222713726,-9.747306103619764e-05,0.0555555555555555,0,0,0.02011083315937378
2019-04-03,4932.6,0.0153855631843686,0.0542221965677575,0.0429964255289721,521.5100000000002,160.20785714285708,0.0088027963876818,0.0096008222713726,0.0334493311248047,0.9722222222222222,2,0,0.0422361779406545
2019-04-04,4898.66,-0.0069045340747511,0.0511754794008609,0.0425961885421609,262.0799999999999,165.4057142857142,0.0114299305639965,0.0073022749438862,0.0294898460437663,0.9444444444444444,2,0,0.04986990764051654
2019-04-05,5004.95,0.0214657243780376,0.0481831833563609,0.0424519072076509,147.60000000000036,173.10928571428568,0.0128185344601466,0.0073022749438862,0.0268670444100621,0.9087301587301588,2,0,0.048640208413816534
2019-04-06,5043.89,0.0077501870687619,0.0458807907066621,0.0423974765955048,276.40999999999985,189.9371428571428,0.0135525487555764,0.0073022749438862,0.0241018266497756,0.8888888888888888,2,0,0.04681902762399726
2019-04-07,5170.27,0.0247473017520114,0.0433273951753452,0.0420470874980254,208.0,200.79285714285712,0.0138093695664917,0.0079789779347268,0.021942030774303,0.8571428571428571,2,0,0.04480778670520712
2019-04-08,5236.9,0.0128048086853134,0.0416518501679994,0.0410441660150778,266.0,211.8935714285714,0.0137562324764984,0.0042685175639856,0.0206144043480035,0.8293650793650794,2,0,0.04325568850079964
2019-04-09,5150.0,-0.0167330055377341,0.039580980481942,0.0420192928281602,161.71999999999937,218.80357142857133,0.013462980622195,0.0091467781336927,0.0186191478829857,0.7936507936507936,2,0,0.0415475050891652
2019-04-10,5308.25,0.0302654994041216,0.0378466193423246,0.0421210005063406,287.0,231.31428571428563,0.0129576399710565,0.0091467781336927,-0.0163755772254329,0.7579365079365079,2,0,0.04023050760539476
2019-04-11,5017.37,-0.0563563220444525,0.0371402673177476,0.0465169539007797,405.6700000000001,257.5978571428571,0.0123813719452485,0.0295983201185803,-0.0140352120831133,0.7341269841269841,2,0,0.03916173239064856
2019-04-12,5048.01,0.0060882141842029,0.0394845192077863,0.0465772023725865,219.35999999999967,266.1464285714285,0.0116419786411096,0.0295983201185803,-0.0086986641485745,0.7857142857142857,2,0,0.04099551792467178
2019-04-13,5045.22,-0.0005528458325159,0.0374367296582398,0.0466123027900615,95.0,266.6464285714285,0.0107428300666907,0.026474696802352,-0.0084440610484223,0.7420634920634921,2,0,0.03998178979494388
2019-04-14,5131.3,0.0169177779984988,0.0355141387896057,0.0464010113834812,152.98999999999978,275.1778571428571,0.0096133719261162,0.0295973256309071,-0.0078132563857395,0.6944444444444444,2,0,0.03847877407376342
2019-04-15,5024.95,-0.0209435347386204,0.0341785284187669,0.0474312017882512,217.3800000000001,284.1549999999999,0.0082074300389147,0.0280807349809637,-0.0074733217492325,0.6706349206349206,2,0,0.03754856105126014
2019-04-16,5173.72,0.0291764619150605,0.033206492425623,0.0236685934855041,193.78000000000063,243.8928571428571,0.0064281678872604,0.0280807349809637,-0.006374488056319,0.6388888888888888,1,0,0.0368333978553738
2019-04-17,5202.82,0.0056088207220739,0.032970541682778,0.0234663295499877,83.59999999999945,212.61357142857136,0.0056105999041645,0.0280807349809637,-0.0048760776595465,0.6349206349206349,1,0,0.0328659250096668
2019-04-18,5258.44,0.0106336185308997,0.031491247529248,0.0233180283208651,88.19999999999982,200.19357142857135,0.0049787538953984,0.0312048305337739,-0.0056490197884995,0.5833333333333334,1,0,0.0314628565175488
2019-04-19,5258.68,4.563987099892586e-05,0.0302846197360709,0.0228571130501388,145.0,200.00785714285703,0.0045595187725678,0.0312048305337739,-0.0091998994717153,0.5396825396825397,1,0,0.030527194641642538
2019-04-20,5291.73,0.0062651798570474,0.0290041136584005,0.0228394726696093,103.31999999999972,187.6442857142856,0.0042948111632405,0.0312048305337739,-0.0084326159998392,0.5,1,0,0.029523303795040298
2019-04-21,5256.14,-0.0067483074901222,0.0279163976296978,0.0221175518527291,149.35000000000036,183.45499999999993,0.0042293684955827,0.0280731382233887,-0.0075977411599079,0.4404761904761904,1,0,0.02850694857781868
2019-04-22,5357.14,0.0190333335347379,0.0269493422583007,0.022429884441017,191.64999999999964,178.14428571428562,0.0042321838323405,0.0280731382233887,-0.0072291861604662,0.4007936507936508,1,0,0.02760493975498042
2019-04-23,5493.31,0.0251007376438039,0.0266808896635388,0.0225826369796598,267.59000000000015,185.70642857142852,0.0042775184193731,0.0302510825187364,-0.0065256027620842,0.3809523809523809,0,0,0.02713273179812328
2019-04-24,5415.0,-0.0143581077784258,0.0269464443558275,0.0218191800911761,248.84999999999943,182.9814285714285,0.0042929329394682,0.0278088735233863,-0.0060240973269505,0.4047619047619047,1,0,0.0254191914134965
2019-04-25,5219.9,-0.0366946358300293,0.0263847321462772,0.0181360648014061,389.84000000000015,181.85071428571425,0.0042812367052194,0.0201847888149414,-0.0051065153829708,0.373015873015873,0,0,0.02640263368776632
2019-04-26,5314.1,0.0178854207536698,0.0279997620215475,0.0185681862617064,348.3800000000001,191.06642857142853,0.0036497497392957,0.0201847888149414,-0.0022848577145234,0.4603174603174603,1,0,0.0256204012129285
2019-04-27,5295.69,-0.003470383198314,0.0275261615446301,0.0186354672714977,84.82999999999993,190.33999999999995,0.003123454476849,0.020242857597422,-0.0014779521137704,0.4404761904761904,1,0,0.027079849726778057
2019-04-28,5307.52,0.0022314006623673,0.0265360801497164,0.0182286013850848,80.52000000000044,185.16357142857143,0.0027579789651379,0.020242857597422,-0.0013803174799814,0.376984126984127,0,0,0.02657376568982984
2019-04-29,5238.14,-0.0131582093536213,0.0256329000453197,0.0175680839727989,153.19999999999982,180.5792857142857,0.0024918538033414,0.0188858319625769,-0.001316442212981,0.3095238095238095,0,0,0.02380861602719182
2019-04-30,5320.81,0.015659073915911,0.0251589296637907,0.0163458179721724,147.82999999999993,177.29714285714277,0.0022483513871053,0.0188858319625769,-0.0015219599997481,0.2896825396825397,0,0,0.02290118059827442
2019-05-01,5383.2,0.0116574454890336,0.0248855307211875,0.0165274022347208,85.80000000000018,177.4542857142857,0.0018696466548914,0.0188858319625769,-0.0020609136346399,0.2698412698412698,0,0,0.0225010172327125
2019-05-02,5492.87,0.0201678947038388,0.0244236838375949,0.0170784864977144,168.0,183.1542857142857,0.0016122124554478,0.0188858319625769,-0.0019610483086822,0.25,0,0,0.022021754302556942
2019-05-03,5772.69,0.0496872887907073,0.0245723535187244,0.0210772595303917,366.4300000000003,198.9707142857143,0.0013923108689526,0.0188858319625769,-0.0034274085028231,0.2619047619047619,0,0,0.02211955691123464
2019-05-04,5829.45,0.0097844799029793,0.0285642592202533,0.0210931523709921,312.5500000000002,213.91571428571433,0.0013345583994158,0.0188858319625769,0.0010380976756232,0.5277777777777778,1,0,0.02464395313215198
2019-05-05,5775.62,-0.0092770463368783,0.0276225584070342,0.0212295184130189,143.89999999999964,213.52642857142857,0.001311688869012,0.0190991998751194,0.0010864782573178,0.4682539682539682,1,0,0.02675768464422052
2019-05-06,5747.79,-0.0048301768500031,0.0267611771051708,0.0211236089976937,185.85999999999967,213.1128571428571,0.0013068054722883,0.0175462616519451,0.0011282770598511,0.4285714285714285,0,0,0.026255583863102477
2019-05-07,5846.34,0.0170003913204936,0.02587044336027,0.0206368188161987,280.6700000000001,214.0471428571429,0.0013116722969372,0.0175462616519451,0.0007115136964793,0.3492063492063492,0,0,0.023582594816162
2019-05-08,5987.29,0.0238230646299566,0.0255957955740168,0.0204825300744955,242.52000000000044,213.59500000000008,0.0013140125971369,0.0181166913578292,0.0007102648528292,0.3253968253968254,0,0,0.02306794454441008
2019-05-09,6209.18,0.0363899530850346,0.0258975955995274,0.017543831664474,240.84000000000017,202.95214285714292,0.0013166874516863,0.0085816115921742,0.0014739117619324,0.3571428571428571,0,0,0.02319619735971644
2019-05-10,6373.33,0.0260932538043565,0.0275622969942618,0.0178753797838364,296.9200000000001,199.27642857142865,0.0012756942832315,0.0085816115921742,0.0029899434755374,0.4801587301587302,1,0,0.02410276779655708
2019-05-11,7076.22,0.1046177708836371,0.0277963795231405,0.0296721167481236,971.1399999999994,262.5842857142857,0.0012993488864079,0.0097045121899148,-0.0007678796971128,0.492063492063492,1,0,0.026361143313884297
2019-05-12,6967.31,-0.0155106562893205,0.0425234714136251,0.0308761855860817,771.7799999999997,311.96,0.0045560710592668,0.0114358332562395,0.0149009130065909,0.8452380952380952,2,0,0.03608181204817506
2019-05-13,7790.71,0.1117027876830309,0.0404712190370802,0.0379580562776092,1230.0,388.8742857142857,0.0057070230887501,0.0108008434186769,0.0137100419319094,0.8095238095238095,2,0,0.04013261222224812
2019-05-14,7947.56,0.0199329650984001,0.0520720592417168,0.0378651703297502,766.4399999999996,433.06071428571425,0.0084176099920126,0.0108008434186769,0.0262016158814468,0.9484126984126984,2,0,0.04746911434503008
2019-05-15,8169.87,0.0275880335544069,0.0493637830227781,0.0375529992576183,399.0,455.4321428571428,0.0096515359527274,0.0108008434186769,0.0237679874487613,0.9246031746031746,2,0,0.046770643413666865
2019-05-16,7866.59,-0.0378283193193595,0.047274512304439,0.0416701978412442,615.0,487.3607142857142,0.0101754213414316,0.02110068955148,0.0213769167049116,0.8928571428571429,2,0,0.045411985782663394
2019-05-17,7355.26,-0.0672089740226802,0.0461157517637974,0.0477521223956182,1012.0,533.472857142857,0.010315186988665,0.0354908511799113,0.0185534547695355,0.8809523809523809,2,0,0.04470424825827844
2019-05-18,7257.45,-0.0133871760623893,0.0483820441058802,0.0484296254268625,301.3900000000003,532.6757142857142,0.0106805465303186,0.0328563009439043,0.0205856645827397,0.9007936507936508,2,0,0.046216069263528115
2019-05-19,8148.48,0.1158028793232439,0.0457558492604554,0.0546191073964237,1032.0100000000002,596.1121428571429,0.0105988252055033,0.0357523579126241,0.0032323778468303,0.8650793650793651,2,0,0.04473809195627324
2019-05-20,7938.15,-0.026151156161621,0.0565660427621802,0.0557871169438805,603.0299999999997,625.91,0.0111550787574891,0.0375545146200801,0.0160948237250999,0.984126984126984,2,0,0.05098007365730812
2019-05-21,7904.87,-0.0042012253913874,0.0537468219616288,0.0562501653919295,271.3199999999997,625.2421428571428,0.0109070279215346,0.0343253019810418,0.0016747627199119,0.9642857142857144,2,0,0.050076287976977274
2019-05-22,7628.43,-0.0355969678252794,0.0505228807212886,0.0582706915310209,551.0,647.2764285714285,0.0100064589435823,0.0345098376344491,0.0011590976985104,0.9246031746031746,2,0,0.04790882123277315
2019-05-23,7851.51,0.0288238125709003,0.0488444101720382,0.0581149292100594,479.9799999999995,664.357857142857,0.0086212170086826,0.0345098376344491,0.0015698978675992,0.8928571428571429,2,0,0.04665584610322292
2019-05-24,7964.87,0.0143347518386249,0.0468786580930417,0.0580546450004283,364.0,669.1492857142856,0.0069044287007278,0.0345098376344491,0.0007629063292443,0.8650793650793651,2,0,0.045278352455825024
2019-05-25,8025.41,0.0075721362310279,0.0444076284739038,0.0521423096446163,183.46000000000004,612.8864285714286,0.0043141786545847,0.0345098376344491,-0.0039744156319763,0.8253968253968254,2,0,0.043603093084342286
2019-05-26,8614.43,0.0708259460692684,0.0419720984826439,0.0540907213557372,906.58,622.515,0.0043708138094616,0.0367330954235342,-0.0037837507778114,0.7857142857142857,2,0,0.041845027089586345
2019-05-27,8756.32,0.0163370212380584,0.0455428405114066,0.0464644804849117,319.3199999999997,557.4664285714285,0.0038789295663376,0.0367330954235342,-0.0110232022507735,0.8412698412698413,2,0,0.04379921630684396
2019-05-28,8715.64,-0.0046566124818134,0.0432563838437951,0.046457543417872,287.8600000000006,523.2821428571428,0.0039499378839065,0.0340537512852268,-0.0104904381178336,0.8015873015873016,2,0,0.04268186030627706
2019-05-29,8645.68,-0.0080593386534228,0.0408728234079894,0.0461942658329492,343.39999999999964,519.3107142857142,0.0043192322363127,0.0319815547927691,-0.0096500573132991,0.753968253968254,2,0,0.04100260604479364
2019-05-30,8269.54,-0.0444808894699519,0.0387430900510017,0.046689676310607,1069.2600000000002,551.7578571428571,0.0048677422194348,0.0330343127694784,-0.0101013201210365,0.7063492063492064,2,0,0.03943561803060102
2019-05-31,8555.0,0.0339370225883257,0.03930623608292,0.0425360942187606,485.5,514.1507142857142,0.0052397531383376,0.0245330109154191,-0.0075724220101217,0.7142857142857143,2,0,0.03953107604975199
2019-06-01,8544.07,-0.0012784322759831,0.0387372336827757,0.0421277541816256,183.63999999999945,505.7399999999999,0.0055361997358652,0.0240104092848777,-0.0056703947911281,0.6984126984126984,2,0,0.03910627620966542
2019-06-02,8725.98,0.0210673076297016,0.0367054017226967,0.0299653626067601,290.78000000000065,452.795,0.0059966933970379,0.0240104092848777,-0.0052666967599472,0.6587301587301587,2,0,0.03780531583361802
2019-06-03,8115.82,-0.0724895393932616,0.0354753749989212,0.0356734678600479,720.1500000000005,461.1607142857143,0.0054130471005842,0.03506391843283,-0.0100674655124853,0.6388888888888888,2,0,0.036866104199352726
2019-06-04,7687.03,-0.0542807502523761,0.0407633961944587,0.0386818584159756,634.7999999999993,487.1235714285714,0.0045061320344323,0.0405939794695517,-0.0024929876493363,0.75,2,0,0.040071520516675216
2019-06-05,7776.5,0.0115718724502418,0.042200181386159,0.0375682604728645,323.9200000000001,470.9035714285714,0.0038351663218349,0.0413681722782679,0.0013273579781695,0.7777777777777778,2,0,0.0416399008316954
2019-06-06,7786.7,0.0013107846021931,0.0400440139117027,0.0367321503649276,423.5500000000002,466.8728571428572,0.0032493761965926,0.0413681722782679,0.001300923860701,0.7341269841269841,2,0,0.04054209634702162
2019-06-07,7980.53,0.0245876751916984,0.0379020269584977,0.0371524528093973,362.5100000000002,466.7664285714286,0.0028783530942563,0.0413681722782679,-0.0014042091244222,0.6706349206349206,2,0,0.03901828937509862
2019-06-08,7893.62,-0.0109499870405738,0.0367689507294496,0.037197207402107,293.64999999999964,474.63714285714286,0.002787585894633,0.0385224540867409,-0.0019682829533261,0.6428571428571429,2,0,0.03798076243766976
2019-06-09,7628.13,-0.034212108187754,0.0350745228273978,0.0317500370469695,428.34000000000015,440.4771428571429,0.0029910913434864,0.038010400926434,-0.0016308788952988,0.6111111111111112,2,0,0.03675411769643868
2019-06-10,7982.75,0.0454402335575832,0.0350644325232953,0.0343598686948752,509.0,454.02571428571434,0.002619681742635,0.038010400926434,-0.0004109424756258,0.6031746031746031,2,0,0.03656994151397718
2019-06-11,7884.9,-0.0123334255992251,0.0363064510132049,0.0343876002339602,317.77000000000044,456.1621428571429,0.0023180604901621,0.0382242625434289,-0.0044569451812538,0.626984126984127,2,0,0.03727058020792294
2019-06-12,8127.64,0.0303210604902535,0.0347005889538412,0.0358104071480855,411.0100000000002,460.9914285714286,0.0023451742871458,0.0407497607992652,-0.0074995924323177,0.5912698412698413,2,0,0.03641016737230472
2019-06-13,8218.54,0.0111219792041445,0.0343777538401414,0.0340656955553348,299.78999999999996,406.0292857142858,0.0024819506813516,0.0400941631419987,-0.0056662600715613,0.5833333333333334,2,0,0.036057608304084846
2019-06-14,8650.0,0.0511667432229892,0.0329102305048147,0.0356763954220825,540.0900000000001,409.9285714285715,0.0026822033107035,0.0400941631419987,-0.004991796453683,0.5476190476190477,1,0,0.03512142910288882
2019-06-15,8808.7,0.0181805485249402,0.0353043773278762,0.0359675278561323,297.3600000000006,418.05142857142874,0.0026611850083192,0.0439172337909823,-0.0014645734015733,0.6071428571428571,2,0,0.03241315919672572
2019-06-16,8953.33,0.0162856606573651,0.0340545772529134,0.0357966627951219,573.0,438.2100000000001,0.0027524042457848,0.0439172337909823,-0.0010199455744843,0.5714285714285714,2,0,0.03590425035174804
2019-06-17,9313.96,0.0394888198146059,0.0328333812762675,0.0299432042123313,494.0,422.0564285714286,0.0029136295744729,0.0331243256452556,-0.0022310512470278,0.5357142857142857,1,0,0.0351187887657605
2019-06-18,9081.55,-0.0252694670500961,0.0337099508786731,0.02589487545447,386.3600000000006,404.3107142857144,0.0026846940791384,0.0228091533975224,-0.0025965001345317,0.5595238095238095,1,0,0.03132500372720386
2019-06-19,9255.49,0.0189720060877576,0.0330913788525447,0.0259629274233411,344.0,405.7450000000002,0.0020421211386215,0.0228091533975224,-0.0016092101012964,0.5396825396825397,1,0,0.03082609171152682
2019-06-20,9517.12,0.0278753930477986,0.0321154694694066,0.0260578216329563,414.7999999999993,405.12000000000006,0.001641493922452,0.0228091533975224,-0.0022622843707348,0.5158730158730159,1,0,0.030153141681643958
2019-06-21,10159.86,0.0653523805016789,0.0319037848935844,0.029360067082521,657.869999999999,426.2171428571429,0.0014849371668891,0.0228091533975224,-0.0010064456112303,0.503968253968254,1,0,0.02992138213615064
2019-06-22,10729.5,0.054552294706573,0.0368075886295157,0.0297379492349586,1238.2800000000009,493.6907142857144,0.0014901891302632,0.0255677381261235,0.0015032113016394,0.6428571428571429,2,0,0.03280403597770942
2019-06-23,10906.07,0.0163225577340977,0.0389580155844831,0.0251061616245782,837.4599999999991,522.9135714285715,0.0019605325006733,0.0198828990844835,0.0049034383315696,0.6944444444444444,2,0,0.03871139895068986
2019-06-24,11056.59,0.013707115321818,0.0372637545540521,0.0245980679055253,522.8299999999999,523.9014285714286,0.0020978566096009,0.0198828990844835,0.0044303732777846,0.6468253968253969,2,0,0.03802835393243126
2019-06-25,11820.86,0.0668391370781122,0.0356198070692847,0.0248830892238833,824.0,560.0607142857142,0.002062508457777,0.0252694670500961,0.0019098561906115,0.6071428571428571,2,0,0.036805868241570824
2019-06-26,13093.8,0.1022730683624324,0.0398997222581111,0.0316929144072572,2229.0,689.9171428571428,0.0025115724212202,0.0252694670500961,0.0068083434055664,0.7261904761904762,2,0,0.03923171935486666
2019-06-27,11329.99,-0.1446856433038785,0.0497020888174205,0.0573439087582095,2952.9400000000005,879.427857142857,0.0046699715991779,0.1038568277564192,0.0175866193480139,0.9126984126984128,2,1,0.0457654532904523
2019-06-28,12400.63,0.0902940853450076,0.0654005436670456,0.0597296705965776,1497.1200000000008,947.7871428571428,0.0090390089473852,0.1038568277564192,0.0334967587734612,1.0,2,1,0.06242521420022736
2019-06-29,11903.13,-0.0409458870294994,0.0675905274355405,0.0623377497132471,966.5200000000004,995.5842857142858,0.0118792325412783,0.0880322800793087,0.0307829388060248,1.0,2,1,0.06445584326132431
2019-06-30,10854.1,-0.092258501950436,0.0646116083565025,0.0693880599629155,1413.9699999999991,1055.6535714285712,0.0132987167989317,0.0891076290084415,0.0256535927720193,0.992063492063492,2,1,0.0625368370139015
2019-07-01,10624.93,-0.0213397622385809,0.0671961968315425,0.0695567276146929,1252.2800000000009,1109.8164285714286,0.0144358369143875,0.0802696251921277,0.0299324422774904,0.996031746031746,2,1,0.0640537940989255
2019-07-02,10842.85,0.0203027500310408,0.0632984697150758,0.0688721077289275,1211.75,1168.7728571428572,0.0147741677655636,0.0888503203109412,0.0276786626457911,0.984126984126984,2,1,0.061675807029045474
2019-07-03,11940.0,0.0963882313799313,0.0596770145639059,0.0724335377999409,1150.8499999999983,1226.405,0.0145010002981956,0.0888503203109412,0.0197772923057948,0.9761904761904762,2,0,0.05954028193834354
2019-07-04,11145.67,-0.068843026289322,0.0637280953261397,0.0759650879975522,945.0,1264.2764285714286,0.0140761885284072,0.0852254421474007,0.0140260065087192,0.984126984126984,2,0,0.05723997879568382
2019-07-05,10970.73,-0.0158202644789611,0.0635651413762815,0.0746063716184826,610.3899999999994,1260.885,0.0131932047843118,0.0780674502319244,-0.0018354022907641,0.98015873015873,2,0,0.056994434425768896
2019-07-06,11256.49,0.0257140340067181,0.0597872993339545,0.0735378679268189,700.4899999999998,1222.4714285714283,0.0123156743633407,0.0780674502319244,-0.007803228101586,0.9682539682539684,2,0,0.05449144440037269
2019-07-07,11406.24,0.0132157228671605,0.0566696960576689,0.0735006306174628,443.6299999999992,1194.3407142857145,0.0113641978351186,0.0780674502319244,-0.0079419122988335,0.9484126984126984,2,0,0.05246948683460134
2019-07-08,12238.6,0.0704343173873738,0.0533673719639936,0.0756562676998044,1118.0300000000009,1236.8549999999998,0.009973878670113,0.0780674502319244,-0.0138288248675489,0.9166666666666666,2,0,0.05033682717839616
2019-07-09,12543.41,0.0246005366056962,0.0548696099077606,0.073919640898172,726.7299999999996,1229.9071428571426,0.007750250702584,0.0780674502319244,-0.0084288598073151,0.9285714285714286,2,0,0.051003941944656364
2019-07-10,12108.37,-0.0352984790619892,0.0521243287041897,0.0688553854772559,1578.08,1183.412857142857,0.0058623254926753,0.0734974667574854,-0.0075526858597162,0.8928571428571429,2,0,0.049413469222513814
2019-07-11,11342.89,-0.0653058330821103,0.0502613527883542,0.0590970051971522,1111.7299999999996,1051.8978571428572,0.0057873485599539,0.0549598032262346,-0.0134667425377855,0.8690476190476191,2,0,0.04798711047301252
2019-07-12,11757.22,0.0358764040480377,0.0515955294019583,0.0543021098178261,812.0,1002.960714285714,0.0059968289925111,0.0549598032262346,-0.0119696119743231,0.8809523809523809,2,1,0.048280267641174976
2019-07-13,11355.76,-0.0347424157818494,0.0498272059168515,0.054000204246324,969.9799999999996,1003.2078571428568,0.0059565987975392,0.0543461519000345,-0.009960093417103,0.8531746031746031,2,0,0.0522611887501109
2019-07-14,10174.18,-0.1098719657846647,0.0481585257514459,0.0563832292884608,1349.0,998.5671428571428,0.0061501656784902,0.0588396698879242,-0.008511170306223,0.8095238095238095,2,1,0.046270690650867544
2019-07-15,10838.72,0.0632717694580105,0.0571121359809154,0.0589304582078911,1240.0,997.6899999999996,0.0053703219135045,0.0629541656223532,0.0037447640169218,0.9523809523809524,2,0,0.05638110958854924
2019-07-16,9439.59,-0.1382123608477421,0.0572174488929192,0.0693337420612679,1677.9899999999998,1030.9928571428568,0.0049655282225688,0.0782687846064048,0.0023478389851585,0.9523809523809524,2,0,0.05245598413575152
2019-07-17,9667.92,0.0239006410754587,0.0692186548940442,0.0632231868482467,897.0,1012.860714285714,0.0060983950962289,0.0782687846064048,0.0170943261898545,1.0,2,1,0.059786383336426524
2019-07-18,10627.16,0.094599800180406,0.0652494343708293,0.0674784292926928,1536.0,1055.0749999999996,0.0062534763548808,0.0797314829471126,0.0149880815824751,0.984126984126984,2,1,0.06256751942249758
2019-07-19,10504.29,-0.0116292431172091,0.068050077214748,0.0674283808762361,647.869999999999,1057.7521428571424,0.00674648095153,0.0796111537045,0.0164545478127896,0.996031746031746,2,1,0.0642934727288488
2019-07-20,10740.23,0.022212758971964,0.0638348060339503,0.0673196811703916,718.9899999999998,1059.0735714285713,0.0069728450968253,0.0796111537045,0.0140076001170987,0.9722222222222222,2,1,0.06184003802037018
2019-07-21,10589.45,-0.0141382816453088,0.0602376578109622,0.0671986390897551,529.8999999999996,1065.235714285714,0.007026092197286,0.0738990680135038,0.0120791320595163,0.9563492063492064,2,1,0.05955799788657732
2019-07-22,10340.31,-0.023808373187613,0.0566770208118702,0.063654494827983,583.1599999999999,1027.030714285714,0.0069415495493272,0.0696368656017521,-0.0004351151690452,0.9206349206349206,2,0,0.05725387008712211
2019-07-23,9864.91,-0.0470658330182462,0.0537395292391702,0.0633623295088152,521.9699999999993,1012.405,0.0069804451631978,0.0675027053321184,-0.003477919653749,0.8849206349206349,2,1,0.050362633543502115
2019-07-24,9763.28,-0.010355606728881,0.0526421984140018,0.0631633759663058,412.0,929.1135714285712,0.0069517718983721,0.0665589070848997,-0.0165764564800424,0.8611111111111112,2,0,0.054224544648401075
2019-07-25,9879.87,0.0118709442370885,0.0495943542721389,0.0618241724133044,454.96999999999935,882.2021428571425,0.0070066445362662,0.0667138864634628,-0.0156550800986904,0.8055555555555556,2,1,0.047376488563283345
2019-07-26,9824.0,-0.0056709823736866,0.0468270114213378,0.0604413834705402,252.97999999999956,842.2721428571424,0.007412974397385,0.0629268545548993,-0.0212230657934101,0.746031746031746,2,1,0.05028453485280268
2019-07-27,9476.52,-0.0360112111389678,0.0441649500491219,0.0604777053586433,855.6599999999999,834.1064285714282,0.0079696066667094,0.0630060606351991,-0.0196698559848283,0.6904761904761905,2,1,0.04845218202947314
2019-07-28,9541.54,0.00683773774319,0.0432055610408204,0.0537561429693817,429.9899999999998,768.4628571428568,0.0084685823943161,0.0543783323410057,-0.0170320967701418,0.6746031746031746,2,1,0.04762672742449224
2019-07-29,9507.64,-0.0035592120802121,0.0408568171208462,0.0501104956355929,334.0,703.7485714285712,0.0094065497955559,0.0512821088751481,-0.015820203691024,0.6190476190476191,2,1,0.046019212272507715
2019-07-30,9574.21,0.0069773392066476,0.03866102090797,0.0337431924363298,312.28000000000065,606.197857142857,0.0103468621132601,0.023890467568249,-0.0150785083312001,0.5476190476190477,2,0,0.044401386544782
2019-07-31,10080.53,0.0515328154906118,0.0366996898951119,0.0359227736888555,554.7999999999993,581.7549999999998,0.0102648775964209,0.023890467568249,-0.0159425085188898,0.492063492063492,2,0,0.037242189137067144
2019-08-01,10374.99,0.0287922616348197,0.0384562199796546,0.0259277560137996,604.4000000000015,515.2121428571427,0.0099902015936025,0.023890467568249,-0.0111381342924843,0.5436507936507936,2,0,0.03783499358779276
2019-08-02,10523.75,0.01423650540886,0.0375639327074902,0.0260880446005392,388.6499999999997,496.6964285714285,0.0089108807534527,0.0251589127335972,-0.0092630787138476,0.5317460317460317,2,0,0.037572658024494124
2019-08-03,10816.86,0.0274714203042929,0.0359127239751339,0.0264655443752866,406.84000000000015,474.3999999999999,0.0080223879649566,0.0251589127335972,-0.008252226073988,0.4801587301587302,2,0,0.03653918438508034
2019-08-04,10929.23,0.0103348234254081,0.0352081269527467,0.0262309361371874,488.0,471.4071428571428,0.0072022490459761,0.0265546769944431,-0.0079974340880736,0.4563492063492063,2,0,0.03584871817164802
2019-08-05,11828.8,0.0790963844212608,0.0336377940282747,0.0321218048202913,1009.7200000000012,501.8757142857143,0.0065869061475213,0.0270705248853234,-0.0072190230925714,0.4087301587301587,1,0,0.03479073041696482
2019-08-06,11481.69,-0.0297836432204263,0.0406384405356007,0.0300410483212789,1104.0,543.4492857142858,0.0056450058302308,0.0216145291580214,0.0019774196276306,0.6428571428571429,2,0,0.03490555352136042
2019-08-07,11975.03,0.0420700559127755,0.0395791555442794,0.0304602043752175,758.3299999999999,568.1871428571429,0.0045461469045398,0.0236045586851965,0.0028794656491674,0.6071428571428571,2,0,0.03911425452656764
2019-08-08,11999.77,0.0020638344246037,0.0397609865390334,0.0306396720317303,539.0,574.1892857142858,0.0036288214154848,0.0236045586851965,0.0013047665593787,0.626984126984127,2,0,0.03920024392342004
2019-08-09,11879.99,-0.0100320107543474,0.0376461400276085,0.0308750469957374,345.6800000000003,580.8107142857144,0.002942037880947,0.0239644630733938,8.220732011830073e-05,0.5476190476190477,2,0,0.0380060928165651
2019-08-10,11309.31,-0.0492291918738949,0.0358455218670744,0.0326585389335376,715.0,570.7635714285716,0.0025733678132178,0.0292569990192333,-6.720210805950116e-05,0.4880952380952381,2,0,0.03651593392024464
2019-08-11,11549.97,0.0210565592524236,0.037443074982979,0.0326856587984316,487.8899999999994,574.8992857142858,0.0021177969079898,0.0292569990192333,0.0022349480302322,0.5476190476190477,2,0,0.0372418169897874
2019-08-12,11396.08,-0.0134134029437902,0.0361370399681826,0.0331868985571735,342.5699999999997,575.5114285714287,0.0019467120796766,0.029963057897794,0.0024992459399078,0.496031746031746,2,0,0.03675446078090956
2019-08-13,10892.71,-0.0451756784737931,0.0345870519938281,0.0366537993023909,667.7099999999991,600.8992857142857,0.0020411956294077,0.03356182736358,-0.0060513885417726,0.4404761904761904,2,0,0.03558477999629686
2019-08-14,10050.37,-0.0804843083964552,0.0358738652484827,0.0415803110996238,969.3799999999992,630.5121428571429,0.0020648181686473,0.0449253179880593,-0.0037052902957966,0.496031746031746,2,0,0.036089231149089615
2019-08-15,10293.93,0.0239449513819334,0.0425248763729877,0.0413396835391633,549.0,626.555,0.0025188186686875,0.0449253179880593,0.0027638898339543,0.7301587301587301,2,0,0.04054459902379262
2019-08-16,10331.54,0.0036469512389487,0.0408807453193485,0.0411445379305997,786.0300000000007,654.9392857142857,0.0026942799688368,0.0449253179880593,0.00323460529174,0.6904761904761905,2,0,0.040808220791609104
2019-08-17,10216.02,-0.0112442759269626,0.0386837635271325,0.0403542851342726,465.1399999999994,659.1035714285714,0.0026665280199762,0.0418093272558223,0.0028382416600581,0.5992063492063492,2,0,0.0393243901162795
2019-08-18,10306.78,0.0088448546679575,0.0368259713173314,0.0403152846301651,420.0,654.2464285714285,0.0025817842588135,0.0418093272558223,-0.0006171036656475,0.5357142857142857,2,0,0.037687286790398844
2019-08-19,10915.54,0.0573855308704942,0.0350671083144836,0.0371592303161237,671.3999999999996,630.0807142857141,0.0024254299885153,0.0418093272558223,-0.001069931653699,0.4563492063492063,2,0,0.036273940988690155
2019-08-20,10760.51,-0.0143045106002492,0.0379592732359435,0.0366150726427455,389.9599999999991,579.0778571428569,0.0023006529864995,0.040626684649241,0.0033722212421154,0.5873015873015873,2,0,0.0375965255415661
2019-08-21,10142.57,-0.0591415336538005,0.0362740552818721,0.0366761366117013,946.1299999999992,592.4921428571425,0.0022703764856589,0.0433754157646439,0.0004001900333894,0.5119047619047619,2,0,0.03722809996912326
2019-08-22,10099.88,-0.004217875137602,0.0391917160740011,0.0365307872320855,480.0,588.2778571428569,0.0022322470575697,0.0409188954080333,-0.0033331602989866,0.6388888888888888,2,0,0.03864708004440066
2019-08-23,10389.55,0.0282769507088378,0.03714309691737,0.0381151038726111,425.2099999999991,593.9585714285711,0.0022336878888114,0.0432558706607363,-0.0037376484019785,0.5555555555555556,2,0,0.037988932950422
2019-08-24,10134.35,-0.0248698496385291,0.0363597988894936,0.0366952161723883,529.4200000000001,580.7028571428567,0.0022091926922758,0.0405640833457276,-0.0023239646376388,0.5238095238095238,2,0,0.03714945293369616
2019-08-25,10142.69,0.000822605318163,0.0354124214595849,0.0358586728399099,426.03000000000065,576.2842857142854,0.0022785460453169,0.0405640833457276,-0.0014135498577465,0.4801587301587302,2,0,0.03637362607575094
2019-08-26,10372.25,0.0223807217641383,0.0336662908119838,0.0368049192852917,466.0699999999997,585.105714285714,0.0024676798728551,0.0430674545383677,-0.0014008175024997,0.4126984126984127,1,0,0.03510808088719028
2019-08-27,10185.05,-0.0182130118942378,0.0328443440849776,0.0353132828773461,340.0,561.697857142857,0.0026457942687716,0.0401328354336174,-0.0051149291509659,0.3888888888888889,1,0,0.03041249925098656
2019-08-28,9721.0,-0.0466324650079528,0.0318506326029823,0.030573013476009,697.9899999999998,542.312857142857,0.0029807216864578,0.0315580513934353,-0.0044234226788898,0.3611111111111111,1,0,0.02958495876178938
2019-08-29,9498.44,-0.0231609192427768,0.033802965168445,0.0300404326701704,404.0,531.9557142857141,0.0025665394825451,0.0306345442972989,-0.0053887509055561,0.4325396825396825,1,0,0.030550579101067
2019-08-30,9584.54,0.00902380909619,0.0330195843175992,0.0302036679238319,345.59000000000015,500.4957142857141,0.0022952001924924,0.0306345442972989,-0.0041235125997707,0.4047619047619047,1,0,0.03032638379055952
2019-08-31,9587.47,0.0003056539218171,0.0316147443447052,0.0301883357171566,263.7600000000002,486.1114285714284,0.0023367408405383,0.0324727769354659,-0.0047450545447884,0.3571428571428571,1,0,0.02939222540682312
2019-09-01,9724.98,0.014240795332963,0.030209936074731,0.0304059722940012,310.0,478.2542857142856,0.0026083301671602,0.0324727769354659,-0.0052024853848538,0.3293650793650793,1,0,0.0283932832448386
2019-09-02,10340.0,0.0613220361331574,0.0292841377350879,0.0310305833790849,737.5,482.97571428571416,0.0029626994772396,0.0324727769354659,-0.0043821530768959,0.3214285714285714,1,0,0.02773200024105274
2019-09-03,10615.28,0.0262746034943592,0.0341299833887805,0.0318648463819625,501.0,490.9071428571428,0.0027574049388163,0.0345850393228803,0.0012856393038028,0.4603174603174603,2,0,0.030608531233268295
2019-09-04,10567.02,-0.0045566424327674,0.0335398011326809,0.0271972429020569,429.1100000000006,453.9771428571429,0.0026729676661672,0.0248320748801745,0.0016891685296986,0.4325396825396825,1,0,0.03471677667960854
2019-09-05,10564.49,-0.0002394528372153,0.0319915833356053,0.0271375505343884,450.0,451.8342857142857,0.0021876530281904,0.0247724932270734,-0.0018113818328397,0.3849206349206349,1,0,0.02978448840136318
2019-09-06,10298.73,-0.0254777906421335,0.0305519343439743,0.0271212565514325,755.8700000000008,475.4528571428573,0.0019737146415671,0.0248744744097145,-0.0024676499736249,0.3531746031746032,1,0,0.02863382780638458
2019-09-07,10455.88,0.015143912929421,0.0303335305936737,0.0264705434308919,269.4300000000003,456.88214285714304,0.0017686553586787,0.0248752451213174,-0.0012812137510315,0.3452380952380952,1,0,0.02836077155620422
2019-09-08,10381.18,-0.0071699481611613,0.0294397299626575,0.0265891777693903,384.5,453.9157142857144,0.0016791944061369,0.0231888984390237,-0.0007702061120734,0.3253968253968254,1,0,0.0278042615775945
2019-09-09,10303.12,-0.0075477894426025,0.028330447379822,0.0259915042535729,411.5,450.0178571428573,0.001839727156825,0.0218547597824174,-0.0009536903552659,0.2896825396825397,1,0,0.027046173627893196
2019-09-10,10098.15,-0.0200945232351656,0.0273423087718351,0.0260949207779393,431.9899999999998,456.5885714285715,0.0020989383039324,0.022059919149235,-0.0067876746169453,0.246031746031746,1,0,0.02631071006310106
2019-09-11,10158.33,0.0059418198083367,0.0271019091565085,0.0224977363098635,413.0,436.232142857143,0.0023388132521755,0.0156685921978987,-0.0064378919761724,0.238095238095238,1,0,0.0259926694939051
2019-09-12,10415.01,0.0249539763047437,0.0261990246955417,0.0218356863849393,408.8099999999995,436.5757142857143,0.0024585895765514,0.0140362939676512,-0.0057925586400635,0.1904761904761904,0,0,0.02536407081732502
2019-09-13,10342.06,-0.0070289593231311,0.026519481498703,0.0221171525822153,286.0,432.3192857142858,0.0025027195133915,0.0132638690716234,-0.0040324528452713,0.2142857142857142,0,0,0.0230640360992218
2019-09-14,10335.02,-0.0006809472393616,0.0257043938336394,0.0221363113570939,197.65999999999983,427.5978571428572,0.0026587465242666,0.0124095489865011,-0.0046291367600343,0.1785714285714285,0,0,0.02259582150018364
2019-09-15,10302.01,-0.00319910647538,0.0248781227620906,0.0220889439553659,107.85000000000036,413.1585714285715,0.002895019557166,0.0117483309955442,-0.0045616072005668,0.1428571428571428,0,0,0.02202496885725436
2019-09-16,10251.31,-0.0049335195321074,0.0241589604786997,0.0147777058351346,277.0,380.2657142857143,0.0031617294091971,0.0112541065642789,-0.0041714869011222,0.119047619047619,0,0,0.02152993268721982
2019-09-17,10187.82,-0.0062126131795086,0.0235474827433616,0.012624222164929,146.98999999999978,354.97928571428577,0.002995286222171,0.0108926401679786,-0.0037948260284734,0.1031746031746031,0,0,0.02114628564601696
2019-09-18,10156.99,-0.0030307507024094,0.02303501643621,0.0126157364099128,158.02000000000044,335.6157142857143,0.0027619468152045,0.0108442199421029,-0.0040668927202985,0.0873015873015873,0,0,0.020835419861726
2019-09-19,10244.29,0.0085583387765773,0.0225161514913314,0.0129687122073216,672.0,351.4728571428572,0.0026235521512448,0.0113732617573785,-0.0036828732042102,0.0714285714285714,0,0,0.020517848494798843
2019-09-20,10168.59,-0.0074169198099944,0.0222008177840526,0.0112606923546558,219.61000000000055,313.16857142857145,0.0025564726750206,0.0083630360126092,-0.0043186637146504,0.0634920634920634,0,0,0.020278264670431558
2019-09-21,9986.39,-0.0180803913884322,0.0218821744272064,0.011117546782472,276.7000000000007,313.68785714285724,0.0023985005840652,0.0096592125890302,-0.003822219406433,0.0555555555555555,0,0,0.02010563945632384
2019-09-22,10028.87,0.004244767620694,0.0222212657095506,0.0112284541879491,235.03000000000063,303.01142857142867,0.0021842074780971,0.0098736827455977,-0.00265685705254,0.0714285714285714,0,0,0.02030266862573036
2019-09-23,9702.25,-0.0331101162390954,0.0218157109667749,0.013882945674161,434.21999999999935,304.6342857142858,0.0020376484718318,0.0141922752985688,-0.0023432495119248,0.0515873015873015,0,0,0.02010814618006494
2019-09-24,8493.14,-0.1330990385485098,0.0238338400924629,0.0371431163694655,1994.99,416.2771428571429,0.001829642187796,0.0439610861785656,0.0002863573491013,0.1428571428571428,0,0,0.02130898005547774
2019-09-25,8430.05,-0.007456075631163,0.0480265960783984,0.0368062620882404,514.3600000000006,423.51714285714297,0.0066855325104488,0.0419754950632025,0.0249915796421883,0.8452380952380952,2,0,0.03605764044703904
2019-09-26,8063.73,-0.0444264745686595,0.0452939898830992,0.0359164448077047,715.9899999999998,445.4585714285716,0.0085376054860291,0.042185182713059,0.0227778383917677,0.8134920634920635,2,0,0.04399313392985952
2019-09-27,8177.91,0.0140603881205461,0.0449650687256166,0.0368544789863676,412.8500000000003,454.5192857142859,0.0098137413689165,0.0440099879337777,0.022764250941564,0.8095238095238095,2,0,0.04391557443536996
2019-09-28,8198.81,0.0025524050416159,0.0426481460291084,0.0369730007276063,313.90999999999985,462.8228571428573,0.0105092703497394,0.0461575624660803,0.020765971601902,0.7857142857142857,2,0,0.042556999617465036
2019-09-29,8043.82,-0.0190849270546422,0.0402959916558108,0.0367753391950754,339.1299999999992,479.3428571428572,0.0108072196837941,0.0465394519591081,0.0180747259462602,0.7341269841269841,2,0,0.041042650993486474
2019-09-30,8289.34,0.0300662572519421,0.0386043676824068,0.0388397501768304,627.2600000000002,504.3614285714287,0.0108488500050377,0.0490293180676029,0.0167886567156319,0.6746031746031746,2,0,0.03974209260944408
2019-10-01,8292.44,0.0003739043740917,0.0377946024925454,0.0389962245381898,326.9499999999998,517.2157142857144,0.010713685551159,0.0519570371906556,0.0139607624000824,0.6547619047619048,2,0,0.03897017229552724
2019-10-02,8359.94,0.0081069936781918,0.0358410786718691,0.0393645449226108,222.6899999999996,521.835,0.0103841522561289,0.0555325956523724,-0.0121855174065292,0.5714285714285714,2,0,0.037715028803121456
2019-10-03,8223.96,-0.0163994051496114,0.0341525306596457,0.0388303596284466,333.0,497.6207142857143,0.0098982108117916,0.0522685669744378,-0.0111414592234534,0.5119047619047619,2,0,0.03619282879578742
2019-10-04,8137.13,-0.0106143068967714,0.0329271199613201,0.0387873327879669,227.40999999999983,498.17785714285714,0.0092897871079785,0.0523374597682211,-0.0120379487642965,0.4603174603174603,1,0,0.03508789597679206
2019-10-05,8126.19,-0.00134535896116,0.0315804040943036,0.0389730266386488,170.4300000000003,490.5871428571428,0.0085681917451065,0.0519477947052336,-0.0110677419348048,0.4166666666666667,1,0,0.03000776965658216
2019-10-06,7854.25,-0.034037392466411,0.0301816137247352,0.0388826623406353,368.8699999999999,500.14714285714274,0.0078368099026036,0.0502738402085234,-0.0101143779310756,0.3809523809523809,1,0,0.02889091063484112
2019-10-07,8190.09,0.0418701002521793,0.0308457907292502,0.0416279047000515,537.9200000000001,507.5542857142856,0.0068659707942502,0.05202265286205,-0.0077585769531565,0.4087301587301587,1,0,0.02911237883755012
2019-10-08,8168.39,-0.0026530597865281,0.0323411164111841,0.0228054030959773,236.25,381.9299999999999,0.0059307165392031,0.0221994818355521,-0.0054534860813613,0.4444444444444444,1,0,0.03013001784671046
2019-10-09,8560.74,0.0469148079862566,0.0308806676588846,0.0263091019393277,555.0,384.83285714285705,0.0053384135771804,0.0235643280232718,-0.0049604110129845,0.4047619047619047,1,0,0.029095456595330763
2019-10-10,8558.03,-0.0003166115348971,0.033053219065502,0.0228518068512982,229.47999999999956,350.08214285714274,0.0047206286640767,0.0165327877114484,-0.0010993115941436,0.4682539682539682,1,0,0.0302494450393012
2019-10-11,8258.5,-0.0356270505014109,0.0315166984848811,0.0249710779834646,567.130000000001,361.1021428571429,0.003935542963843,0.01994560795643,-0.0014104214764389,0.4047619047619047,1,0,0.02950805109092866
2019-10-12,8300.09,0.0050233851382497,0.0321549551604409,0.0249938968703295,150.0,349.3942857142857,0.003187571898336,0.01994560795643,0.0005745510661373,0.4365079365079365,1,0,0.02968502949626454
2019-10-13,8275.01,-0.0030262283956474,0.0307411857093302,0.0243679668415512,291.3700000000008,345.9828571428572,0.0026503946970492,0.0188000725784318,0.000559571984595,0.3849206349206349,1,0,0.02895455862559812
2019-10-14,8348.2,0.0088058170405709,0.0294331798539551,0.0231162784720521,185.85000000000036,314.45357142857154,0.0022775032367185,0.0188000725784318,-0.001412610875295,0.3412698412698413,1,0,0.027961061112373065
2019-10-15,8159.29,-0.0228887913756601,0.0283705502832235,0.0239475828074401,313.0,313.45714285714297,0.0019217866403313,0.0192972036036109,-0.0039705661279605,0.3055555555555556,1,0,0.027138214169934102
2019-10-16,7991.74,-0.0207486471019961,0.0282165535506853,0.0243277437669998,264.15999999999985,316.4192857142858,0.0017339519316073,0.0194472233463703,-0.0026641141081992,0.2936507936507936,1,0,0.02690987613041118
2019-10-17,8070.58,0.0098168425423601,0.0279158940947595,0.0242438561014615,195.89000000000033,306.6257142857144,0.0017100383051933,0.0197568679185942,-0.0051373249707425,0.2738095238095238,1,0,0.0266945404568557
2019-10-18,7947.01,-0.015429593533156,0.0270428490387869,0.0244190045563872,298.9899999999998,311.73857142857156,0.0018451233022055,0.0201064205203616,-0.0044738494460942,0.2341269841269841,1,0,0.026083118223272143
2019-10-19,7948.01,0.0001258255732086,0.0265302211544826,0.0244237608187361,231.1800000000003,316.0778571428573,0.0020580456650767,0.0213207742722332,-0.0056247340059583,0.2063492063492063,0,0,0.02565770309268956
2019-10-20,8223.35,0.0340560857573049,0.0256179745057192,0.024243170733718,427.0,320.23000000000013,0.0023572820274304,0.0188151126135641,-0.0051232112036109,0.1666666666666666,0,0,0.022754683903431522
2019-10-21,8197.27,-0.0031764966157439,0.027032961491253,0.0215693403276007,190.97000000000023,295.4478571428573,0.0024239112400517,0.0176357214531243,-0.0024002183627021,0.242063492063492,1,0,0.023465632094751797
2019-10-22,8020.0,-0.0218627501300758,0.0260889998337005,0.0223521838356023,297.9899999999998,299.8578571428573,0.0024055760455694,0.0192324286245808,-0.002281550449523,0.1904761904761904,0,0,0.025314977500220298
2019-10-23,7466.62,-0.0714960017050696,0.0261505442796655,0.0249524275301418,747.5900000000001,313.61428571428587,0.0024379042126326,0.0299458191224085,-0.0020660092710198,0.1944444444444444,0,0,0.023068861367799297
2019-10-24,7412.41,-0.0072867975758335,0.0338982517290026,0.0248185297392436,165.6900000000005,309.05785714285736,0.0025648166174134,0.0300439787316586,0.0059823576342431,0.5,1,0,0.02774443903740156
2019-10-25,8655.02,0.1549838768309879,0.0323674107317087,0.0496730615455461,1438.0,371.2628571428573,0.0026474150179209,0.029271315299336,0.0053245616929217,0.4365079365079365,1,0,0.03024162643902522
2019-10-26,9230.0,0.0643195490862531,0.0578933024719598,0.0522860029244752,1899.6200000000008,496.2357142857145,0.0082508029950093,0.029271315299336,0.0313630813174772,0.9444444444444444,2,0,0.04537731028317588
2019-10-27,9529.93,0.0319783238987696,0.0580092968253293,0.0525756884367036,720.6399999999994,526.8978571428572,0.0110502667046662,0.0312714409566175,0.0323913223196101,0.9444444444444444,2,0,0.05213394609519757
2019-10-28,9205.14,-0.0346753487186717,0.0553706898358921,0.0539240869460065,742.1000000000004,566.6300000000001,0.0125716991631574,0.0317169137552899,0.028337728344639,0.9166666666666666,2,0,0.05083318870153526
2019-10-29,9407.62,0.0217579754892049,0.0531455100728675,0.0533388160625795,478.0,578.4157142857144,0.0133868187900045,0.0327845873514751,0.0270565102391669,0.8928571428571429,2,0,0.04935089924372049
2019-10-30,9154.72,-0.0272504059054217,0.0504213561188467,0.053656076794246,408.8299999999999,588.7492857142859,0.0136939165164937,0.0334576116475172,0.0242708118391811,0.8650793650793651,2,0,0.04759825847130802
2019-10-31,9140.85,-0.0015162143247948,0.0482134613772421,0.0537396745384521,492.0,609.9000000000002,0.0136553522073785,0.031301320551159,0.0143152096482395,0.8333333333333334,2,0,0.046109024826345255
2019-11-01,9231.61,0.0098800855521599,0.0454072757784106,0.0532822094873915,249.0,606.3292857142858,0.0132821610251271,0.032950415105499,0.0130398650467018,0.7896825396825397,2,0,0.044155721467046355
2019-11-02,9289.52,0.0062534185241691,0.0429363352998526,0.0532137662781554,187.53000000000063,603.2114285714288,0.0126702536981256,0.032950415105499,-0.0149569671721071,0.7579365079365079,2,0,0.04243932837991156
2019-11-03,9194.71,-0.0102585643510781,0.040600571398504,0.0530635892232174,296.4300000000003,593.8850000000002,0.0118197050770849,0.031034954349729,-0.0174087254268252,0.7103174603174603,2,0,0.04069804003910241
2019-11-04,9393.35,0.0213736734297729,0.0385462573055227,0.0530723700637324,397.84000000000015,608.6614285714287,0.0110207288375449,0.0331560315589535,-0.0168244325303694,0.6388888888888888,2,0,0.03914281158331362
2019-11-05,9308.66,-0.0090568424357062,0.0371472531630276,0.0525942078179806,279.1900000000005,607.3185714285717,0.0100281758261581,0.0322917582426744,-0.0159982569098398,0.5992063492063492,2,0,0.037952909897816564
2019-11-06,9339.05,0.0032593843323631,0.0353650785800153,0.0471237663483513,190.89999999999964,567.5550000000002,0.0089949687790111,0.0190946122113544,-0.0150562775388313,0.5198412698412699,2,0,0.03664301714800918
2019-11-07,9216.2,-0.0132417288985742,0.0336378705894776,0.0473761625118608,274.0,575.2914285714287,0.0090198163583672,0.0196208700891176,-0.0145755907877644,0.4523809523809524,1,0,0.03497738035368656
2019-11-08,8773.73,-0.0492007755740555,0.0323202944809194,0.0290285512835698,565.0,512.9342857142858,0.0090248728048266,0.0259961194230786,-0.0130869812974911,0.3968253968253968,1,0,0.02997694668855164
2019-11-09,8809.41,0.0040584388196354,0.034544727561763,0.0226883427627405,155.1200000000008,388.327142857143,0.0085919330377536,0.0259961194230786,-0.0083916077380895,0.4880952380952381,2,0,0.0311032825370578
2019-11-10,9039.47,0.0257800760142608,0.0328992501050813,0.0219962406569058,397.1900000000005,365.2235714285716,0.0078668579250545,0.0259961194230786,-0.0077013212934227,0.4087301587301587,1,0,0.03435226486304878
2019-11-11,8733.27,-0.0344606742025455,0.0324163042605452,0.0219731045284789,453.6399999999994,344.61928571428587,0.007101257818338,0.0259553072831667,-0.0061299530449774,0.3968253968253968,1,0,0.030048637356327124
2019-11-12,8821.94,0.0101019303164999,0.0327971621852759,0.0211368006136043,320.39999999999964,333.36214285714294,0.0061898874938786,0.0259553072831667,-0.0043500909777517,0.3968253968253968,1,0,0.03014802451116554
2019-11-13,8777.12,-0.005093464866702,0.0314460849011567,0.0201144553382151,142.98999999999978,314.37357142857155,0.0053728404942189,0.0239018965042028,-0.0039189936788586,0.3412698412698413,1,0,0.02933659134069402
2019-11-14,8646.68,-0.0149729033750016,0.030099795776812,0.0203577018213356,217.39999999999964,294.7592857142858,0.0045945671625799,0.0245560394813919,-0.0035380748126656,0.3055555555555556,1,0,0.0282844270660872
2019-11-15,8471.73,-0.0204406941361749,0.029222173821525,0.0203837572211588,390.0,304.83071428571435,0.0039641918680423,0.0240801149858405,-0.0030981206593943,0.2896825396825397,1,0,0.027597058292915002
2019-11-16,8491.02,0.002274396346749,0.0287770190776775,0.0202248465462238,143.0,301.65000000000003,0.0034366076642233,0.0240801149858405,-0.0057677084840855,0.2817460317460317,1,0,0.027282615446606498
2019-11-17,8502.4,0.0013393421337379,0.0276504252162865,0.0202929289614121,284.3199999999997,300.78499999999997,0.0031239848403083,0.0254490453351825,-0.0052488248887948,0.246031746031746,1,0,0.026547120329771898
2019-11-18,8187.17,-0.03778018177778,0.0266286668432723,0.0204045576916317,443.5200000000005,304.04785714285714,0.0030105486308717,0.0272967935261344,-0.0057876374172729,0.1984126984126984,0,0,0.02582454770596338
2019-11-19,8133.64,-0.0065597469673104,0.0283419927593632,0.0204226168005128,215.6299999999992,299.50785714285706,0.0027080942784478,0.0272073597116599,-0.0044551694259126,0.2698412698412698,1,0,0.02444905165561792
2019-11-20,8098.01,-0.004390195356251,0.0273272405770897,0.0201515313096212,225.89000000000124,302.00714285714287,0.0025962204728116,0.0256930539577945,-0.0041188443240669,0.2222222222222222,1,0,0.026280610746253822
2019-11-21,7627.74,-0.0598267502749312,0.0263708870063524,0.0241455016428552,634.7299999999996,327.7735714285714,0.0026632435864419,0.0322233418836217,-0.0037289087704595,0.1706349206349206,0,0,0.02559493260381144
2019-11-22,7268.23,-0.0482788066042498,0.0317204315711056,0.0240417106932345,960.0,355.98785714285714,0.0026286854864973,0.0320680192184968,0.0024982577495805,0.3571428571428571,1,0,0.02641282654266336
2019-11-23,7311.57,0.0059452293799644,0.0339272468600458,0.0241524192366756,264.46999999999935,363.79857142857134,0.0025509075656633,0.0320680192184968,0.0051502277823682,0.4642857142857143,1,0,0.03066746131602748
2019-11-24,6903.28,-0.0574613640096188,0.0323663851972175,0.0240344548294347,469.3900000000003,368.9557142857142,0.0025074958031092,0.0354358985539055,0.0047159599809309,0.3809523809523809,1,0,0.030201415918330497
2019-11-25,7109.57,0.029445102813371,0.0358309679188795,0.0268308110372529,862.6899999999996,398.17357142857134,0.0029023834584785,0.0355426051016911,0.0092023010756071,0.5357142857142857,2,0,0.032013035151327696
2019-11-26,7156.14,0.0065289656707854,0.035295006258582,0.0265927619623912,322.52000000000044,398.32499999999993,0.0031425455546846,0.0355426051016911,0.0069530134992187,0.5079365079365079,2,0,0.0362009549551492
2019-11-27,7508.52,0.0480676463251796,0.0336215265661389,0.0314584745402476,815.0,446.32571428571424,0.0032523805102022,0.0376555899110353,0.0062942859890491,0.4285714285714285,1,0,0.03518390313968334
2019-11-28,7419.49,-0.0119280541190978,0.0354505450724148,0.0314405372257564,283.0,451.01142857142855,0.0035047112408734,0.0375193920725928,0.0090796580660624,0.5198412698412699,2,0,0.032042476243448886
2019-11-29,7739.68,0.0422500214142935,0.0339100845220162,0.0343152108655321,487.6999999999998,457.9899999999999,0.0035561572119461,0.0393588187163161,0.0021896529509106,0.4484126984126984,1,0,0.03535650671320972
2019-11-30,7541.89,-0.0258875293386271,0.0349456563309631,0.0345884503136014,369.0,474.1328571428571,0.0036106005414813,0.0379374163103939,0.0010184094709173,0.4841269841269841,2,0,0.03181904379857786
2019-12-01,7390.89,-0.0202246530128569,0.0342309637853392,0.0345983104985015,331.8900000000003,477.5307142857143,0.0034727010084489,0.0363975228704671,0.0018645785881217,0.4642857142857143,2,0,0.03533995427120352
2019-12-02,7294.28,-0.0131576813605978,0.0332088524491424,0.0336918623491683,269.46000000000004,465.0978571428571,0.0030939545562582,0.0344299602794177,-0.002622115469737,0.4047619047619047,1,0,0.03471514746948544
2019-12-03,7292.71,-0.0002152603115597,0.0319298077009366,0.0337589252601003,158.64999999999964,461.0278571428571,0.0028523477333433,0.0343605321720318,-0.0033651985576454,0.3253968253968254,1,0,0.02974907422056196
2019-12-04,7194.32,-0.0135833932575391,0.0304958286342945,0.0337770029910372,683.0,493.6785714285714,0.0024804466738273,0.0346266600844398,-0.0031256979318443,0.2738095238095238,1,0,0.0285029431805767
2019-12-05,7389.0,0.0267005820099797,0.0295090520177559,0.0314924334224777,335.0,472.2692857142857,0.0019001511713478,0.0300245946037807,-0.0059414930546589,0.25,1,0,0.027701683210653538
2019-12-06,7527.47,0.0185665881723853,0.0295326600644062,0.0289448087029885,285.02999999999975,424.0571428571428,0.0021189464999593,0.0264060790669781,-0.00437742445761,0.25,1,0,0.02756480963864372
2019-12-07,7488.21,-0.0052292123250605,0.028924716584552,0.0289966192688543,149.46000000000004,415.8421428571429,0.0023849045015281,0.0247697187695507,-0.0060209397464111,0.2222222222222222,1,0,0.027190506750731203
2019-12-08,7510.11,0.00292032915209,0.0278235271696753,0.0234862142587255,189.14000000000033,395.82428571428574,0.0027326787834911,0.0151492733891532,-0.0064074366156639,0.1825396825396825,1,0,0.02641653230180518
2019-12-09,7338.64,-0.0230965734506334,0.0267970999545729,0.0236520967114421,377.0,361.13214285714287,0.0029391392670623,0.0163552556334945,-0.0064117524945695,0.1309523809523809,0,0,0.025573576372743743
2019-12-10,7224.13,-0.0157267278322041,0.0268674388727224,0.0240873867898259,250.5,355.98785714285714,0.0030371448516849,0.0162866170793482,-0.0050623688282141,0.1309523809523809,1,0,0.023248480123633442
2019-12-11,7210.0,-0.0019578602262306,0.0263927416968508,0.0198548336660333,149.84000000000017,308.4764285714286,0.003209254011296,0.0154632411856936,-0.0041030869374437,0.1031746031746031,0,0,0.02516149941811048
2019-12-12,7198.08,-0.0016546275033917,0.0255020129564491,0.0196845292042223,214.69999999999985,303.59785714285715,0.0031814864478293,0.0150052577344615,-0.0040070390613067,0.0595238095238095,0,0,0.02245448497386946
2019-12-13,7258.48,0.0083561167318517,0.0247014558492547,0.0154254026891646,118.28999999999996,277.2114285714286,0.0032629098145459,0.0150052577344615,-0.0048312042151515,0.0476190476190476,0,0,0.021868876709552818
2019-12-14,7064.05,-0.0271518991060126,0.0241248324316131,0.0155628073261339,259.77000000000044,269.4092857142858,0.003112925107351,0.0152270780078811,-0.0047998841529388,0.0357142857142857,0,0,0.02152862505896786
2019-12-15,7118.59,0.0076911306854512,0.0249840467656288,0.0152014561805294,191.94999999999985,259.4135714285714,0.0027840136830551,0.0145663327844669,-0.0028394804040464,0.0634920634920634,0,0,0.02203132645937728
2019-12-16,6891.72,-0.0323889810780606,0.0243540004523662,0.0169852178188399,314.0,262.59499999999997,0.0024775082869217,0.0175926877915496,-0.0024430995022067,0.0436507936507936,0,0,0.02171297507141972
2019-12-17,6623.82,-0.0396484482259982,0.0257867473261323,0.0193977606326993,382.21,278.56357142857144,0.0021072231347977,0.0220037296921994,-0.0010806915465901,0.0952380952380952,0,0,0.02255888439567938
2019-12-18,7277.83,0.0941604980510639,0.0279184611656164,0.033078926495061,1005.0,301.56357142857144,0.0018617998687766,0.0228390250200108,0.0015257194687656,0.2222222222222222,1,0,0.02395989349936984
2019-12-19,7150.3,-0.0176784269841014,0.0400835011596473,0.0325303350337425,341.6899999999996,302.0414285714286,0.0040113314087164,0.0223246134508022,0.0145814882031982,0.7222222222222222,2,0,0.03374648149578838
2019-12-20,7187.83,0.0052350042453159,0.0383448372121247,0.0320628547544294,140.5,291.71785714285716,0.0049507679377996,0.0223246134508022,0.01364338136287,0.6626984126984127,2,0,0.03827243712727482
2019-12-21,7132.75,-0.007692463798028,0.0363817435160213,0.0320810220231638,85.57999999999993,287.15500000000003,0.0054307739299372,0.0224036818137184,0.0122569110844082,0.6031746031746031,2,0,0.03695762210961278
2019-12-22,7501.44,0.0503981477976758,0.0346352553831654,0.0351696826014133,396.0699999999997,301.93571428571425,0.0056585441403839,0.0224036818137184,0.0096512086175366,0.5119047619047619,2,0,0.035582964029899244
2019-12-23,7317.09,-0.0248822941633743,0.0366011185869414,0.0352626844389053,429.54,305.6885714285714,0.0059554941969076,0.0226151411594711,0.0122471181345752,0.6031746031746031,2,0,0.03647561675216485
2019-12-24,7255.77,-0.0084156935439843,0.0356281982202904,0.0350688195582348,279.6400000000003,307.77,0.0060866921500498,0.0221773042557858,0.009841450894158,0.5595238095238095,2,0,0.036337366932174237
2019-12-25,7204.63,-0.0070731394993277,0.0339663337535585,0.0351208988753766,142.91000000000076,307.27500000000003,0.0060406281242983,0.0222927280175864,0.0060478725879421,0.4722222222222222,1,0,0.0351420094521351
2019-12-26,7202.0,-0.0003651096792527,0.0324245189884346,0.0351180667777215,277.8800000000001,311.7878571428572,0.0058422494820407,0.0222862364478808,-0.0076589821712127,0.3888888888888889,1,0,0.030326322993060758
2019-12-27,7254.74,0.0072962831137441,0.0309452784565407,0.0350998961692482,199.4399999999996,317.5842857142857,0.0055189685663835,0.0222862364478808,-0.0073995587555839,0.3214285714285714,1,0,0.028939565873924423
2019-12-28,7316.14,0.0084278181450638,0.0296922182834074,0.0342637224508379,126.34000000000016,308.05357142857144,0.0051028589752597,0.0216011035309384,-0.0066895252326139,0.2817460317460317,1,0,0.02793906497004444
2019-12-29,7388.24,0.0098066804348615,0.0285922790643688,0.034293008268138,240.44999999999985,311.51785714285717,0.0047881035454142,0.0216011035309384,-0.0060429763187965,0.246031746031746,1,0,0.02711150543862128
2019-12-30,7246.0,-0.0194399544474688,0.0276484688870786,0.0334390911208927,188.23999999999975,302.53499999999997,0.0044226264289778,0.0195631257844933,-0.0089526496998628,0.1984126984126984,1,0,0.026423446932247158
2019-12-31,7195.23,-0.0070312860009735,0.0273226910460543,0.0312608312254513,174.98999999999978,287.7335714285714,0.0042520829275738,0.0138706824804022,-0.008305507174236,0.1746031746031746,1,0,0.02601150222763258
2020-01-01,7200.85,0.0007807681376448,0.0264238270659581,0.0182282808613994,79.85000000000036,221.65142857142857,0.0044020939868518,0.0138706824804022,-0.0075425066876004,0.1309523809523809,0,0,0.025294478239574862
2020-01-02,6965.71,-0.0331995343103965,0.0255236083203841,0.0197453201385387,287.7600000000002,217.79928571428576,0.0042572443899463,0.0170618322491024,-0.0069009106680504,0.0793650793650793,0,0,0.02251178779223046
2020-01-03,7344.96,0.0530148234303009,0.0268485924335594,0.024599929902409,533.96,245.90357142857147,0.0039816724886003,0.0170618322491024,-0.0040966860229813,0.1587301587301587,1,0,0.02322239626013564
2020-01-04,7354.11,0.0012449768838216,0.0308466498104901,0.0244573336607538,131.78999999999996,249.20428571428576,0.0036573451173084,0.0180066454331573,0.0011544315270826,0.3134920634920635,1,0,0.027720458286294058
2020-01-05,7358.75,0.0006307407470522,0.0295158417981327,0.020147330003945,177.0,233.55642857142865,0.0034636451027728,0.0180066454331573,0.0009235627337638,0.2698412698412698,1,0,0.027571801078879618
2020-01-06,7758.0,0.0528344876574404,0.028309260375759,0.0235846228731461,448.5799999999999,234.91642857142864,0.0029440503450552,0.0165858694649764,0.0006607914886803,0.2182539682539682,1,0,0.0265695582254554
2020-01-07,8145.28,0.0487140493637152,0.0319291630282378,0.0260511553588003,483.97000000000025,249.51142857142864,0.0024870237530168,0.0177748276932811,0.0046064719821834,0.3492063492063492,1,0,0.02860102381694268
2020-01-08,8055.98,-0.0110239455899598,0.0341583285025887,0.0262506650737246,585.0,281.0892857142857,0.0025151935191698,0.0181726199081069,0.0077345014366306,0.4841269841269841,2,0,0.03052035390155322
2020-01-09,7817.76,-0.0300166042803073,0.0327082026214797,0.0281061764449987,305.97999999999956,283.09642857142853,0.0025432994725346,0.0225924049143303,0.0071845943010955,0.3849206349206349,1,0,0.03345939077288782
2020-01-10,8197.02,0.0473726050737361,0.0326119600767041,0.030224745606174,527.0,306.49357142857144,0.0026615438771276,0.0225924049143303,0.0057633676431446,0.3809523809523809,1,0,0.03006628244602246
2020-01-11,8020.01,-0.02183100482452,0.0345273753961357,0.0313098546692461,283.1800000000003,317.69642857142856,0.0029904648194235,0.0224672968657169,0.0036807255856456,0.492063492063492,2,0,0.03109104723768142
2020-01-12,8184.98,0.0203610985654769,0.0335744321711928,0.0315203697354043,237.0,317.45,0.003130968963045,0.0224672968657169,0.00405859037306,0.4246031746031746,1,0,0.03439993730271568
2020-01-13,8110.34,-0.009160976526191,0.0326309662724931,0.030964023384523,140.10999999999967,314.01214285714286,0.0031091771533363,0.0213490367960214,0.0043217058967341,0.373015873015873,1,0,0.03021922936349586
2020-01-14,8810.01,0.0827487842214989,0.0312668904273852,0.036417305004616,774.46,356.8314285714286,0.0029754294346581,0.0231743360201745,-0.0006622726008525,0.2936507936507936,1,0,0.02908892025643112
2020-01-15,8821.41,0.0012931461661747,0.0397120248440161,0.0364027524710941,352.47999999999956,376.3049999999999,0.0035449728342956,0.0231743360201745,0.0055536963414273,0.7063492063492064,2,0,0.03386539890640966
2020-01-16,8720.01,-0.0115613364781772,0.0375978671232084,0.0346383987449992,273.8099999999995,375.3085714285713,0.0033851006953288,0.0185294612583001,0.0048896645017287,0.6388888888888888,2,0,0.03816570027392504
2020-01-17,8913.28,0.0219219147333138,0.0358475615716999,0.0330457926649615,369.2099999999991,363.54071428571416,0.0030490629028704,0.0185294612583001,0.0032356014949958,0.5634920634920635,2,0,0.036853983743019944
2020-01-18,8915.96,0.0003006297542889,0.0347591848257791,0.0330743943488345,182.5,367.162857142857,0.0029924724573101,0.0185294612583001,0.0002318094296434,0.496031746031746,2,0,0.03577429569546746
2020-01-19,8701.7,-0.0243245203259778,0.0330698270813088,0.034478835440069,732.9799999999996,406.8757142857141,0.002769993620675,0.0196145650036868,-0.0005046050898839,0.3968253968253968,1,0,0.034419277448785285
2020-01-20,8642.35,-0.0068438722969172,0.032454516376129,0.0326806757009869,225.70999999999913,390.9564285714283,0.0023283580280692,0.0183428676279662,-0.0001764498963641,0.3531746031746032,1,0,0.0298897822256774
2020-01-21,8736.03,0.0107813164886589,0.0310476909512042,0.0305207650047193,301.0,377.8871428571426,0.0024012072237347,0.0183428676279662,-0.000219199476181,0.2777777777777778,1,0,0.028792498570722518
2020-01-22,8682.36,-0.0061624719446324,0.0298901424462003,0.0303516012691318,228.0,352.3871428571426,0.0026384689761975,0.0180145743925682,-0.0098218823978157,0.2341269841269841,1,0,0.027837819067720183
2020-01-23,8404.52,-0.0325237247519218,0.028713157303481,0.030582828040011,385.4200000000001,358.06142857142834,0.0029507079252237,0.0186259050519731,-0.0088847098197274,0.1944444444444444,1,0,0.0269505371820886
2020-01-24,8439.0,0.004094161809796,0.0294349472807823,0.0280730913618446,290.02000000000044,341.1342857142855,0.0031331171626505,0.0186259050519731,-0.0064126142909176,0.2182539682539682,1,0,0.02725653396846938
2020-01-25,8340.58,-0.0117310598587625,0.0282650375339965,0.0275360485179574,196.36000000000055,334.93285714285696,0.0033645164407902,0.0172771333882078,-0.0064941472917826,0.1746031746031746,1,0,0.0266513561203979
2020-01-26,8615.0,0.0323721116628252,0.0274306542833428,0.028301761896713,324.46999999999935,341.1807142857141,0.003636062024148,0.0172771333882078,-0.005639172797966,0.1507936507936507,1,0,0.02599419857000568
2020-01-27,8907.57,0.0333966070332518,0.028337223820361,0.0290934903341932,465.0,364.3871428571427,0.0037835749344811,0.0182828329127083,-0.0041172925557679,0.1904761904761904,1,0,0.0264610714922166
2020-01-28,9374.21,0.0510608246260293,0.0292157794076528,0.023396537770141,537.6000000000004,347.46857142857124,0.0038527100278798,0.0182828329127083,-0.0018319115435514,0.2182539682539682,1,0,0.027124657644591682
2020-01-29,9301.53,-0.0077833988822249,0.0323465307155039,0.0236149986761831,233.23999999999975,338.95142857142844,0.0031304099222673,0.0171803591100165,0.0024563882693035,0.369047619047619,1,0,0.029119546429302336
2020-01-30,9513.21,0.0225024562789091,0.0309719710383498,0.0236669238865925,373.5599999999995,346.07642857142844,0.0025555449927202,0.017946627691028,0.0022588137348687,0.3055555555555556,1,0,0.02882132182300988
2020-01-31,9352.89,-0.016995972584926,0.0304677488322569,0.0239643041389941,320.2099999999991,342.57642857142844,0.0021106822677074,0.0178139261614125,0.0010328015514746,0.2777777777777778,1,0,0.02830455729935414
2020-02-01,9384.61,0.0033857270501318,0.02965998296466,0.0239474059244584,183.53000000000063,342.6499999999999,0.0017139377118983,0.0178139261614125,0.0013949454306634,0.2539682539682539,1,0,0.027708008178795998
2020-02-02,9331.51,-0.0056742682215187,0.0284590008212299,0.0227602872545797,357.03000000000065,315.7964285714285,0.001531228495263,0.0154080998538831,0.0010283465378871,0.2023809523809523,1,0,0.02689801209273794
2020-02-03,9292.24,-0.0042172020351127,0.0274127687249315,0.0226658521374516,384.7900000000009,327.15928571428583,0.0014399032202355,0.0152728189592729,-0.0009244550954294,0.1507936507936507,1,0,0.0260578836349589
2020-02-04,9197.02,-0.0103001247040772,0.0264449374974606,0.0229633503223687,256.9899999999998,324.01571428571435,0.001556427300497,0.0147432423573422,-0.0027708419101922,0.1031746031746031,0,0,0.025302990498476362
2020-02-05,9612.04,0.0441369607900448,0.0257478109111106,0.0251380311988274,567.2300000000014,348.24642857142874,0.0017687910119032,0.0155881342290045,-0.0065987198043932,0.0753968253968253,0,0,0.02256884134666636
2020-02-06,9772.0,0.0165046740650947,0.0285522907476988,0.0224386451200137,336.21999999999935,344.732142857143,0.0017697746577143,0.0103532348362841,-0.002419680290651,0.2182539682539682,1,0,0.02412901204861928
2020-02-07,9813.73,0.0042612721758086,0.0279292827089759,0.02243486596414,155.0,335.0878571428572,0.0017718500694622,0.0103532348362841,-0.002538466123281,0.1865079365079365,1,0,0.02629822722538554
2020-02-08,9895.05,0.0082522065275583,0.0269101894798545,0.0215090750113027,272.8899999999994,340.55428571428575,0.0018310948467095,0.0100550391748775,-0.0027497934848054,0.1349206349206349,1,0,0.0256335204879127
2020-02-09,10151.75,0.0256114723204881,0.0260898963615196,0.0210934024708124,285.25,337.7528571428572,0.0019274183607383,0.0100550391748775,-0.0023691044597103,0.0873015873015873,0,0,0.024971042216911758
2020-02-10,9851.83,-0.0299888796895526,0.0264887348048731,0.0228160554150639,432.0,335.39571428571435,0.001999015604195,0.0153016990836316,-0.0009240339200584,0.115079365079365,0,0,0.02293007448292386
2020-02-11,10223.08,0.0369906845059997,0.02727869244422,0.0209705367819218,623.5900000000001,341.5378571428572,0.002000437102037,0.0153016990836316,0.0008337549467594,0.1587301587301587,1,0,0.023473166666532003
2020-02-12,10326.46,0.0100616239729998,0.0287708470220742,0.0205947092209431,226.92000000000007,341.08642857142866,0.0016224652406772,0.0163967720659662,0.0030230361109635,0.25,1,0,0.02668231141324452
2020-02-13,10229.63,-0.0094211220322861,0.0278177165340288,0.020569138226553,420.0,344.4035714285715,0.0013684195863171,0.015454385630318,-0.00073457421367,0.1904761904761904,1,0,0.02647377112041728
2020-02-14,10344.36,0.0111530324716664,0.0269408845796069,0.0195863345317941,270.1899999999987,340.83071428571435,0.0011261441808244,0.0151272279493364,-0.0009883981293689,0.1468253968253968,1,0,0.025727087147764137
2020-02-15,9904.72,-0.0434300324484624,0.0262246825360925,0.0238248819985745,574.0,368.7214285714286,0.0009751007624093,0.0224734393066957,-0.000685506943762,0.0992063492063492,0,0,0.0251449095216555
2020-02-16,9917.27,0.0012662706092516,0.0288191920844307,0.0236831784750268,411.8799999999992,372.6392857142856,0.0010142953545996,0.0244872845606885,0.002729295722911,0.2698412698412698,1,0,0.024387416850658417
2020-02-17,9706.0,-0.0215334308259418,0.0276820518034036,0.0245994025969059,511.4899999999998,381.6892857142856,0.001020260300027,0.026245149555342,0.0011933169985305,0.1984126984126984,1,0,0.02648027748204216
2020-02-18,10164.71,0.046177666423226,0.0275082056645234,0.0267663008214093,673.9899999999998,411.47499999999985,0.0009938248004373,0.0288874834789732,0.0002295132203033,0.1904761904761904,1,0,0.02619573699871404
2020-02-19,9593.79,-0.0578059032463631,0.0302476500990767,0.0296411069492635,900.0,435.24428571428547,0.0011540121076797,0.0365498816882344,0.0014768030770025,0.3452380952380952,1,0,0.02781122285944602
2020-02-20,9596.42,0.0002740980965256,0.0342460040800061,0.0292550924901218,299.0,432.58571428571406,0.0021042048523464,0.0365498816882344,0.0064282875459773,0.5992063492063492,2,0,0.030830075648003663
2020-02-21,9677.05,0.0083669905196099,0.0326022350264812,0.0293355443642447,205.3000000000011,436.1785714285713,0.0024264370123513,0.0365498816882344,0.0056613504468743,0.4761904761904761,1,0,0.03487425541588872
2020-02-22,9650.86,-0.002710072225021,0.0312186535760238,0.0292155935750515,149.14999999999964,427.33999999999986,0.0024949410612807,0.0333836630419344,0.0049939710399313,0.3928571428571428,1,0,0.02966184214561428
2020-02-23,9936.4,0.0291577514787579,0.0298627445620155,0.0294855237872073,345.0,431.60785714285703,0.0023918305048748,0.0333836630419344,0.0010435524775848,0.3293650793650793,1,0,0.0284000995372093
2020-02-24,9656.13,-0.0286118351934252,0.0300680052211212,0.0293854178663661,516.4400000000005,437.6392857142856,0.0022944639949835,0.0331816162874509,0.0023859534177175,0.3373015873015873,1,0,0.028259737932672717
2020-02-25,9315.84,-0.0358767697148394,0.0301927827804691,0.0284959435190887,425.0,423.4542857142856,0.0022347603832222,0.0335798846289548,0.0026845771159457,0.3492063492063492,1,0,0.02835609766828146
2020-02-26,8785.25,-0.0586419982891648,0.0310625484816439,0.0311875580750336,743.8100000000013,460.375,0.0022654618587914,0.0376366585346052,0.0008148983825672,0.4047619047619047,1,0,0.02893641148898634
2020-02-27,8823.21,0.0043115705524741,0.0350118245562644,0.031474151922666,440.7700000000005,461.85857142857145,0.0026170842880009,0.0400774018705529,0.0007658204762582,0.626984126984127,2,0,0.03152953633375864
2020-02-28,8692.91,-0.014877998499184,0.0333278294032914,0.0308553004792623,455.0,475.05928571428586,0.0025765433802675,0.0378562112212089,0.0007255943768101,0.5357142857142857,1,0,0.03549389204197484
2020-02-29,8523.61,-0.019667790863485,0.0321121539207999,0.0296484573241752,266.4500000000007,453.0914285714288,0.0022743157063123,0.0352941144228991,0.000893500344776,0.4523809523809524,1,0,0.03041104075247994
2020-03-01,8531.88,0.0009697757904518,0.0312845412391075,0.0296393362640929,339.0,447.8857142857145,0.0021864439302018,0.0352941144228991,0.0014217966770919,0.4166666666666667,1,0,0.0294700431434645
2020-03-02,8915.24,0.0439524360599534,0.0299117919984901,0.0328045885256203,467.75,444.7614285714288,0.0019844417475607,0.0368427303549211,-0.000156213222631,0.3373015873015873,1,0,0.02850376559909406
2020-03-03,8760.07,-0.0175582760885877,0.0318524292399308,0.0292230337358668,268.64999999999964,415.80857142857167,0.0016522705597837,0.0350178535165296,0.0016596464594616,0.4484126984126984,1,0,0.029384423943958477
2020-03-04,8750.87,-0.0010507717856942,0.0309270062566584,0.0259245966744982,188.29000000000087,364.9721428571432,0.0016177556123958,0.0284376119568318,-0.0001355422249855,0.3968253968253968,1,0,0.029236531753995043
2020-03-05,9054.68,0.0341286271212748,0.0295879143827613,0.0280996697491973,412.8799999999992,373.1064285714288,0.0015285028165244,0.0284376119568318,-0.005423910173503,0.3214285714285714,1,0,0.02819692342965678
2020-03-06,9131.88,0.0084898368572101,0.0303531543270322,0.0281038981871519,184.5,371.6207142857144,0.001505778982393,0.0284376119568318,-0.0029746750762591,0.373015873015873,1,0,0.02834840019621932
2020-03-07,8886.66,-0.0272203120821181,0.0291896452603618,0.0287635374674454,353.0,386.18142857142874,0.0015984418895764,0.0300066307023169,-0.0029225086604381,0.2857142857142857,1,0,0.027839342756217078
2020-03-08,8033.31,-0.1009546286346587,0.0293038847010387,0.0365371017602617,886.7600000000002,424.87857142857166,0.0016369716634542,0.0439633940298361,-0.0019806565380687,0.3015873015873015,1,0,0.02761152002062322
2020-03-09,7929.87,-0.012960005190207,0.0425174138543811,0.0363335934375679,547.3000000000002,427.08285714285734,0.003455402825632,0.0431333136952533,0.0126056218558909,0.8412698412698413,2,0,0.03572813151262866
2020-03-10,7894.56,-0.0044627273908268,0.0403760496843518,0.0358499646850061,420.9899999999998,426.7964285714287,0.0040826883484159,0.0414690220172324,0.008523620444421,0.8253968253968254,2,0,0.040955275410611086
2020-03-11,7934.52,0.0050489459763713,0.0382300102738655,0.0334099654714894,390.0,401.5242857142858,0.0043138781046402,0.0387914844396372,0.0073030040172071,0.7777777777777778,2,0,0.039719174164319304
2020-03-12,4800.0,-0.5026069427414583,0.0362741771322527,0.1362620731038542,3556.17,624.0528571428573,0.0043688140067459,0.1714811207658993,0.0066862627494913,0.7261904761904762,2,1,0.03822986467935162
2020-03-13,5578.6,0.1503219309423453,0.1624755145268732,0.1457522964589639,2172.87,746.7578571428572,0.0348189114815851,0.1818071155692272,0.132122360199841,1.0,2,1,0.12069270351612392
2020-03-14,5172.06,-0.0756667870857956,0.1587179213112838,0.1461649932020091,585.3900000000003,769.5392857142857,0.0464305383220984,0.1836332141945106,0.129528276050922,0.996031746031746,2,1,0.12109708238677028
2020-03-15,5361.3,0.0359354212183298,0.1498701721176475,0.1471349842102839,846.8999999999996,805.8178571428572,0.052834186863979,0.1836332141945106,0.1205662874166088,0.992063492063492,2,1,0.11590768327058851
2020-03-16,5028.97,-0.0639912912173663,0.1401822256994087,0.1456020685653837,923.3000000000002,838.3571428571429,0.0561253541930254,0.1744401024850402,0.0976648118450276,0.988095238095238,2,1,0.11007099541964521
2020-03-17,5312.64,0.0548736950731196,0.1322658884784881,0.1477659231600405,603.5500000000002,862.2785714285716,0.0575691600592968,0.1849174988798108,0.0918898387941363,0.984126984126984,2,1,0.10514432508709286
2020-03-18,5393.04,0.015020346505171,0.1245629499036356,0.1481179996692762,426.8000000000002,879.3149999999999,0.0574917220616406,0.1976847226608113,0.0863329396297701,0.98015873015873,2,0,0.10056065394218136
2020-03-19,6162.37,0.1333522104619646,0.1162862556093243,0.1539186297683494,1147.4700000000005,931.7857142857144,0.0560982589456709,0.1976847226608113,0.0800120784770716,0.9761904761904762,2,0,0.09196220336559457
2020-03-20,6208.36,0.0074353270786886,0.1163881902575054,0.1538999265331457,1230.0,1006.4642857142856,0.0539817256449053,0.1976847226608113,-0.0460873242693678,0.9761904761904762,2,0,0.09181031935450323
2020-03-21,6186.98,-0.0034496869311269,0.1086164471022024,0.1540350574190165,596.9599999999991,1023.89,0.0507161974068667,0.197421124200617,-0.0501014742090813,0.9682539682539684,2,0,0.08656103226132145
2020-03-22,5816.19,-0.0618016757608739,0.1013750785480247,0.1529182408596594,673.8599999999997,1008.6828571428572,0.0465015709228995,0.1951019191706656,-0.0484950935696227,0.9642857142857144,2,0,0.08203392192881481
2020-03-23,6467.31,0.1061148487906944,0.0966351783960134,0.1567862582380093,912.0,1034.732857142857,0.0430404495090533,0.2106677282333518,-0.0435470473033952,0.9603174603174603,2,0,0.07901482703760804
2020-03-24,6744.72,0.0419997195777845,0.0962660445093098,0.1575065789688156,461.6700000000001,1037.6385714285714,0.0385725318322335,0.2307663035966228,-0.0359998439691783,0.9563492063492064,2,0,0.07894159070558587
2020-03-25,6677.43,-0.0100267935849309,0.0908716056236133,0.1574381400487445,507.96,1046.0642857142857,0.0329008783906846,0.2106996167406094,-0.0336913442800223,0.9523809523809524,2,0,0.07595841337416798
2020-03-26,6737.36,0.0089349738165953,0.0849487153597546,0.0699494857677465,270.0,811.3378571428572,0.0255156506145869,0.0524446986375604,-0.0313375402495697,0.9484126984126984,2,0,0.07197977561585275
2020-03-27,6359.11,-0.0577797263454424,0.0794433169298546,0.0628405937955869,581.5900000000001,697.6750000000001,0.0245034881046707,0.0533709172559939,-0.0369448733276508,0.9444444444444444,2,0,0.06593459815791276
2020-03-28,6236.65,-0.0194452512064025,0.0764963372723312,0.0586458427479449,336.0,679.8614285714286,0.0227604076404617,0.0442405997154007,-0.0321201098298712,0.9404761904761904,2,0,0.06396738396339871
2020-03-29,5881.42,-0.0586449498930345,0.0718175218533219,0.0612367669399683,399.4399999999996,647.8999999999999,0.0212675207391574,0.0465719322692272,-0.0295575566947028,0.9365079365079364,2,0,0.060950525111993135
2020-03-30,6394.38,0.0836212502344455,0.0697247837416926,0.0608516165620095,741.2399999999998,634.8957142857142,0.0199832720095284,0.0429878447458515,-0.0269103946543208,0.9325396825396826,2,0,0.05964954624501555
2020-03-31,6410.44,0.002508431734471,0.0704224611229738,0.0599577818312207,201.82999999999993,606.2014285714284,0.0184990940379056,0.0429878447458515,-0.0258435833863359,0.9325396825396826,2,0,0.05996007787378428
2020-04-01,6642.92,0.0356237145363387,0.0659307786464091,0.0602522938737571,529.8299999999999,613.5607142857142,0.017442921206829,0.0429878447458515,-0.0249408269772041,0.9246031746031746,2,0,0.05724915398784546
2020-04-02,6794.09,0.0225014907744629,0.0627839718408582,0.0498775891680567,647.0,577.8128571428571,0.0168423848912972,0.0429878447458515,-0.0221647435188964,0.9206349206349206,2,0,0.05526659670451492
2020-04-03,6734.1,-0.0088689459898123,0.0592831367306551,0.0500559346947432,445.8999999999997,521.8057142857141,0.0155536368141973,0.0399399316444275,-0.0201601801991994,0.9166666666666666,2,0,0.053118542838393054
2020-04-04,6856.99,0.0180843992939756,0.0556889671892215,0.050080484478333,340.39999999999964,503.4799999999999,0.0147477300156539,0.0431170628220585,-0.0208073700831097,0.9047619047619048,2,0,0.050851134713532906
2020-04-05,6772.78,-0.0123569321457086,0.0526092716982984,0.0464402429924138,218.01999999999953,470.9199999999999,0.0143688566451074,0.0353264142996179,-0.0192082501550234,0.8928571428571429,2,0,0.04894528701897904
2020-04-06,7329.9,0.0790502354489586,0.0496097919125645,0.0425730376307087,590.1400000000003,447.9299999999999,0.0141092717752768,0.0353264142996179,-0.020114991829128,0.8849206349206349,2,0,0.0469312783475387
2020-04-07,7197.32,-0.0182531387327955,0.0529498823960793,0.0420161059768277,382.6899999999996,442.2885714285713,0.0126831196202978,0.033425632502207,-0.0174725787268945,0.8928571428571429,2,0,0.04885083743764758
2020-04-08,7361.28,0.0225250961552418,0.0501031000148885,0.0420427599826006,270.0,425.2914285714284,0.0114851393133771,0.0358710044641754,-0.0158276786315206,0.8809523809523809,2,0,0.04716931600893309
2020-04-09,7283.54,-0.0106168229061829,0.0476793761759941,0.0422962319210888,263.84000000000015,424.85142857142847,0.0106484143341354,0.0334516510295821,-0.0151045956648641,0.8650793650793651,2,0,0.04565539370559646
2020-04-10,6858.92,-0.0600670128155957,0.0450381133505964,0.0425633209783766,555.7700000000004,423.0071428571427,0.0102129093447517,0.0340223454895441,-0.0142450233800587,0.8531746031746031,2,0,0.04391660521035784
2020-04-11,6876.83,0.0026077950093572,0.0465287556299468,0.0419769620013687,184.30000000000015,412.17142857142846,0.0094418134858591,0.0358806404480866,-0.0091602115592746,0.8611111111111112,2,0,0.04472910537796808
2020-04-12,6903.79,0.0039127462183152,0.0438619216119933,0.0375501083957253,397.0,411.9971428571428,0.0090503524735795,0.0292755597925393,-0.008747350086305,0.8412698412698413,2,0,0.04322029576719598
2020-04-13,6837.91,-0.0095884067817433,0.0414209430888717,0.0315535204375225,328.78999999999996,382.5364285714286,0.008700655918778,0.0270099659090396,-0.0081888488236928,0.8214285714285714,2,0,0.041518785853323026
2020-04-14,6868.7,0.0044927304111475,0.0392789094574263,0.0315469385257642,223.72000000000023,384.1,0.0078840848866464,0.0270099659090396,-0.0136709729386529,0.7857142857142857,2,0,0.04002105127445578
2020-04-15,6621.24,-0.0366921962118258,0.0372260857440224,0.0320513537335293,328.0,369.6835714285714,0.0073951449418502,0.0285945719456683,-0.0128770142708661,0.7420634920634921,2,0,0.038551397446413435
2020-04-16,7101.94,0.0700853225741777,0.0371746087028221,0.0368164754730033,721.7299999999996,375.02142857142854,0.0068323507075569,0.0285945719456683,-0.010504767473172,0.7420634920634921,2,0,0.03826989722169326
2020-04-17,7027.55,-0.0105298474818269,0.0416471888578329,0.0368608864680739,175.14000000000033,355.68142857142857,0.0059714391657416,0.0286749425166003,-0.0033909244927635,0.8214285714285714,2,0,0.04096908531469974
2020-04-18,7248.6,0.0309702080924694,0.0395097367184608,0.0374218710936728,278.6800000000003,351.27285714285716,0.0054472840533981,0.0286749425166003,-0.007019018911486,0.7896825396825397,2,0,0.04007006323107648
2020-04-19,7120.74,-0.0177966941638985,0.0386686213856846,0.0376320536757357,210.54999999999927,350.73928571428576,0.0051393831466297,0.029080663308956,-0.0051933002263086,0.7738095238095238,2,0,0.03936079523141076
2020-04-20,6826.83,-0.0421512156093069,0.0370692288687268,0.0325295129910729,469.0,342.0864285714286,0.0051080977683465,0.0310171723138254,-0.0043517142201449,0.7261904761904762,2,0,0.03832443052123608
2020-04-21,6841.37,0.0021275669780447,0.037613854468738,0.0323501202917889,178.0,327.46571428571434,0.0043323011355239,0.0324331020347282,-0.0016650549886882,0.746031746031746,2,0,0.0384015166812428
2020-04-22,7125.14,0.0406413711082045,0.0356819573279561,0.0338060750044166,338.3800000000001,332.35,0.0038503404373166,0.0324331020347282,-0.0015441284160662,0.6825396825396826,2,0,0.03727099999677366
2020-04-23,7482.39,0.0489228845832485,0.0362603470079233,0.036333816729622,718.0,364.79,0.0034208252190225,0.034762589624826,-0.0009142616948987,0.6984126984126984,2,0,0.037346892204753984
2020-04-24,7505.0,0.0030172054176969,0.0377481092702074,0.0316664816669304,227.96000000000004,341.375,0.0030993072317022,0.0269910347928917,-0.0038990795876254,0.753968253968254,2,0,0.038493620362124434
2020-04-25,7538.67,0.004476308802495,0.0358110602225944,0.0316530679192959,273.9300000000003,347.77714285714285,0.0024148034417296,0.0269910347928917,-0.0036986764958664,0.6865079365079365,2,0,0.03733339373355664
2020-04-26,7693.1,0.0202780493344985,0.0340583431450049,0.0318492262093143,220.0,335.13428571428574,0.0021462180133336,0.0269910347928917,-0.0046102782406797,0.6150793650793651,2,0,0.03598855628700294
2020-04-27,7774.62,0.0105407590504054,0.0330578599739665,0.0314591157134061,186.02000000000044,324.9364285714286,0.0022226992532913,0.0297936329244323,-0.0040113688947603,0.5634920634920635,1,0,0.0349416487843799
2020-04-28,7738.98,-0.0045946863010595,0.0316961683869113,0.0316561839487582,120.88000000000012,317.59071428571434,0.0025734562132831,0.0267273395366932,-0.0059176860818267,0.4603174603174603,1,0,0.03022314023214678
2020-04-29,8778.57,0.126043628251022,0.0303184403852619,0.0419735755115067,1242.8399999999992,382.93642857142856,0.0030705156453218,0.0235872642049756,-0.0053635169426941,0.376984126984127,1,0,0.02884620943115714
2020-04-30,8620.0,-0.018228439547185,0.0492805315269536,0.0405012394022969,1059.0,407.0271428571429,0.0046664520169413,0.0226173037253633,0.0130201845190303,0.873015873015873,2,0,0.03985815331617216
2020-05-01,8826.96,0.0237255898013035,0.0467435672177381,0.0399468721117376,445.6200000000008,426.3471428571429,0.0052202545571581,0.0247327437369782,0.0089954579475306,0.8571428571428571,2,0,0.044657470730642856
2020-05-02,8972.05,0.0163035150589738,0.0446849168457113,0.039723783778062,257.0,424.79857142857145,0.0055541425362052,0.0247327437369782,0.0088738566231168,0.8333333333333334,2,0,0.04354263410742678
2020-05-03,8894.16,-0.008719307953239,0.0424721543084632,0.0392139465345292,488.0,444.6164285714286,0.005693093978842,0.023484774105025,0.0084138111634582,0.8134920634920635,2,0,0.042086420585077916
2020-05-04,8871.96,-0.0024991401110145,0.0402208233228891,0.0360000462138141,428.0,441.6878571428573,0.0057142187412041,0.010436225167756,0.0071629633489226,0.7896825396825397,2,0,0.04059655319373346
2020-05-05,9021.83,0.0167514545084088,0.0380699509377542,0.0356925195685174,358.5799999999999,454.58642857142866,0.0057115474899319,0.010436225167756,0.0063737825508429,0.75,2,0,0.03893865056265251
2020-05-06,9142.92,0.0133326133006921,0.0364785933156798,0.0352065474059968,488.7900000000009,465.3300000000001,0.0056874491704262,0.010436225167756,0.0061601529304178,0.7103174603174603,2,0,0.037756622789407876
2020-05-07,9986.4,0.0882443580739771,0.0348934760503903,0.0392193045434752,1046.0,488.75857142857154,0.0057375928987689,0.010436225167756,-0.0143870554765632,0.6507936507936508,2,0,0.03659006963023419
2020-05-08,9800.01,-0.0188407612705354,0.0433460557959138,0.0403914895742922,330.9599999999991,496.1157142857143,0.0058927072688301,0.0125748436830183,-0.0033975114218242,0.8253968253968254,2,0,0.04124513027754828
2020-05-09,9539.4,-0.026952815683586,0.0413592137352908,0.0421014921423182,394.25,504.71,0.0058734619266507,0.0159011935691165,-0.0033257031104204,0.7976190476190477,2,0,0.04106360424117448
2020-05-10,8722.77,-0.0894937423726656,0.0400215930478065,0.0507417451404558,1457.83,593.1264285714286,0.0056973171956102,0.0368902187295535,-0.0024505612606566,0.7738095238095238,2,0,0.0401902570286839
2020-05-11,8561.52,-0.0186591035445111,0.0472669371010874,0.051269691641633,968.0,648.9821428571429,0.0057318229888153,0.035132570021429,0.0070461137781982,0.8571428571428571,2,0,0.04474989426065244
2020-05-12,8810.79,0.0286993622730982,0.044921864648489,0.0514679523673985,449.4799999999995,672.4535714285713,0.0052398574734357,0.0375181264158306,0.0068519137107347,0.8293650793650794,2,0,0.0438520227890934
2020-05-13,9309.37,0.0550443130698781,0.0433355390730786,0.0416346345169147,605.0100000000002,626.8942857142857,0.0041591643440871,0.0375181264158306,0.0068569457573988,0.8134920634920635,2,0,0.04279023944384716
2020-05-14,9791.98,0.0505422634578422,0.0444607115248448,0.0428256004204429,682.2399999999998,599.9828571428571,0.0037187709198331,0.0398350613152835,0.0095672354744544,0.8214285714285714,2,0,0.04334825571490688
2020-05-15,9316.42,-0.0497852485514478,0.0448884351241594,0.0453285594162236,695.6200000000008,617.84,0.0035674719922121,0.0414031807495922,0.0015423793282456,0.8253968253968254,2,0,0.04369535787449565
2020-05-16,9381.27,0.0069367135766444,0.0451722238890497,0.04519962507646,368.0,625.7685714285715,0.003599106417363,0.0414031807495922,0.0038130101537589,0.8373015873015873,2,0,0.043874286333429824
2020-05-17,9680.04,0.0313508852019328,0.0426629504522214,0.0456541632035636,565.8999999999996,631.3328571428572,0.003601710280686,0.0445786520322983,0.0026413574044148,0.7936507936507936,2,0,0.04244294147133284
2020-05-18,9733.93,0.0055516865857843,0.0415006645738683,0.0455888802477676,485.7700000000005,635.4592857142858,0.0035709494145113,0.0488206751301248,-0.005766272527219,0.7738095238095238,2,0,0.04155673074432098
2020-05-19,9775.53,0.0042646042532918,0.0392742325040508,0.0454975377067307,423.2099999999991,640.0757142857143,0.0034816850423196,0.0488206751301248,-0.0056476321444381,0.7261904761904762,2,0,0.04013397950243048
2020-05-20,9511.43,-0.0273880910636208,0.0372191282884644,0.0462692723189257,516.0,642.0192857142856,0.0033940209690573,0.0459481576215976,-0.0061164107846141,0.6785714285714286,2,0,0.03864353297307864
2020-05-21,9068.65,-0.0476708225752595,0.036359310324665,0.0409165825363567,763.4699999999993,621.8385714285713,0.0031674630269291,0.0461981855826719,-0.0081014012001797,0.6507936507936508,2,0,0.037817018194799004
2020-05-22,9170.0,0.0111138755568251,0.0376706942260852,0.0410263904936399,337.47999999999956,622.3042857142856,0.003375578496349,0.04930336731682,-0.0072177408980742,0.6904761904761905,2,0,0.03844048373565112
2020-05-23,9179.15,0.0009973214844727,0.0358996962920492,0.0405398115218412,237.85000000000036,611.132857142857,0.0037347806645972,0.0526468952539279,-0.0092725275970005,0.6349206349206349,2,1,0.03763767777522952
2020-05-24,8720.34,-0.0512763797663939,0.0341113137657841,0.0351821378366083,598.0,549.7164285714285,0.0042149128140077,0.0411791575860233,-0.0085516366864372,0.5515873015873016,2,0,0.04153486505947046
2020-05-25,8900.35,0.0204323738210963,0.0362949169249351,0.035140267597741,336.9400000000005,504.64071428571424,0.003984406463927,0.0450845121754354,-0.0052057476489332,0.6428571428571429,2,0,0.037190572554961054
2020-05-26,8841.18,-0.0066702499033191,0.0350697746112261,0.0343964376306819,317.6700000000001,495.2257142857143,0.0039694904263609,0.0404349976781517,-0.0042044578928246,0.5912698412698413,2,0,0.03683825676673566
2020-05-27,9204.07,0.0402254256289289,0.0334193189660189,0.032769951138375,413.2700000000005,481.53,0.0041266623705131,0.0404349976781517,-0.0037998093224455,0.5079365079365079,1,0,0.035526141779611345
2020-05-28,9575.89,0.0396027036055759,0.0342911377895634,0.0315592652214712,515.4699999999993,469.61785714285713,0.0039559848467352,0.0404349976781517,-0.0020681725351016,0.5595238095238095,2,0,0.03164459307373804
2020-05-29,9427.07,-0.0156631432722864,0.0349586538538867,0.0287431714527021,275.2600000000002,439.5921428571428,0.0035170494214141,0.0344723317168984,-0.0027120403721985,0.5833333333333334,2,0,0.03616838431233202
2020-05-30,9697.72,0.0283054684675523,0.0336176709069535,0.029644861600431,408.7700000000005,442.5042857142857,0.0028510374145947,0.0344723317168984,-0.0022820253850956,0.503968253968254,1,0,0.0354958613441721
2020-05-31,9448.27,-0.0260591503705533,0.0332548518631825,0.0292962305601114,318.59000000000015,424.8392857142857,0.0023811730138461,0.0332184376213835,-0.0008564619026016,0.4880952380952381,1,0,0.0309376939179095
2020-06-01,10200.77,0.0766315516736142,0.032751472614744,0.0360387318308324,958.33,458.5935714285714,0.0019057506440253,0.0332184376213835,-0.003543444310191,0.4563492063492063,1,0,0.0304721767688464
2020-06-02,9518.04,-0.0692742623834092,0.0395240662317929,0.0409228764219247,962.9899999999998,497.1492857142857,0.0019465658964681,0.0403904356019377,0.0044542916205667,0.7341269841269841,2,0,0.03437260093907574
2020-06-03,9666.24,0.0154504571595701,0.0433527537590253,0.040470073571412,324.7900000000009,483.4914285714286,0.0028759351635705,0.0421695061323755,0.0099334347930064,0.8095238095238095,2,0,0.04208363785541518
2020-06-04,9789.06,0.012626033176124,0.0412248146277817,0.0380079880520163,431.6299999999992,459.7885714285715,0.0032270714062649,0.0409807178065218,0.0069336768382183,0.7658730158730159,2,0,0.04144829797666902
2020-06-05,9621.16,-0.0173005960605898,0.0391856114383792,0.0384390721808151,273.75,455.2364285714287,0.0033080665565446,0.0380710011770563,0.0042269575844925,0.7222222222222222,2,0,0.03998208966302752
2020-06-06,9666.3,0.0046807700357245,0.0375138782483228,0.0384337420963177,203.95000000000073,452.8150000000001,0.0033244658509044,0.0380710011770563,0.0038962073413692,0.6785714285714286,2,0,0.03867653254899368
2020-06-07,9746.99,0.0083129098333607,0.0356149420014164,0.0350263445945314,429.5400000000009,440.782142857143,0.0032712604926926,0.0348342924767911,0.0023600901382338,0.6031746031746031,2,0,0.03729834680084984
2020-06-08,9782.01,0.0035864650046324,0.0339517498058279,0.0348534776485285,167.0,428.6435714285716,0.0033381733937578,0.0348342924767911,0.0012002771910838,0.5238095238095238,1,0,0.035847668683496745
2020-06-09,9772.43,-0.0009798287004336,0.0323539989265032,0.0347178906008473,307.0,427.8814285714287,0.0034885835702867,0.0347090982086904,-0.0071700673052896,0.4166666666666667,1,0,0.03051336335590192
2020-06-10,9885.0,0.0114533009205395,0.0308825460812602,0.0334375454031652,288.53999999999905,418.9721428571429,0.0036966654868143,0.0347090982086904,-0.0124702076777651,0.3333333333333333,1,0,0.029088030048756118
2020-06-11,9280.4,-0.0631138073051218,0.029766482107614,0.0364201642037101,851.0,442.9385714285715,0.0040300781048309,0.0408390339521121,-0.0114583325201676,0.2698412698412698,1,0,0.0280882652645684
2020-06-12,9465.13,0.0197098700619733,0.0348109947086139,0.0366435302306423,324.6100000000006,446.4635714285715,0.0040319885559413,0.0441851244372638,-0.0043746167297653,0.5793650793650794,2,0,0.03094526642516834
2020-06-13,9473.34,0.0008670183509327,0.0336971939577365,0.0357526732205263,143.72999999999956,427.5321428571429,0.0040291004224425,0.0441851244372638,-0.0038166842905862,0.5158730158730159,1,0,0.0355345803746419
2020-06-14,9342.1,-0.0139504713617757,0.0321035906620532,0.0352604097414995,235.98999999999975,421.63214285714287,0.0040911094822205,0.0430747314347125,-0.0035113513393632,0.3968253968253968,1,0,0.030438220397231916
2020-06-15,9426.02,0.00894288392149,0.0309687440622324,0.0276431826061993,584.5499999999993,394.9335714285714,0.0042086581803839,0.0430747314347125,-0.0029830057435955,0.3412698412698413,1,0,0.02919810163733944
2020-06-16,9525.59,0.0105079110615609,0.0297582972851374,0.0209229436479579,215.90999999999983,341.57071428571425,0.004273084456381,0.0334598229676191,-0.0025957016413658,0.2698412698412698,1,0,0.02827706957108244
2020-06-17,9465.14,-0.0063662854632422,0.028720303182454,0.0204963238241538,328.3899999999994,341.827857142857,0.0037383572940331,0.0300624969112585,-0.0021622428988062,0.2063492063492063,1,0,0.0273160939094724
2020-06-18,9386.32,-0.0083622657668431,0.027663098738166,0.0201481060491212,209.0,325.9257142857142,0.0033506331143883,0.0276547045167498,-0.002103383369448,0.1428571428571428,1,0,0.0264123288428996
2020-06-19,9310.23,-0.0081395145190441,0.0267673987585725,0.019793606318092,222.5099999999984,322.2657142857141,0.0031210289517467,0.0269432649716847,-0.0080435959500414,0.0833333333333333,0,0,0.0256295404551435
2020-06-20,9358.95,0.0052193091072219,0.0259586639137356,0.0198088311592245,224.04999999999927,323.70142857142827,0.0030068060366487,0.0269432649716847,-0.0077385300440009,0.0396825396825396,0,0,0.02274219634824136
2020-06-21,9294.69,-0.0068898353566115,0.0251591756313131,0.019597383791364,140.45999999999913,303.05285714285674,0.003051776720451,0.0250801771332538,-0.00694441503074,0.0198412698412698,0,0,0.022144998978787862
2020-06-22,9685.69,0.041206269160142,0.0244860334171378,0.0229248113729632,502.90999999999985,327.0464285714282,0.0031976641106777,0.0250801771332538,-0.0064827106450945,0.0119047619047619,0,0,0.021723327650282682
2020-06-23,9624.89,-0.0062970869761507,0.0271166093992558,0.0229736768339429,142.96999999999937,315.32999999999953,0.0031448844849969,0.0251901347905164,-0.0026416878858816,0.1269841269841269,1,0,0.023248976439553478
2020-06-24,9296.49,-0.03471554197335,0.026220487241317,0.0243099662042783,462.0,327.71999999999963,0.0031918321628791,0.0265682354745618,-0.002499815941137,0.0634920634920634,0,0,0.0251561131447902
2020-06-25,9249.49,-0.0050684946945604,0.0276114098016288,0.0175265313057381,330.3099999999995,290.5278571428567,0.0031935912120213,0.014531457496475,-5.168893653719961e-05,0.1587301587301587,1,0,0.023696662680977282
2020-06-26,9162.21,-0.0094809989076676,0.0266383408706952,0.0166870838396019,252.54999999999927,285.38071428571374,0.0026866857988964,0.0140601698901624,-0.0001290578878773,0.0992063492063492,0,0,0.02535778252241712
2020-06-27,9012.0,-0.0165303933915357,0.0258888937948378,0.0170745105053478,363.2399999999998,301.0599999999995,0.0021917882003293,0.0143263718426579,-6.977011889780158e-05,0.0476190476190476,0,0,0.02272625027690268
2020-06-28,9116.35,0.0115124821088787,0.0255812432253594,0.0172386406227144,242.9400000000005,301.5564285714281,0.0017965346864228,0.014367531491856,0.0004220675940462,0.0357142857142857,0,0,0.022382360735215642
2020-06-29,9192.56,0.0083249565532153,0.0250324921645453,0.0172099313881887,213.32999999999993,275.0407142857139,0.0014680676960206,0.014367531491856,0.0005464587474075,0.0238095238095238,0,0,0.02202556089872718
2020-06-30,9138.55,-0.0058927316772567,0.0244178528714748,0.016863017782307,140.11000000000058,269.6264285714282,0.0012686183864991,0.0137570270667227,-0.0026987565277809,0.0119047619047619,0,0,0.02166451412288488
2020-07-01,9232.0,0.0101739802109079,0.0237996906434153,0.0171826160358616,211.89999999999964,261.3057142857139,0.0012066152350613,0.0143450663084558,-0.0024207965979016,0.0039682539682539,0,0,0.02126289638604918
2020-07-02,9086.54,-0.0158815121012185,0.0233975407189834,0.0175183780342345,321.9599999999991,269.3742857142853,0.0012595334916582,0.015034491028638,-0.0042138690826454,0.0039682539682539,0,0,0.02101422723139004
2020-07-03,9058.26,-0.0031171490343044,0.0233629765146498,0.0174412605003365,87.53000000000065,259.7328571428569,0.001338180538507,0.0148241102633817,-0.0032753643560454,0.0039682539682539,0,0,0.02099062790878988
2020-07-04,9135.46,0.0084864957064336,0.0228084333499164,0.0175661194699371,149.95999999999913,254.440714285714,0.0014821194694205,0.0148241102633817,-0.0030804604449213,0.0039682539682539,0,0,0.02066056000994984
2020-07-05,9069.41,-0.0072563319395388,0.0224553152419546,0.0175746773302223,252.20999999999913,262.4228571428569,0.001642518574688,0.0148435273132158,-0.0031259279834048,0.0039682539682539,0,0,0.02045144314517276
2020-07-06,9344.2,0.0298486175692804,0.0221008819477526,0.0155890980977212,319.0799999999999,249.2921428571426,0.0018060510067622,0.0148435273132158,-0.0029316102167926,0.0039682539682539,0,0,0.020240720368651557
2020-07-07,9257.39,-0.0093336784889892,0.0236308707163408,0.0156659717004452,176.42000000000007,251.68142857142837,0.0016905532010568,0.015020123455752,-0.0007869821551339,0.0238095238095238,0,0,0.02115293802980448
2020-07-08,9436.06,0.0191163686743429,0.0232134827433394,0.0137089386568628,239.0,235.75285714285695,0.0016450341778236,0.0101566980555374,-0.0005862079000758,0.0158730158730158,0,0,0.02096114404600364
2020-07-09,9232.43,-0.0218162343476358,0.0234454372268471,0.014958998511747,280.7900000000009,232.2157142857142,0.0013459307516144,0.0126269877928835,4.789650786370114e-05,0.0277777777777777,0,0,0.021027128336108262
2020-07-10,9288.34,0.0060375642952958,0.0238768175470006,0.0147869095598503,192.47999999999956,227.92499999999993,0.0011083642489091,0.013014482183244,0.0005138410323508,0.0396825396825396,0,0,0.021332930928200357
2020-07-11,9234.03,-0.0058642771569914,0.0233225406221649,0.0140730555742837,121.03000000000064,210.6242857142857,0.0009321284787808,0.0116298450203463,0.0005141072722484,0.0198412698412698,0,0,0.02101949797329894
2020-07-12,9302.75,0.0074144824312121,0.0228265230958597,0.0138956214898938,187.5,206.66428571428565,0.0007567170094934,0.0116298450203463,0.0003712078539051,0.0158730158730158,0,0,0.02059840425751582
2020-07-13,9242.62,-0.0064846601291304,0.0224333629058489,0.0138953501675834,142.9300000000003,201.63571428571427,0.000636373501779,0.0111176879530506,0.0003324809580962,0.0079365079365079,0,0,0.02035700694350934
2020-07-14,9255.85,0.001430388811153,0.0220575671379023,0.0137780744237466,166.54000000000087,203.52357142857144,0.0006068236121058,0.0116747566309973,-0.0015733035784385,0.0039682539682539,0,0,0.02008150908274138
2020-07-15,9197.6,-0.0063132035982587,0.0216343721588452,0.013629237705526,115.92000000000009,196.66785714285717,0.0006739005279031,0.011146502458306,-0.0015791105844942,0.0039682539682539,0,0,0.01984128929530712
2020-07-16,9133.72,-0.0069695208611886,0.021349158856718,0.0130391748466958,178.89999999999964,186.44928571428576,0.0007721990568793,0.0099392399787255,-0.0020962783701291,0.0039682539682539,0,0,0.019601616114030797
2020-07-17,9154.32,0.0022528394199241,0.0211193350847785,0.0130076516774783,97.02000000000044,187.1271428571429,0.0008629660697319,0.010559973706241,-0.002757482462222,0.0039682539682539,0,0,0.0193632638508671
2020-07-18,9170.28,0.0017419211372242,0.0208139809783562,0.0128228024147641,98.19999999999892,183.43000000000004,0.0009808807535639,0.010559973706241,-0.0025085596438086,0.0039682539682539,0,0,0.019229845387013722
2020-07-19,9208.99,0.0042123606910529,0.0205405742560191,0.0126703078105004,130.92000000000007,174.76642857142866,0.0011054441804386,0.0110146641613104,-0.0022859488398405,0.0039682539682539,0,0,0.01901855855361146
2020-07-20,9160.78,-0.0052488529452379,0.0203366460382832,0.0096563134547218,90.52000000000044,158.44071428571442,0.0012253865287667,0.0103887811519341,-0.0020967168675657,0.0039682539682539,0,0,0.01879900442296992
2020-07-21,9390.0,0.024713965321002,0.0201824090273842,0.0116006032917268,284.9300000000003,166.19142857142873,0.0012586959648635,0.0105543818911361,-0.0018751581105181,0.0039682539682539,0,0,0.01845372061643052
2020-07-22,9518.16,0.0135562595917129,0.0214503641546863,0.011013585454591,283.0,169.33428571428587,0.0012086254829828,0.0105543818911361,-0.0001840080041588,0.0277777777777777,0,0,0.01948849609281178
2020-07-23,9603.27,0.0089021126623816,0.0215238302842493,0.0090925577052619,223.67000000000007,165.2542857142858,0.0011144864603019,0.0062035760898482,0.0001746714275312,0.0317460317460317,0,0,0.01958688177054958
2020-07-24,9537.8,-0.0068408145746339,0.0213443457664391,0.0093878826787964,173.5599999999995,163.90285714285724,0.0009180496213345,0.0063142500947883,0.0002250106816606,0.0238095238095238,0,0,0.019359445059863457
2020-07-25,9700.42,0.0169063326414047,0.0211109151417851,0.0098991305984209,219.89999999999964,170.965,0.0007553103383033,0.0064004496558163,0.0002969341634288,0.0198412698412698,0,0,0.01921170988507106
2020-07-26,9931.54,0.0235463680907113,0.0214693454009532,0.0112360031439014,461.0,190.5007142857143,0.0006254064499557,0.0064004496558163,0.000928771144934,0.0396825396825396,0,0,0.01954912444057192
2020-07-27,11029.96,0.104899655153833,0.0223824538785829,0.0286573879287827,1477.6500000000017,285.8378571428572,0.0006180414361693,0.006379223346005,0.0020458078402997,0.0595238095238095,0,0,0.02034458712714974
2020-07-28,10906.27,-0.0112773535736732,0.0397313093299602,0.0292347753572817,677.2299999999996,322.3157142857143,0.0049925108141566,0.0076152040763003,0.0195489003025759,0.7857142857142857,2,0,0.03093013959797612
2020-07-29,11100.53,0.0176550017142407,0.0377816602546854,0.0287959986295726,530.8199999999997,351.95142857142855,0.0064343329247989,0.0079072771221425,0.016331296099999,0.7420634920634921,2,0,0.038139254952811244
2020-07-30,11099.61,-8.288236024789342e-05,0.0362605714127817,0.0284777432388012,339.0,363.38714285714286,0.0072110034402603,0.00709811197426,0.0147367411285324,0.6785714285714286,2,0,0.03750358444766902
2020-07-31,11335.46,0.0210258928374678,0.0344392714694664,0.0283274930717274,484.0,391.0285714285714,0.007569520584879,0.00709811197426,0.0130949257030272,0.5992063492063492,2,0,0.036112411681679835
2020-08-01,11801.17,0.0402628136953353,0.0334444330724018,0.0287801166684092,641.0,429.80000000000007,0.0076979397226382,0.00709811197426,0.0123335179306167,0.5436507936507936,1,0,0.03517035024344108
2020-08-02,11071.35,-0.0638379885940914,0.0343167384300579,0.036105255496195,1604.9599999999991,535.0885714285714,0.0077480716350387,0.0292466119820258,0.0128473930291047,0.5952380952380952,2,0,0.03152952625803474
2020-08-03,11219.81,0.0133202754002095,0.0383904382725309,0.0357161150171638,537.0,566.9799999999999,0.0079538747736159,0.0325932167210262,0.016007984393948,0.753968253968254,2,0,0.03837180616351854
2020-08-04,11191.97,-0.0024844090312949,0.0366283798910256,0.0358561916365566,414.9799999999995,576.2692857142856,0.0077888448112053,0.0291734241841095,-0.0031029294389345,0.6984126984126984,2,0,0.03832957873461536
2020-08-05,11744.91,0.0482233983727411,0.0347839796691312,0.0371070551212566,687.9300000000003,605.1928571428571,0.0074690569875457,0.0291734241841095,-0.0029976805855541,0.6111111111111112,2,0,0.03680788780147872
2020-08-06,11762.46,0.0014931490218277,0.0364306044897761,0.0372534944798503,337.5,613.3235714285713,0.0070704446045822,0.0291734241841095,0.0001700330769943,0.6865079365079365,2,0,0.03734004189386566
2020-08-07,11594.23,-0.0144055437001586,0.0345977258993513,0.0376394879680688,587.9400000000005,642.9221428571428,0.0063824883192116,0.0297192406981826,0.0001584544298849,0.5992063492063492,2,0,0.03661873873961077
2020-08-08,11761.41,0.0143162726745416,0.0332356012096767,0.0376301825782895,296.27000000000044,648.3771428571429,0.0053935630210516,0.0297192406981826,-0.000208831862725,0.5277777777777778,1,0,0.03537341272580602
2020-08-09,11681.68,-0.0068020305693092,0.0320036021145127,0.0378963144383753,275.14000000000124,635.1014285714288,0.0041174129516274,0.0272715784845945,-0.0023131363155452,0.4722222222222222,1,0,0.030264680468707617
2020-08-10,11892.92,0.0179214624033896,0.0306382033808199,0.0269804728924883,617.3500000000004,573.6514285714286,0.0025102498232179,0.0272715784845945,-0.007752234891711,0.4126984126984127,1,0,0.02907509962849194
2020-08-11,11392.08,-0.0430248879596852,0.0298658902241376,0.0296867050581296,810.0,583.1350000000001,0.002522515582302,0.0321102170618798,-0.006762489666888,0.376984126984127,1,0,0.028337125334482557
2020-08-12,11564.33,0.0150069834685222,0.0316882689179011,0.0295952199324148,467.5200000000005,578.6135714285716,0.00243445346562,0.0321102170618798,-0.0030957107512301,0.4603174603174603,1,0,0.02935381135074066
2020-08-13,11780.0,0.0184778176380451,0.0306454418571108,0.0298646737683688,522.5999999999985,591.7278571428571,0.0025040984248828,0.0351749608928868,-0.0057851626326652,0.4126984126984127,1,0,0.029051261914266484
2020-08-14,11760.54,-0.0016533184398284,0.0299061387306623,0.0294975111615112,215.96999999999937,572.5828571428572,0.0026811007030826,0.0321172924111608,-0.0046915871686889,0.376984126984127,1,0,0.02846232803839738
2020-08-15,11852.4,0.0077805189363324,0.028666313409975,0.0275209685149182,300.0,548.2257142857143,0.0029550951261577,0.0321172924111608,-0.0045692877997017,0.3055555555555556,1,0,0.027551814045985
2020-08-16,11911.0,0.0049319641788194,0.0276506275154759,0.0204091236406175,245.71999999999937,451.13714285714286,0.0032467562432861,0.0205612939437415,-0.0043529745990367,0.2579365079365079,1,0,0.02668523810928554
2020-08-17,12281.13,0.0306015951306672,0.0266710363958317,0.0214335215550353,698.2199999999993,462.6528571428571,0.0031222213650403,0.0205612939437415,-0.0039671669849882,0.2023809523809523,0,0,0.02582238423749902
2020-08-18,11945.01,-0.0277503200816457,0.027499735337763,0.0232324145588037,569.8400000000001,473.7142857142857,0.0029563780980675,0.0239905899035589,-0.0023661548863746,0.242063492063492,1,0,0.0237546788026578
2020-08-19,11754.59,-0.016069815339021,0.0279026216701228,0.0201002375491013,459.0799999999999,457.36785714285713,0.0028527110679266,0.0228618349534544,-0.0037856472477783,0.2698412698412698,1,0,0.026483521402073683
2020-08-20,11853.55,0.0083835981669011,0.0273281559315056,0.0202220502416369,220.0,448.975,0.0024065027666851,0.0228618349534544,-0.0033172859256052,0.2261904761904762,1,0,0.02626376155890336
2020-08-21,11531.34,-0.0275588546872747,0.0264680572759266,0.0212498245568556,392.1900000000005,434.99285714285713,0.002147018463506,0.0247923098527584,-0.0034380814547356,0.1825396825396825,0,0,0.02559918556555596
2020-08-22,11662.96,0.011349461965322,0.0270040922472672,0.0211062080946919,309.1900000000005,435.9157142857143,0.0018995447058571,0.0247923098527584,-0.0016622211627078,0.2103174603174603,1,0,0.02344059734836032
2020-08-23,11648.13,-0.0012723559473784,0.0262893843714016,0.0210328381525733,203.9400000000005,430.8299999999999,0.0017806205119902,0.0246417769813857,-0.0013612431440742,0.1666666666666666,0,0,0.025409661822840962
2020-08-24,11748.2,0.0085543852594565,0.0254049244125822,0.0205554153728146,239.8099999999995,403.862857142857,0.0018332212395497,0.0246417769813857,-0.0012661119832494,0.1269841269841269,0,0,0.02243990984754932
2020-08-25,11318.42,-0.0372685503041179,0.0247569440109495,0.0196866440055845,650.210000000001,392.4492857142856,0.0019529787858456,0.0230257352203616,-0.0027427913268134,0.119047619047619,0,0,0.0219581624065697
2020-08-26,11461.43,0.0125559982902245,0.026758888643854,0.019548902191308,295.3199999999997,380.1492857142856,0.0015904758870133,0.0230257352203616,-0.0011437330262688,0.1944444444444444,0,0,0.0231348195863124
2020-08-27,11330.38,-0.0114998715981542,0.0261262186208153,0.0189258166717911,467.2000000000007,376.19214285714287,0.0013037718105232,0.0217562928216946,-0.0012019373106903,0.1587301587301587,0,0,0.022924542772489183
2020-08-28,11526.91,0.0171966880789469,0.0255153139737517,0.0196680754443719,265.7600000000002,379.7485714285715,0.0010652163865225,0.0234897867151512,-0.0009527433021749,0.1349206349206349,0,0,0.022480889184251018
2020-08-29,11465.84,-0.0053121217435307,0.0252980466556986,0.0195068812374243,162.97999999999956,369.96142857142866,0.0009670027435253,0.0218398034951843,-0.0017060455915685,0.1309523809523809,0,0,0.02230748839341916
2020-08-30,11711.16,0.0211700532462248,0.0245707224690641,0.0204350195060922,261.0,371.0528571428573,0.0010278214824769,0.0218398034951843,-0.0017186619023374,0.119047619047619,0,0,0.021861044681438457
2020-08-31,11649.51,-0.0052781142940627,0.0247826914695314,0.0182743838892722,230.77000000000044,337.66357142857163,0.0010912179657736,0.0205143169745517,-0.0006222329430508,0.1269841269841269,0,0,0.02196142768171884
2020-09-01,11921.97,0.0231187973969309,0.0241102654556664,0.0181968989726247,535.8500000000004,335.2357142857145,0.0011370367493734,0.0192599411912218,-0.0006466785552831,0.1111111111111111,0,0,0.02161562727339984
2020-09-02,11388.54,-0.045775329811585,0.0245633624194351,0.021609420192384,794.4699999999993,359.19214285714304,0.0010247473337934,0.0251673234775186,-0.0021955262244189,0.123015873015873,0,0,0.021850614251661057
2020-09-03,10140.85,-0.1160357655468899,0.0278973683405533,0.036999532669185,1501.800000000001,450.749285714286,0.0011049783394183,0.0472996539141768,0.0017711497197379,0.3015873015873015,1,0,0.02387401940433198
2020-09-04,10446.25,0.0296712412537303,0.0454374961657437,0.0381891664450152,751.5499999999993,476.4178571428573,0.0054053838977472,0.0494809741380215,0.019922182191992,0.873015873015873,2,1,0.037440120499446214
2020-09-05,10166.69,-0.0271263723089187,0.0438637793188789,0.038146932839449,740.6800000000003,507.2385714285715,0.0070311268666006,0.0472683928304302,0.0185657326631803,0.8452380952380952,2,0,0.04859435159132734
2020-09-06,10256.2,0.0087657107436189,0.0422817487044078,0.0384131018889068,352.27999999999884,517.8342857142858,0.0079311461358982,0.0505297490826912,0.0177110262353436,0.8134920634920635,2,1,0.04262610642264468
2020-09-07,10373.44,0.0113662925973549,0.0400475032298908,0.0385196605805257,535.75,538.9728571428572,0.0083219813148286,0.0505297490826912,0.0152648117603594,0.7817460317460317,2,1,0.04617848033793448
2020-09-08,10126.65,-0.0240781306870196,0.0380726698366977,0.0379289097134221,588.0,534.5292857142857,0.008384510205285,0.0493726360477553,0.0139624043810313,0.7341269841269841,2,0,0.044929940702018625
2020-09-09,10219.2,0.0090977411466433,0.0368879734928034,0.0377961364129648,361.9899999999998,539.2914285714286,0.0083920567044032,0.0493726360477553,0.0123246110733683,0.6865079365079365,2,0,0.038818084095682034
2020-09-10,10336.87,0.0114488114994344,0.0351300155451426,0.0381378344932527,412.5200000000005,535.3857142857142,0.0082423829057017,0.0531214854293984,0.0072326472045892,0.6309523809523809,2,0,0.03735554132708556
2020-09-11,10387.89,0.0049235892784977,0.0336029607307079,0.0376882788330484,197.60000000000036,530.5171428571429,0.0079756433197683,0.0531214854293984,-0.0118345354350358,0.5515873015873016,1,0,0.03617341243842474
2020-09-12,10440.92,0.0050919965741691,0.0320544185944733,0.0378355763865648,208.71999999999937,533.7842857142857,0.0076503724708763,0.0581431589233619,-0.0118093607244056,0.4761904761904761,1,0,0.03065474155668398
2020-09-13,10332.83,-0.0104064962240268,0.0306511375308456,0.0369785835960183,380.1100000000006,542.2921428571428,0.0072476632402946,0.0532469557996782,-0.0116306111735621,0.4166666666666667,1,0,0.029462988918507356
2020-09-14,10671.77,0.032275732263626,0.0295196976569067,0.0385918445397517,537.6599999999999,564.2128571428572,0.0068729907858199,0.0582813371862659,-0.010527805572984,0.3452380952380952,1,0,0.02847354299414402
2020-09-15,10785.31,0.0105830858365472,0.0300921585013403,0.0379985906106692,323.5600000000013,549.0492857142857,0.00633708947578,0.0582813371862659,-0.0079805113353574,0.3888888888888889,1,0,0.02860004070080418
2020-09-16,10954.01,0.015520576216204,0.0290231015250675,0.0367163064831275,431.78000000000065,523.1428571428572,0.0058663133409268,0.0610085864893966,-0.0078648719677359,0.3293650793650793,1,0,0.028123115315040498
2020-09-17,10939.99,-0.001280716353003,0.0282914177944166,0.0170058684033533,299.6299999999992,437.2735714285714,0.0058287550929087,0.0188781080226594,-0.0068385977507259,0.2976190476190476,1,0,0.02749538507664996
2020-09-18,10933.39,-0.0006034732812487,0.0272059489936092,0.0155468741618937,225.1900000000005,399.67642857142863,0.0054252895595109,0.0168872498060636,-0.0063970117370986,0.238095238095238,1,0,0.02626139659616552
2020-09-19,11080.65,0.0133789342229988,0.0262259610743383,0.013021861475248,292.4200000000001,367.6578571428572,0.0050029621868103,0.013134458072375,-0.005828457520135,0.1904761904761904,0,0,0.02545525104460298
2020-09-20,10920.28,-0.0145787328447113,0.0256948379192508,0.0141101528347119,357.64999999999964,368.0414285714287,0.0045238232563988,0.013435738958296,-0.0049562996115948,0.1626984126984127,0,0,0.02264546035155048
2020-09-21,10417.22,-0.0471614049101916,0.0252915143279701,0.0195392104950124,692.5100000000002,379.2385714285715,0.0041057086198214,0.0228283212986282,-0.0042281833289366,0.1468253968253968,0,0,0.02231824379678206
2020-09-22,10529.61,0.0107310823194755,0.0286809544967588,0.0183786205551564,219.70999999999913,352.93214285714294,0.0035060410199052,0.0225700560145482,-0.0014112040045815,0.3333333333333333,1,0,0.024366880698055277
2020-09-23,10241.46,-0.0277471008498917,0.0277621397732178,0.0199742351555383,400.3299999999999,355.6707142857144,0.0028991651489197,0.0235121909799763,-0.0012609617518496,0.2936507936507936,1,0,0.02674285906393068
2020-09-24,10736.32,0.0471881984713764,0.0281267202611694,0.0235010907542444,604.3099999999995,369.37,0.0023562857896387,0.0235121909799763,-0.0001646975332472,0.3134920634920635,1,0,0.026883870956701642
2020-09-25,10686.67,-0.0046352156160356,0.0308897185654625,0.0235705298888543,204.29000000000087,369.8478571428572,0.0020109513584673,0.0218384456925998,0.0036837695718533,0.4642857142857143,1,0,0.0285989979392775
2020-09-26,10728.6,0.003915902398667,0.0295885123461798,0.0235608537140556,176.26000000000022,367.52928571428583,0.001773029237521,0.0218384456925998,0.0033625512718415,0.3888888888888889,1,0,0.02835909100770788
2020-09-27,10774.25,0.0042459551717115,0.0284012196206028,0.0232940785960263,204.1800000000003,354.9628571428572,0.0016468912433292,0.023202474035541,0.002706381701352,0.3293650793650793,1,0,0.02737776697236168
2020-09-28,10696.12,-0.0072779691147335,0.0273349030980639,0.021820697861094,324.0,339.70142857142866,0.0016153874451025,0.0216567298766614,0.0020433887700938,0.2619047619047619,1,0,0.02653826585883834
2020-09-29,10840.48,0.0134062165899013,0.026441439125647,0.021937136732069,231.67000000000007,333.1378571428572,0.0015526866878713,0.0216567298766614,-0.0022395153711117,0.2063492063492063,0,0,0.025748820275388204
2020-09-30,10776.59,-0.005911086565506,0.0258870270686457,0.0215423720889118,184.21000000000095,315.45428571428573,0.0015858415325969,0.0203655302749512,-0.0018751127045721,0.1746031746031746,0,0,0.02289366824118742
2020-10-01,10619.13,-0.0147190973543107,0.0251103976548753,0.0218451243416439,483.0,328.55214285714294,0.0016967928744879,0.0210150249214356,-0.0030163226062941,0.1428571428571428,0,0,0.02235098579292518
2020-10-02,10570.4,-0.0045994494362666,0.0247855673911672,0.0218498021268212,290.6399999999994,333.2271428571429,0.0018287457683115,0.0210767672292979,-0.0061041511742952,0.1388888888888889,0,0,0.022070644434700318
2020-10-03,10542.06,-0.0026846721814166,0.0240989518856868,0.0213733823654336,107.10000000000036,319.99000000000007,0.0019931551380458,0.0198915068403738,-0.005489560460493,0.1111111111111111,0,0,0.02163426073141208
2020-10-04,10666.63,0.0117472066892556,0.0234576866943385,0.021487072753702,179.0,307.22928571428577,0.002186703414491,0.0204588273981803,-0.0049435329262643,0.0992063492063492,0,0,0.021209030016603098
2020-10-05,10792.21,0.0117044009488385,0.0231705065265739,0.0172424802645354,182.36000000000055,270.7900000000001,0.0023686589904126,0.0126734302209963,-0.00416439657149,0.0793650793650793,0,0,0.021038438715944338
2020-10-06,10599.66,-0.0180026524426537,0.0229163911423992,0.017888696387982,275.0,274.73928571428587,0.0024946420370589,0.0134555115563113,-0.0035250479832477,0.0793650793650793,0,0,0.02084055068543952
2020-10-07,10666.39,0.00627575116334,0.0231014964291079,0.0159678627966257,135.70000000000073,255.83714285714308,0.0025912691631002,0.0098452651735467,-0.0027855306395377,0.0833333333333333,0,0,0.02096286145746474
2020-10-08,10925.57,0.0240082372384513,0.0226417892719225,0.0116373248984165,419.59000000000015,242.6428571428574,0.0026509258174307,0.0098452651735467,-0.0024686083829527,0.0714285714285714,0,0,0.0206766599631535
2020-10-09,11050.64,0.0113824313048986,0.0234096419742041,0.0118006525392334,275.6399999999994,247.73928571428587,0.0022112043417324,0.0104643800625027,-0.001375925416963,0.1111111111111111,0,0,0.02111237918452246
2020-10-10,11293.22,0.0217142008076791,0.0231101240799773,0.0128862186281688,440.4899999999998,266.61285714285725,0.0018271808049015,0.0104643800625027,-0.0009888278057095,0.0912698412698412,0,0,0.02102992524798638
2020-10-11,11369.02,0.0066895666688306,0.023582259291563,0.0129112394101814,224.0,268.0285714285715,0.0014666187841801,0.0104643800625027,0.0001245725972245,0.1269841269841269,0,0,0.021272293974937802
2020-10-12,11528.25,0.0139084324759206,0.0230791537925226,0.0127487109842028,548.0100000000002,284.02928571428583,0.001184791812451,0.010991366303786,-9.135273405129832e-05,0.0873015873015873,0,0,0.021031263075513562
2020-10-13,11420.56,-0.0093853049878305,0.0229593421275629,0.0130916045520441,257.0,285.8385714285715,0.0009569216799542,0.0107403803147639,4.295098516369708e-05,0.0873015873015873,0,0,0.02086990927653774
2020-10-14,11417.89,-0.0002338162188912,0.022623732151901,0.0128560225853431,267.97999999999956,291.82214285714286,0.0007488673258865,0.0104662022838111,-0.0004777642772069,0.0714285714285714,0,0,0.0206585180911406
2020-10-15,11505.12,0.0076107300963599,0.0221310322407013,0.0116680478548992,366.5100000000002,283.5014285714286,0.0006523021581115,0.0093871882323541,-0.0005107570312211,0.0595238095238095,0,0,0.02031968454442078
2020-10-16,11319.32,-0.0162811533813087,0.0218274514152925,0.0128235592416252,341.14999999999964,287.10928571428576,0.0005810749406562,0.0117005772067635,-0.0015821905589116,0.0515873015873015,0,0,0.0201145644491755
2020-10-17,11360.2,0.003605018472486,0.0220349805371456,0.0126467493197932,147.42000000000007,289.98928571428576,0.0005435645975397,0.0130125907310525,-0.0010751435428316,0.0555555555555555,0,0,0.020232740322287363
2020-10-18,11503.14,0.0125040228060484,0.0216396707584123,0.0126778284186656,158.78000000000063,288.5450000000001,0.0006037289886545,0.0130125907310525,-0.0019425885331506,0.0515873015873015,0,0,0.020009489655047383
2020-10-19,11751.47,0.0213582975701172,0.0216243324114087,0.0132950489438225,416.03000000000065,305.2357142857144,0.0006561964552233,0.0130125907310525,-0.0014548213811139,0.0476190476190476,0,0,0.01999098264684522
2020-10-20,11909.99,0.013399204588298,0.0222925912399362,0.011438361072094,360.78999999999905,311.36357142857145,0.0006557085328176,0.0108507230967113,-0.0006667508876266,0.0793650793650793,0,0,0.02036315474396172
2020-10-21,12780.96,0.0705790197628193,0.0222440641601275,0.0201472093029314,1330.7299999999996,396.7228571428571,0.0006427186817004,0.0108507230967113,-0.0003796679917735,0.0793650793650793,0,0,0.020371058896076502
2020-10-22,12968.52,0.0145683188348346,0.0311794783693513,0.0199040098124868,506.9200000000001,402.96071428571423,0.0024056449425293,0.0108507230967113,0.0090484461286499,0.5,1,0,0.02561780102161078
2020-10-23,12923.07,-0.0035107961066547,0.0301680706348746,0.0203466857208481,307.6100000000006,405.2442857142857,0.0030572185811607,0.0095595536567746,0.0083406192195821,0.4484126984126984,1,0,0.02863731478092476
2020-10-24,13111.73,0.0144931631779385,0.0289198742806282,0.0201496862287239,296.72999999999956,394.9757142857143,0.00336355856124,0.0095595536567746,0.0068848937434825,0.3888888888888889,1,0,0.02776054496837692
2020-10-25,13028.83,-0.0063426550859695,0.0281449877324713,0.020642456574278,462.0,411.9757142857143,0.0035343995604148,0.0090085463644984,0.0065053169740589,0.365079365079365,1,0,0.02708094103948278
2020-10-26,13052.19,0.0017913414618497,0.0271449653195319,0.0207078758742204,473.8099999999995,406.6757142857142,0.0035887633964163,0.0090085463644984,0.0055206329081232,0.3134920634920635,1,0,0.02637015839171914
2020-10-27,13636.17,0.0437698854159531,0.0261765332282326,0.021939992854969,769.4200000000001,443.2771428571428,0.0035759732010578,0.0089118683267313,0.0038839419882964,0.2698412698412698,0,0,0.025607078336939558
2020-10-28,13266.4,-0.0274912982793136,0.0288325457112322,0.0242595017238765,971.4799999999996,493.5271428571428,0.0036602455113501,0.0163814101907464,0.0065884815511047,0.3888888888888889,1,0,0.02460331822673932
2020-10-29,13455.7,0.0141682851772664,0.0290212177119679,0.0242581965283773,722.1399999999994,518.9292857142856,0.0036629345368302,0.0163814101907464,-0.0021582606573834,0.3968253968253968,1,0,0.02757048702718074
2020-10-30,13560.1,0.0077288490213085,0.0282188351161157,0.0229820811129261,554.9799999999996,534.202857142857,0.0035249396267423,0.0164146930514937,-0.0019492355187588,0.369047619047619,1,0,0.02713898826966942
2020-10-31,13791.0,0.0168845483758737,0.0272471109378556,0.0228424929589318,688.5,572.8514285714284,0.0033132501049277,0.0164146930514937,-0.0016727633427725,0.3253968253968254,1,0,0.02645244456271336
2020-11-01,13761.5,-0.0021413673004317,0.0267985184927148,0.0232407555343079,292.0,582.3671428571427,0.0029859660562502,0.0142558049390382,-0.0013464692397564,0.3095238095238095,0,0,0.02602047909562888
2020-11-02,13549.37,-0.0155347864119033,0.025867803317466,0.0242652147262017,634.9500000000007,598.0042857142855,0.0025869168732942,0.0145206162865291,-0.0012771620020659,0.2539682539682539,0,0,0.0228972019904796
2020-11-03,14023.53,0.0343965813014222,0.0255003407400644,0.0251143088208148,781.1200000000008,628.0278571428571,0.0022257501080362,0.0145206162865291,-0.0006761924881682,0.242063492063492,0,0,0.02252603244403864
2020-11-04,14144.01,0.0085545798273258,0.0269794928895573,0.0185304958849487,734.0,585.4042857142857,0.0016439102616564,0.0145206162865291,-0.0018530528216748,0.3214285714285714,1,0,0.02338519333373438
2020-11-05,15590.02,0.0973397530338857,0.0261615807552712,0.0304316719951645,1656.4400000000005,667.5128571428571,0.0013954165515625,0.0145206162865291,-0.0028596369566966,0.2777777777777778,0,0,0.02552484085316272
2020-11-06,15579.92,-0.0006480603012697,0.0398128544854843,0.0303205224524082,794.0,702.255,0.0035399501003819,0.01443839173561,0.0115940193693685,0.7738095238095238,2,0,0.03118252709129058
2020-11-07,14818.3,-0.0501200022045189,0.0376885596185436,0.0347307315568215,1409.300000000001,781.7242857142858,0.0043579743287499,0.0243390988621725,0.010441448680688,0.7182539682539683,2,0,0.03842127577112616
2020-11-08,15475.1,0.0433693771486112,0.039093893262004,0.0356004818355838,946.1200000000008,816.3042857142858,0.0051384620266247,0.026510832227586,0.0122953747692892,0.746031746031746,2,0,0.039404463157202405
2020-11-09,15328.41,-0.0095243112803107,0.0394830557949402,0.0359835804016655,1034.4599999999991,856.3507142857144,0.0057094333165525,0.0245113362629087,0.0136152524774742,0.7579365079365079,2,0,0.03985429587696412
2020-11-10,15297.21,-0.0020375104761161,0.0375068329725045,0.0348877882006884,387.5400000000009,829.0735714285717,0.0058519771033594,0.0227061510901486,0.01200649223244,0.6944444444444444,2,0,0.038726604983502694
2020-11-11,15684.24,0.024985927702934,0.0355836126473279,0.0335503765935193,692.3199999999997,809.1335714285716,0.0059107892837822,0.0218067787634121,0.0086041197577706,0.623015873015873,2,0,0.03720542478839674
2020-11-12,16291.86,0.0380092100428512,0.0347303391606034,0.0342685192272544,900.0600000000013,821.8421428571431,0.0059025184640581,0.0218067787634121,0.0085687584053321,0.5952380952380952,2,0,0.03628398349636204
2020-11-13,16320.7,0.001768644198302,0.0351575084886071,0.0343847194294379,527.6499999999996,819.8900000000003,0.0058342537004651,0.0218067787634121,-0.0046553459968771,0.6190476190476191,2,0,0.036388447493164264
2020-11-14,16070.45,-0.0154520589265132,0.033437481794031,0.035197260211858,656.9899999999998,817.6392857142861,0.0056209778362646,0.0210169310158903,-0.0042510778245126,0.5436507936507936,1,0,0.0354028210764186
2020-11-15,15957.0,-0.007084577418178,0.0322378070385177,0.0353628373703329,405.28000000000065,825.7307142857146,0.0053302421123103,0.0211713604008732,-0.0068560862234862,0.5158730158730159,1,0,0.030316523823110623
2020-11-16,16713.57,0.0463233598845072,0.0308567225665307,0.0357125726314957,1016.0,852.9485714285718,0.0049313444596261,0.0219706467804287,-0.0086263332284095,0.4801587301587302,1,0,0.02926592913991842
2020-11-17,17659.38,0.0550461226589611,0.032950414210593,0.0369796206334468,1320.8199999999997,891.4985714285716,0.0043226830471514,0.0219706467804287,-0.0045564187619114,0.5317460317460317,1,0,0.0303779069263558
2020-11-18,17776.12,0.0065888965777975,0.0359140130387008,0.0370156857292584,1262.4799999999996,929.2471428571432,0.0037656016320795,0.0219706467804287,0.0003304003913729,0.6507936507936508,2,0,0.03237244302322048
2020-11-19,17802.82,0.0015008881665483,0.0341863529927034,0.0288398515222575,844.1499999999978,871.2264285714285,0.0027952809781122,0.0219706467804287,-0.0005439861678999,0.5833333333333334,2,0,0.035898331795622046
2020-11-20,18655.67,0.0467932496162859,0.0325512434890792,0.0303080082405603,1075.1800000000003,891.3107142857143,0.0026253998292754,0.0240658926181769,-0.0026062649995279,0.5277777777777778,1,0,0.03467828209344752
2020-11-21,18703.8,0.0025765904402383,0.0343986073884876,0.0246224376475112,657.3199999999997,837.597857142857,0.0025208847981346,0.0097956791056966,0.0009611255944566,0.5992063492063492,2,0,0.03156129083309256
2020-11-22,18414.43,-0.0155921153820788,0.0327512460389585,0.0247398132791993,1139.1399999999994,851.3849999999999,0.0022583869149311,0.0111976370601586,0.0005134390004407,0.5317460317460317,1,0,0.034548605223375106
2020-11-23,18368.0,-0.0025245762533945,0.0316279160614173,0.0243295075766655,766.0,832.2092857142856,0.0018377797951513,0.0104172583586098,0.0007711934948866,0.5,1,0,0.02974864243685038
2020-11-24,19160.01,0.0422152743260912,0.0302322562137973,0.0250990216956746,1400.9700000000012,904.5971428571428,0.0017504293921609,0.0116022078675769,-0.0027181579967957,0.4642857142857143,1,0,0.02867934292827838
2020-11-25,18719.11,-0.0232803672790353,0.031880257850482,0.0270231413888069,983.9399999999988,925.4271428571428,0.0016611632006615,0.0146997987078506,-0.0040337551882188,0.5158730158730159,1,0,0.029534760710289203
2020-11-26,17149.47,-0.0875776578398817,0.0313263404655636,0.0369671126995894,2727.029999999999,1055.9249999999995,0.001647749037834,0.0381887124749709,-0.0028600125271397,0.503968253968254,1,0,0.02943285347933816
2020-11-27,17139.52,-0.0005803612342791,0.0407720158118529,0.0369817069948663,1019.5399999999972,1091.0599999999995,0.0026427316251183,0.0353565580543175,0.0082207723227736,0.8253968253968254,2,0,0.03537570948711174
2020-11-28,17719.85,0.0332985720197687,0.0385673634737817,0.0373535618940225,1014.9300000000004,1116.6271428571424,0.003005487644449,0.0376648316449838,0.0041687560852941,0.7738095238095238,2,0,0.039698462084269026
2020-11-29,18184.99,0.0259110484052147,0.0380315232232117,0.0374388090578167,843.0499999999993,1147.896428571428,0.0031977833402958,0.0411379290190346,0.0052802771842531,0.7619047619047619,2,0,0.03929722993392702
2020-11-30,19695.87,0.0798124405603424,0.0369750154069692,0.0408942512494862,1678.1699999999985,1195.1942857142851,0.0031524336765237,0.0411379290190346,0.0053470993455519,0.7182539682539683,2,0,0.03866976924418152
2020-12-01,18764.96,-0.0484176681386951,0.0432108093238177,0.0418024423035027,1886.880000000001,1235.6271428571422,0.0038866016383236,0.0424380265953867,0.0129785531100204,0.873015873015873,2,0,0.04219641759429062
2020-12-02,19204.09,0.023131976224672,0.043577168569996,0.0421037104838221,1012.0,1217.7357142857138,0.0044915037703013,0.0424380265953867,0.011696910719514,0.8888888888888888,2,0,0.0433079731419976
2020-12-03,19421.9,0.011278018177224,0.0417849224538223,0.0421130191051855,730.7999999999993,1209.6392857142853,0.0047438633976273,0.0424380265953867,0.0104585819882586,0.8611111111111112,2,0,0.04233988947229338
2020-12-04,18650.52,-0.0405272676199164,0.0396561719997778,0.0421075763352418,961.6899999999988,1201.5328571428563,0.0046959977070051,0.0421703620171473,-0.0011158438120751,0.8174603174603174,2,0,0.04090843039986668
2020-12-05,19147.66,0.0263064872103075,0.0396674895435593,0.0426936585157526,677.0,1202.9385714285709,0.0047023839424448,0.0421703620171473,0.0011001260697776,0.8214285714285714,2,0,0.04061008692613558
2020-12-06,19359.4,0.010997574683671,0.0384634043702445,0.0424571929719803,563.0,1161.7857142857138,0.0045365099842103,0.0451022208738342,0.0004318811470328,0.7817460317460317,2,0,0.0399099518221467
2020-12-07,19166.9,-0.0099932566585021,0.036617804388189,0.0425864491820385,518.0299999999988,1144.0735714285709,0.0042199764589688,0.0452746317119132,-0.0003572110187802,0.7103174603174603,2,0,0.038631872232913395
2020-12-08,18324.11,-0.0449671539115588,0.0349085134257534,0.0427912015948284,1094.84,1122.207142857142,0.0037209466708593,0.0452308342849718,-0.0083022958980642,0.6468253968253969,2,0,0.037224428055452036
2020-12-09,18541.28,0.0117819186056848,0.036116887866,0.0425500533623113,989.5699999999996,1122.609285714285,0.0033134027617077,0.0479215036807682,-0.007460280703996,0.6904761904761905,2,0,0.037559263119600006
2020-12-10,18254.63,-0.0155808511856818,0.0345094067310833,0.0349036383536599,646.2000000000007,973.978571428571,0.0028575795781392,0.0325364919772303,-0.007275515722739,0.626984126984127,2,0,0.03684983483864998
2020-12-11,18036.53,-0.0120196006823967,0.0332088865165917,0.0351636563861778,720.3999999999978,952.6114285714282,0.003150968599832,0.0329035809664852,-0.006447285483186,0.5634920634920635,1,0,0.03546612110995502
2020-12-12,18808.69,0.0419198512810261,0.0318850258805001,0.0357927992828422,927.9599999999992,946.3992857142852,0.0035744727925149,0.0329035809664852,-0.0077824636630592,0.5238095238095238,1,0,0.03031793552830006
2020-12-13,19174.99,0.0192878286595874,0.033209825940847,0.0355273962431394,699.880000000001,936.1728571428569,0.0037728817818628,0.0329035809664852,-0.0052535784293974,0.5714285714285714,1,0,0.0308504479645082
2020-12-14,19273.14,0.0051055909978821,0.0322400200650776,0.0280544585747362,349.0,841.2321428571425,0.0040194052596569,0.0329035809664852,-0.0043777843231114,0.5436507936507936,1,0,0.03046485443904656
2020-12-15,19426.43,0.0079220932790864,0.0308196919768455,0.024648408508341,520.0,743.5978571428568,0.0039276911850384,0.0288152850220832,-0.0040888214489079,0.4841269841269841,1,0,0.029496428386107297
2020-12-16,21335.52,0.0937387794210291,0.0295948016661528,0.0344678372698259,2281.4000000000015,834.2692857142855,0.0036744429871743,0.0288152850220832,-0.0065220861998472,0.4404761904761904,1,0,0.02846053859969168
2020-12-17,22797.16,0.0662626773596741,0.0410168053876863,0.0378918273747817,2570.0,965.640714285714,0.0035727486708409,0.0288152850220832,0.006507398656603,0.8928571428571429,2,0,0.03513809803261178
2020-12-18,23107.39,0.0135165129878043,0.0440791736341417,0.0348179799645509,935.1800000000004,963.7471428571428,0.0041517669363183,0.0250456774403446,0.0108702871175499,0.9603174603174603,2,0,0.04320094978048501
2020-12-19,23821.61,0.0304406721170451,0.0418206469918125,0.034935790015446,1421.4700000000012,1016.9235714285714,0.0043548236844644,0.0250456774403446,0.0099356211113124,0.9206349206349206,2,0,0.042358034195087504
2020-12-20,23455.52,-0.0154872902556704,0.0406815398669626,0.0359077923701103,1235.0,1064.9235714285714,0.0045045368931537,0.0234478143682797,0.0074717139261155,0.8888888888888888,2,0,0.04148179072017756
2020-12-21,22719.71,-0.0318730319606679,0.0387937599270353,0.0374613028864966,2287.7700000000004,1191.3335714285715,0.0045732440776937,0.027074065010521,0.0065537398619577,0.8333333333333334,2,0,0.04014911995622118
2020-12-22,23810.79,0.0469060095977802,0.0381092047042775,0.0346264990337034,1483.699999999997,1219.1092857142855,0.0045987020401466,0.0202668451544867,0.0072895127274319,0.8174603174603174,2,0,0.0395225936225665
2020-12-23,23232.76,-0.0245754876788293,0.0390494176577775,0.0364987315866188,1500.0,1255.5685714285714,0.0046634589841154,0.0211987482871799,0.0094546159916247,0.8373015873015873,2,0,0.0398927441946665
2020-12-24,23729.2,0.0211430056733732,0.0377949202473312,0.0353473002201178,1091.010000000002,1287.3407142857145,0.0046458876166162,0.0223839882563725,-0.0032218851403551,0.7976190476190477,2,0,0.03927497214839872
2020-12-25,24712.47,0.0406016172561454,0.0364582498765547,0.0346156339628615,1356.260000000002,1332.759285714286,0.0045438589061452,0.0248977972284124,-0.0076209237575869,0.7420634920634921,2,0,0.03823129792593283
2020-12-26,26493.39,0.0695872933806356,0.036919510280594,0.0365459802590604,2367.029999999999,1435.5500000000004,0.0043163324700356,0.0248977972284124,-0.0049011367112185,0.7619047619047619,2,0,0.0382429981683564
2020-12-27,26281.66,-0.0080239103889265,0.041366127513963,0.0375587915762384,2722.0,1579.987142857143,0.0042888969883832,0.0219321912859326,0.0006845876470003,0.9126984126984128,2,0,0.041034224508377806
2020-12-28,27079.41,0.0299023029826699,0.0391937211608421,0.037257924806099,1399.0,1654.987142857143,0.0039919016751073,0.0219321912859326,0.0003999612338067,0.8492063492063492,2,0,0.04052215149650526
2020-12-29,27385.0,0.0112217577258544,0.0383041538331158,0.0371567167461531,1530.0,1727.1300000000003,0.0033711400854738,0.0219321912859326,0.0001949491288383,0.8174603174603174,2,0,0.03968757469986948
2020-12-30,28875.54,0.0529994517301073,0.0364795843593054,0.0326400437508835,1676.0,1683.887142857143,0.0022364154728725,0.0219321912859326,-0.0025698332984721,0.746031746031746,2,0,0.03842278661558324
2020-12-31,28923.63,0.0016640381201611,0.0384735611897778,0.0303270687482086,1450.0,1603.887142857143,0.0021881743241185,0.0219321912859326,0.0006786409424466,0.8253968253968254,2,0,0.03920731071386668
2021-01-01,29331.69,0.0140095934275397,0.0364656936899619,0.0303229960369907,975.4300000000004,1606.762142857143,0.0017625773828093,0.0219321912859326,7.443813407198574e-06,0.7380952380952381,2,0,0.038398162613977146
2021-01-02,32178.33,0.0926247431168008,0.0349082527449966,0.0363857062149013,4353.470000000001,1816.1907142857144,0.001748549690434,0.0219321912859326,-0.0020112575355974,0.6746031746031746,2,0,0.03701983404699796
2021-01-03,33000.05,0.0252158319865536,0.044258849286078,0.0347962285715976,2815.119999999999,1929.0564285714288,0.0023255293470501,0.0236940773116234,0.0028927217721149,0.9642857142857144,2,0,0.0423226679716468
2021-01-04,31988.71,-0.0311260485700941,0.042520041930281,0.0347037759900132,5470.0,2156.3585714285714,0.0025821675243097,0.0233607122620413,0.0033263207694389,0.9285714285714286,2,0,0.042861725158168607
2021-01-05,33949.53,0.0594919819740535,0.0413563486720339,0.0354847741948624,4460.0,2368.951428571429,0.0026793783407743,0.0233607122620413,0.0030521948389181,0.8968253968253969,2,0,0.042062319203220344
2021-01-06,36769.36,0.0797898796472882,0.0433849033639507,0.0351532677977272,3651.209999999999,2522.6092857142858,0.0029447294703195,0.0227289907113952,0.0069053190046452,0.9484126984126984,2,0,0.04315023481837042
2021-01-07,39432.28,0.0699198805415832,0.0480984544897961,0.0363080024118505,4065.0,2735.037142857143,0.0037591141325587,0.0227289907113952,0.0096248933000182,1.0,2,0,0.04628988349387765
2021-01-08,40582.81,0.0287598077245583,0.0503974009546874,0.0363374290553448,5450.0,3027.4471428571424,0.0045488369868539,0.0227289907113952,0.0139317072647255,1.0,2,0,0.04804346057281244
2021-01-09,40088.22,-0.01226205236531,0.0482791998015038,0.0369977094232965,2660.0,3048.3735714285713,0.0047970674829022,0.0198626279373012,0.0133709470565072,0.996031746031746,2,0,0.04689547508090228
2021-01-10,38150.02,-0.0495562435922014,0.0456300077553735,0.0416214413472623,6238.889999999999,3299.5799999999995,0.004909802527573,0.0345205740912433,0.0013711584692955,0.984126984126984,2,0,0.0452276094532241
2021-01-11,35404.47,-0.0746881986220913,0.0457871703018451,0.0496071570245004,7844.739999999998,3759.99,0.0049379037220909,0.0478365370824959,0.0032671283715641,0.984126984126984,2,0,0.04546687738110706
2021-01-12,34051.24,-0.0389716343884227,0.0491991420758528,0.0519810373304863,4097.0,3943.347142857143,0.0050899143723748,0.0461998385431917,0.0078427934038188,0.996031746031746,2,0,0.04783678364551168
2021-01-13,37371.38,0.0930387218664847,0.047921053765991,0.0552009749243937,5470.0,4214.347142857143,0.0048345782363876,0.0461998385431917,0.0045361504020403,0.984126984126984,2,0,0.047202837459594596
2021-01-14,39144.5,0.0463547564222306,0.0538620781303875,0.0554489735488179,3398.769999999997,4353.544999999999,0.0052047327532615,0.0461998385431917,0.0057636236405914,1.0,2,0,0.0507318320782325
2021-01-15,36742.22,-0.0633334246881052,0.0526878106470957,0.0599362895684312,5339.760000000002,4665.282857142856,0.0049212053974382,0.049469263335612,0.0022904096924082,0.996031746031746,2,0,0.050197627588257424
2021-01-16,35994.98,-0.0205470182784353,0.0534170532865704,0.0563440599047151,2592.199999999997,4539.477857142856,0.0040288231211046,0.0464533991527963,0.0051378534850665,0.996031746031746,2,0,0.05070008877194224
2021-01-17,35828.61,-0.0046327480304899,0.0506190806607978,0.0562073228877789,3002.5,4552.862142857142,0.003977895622453,0.0434840350074846,0.0049890729054243,0.988095238095238,2,0,0.04895745079647868
2021-01-18,36631.27,0.0221555109664723,0.0476433797588668,0.0553059406641322,2669.8300000000017,4352.849999999999,0.0036488250012268,0.0449731022861273,0.0018562094570217,0.9642857142857144,2,0,0.04705754145532008
2021-01-19,35891.49,-0.0204020271840601,0.0454224227261555,0.0538741164549844,2005.9400000000023,4177.5599999999995,0.0031714622460709,0.0426824059447924,-0.0037767193496972,0.9484126984126984,2,0,0.045543352035693305
2021-01-20,35468.23,-0.0118628538249527,0.0433188348105058,0.0493294003440103,3015.3099999999977,4132.138571428571,0.0031800798735093,0.0404351737953763,-0.0046022189554851,0.9087301587301588,2,0,0.04407028888630348
2021-01-21,30850.13,-0.1394964019344247,0.041075012669492,0.0568359236420076,5529.0,4236.709999999999,0.0037846613982497,0.0584587680946247,-0.0127870654608955,0.8690476190476191,2,1,0.0424539500016952
2021-01-22,32945.17,0.0657037001868836,0.0587450830152167,0.0599242647838702,4976.529999999999,4202.890714285713,0.0046990363507684,0.0584587680946247,0.006057272368121,1.0,2,1,0.058015128609130016
2021-01-23,32078.0,-0.0266742275526272,0.0588998108240784,0.059999340301754,2065.84,4160.450714285714,0.0054073470810278,0.0589367730357973,0.005482757537508,1.0,2,1,0.05893405049444704
2021-01-24,32259.9,0.0056545359630604,0.0559029436296708,0.0594303451107083,2171.0,3869.887142857143,0.0055247200659243,0.0598884248505885,0.0052838629688729,0.992063492063492,2,1,0.057161231777802475
2021-01-25,32254.2,-0.00017670555785,0.0525261038414636,0.0566540030717111,2965.0,3521.334285714285,0.0053912276542222,0.0544684568159535,0.0048827240825967,0.9761904761904762,2,0,0.055056056304878156
2021-01-26,32467.77,0.0065996376554497,0.0493792821621413,0.0559593944602745,2084.5099999999984,3377.584999999999,0.0053873192546463,0.0561053994775654,0.0039568594359857,0.9642857142857144,2,0,0.04821068689728478
2021-01-27,30366.15,-0.0669194037928218,0.0465251991047324,0.0508505723240654,3315.5699999999997,3223.6971428571424,0.0054574718901897,0.0574076392596397,0.0032063642942265,0.9404761904761904,2,1,0.046261343462839444
2021-01-28,33364.86,0.0941747491499533,0.048680969375312,0.0565617257632284,3941.8800000000047,3262.490714285715,0.0054031200716017,0.0574076392596397,0.00760595670582,0.9563492063492064,2,0,0.0522291992251872
2021-01-29,34252.2,0.0262475458890101,0.05464433485498,0.0552887805965845,6616.5,3353.6864285714287,0.0054929090349202,0.0566233285907413,-0.0041007481602367,0.988095238095238,2,1,0.051235416912988
2021-01-30,34262.88,0.0003117561881698,0.0519991493489252,0.0551187467625229,2108.0,3319.1007142857147,0.005447587187977,0.0600326467913514,-0.0069006614751531,0.9682539682539684,2,0,0.054446265609355116
2021-01-31,33092.98,-0.0347413771124038,0.0488933495652481,0.0557491748116688,2171.020000000004,3259.709285714286,0.0054613756609666,0.0614269969671065,-0.0070095940644226,0.9484126984126984,2,1,0.04786152573914886
2021-02-01,33526.37,0.0130111180611347,0.0473212090710852,0.0554508161416687,2421.109999999997,3241.943571428571,0.0054739187262812,0.0614269969671065,-0.0052048947703783,0.9246031746031746,2,1,0.05148280024265112
2021-02-02,35466.24,0.056248964732994,0.0447724617166965,0.057692951438736,2566.3300000000017,3281.971428571429,0.0055204621356986,0.0658238672285861,-0.0046068204454447,0.9007936507936508,2,1,0.0499602570300179
2021-02-03,37618.87,0.0589245281156269,0.0458248318077692,0.0597199755948996,2300.25,3230.895714285715,0.0053173608080145,0.0719110028864666,-0.0007003672969631,0.9166666666666666,2,0,0.05054718468466152
2021-02-04,36936.66,-0.0183012324165279,0.047046163568777,0.0440030454902313,2546.3199999999997,3017.8471428571434,0.004720350925438,0.0366923715123464,-0.001634805806535,0.9206349206349206,2,0,0.0466465153412662
2021-02-05,38290.24,0.0359904796336572,0.0447056933410329,0.0419258357996965,1740.1200000000026,2786.675,0.0043810884688931,0.0366923715123464,-0.009938641513947,0.8888888888888888,2,0,0.04450150240461974
2021-02-06,39186.94,0.0231484945952598,0.0436834240985208,0.040599347909258,2739.5699999999997,2834.798571428572,0.0037969422812885,0.0387947683988154,-0.0083157252504044,0.873015873015873,2,0,0.04359643045911248
2021-02-07,38795.69,-0.0100343700350133,0.0418819270691581,0.0410700782995125,2349.0,2847.5128571428577,0.0035969027530305,0.0349880688305899,-0.0070114224960899,0.8412698412698413,2,0,0.04246242984149486
2021-02-08,46374.87,0.1784485597042824,0.0397115126609343,0.0599903236357113,8805.559999999998,3264.6957142857145,0.003894169970778,0.0391177503750417,-0.0076096964101509,0.7896825396825397,2,0,0.04092833719656058
2021-02-09,46420.42,0.0009817309404045,0.0677604860477258,0.0601481995065693,3181.100000000006,3343.0235714285727,0.0068277586036877,0.0391177503750417,0.0229880243310293,1.0,2,0,0.057626745628635484
2021-02-10,44807.58,-0.0353621270921635,0.0634616297843515,0.0569216601461398,3583.0,3362.125714285715,0.0079368951034505,0.0268936191600903,0.0176367979765823,0.996031746031746,2,0,0.0565569554706109
2021-02-11,47969.51,0.0681882792068613,0.0605222414833549,0.0549809681664929,4684.880000000005,3415.1971428571437,0.0084768892819474,0.0268936191600903,0.0134760779145779,0.992063492063492,2,0,0.05457021049001294
2021-02-12,47287.6,-0.0143174960635956,0.060713905747264,0.056022150413985,2860.800000000003,3146.932857142858,0.0088700176969157,0.0248919975078055,0.016008212406231,0.992063492063492,2,0,0.0546288586483584
2021-02-13,47153.69,-0.0028358377938655,0.0571204142231249,0.0561265790858942,1947.4700000000012,3135.4664285714293,0.0090365208437637,0.0227526543346635,0.0134369901246041,0.9761904761904762,2,0,0.05240813453387494
2021-02-14,48577.79,0.0297541636804208,0.0536276023365253,0.0536307594770597,2693.260000000002,3172.7692857142865,0.0090418742483568,0.0194891579703683,0.0117456752673671,0.9603174603174603,2,0,0.05015091860191517
2021-02-15,47911.1,-0.0138192202196361,0.0512645661587399,0.0546547653382205,3440.1299999999974,3245.5564285714295,0.008969638196359,0.0186641690566383,0.0115530534978056,0.9404761904761904,2,0,0.04856203169524394
2021-02-16,49133.45,0.0251928552278926,0.0484131584479145,0.0539363114334474,3685.5599999999977,3325.501428571429,0.0088084701480553,0.0186641690566383,-0.0193473275998113,0.9126984126984128,2,0,0.046724545068748694
2021-02-17,52119.71,0.0590031225827925,0.046278131236935,0.053940310464533,3671.739999999998,3423.4650000000006,0.0087854679595337,0.0186641690566383,-0.0171834985474165,0.8809523809523809,2,0,0.045130943942160995
2021-02-18,51552.6,-0.0109405424977389,0.0474391035769915,0.0535381211523306,1628.0999999999983,3357.877857142858,0.0087694821422901,0.0176770453867424,-0.0130831379063634,0.8928571428571429,2,0,0.0456715361461949
2021-02-19,55906.0,0.0810690632665132,0.0448253374916532,0.055641026008215,5657.800000000003,3637.712142857144,0.0087619881715998,0.0176770453867424,-0.0158885682556108,0.8531746031746031,2,0,0.04416005609499192
2021-02-20,55841.19,-0.0011599398117585,0.0494385810640452,0.0561485703442727,3836.529999999999,3716.066428571429,0.0084768338192407,0.0163716351482705,-0.0076818331590797,0.9285714285714286,2,0,0.04674883063842712
2021-02-21,57408.57,0.0276818262015101,0.0465345314067165,0.0552200659731313,2875.2100000000064,3753.652857142858,0.0081198880334208,0.0172023471266619,-0.0070930709298087,0.876984126984127,2,0,0.045445984844029896
2021-02-22,54087.67,-0.0595873467155065,0.0447228377597855,0.0398322902185519,9886.47,3830.8607142857154,0.0075993783967554,0.0275840957504527,-0.0065417283989544,0.8373015873015873,2,0,0.0441093866558713
2021-02-23,48891.0,-0.1010129181393377,0.0462023627557404,0.0498669026154847,9291.03,4267.284285714287,0.0064823656030894,0.0440593151325794,-0.0022107956921741,0.8650793650793651,2,0,0.04495932365344424
2021-02-24,49676.2,0.0159326147047771,0.0539933904005688,0.0486452279446072,4386.299999999996,4324.662857142857,0.0055637401013904,0.0451652615673551,0.0077152591636338,0.9642857142857144,2,0,0.05014412624034128
2021-02-25,47073.73,-0.0538108492136757,0.0509820515845845,0.0478324120395495,5367.390000000007,4373.413571428572,0.0048141315257682,0.0463342657493217,0.0035429480075929,0.9325396825396826,2,0,0.048975748550750695
2021-02-26,46276.87,-0.0170728277211171,0.0508794140546595,0.0478955144071472,4317.330000000002,4477.4514285714295,0.0037473011892462,0.046450786071247,0.0060540765630063,0.9285714285714286,2,0,0.04874527643279569
2021-02-27,46106.43,-0.0036898485630647,0.0481638052150963,0.0478978310654389,3394.0,4580.775000000001,0.0030242382487035,0.0464582840023166,-0.0012747758489489,0.8888888888888888,2,0,0.04710830512905778
2021-02-28,45135.66,-0.0212797982274022,0.0453740048018581,0.0472655104332512,3638.459999999999,4648.289285714286,0.0028004260701174,0.0443719218426826,-0.0011605266048583,0.8253968253968254,2,0,0.04518574288111486
2021-03-01,49587.03,0.0940566861589413,0.0433169822483986,0.054065083143461,4839.470000000001,4748.242142857144,0.0029294760335264,0.0468092354464365,-0.0014058555113869,0.7777777777777778,2,0,0.043582170949039156
2021-03-02,48440.65,-0.0233899703432953,0.0505557873254856,0.0540525926087704,3152.4000000000015,4710.159285714287,0.0030288512282659,0.0448155812404813,0.0043534245697452,0.9206349206349206,2,0,0.04772167239529136
2021-03-03,50349.37,0.0386467694160579,0.0481331250430203,0.0525673086526918,4539.290000000001,4772.127142857144,0.0029992453325277,0.0448155812404813,-0.0058602653575485,0.8809523809523809,2,0,0.04702107782581218
2021-03-04,48374.09,-0.0400217668696818,0.046946153950728,0.0534942535554764,4273.879999999997,4961.111428571429,0.0030079185078547,0.0466166079734179,-0.0040358976338564,0.8531746031746031,2,0,0.0460733435704368
2021-03-05,48751.71,0.0077759339482508,0.0460095424903698,0.0477489442723448,3148.9300000000003,4781.9064285714285,0.0029316378904629,0.0466166079734179,-0.0048698715642896,0.8333333333333334,2,0,0.04543245989422188
2021-03-06,48882.2,0.0026730482820571,0.0434460801943366,0.0478131231180345,2130.0,4660.011428571429,0.0031279425684817,0.0494426786670169,-0.0047177250207596,0.7698412698412699,2,1,0.04374639611660196
2021-03-07,50971.75,0.0418582356506611,0.0410292354877959,0.0488012106980646,2567.8300000000017,4638.055714285715,0.0035752422674255,0.0494426786670169,-0.0043447693140622,0.7182539682539683,2,1,0.04696993729267754
2021-03-08,52375.17,0.0271610663759531,0.040994110201607,0.0472990194581794,3128.1100000000006,4155.315714285714,0.0038927695576891,0.0478180717505199,-0.0023228720467915,0.7103174603174603,2,0,0.0468365901209642
2021-03-09,54884.5,0.0467983530801774,0.039708699131202,0.0394079565972428,3105.5899999999965,3713.498571428572,0.004338390423218,0.0310976051343201,-0.0108470881942836,0.6825396825396826,2,0,0.040911103478721206
2021-03-10,55851.59,0.017467017083069,0.0403952818318375,0.0394330631025634,4382.690000000002,3713.240714285715,0.0040166879189899,0.0310976051343201,-0.0077378432111828,0.6984126984126984,2,0,0.0406249282991025
2021-03-11,57773.16,0.0338263137446421,0.0386179011460589,0.0355696917395038,3877.18,3606.797142857143,0.0040596297166079,0.0241112371206607,-0.0083282528046691,0.6468253968253969,2,0,0.03963299388763533
2021-03-12,57221.72,-0.0095907613783392,0.0381223634919587,0.0351099673306039,3118.6700000000055,3521.178571428572,0.0039578509943116,0.0232691213193147,-0.007887178998411,0.623015873015873,2,0,0.038930836495175224
2021-03-13,61188.39,0.0670239190495181,0.0362674095975673,0.0372125751150962,5765.769999999997,3690.5907142857145,0.0041802769466374,0.0259501688455325,-0.0071786705967692,0.5555555555555556,2,0,0.03765594175854038
2021-03-14,58968.31,-0.0369572846777312,0.0404329595850847,0.0387609731332239,2758.010000000002,3627.701428571429,0.0041528937060722,0.0300277210698651,-0.0005962759027111,0.6984126984126984,2,0,0.039888612951050825
2021-03-15,55605.2,-0.058723458898573,0.0399980934182655,0.0375197434232156,6033.43,3712.984285714286,0.0041927083985333,0.0375635481700301,-0.0009960167833415,0.6865079365079365,2,0,0.04044381765095929
2021-03-16,56900.75,0.0230318000015632,0.0421588301789999,0.0365537631858502,3666.950000000005,3749.7378571428576,0.0034362184708494,0.0403361191829068,0.0024501310477978,0.7420634920634921,2,0,0.04184142090739994
2021-03-17,58912.97,0.0347527480866514,0.0404978436226362,0.036345512685856,4851.040000000001,3772.005714285715,0.0028784977882472,0.0403361191829068,0.0001025617907986,0.6944444444444444,2,0,0.04119953617358172
2021-03-18,57648.16,-0.0217029406846247,0.0398575378550299,0.0346490047065355,3106.970000000001,3688.655000000001,0.0023321573020779,0.0366649896152304,0.001239636708971,0.6746031746031746,2,0,0.04055976271301794
2021-03-19,58030.01,0.0066019610603849,0.0383468513326448,0.0346628082096181,3197.260000000002,3692.107142857144,0.0017841180056199,0.0366649896152304,0.000224487840686,0.6071428571428571,2,0,0.03946300279958688
2021-03-20,58102.28,0.0012446152457563,0.036405769597092,0.0346958691238986,2059.8300000000017,3687.095000000001,0.0017266032779577,0.0366649896152304,0.0001383599995246,0.5317460317460317,2,0,0.0379355337582552
2021-03-21,57351.56,-0.0130048611725452,0.0345740687300895,0.0342004605660492,3138.989999999998,3727.892142857144,0.0021040405590178,0.0333058921755806,-0.0058588908549951,0.4801587301587302,2,0,0.0364385212380537
2021-03-22,54083.25,-0.0586755185175178,0.0331565153936716,0.0380592909796339,4780.730000000003,3845.9364285714296,0.0025382591447146,0.0387066504650828,-0.0068415780245938,0.4325396825396825,1,0,0.035238295236202956
2021-03-23,54340.89,0.0047524561397072,0.0366445473598816,0.0358732935524139,2830.9000000000015,3826.315714285716,0.0025550203316689,0.0387066504650828,-0.0055142828191182,0.5555555555555556,2,0,0.03316387921592896
2021-03-24,52303.65,-0.0382108239119176,0.0348222710225956,0.0367778966451819,5500.0,3906.1235714285726,0.0026278856361386,0.0386362076765604,-0.0056755726000405,0.4880952380952381,2,0,0.036606283813557364
2021-03-25,51293.78,-0.0194966610483522,0.0352580267664294,0.0352101684411555,2859.4400000000023,3833.4278571428586,0.0027046813142598,0.0367923490644089,-0.0045995110886005,0.503968253968254,2,0,0.03666984405985764
2021-03-26,55025.59,0.0702288524916596,0.0340855861918143,0.0410049443975595,3858.8600000000006,3886.298571428573,0.0028567827642609,0.0391652777955208,-0.0042612651408305,0.4444444444444444,2,0,0.036004294115088584
2021-03-27,55817.14,0.0142826409255221,0.0393144538246961,0.036243309736364,2750.3600000000006,3670.912142857144,0.0028861868716816,0.0391652777955208,0.0029086842276041,0.6428571428571429,2,0,0.038897224294817664
2021-03-28,55777.63,-0.0007080977298628,0.0375039773262295,0.0351842281536728,1867.9100000000035,3607.3335714285727,0.0027638809297298,0.0365905792037209,0.00292990859614,0.5634920634920635,2,0,0.038812808395737704
2021-03-29,57635.47,0.0327652838371843,0.0355758832374245,0.0326371378663621,3605.8099999999977,3433.9321428571443,0.0026871718584833,0.0314209292782004,0.0024193678437528,0.496031746031746,2,0,0.037224629142454696
2021-03-30,58746.57,0.0190945915543974,0.0353632200295962,0.0324636825692906,2296.6500000000015,3336.0535714285725,0.0022674076881075,0.0314209292782004,-0.0012813273302854,0.492063492063492,2,0,0.03661844161775772
2021-03-31,58740.55,-0.0001024793186736,0.0341572872984978,0.0310892255221056,3031.0,3206.0507142857155,0.0020350198001839,0.0290901536661579,-0.0006649837240978,0.4285714285714285,2,0,0.03581648437909868
2021-04-01,58720.44,-0.0003424115563213,0.0325213346132096,0.0304712625107672,1554.550000000003,3095.1635714285726,0.0019281398952891,0.0279099544288882,-0.0027366921532197,0.3809523809523809,1,0,0.03445465276792576
2021-04-02,58950.01,0.0039019191524527,0.0310332216603441,0.0304437677215118,1771.4300000000003,2993.3185714285723,0.0020961463916993,0.0279099544288882,-0.0030523645314702,0.3373015873015873,1,0,0.02934815379620646
2021-04-03,57051.94,-0.0327277156301857,0.0297079203472618,0.0317588926451342,2911.720000000001,3054.167857142858,0.0024860152581823,0.0285566591706922,-0.0096065334774343,0.2896825396825397,1,0,0.028277217808357083
2021-04-04,58202.01,0.0199578092350449,0.0303007716252856,0.0320452047455905,2104.8499999999985,2980.3007142857155,0.0027330697694706,0.0301300416049484,-0.0072032057009439,0.3095238095238095,1,0,0.028444762975171362
2021-04-05,59129.99,0.0158183504903242,0.0296957826094006,0.0271803253938672,2494.230000000003,2816.9792857142866,0.0029841664530413,0.0220299772148161,-0.0058801006280238,0.2817460317460317,1,0,0.02817243396564036
2021-04-06,57991.15,-0.0194478280167693,0.0289064994841833,0.0280469922873896,2082.220000000001,2763.502142857144,0.0031674307719139,0.0216799360538123,-0.0064567205454129,0.2579365079365079,1,0,0.02748812609050998
2021-04-07,55953.45,-0.0357703176417736,0.0284297913538063,0.0277663267188332,3182.0,2597.930714285715,0.0034056001015093,0.0210766829568586,-0.0057274959446914,0.246031746031746,1,0,0.02709899681228378
2021-04-08,58077.52,0.0372585748250724,0.0295720132952141,0.0280846050281153,2453.3099999999977,2568.9214285714293,0.0034529779067205,0.0213286433355601,-0.0029493213179954,0.2817460317460317,1,0,0.02771468797712846
2021-04-09,58142.54,0.0011189119465875,0.0307050138754396,0.0218526325236675,1240.9000000000017,2381.9242857142863,0.0034580482341098,0.0213286433355601,-0.0003282077849044,0.3373015873015873,1,0,0.028532633925263756
2021-04-10,59769.13,0.0275917251060526,0.0293870000918265,0.0226136195824393,3599.989999999998,2442.612142857143,0.0028893891948252,0.0213286433355601,-0.0003209202554353,0.2777777777777778,1,0,0.0279308500550959
2021-04-11,60002.43,0.0038957544689939,0.0295088722780674,0.0225594175030574,1466.4800000000032,2413.938571428572,0.0023859606836446,0.0233622120391806,-0.0007918993472182,0.2817460317460317,1,0,0.027793020566840437
2021-04-12,59860.0,-0.0023765589774438,0.0283290045414018,0.0211704965208891,1949.4100000000035,2295.6242857142865,0.0021002910308774,0.0213487423103073,-0.0013667780679988,0.242063492063492,1,0,0.02710784512484108
2021-04-13,63575.0,0.0602118088836309,0.0272471835424687,0.0259350111943974,3972.6199999999953,2415.336428571429,0.0017603979973859,0.0213487423103073,-0.0016593159417146,0.1984126984126984,1,0,0.02627152212548122
2021-04-14,62959.53,-0.0097281722840794,0.0324274615621196,0.0262249834759323,3553.0,2452.622142857143,0.0014821935706282,0.0217149703483158,0.0039976702083132,0.4126984126984127,1,0,0.029233651737271757
2021-04-15,63159.98,0.0031787337071751,0.0310999586632721,0.0261871341073954,1780.0,2468.7257142857147,0.0013247848671206,0.0237870652990044,0.001527945368058,0.373015873015873,1,0,0.02924211679796326
2021-04-16,61334.8,-0.0293234910328372,0.0297597887244736,0.0277719923518166,3520.6100000000006,2593.667142857143,0.0012717681100549,0.0247957977086454,-0.0009452251509659,0.3174603174603174,1,0,0.02831884723468416
2021-04-17,60006.66,-0.021891825636386,0.0299954920174893,0.0268400657980912,2925.1399999999994,2594.6257142857144,0.0012751219842703,0.0227198084035789,0.0006084919256627,0.3293650793650793,1,0,0.028270190010493582
2021-04-18,56150.01,-0.0664286967832303,0.0295627500448203,0.0321888751073333,9567.699999999995,3127.6864285714287,0.0012621798349667,0.0327543016143144,5.387776675289807e-05,0.2976190476190476,1,0,0.02803126922689218
2021-04-19,55633.14,-0.0092477924199965,0.0352729539119781,0.0317823140923657,3305.229999999996,3185.6149999999993,0.0019705754732929,0.0308128049362876,0.0069439493705763,0.5119047619047619,2,0,0.03153393594718686
2021-04-20,56425.0,0.0141332558447704,0.0336650946650795,0.0318227329728036,3746.279999999999,3304.4764285714277,0.0021655054287147,0.0321096638096114,0.0064179111226107,0.4563492063492063,1,0,0.0354692767990477
2021-04-21,53787.63,-0.0478688076233737,0.0323824941923048,0.0329557455407462,3221.8900000000067,3307.325714285714,0.0021529049587685,0.0342868585588749,-4.4967369814796765e-05,0.4126984126984127,1,0,0.030582036515382882
2021-04-22,51690.96,-0.0397606037870499,0.0344081983715314,0.0321698590665292,5021.480000000003,3490.7664285714286,0.0023480619397704,0.0350178995343182,0.0033082397082592,0.4722222222222222,2,0,0.03153022782291884
2021-04-23,51125.14,-0.0110065585476526,0.0350760806143879,0.0320591918062934,4631.8499999999985,3732.977142857143,0.0025868326055682,0.0332184196450432,0.0053162918899142,0.496031746031746,2,0,0.03624492676863274
2021-04-24,50047.84,-0.0212970047587344,0.0335392974823045,0.0303625860099109,2509.0800000000017,3655.055,0.0025893502669959,0.0322253518912071,0.0035438054648151,0.4404761904761904,1,0,0.0355981824893827
2021-04-25,49066.77,-0.0197973243840792,0.0326592465954001,0.0300260957673897,3637.910000000003,3810.1571428571433,0.002530707489158,0.0313001119630436,0.0030964965505798,0.4126984126984127,1,0,0.03073843795724006
2021-04-26,54001.39,0.0958277633710178,0.0317798613164813,0.0420910438880566,5603.18,4071.1407142857142,0.0023246061290692,0.0328192307425333,-0.0034930925954968,0.373015873015873,1,0,0.03000762078988878
2021-04-27,55011.97,0.0185410109430215,0.0428740697780039,0.0382428011644753,2238.0,3947.2392857142863,0.0033570515411116,0.0328192307425333,0.0092089751129244,0.75,2,0,0.03653315266680234
2021-04-28,54846.22,-0.0030175287936096,0.0409167384637867,0.0382929947529946,2614.8399999999965,3880.2278571428574,0.0039289004579583,0.0326886634926361,0.0085342442714818,0.6984126984126984,2,0,0.04127410947827202
2021-04-29,53555.0,-0.0238241059065469,0.0387113396052267,0.0382660856789161,2864.899999999994,3957.720714285714,0.0040533979834314,0.0319844780985379,0.0043031412336953,0.6190476190476191,2,0,0.03984387376313602
2021-04-30,57694.27,0.0744486986071191,0.0374437031650121,0.044197855203454,4949.989999999998,4059.819285714286,0.0039046290594382,0.0322384988875746,0.0023676225506242,0.5595238095238095,2,0,0.038654239899007264
2021-05-01,57800.37,0.0018373152182142,0.0426009409255051,0.043928424722544,1501.9300000000003,3958.161428571428,0.0041385914978394,0.0331896169767118,0.0090616434432006,0.746031746031746,2,0,0.04144523655530306
2021-05-02,56578.21,-0.0213712482896681,0.040248779405737,0.0404077817441362,1875.7699999999968,3408.7378571428567,0.0038815546152472,0.025729176202833,0.0075895328103368,0.6706349206349206,2,0,0.0410204556434422
2021-05-03,57169.39,0.0103946865349158,0.0386811468172566,0.0403826939399927,2546.4400000000023,3354.5385714285717,0.0039027043258871,0.027093340759411,0.0069012855007753,0.6071428571428571,2,0,0.039477214090353964
2021-05-04,53200.01,-0.0719600309696684,0.0367986662786257,0.0447075889579502,4153.309999999998,3383.6121428571428,0.0037984881759119,0.0350406731372433,-0.0060754034993781,0.5317460317460317,2,0,0.038014547767175416
2021-05-05,57436.11,0.0766146152879425,0.0416767433278574,0.0476381534795939,5169.82,3522.7499999999995,0.0037395077130648,0.033089303826759,0.0007600048640707,0.7182539682539683,2,0,0.04061643559671444
2021-05-06,56393.68,-0.018316104117849,0.0462375057496672,0.0464284292710764,3160.0,3389.787142857142,0.004247168554448,0.0306467581451564,0.0075261661444405,0.8373015873015873,2,0,0.044327101049800324
2021-05-07,57314.75,0.016200912209964,0.0439686627434748,0.0462208741770198,3408.3700000000026,3302.395714285714,0.0043564649227796,0.0324975734201775,0.0065249595784626,0.7777777777777778,2,0,0.04359889764608488
2021-05-08,58862.05,0.0266385629076566,0.0418149599657567,0.0456425297028542,2600.0,3308.8899999999994,0.0040894890188279,0.0340075568457591,-0.0007859809597483,0.7142857142857143,2,0,0.04202211197945402
2021-05-09,58240.84,-0.0106097437438776,0.0404093561186576,0.0452206708717458,3064.3399999999965,3267.920714285713,0.0035450253255329,0.0333159524983841,0.0001605767129206,0.6587301587301587,2,0,0.04082305287119456
2021-05-10,55816.14,-0.042523751986188,0.0383811611324386,0.0404109975598002,6100.0,3303.407857142856,0.0026513505033071,0.0347809176504062,-0.000299985684818,0.5674603174603174,2,0,0.03928740587946315
2021-05-11,56670.02,0.0151822482267274,0.0387786258662508,0.0403174126470635,2492.4300000000003,3321.5814285714273,0.0026270266015822,0.0347809176504062,0.001979959587625,0.5912698412698413,2,0,0.03906702351975048
2021-05-12,49631.32,-0.1326232370397786,0.0370528002949882,0.0541090083311942,9400.010000000002,3806.236428571428,0.0027759475137706,0.0610009404507356,-0.0046239430328692,0.5158730158730159,2,1,0.03815230017699292
2021-05-13,49670.97,0.0007985717571479,0.054697680611461,0.053924724273479,5367.190000000002,3984.971428571429,0.0047221132587264,0.0651667286387681,0.0084601748617937,0.9682539682539684,2,1,0.0540111815668766
2021-05-14,49841.45,0.0034263093346638,0.0513836157291283,0.0489484324388212,2683.25,3823.0614285714287,0.0052742509569035,0.0651667286387681,0.0074149529856534,0.9325396825396826,2,1,0.05430520143747698
2021-05-15,46762.99,-0.0637548890528592,0.0483377961467842,0.0507863993662478,4145.0,4011.852142857143,0.0055136830175653,0.0649669157637897,0.0065228361810274,0.8809523809523809,2,1,0.052350352088070526
2021-05-16,46431.5,-0.0071139698928188,0.0497761459227209,0.0507946940092466,5970.5,4304.332857142857,0.0057638151034585,0.0645188558498241,0.0093667898040633,0.9047619047619048,2,1,0.05301680955363254
2021-05-17,43538.04,-0.0643430694922599,0.0468979733341812,0.0519349320155614,4685.0,4457.087142857143,0.0056606773544823,0.0644969087562327,0.0085168122017426,0.8333333333333334,2,0,0.051438536000508725
2021-05-18,42849.78,-0.0159345278743998,0.0486444638868159,0.0496879517687579,3549.270000000004,4413.941428571429,0.0053772527858701,0.0595341005583175,0.0098658380205651,0.8809523809523809,2,0,0.04737950473208954
2021-05-19,36690.09,-0.1551938194929309,0.0460774380581166,0.0549880383483962,13584.9,5015.018571428572,0.0053049161549857,0.0763323105048702,0.0090246377631284,0.8055555555555556,2,0,0.04585107883486996
2021-05-20,40526.64,0.099452844300643,0.0655033876032322,0.0652878943612838,7601.669999999998,5332.280714285715,0.0076027687894247,0.0807032488294704,0.0108057069917711,0.996031746031746,2,1,0.05750053896193932
2021-05-21,37252.01,-0.0842536325479503,0.068946310181436,0.066092365746362,8712.0,5711.111428571428,0.0096145309886495,0.0811054112255406,0.0175626944523077,1.0,2,1,0.0653752421088616
2021-05-22,37449.73,0.0052935972230834,0.0698305955180364,0.0649015154585409,3628.3799999999974,5784.567142857143,0.010972517904337,0.0811054112255406,0.0214927993712522,1.0,2,1,0.06616510531082184
2021-05-23,34655.25,-0.077550271014255,0.0653992097794224,0.0656422478702137,7159.630000000001,6077.087857142857,0.0112621137549079,0.0850517930065427,0.0156230638567015,0.984126984126984,2,1,0.06355575786765344
2021-05-24,38796.29,0.1128753941906151,0.0659913156889112,0.0768355970189688,5889.0,6062.016428571429,0.0110869174857819,0.0889494223981157,0.01909334235473,0.988095238095238,2,0,0.06389523221334673
2021-05-25,38324.72,-0.0122295047056653,0.0713698953818294,0.076051206463267,3372.149999999994,6124.853571428571,0.0110452753117468,0.0839613394796896,0.0227254314950135,1.0,2,0,0.06279302642909765
2021-05-26,39241.91,0.0236501895390759,0.0669152650338453,0.070790906820771,3040.5599999999977,5670.607142857143,0.0098340765193584,0.0757104977381801,0.0208378269757287,0.984126984126984,2,0,0.060053115020307184
2021-05-27,38529.98,-0.0183086687723061,0.0631221111155388,0.0706099542755624,3276.8700000000026,5521.298571428572,0.0098376306928115,0.0716409590281967,-0.0023812764876934,0.9642857142857144,2,1,0.05741765186932327
2021-05-28,35663.49,-0.0773091631552098,0.0594502258306877,0.0719962464910861,4193.830000000002,5629.197142857142,0.0095801966033188,0.0722277992202979,-0.0094960843507483,0.9523809523809524,2,0,0.059471347498412624
2021-05-29,34605.15,-0.0301249614885215,0.0608859685044281,0.0711202134681158,3705.82,5597.827142857143,0.0090015968437491,0.0700081261202006,-0.0089446270136082,0.9603174603174603,2,0,0.05574887990265687
2021-05-30,35641.27,0.0295017211685415,0.0578877993040294,0.072352780607011,3109.0,5393.434285714285,0.0084961462833326,0.0737569346351644,-0.0075114104753929,0.9365079365079364,2,0,0.05382181078241764
2021-05-31,37253.81,0.0442499853876316,0.0551226569429813,0.0729238784687282,3345.1600000000035,5297.731428571428,0.0076751824896618,0.0748504659882768,-0.0108686587459298,0.9246031746031746,2,0,0.05203878336578878
2021-06-01,36693.09,-0.0151657675200915,0.0536292812634068,0.072920275253047,2228.8099999999977,5203.412857142857,0.0071131793497826,0.0748304996268157,-0.0177406141184226,0.9047619047619048,2,0,0.05102624275804408
2021-06-02,37568.68,0.0235822705986556,0.0506242098115113,0.0603039235158451,2305.0,4397.705714285714,0.0063898036029314,0.0543949942371099,-0.016291055222334,0.8650793650793651,2,0,0.04904857628690677
2021-06-03,39246.79,0.0436989328915871,0.048204794435253,0.0549548728938211,2306.0,4019.443571428571,0.007358656303318,0.0543949942371099,-0.0149173166802857,0.8095238095238095,2,1,0.046877701461151805
2021-06-04,36829.0,-0.0635840791345625,0.0474494295618806,0.0528197177291792,3733.9199999999983,3663.866428571428,0.0078534281763809,0.0502223176176997,-0.0120007962688071,0.7857142857142857,2,1,0.05100695933712836
2021-06-05,35513.2,-0.0363811199546404,0.0490072232782495,0.053617240447492,3125.0,3627.910714285714,0.0077597219085065,0.0487077434775592,-0.0118787452261786,0.8333333333333334,2,0,0.0518561379669497
2021-06-06,35796.31,0.0079403571133322,0.0475457969588299,0.0492621836280432,1258.0,3206.365714285714,0.0079534715271169,0.0430373752237042,-0.0103420023451995,0.7817460317460317,2,0,0.046225990975297934
2021-06-07,33552.79,-0.0647247960449863,0.0448602829991892,0.0407292143040907,3600.0,3042.865714285714,0.0081078685612282,0.0463071388747005,-0.0102623739437921,0.7063492063492064,2,0,0.04404428419951352
2021-06-08,33380.81,-0.0051388354567869,0.047000778492053,0.0407484182447232,3068.010000000002,3021.141428571428,0.006957743698352,0.0461406216508193,-0.0066285027713537,0.7619047619047619,2,0,0.044942051095231805
2021-06-09,37388.05,0.1133699506800915,0.0443182380802475,0.0519424965101055,5137.970000000001,3170.9564285714287,0.0062384016573685,0.0461406216508193,-0.0063059717312638,0.6825396825396826,2,0,0.043607704048148496
2021-06-10,36675.72,-0.0192361789087449,0.0550616750641695,0.0519634840341798,2709.0,3130.394285714286,0.0054648388429102,0.0461877675329027,0.0068568806289164,0.9206349206349206,2,0,0.0496657398385017
2021-06-11,37331.98,0.0177353762317551,0.0520747994419723,0.0476081091028499,1743.6300000000049,2955.380000000001,0.0049732189737764,0.0398026780319918,0.0046253698800916,0.8809523809523809,2,0,0.049180487665183376
2021-06-12,35546.11,-0.0490196050552569,0.0492825421895559,0.0488783743581324,2863.269999999997,2895.1978571428576,0.0040817211330594,0.042401449814696,0.0002753189113063,0.8293650793650794,2,0,0.047162556113733545
2021-06-13,39020.57,0.0932582160669781,0.0489059060259835,0.054314102126528,4623.0,3003.3407142857145,0.0034245546039991,0.042401449814696,0.0013601090671536,0.8174603174603174,2,0,0.0466420436155901
2021-06-14,40516.29,0.0376151724833828,0.054661616284325,0.0539870615292193,2334.050000000003,2931.1185714285716,0.0033681433419673,0.042401449814696,0.0098013332851358,0.9126984126984128,2,0,0.050040568170595004
2021-06-15,40144.04,-0.0092301294285572,0.0527067598632604,0.0538311674241196,1823.5999999999983,2902.1749999999997,0.0032886682733184,0.0421568083122182,0.0057059813712073,0.8849206349206349,2,0,0.04941648191795624
2021-06-16,38349.01,-0.0457452734195307,0.0496316193618966,0.0552997071138515,2411.1299999999974,2909.7557142857145,0.0032710706966958,0.0426218920417363,0.005313381281649,0.8293650793650794,2,0,0.04740105961713796
2021-06-17,38092.97,-0.0066989619448758,0.0488953990980277,0.0539633883958142,2194.8799999999974,2901.818571428571,0.0032578714818777,0.0402462994032139,-0.0061662759661417,0.8015873015873016,2,0,0.04665934345881662
2021-06-18,35819.84,-0.0615278208278233,0.0460813618126135,0.0537857686663158,3073.5499999999956,2854.6492857142853,0.0033399068384657,0.0398895964678465,-0.0059934376293587,0.6984126984126984,2,0,0.0447187514875681
2021-06-19,35483.72,-0.0094279300974431,0.0475928597660133,0.052935522823574,1653.4800000000032,2749.540714285714,0.0033703103174116,0.0381312341119121,-0.0016896824235425,0.75,2,0,0.04507256665960798
2021-06-20,35600.16,0.0032761324830961,0.0449322380297009,0.0528959653772692,2801.720000000001,2859.806428571428,0.0035365024816249,0.0381312341119121,-0.0039736679962825,0.6626984126984127,2,0,0.043700533617820544
2021-06-21,31608.93,-0.1189104566227605,0.042398656078571,0.0595314556515842,4498.77,2924.0042857142857,0.0038088847544822,0.0505923979854301,-0.012262960205754,0.5833333333333334,2,1,0.041745956047142596
2021-06-22,32509.56,0.0280945243199397,0.0549171116677017,0.0601531823166557,4493.779999999999,3025.8450000000003,0.0040942252769848,0.0536305754390551,0.0022103518044412,0.9166666666666666,2,1,0.05416950100062102
2021-06-23,33678.07,0.0353126837670956,0.0523435079350022,0.051667121123135,3198.0,2887.2757142857145,0.0038860107759866,0.0536305754390551,0.0027118885731056,0.8690476190476191,2,0,0.05436394076100132
2021-06-24,34663.09,0.0288285483794492,0.0504594694626529,0.0524162292988056,3011.4300000000003,2908.877857142857,0.0036061253166681,0.0568706281162833,0.0015640703646251,0.8293650793650794,2,0,0.04814960567759174
2021-06-25,31584.45,-0.0930105212036931,0.0483394699481509,0.0570320019416904,4225.0,3086.1185714285707,0.0035494278020698,0.0625408221194033,0.0022581081355374,0.7698412698412699,2,0,0.04656342356889054
2021-06-26,32283.65,0.0218959992498124,0.0541804796926987,0.0566334092330272,2579.0,3065.8135714285713,0.0037746240596718,0.0642405232268247,0.0065876199266853,0.9007936507936508,2,1,0.04987709181561922
2021-06-27,34700.34,0.0721885750559536,0.0513734592087653,0.0539858090764782,2775.5499999999993,2933.8528571428574,0.0037913800601492,0.0642405232268247,0.0064412211790643,0.8492063492063492,2,1,0.05378413552525918
2021-06-28,34494.89,-0.0059382880506682,0.0534280219491709,0.052361811116632,1434.989999999998,2869.634285714285,0.0036848902936991,0.0601281725110681,0.0110293658705999,0.8809523809523809,2,0,0.05490424356950254
2021-06-29,35911.73,0.0402527859480734,0.0502463177432955,0.0541652847531716,2374.5699999999997,2908.989285714285,0.0035934257610527,0.0641849801599122,-0.0046707939244061,0.8095238095238095,2,0,0.0482302410459773
2021-06-30,35045.0,-0.0244310331208215,0.0489576884867365,0.0533143377120761,2082.449999999997,2885.512142857143,0.0035979135930681,0.0624982595026468,-0.0033858194482657,0.7777777777777778,2,1,0.046930379092041896
2021-07-01,33504.69,-0.0449475209203527,0.0467318712967424,0.0542997792796285,2346.5699999999997,2896.347142857142,0.0036752983092048,0.0647165585255846,-0.0037275981659104,0.6785714285714286,2,1,0.05037507957804544
2021-07-02,33786.55,0.0083773652682026,0.0462735663660409,0.052291504097562,1278.0400000000009,2768.096428571429,0.003662173752638,0.0652328622397577,-0.00206590358211,0.6626984126984127,2,0,0.04982215421962454
2021-07-03,34669.13,0.025786871340955,0.0436996402255556,0.0528631809567838,1628.8799999999974,2766.339285714285,0.0039498300880791,0.0713345246427352,-0.0104808394671431,0.5793650793650794,2,1,0.04313902613533336
2021-07-04,35286.51,0.0176510722845968,0.0420500887185867,0.0531054587432306,1610.699999999997,2681.2664285714272,0.0042509334907328,0.0713345246427352,-0.0093233704901785,0.5277777777777778,2,1,0.04674918803115202
2021-07-05,33690.14,-0.0462955249800955,0.0401283963468295,0.043306783683559,2168.229999999996,2514.799285714285,0.0045529391897261,0.0518587523355011,-0.0132996256023414,0.4484126984126984,2,1,0.0454728626080977
2021-07-06,34220.01,0.0156053477451791,0.0406959659181603,0.0429114107937443,1586.8799999999974,2307.1635714285703,0.0046669606713933,0.0518587523355011,-0.0095503518251352,0.4722222222222222,2,1,0.04510400755089618
2021-07-07,33862.12,-0.010513575195608,0.0388115975393056,0.0420506031141284,1281.3199999999997,2170.257857142856,0.0050356471152874,0.0475345247028724,-0.0101460909474308,0.3928571428571428,2,0,0.04404969252358336
2021-07-08,32875.71,-0.0295628982722728,0.0369209361205856,0.0419084114273974,1852.6399999999992,2087.4871428571414,0.005554644724731,0.0454047687656337,-0.0098109351761568,0.3055555555555556,2,0,0.03722753447235136
2021-07-09,33815.81,0.0281943573837484,0.0362655569418706,0.0337905395785029,1838.9300000000003,1917.0535714285704,0.0060526312540832,0.0310381328155169,-0.0100080094241703,0.2658730158730158,2,0,0.03620109696512236
2021-07-10,33502.87,-0.0092973378034351,0.0355768338279525,0.0336098733928842,1257.2200000000012,1822.640714285713,0.0059187571139092,0.0289497955143856,-0.0081228063976031,0.25,2,0,0.035328651096771496
2021-07-11,34258.99,0.0223179052145461,0.0339425842616356,0.0278159591316492,1359.5299999999988,1721.4964285714273,0.0060028246194799,0.0289497955143856,-0.0081075044569511,0.1785714285714285,1,0,0.03421377055698136
2021-07-12,33086.63,-0.0348197387278652,0.0330857708077045,0.0292511859907204,2020.09,1763.2892857142847,0.0055773977634377,0.031721523928393,-0.0070426255391249,0.1507936507936507,1,0,0.029703322084622702
2021-07-13,32729.77,-0.0108442119936658,0.0334089892509436,0.0265007566912766,1137.75,1674.944999999999,0.0052242055352285,0.0299194386982377,-0.0072869766672166,0.1626984126984127,1,0,0.02975566235056616
2021-07-14,32820.02,0.0027536337500606,0.0320239245932544,0.0260886086115717,1564.0299999999988,1637.914999999999,0.0048781169127276,0.030623303723962,-0.0067876729460512,0.1071428571428571,1,0,0.02892712075595264
2021-07-15,31880.0,-0.0290598411242672,0.0305935766612485,0.0244996759058896,2052.25,1616.8921428571418,0.0046978922609673,0.0277455320626384,-0.006327359459337,0.0634920634920634,1,0,0.0278809727967491
2021-07-16,31383.87,-0.0156847872614243,0.0306892153240763,0.0244424846779094,1229.1800000000003,1613.4021428571418,0.0042569947486296,0.0265393914717077,-0.0055763416177943,0.0674603174603174,1,0,0.02775423119444578
2021-07-17,31520.07,0.0043304191388049,0.0297856063138381,0.0229739733136519,791.609999999997,1553.5971428571418,0.0040079731312311,0.0265393914717077,-0.0057912275141144,0.0515873015873015,1,0,0.02720644498830286
2021-07-18,31778.56,0.0081673627659011,0.0285852687011121,0.0223282391169918,1326.0299999999988,1533.2635714285705,0.0038727731142693,0.0265393914717077,-0.0053573155605235,0.0158730158730158,1,0,0.02642101722066726
2021-07-19,30839.65,-0.0299906488321024,0.0275889394289598,0.0204980724145476,1491.5600000000013,1484.9299999999996,0.0038767408938194,0.0234277553920992,-0.0054968313787446,0.0079365079365079,1,0,0.025703205657375883
2021-07-20,29790.35,-0.0346166841679895,0.0282086451787809,0.0207597769131482,1785.0699999999997,1499.0864285714283,0.0034931588861029,0.0249203009712577,-0.0052003440721626,0.0119047619047619,1,0,0.026005267907268537
2021-07-21,32144.51,0.0760571584840477,0.029249599767884,0.0309538692272703,3375.3899999999994,1648.6628571428569,0.0030821060720219,0.0261692981876876,-0.0027743248253703,0.0317460317460317,1,0,0.0266581766607304
2021-07-22,32287.83,0.0044487049941128,0.0369476933268214,0.0300921288690215,883.3499999999985,1579.4278571428567,0.0030854976860102,0.0256478692705432,0.0063541166655728,0.3253968253968254,2,0,0.03137809839609284
2021-07-23,33634.09,0.0408497569173231,0.0350949589916807,0.0312150521487378,1725.6800000000003,1571.338571428571,0.0029704611772896,0.0256478692705432,0.0044057436676043,0.25,2,0,0.03506548979500842
2021-07-24,34258.14,0.0183840647434543,0.0357838325774697,0.0314826468999102,1098.8600000000006,1560.0271428571425,0.0029913088842295,0.0274416104258993,0.0059982262636315,0.2698412698412698,2,0,0.03523529354648182
2021-07-25,35381.02,0.0322513174592966,0.0344965382164256,0.0320917159797117,1546.8799999999974,1573.4092857142853,0.0030255137648569,0.0274416104258993,0.0059112695153135,0.2182539682539682,2,0,0.03458716852985536
2021-07-26,37237.6,0.0511434853372776,0.0343750022053278,0.0326615141736717,5344.220000000001,1810.8471428571424,0.0030858754149624,0.0257131783003353,0.0067860627763679,0.2063492063492063,2,0,0.03427253812319668
2021-07-27,39457.87,0.0579145169242298,0.0364913930497705,0.0346475953488456,3159.6100000000006,1955.2657142857136,0.0033028806547878,0.0282322544165384,0.0082827478709895,0.3015873015873015,2,0,0.0355009894298623
2021-07-28,40019.56,0.0141348141674519,0.0391837865695854,0.0345130166729151,2128.0,1995.5492857142856,0.0038008489754802,0.0282322544165384,0.0099341868017013,0.4087301587301587,2,0,0.03764735994175124
2021-07-29,40016.48,-7.696532715684157e-05,0.0373796065341677,0.0325331700815616,1440.0,1951.8171428571425,0.0039485152002588,0.024206261149001,0.0004319132073462,0.3293650793650793,2,0,0.037130171920500624
2021-07-30,42206.37,0.0532797882525404,0.0354615050021354,0.0325491254556823,4003.479999999996,2149.981428571428,0.0039272659183408,0.026443397183534,0.0003665460104547,0.25,2,0,0.03548946820128124
2021-07-31,41461.83,-0.017797912555153,0.0376786381368318,0.0339370660305702,1447.8499999999983,2196.855714285714,0.0039236291339914,0.0245689105127764,0.0018948055593621,0.3373015873015873,2,0,0.03649145768209908
2021-08-01,39845.44,-0.0397652753830737,0.0361744898419759,0.0374166955409611,3176.989999999998,2329.0671428571422,0.0036253242844397,0.0282694272366136,0.0016779516255503,0.2619047619047619,2,0,0.03599103150518554
2021-08-02,39147.82,-0.0176632319625902,0.036585116576834,0.0363777556663116,1790.010000000002,2350.3849999999993,0.003041132852937,0.0261088235178253,0.0022101143715062,0.2896825396825397,2,0,0.035961097946100404
2021-08-03,38207.05,-0.0243246840587865,0.0351809596853255,0.035342844533939,2137.970000000001,2375.5921428571423,0.0022798402728368,0.0236716233461002,-0.0013104333644449,0.2222222222222222,2,0,0.0352071290111953
2021-08-04,39723.18,0.0389148428370891,0.0343254311955658,0.0318530078249814,2461.100000000006,2310.285714285714,0.0014089254398918,0.0236716233461002,-0.0048583553740195,0.1785714285714285,2,0,0.034311442717339484
2021-08-05,40862.46,0.0282768967619553,0.0349107096461744,0.0318754907953429,4017.300000000003,2534.139285714286,0.0014178864558884,0.0236716233461002,-0.0024688968879933,0.2103174603174603,2,0,0.034405355787704636
2021-08-06,42836.87,0.0471873871947696,0.0343883455085504,0.0322853293648672,3538.5699999999997,2663.631428571429,0.0014620654462113,0.0236716233461002,-0.001073159493585,0.1825396825396825,2,0,0.03428493130513024
2021-08-07,44572.54,0.0397187939887189,0.0359665636896688,0.0328404142507118,2253.5899999999965,2746.1121428571428,0.0014618910478843,0.0236716233461002,-0.001712074447163,0.2579365079365079,2,0,0.03513641701380128
2021-08-08,43794.37,-0.017612704032917,0.0364018594903677,0.0339543899420081,2049.0,2781.9778571428574,0.0014089277465024,0.0227740206615247,0.0002273696483917,0.2777777777777778,2,0,0.03576530169422062
2021-08-09,46253.4,0.054629704462167,0.0350131990840571,0.0342494730468675,3675.1500000000015,2662.7585714285715,0.001360547845172,0.0227740206615247,-0.0015719174927768,0.2182539682539682,2,0,0.03503879785043426
2021-08-10,45584.99,-0.0145564791035255,0.0375076278886868,0.0327891780954887,2110.540000000001,2587.8250000000003,0.001410295926419,0.0217906506375053,0.0023266682033612,0.3492063492063492,2,0,0.03622163673321208
2021-08-11,45511.0,-0.0016244406865872,0.0358744761747425,0.0329180402897484,1402.3300000000015,2535.991428571429,0.0011084741253045,0.0203913768355184,0.0015490449791766,0.2619047619047619,2,0,0.0358517989048455
2021-08-12,44399.0,-0.0247371083178276,0.0340907057053942,0.0340906471686126,2448.1200000000026,2608.0000000000005,0.0011232418653737,0.0221877911199247,-0.0008200039407801,0.1706349206349206,2,0,0.03433907342323652
2021-08-13,47800.0,0.0738086928353904,0.0333881310144443,0.0365664211705434,3668.6100000000006,2584.080714285715,0.0012803646670737,0.0221877911199247,-0.001000214494106,0.1507936507936507,1,0,0.03350294260866658
2021-08-14,47068.51,-0.0154214395673317,0.0394497308329882,0.0364382944513546,2172.970000000001,2635.875000000001,0.0015644651041747,0.021964288359913,0.0034831671433194,0.4404761904761904,2,0,0.03342761809979292
2021-08-15,46973.82,-0.0020137746906012,0.0376717846431093,0.033852295015061,1872.2699999999968,2542.680714285715,0.0016510345467664,0.0168901519659833,0.0012699251527416,0.365079365079365,2,0,0.03728536278586558
2021-08-16,45901.29,-0.0230972039927408,0.035734252224669,0.0342444343429614,2393.8300000000017,2585.810714285715,0.001634224451782,0.0176907777400758,0.0007210531406118,0.2658730158730158,2,0,0.0357832393348014
2021-08-17,44695.95,-0.0266103277588527,0.0347339671508324,0.0344326187772572,2784.0,2631.955714285715,0.0016495951966225,0.0180974039065824,-0.0027736607378544,0.2103174603174603,2,0,0.03471318109049944
2021-08-18,44705.29,0.0002089456484934,0.0340992033716118,0.0335798655719313,1796.7200000000012,2584.5000000000005,0.0016648746483595,0.0180974039065824,-0.0017752728031307,0.1785714285714285,2,0,0.03405468442296708
2021-08-19,46760.62,0.0449495565754816,0.0324684888128086,0.0346171287326106,3105.300000000003,2519.3571428571436,0.0018652382810198,0.0180974039065824,-0.0016222168925855,0.1269841269841269,1,0,0.032916056087685164
2021-08-20,49322.47,0.0533383624332675,0.0340839766574017,0.035165154883532,2760.0,2463.7450000000003,0.0018807119309909,0.0180974039065824,0.0006958456429573,0.1706349206349206,2,0,0.030074013194441016
2021-08-21,48821.87,-0.0102013899401107,0.036568198711794,0.0344512209793454,1535.0400000000009,2412.420000000001,0.0018998759052643,0.0173979455427424,-0.0028815321211941,0.3174603174603174,2,0,0.0352267216270764
2021-08-22,49239.22,0.0085120922059154,0.0348694107196772,0.033744716301469,1450.0,2369.6342857142868,0.001888409168974,0.0173709140469887,-0.002802373923432,0.2142857142857142,2,0,0.03496162643180632
2021-08-23,49488.85,0.0050569312652992,0.0332789818507458,0.0310070668055538,1471.0,2212.1950000000006,0.0019705882424403,0.0173709140469887,-0.0024552703739232,0.1388888888888889,1,0,0.03353222511044748
2021-08-24,47674.01,-0.037361006005776,0.031762080231372,0.0326588084846892,2260.0,2222.870714285715,0.0020653620229043,0.0212071418527321,-0.0029718869194603,0.0992063492063492,1,0,0.028678705738823203
2021-08-25,48973.32,0.0268892743558541,0.032558192643103,0.0332190534684799,2138.020000000004,2275.420000000001,0.002129531983275,0.0226630729127834,-0.0015410107285087,0.123015873015873,1,0,0.0289858383858618
2021-08-26,46843.87,-0.0444555030189146,0.0322069756883681,0.0349600948434106,3102.8399999999965,2322.1857142857148,0.0022233655572867,0.0266181230895895,-0.0002615131244405,0.1071428571428571,1,0,0.028880555013020857
2021-08-27,49069.9,0.0464256551873081,0.0338030068210005,0.0313202495086626,2801.9300000000003,2260.28,0.0022102621577434,0.0266181230895895,-0.0002809698364011,0.1626984126984127,1,0,0.0298410940926003
2021-08-28,48895.35,-0.0035635122599497,0.0353817225214115,0.0309750171029699,952.1200000000026,2173.076428571429,0.0017269677592913,0.0260070022411155,-0.0011864761903825,0.2619047619047619,2,0,0.0309716079128469
2021-08-29,48767.83,-0.0026114257690359,0.0336561206500676,0.03098245372071,1869.729999999996,2172.8950000000004,0.0014170174162352,0.0260145931986216,-0.0012132900696096,0.1587301587301587,1,0,0.03396617639004056
2021-08-30,46982.91,-0.0372869556016333,0.0320756499795635,0.0321023516347825,2035.6100000000008,2147.3078571428573,0.0013985393417114,0.0282694929985975,-0.0012033318711823,0.1071428571428571,1,0,0.0290278399877381
2021-08-31,47100.89,0.0025079782457915,0.0328152658678931,0.0310558144438718,1546.1100000000006,2058.8871428571433,0.0013814134324015,0.0285366433945045,0.001053185636521,0.1388888888888889,1,0,0.029236361920735858
2021-09-01,48810.52,0.0356539665870307,0.0313102104936486,0.0321703069924964,2644.0,2119.4071428571433,0.0014919886310556,0.0285366433945045,-0.0012479821494544,0.0952380952380952,1,0,0.028435443096189162
2021-09-02,49246.64,0.0088952785436191,0.0319825515462005,0.0302202007749972,1866.0699999999997,2030.8907142857145,0.0015193645692744,0.0285366433945045,-0.0002244241421675,0.1071428571428571,1,0,0.0286914873277203
2021-09-03,49999.14,0.0151646633397,0.0306726407334986,0.0269412025027159,2683.1600000000035,2025.4021428571432,0.001653469624991,0.0285366433945045,-0.0031303660875019,0.0793650793650793,1,0,0.02793769764009916
2021-09-04,49915.64,-0.0016714247769797,0.0297438913651936,0.026764921065387,1165.6900000000023,1999.0200000000004,0.0015442843187114,0.0282393502091957,-0.0056378311562179,0.0595238095238095,1,0,0.02727550201911616
2021-09-05,51756.88,0.0362229896654859,0.0285196702390779,0.0282975722037648,2450.0,2070.448571428572,0.0017401265088759,0.0282393502091957,-0.0051364504109897,0.0238095238095238,1,0,0.02645526374344674
2021-09-06,52663.9,0.0173728411647218,0.0297017643345218,0.0285380390328354,1810.6699999999985,2094.7107142857144,0.0018186967693205,0.0282393502091957,-0.0023738856450416,0.0595238095238095,1,0,0.027057101000713082
2021-09-07,46863.73,-0.1166861826166698,0.0290007435073518,0.0421193169869789,10076.949999999995,2653.0642857142857,0.0019744471731595,0.0532362436774559,-0.0038145223605413,0.0357142857142857,1,1,0.026765079304411077
2021-09-08,46048.31,-0.0175529659288571,0.046196426912947,0.0415077734317741,2928.970000000001,2709.5607142857143,0.00436355365223,0.0497316979374787,0.0148862164192984,0.6507936507936508,2,1,0.0416421493477682
2021-09-09,46395.14,0.0075036495792115,0.0439001017232625,0.0399441321391204,1886.8899999999992,2622.707142857143,0.0052928520612339,0.0505575591274402,0.011917550177062,0.5793650793650794,2,1,0.0479062242339575
2021-09-10,44850.91,-0.033850834213096,0.0415053178540282,0.0383924892988572,2900.709999999999,2629.7628571428572,0.0057123736982319,0.0485243380560874,0.0108326771205296,0.5158730158730159,2,0,0.046335893112416926
2021-09-11,45173.69,0.0071709595640001,0.040670447911038,0.0385607809030352,1265.7099999999991,2652.1621428571425,0.005977164718469,0.0523920812509603,0.0109265565458444,0.4880952380952381,2,1,0.0403348687466228
2021-09-12,46025.24,0.01867510394481,0.0385404633719114,0.0391058299345765,1717.9400000000023,2641.32,0.0060715304944772,0.0573807659800672,0.0100207931328335,0.4166666666666667,2,1,0.04401359402314684
2021-09-13,44940.73,-0.0238454311568698,0.0369965550533344,0.0383876816688777,3510.0,2746.6335714285715,0.0060465849497255,0.0559304014849081,0.0072947907188125,0.376984126984127,2,0,0.04295200663200064
2021-09-14,47111.52,0.0471730465973756,0.0359104690534111,0.0406836270063534,2655.5599999999977,2825.88,0.00601267255949,0.0559304014849081,0.0069097255460593,0.3253968253968254,2,0,0.03687472943204666
2021-09-15,48121.41,0.0212096353194688,0.0372322767466611,0.0398856574954451,1817.6800000000003,2766.8571428571427,0.0059154780860865,0.0559304014849081,-0.0089641501662858,0.3888888888888889,2,0,0.03726688284799666
2021-09-16,47737.82,-0.0080032365681805,0.0359566658530757,0.0398182964589664,1535.9000000000017,2743.2735714285714,0.0058150121129863,0.0511616732311752,-0.0079434358701868,0.3293650793650793,2,0,0.03671419151184542
2021-09-17,47299.98,-0.0092140831898284,0.0342552854857126,0.0395314548932135,1450.4400000000023,2655.222142857143,0.0056367819347805,0.0474943608320434,-0.0072500323683156,0.2301587301587301,2,0,0.03532587129142756
2021-09-18,48292.74,0.0207713661369393,0.0327402299594121,0.0400827722408769,1807.6399999999992,2701.075714285714,0.0054216877894492,0.0512952345335725,-0.0079302179516259,0.1666666666666666,1,0,0.03385049237564726
2021-09-19,47241.75,-0.0220032032815176,0.0319138805496624,0.038770634891275,1543.6500000000017,2636.3364285714283,0.005103495829216,0.0482128427907708,-0.006626582822249,0.1269841269841269,1,0,0.029341758329797442
2021-09-20,43015.62,-0.0937147299741436,0.0312638367851105,0.044455432063331,4847.25,2853.235,0.004952351210326,0.055961815200076,-0.0057327182682238,0.115079365079365,1,0,0.028683844871066302
2021-09-21,40734.38,-0.0544908522258218,0.0420714305445436,0.0356985603762477,4039.0,2421.9528571428573,0.004573699683341,0.0424372858559328,0.0061609614911324,0.5674603174603174,2,0,0.03523733392672616
2021-09-22,43543.61,0.0666905113136806,0.0433253753597611,0.0410314700150062,3435.1600000000035,2458.109285714286,0.0042186888507945,0.044879647365634,0.0060930986130999,0.5952380952380952,2,0,0.04166974321585666
2021-09-23,44865.26,0.0299008112625429,0.0460161417153365,0.041940828269033,1908.9100000000035,2459.6821428571434,0.0044911987527283,0.044879647365634,0.0100594758622608,0.6626984126984127,2,0,0.0436377958292019
2021-09-24,42810.57,-0.0468787411821711,0.0443991308801585,0.0428275959344349,4525.0,2575.7028571428577,0.0047375232733875,0.0465234451364472,0.0101438453944458,0.623015873015873,2,0,0.04305787452809509
2021-09-25,42670.64,-0.0032739387986815,0.0444365500660989,0.0427215225311348,1320.5599999999977,2579.620714285715,0.0050033775992355,0.0435340890952217,0.0116963201066868,0.626984126984127,2,0,0.04293585003965934
2021-09-26,43160.9,0.0114238968982114,0.0419432053260452,0.0424677353684187,3200.0,2685.4821428571436,0.005101902385565,0.0435340890952217,0.0100293247763828,0.5634920634920635,2,0,0.04141880319562712
2021-09-27,42147.35,-0.0237631810423177,0.0398049502838704,0.0424648721930708,2252.0,2595.6250000000005,0.0050950784837653,0.0435284669684658,0.0085411134987598,0.492063492063492,2,0,0.03981501617032224
2021-09-28,41026.54,-0.0269526374133874,0.0384213096437006,0.0400687641585071,1899.3799999999976,2541.612142857143,0.0050346026509408,0.0420109300017879,-0.0036501209008429,0.4484126984126984,2,0,0.038584073786220356
2021-09-29,41524.28,0.0120591420384474,0.0373963528178915,0.039594467522955,1836.1200000000024,2542.9292857142864,0.005030758126,0.0420109300017879,-0.0059290225418696,0.4166666666666667,2,0,0.0376371616907349
2021-09-30,43824.1,0.0539055779762129,0.0356807660369973,0.0431922663468363,2731.2000000000044,2628.307857142858,0.0050435017387885,0.0444693888548204,-0.0103353756783392,0.3293650793650793,2,0,0.03642546762219838
2021-10-01,48141.61,0.0939629815441858,0.0379460124040581,0.0507611361123418,5211.970000000001,2896.9885714285724,0.0048795865519737,0.0474120434247019,-0.0064531184761003,0.4444444444444444,2,0,0.03738233144243486
2021-10-02,47634.9,-0.0105811900571932,0.046644073020546,0.0505251666977753,906.4099999999962,2832.6150000000007,0.004901129026619,0.0445074075505516,0.002207522954447,0.7222222222222222,2,0,0.0432735734123276
2021-10-03,48200.01,0.0117935426656092,0.0440871871275925,0.0502500530482424,2140.0800000000017,2875.2171428571432,0.0043924080447625,0.0468479816005517,0.0021439818015472,0.6349206349206349,2,0,0.0431777794765555
2021-10-04,49224.94,0.0210411771061949,0.0417759132717551,0.042259564450761,2645.1200000000026,2717.9221428571436,0.0033920128035159,0.0331176766651707,0.0019709629878847,0.5714285714285714,2,0,0.04141977356305306
2021-10-05,51471.99,0.0446373705846578,0.0400431079533128,0.0388569609112369,2863.9000000000015,2633.9864285714293,0.0034186280201965,0.0268753793271702,0.0016217983096121,0.5198412698412699,2,0,0.03976511277198768
2021-10-06,55315.0,0.0720063432706084,0.0404374130159459,0.039405017984261,5367.5899999999965,2772.0171428571434,0.0033913031123244,0.0268753793271702,0.0030410601980544,0.5436507936507936,2,0,0.03959895980956754
2021-10-07,53785.22,-0.0280454112515045,0.0445119211081268,0.0409683217194674,1975.3099999999977,2776.76,0.0032534456848372,0.0270738962907153,0.0088311550711295,0.6626984126984127,2,0,0.04218312746487608
2021-10-08,53951.43,0.0030854891415916,0.0429240583082022,0.0373738997174615,2482.3899999999994,2630.8592857142858,0.0031664068605959,0.0209778873451902,0.0049780459041441,0.6190476190476191,2,0,0.04188250298492133
2021-10-09,54949.72,0.0183343879182853,0.0405529250078441,0.0369371507429843,1827.3300000000015,2667.057142857143,0.0030228782582667,0.0233967952510592,-0.0060911480127019,0.5515873015873016,2,0,0.04010239740470646
2021-10-10,54659.0,-0.0053046998766923,0.0388008580195978,0.0374357233655597,2481.3099999999977,2615.722142857143,0.0030535065169393,0.0210607689929011,-0.0052863291079946,0.4841269841269841,2,0,0.03868026121175868
2021-10-11,57471.35,0.0501726773419886,0.0367995860887792,0.036465150403516,3423.980000000003,2699.4350000000004,0.0032182859730557,0.0203291120047812,-0.0049763271829759,0.3968253968253968,2,0,0.03708563685326752
2021-10-12,55996.93,-0.0259896949567153,0.0383593725513174,0.036366178802477,3801.0,2835.2650000000003,0.0032213009800759,0.0200131879020894,-0.0016837354019954,0.4603174603174603,2,0,0.03758505353079044
2021-10-13,57367.0,0.0241723573039216,0.0372729881928142,0.0362497516509228,3609.8099999999977,2961.957142857143,0.0032303809720754,0.0200131879020894,-0.0031644248231317,0.4206349206349206,2,0,0.037272558115688526
2021-10-14,57347.94,-0.0003323019682586,0.0361791481688099,0.0355948598788744,1714.489999999998,2889.3349999999996,0.0031764707020658,0.0179009563130881,-0.0083327729393169,0.3611111111111111,2,0,0.03644346610128594
2021-10-15,61672.42,0.0726999062160995,0.0343650883885103,0.0324770094671846,6083.0,2951.551428571428,0.0035194788397308,0.0179009563130881,-0.0085589699196918,0.25,2,0,0.03498629223310618
2021-10-16,60875.57,-0.0130048845469818,0.0399682934819593,0.032645339400966,2228.4199999999983,3045.980714285714,0.0029913672871482,0.0182175005073107,-0.0005846315258847,0.5396825396825397,2,0,0.037821316089175584
2021-10-17,61528.33,0.0106657743435416,0.0380528311195739,0.0326619414309953,2755.3899999999994,3089.931428571428,0.0027376567856451,0.0182175005073107,-0.0007480269000239,0.4642857142857143,2,0,0.03812664827174434
2021-10-18,62009.84,0.0077953629773119,0.0362340381670575,0.0327413042165592,2851.3300000000017,3104.6607142857138,0.0027510037052686,0.0182175005073107,-0.0005655479217216,0.369047619047619,2,0,0.0367014853002345
2021-10-19,64280.59,0.0359646372913786,0.0345030371644362,0.0322461255181238,3163.779999999999,3126.0807142857134,0.0029631155261605,0.0182175005073107,-0.0038563353868811,0.2698412698412698,2,0,0.03518911109866172
2021-10-20,66001.41,0.0264183860137485,0.034746370155067,0.0281880446722077,3518.5999999999985,2994.0099999999993,0.0030650911092674,0.0182175005073107,-0.0025266180377472,0.2817460317460317,2,0,0.0348346100930402
2021-10-21,62193.15,-0.0594312403714205,0.0340952648867451,0.0325771089243857,4639.740000000005,3184.326428571429,0.0026181936183505,0.0296813539566135,-0.0020838832820647,0.2341269841269841,2,0,0.03447148493204706
2021-10-22,60688.22,-0.0244952550243304,0.0375029819078762,0.0338604959056254,3732.3899999999994,3273.6121428571428,0.0020742484915785,0.0288817456253249,0.0031378935193659,0.4603174603174603,2,0,0.03649978914472572
2021-10-23,61286.75,0.009814059457966,0.0364062038248861,0.0337446668957588,2185.489999999998,3299.1949999999997,0.0017995225433723,0.0288817456253249,-0.0035620896570731,0.4007936507936508,2,0,0.03695923829493167
2021-10-24,60852.22,-0.007115367573462,0.0347109717018126,0.0338021616480492,1989.3700000000024,3264.056428571429,0.0017572971174243,0.0289465599485199,-0.0033418594177613,0.2817460317460317,2,0,0.03564700222108756
2021-10-25,63078.78,0.0359361194644911,0.0331021599481493,0.0326184773321515,3060.6299999999974,3238.102857142857,0.0019547081708779,0.0289465599485199,-0.0031318782189082,0.1865079365079365,1,0,0.03409223716888958
2021-10-26,60328.81,-0.0445746539763778,0.0335407898682855,0.0343796497825138,3475.9300000000003,3214.883571428571,0.0019518389640909,0.0325034755328571,-0.0009622472961507,0.2103174603174603,1,0,0.0301787627209713
2021-10-27,58413.44,-0.0322637670684269,0.034924825538377,0.0352958648546996,3496.0,3206.7542857142857,0.0019125856226873,0.0324693398140812,0.00017845538331,0.3134920634920635,2,0,0.0310539233230262
2021-10-28,60575.89,0.0363509587815489,0.034749130920327,0.0365069090993067,4679.0,3418.505,0.0019171773321955,0.035070632945381,0.0006538660335818,0.3015873015873015,2,0,0.035163091352196196
2021-10-29,62253.71,0.0273211728378992,0.0349982308070167,0.0316165502444497,2805.1900000000023,3184.3757142857144,0.0018958735676222,0.035070632945381,-0.0025047511008595,0.3214285714285714,2,0,0.03545588248421002
2021-10-30,61859.19,-0.0063574588746959,0.0343883789322315,0.03144483131146,1686.25,3145.649285714286,0.001419616362539,0.0347634531090746,-0.0020178248926546,0.2738095238095238,2,0,0.0351309737593389
2021-10-31,61299.8,-0.0090840927936781,0.032793371168988,0.0314278548493759,2459.9400000000023,3124.545714285715,0.0012782702598027,0.0323673265021669,-0.0019176005328246,0.1785714285714285,1,0,0.0339296495013928
2021-11-01,60911.11,-0.0063609920031542,0.031411648864192,0.0313762348456061,3032.739999999998,3137.503571428572,0.0014847337891776,0.0303602721363571,-0.0016905110839572,0.123015873015873,1,0,0.028893857318515202
2021-11-02,63219.99,0.0372049603187196,0.030092686726553,0.0314910209625977,3645.32,3171.899285714286,0.0018807290277202,0.0303602721363571,-0.0034481031417325,0.0873015873015873,1,0,0.0278032708359318
2021-11-03,62896.48,-0.0051303483133935,0.0311341760560699,0.030475979190661,3117.239999999998,3143.2307142857144,0.002027914437052,0.0286749783829543,-0.0037906494823071,0.119047619047619,1,0,0.02829946563364194
2021-11-04,61395.01,-0.0241616388040988,0.0298179464351642,0.0267176888097852,2409.2999999999956,2983.913571428571,0.0022924980164777,0.0222411078985144,-0.0049311844851627,0.0833333333333333,1,0,0.02759563026109852
2021-11-05,60937.12,-0.0074860486509891,0.0295834481687678,0.0259386806153238,1874.7200000000012,2851.222857142857,0.0022154446790461,0.0208380670106904,-0.0054147826382489,0.0595238095238095,1,0,0.027241117701260677
2021-11-06,61470.61,0.0087166615684317,0.0284680882108805,0.0259093345690113,1510.489999999998,2803.008571428571,0.0022845493510126,0.0208380670106904,-0.0059202907213509,0.0238095238095238,1,0,0.026457359326528297
2021-11-07,63273.59,0.0289088480909445,0.0275005105825175,0.0268955218594066,1963.5699999999997,2801.165714285714,0.0025255505498818,0.0219584746594929,-0.0052928605864705,0.0079365079365079,1,0,0.025750147149510502
2021-11-08,67525.83,0.0650421688463716,0.0280204282533736,0.0305338670010412,4515.419999999998,2905.079285714285,0.002697747038724,0.0219584746594929,-0.0033912206108184,0.0158730158730158,1,0,0.02602106575202416
2021-11-09,66947.66,-0.0085990712768797,0.0338965923207798,0.0274066195378781,2301.850000000006,2821.2164285714284,0.0027197307959853,0.0155902258029021,0.0038039055942268,0.2619047619047619,1,0,0.02959369699246788
2021-11-10,64882.43,-0.0313342572034827,0.0323980286876366,0.0273039815423165,6177.0999999999985,3012.723571428571,0.002557981502012,0.0153514092746077,0.0012638526315667,0.1865079365079365,1,0,0.02947741801258196
2021-11-11,64774.26,-0.0016685606442106,0.0324668633289069,0.0260771042590883,1500.070000000007,2785.6571428571433,0.0023938820069826,0.0144841301213719,0.0026489168937426,0.1944444444444444,1,0,0.02928180199734414
2021-11-12,64122.23,-0.0101171965455311,0.0309880209553307,0.0255017250622555,3172.699999999997,2811.907857142857,0.0021315581519502,0.0141083942895583,0.0014045727865629,0.1309523809523809,1,0,0.02838054937319842
2021-11-13,64380.0,0.0040119201938324,0.0298131798920199,0.02538713190546,1639.7799999999988,2808.5885714285714,0.0018977447533604,0.0147197924613727,0.0013450916811394,0.0992063492063492,1,0,0.027450422735211942
2021-11-14,65519.1,0.0175386773160717,0.0286055480041019,0.0254212677340801,1974.239999999998,2773.895714285714,0.0018548052774988,0.0152787837746858,0.0011050374215844,0.0436507936507936,1,0,0.02661630800246114
2021-11-15,63606.74,-0.0296222636128273,0.0280392136470133,0.0269196765412496,3001.820000000007,2771.687142857143,0.0019172412209996,0.0183866328869387,1.8785393639701022e-05,0.0198412698412698,1,0,0.026093658188207983
2021-11-16,60058.87,-0.0573941917145326,0.0285526751857127,0.0294521542828451,5043.239999999998,2871.5385714285717,0.0019588807377647,0.0258169612505615,-0.0053439171350671,0.0436507936507936,1,0,0.02635092231142762
2021-11-17,60344.87,0.0047506919286064,0.0328882150149389,0.0295325948286758,2467.230000000003,2825.109285714286,0.0020920854741339,0.0273228817113519,0.0004901863273022,0.246031746031746,1,0,0.02910117420896334
2021-11-18,56891.62,-0.0589278854245307,0.0314023890798443,0.0327401793354553,4501.739999999998,2974.5692857142863,0.0021198293188484,0.0332810565694043,-0.0010644742490625,0.1706349206349206,1,0,0.02893916224790658
2021-11-19,58052.24,0.0201952404606089,0.0353212328850788,0.0334356780644969,2720.0,3034.946428571429,0.0025124002877257,0.0354662593915524,0.0043332119297481,0.4285714285714285,2,0,0.03112138213104728
2021-11-20,59707.51,0.0281145133077806,0.0341827837561557,0.0343681934570383,2492.0,3105.0542857142864,0.0026024908714229,0.0354662593915524,0.0043696038641358,0.3293650793650793,2,0,0.035411396253693425
2021-11-21,58622.02,-0.018347414213867,0.0337347472611824,0.0333975819134393,1543.1100000000006,3075.021428571429,0.0024874663602769,0.0338038764325509,0.0051291992570804,0.2936507936507936,1,0,0.03481759235670944
2021-11-22,56247.18,-0.0413544874234936,0.0326551285137313,0.0277498460911794,3834.0,3026.348571428572,0.0022969351400587,0.0347240072652228,0.0046159148667179,0.2341269841269841,1,0,0.03010904550823878
2021-11-23,57541.27,0.0227465229877115,0.0337830045282214,0.0293550453714775,2692.989999999998,3054.287142857143,0.0022890775010049,0.0367046762997788,0.0052303293425087,0.3015873015873015,1,0,0.03047993991693284
2021-11-24,57138.29,-0.007027959623695,0.0329730881787052,0.0287608714485575,1898.0,2748.6371428571433,0.0023062385860166,0.0350810180869773,8.487316376629833e-05,0.2579365079365079,1,0,0.030264797707223123
2021-11-25,58960.36,0.0313908838384087,0.0315219616406116,0.0307073708148746,2398.9000000000015,2812.839285714286,0.002299501904112,0.037497882884099,0.0001195725607672,0.1785714285714285,1,0,0.02915812898436696
2021-11-26,53726.53,-0.0929584332118018,0.0317158495231541,0.0384247799092749,5650.0,2989.789285714286,0.0022892217110365,0.0512438863040256,-0.0036053833619247,0.1825396825396825,1,0,0.02902211371389246
2021-11-27,54721.03,0.0183411757514555,0.0421971531820203,0.0390874302031112,1670.0,2991.9478571428576,0.003522949525169,0.0512438863040256,0.0080143694258646,0.7380952380952381,2,1,0.03549103910921218
2021-11-28,57274.88,0.045614036945853,0.04029280843678,0.0413525709820028,4188.4100000000035,3150.102857142858,0.0038516120319341,0.0512438863040256,0.0065580611755976,0.6825396825396826,2,1,0.046012900262068
2021-11-29,57776.25,0.0087156583995469,0.0407599758249848,0.0411941736884115,2199.300000000003,3092.78,0.0039585312416731,0.054012456407807,0.0081048473112535,0.7023809523809523,2,1,0.046362699494990875
2021-11-30,56950.56,-0.0143942685501059,0.0386540806598463,0.0386623384804136,3301.439999999995,2968.3657142857146,0.0037187396438902,0.0490190004109964,0.0048710761316249,0.623015873015873,2,0,0.04522661519590778
2021-12-01,57184.07,0.0040918400630509,0.0369082884431232,0.0386515346535969,2595.540000000001,2977.530714285714,0.0036858248892044,0.0490190004109964,0.003935200264418,0.5396825396825397,2,0,0.03860196306587392
2021-12-02,56480.34,-0.0123827500980073,0.0350546491869367,0.0354151874938354,1597.7000000000044,2770.099285714286,0.0035031016885266,0.0430077729934614,0.0035326875463251,0.4246031746031746,2,0,0.03689961591216202
2021-12-03,53601.05,-0.0523239555597729,0.0335677472271677,0.0374003284086859,5920.0,2998.670714285715,0.0035486125053808,0.0444583393311146,0.0018518977040136,0.2976190476190476,1,0,0.03527506433630062
2021-12-04,49152.47,-0.0866415577831531,0.0360035155398773,0.041742885064946,11858.799999999996,3667.7278571428574,0.0035271006213441,0.0516509524206175,-0.006193637642143,0.496031746031746,2,0,0.03226422852392638
2021-12-05,49396.33,0.0049490302821819,0.0438080532463155,0.0420151984548405,1971.840000000004,3698.351428571429,0.0040792570337323,0.0547800008857768,0.0035152448095355,0.7619047619047619,2,1,0.0418822991477893
2021-12-06,50441.92,0.0209464454638688,0.0413825566399422,0.041992603863529,3791.1100000000006,3695.287857142858,0.0041260658487381,0.0567094140469054,0.0006225808149573,0.7023809523809523,2,1,0.047069181983965314
2021-12-07,50588.95,0.0029105975984968,0.039682358167026,0.0412107174803361,1896.590000000004,3638.402142857144,0.0040681949964156,0.0567094140469054,0.0010282775071796,0.6468253968253969,2,0,0.045962552500215595
2021-12-08,50471.19,-0.0023304945609261,0.0375797264365585,0.0412488485780929,2600.0,3688.545000000001,0.0038577083631398,0.0566447773963412,0.0006714379934352,0.5793650793650794,2,0,0.0393758946619351
2021-12-09,47545.59,-0.0597136382267216,0.0356520291266338,0.0415948990567116,3477.760000000002,3765.6064285714297,0.0034805896543479,0.0570932863553251,0.0005973799396971,0.4523809523809524,2,0,0.037715539475980275
2021-12-10,47140.54,-0.0085556875287835,0.0387812131472775,0.0350925633802001,3273.0,3595.820714285715,0.0029583270819058,0.0451179927869379,0.0052134659201097,0.626984126984127,2,0,0.0389571518883665
2021-12-11,49389.99,0.0466144194002922,0.0368427069992241,0.0375365976413802,2734.709999999999,3671.8714285714295,0.0027985542587313,0.0451179927869379,0.0008391914593467,0.5238095238095238,2,0,0.03844156299953446
2021-12-12,50053.9,0.0133526527210072,0.0379450103385112,0.0349371524857968,2139.0,3525.4850000000006,0.0027338778423551,0.0451179927869379,-0.0058630429078043,0.5833333333333334,2,0,0.03859001140310672
2021-12-13,46702.75,-0.0692973753526402,0.0362248669026712,0.0378838564956341,4517.220000000001,3691.0507142857145,0.002654902695744,0.0488000501314035,-0.0051576897372709,0.4801587301587302,2,0,0.037780357741602724
2021-12-14,48343.28,0.0345241762326722,0.0407808870387993,0.0401517927353709,2410.4100000000035,3627.405714285715,0.002770753453316,0.0518849884366889,0.0010985288717733,0.6944444444444444,2,1,0.04009689822327958
2021-12-15,48864.98,0.0107337588163947,0.0400872947601051,0.0403913144131612,2953.0,3652.938571428572,0.0028155659633107,0.0518849884366889,0.0025075683235466,0.6547619047619048,2,1,0.04590466005606306
2021-12-16,47632.38,-0.0255482024281832,0.0380906549415705,0.0405730771366721,1925.4300000000003,3676.3478571428577,0.0026764945513482,0.0525679727629573,0.0024386258149366,0.5833333333333334,2,0,0.044702032964942295
2021-12-17,46131.2,-0.0320232713999661,0.0370025856862743,0.0393726226751464,2539.959999999999,3434.916428571429,0.0023445725063403,0.0501874143423342,-0.0017786274610031,0.5238095238095238,2,0,0.03861806981176458
2021-12-18,46834.48,0.015130173120065,0.03654513438438,0.0331859100650937,1892.3700000000024,2723.0285714285724,0.0023032178991633,0.0410785352982399,-0.0002975726148441,0.4841269841269841,2,0,0.037772103830628
2021-12-19,46681.23,-0.0032775271061211,0.0350267648232149,0.0330984585434195,1893.0999999999983,2717.4042857142863,0.0019435335683378,0.0380515037386807,-0.0029182455152962,0.376984126984127,2,0,0.03637187089392894
2021-12-20,46914.16,0.0049773921748101,0.0333296918673324,0.032439812535463,1978.7200000000012,2587.947857142858,0.0020458295834523,0.0380515037386807,-0.0028951750353388,0.2341269841269841,1,0,0.03474452112039944
2021-12-21,48889.88,0.0412508732374554,0.0318069009338288,0.0347139027795372,2698.959999999999,2645.2600000000007,0.0024182181560915,0.0380515037386807,-0.0089739861049705,0.1468253968253968,1,0,0.029337246560297278
2021-12-22,48588.16,-0.0061905422711152,0.0330609276334207,0.0347282908125832,1154.2599999999948,2541.9928571428572,0.0026055432489984,0.038113196376313,-0.0070263671266843,0.2182539682539682,1,0,0.029677597780052422
2021-12-23,50838.81,0.0452801594542275,0.0315841557379945,0.0327533673513943,3454.5800000000017,2540.337142857143,0.0029170887594143,0.0331727588438265,-0.0065064992035759,0.1309523809523809,1,0,0.0290299114427967
2021-12-24,50820.0,-0.000370061388967,0.0334002712263729,0.0325694723116469,1425.5699999999997,2408.377857142857,0.0029084399765531,0.0329887069874056,-0.0036023144599013,0.238095238095238,1,0,0.02976919473582374
2021-12-25,50399.66,-0.0083055488691954,0.0318324355430556,0.0304584318180844,1013.9100000000036,2285.463571428572,0.0030785409146356,0.0307025147276804,-0.0047126988413244,0.1428571428571428,1,0,0.029185262925833358
2021-12-26,50775.49,0.007429328815574,0.0305203522805973,0.0303211380945701,1868.0,2266.1064285714288,0.0032556236514441,0.0307025147276804,-0.0045064125426176,0.0793650793650793,1,0,0.02802989496835838
2021-12-27,50701.44,-0.0014594452777334,0.029311701961788,0.0226756503429122,1639.0,2060.519285714286,0.0035575762798553,0.0160290567585335,-0.0040179899055444,0.0515873015873015,1,0,0.0270835951770728
2021-12-28,47543.74,-0.0643041831297992,0.0281278142194522,0.0278591359708455,3391.040000000001,2130.5642857142857,0.0034320982312777,0.0272340379671487,-0.0036790867143765,0.0198412698412698,1,0,0.02609917653167132
2021-12-29,46464.66,-0.022958105783962,0.0338331280911892,0.0282028633399121,2042.090000000004,2065.499285714286,0.0028783643706429,0.0267926549079663,0.0007722004577684,0.2777777777777778,1,0,0.02953731965471352
2021-12-30,47120.87,0.0140239790234346,0.0330322333007279,0.027814040414474,2000.0,2070.825714285714,0.0024965735191585,0.0269441704405724,0.0014480775627334,0.2182539682539682,1,0,0.02993193398043674
2021-12-31,46216.93,-0.019369821492674,0.0318075147726199,0.026911323435743,2870.260000000002,2094.418571428572,0.0021810319259102,0.0253909596100342,-0.001592756453753,0.1507936507936507,1,0,0.02900689846357194
2022-01-01,47722.65,0.0320599467817785,0.0309947879740325,0.0279956126190309,1746.2599999999948,2083.9821428571427,0.0018424410177001,0.0253909596100342,-0.000837647569023,0.1071428571428571,1,0,0.0282551719844195
2022-01-02,47286.18,-0.0091880527435925,0.0313297696661726,0.0281149448284854,1336.0,2044.189285714286,0.0016235361636474,0.0255716756603737,0.0008094173855752,0.123015873015873,1,0,0.028302655399703558
2022-01-03,46446.1,-0.0179255747295972,0.0300915664504031,0.0285240302647658,1874.0,2036.7092857142857,0.0016059487313808,0.0248386146465117,0.0007798644886151,0.0833333333333333,1,0,0.02761002187024186
2022-01-04,45832.01,-0.0133097451918313,0.0293802747846027,0.0259612006463797,2057.540000000001,1990.8935714285717,0.0016964669507388,0.0239369177529034,0.0012524605651504,0.0595238095238095,1,0,0.027040988470761623
2022-01-05,43451.13,-0.0533458970167046,0.0284979132607001,0.0290560851701169,4570.0,2234.8750000000005,0.0017704260612054,0.0292185253392416,-0.005335214830489,0.0317460317460317,1,0,0.02641730075642006
2022-01-06,43082.31,-0.0085243862571733,0.0321587242256148,0.024701328642058,1385.4199999999985,2087.0778571428573,0.0017919939985113,0.0279770805401663,-0.0008735090751131,0.1904761904761904,1,0,0.02858477173536888
2022-01-07,41566.48,-0.0358183987906102,0.0308214921239663,0.02524761545286,2535.8300000000017,2166.382142857143,0.0016562013571005,0.0299889496884073,-0.0009860226486535,0.115079365079365,1,0,0.028297965274379784
2022-01-08,41679.74,0.0027210861918849,0.0315868137608081,0.0256201543596376,1799.0,2222.46,0.0016461334499398,0.0313428237329273,0.0005920257867756,0.1587301587301587,1,0,0.028542003056484862
2022-01-09,41864.62,0.0044259193989262,0.0301966754434978,0.0254427586969965,1586.6800000000003,2202.3657142857146,0.0016529398550512,0.0313428237329273,-0.0011330942226747,0.0992063492063492,1,0,0.02787876526609868
2022-01-10,41822.49,-0.0010068457032161,0.0289582674883402,0.0254599048093111,2598.5,2270.901428571429,0.0016798640775818,0.0313410429840567,-0.0011332989620628,0.0515873015873015,1,0,0.02692764649300412
2022-01-11,42729.29,0.0214504004396776,0.0278065591875113,0.0225064121341545,1831.0699999999997,2159.475,0.0017204745335741,0.0251386859580875,-0.0015737155970914,0.0119047619047619,1,0,0.026082173912506782
2022-01-12,43902.66,0.0270902769434115,0.0276104296844971,0.0238202266321421,1872.0,2147.325714285714,0.0016655326557031,0.0253980982656835,-0.0008874835762029,0.0119047619047619,1,0,0.02575229781069826
2022-01-13,42560.11,-0.0310574808840993,0.0279326591597297,0.0242323681344784,2188.779999999999,2160.81,0.0015786274881257,0.0260876179291861,-0.004226065065885,0.0198412698412698,1,0,0.02594347149583782
2022-01-14,43059.96,0.0116761333829025,0.0286142515912638,0.024459520392588,1722.8300000000015,2078.850714285714,0.0015177063083904,0.0268092435046074,-0.0022072405327025,0.0634920634920634,1,0,0.026375768154758276
2022-01-15,43084.29,0.0005648665034954,0.0277405105690041,0.0221199088184308,1245.0,2043.0464285714288,0.0015550181902264,0.0268092435046074,-0.003846303191804,0.0158730158730158,1,0,0.02599464034140246
2022-01-16,43071.66,-0.000293189271094,0.0267070312009885,0.022189246694102,893.2099999999991,2011.4185714285716,0.0016214965036453,0.0266119097986323,-0.0034896442425093,0.0039682539682539,0,0,0.0252156587205931
2022-01-17,42201.62,-0.0204066313010855,0.0257769202805107,0.0222957252054228,1635.760000000002,1994.4014285714288,0.0018259582938075,0.0268343397457353,-0.0031813472078295,0.0039682539682539,0,0,0.02240001856830642
2022-01-18,42352.12,0.0035598699462955,0.0257618502641809,0.0223751958406725,1441.0,1950.3628571428576,0.0019924134351336,0.0282425843608166,-0.0020447089233304,0.0039682539682539,0,0,0.022364768558508538
2022-01-19,41660.01,-0.0164768030058262,0.0249540292532212,0.0180872952911076,1420.5699999999997,1725.4035714285717,0.0022166408423264,0.0207337037846968,-0.0026564004312759,0.0039682539682539,0,0,0.02188846835193272
2022-01-20,40680.91,-0.0237827352261952,0.0247590115668531,0.0188873568337303,2951.6900000000023,1837.2800000000004,0.0021133955464473,0.0223675742416775,-0.0031736475928766,0.0039682539682539,0,0,0.02170696534011186
2022-01-21,36445.31,-0.1099461598791098,0.0251785070824174,0.0333315159398608,5659.550000000003,2060.4028571428576,0.0020296529451696,0.0452096055255617,-0.0034357445088464,0.0119047619047619,0,0,0.02197346824945044
2022-01-22,35071.42,-0.0384262269858517,0.0424510923569093,0.0339889490047147,2827.220000000001,2133.8471428571434,0.0044215733563342,0.044418371681668,0.0147105817879051,0.7658730158730159,2,0,0.03251175661414558
2022-01-23,36244.55,0.032902471390134,0.0419039535509766,0.035868950275058,1897.989999999998,2156.083571428572,0.0057429870150171,0.044418371681668,0.015196922349988,0.746031746031746,2,0,0.04172106813058596
2022-01-24,36660.35,0.0114067643862032,0.0409462886871044,0.0362674781384024,4632.830000000002,2301.392857142858,0.0065688425745081,0.0474837118005989,0.0151693684065936,0.7341269841269841,2,0,0.04135207601226264
2022-01-25,36958.32,0.008095001638555,0.0388939885134665,0.0355620939900417,1844.1399999999992,2302.326428571429,0.0069581067828919,0.0474837118005989,0.0131321382492856,0.6746031746031746,2,0,0.0401506891080799
2022-01-26,36809.34,-0.0040391738751033,0.0369352846976117,0.033978031023953,2685.350000000006,2360.422857142858,0.0070888822463417,0.0444398963912632,0.0119812554443905,0.5833333333333334,2,0,0.038660873618567015
2022-01-27,37160.1,0.0094839876878438,0.0350786869044806,0.0340103891668309,1727.4599999999991,2327.4714285714294,0.0070830698291308,0.0460351853186599,0.0103196753376275,0.4642857142857143,2,0,0.03703010654268836
2022-01-28,37716.56,0.0148636502954708,0.0334952140664092,0.0341747091807148,1844.989999999998,2336.1971428571437,0.0070322436179497,0.0460351853186599,0.0083167069839918,0.3333333333333333,1,0,0.03548187843984552
2022-01-29,38166.84,0.0118678204974376,0.0322621542471882,0.0345611831004519,1452.2999999999956,2351.004285714286,0.006915305621036,0.0460351853186599,-0.010188938109721,0.2579365079365079,1,0,0.03014758534831292
2022-01-30,37881.76,-0.0074973460488596,0.0310249332208017,0.0344806200623956,1007.6300000000048,2359.1771428571437,0.0067305292664257,0.0461221859367534,-0.0108790203301748,0.1785714285714285,1,0,0.02895242433248102
2022-01-31,38466.9,0.0153284014936492,0.029769194319848,0.0349049768298916,2111.3899999999994,2393.150714285715,0.0064896215307874,0.049116123707042,-0.0111770943672563,0.1269841269841269,1,0,0.0279017205919088
2022-02-01,38694.59,0.0059016657367134,0.0289456042390159,0.0349630688807431,1265.199999999997,2380.593571428572,0.0062645371094521,0.049116123707042,-0.0099483842744506,0.0952380952380952,1,0,0.02725321454340954
2022-02-02,36896.36,-0.0475868957877967,0.0278557682243835,0.0365996043739134,2268.970000000001,2441.193571428572,0.0060089392619217,0.0523885949125357,-0.0090795164732282,0.0476190476190476,1,0,0.0264851105346301
2022-02-03,37311.61,0.0111916370777347,0.0307374864751961,0.0366824891907931,1137.0,2311.5728571428576,0.0055306307349338,0.0563946287630644,-0.0043412004292845,0.1785714285714285,1,0,0.028092780285117656
2022-02-04,41574.25,0.1081764469569339,0.0296260251205163,0.0355207537608413,4745.5999999999985,2246.2907142857143,0.005098068884544,0.0308772274275739,-0.0038691889458929,0.1269841269841269,1,0,0.02792334627230978
2022-02-05,41382.59,-0.0046207242467879,0.0444401076787306,0.0330846062599518,1070.6800000000003,2120.8235714285715,0.005364060054353,0.0242816230236631,0.0121779534315423,0.8571428571428571,2,0,0.03633799820723836
2022-02-06,42380.87,0.0238368201984737,0.0419591203514178,0.0327270060383835,1539.4400000000023,2095.2128571428575,0.0053699957571441,0.0242816230236631,0.0109341871306161,0.8015873015873016,2,0,0.04196364941085068
2022-02-07,43839.99,0.0338493333568958,0.0403642682590345,0.0332842880688108,2854.6500000000015,1968.2000000000005,0.0053176358516484,0.0242816230236631,0.0105950739391864,0.753968253968254,2,0,0.0409087065554207
2022-02-08,44042.99,0.0046197878370257,0.03966197375586,0.033334796533944,2826.0,2038.3328571428576,0.0053714190001746,0.0242816230236631,0.0107163695168441,0.7261904761904762,2,0,0.040209190653516004
2022-02-09,44372.72,0.0074586638193068,0.0375781575511727,0.0330355564505525,1681.0800000000015,1966.5992857142855,0.0053970811016046,0.0279408538467708,0.0097223893267891,0.6587301587301587,2,0,0.03882299613070362
2022-02-10,43495.44,-0.019968761180241,0.0357207929131623,0.0342172284147711,2646.989999999998,2032.28,0.0054052308700843,0.0261764463026082,0.0049833064379661,0.5317460317460317,2,0,0.037397768947897383
2022-02-11,42373.73,-0.0261275102636204,0.0345277898131556,0.0356091798529378,1981.489999999998,2042.03,0.0053970416860104,0.0261666664162973,0.0049017646926393,0.4523809523809524,2,0,0.036000263087893364
2022-02-12,42217.87,-0.0036850036261721,0.0338796683619375,0.0357322528392953,1390.6100000000006,2037.6235714285715,0.0053602115617558,0.0239341158475853,-0.010560439316793,0.3928571428571428,1,0,0.0352020194171625
2022-02-13,42053.66,-0.0038971692535803,0.0322895203002003,0.0356311128470055,890.0,2029.2214285714283,0.005303495235958,0.0237908565729515,-0.0096696000512175,0.2857142857142857,1,0,0.029964019780120178
2022-02-14,42535.94,0.0114029437609097,0.0308469998536628,0.0355798620835323,1291.8400000000038,1970.6821428571432,0.0052320174917937,0.0237908565729515,-0.0095172684053716,0.1904761904761904,1,0,0.028615292312197678
2022-02-15,44544.86,0.0461474056472823,0.0297325735387408,0.0370633515301123,2324.3700000000026,2046.3371428571431,0.005167085658614,0.0237908565729515,-0.0099294002171192,0.1349206349206349,1,0,0.02759730012324448
2022-02-16,43873.56,-0.0151849105438515,0.032016337801602,0.0340783535787026,1242.9700000000012,1973.0514285714291,0.0048371420417867,0.0150670611841121,-0.0055618197495707,0.2738095238095238,1,0,0.0287796846809612
2022-02-17,40515.7,-0.0796223074196458,0.0309483667065214,0.0420345120827726,4091.5,2184.0871428571436,0.0048223433919805,0.0331701454305422,-0.0047724262066408,0.1984126984126984,1,0,0.02851369602391284
2022-02-18,39974.44,-0.0134493034485352,0.0388483835302325,0.0301576129025949,1509.8799999999974,1952.9642857142865,0.0046196758543382,0.0313900732685391,0.0043205937170768,0.75,2,0,0.033236700918139496
2022-02-19,40079.17,0.0026164981129266,0.0370493401972083,0.0301860707773492,805.2900000000009,1934.0078571428576,0.003943350237599,0.0335119221980757,0.0031696718352707,0.6666666666666666,2,0,0.03848105331832498
2022-02-20,38386.89,-0.0431407529280498,0.035169393549089,0.0310234040960815,2125.4400000000023,1975.8650000000005,0.003460957846992,0.0348612734080889,0.0028798732488886,0.5317460317460317,2,0,0.037129329729453396
2022-02-21,37008.16,-0.0365775661820251,0.0361140118021988,0.0295529284004325,2694.3499999999985,1964.4150000000004,0.0031140206915526,0.0350561223324172,0.005267011948536,0.5952380952380952,2,0,0.03703872108131928
2022-02-22,38230.33,0.0324907507662182,0.0361993391612244,0.0316315482786234,2079.0,1911.0578571428575,0.0028029141103358,0.0350561223324172,0.0064667656224835,0.6071428571428571,2,0,0.03739430029673464
2022-02-23,37250.01,-0.0259769663535838,0.0358827453424365,0.0314648484499309,2213.1399999999994,1949.062142857143,0.0026870094383335,0.0342566609549206,0.0038664075408345,0.5793650793650794,2,0,0.0372628816054619
2022-02-24,38327.21,0.028507874523143,0.0350681349857021,0.0331990441511256,5520.720000000001,2154.3285714285716,0.0026647315918562,0.0354909014548961,0.0041197682791806,0.5238095238095238,2,0,0.03661733699142126
2022-02-25,39219.17,0.0230055700671094,0.034545908295333,0.0338439274791217,1669.1599999999962,2132.019285714286,0.0026649159238283,0.0364927903532923,-0.0043024752348994,0.4801587301587302,2,0,0.0360831841771998
2022-02-26,39116.72,-0.0026156608014744,0.0336691020387572,0.0338496080193238,1775.2699999999968,2159.495,0.002667365128879,0.036481249313617,-0.0033802381584511,0.3968253968253968,1,0,0.03530607522325432
2022-02-27,37699.07,-0.0369145713560055,0.0320874954336185,0.0348680125926371,2855.699999999997,2299.9021428571427,0.0026788428631747,0.0387210376637571,-0.0030818981154704,0.2896825396825397,1,0,0.0300304700601711
2022-02-28,43160.0,0.1352787146752518,0.0327832737029035,0.0517492188961999,6775.669999999998,2691.604285714285,0.0025413398923387,0.0387210376637571,-0.0033307380992953,0.3333333333333333,1,0,0.0300016350217421
2022-03-01,44421.2,0.0288026925696254,0.0529555727101441,0.0507848962352339,2139.019999999997,2678.364999999999,0.0053557324035127,0.0387210376637571,0.0167562335489197,0.992063492063492,2,0,0.04230901162608646
2022-03-02,43892.98,-0.0119624345490478,0.0506002641225388,0.0507190074071415,2065.9100000000035,2737.146428571428,0.006488325627909,0.0385795742494981,0.0147175187801022,0.984126984126984,2,0,0.04828567047352328
2022-03-03,42454.0,-0.0333332615882593,0.0477533225269714,0.0464566382629849,2268.840000000004,2606.956428571428,0.0067749800739812,0.0288930417303696,0.0126851875412693,0.9682539682539684,2,0,0.04674914231618284
2022-03-04,39148.66,-0.0810549423019875,0.0461973169336868,0.0515682783739296,3977.300000000003,2783.200714285714,0.0070833589288906,0.0404157809397993,0.0116514086383537,0.9563492063492064,2,0,0.045525186160212075
2022-03-05,39397.96,0.0063478437934207,0.0505196056149735,0.0516007728124002,1205.6500000000017,2811.797857142857,0.0076864144585049,0.0404157809397993,0.0168505035762163,0.984126984126984,2,0,0.0482607173689841
2022-03-06,38420.81,-0.0251147984261219,0.047571497620337,0.050691283213027,1605.300000000003,2774.645,0.007804653849015,0.0384660748721787,0.0154840021867184,0.9722222222222222,2,0,0.0467141185722022
2022-03-07,37988.0,-0.0113289195068571,0.0455106880412378,0.0497273995607487,2392.5699999999997,2753.089285714286,0.0077696928983808,0.0364478006846244,0.0127274143383342,0.9484126984126984,2,0,0.04535372602474268
2022-03-08,38730.63,0.0193604394737665,0.043066788074821,0.0492266857580303,1494.4300000000003,2711.3342857142857,0.0076230270015273,0.0364478006846244,-0.0098887846353231,0.9126984126984128,2,0,0.0436956916448926
2022-03-09,41941.71,0.079650037320313,0.0411295574068763,0.0527539061092946,3937.6100000000006,2834.5107142857146,0.0074247447222788,0.0377070183255691,-0.0094707067156624,0.8690476190476191,2,0,0.04220357844412578
2022-03-10,39422.0,-0.0619567610700482,0.046324473425938,0.0555761081250994,3499.899999999994,2690.166428571428,0.0071761957886061,0.0415201379744286,-0.0014288491010333,0.9761904761904762,2,0,0.0451215740555628
2022-03-11,38729.57,-0.0177206451442284,0.0478523367504516,0.0554584389552082,2012.6600000000035,2714.702142857143,0.0068147846505005,0.0395887134921226,0.0016550198167648,0.988095238095238,2,0,0.04667979885027096
2022-03-12,38807.36,0.0020065284013579,0.0454186051261164,0.0554611806873393,826.1900000000023,2646.9107142857147,0.0061128379349015,0.0419799869613843,-0.005101000488857,0.9523809523809524,2,0,0.04529382707566984
2022-03-13,37777.34,-0.0269004673903179,0.0428378416128812,0.0550191566888807,1731.489999999998,2566.6100000000006,0.0049287804602486,0.0410175328512758,-0.0047336560074558,0.9087301587301588,2,0,0.04353090576772872
2022-03-14,39671.37,0.0489203168714063,0.0413448711334313,0.0420056357168601,2392.1200000000026,2253.4992857142865,0.0035280734064914,0.0410175328512758,-0.0041658169078064,0.8690476190476191,2,0,0.04234229188005878
2022-03-15,39280.33,-0.0099058841699832,0.0420362197144842,0.0407936508449833,1789.2799999999988,2228.5178571428582,0.0031446964332677,0.0388124128924885,-0.0010305683603367,0.8928571428571429,2,0,0.04246054382869052
2022-03-16,41114.0,0.0456248114305086,0.0398494145389162,0.0432764487056295,2889.519999999997,2287.3471428571434,0.003137930839022,0.0409489479573236,-0.00128014286796,0.8134920634920635,2,0,0.04123181272334972
2022-03-17,40917.9,-0.004781075985047,0.040381448212225,0.0424874345691826,978.8199999999996,2195.2028571428573,0.0032243006720655,0.0392528391806826,-0.0059430252137129,0.8333333333333334,2,0,0.041188343727335
2022-03-18,41757.51,0.0203116952414426,0.0382387946144194,0.0362785801349198,2189.979999999996,2067.5371428571425,0.0035472913780716,0.0286764696930072,-0.0096135421360322,0.753968253968254,2,0,0.039926289568651636
2022-03-19,42201.13,0.01056768257477,0.0368107197230956,0.0363116616665099,900.7099999999991,2045.7557142857136,0.0034156481142473,0.0286764696930072,-0.0086078854030208,0.6666666666666666,2,0,0.03844730383385736
2022-03-20,41262.11,-0.022502352481311,0.0351007988636675,0.036151861036615,1385.260000000002,2030.038571428571,0.0036752358923746,0.0283649234230947,-0.0077370427492136,0.5476190476190477,2,0,0.036962502518200505
2022-03-21,41002.25,-0.0063177022059921,0.0341296574347263,0.0360012196467763,1076.2799999999988,1936.0178571428569,0.004043521746735,0.028141355205353,-0.007215213698705,0.4444444444444444,2,0,0.03577460366083578
2022-03-22,42364.13,0.0326750703725586,0.0325573888019491,0.0365682451813513,2485.489999999998,2006.8078571428564,0.0045779642890807,0.028141355205353,-0.0094788309125351,0.3214285714285714,1,0,0.03429893728116946
2022-03-23,42882.76,0.0121678667429065,0.0327358885539361,0.0300348360900007,1274.489999999998,1816.5849999999991,0.0049901501068849,0.028141355205353,-0.0071135259849801,0.3293650793650793,1,0,0.03000463953236166
2022-03-24,43991.46,0.0255256438082849,0.0314637269414749,0.0243628710686765,1660.4300000000003,1685.1942857142851,0.0050498553031534,0.0168568031136091,-0.0089177212707501,0.2341269841269841,1,0,0.029164368964884942
2022-03-25,44313.16,0.0072861742275431,0.0311351530857075,0.0232358351473396,1515.1399999999994,1649.6571428571422,0.0046618274049009,0.0166786666309884,-0.0071036415287118,0.2103174603174603,1,0,0.0284766966514245
2022-03-26,44511.27,0.0044607171360233,0.0298635927454691,0.0231831770586291,721.0199999999968,1642.1449999999988,0.0044611125903209,0.0166786666309884,-0.0069471269776265,0.1547619047619047,1,0,0.02761883964728146
2022-03-27,46827.76,0.050733773930828,0.0286577311220364,0.0230148261466272,2577.540000000001,1702.577142857142,0.0044772636982109,0.0129156344900345,-0.0064430677416311,0.0952380952380952,1,0,0.02670293707322184
2022-03-28,47122.21,0.0062682503060145,0.0318586106519614,0.020958982170333,1526.2799999999988,1640.7314285714274,0.0042026943223767,0.0129156344900345,-0.0022710467827649,0.2658730158730158,1,0,0.02839443399117684
2022-03-29,47434.8,0.0066116967684664,0.0304954789829046,0.020058750430027,1145.6200000000026,1594.755714285713,0.0037451671423487,0.0137735001111016,-0.0020619098190444,0.1626984126984127,1,0,0.028144998589742763
2022-03-30,47067.99,-0.0077629843968782,0.0292696792370712,0.0184897301462852,1254.800000000003,1477.9899999999996,0.0034905744775403,0.0125438415435396,-0.0034662093168649,0.1031746031746031,1,0,0.027073849142242718
2022-03-31,45510.34,-0.0336535992569277,0.0281929284364726,0.0215768905662583,2400.0,1579.5028571428568,0.0030079471208189,0.0208512463539282,-0.0032707985050023,0.0634920634920634,1,0,0.026192193061883563
2022-04-01,46283.49,0.0168457571405937,0.029124018330607,0.0214392407386282,2520.0899999999965,1603.0821428571423,0.0025465463284773,0.0208512463539282,-0.0020111347551004,0.1071428571428571,1,0,0.0267123129983642
2022-04-02,45811.0,-0.0102610730714474,0.0284565137681568,0.0219162030930511,1593.0,1652.5314285714285,0.0021634979712168,0.0192061839969651,-0.0014070789773122,0.0674603174603174,1,0,0.02645463466089408
2022-04-03,46407.35,0.01293361490454,0.0275432734275636,0.0203807800035255,1913.1900000000023,1690.240714285714,0.0019780892833117,0.0182895574812052,-0.0011144576944728,0.0317460317460317,1,0,0.02576880125653816
2022-04-04,46580.51,0.0037243614415167,0.0268416359711442,0.0199962742526455,1772.7099999999991,1739.985714285714,0.0018750056548027,0.0208015888036598,-0.0050169746808171,0.0277777777777777,1,0,0.02522518798268652
2022-04-05,45497.55,-0.0235237349480623,0.0259244176077507,0.0205355980513861,1846.1900000000023,1694.321428571429,0.0019791445358811,0.0215144393151223,-0.0045710613751539,0.0238095238095238,0,0,0.02467472616465042
2022-04-06,43170.47,-0.0525017816550033,0.0261524719813034,0.025496791026544,2386.1399999999994,1773.725,0.0019056296213062,0.0303576068659107,-0.0031172072557677,0.0277777777777777,0,0,0.022603951588782038
2022-04-07,43444.19,0.0063204291562026,0.0302344331540989,0.024544327477338,1173.6399999999994,1738.9542857142858,0.0018054445297596,0.0303576068659107,0.0020415047176262,0.1904761904761904,1,0,0.02510005509245934
2022-04-08,42252.01,-0.0278251992184284,0.0290274293063941,0.025422304872006,1863.4800000000032,1763.8357142857146,0.0016829973367688,0.029950412308434,-9.658902421290014e-05,0.1269841269841269,1,0,0.027154853583836465
2022-04-09,42753.97,0.0118101299320372,0.0292207450515946,0.0256718146973524,674.5199999999968,1760.514285714286,0.001657046943292,0.029950412308434,0.0007642312834377,0.1349206349206349,1,0,0.02710055263095676
2022-04-10,42158.85,-0.0140174297468771,0.0282889595659249,0.0206025377388169,1542.300000000003,1686.568571428572,0.0016597204260893,0.0282303067170722,0.0007456861383613,0.0833333333333333,1,0,0.02656724253955494
2022-04-11,39530.45,-0.0643733658182643,0.0275588334417996,0.025124750643771,3214.709999999999,1807.170714285715,0.001389446092179,0.0348614790064763,0.0007171974706554,0.0476190476190476,1,0,0.02593148206507976
2022-04-12,40074.94,0.013679940298763,0.0334379269958163,0.0256057891891389,1444.3700000000026,1828.5100000000004,0.0018811214657708,0.0348614790064763,0.0075135093880655,0.4325396825396825,1,0,0.029420946197489778
2022-04-13,41147.79,0.0264190184253028,0.0321581980443313,0.0275975174086975,1972.7699999999968,1879.7935714285716,0.0021137518790832,0.0371528076643431,0.0060057260630279,0.3373015873015873,1,0,0.03004050842659878
2022-04-14,39942.38,-0.0297323041306665,0.0318173098214909,0.0273534516539516,1948.0599999999977,1847.5121428571424,0.0022603300179936,0.036671832295526,0.0015828766673919,0.3095238095238095,1,0,0.02954201109289454
2022-04-15,40551.9,0.0151447196010199,0.0318119247124869,0.0272317840962219,1103.9599999999991,1746.36,0.0023838524489822,0.036671832295526,0.0027844954060927,0.3095238095238095,1,0,0.029405909627492142
2022-04-16,40378.71,-0.0042799693311703,0.0307630667239795,0.0272648601786262,717.7999999999956,1683.845714285714,0.0024098127987447,0.0365020381119357,0.0015423216723849,0.2261904761904762,1,0,0.0287656632343877
2022-04-17,39678.12,-0.0175027636042273,0.0294685121174885,0.0265850224180205,1049.5,1622.153571428571,0.0023535804715613,0.0347007533024535,0.0011795525515636,0.1587301587301587,1,0,0.0276774484704931
2022-04-18,40801.13,0.0279098748430257,0.0288015249065721,0.0283555692677657,2580.220000000001,1679.832857142857,0.0022401989263882,0.0347007533024535,0.0012426914647724,0.123015873015873,1,0,0.02700610294394326
2022-04-19,41493.18,0.0168192992773761,0.0290343793433158,0.0288620639547928,1189.0,1632.8907142857138,0.0019853596943362,0.0360154175957131,-0.0044035476525004,0.1428571428571428,1,0,0.02702592640598948
2022-04-20,41358.19,-0.0032586092287818,0.0283754085835681,0.0256579945262772,1379.0,1560.9521428571425,0.0017415886774753,0.0300807332483566,-0.0037827894607632,0.0912698412698412,1,0,0.02668088635014086
2022-04-21,40480.01,-0.0214621951388593,0.0272981082819749,0.0259491453250264,3225.0,1707.4778571428567,0.0018822969105191,0.0291431368624972,-0.0045192015395159,0.0396825396825396,1,0,0.02579202256918494
2022-04-22,39709.18,-0.0192258767952004,0.0271678420219847,0.0254657860317194,1618.0599999999977,1689.9478571428565,0.0020020634257518,0.0282621036825131,-0.0046440826905022,0.0396825396825396,1,0,0.02554892481319082
2022-04-23,39441.6,-0.0067612983566558,0.0268860240904896,0.0250346029925809,695.0,1691.4107142857138,0.0021341107289042,0.0267409116273521,-0.0038770426334899,0.0396825396825396,1,0,0.02536554085429376
2022-04-24,39450.13,0.0002162457340766,0.0260254010220776,0.0249623848992881,1010.3799999999974,1653.4164285714276,0.0023105965658814,0.0279266871810103,-0.0034431110954109,0.0277777777777777,0,0,0.02483536861324656
2022-04-25,40426.08,0.0244377786503307,0.0251650212310311,0.0192812899286664,2416.0,1596.3657142857137,0.0025298301484107,0.0173009852257692,-0.003636503675541,0.0119047619047619,0,0,0.02206149553861866
2022-04-26,38112.65,-0.0589288732240458,0.0255868252354083,0.0247670238931634,3095.0499999999956,1714.2714285714271,0.0023734376621894,0.0263815293527774,-0.0034475541079074,0.0198412698412698,0,0,0.02218931874124498
2022-04-27,39235.72,0.029041308349953,0.0309874122328219,0.02502002343915,1593.4100000000035,1687.174285714285,0.0022560341334133,0.0263815293527774,0.0026120036492537,0.2817460317460317,1,0,0.02550740733969314
2022-04-28,39742.07,0.0128227679696397,0.0310282178368442,0.0241443584311938,1491.199999999997,1654.5414285714276,0.0021755655928573,0.0258674390444081,0.0037301095548692,0.2976190476190476,1,0,0.02862065670210652
2022-04-29,38596.11,-0.0292588301525,0.0299529892501855,0.0248570395463679,1750.25,1700.7049999999992,0.0020051124846485,0.0263152758889823,0.0027851472282008,0.2341269841269841,1,0,0.0280867835501113
2022-04-30,37630.8,-0.0253286301777162,0.0301555126127241,0.0255332054792775,1217.1800000000003,1736.3749999999995,0.0019541991450663,0.0277560158571745,0.0032694885222344,0.246031746031746,1,0,0.02799271356763446
2022-05-01,38468.35,0.0220129612676682,0.0299749744937888,0.0262236444938613,1288.6200000000026,1753.4549999999997,0.0019823592807066,0.0289255808592728,0.0039495734717111,0.238095238095238,1,0,0.02794392389627328
2022-05-02,38525.16,0.0014757090645609,0.0295536808111663,0.0248010681707428,1115.3399999999965,1648.8207142857136,0.002006542317591,0.0289255808592728,0.0043886595801352,0.1984126984126984,1,0,0.02768263648669978
2022-05-03,37728.95,-0.0208838300694296,0.0283466041097662,0.0243985506141013,1133.7099999999991,1644.871428571428,0.0019974459711569,0.0280467443625217,0.0027597788743578,0.115079365079365,1,0,0.026810308465859724
2022-05-04,39690.0,0.0506715625195415,0.0280399242294267,0.0288506663559428,2353.769999999997,1714.4978571428562,0.0019987642265939,0.0299579238756799,-0.0029474880033951,0.1031746031746031,1,0,0.02632813453765602
2022-05-05,36552.97,-0.082336825350552,0.0313682668161315,0.0356442732168069,4273.610000000001,1789.3985714285704,0.0021336359088051,0.0424282039100274,0.0003400489792873,0.3452380952380952,1,0,0.028289848089678903
2022-05-06,36013.77,-0.0148610761227896,0.0396958869444923,0.0355507991408557,1417.6299999999974,1775.082142857142,0.0036090345772096,0.0421769819657919,0.0097428976943067,0.8015873015873016,2,0,0.034295156966695384
2022-05-07,35472.39,-0.0151467179208371,0.0378729848920038,0.0356174576573751,1361.300000000003,1822.6749999999993,0.0041541863949186,0.0424869602895236,0.0077174722792797,0.7380952380952381,2,0,0.03940852413520228
2022-05-08,34038.4,-0.041265348325588,0.0362299420304652,0.0366303495341443,1800.270000000004,1879.095714285714,0.0042467093038055,0.0423361865531973,0.0062549675366764,0.6666666666666666,2,0,0.03828905321827912
2022-05-09,30076.31,-0.1237514803908421,0.0367978710462494,0.0459667476278977,4209.82,2007.225714285714,0.0041548933293568,0.0574003972439428,0.0072441902350831,0.6785714285714286,2,0,0.038263050627749644
2022-05-10,31017.1,0.030800846621533,0.0524262551303621,0.0465420743277499,2928.59,1995.3357142857144,0.006553367921621,0.0572064663460415,0.0240796510205959,0.996031746031746,2,1,0.04797010667821726
2022-05-11,29103.94,-0.0636651051045493,0.0502384820360657,0.0464325646625047,4377.59,2194.2057142857143,0.0078263054210653,0.0579596449095591,0.022198557806639,0.984126984126984,2,1,0.05329067082163942
2022-05-12,29029.75,-0.0025523939828087,0.0513710702295834,0.0457391221739154,3543.0,2340.7628571428572,0.0088319973656015,0.0549912708140329,0.0200028034134518,0.992063492063492,2,1,0.05410749893775004
2022-05-13,29287.05,0.0088242725805578,0.0483208369479138,0.0464293120848223,2331.7000000000007,2382.2950000000005,0.0091320930563264,0.057139516891679,0.0086249500034215,0.9761904761904762,2,1,0.052305975368748286
2022-05-14,30086.74,0.0269391043317348,0.0455889305369291,0.0480174483992379,1713.2700000000004,2417.73,0.0090584576877019,0.0599403662076429,0.0077159456449252,0.9404761904761904,2,0,0.05057716232215746
2022-05-15,31328.89,0.0404561319046443,0.0438240542398589,0.0493738511000861,1980.0,2467.1142857142854,0.0087494570079551,0.0599403662076429,0.0075941122093936,0.9047619047619048,2,0,0.04458254254391534
2022-05-16,29874.01,-0.0475518034081954,0.0432970359847088,0.0498771829724486,2241.8600000000006,2547.5800000000004,0.0082465886484491,0.0586931323033646,0.0064991649384593,0.8928571428571429,2,0,0.04393479359082528
2022-05-17,30444.93,0.0189306062024954,0.0435562214572732,0.0508361395769071,1337.989999999998,2562.171428571429,0.0074174807325794,0.0618140554989858,-0.0088700336730889,0.8968253968253969,2,0,0.04399850687436392
2022-05-18,28715.32,-0.0584886995742195,0.041554302212543,0.0482406946447181,2055.5200000000004,2540.8678571428577,0.0062407138476794,0.0614534581214261,-0.0086841798235227,0.8452380952380952,2,0,0.0427794145275258
2022-05-19,30319.23,0.0543513864177693,0.0434127616978284,0.0491571662540114,1853.7999999999993,2368.024285714286,0.0052665203156052,0.0583195880761018,-0.0079583085317549,0.9007936507936508,2,0,0.043594499818697036
2022-05-20,29201.01,-0.0375788669561831,0.0444409525464184,0.0495837914677396,2047.3300000000015,2413.002857142858,0.0051280606591752,0.0595826259125854,-0.0038798844014953,0.9285714285714286,2,0,0.044396027527851045
2022-05-21,29445.06,0.0083228563747148,0.0435825610287928,0.0499728836673173,708.9000000000015,2366.4028571428576,0.004802044831837,0.0634387121799337,-0.0020063695081362,0.9007936507936508,2,0,0.04408023941727568
2022-05-22,30293.94,0.0284215384207975,0.0412298150734301,0.0504417349910815,1232.880000000001,2325.8750000000005,0.0042887829129351,0.0664184493055296,-0.0025942391664287,0.8253968253968254,2,0,0.04258974704405806
2022-05-23,29109.15,-0.0398951347692122,0.0400072249036455,0.0394654815476721,1804.16,2154.042142857143,0.0038848746484131,0.0460898675203054,-0.0032898110810632,0.7777777777777778,2,0,0.0414925749421873
2022-05-24,29654.58,0.0185640245739104,0.0399084662495341,0.0388051468825829,1176.8600000000006,2028.918571428572,0.0035178516282622,0.0460898675203054,-0.003647755207739,0.7698412698412699,2,0,0.040797093349720454
2022-05-25,29542.15,-0.0037985251950818,0.0382281188334245,0.0347134261184802,929.5300000000024,1782.6285714285718,0.0034239544584585,0.0380938282707322,-0.0033261833791184,0.7142857142857143,2,0,0.0396987809000547
2022-05-26,29201.35,-0.0116031160400318,0.0362572256546852,0.0348699501480768,1867.079999999998,1662.9200000000003,0.003102475890796,0.0383730723744207,-0.0071555360431432,0.6309523809523809,2,0,0.03804627939281112
2022-05-27,28629.8,-0.0197668076759747,0.0346307512486545,0.035175840590229,1114.7599999999984,1575.9957142857145,0.003237780199547,0.0363036455989402,-0.0098102012977639,0.5357142857142857,2,0,0.036589111949192704
2022-05-28,29031.33,0.0139274582552868,0.0335391129012719,0.034529132270818,816.0,1511.9050000000002,0.0036163789011674,0.0363036455989402,-0.0100434481275209,0.4682539682539682,1,0,0.03538303014076315
2022-05-29,29468.1,0.0149327306648618,0.0322600093045686,0.0327096161067641,748.5699999999997,1423.9457142857143,0.004095840867417,0.0363036455989402,-0.0089698057688615,0.3928571428571428,1,0,0.030293116782741162
2022-05-30,31734.22,0.0740872715889171,0.0311548446724664,0.0363147248313838,2922.380000000001,1472.554285714286,0.0045388775817826,0.0340698028050317,-0.0088523802311791,0.3134920634920635,1,0,0.02924238520347984
2022-05-31,31801.04,0.0021033997385373,0.0378867443594043,0.0360714164678333,1198.9900000000016,1462.6257142857146,0.0043340358600748,0.0340698028050317,-0.0020217218901298,0.6984126984126984,2,0,0.03296740261564258
2022-06-01,29805.83,-0.0647949816931543,0.0359312850179735,0.036929031533926,2681.970000000001,1507.3721428571432,0.0042829957322125,0.0359211415320082,-0.002296833815451,0.6031746031746031,2,0,0.037472959010784096
2022-06-02,30452.62,0.0214680211866689,0.0398052503650335,0.0343437994904145,1094.4500000000007,1453.1328571428578,0.0040358603464171,0.0359211415320082,0.0035480247103482,0.7738095238095238,2,0,0.039518478219020096
2022-06-03,29700.21,-0.0250179166566564,0.0382865121573408,0.0334296426993894,1416.6399999999994,1408.0835714285718,0.0035613121396988,0.0340482387354184,0.0036557609086863,0.7301587301587301,2,0,0.03948320329440448
2022-06-04,29864.04,0.0055009645259609,0.0371414366897576,0.0333919478596987,503.880000000001,1393.439285714286,0.0030751707695463,0.0340482387354184,0.0036023237884856,0.6785714285714286,2,0,0.03854732041385456
2022-06-05,29919.21,0.0018456679976868,0.0352866514971228,0.0324560103215916,657.5800000000017,1352.346428571429,0.002828244006454,0.0340482387354184,0.0030266421925542,0.5833333333333334,2,0,0.03715387889827368
2022-06-06,31373.1,0.0474500888349513,0.03355564621308,0.0327747118797274,1875.41,1357.4357142857148,0.0027281818287172,0.0327538504229676,0.0024008015406136,0.4761904761904761,1,0,0.035613027727848
2022-06-07,31125.33,-0.007928880711022,0.0353131211018836,0.0327178385397666,2370.6399999999994,1442.7057142857143,0.0024863012256947,0.0300747422737095,-0.0025736232575206,0.5912698412698413,2,0,0.032130276661130164
2022-06-08,30204.77,-0.0300220982099315,0.0336680278554452,0.033894696389559,1483.34,1482.2635714285716,0.0024222261837377,0.0324392723003291,-0.0022632571625283,0.4841269841269841,1,0,0.03549193991326712
2022-06-09,30109.93,-0.0031448412464669,0.0334487080270968,0.0337164653803981,755.9000000000015,1402.893571428572,0.0024562040902537,0.0321172229208266,-0.0063565423379366,0.4642857142857143,1,0,0.03103040441625808
2022-06-10,29091.88,-0.0343959202434387,0.0318917699324284,0.0346626605960439,1532.7999999999993,1432.7535714285718,0.0026041933594893,0.0341112119704808,-0.0063947422249124,0.376984126984127,1,0,0.029891541159457042
2022-06-11,28424.7,-0.0232006119472725,0.0323412999834092,0.0350277398878651,1340.4199999999985,1470.2121428571431,0.0026725604958102,0.0327756815060417,-0.0048001367063484,0.4087301587301587,1,0,0.02985713839004552
2022-06-12,26574.53,-0.0673052472144988,0.0317276496484215,0.0387557399506072,1984.9599999999991,1558.525714285715,0.0027157621742283,0.0388099751834228,-0.0035590018487013,0.3531746031746032,1,0,0.0295960817890529
2022-06-13,22487.41,-0.1669976412315108,0.0370261425252872,0.0513016687853944,4970.07,1704.7892857142858,0.0025553198375693,0.0666149178878054,0.0034704963122072,0.7023809523809523,2,0,0.03266369271517232
2022-06-14,22136.41,-0.0157318328672531,0.0633878088011869,0.050806530225718,2516.880000000001,1798.9242857142858,0.0079610127305306,0.0633919680497101,0.0280746876993032,1.0,2,1,0.05454780128071214
2022-06-15,22583.72,0.0200055285384088,0.0596214855608305,0.0508647205407791,2688.380000000001,1799.382142857143,0.0099678969113746,0.0632341561003743,0.0259534577053853,0.996031746031746,2,1,0.0591002405364983
2022-06-16,20401.31,-0.1016301782416349,0.0562871088594371,0.0537370991521406,2763.7299999999996,1918.6164285714287,0.011019898025861,0.0680556534087837,0.0228384008323403,0.992063492063492,2,1,0.05722433131566226
2022-06-17,20468.81,0.0033031496542328,0.061838479290819,0.0544116597678798,1118.7700000000004,1897.34,0.0124544664846684,0.0712505933348594,0.0299467093583906,0.996031746031746,2,1,0.0605973955744914
2022-06-18,18970.79,-0.0760018363469718,0.0579903139639396,0.0550702270083514,3170.0600000000013,2087.781428571429,0.0131083966518423,0.0717398791351348,0.0256490139805304,0.988095238095238,2,1,0.05842482997836376
2022-06-19,20574.0,0.0811277149268701,0.0594847007076644,0.0624463105529183,2855.540000000001,2244.7785714285715,0.0135857128194061,0.0717398791351348,0.0277570510592429,0.988095238095238,2,1,0.05929245242459864
2022-06-20,20573.89,-5.346568196173962e-06,0.0614087676001079,0.0593185615545201,1452.9700000000012,2214.604285714286,0.0138450527686195,0.0684012909313475,0.0243826250748206,0.992063492063492,2,1,0.06049288336006474
2022-06-21,20723.52,0.007246490991843,0.0575835460577005,0.0598914979632675,1374.5999999999983,2143.458571428572,0.0137002873876981,0.0716960497255558,-0.0058042627434863,0.9761904761904762,2,0,0.05817159563462031
2022-06-22,19987.99,-0.0361376939508311,0.0540964086063008,0.0599213990399209,1129.4900000000016,2118.1835714285717,0.0130836749976478,0.0719776645951026,-0.0055250769545297,0.9682539682539684,2,0,0.05118930676378048
2022-06-23,21110.13,0.0546214268784677,0.0520943881268187,0.0637421746570857,1342.9300000000003,2160.114285714286,0.0122032508559742,0.0758638780823078,-0.0041927207326184,0.9563492063492064,2,0,0.04976643047609122
2022-06-24,21237.69,0.0060244133369913,0.051931741178129,0.0642152834015887,821.6899999999987,2109.3207142857145,0.0108665007093071,0.0795415556877287,-0.00990673811269,0.9523809523809524,2,0,0.0496503767068774
2022-06-25,21491.19,0.0118656503170235,0.0488681625684447,0.0648654909064777,707.880000000001,2064.139285714286,0.0092738737184369,0.0845801431062064,-0.0091221513954949,0.9325396825396826,2,0,0.04779181514106682
2022-06-26,21038.07,-0.0213094300901079,0.0461601103759274,0.0634327023941228,923.2700000000004,1988.3042857142864,0.0072007480999181,0.0810649649207569,-0.013324590331737,0.9047619047619048,2,0,0.04609431982555644
2022-06-27,20742.56,-0.0141460254601213,0.0440327174884965,0.0464530971641587,1029.8499999999983,1706.8600000000004,0.0060127948733705,0.0511476820067633,-0.0173760501116113,0.8809523809523809,2,0,0.0445286288930979
2022-06-28,20281.29,-0.0224888419964646,0.0417989842545329,0.0465994428989218,1010.09,1599.2321428571431,0.0065361606768039,0.0515070800565093,-0.0157845618031676,0.8253968253968254,2,1,0.042454685352719734
2022-06-29,20123.01,-0.0078348497395381,0.0401423919574506,0.0459826901500999,577.390000000003,1448.4471428571433,0.007237230794468,0.0482600247902893,-0.0139540166488502,0.7777777777777778,2,0,0.04618111917447036
2022-06-30,19942.21,-0.0090253455381876,0.0380704449248005,0.0373689677524624,1553.0800000000015,1361.9721428571434,0.008075306266722,0.0323747657804886,-0.0140239432020181,0.7103174603174603,2,0,0.0397310089548803
2022-07-01,19279.8,-0.0337806752051044,0.0362055847367978,0.0382955435339165,1943.3499999999983,1420.8707142857147,0.0083560420832264,0.0325339782928637,-0.0157261564413312,0.6309523809523809,2,0,0.03784250164207868
2022-07-02,19252.81,-0.0014008915780152,0.0360068760471475,0.0322622334921897,490.380000000001,1229.4650000000004,0.0086528300575323,0.0204173702222892,-0.0128612865212972,0.623015873015873,2,0,0.0373065388282885
2022-07-03,19315.83,0.0032679428719752,0.0342105403980924,0.022687119845088,866.630000000001,1087.4000000000003,0.0086428909471517,0.0204173702222892,-0.011949569977835,0.5357142857142857,2,0,0.03596123223885544
2022-07-04,20236.71,0.046573314820991,0.0325861774509129,0.0264940762620408,1298.699999999997,1076.3807142857145,0.0080791067043531,0.0216558913247654,-0.0114465400375836,0.4285714285714285,1,0,0.03452101207054774
2022-07-05,20175.83,-0.0030129284649955,0.0343974986694945,0.026384724597749,1445.5999999999983,1081.452142857143,0.0073928490634736,0.0204420556981478,-0.0074014855850383,0.5396825396825397,2,0,0.0312161644016967
2022-07-06,20564.51,0.0190814211736078,0.0327539522355825,0.0249640554205726,913.9700000000012,1066.0578571428573,0.0069341338223446,0.017517726188106,-0.007388439721868,0.4404761904761904,1,0,0.0345062049413495
2022-07-07,21624.98,0.0502823534538485,0.0318206457724616,0.0242784311321302,1586.4199999999985,1083.45,0.0064638371807886,0.017517726188106,-0.0062497991523388,0.373015873015873,1,0,0.02966163666347696
2022-07-08,21594.75,-0.0013988983702493,0.0342970508347213,0.0242582727534667,1338.1100000000006,1120.337142857143,0.005430344127501,0.0165224519402537,-0.0019085339020765,0.5436507936507936,2,0,0.030809229300832783
2022-07-09,21591.83,-0.0001352271934678,0.0326516074070281,0.0240632992134638,657.880000000001,1116.7657142857145,0.0045872179992744,0.0156746325298419,-0.0033552686401194,0.4365079365079365,1,0,0.034394176444216856
2022-07-10,20862.47,-0.034363151398205,0.0311514519717481,0.025192834806741,952.6500000000016,1118.864285714286,0.0039381524017981,0.0178428568696455,-0.0030590884263442,0.3134920634920635,1,0,0.029216185583048858
2022-07-11,19963.61,-0.0440407347468472,0.031705914837867,0.027582981259599,993.25,1116.2500000000002,0.003256431260706,0.0221881763410838,-0.0008802626130458,0.3492063492063492,1,0,0.029034988102720198
2022-07-12,19328.75,-0.0323174914457506,0.0333348383799763,0.0282416759885711,819.4199999999983,1102.6307142857145,0.0025813616593316,0.0233705454203245,-0.0010626602895182,0.4761904761904761,1,0,0.03017929502798578
2022-07-13,20234.87,0.0458137289877029,0.0333727315088973,0.03109453411041,1455.670000000002,1165.365,0.001946215991458,0.0244958932204141,0.0006187792733148,0.4761904761904761,1,0,0.03067547010533838
2022-07-14,20588.84,0.0173418276292753,0.0349452442028032,0.0312779758553734,1283.9300000000003,1146.14,0.0015525345888878,0.0257851270112969,0.0031245984303415,0.5634920634920635,2,0,0.03165158772168192
2022-07-15,20830.04,0.0116469941538035,0.0336877500933898,0.02955838704343,817.7099999999991,1065.7371428571428,0.0013517872223548,0.0244302160173975,-0.0006093007413315,0.5079365079365079,1,0,0.03524892205603388
2022-07-16,21195.6,0.0173974373889755,0.0323040570425907,0.0296464478045012,1110.329999999998,1110.0192857142854,0.0011375654522761,0.0263814508237119,-0.0003475503644373,0.4007936507936508,1,0,0.030258045425554422
2022-07-17,20798.16,-0.0189290917114028,0.0313216057666506,0.0304367458636681,934.5300000000024,1114.8692857142855,0.0011793562423874,0.0254507821895019,0.0001701537949025,0.2976190476190476,1,0,0.029203074259990358
2022-07-18,22432.58,0.0756498451821769,0.0305351219365272,0.0342271244442909,2015.1800000000003,1166.0464285714286,0.0013357847832389,0.0254507821895019,-0.0011707929013397,0.242063492063492,1,0,0.02834555356191632
2022-07-19,23396.62,0.0420772010480732,0.0377572035121024,0.0352813594629923,2220.459999999999,1221.3935714285717,0.0018574919905056,0.0274624545530411,0.004422365132126,0.6944444444444444,2,0,0.03248173170726144
2022-07-20,23223.3,-0.0074354824512425,0.0381944701452796,0.0355008913524679,1370.550000000003,1254.0064285714288,0.0023195122633385,0.0255801397844663,0.0048217386363823,0.7142857142857143,2,0,0.03863820448716776
2022-07-21,23152.19,-0.0030667085449955,0.0362826996718574,0.0334991800761228,1101.3100000000013,1219.3557142857148,0.0023965825866541,0.0239525822226169,0.0013374554690541,0.6388888888888888,2,0,0.03774807980311444
2022-07-22,22684.83,-0.0203929573407481,0.0344730804552225,0.0341510757475521,1256.4900000000016,1213.525714285715,0.0024005186924835,0.0250093116496163,0.0007853303618327,0.5357142857142857,2,0,0.0362360162731335
2022-07-23,22451.07,-0.0103581446266982,0.0334355198574289,0.0343439342380764,1066.2000000000007,1242.691428571429,0.0023834123305365,0.0252759723532419,0.0011314628148382,0.4603174603174603,1,0,0.03510134391445734
2022-07-24,22579.68,0.0057121122651899,0.0320318741804334,0.0326369915175409,757.489999999998,1228.751428571429,0.0023203519461963,0.0236950026473301,0.0007102684137827,0.365079365079365,1,0,0.029970722108260038
2022-07-25,21310.9,-0.0578317078758043,0.0306416072631592,0.034412008148344,1416.0,1258.9478571428574,0.0024103855616295,0.0276071734259389,0.0001064853266319,0.2341269841269841,1,0,0.028665232357895518
2022-07-26,21254.67,-0.0026420429802271,0.0345526645443303,0.0328366800014994,641.3199999999997,1246.2264285714289,0.0024167227371293,0.0247780211067109,-0.003204538967772,0.5436507936507936,2,0,0.03059080752659818
2022-07-27,22952.45,0.0768480486898255,0.0328920815250341,0.0365155850368277,2070.100000000002,1290.114285714286,0.0024270183654694,0.0247780211067109,-0.0053023886202454,0.4246031746031746,1,0,0.034633648915020465
2022-07-28,23842.93,0.038063052708388,0.0396670077806665,0.0372913660593866,1617.59,1313.9471428571433,0.0028848536767476,0.0247780211067109,0.0033843081088091,0.746031746031746,2,0,0.0343897490683999
2022-07-29,23773.75,-0.0029057065160618,0.0394325629411183,0.0374588229237129,1028.630000000001,1329.0128571428577,0.0032080510497532,0.0232004726247919,0.0049594824858957,0.7380952380952381,2,0,0.03965636776467098
2022-07-30,23643.51,-0.0054933721401191,0.0373509934887228,0.0375842294452073,1165.75,1332.9714285714292,0.0032213381491454,0.0219501267462288,0.0039154736312938,0.6706349206349206,2,0,0.03851456569323368
2022-07-31,23293.32,-0.0149220344858775,0.0354778152017128,0.0373796645098284,967.5099999999984,1335.3271428571431,0.0030535611324814,0.0216040870046969,0.0034459410212794,0.5753968253968254,2,0,0.037020883521027684
2022-08-01,23268.01,-0.001087168364517,0.0340528114995512,0.0319420729840555,659.6800000000003,1238.5057142857147,0.0027724466933067,0.0204983197184828,0.003411204236392,0.5,2,0,0.03566741889973072
2022-08-02,22987.79,-0.0121162504204264,0.0324279944977526,0.0300172570242557,805.5200000000004,1137.438571428572,0.0027964380524847,0.0198828721106701,-0.0021246700465777,0.3928571428571428,1,0,0.03426433549865156
2022-08-03,22818.37,-0.0073972920914346,0.0311840294556366,0.0300166542918842,966.4599999999992,1108.5750000000005,0.0028205556389037,0.0198815770548451,-0.0017080520693975,0.2817460317460317,1,0,0.02911505647338196
2022-08-04,22622.98,-0.0085997094791796,0.0299105026547549,0.0300786836828539,823.3199999999997,1088.7185714285715,0.0030284400715923,0.0200286124193535,-0.0097565051259116,0.1944444444444444,1,0,0.027862289592852942
2022-08-05,23312.42,0.0300200619305783,0.0287939564514746,0.0306741952002685,885.9099999999999,1062.2485714285715,0.0033402661695406,0.0199918127261885,-0.0106386064896436,0.1309523809523809,1,0,0.026859660670884758
2022-08-06,22954.21,-0.0154849038138831,0.0292372589009187,0.0308624515099997,444.84000000000015,1017.8657142857144,0.0035481729501665,0.0203204745190843,-0.008113734587804,0.1626984126984127,1,0,0.026906988540551218
2022-08-07,23174.39,0.0095464276895302,0.0284800415584292,0.0309188736826612,557.380000000001,1003.572142857143,0.0037736331720055,0.0203204745190843,-0.0069977736432836,0.119047619047619,1,0,0.026559952535057517
2022-08-08,23810.0,0.0270578708603661,0.0275387136933107,0.0262902666450984,1090.75,980.34,0.0040156556411062,0.0093375610125937,-0.0065140978062405,0.0634920634920634,1,0,0.02585926301598642
2022-08-09,23149.95,-0.0281130397960751,0.0278680612343011,0.0279089499545352,1068.25,1010.8350000000002,0.0042008172649187,0.0131996339445941,-0.0045599332634514,0.0912698412698412,1,0,0.02576715154058066
2022-08-10,23954.05,0.0341447911544978,0.0282535285078654,0.0210802311668872,1561.3100000000013,974.4928571428572,0.0043438416742679,0.0131996339445941,-0.0029305009477712,0.1111111111111111,1,0,0.026129717104719237
2022-08-11,23934.39,-0.0008210750278987,0.0292318001822601,0.0185182523611227,1066.41,935.1228571428572,0.0038118812978845,0.0125249638348498,-0.0006787024724948,0.1785714285714285,1,0,0.02678443850935606
2022-08-12,24403.68,0.019417603769849,0.0280530307317059,0.0191729563867707,873.5,924.0421428571428,0.0031100478675158,0.0131668947671612,-0.0007409257197686,0.1031746031746031,1,0,0.02628531643902354
2022-08-13,24441.38,0.0015436569219566,0.0276763948444116,0.0190570150585722,596.7799999999988,883.4014285714285,0.0025004858101464,0.0138298902870542,-0.001560864056507,0.0793650793650793,1,0,0.025819229306646957
2022-08-14,24305.24,-0.0055856325610168,0.0266531529731037,0.0185622592588534,903.5600000000012,878.8335714285715,0.0020498987937964,0.0129357020524816,-0.0018268885853254,0.0436507936507936,0,0,0.02511976938386222
2022-08-15,24094.82,-0.0086950853252414,0.0257887939718669,0.0188021148966957,1438.0999999999983,934.435,0.0017208705385811,0.0132904179509385,-0.0017499197214437,0.0317460317460317,0,0,0.02232014998312014
2022-08-16,23854.74,-0.0100139399087293,0.025103559292782,0.0186844790419865,576.2700000000004,918.06,0.0015924658818404,0.0130697988829696,-0.002764501941519,0.0119047619047619,0,0,0.0218647047756692
2022-08-17,23342.66,-0.0217003519236236,0.0245440899554085,0.0196422654887804,1266.3099999999977,939.477857142857,0.0016006014449269,0.0149279205101268,-0.0037094385524568,0.0039682539682539,0,0,0.0214865071732451
2022-08-18,23191.2,-0.0065096914314182,0.0248055736628221,0.0195663922508087,488.9599999999991,915.595,0.0016278453417999,0.0147951156021983,-0.004426226519438,0.0119047619047619,0,0,0.02163794979769326
2022-08-19,20834.39,-0.1071679095830404,0.0241606640127902,0.0336298507457943,2425.0999999999985,1025.5371428571427,0.0017634038131361,0.0383494522774996,-0.0038923667189156,0.0039682539682539,0,0,0.02126212000767412
2022-08-20,21140.07,0.0145653049068563,0.0412110307384276,0.0340733079706202,620.9499999999971,1038.116428571428,0.0041894320072157,0.0403056171081228,0.013534635894016,0.8174603174603174,2,0,0.031627320843056556
2022-08-21,21515.61,0.0176084265060971,0.03924015240433,0.0344204498787327,730.8899999999994,1050.5099999999995,0.0051891391515058,0.0403056171081228,0.0125869994312263,0.753968253968254,2,0,0.040073089842598
2022-08-22,21399.83,-0.0053957401299662,0.0375775535509411,0.0331423523280157,658.5299999999988,1019.6371428571422,0.0057023216107221,0.0380430402092783,0.0117887595790741,0.7023809523809523,2,0,0.039041908130564656
2022-08-23,21529.12,0.0060234592697359,0.0356831776593131,0.0327725887156978,794.7299999999996,1000.0999999999992,0.0059296029068534,0.0391074052589583,0.0105796183665311,0.626984126984127,2,0,0.03759691059558786
2022-08-24,21368.08,-0.0075082176239664,0.0339656315195075,0.0307561305337251,755.0,942.5064285714278,0.006006882440521,0.0369556588669239,0.009421541564099,0.5515873015873016,1,0,0.0361834001117045
2022-08-25,21559.04,0.0088969984309876,0.0324336432456225,0.0310428349496059,509.7299999999995,902.7435714285706,0.0060254879046007,0.0391963205167185,0.0076280695828003,0.4563492063492063,1,0,0.030764693947373502
2022-08-26,20241.05,-0.0630824976037445,0.03108070278944,0.033295746466218,1778.869999999999,967.4128571428564,0.0059853933276687,0.0425182494678867,0.0069200387766498,0.3333333333333333,1,0,0.029489891273664002
2022-08-27,20037.6,-0.0101022119782676,0.0357875798876575,0.0330392835794212,602.9300000000003,967.852142857142,0.0060613670068225,0.0404626599807463,-0.00542345085077,0.6468253968253969,2,0,0.031890579932594504
2022-08-28,19555.61,-0.0243483067767975,0.0341569683707255,0.033043929806532,651.1800000000003,949.8249999999992,0.0059507329396297,0.0411508314362726,-0.0050831840336044,0.5714285714285714,2,0,0.0361647890224353
2022-08-29,20285.73,0.0366554814045692,0.033418317268521,0.0358677949033875,882.8299999999981,910.1628571428564,0.0056995465159742,0.0432798448987671,-0.00415923628242,0.5119047619047619,1,0,0.0355018123611126
2022-08-30,19811.66,-0.0236470299311744,0.0338885282300604,0.0359860782297732,1036.25,943.0185714285706,0.0053082610982851,0.0438649541233878,-0.0017946494292526,0.5555555555555556,1,0,0.031490460938036244
2022-08-31,20050.02,0.0119594979959547,0.0331298360358238,0.036499921326414,692.0600000000013,902.0007142857136,0.0047199677678094,0.0458888637479361,-0.0008357954836837,0.492063492063492,1,0,0.03112537402149428
2022-09-01,20131.46,0.0040536143276472,0.0318113788114596,0.0367053911036246,642.7099999999991,912.9828571428563,0.0040366321942514,0.0489955193958457,-0.0006222644341628,0.3849206349206349,1,0,0.030103117286875758
2022-09-02,19951.86,-0.0089613935133172,0.0304152137695062,0.0238685311204941,685.9699999999975,788.759285714285,0.0030845831904199,0.0277727311671581,-0.0006654890199338,0.2817460317460317,1,0,0.02888359066170372
2022-09-03,19831.9,-0.0060306197082571,0.0292596441393826,0.0233250601281634,403.2099999999991,773.206428571428,0.0027354753494868,0.0260663589456033,-0.0065279357482749,0.2182539682539682,1,0,0.02752705808362956
2022-09-04,20000.3,0.0084555210771046,0.0281415545653667,0.0227776710424454,446.130000000001,752.8664285714282,0.0026129542702942,0.0260663589456033,-0.0060154138053588,0.1388888888888889,1,0,0.026578059139220022
2022-09-05,19796.84,-0.0102249444373896,0.0271993023565141,0.0228171260853629,423.4399999999987,736.0742857142852,0.0026588732669002,0.0262466093682733,-0.0062190149120068,0.0833333333333333,1,0,0.02574306821390846
2022-09-06,18790.61,-0.0521650520290393,0.0264175204467579,0.0256663632774857,1530.4900000000016,788.6285714285711,0.0028623538112335,0.0302439501385322,-0.0074710077833025,0.0634920634920634,0,0,0.02509010106805474
2022-09-07,19292.84,0.0263767656480595,0.0303757376980162,0.0274279898489049,953.2900000000008,802.7921428571426,0.0027849633876766,0.0319685301271997,-0.0027540983378075,0.2896825396825397,1,0,0.02520409021880972
2022-09-08,19319.77,0.0013948813284816,0.0302566819678015,0.0271592265422422,446.25,798.2578571428569,0.00277461549993,0.0319685301271997,-0.0015546968436581,0.2896825396825397,1,0,0.0281167035806809
2022-09-09,21360.11,0.1003962399398634,0.0289821663348803,0.0354545412864447,2305.470000000001,835.8721428571428,0.0028315852296385,0.0244846711347061,-0.0014330474346258,0.2023809523809523,1,0,0.02741579500092818
2022-09-10,21648.34,0.013403613252505,0.0421930059440004,0.0352995465266545,699.6699999999983,842.7821428571426,0.0039648378595358,0.0261229119011425,0.0129333618046177,0.8452380952380952,2,0,0.03496466156640024
2022-09-11,21826.87,0.008213002469084,0.0400944356624718,0.0342367110205695,510.0,832.697857142857,0.004555592871217,0.0264635565042648,0.011952881097105,0.7896825396825397,2,0,0.04053365459748308
2022-09-12,22395.74,0.0257289825902695,0.0380345620608104,0.0336490068436939,949.4900000000016,837.4592857142858,0.004837914731582,0.0264635565042648,0.0108352597042962,0.7222222222222222,2,0,0.03921437923648624
2022-09-13,20173.57,-0.1044974303611407,0.0369650357963206,0.0445108931144616,2939.0,973.37,0.004990087953671,0.0526538318487604,0.0105475153495626,0.6825396825396826,2,1,0.03822069747779236
2022-09-14,20226.71,0.0026306763540286,0.0481726314649226,0.0444086398132251,923.8600000000006,989.9271428571428,0.0065426928948449,0.0526538318487604,0.0177968937669064,0.9246031746031746,2,1,0.050323889278953565
2022-09-15,19701.88,-0.0262899455334846,0.0453747669832102,0.0449655000553193,833.2400000000016,1003.5364285714288,0.0072474230144734,0.0492498583381063,0.0151180850154086,0.8849206349206349,2,0,0.049937446989926124
2022-09-16,19803.3,0.0051345278170789,0.0435913626331342,0.0449443671637619,569.9900000000016,995.2521428571432,0.0075370743833176,0.0538014585382975,0.0146091962982538,0.8650793650793651,2,1,0.043718123179880525
2022-09-17,20113.62,0.0155486070502064,0.0411859295750069,0.0451110755243009,440.91999999999825,997.9457142857146,0.0074680519020673,0.0600762355889895,-0.0010070763689934,0.7976190476190477,2,0,0.047070205745004146
2022-09-18,19416.18,-0.0352904584441144,0.0392549538132195,0.0460605760698989,781.6399999999994,1021.9107142857146,0.0071269390916235,0.0560036298598062,-0.0008394818492522,0.7380952380952381,2,0,0.040737025487931705
2022-09-19,19537.02,0.0062043882216968,0.0388127661332093,0.046047407976423,1453.6399999999994,1095.4964285714289,0.0065500930239326,0.0624048942363962,0.0007782040723989,0.7222222222222222,2,0,0.03994132767992558
2022-09-20,18875.0,-0.0344728321725096,0.0368245075551132,0.0447582783551015,922.75,1052.0864285714288,0.0056883311785815,0.059255098522036,-0.0001405282412074,0.6507936507936508,2,0,0.038770014533067915
2022-09-21,18461.36,-0.0221583959680238,0.0366115193067856,0.0444634802615588,1830.0200000000004,1114.7100000000005,0.0052214884883634,0.0539178288051374,-0.011561112158137,0.6388888888888888,2,0,0.038195561984071355
2022-09-22,19401.63,0.0496771839912391,0.0354575906943882,0.0466610034988874,1193.7799999999988,1168.105,0.0047095560562365,0.0539178288051374,-0.009917176288822,0.5833333333333334,2,0,0.03728831241663291
2022-09-23,19289.91,-0.0057749218814109,0.037180924606392,0.0367079422791217,968.5800000000016,1072.6128571428574,0.0037208663606611,0.0492764498146882,-0.0064104380267421,0.6706349206349206,2,0,0.0380453655638352
2022-09-24,18920.5,-0.0193361709410382,0.0353270561801156,0.0363297053052195,510.7999999999993,1059.122142857143,0.0038570774410667,0.0462028115172628,-0.0058588733948913,0.5753968253968254,2,0,0.03727389970806936
2022-09-25,18807.38,-0.0059966443373085,0.0341383968288269,0.035990064844261,551.0099999999984,1062.0514285714287,0.0041059608800315,0.0432707439963859,-0.0051165569843926,0.5079365079365079,2,0,0.03604230449729614
2022-09-26,19227.82,0.022108842641316,0.0325592739892421,0.0357206949486578,638.239999999998,1039.8192857142856,0.004457529755777,0.0432707439963859,-0.0062534921439672,0.4087301587301587,1,0,0.03470408039354526
2022-09-27,19079.13,-0.0077631211435953,0.0318429503371131,0.0234805037617454,1569.5400000000009,942.000714285714,0.0048053518718573,0.0226919902879156,-0.004981557218,0.3492063492063492,1,0,0.02985526380226786
2022-09-28,19412.82,0.0173386050667581,0.0305156120449601,0.0241195665642871,1318.7200000000012,970.205,0.0043090817807436,0.0226919902879156,-0.0060959072618255,0.2539682539682539,1,0,0.028489028426976058
2022-09-29,19591.51,0.0091626365658328,0.0297223762041649,0.0233268046236822,802.510000000002,968.01,0.0040022000384275,0.022130296459383,-0.0057352144902232,0.2023809523809523,1,0,0.02766190252249894
2022-09-30,19422.61,-0.0086584577678969,0.028641964809575,0.0233662555731747,1029.6399999999994,1000.8421428571428,0.0037896195870977,0.0209261171762098,-0.008538959796817,0.1349206349206349,1,0,0.026822992085745002
2022-10-01,19310.95,-0.0057655588235903,0.0276547942015743,0.0228669971217121,324.58000000000175,992.532142857143,0.0037783257708145,0.019822716231435,-0.0076722619785413,0.0833333333333333,1,0,0.025983926520944577
2022-10-02,19056.8,-0.0132482992774978,0.0266914588267866,0.0211611563601913,475.5600000000013,970.669285714286,0.0038977169556662,0.0165548303984009,-0.0074469380020402,0.0515873015873015,0,0,0.025225442496071962
2022-10-03,19629.08,0.0295881468899583,0.0261005173493825,0.0226709679674064,759.4199999999983,921.0821428571428,0.0039197338360105,0.0165548303984009,-0.0064587566398595,0.0396825396825396,0,0,0.022551100409629498
2022-10-04,20337.82,0.035470066752179,0.0269080167824694,0.0221098563574819,984.4000000000016,925.4857142857144,0.0038943951275402,0.0126401420466918,-0.0049349335546437,0.0674603174603174,1,0,0.02298556806948164
2022-10-05,20158.26,-0.0088680769475324,0.0282727506990663,0.0211010502653721,635.5999999999985,840.1700000000001,0.0036639632479678,0.0104033276200213,-0.0022428613458937,0.1309523809523809,1,0,0.02600426081943978
2022-10-06,19960.67,-0.0098502925002552,0.0273300769020912,0.0173475543857071,603.5999999999985,798.0142857142857,0.0035074943390495,0.0103433396009035,-0.0023922993020737,0.0833333333333333,1,0,0.025652678941254718
2022-10-07,19530.09,-0.0218074842813216,0.0265201463206895,0.0183996397468023,748.8199999999997,782.3171428571428,0.0029968438490964,0.0124947932037498,-0.0021218184888854,0.0515873015873015,0,0,0.0250127021924137
2022-10-08,19417.96,-0.005757942171451,0.0265193910014494,0.0175919607572686,390.2400000000016,773.7057142857144,0.0025595625410546,0.0108747674622852,-0.0011354032001248,0.0515873015873015,0,0,0.02276794340086964
2022-10-09,19439.02,0.0010839752375062,0.0256727419657342,0.0174501155849478,241.95999999999913,751.6307142857144,0.0021766800278635,0.011337908553393,-0.0010187168610523,0.0277777777777777,0,0,0.022224942379440518
2022-10-10,19131.87,-0.0159268553425899,0.0248511952205535,0.0170961144470944,504.75,742.0957142857145,0.0019558188091136,0.0119352423241452,-0.001249322128829,0.0158730158730158,0,0,0.0216863631323321
2022-10-11,19060.0,-0.0037636326703101,0.0246330894668046,0.0169959662444438,408.09000000000015,659.1350000000002,0.0017025811469356,0.0117186886117455,-0.0022749273156648,0.0119047619047619,0,0,0.02153284968008276
2022-10-12,19155.53,0.0049995485596987,0.0239484440302006,0.0163305802747153,272.4300000000003,584.4000000000002,0.0016044276341825,0.0117186886117455,-0.0043243066688656,0.0039682539682539,0,0,0.021106309218120362
2022-10-13,19375.13,0.0113988381085654,0.0233616744252013,0.0164476483368061,1323.7900000000009,621.6342857142857,0.0015758169744571,0.0117186886117455,-0.0039684024768898,0.0039682539682539,0,0,0.020734369055120782
2022-10-14,19176.93,-0.0102822908155797,0.0230688051709619,0.0165129755531235,881.5,611.0528571428573,0.0016207318818757,0.0118636025000334,-0.0034513411497276,0.0039682539682539,0,0,0.02055596550257714
2022-10-15,19069.39,-0.0056235623928095,0.0227587950110441,0.0165098065823266,252.5,605.9042857142857,0.0017204087344713,0.011856026896556,-0.0037605959904052,0.0039682539682539,0,0,0.020371145406626462
2022-10-16,19262.98,0.0101006875336739,0.0223214753713505,0.0163448682361865,362.09999999999854,597.7999999999998,0.0018722738345842,0.0116703198874355,-0.0033512665943837,0.0039682539682539,0,0,0.0201077464228103
2022-10-17,19549.86,0.01478300606081,0.0220947877235332,0.0147366460381987,524.9300000000003,581.0507142857142,0.0020181991227225,0.0116703198874355,-0.0027564074970202,0.0039682539682539,0,0,0.01997095903411992
2022-10-18,19327.44,-0.0114422774576841,0.0221602644953947,0.0107835127135527,615.6599999999999,554.7121428571427,0.0020491073998902,0.011645202367495,-0.0024728249714098,0.0079365079365079,0,0,0.02001202109723682
2022-10-19,19123.97,-0.0105833257695788,0.022019221447588,0.0108569780170881,294.1899999999987,530.3257142857141,0.0018433056161625,0.0118032982171034,-0.0019292225826126,0.0039682539682539,0,0,0.0199368724685528
2022-10-20,19041.92,-0.0042996574378424,0.021853027741418,0.010718013522683,447.8199999999997,519.1985714285713,0.001676406300838,0.0114276440215971,-0.0015086466837832,0.0039682539682539,0,0,0.0198338066448508
2022-10-21,19164.37,0.00640996125321,0.0214918358313275,0.0095755349082342,600.0,508.5685714285714,0.0015600541552783,0.009352493385984,-0.0015769693396343,0.0039682539682539,0,0,0.0196160302987965
2022-10-22,19204.35,0.0020839900038094,0.021226852745347,0.009527107134324,144.27999999999884,490.9999999999997,0.0013584807005854,0.0097585066350868,-0.0015319422656971,0.0039682539682539,0,0,0.0194452448472082
2022-10-23,19570.4,0.0188814047749072,0.0209068563246433,0.0108867829536501,624.8899999999994,518.3521428571427,0.0012165605604254,0.0097585066350868,-0.0014146190467071,0.0039682539682539,0,0,0.019258092594785982
2022-10-24,19329.72,-0.0123744127879881,0.0214604858680288,0.0105098054302999,444.15000000000146,514.0235714285712,0.0010667418202401,0.0089925408214091,-0.0006343018555044,0.0119047619047619,0,0,0.01958191952081728
2022-10-25,20080.07,0.0380839730139808,0.0214614384563689,0.0143729426070678,1178.869999999999,569.0792857142854,0.000869814070434,0.0095907559842446,-0.0006988260390257,0.0158730158730158,0,0,0.01959497867382134
2022-10-26,20771.59,0.0338584068050522,0.0242919393876071,0.0164843213182887,969.59,618.8764285714284,0.0009273163791702,0.0095907559842446,0.0022727179400191,0.0634920634920634,0,0,0.02129504363256426
2022-10-27,20295.11,-0.0232062173479086,0.0259240006678063,0.0180937506517208,672.2099999999991,572.3349999999997,0.0013401118333259,0.0124809805343646,0.0040709729263882,0.1031746031746031,0,0,0.02237095880068378
2022-10-28,20591.84,0.0145149104854418,0.0261237865629331,0.0178728235716442,749.9099999999999,562.935714285714,0.0016720286555359,0.0128107937646226,0.0046319507316055,0.119047619047619,0,0,0.02259419673775986
2022-10-29,20809.67,0.0105229017033003,0.0256661078555973,0.0176482169887266,530.9900000000016,582.8278571428569,0.0018655307312608,0.0138063330924061,0.0044392551102502,0.0952380952380952,0,0,0.02235641351335838
2022-10-30,20627.48,-0.0087936151026681,0.0250643280068071,0.0180480287476344,416.2099999999991,586.692857142857,0.0019548959643201,0.01310471819528,0.0041574716821638,0.0833333333333333,0,0,0.02195583960408426
2022-10-31,20490.74,-0.0066510906396395,0.0244625256028129,0.018053239089737,607.9699999999975,592.6242857142853,0.0019745777191005,0.0123903121173815,0.003002039734784,0.0674603174603174,0,0,0.02156605256168774
2022-11-01,20483.62,-0.0003475344128212,0.0238593399415428,0.017591200389912,369.2599999999984,575.0242857142852,0.0019611760661526,0.0116117791630025,0.0023979014851738,0.0555555555555555,0,0,0.02116645916492568
2022-11-02,20151.84,-0.0163299430037913,0.023229109112445,0.0180231739760784,751.9599999999991,607.7221428571423,0.0019280905090777,0.0125270801607353,-0.0010628302751621,0.0515873015873015,0,0,0.020759603067467
2022-11-03,20207.82,0.0027740588448494,0.0232478065953775,0.0178790428327442,362.0799999999981,601.5978571428566,0.0018797351057208,0.0134164520110673,-0.0026761940724287,0.0555555555555555,0,0,0.0207588411572265
2022-11-04,21148.52,0.0455002684794454,0.0227017207611961,0.0210197044731472,1121.09,638.8185714285709,0.0018088476614035,0.0134164520110673,-0.0034220658017369,0.0436507936507936,0,0,0.02044042845671766
2022-11-05,21299.37,0.0071075681286796,0.0264473047399431,0.0209714722190163,400.0,657.0842857142852,0.0018322068222758,0.0134164520110673,0.0007811968843458,0.1587301587301587,0,0,0.022663006843965862
2022-11-06,20905.58,-0.0186613858307964,0.0256419935253774,0.0217747447896074,479.1399999999994,646.6735714285709,0.001662897039643,0.0142841291975069,0.0005776655185702,0.119047619047619,0,0,0.02241172411522644
2022-11-07,20591.13,-0.0151557084383835,0.0255118065303276,0.0219545917876934,684.880000000001,663.8685714285709,0.0014816557168898,0.0146620201051134,0.0010492809275147,0.115079365079365,0,0,0.02226267591819656
2022-11-08,18547.23,-0.1045399487863569,0.0251643792873774,0.0346180514478391,3534.0499999999993,832.0957142857138,0.0011907695463252,0.0394230654680628,0.0013050393458346,0.1111111111111111,0,0,0.02204821157242644
2022-11-09,15922.81,-0.1525677793793303,0.0410579141709315,0.0504690140400524,2999.7599999999984,977.1078571428563,0.0044900766490792,0.0629906095575923,0.0178288050584865,0.8134920634920635,2,1,0.0317427617025589
2022-11-10,17601.15,0.1002115684402706,0.0618932915503346,0.0596240477902848,2444.74,1103.7171428571423,0.0105883627315149,0.0663059419550154,0.0386454849549571,0.996031746031746,2,1,0.05909853253020076
2022-11-11,17070.31,-0.0306235436615995,0.0661053441187567,0.0594064163402794,1333.3999999999996,1145.3949999999993,0.0145329602782323,0.0633417756958487,0.0434036233575605,1.0,2,1,0.06309602647125401
2022-11-12,16812.08,-0.0152430215195948,0.0626797726052319,0.0590061469265205,487.7099999999991,1142.3035714285706,0.0166201538537751,0.060284305287343,0.0362324678652888,0.992063492063492,2,1,0.06115288876313914
2022-11-13,16329.85,-0.0291029542452623,0.0589560163545273,0.0590851466120448,725.2799999999988,1164.3799999999992,0.0176433245572704,0.0609193146046503,0.0333140228291499,0.9682539682539684,2,1,0.05882549101271638
2022-11-14,16619.46,0.0175795765326132,0.0560749758096843,0.059752882162149,1374.7900000000009,1219.1528571428566,0.0180038775417934,0.0641763126189674,0.0305631692793567,0.9523809523809524,2,1,0.056990752285810575
2022-11-15,16900.57,0.0167730512461794,0.0529466463077922,0.0602480225481301,606.9699999999975,1236.1321428571423,0.0178301821245427,0.0680691478683064,0.0277822670204148,0.9444444444444444,2,0,0.05507349178467533
2022-11-16,16662.76,-0.0141710598868449,0.0500484720965744,0.0602436302011441,637.3099999999977,1227.9428571428564,0.0172237896259602,0.0680086603234731,0.0089905579256428,0.9206349206349206,2,0,0.04855797245794464
2022-11-17,16692.56,0.0017868218879986,0.0473073299529494,0.0602235892909996,340.2599999999984,1226.384285714285,0.0163041526601247,0.0680086603234731,-0.0145859615973851,0.9007936507936508,2,0,0.04652320437176964
2022-11-18,16700.45,0.000472553995392,0.0445741823180341,0.0579822773133893,464.9599999999991,1179.5178571428564,0.0150584647780616,0.0680086603234731,-0.0215311618007225,0.8849206349206349,2,0,0.04461392139082046
2022-11-19,16700.68,1.377198915086808e-05,0.0420571962709981,0.0577873210620234,268.880000000001,1170.152142857142,0.014040506179757,0.0680086603234731,-0.0206225763342338,0.8452380952380952,2,0,0.04292801456259886
2022-11-20,16280.23,-0.025497948917879,0.0397455934594348,0.0578279135761489,573.3300000000017,1176.8799999999994,0.0128331034037873,0.0682855412128377,-0.0192104228950925,0.7857142857142857,2,0,0.04130409487566088
2022-11-21,15781.29,-0.0311264271128397,0.0384789735405882,0.0579278653068606,843.0,1188.1742857142851,0.0114688173157146,0.0689587558584685,-0.0175960022690961,0.7619047619047619,2,0,0.040216958924352925
2022-11-22,16226.94,0.0278477628835425,0.0377693697392001,0.0535290673255595,698.3700000000008,985.6257142857138,0.0098239007586977,0.0622367360328158,-0.0151772765685921,0.7301587301587301,2,0,0.03965258584352006
2022-11-23,16603.11,0.0229172032029527,0.0368824071434734,0.0346951264577531,545.7999999999993,810.3428571428567,0.0101727405343239,0.0252881786591705,-0.0131660649531009,0.7023809523809523,2,0,0.038790097486084044
2022-11-24,16598.95,-0.0002505868624886,0.0357479690434134,0.0205426633835695,354.58000000000175,661.045714285714,0.0101580163584405,0.023412495665973,-0.011559360909536,0.6587301587301587,2,0,0.03732835142604804
2022-11-25,16522.14,-0.0046381406950626,0.0339714947828527,0.019093131397853,323.1900000000005,588.8878571428569,0.0093009290840902,0.0204266128787134,-0.0106026875351814,0.5873015873015873,1,0,0.03597169686971162
2022-11-26,16458.57,-0.0038549854582061,0.0323852962719128,0.0187400584827768,316.9900000000016,576.6935714285713,0.0084895047309993,0.0196513787364867,-0.0096718999990852,0.5,1,0,0.030571624163147678
2022-11-27,16428.78,-0.0018116393171023,0.0309334106811644,0.0169873713168421,199.0,539.1021428571429,0.0078035953392244,0.016298715527512,-0.0088121827782703,0.4047619047619047,1,0,0.029243337208698643
2022-11-28,16212.91,-0.0132268364279646,0.0295973912691967,0.0165857236918342,491.7700000000005,476.0292857142857,0.0071412157389226,0.0159471239445372,-0.0088815822713914,0.3452380952380952,1,0,0.02803612756151802
2022-11-29,16442.53,0.0140634322802117,0.0286882353408828,0.0163670744379166,448.7099999999991,464.7250000000001,0.0065344533884207,0.0159471239445372,-0.0090811343983173,0.2936507936507936,1,0,0.02727043080452968
2022-11-30,17163.64,0.0429219220456449,0.0279167447877504,0.019836246257378,820.7000000000007,477.824285714286,0.0059778648847814,0.0161849452027093,-0.0089656623557229,0.242063492063492,1,0,0.02661855407265024
2022-12-01,16977.37,-0.0109119119942651,0.0300932450912362,0.0201404367345826,468.9900000000016,487.01928571428624,0.0052291807630168,0.0156234478504006,-0.0056547239521772,0.376984126984127,1,0,0.02773661625474172
2022-12-02,17092.74,0.0067725311702471,0.029036228080845,0.0201930416202598,317.880000000001,476.5135714285721,0.0046373197565074,0.0156234478504006,-0.0049352667020076,0.3214285714285714,1,0,0.027561188848507
2022-12-03,16885.2,-0.0122163133533224,0.0279571395410578,0.020531375586935,330.23999999999796,480.89642857142906,0.0042201625884768,0.0152824347021164,-0.0044281567308549,0.246031746031746,1,0,0.026726118124634678
2022-12-04,17105.7,0.0129742426986609,0.0271770173750307,0.0192794405527932,324.59000000000015,463.1292857142861,0.003957723503075,0.013471404412687,-0.0037563933061337,0.2063492063492063,1,0,0.02598822042501842
2022-12-05,16966.35,-0.0081797706316937,0.0265179216472864,0.0169396370706524,557.25,442.7185714285718,0.0037122559230241,0.0082906881317045,-0.0030794696219102,0.1746031746031746,0,0,0.02544158778837184
2022-12-06,17088.96,0.0072006703080003,0.0257369559109558,0.015664361422021,200.63999999999945,407.1664285714288,0.0034176376285863,0.0082906881317045,-0.002951279429927,0.1388888888888889,0,0,0.02253600114657348
2022-12-07,16836.64,-0.0148751770092268,0.0250100351687199,0.015350618488965,463.3799999999974,401.27928571428583,0.0030857912077937,0.0092565590477079,-0.0029067096190305,0.1031746031746031,0,0,0.02202600430123194
2022-12-08,17224.1,0.0227521019316938,0.0247067520536881,0.0164017864211982,565.5099999999984,416.34571428571417,0.0027103632605279,0.0098176637677814,-0.005386493037548,0.0952380952380952,0,0,0.02178342243221286
2022-12-09,17128.56,-0.0055623201422605,0.025038553234469,0.016435161238982,301.7900000000009,414.8171428571427,0.0023659815917026,0.0098774948184969,-0.003997674846376,0.1111111111111111,0,0,0.021949434740681402
2022-12-10,17127.49,-6.247071687148775e-05,0.0243447270870593,0.0163520762980942,135.72000000000116,401.8692857142856,0.0021644038143176,0.0097830351937867,-0.0036124124539985,0.0833333333333333,0,0,0.02156567105223558
2022-12-11,17085.05,-0.0024809629316511,0.0236615334732733,0.0163677111580885,199.9900000000016,401.94,0.0021074203533131,0.0098013733787408,-0.0035154839017573,0.0674603174603174,0,0,0.021113078083963982
2022-12-12,17209.83,0.0072769200900157,0.0230660568297865,0.0157283928951352,370.0400000000009,393.245,0.0021674044142016,0.0092085841860716,-0.0034518648174999,0.0515873015873015,0,0,0.0207240940978719
2022-12-13,17774.7,0.0322953657130042,0.0226403634460932,0.0172805273523021,919.8600000000006,426.89857142857153,0.0022667320944989,0.0092085841860716,-0.0030965924648625,0.0436507936507936,0,0,0.020443042067655917
2022-12-14,17803.15,0.0015993100237423,0.0243828324720031,0.0135311726165076,727.010000000002,420.2064285714288,0.0022238319772701,0.0092085841860716,-0.0006272026967167,0.0992063492063492,0,0,0.02144610308320186
2022-12-15,17356.34,-0.0254175504220324,0.0237009089329744,0.0151097615932411,579.3100000000013,428.0864285714288,0.0018744100305013,0.0126523188448925,-0.0010058431207137,0.0793650793650793,0,0,0.02115203335978464
2022-12-16,16632.12,-0.0426220919745556,0.0244442852573139,0.0190550746298806,1004.41,477.1242857142858,0.0015226196055969,0.0191611942782712,-0.0005942679771551,0.1071428571428571,0,0,0.021573561954388337
2022-12-17,16776.52,0.0086445242442305,0.0273017276943146,0.0190061992668725,216.97000000000116,469.03357142857175,0.0014280218643768,0.0199569988346755,0.0029570006072552,0.2539682539682539,1,0,0.02335492741658876
2022-12-18,16738.21,-0.0022861599473227,0.0264527801198637,0.0186098549713452,200.1899999999987,460.1478571428574,0.0013476192582745,0.018685553058163,0.0027912466465904,0.2103174603174603,0,0,0.02557101727191822
2022-12-19,16438.88,-0.0180448690471717,0.0255586160289537,0.0190614345102427,559.6900000000023,460.32214285714326,0.0012752331803816,0.0195317299414883,0.0024925591991671,0.1626984126984127,0,0,0.02255844641737222
2022-12-20,16895.56,0.0274016047314589,0.0253947253512468,0.0205396249007485,664.0699999999997,493.42428571428616,0.0012573442326703,0.0195317299414883,0.0027543619051535,0.1587301587301587,0,0,0.02233857801074808
2022-12-21,16824.67,-0.0042046038497876,0.0260785339405157,0.0201723637263494,202.0,474.7542857142863,0.0013094109923555,0.0188690076532116,0.0016957014685126,0.2023809523809523,0,0,0.02272660676430942
2022-12-22,16821.43,-0.0001925929014063,0.0252475450983316,0.0190797091241553,308.6700000000019,456.4085714285723,0.0013153820619496,0.0177899868545369,0.0015466361653572,0.1587301587301587,0,0,0.02231606145899896
2022-12-23,16778.5,-0.0025553638570467,0.0244682327585136,0.019049662404474,224.0099999999984,450.85285714285783,0.0013165263211108,0.0177135954366452,2.3947501199699656e-05,0.115079365079365,0,0,0.021762250055108158
2022-12-24,16836.12,0.0034282735568194,0.023785436693939,0.0190923690688232,93.37000000000262,447.8278571428579,0.001338637023054,0.0187880921964146,-0.0035162910003756,0.0833333333333333,0,0,0.0212652160163634
2022-12-25,16832.11,-0.0002382067616242,0.0231883430153442,0.0190904343711006,136.95999999999913,443.3257142857149,0.0013731482072241,0.018767794331117,-0.0032644371045195,0.0634920634920634,0,0,0.02084619860920652
2022-12-26,16919.39,0.0051719298136827,0.0226320890723006,0.019027863023344,153.52000000000044,427.8600000000006,0.001416915549131,0.018767794331117,-0.002926526956653,0.0436507936507936,0,0,0.02047674304338036
2022-12-27,16706.36,-0.0126708162731752,0.0221985284116883,0.0165728531526258,380.4600000000027,389.3314285714293,0.0014693722093286,0.0181915438764199,-0.0031961969395584,0.0396825396825396,0,0,0.02018930784701298
2022-12-28,16547.31,-0.0095659343975285,0.0221195483277761,0.0165291049141624,319.85999999999694,360.2492857142861,0.0016159734572588,0.0175211230187087,-0.0039589856127396,0.0357142857142857,0,0,0.020162066196665662
2022-12-29,16633.47,0.0051933796404473,0.0218940342973733,0.0156540189913566,175.5,331.40571428571457,0.0017487680455963,0.0164108556514368,-0.0033535108009583,0.0277777777777777,0,0,0.02004816777842398
2022-12-30,16607.48,-0.0015637342071173,0.0215476510225766,0.0107436565878208,344.34999999999854,284.2585714285716,0.0019003099751935,0.0082303516145606,-0.0029205817359369,0.0238095238095238,0,0,0.01986137221354596
2022-12-31,16542.4,-0.0039264144310653,0.0211850351206875,0.0104781044628105,174.09000000000017,281.1957142857144,0.0018171747577193,0.007906104727223,-0.0026004015732515,0.0079365079365079,0,0,0.019649965872412502
2023-01-01,16616.75,0.0044844409220061,0.0208965055904114,0.0105702086080707,128.9900000000016,276.1100000000003,0.0017751581618373,0.008298851274413,-0.0022918374249327,0.0039682539682539,0,0,0.019453441354246842
2023-01-02,16672.87,0.0033716247385005,0.0206543970685957,0.0093139752750302,250.52999999999884,254.02714285714293,0.0017789736160608,0.0060644568320653,-0.0019776920037049,0.0039682539682539,0,0,0.019308092641157418
2023-01-03,16675.18,0.0001385388353263,0.0204207893259176,0.0053985637149745,173.12000000000262,218.959285714286,0.0017494640138877,0.0060644568320653,-0.0017777390857707,0.0039682539682539,0,0,0.01915781359555056
2023-01-04,16850.36,0.0104506352091799,0.0201880083145322,0.0060926327570716,339.2099999999991,228.76000000000025,0.0015431498687667,0.0062853844047716,-0.0019315400132439,0.0039682539682539,0,0,0.01893954418871932
2023-01-05,16831.85,-0.0010990966366719,0.0202548012132616,0.0061008957262591,126.81999999999972,215.77071428571435,0.001341816490726,0.0062986769722049,-0.0016392330841117,0.0079365079365079,0,0,0.01905714152795696
2023-01-06,16950.65,0.0070332562551538,0.0200454456482465,0.0063208651013199,362.0,225.62714285714304,0.0011804619467048,0.0067228892196658,-0.0015022053743301,0.0039682539682539,0,0,0.0188693845889479
2023-01-07,16943.57,-0.0004177703515821,0.0199830010496493,0.0062779640458944,73.90999999999985,224.23714285714283,0.0010439000148333,0.0062261885707074,-0.0012020340710382,0.0039682539682539,0,0,0.018891164629789577
2023-01-08,17127.83,0.0108162151473543,0.0198048851964229,0.0068529913544069,265.9900000000016,233.4535714285716,0.0009421287468426,0.0067243491180035,-0.0010916203939884,0.0039682539682539,0,0,0.01876032231785374
2023-01-09,17178.26,0.002940004898539,0.0199435922906597,0.0067801601806695,294.1399999999994,243.4978571428572,0.0008506812256429,0.0067243491180035,-0.0007108047779359,0.0079365079365079,0,0,0.01887747337439582
2023-01-10,17440.66,0.0151596309333648,0.0197917748181036,0.0065114626416369,352.65999999999985,241.51214285714272,0.0007860574503148,0.0047064135248872,-0.0006290145078139,0.0039682539682539,0,0,0.01880331689086216
2023-01-11,17943.26,0.0284102951545737,0.02021278783373,0.0084600876886911,684.4000000000015,267.5507142857145,0.0006623662949958,0.0021934299873936,2.477951919780189e-05,0.0277777777777777,0,0,0.019022503900238
2023-01-12,18846.62,0.0491190305151327,0.021926691856029,0.0143315498892126,1224.9900000000016,342.514285714286,0.0006677371311483,0.0021934299873936,0.0016718906427674,0.0833333333333333,0,0,0.020090650313617398
2023-01-13,19930.01,0.0558930485095547,0.0265262278269682,0.0186682887417949,1285.880000000001,409.76642857142906,0.0017397307234128,0.0023663809053688,0.0064807821787217,0.3134920634920635,0,0,0.02285213669618092
2023-01-14,20954.92,0.0501468276844185,0.0311107742201656,0.0204040202009219,1369.9500000000007,495.1850000000005,0.0032530974592713,0.0008314281338169,0.0111277731705163,0.4682539682539682,1,0,0.02599890133209936
2023-01-15,20871.5,-0.0039888716561744,0.0337074579243409,0.0209194378325015,499.7300000000032,521.6664285714293,0.004583574090787,0.0024009472139717,0.0139025727279179,0.5992063492063492,1,0,0.03050366995460454
2023-01-16,21185.65,0.014939473685251,0.0321364803779594,0.0205961569791537,862.5699999999997,565.3835714285722,0.0052172918322363,0.0024009472139717,0.0121928880872997,0.5158730158730159,1,0,0.030161135026775643
2023-01-17,21134.81,-0.002402621543176,0.0310442706195811,0.0207677134180063,806.1399999999994,610.5992857142862,0.005531085762944,0.0024013659057174,0.0112524958014775,0.4642857142857143,1,0,0.02919518557174866
2023-01-18,20677.47,-0.021876742420547,0.0297020522431427,0.0231983336008838,1242.8499999999983,675.1450000000004,0.0056042935990464,0.0100165671942789,0.0094892644094126,0.4246031746031746,1,0,0.02818961894588562
2023-01-19,21071.59,0.0188809859816689,0.0293035934624378,0.0227675329048774,532.8100000000013,704.1442857142863,0.0055704273395765,0.0111853707847659,0.0073769016064088,0.4206349206349206,1,0,0.02788594407746268
2023-01-20,22667.21,0.0729936990967772,0.0287424396612798,0.0271599896900864,1894.6500000000017,813.6192857142863,0.005413174950167,0.0111853707847659,0.0022162118343115,0.3968253968253968,1,0,0.02753991179676788
2023-01-21,22783.55,0.0051193975233285,0.0359730247323767,0.026866632417606,949.7999999999992,876.1828571428578,0.0057249264320665,0.0129135012848843,0.0048622505122111,0.7103174603174603,2,0,0.03178295483942602
2023-01-22,22707.88,-0.0033267835189949,0.0342150264706572,0.0275426205769446,786.3400000000001,913.3507142857148,0.0055991884698672,0.0113064476614715,0.0005075685463163,0.6507936507936508,2,0,0.03608465188239432
2023-01-23,22916.45,0.0091429924751462,0.0325908554306015,0.0272933513013214,680.0,940.9121428571434,0.0051745378200594,0.0113064476614715,0.000454375052642,0.5674603174603174,1,0,0.034918133258360906
2023-01-24,22632.89,-0.0124508352125882,0.031230067820504,0.0286780681688652,699.2700000000004,965.6700000000006,0.0044489877629578,0.0115444041195499,0.0001857972009228,0.5,1,0,0.029706372692302398
2023-01-25,23060.94,0.0187361191606463,0.0301187689612753,0.0285400914269091,1516.7299999999996,1025.1221428571432,0.003472576631363,0.0115444041195499,0.0004167167181325,0.4484126984126984,1,0,0.02867731617676518
2023-01-26,23009.65,-0.0022265840828143,0.0294548208833221,0.0275031565381731,432.4600000000027,968.5128571428576,0.0024632542571636,0.0105776809765913,0.0001512274208842,0.4285714285714285,1,0,0.028074652529993263
2023-01-27,23074.16,0.0027996835390577,0.0282621488656967,0.0248529993687618,965.119999999999,945.601428571429,0.0022478159385548,0.0105776809765913,-0.0004802907955831,0.3809523809523809,1,0,0.02724767211941802
2023-01-28,23022.6,-0.0022370345118361,0.0271909348658598,0.0222230748976919,310.5400000000009,869.9292857142862,0.0024976189577118,0.0098294625086478,-0.0087820898665169,0.3333333333333333,1,0,0.02642043171951588
2023-01-29,23742.3,0.0307819252058507,0.0262212879672091,0.0228676302715437,992.7800000000024,905.1471428571432,0.0026638198586169,0.0104914031105866,-0.0079937385034481,0.2896825396825397,0,0,0.02562019838032546
2023-01-30,22826.15,-0.039351458823317,0.0271424605318463,0.0261833896247419,1300.5099999999984,936.4285714285716,0.0027523393335498,0.0177641474681697,-0.0054483948987552,0.3333333333333333,1,0,0.02359422031910778
2023-01-31,23125.13,0.0130130964408881,0.0289710192994382,0.0261574413390232,605.2299999999996,922.0778571428574,0.0027525383938641,0.019162384840343,-0.0022590485210657,0.4206349206349206,1,0,0.027326733179662922
2023-02-01,23732.66,0.0259322535565349,0.0281184040823279,0.0252840807780238,1052.4300000000003,908.476428571429,0.0027951488786442,0.0185719686499922,-0.0020003648789473,0.3849206349206349,1,0,0.027211212849396742
2023-02-02,23488.94,-0.0103224864935693,0.0282604374853359,0.0256826321252936,891.7299999999996,934.1135714285716,0.002823842872705,0.0174697062801649,-0.0011943833979861,0.3968253968253968,1,0,0.02716600009120154
2023-02-03,23431.9,-0.0024313302190961,0.027369966627997,0.0175772051886347,511.08000000000175,835.2871428571432,0.002884659102028,0.0161998906157052,-0.0008921822376996,0.3571428571428571,1,0,0.026664583976798203
2023-02-04,23326.84,-0.0044937129098698,0.0263840200415229,0.0176491554229015,333.8199999999997,791.2885714285718,0.0023586320474711,0.0152366689578218,-0.0008069148243368,0.2936507936507936,0,0,0.02590343442491374
2023-02-05,22932.91,-0.0170316321398207,0.0255261888900791,0.0183158948740329,690.3300000000017,784.4307142857148,0.0019848670559797,0.0163411201123344,-0.00069509907713,0.25,0,0,0.022672355334047458
2023-02-06,22762.52,-0.0074576731070372,0.025296415409148,0.0182648459993269,530.119999999999,773.7250000000004,0.0017252395963996,0.0156058199271132,-0.0018460451226983,0.242063492063492,0,0,0.0224123556454888
2023-02-07,23240.46,0.0207794015559237,0.0246248500598883,0.018742669383933,604.4700000000012,766.9535714285719,0.0016224650882335,0.0159563907372811,-0.0043461692395499,0.2023809523809523,0,0,0.02198054403593298
2023-02-08,22963.0,-0.0120105003106409,0.0247962749335665,0.0184156719099204,786.1500000000015,714.7692857142863,0.0015463298445368,0.0155674281062817,-0.0033221291487614,0.2142857142857142,0,0,0.021997580160139897
2023-02-09,21796.35,-0.0521417003525179,0.0243619618286417,0.023062232661104,1323.3899999999994,778.4071428571432,0.001516275290255,0.0233211935076044,-0.0038984756566942,0.1825396825396825,0,0,0.02175562469718502
2023-02-10,21625.19,-0.0078836856777027,0.0288432529543979,0.0230012566483352,487.15999999999985,744.2671428571432,0.0015719418170035,0.0222644449727294,0.0014732863264009,0.4563492063492063,1,0,0.02443421297263874
2023-02-11,21862.55,0.0109162884567464,0.0278126221209725,0.023372270461637,306.5400000000009,743.981428571429,0.0015969640185651,0.023456936372922,0.0014286020794496,0.3968253968253968,1,0,0.027104627672583502
2023-02-12,21783.54,-0.0036204886304744,0.026992596805978,0.0211739506447146,460.0,705.9257142857144,0.0015926654480187,0.0222826360961921,0.0014664079158989,0.3571428571428571,1,0,0.0264783712835868
2023-02-13,21773.97,-0.0004394190647705,0.0260585143046347,0.0189137945364872,543.9200000000019,651.8835714285718,0.0015984573784525,0.018484627373968,0.0007620988954867,0.2976190476190476,0,0,0.02575298378278082
2023-02-14,22199.84,0.0193698619770401,0.0251950069501937,0.0194072365321032,786.3100000000013,664.8178571428577,0.0014960981910517,0.018484627373968,0.0005701568903054,0.25,0,0,0.02249204617011622
2023-02-15,24324.05,0.0913804911936591,0.025176132110297,0.0311942749053262,2332.720000000001,756.2671428571435,0.0014422642771169,0.018484627373968,0.0003798571767305,0.25,0,0,0.0223444176661782
2023-02-16,23517.72,-0.0337113932826653,0.0378015206701301,0.032490408414653,1744.75,817.1971428571435,0.0034084500753457,0.0210872444885364,0.0134395588414884,0.8253968253968254,2,0,0.02992205240207806
2023-02-17,24569.97,0.043770785975072,0.0373957660844577,0.0344992313825098,1681.7400000000016,900.815714285715,0.0044228860408383,0.0222131278365815,0.0085525131300598,0.8095238095238095,2,0,0.03861090365067463
2023-02-18,24631.95,0.0025194152091874,0.0380759040411074,0.0344268297037991,447.0,908.9000000000008,0.0052111708000645,0.0235069510433682,0.0102632819201349,0.8333333333333334,2,0,0.03922434882466444
2023-02-19,24271.76,-0.0147308461197344,0.0361069071231627,0.0343246218014126,999.4300000000004,930.978571428572,0.0055166417551518,0.0233118406418809,0.0091143103171847,0.7658730158730159,2,0,0.03821619747389762
2023-02-20,24842.2,0.023230285350591,0.034613249579761,0.0345123687726276,1280.3999999999978,984.5700000000004,0.0055736157865331,0.0247614862949015,0.0085547352751263,0.7301587301587301,2,0,0.0369761497478566
2023-02-21,24452.16,-0.0158252643940635,0.0337443880953654,0.0347125330962364,1101.66,1020.083571428572,0.0054478672438642,0.0238284426103296,0.0085493811451717,0.6825396825396826,1,0,0.03628834485721924
2023-02-22,24182.21,-0.0111013167175215,0.0325318262439015,0.0346818577072076,901.3600000000006,1028.3128571428574,0.0052122681708962,0.0237732636932253,0.0073556941336045,0.6309523809523809,1,0,0.0311721897463409
2023-02-23,23940.2,-0.0100581845457679,0.0312400462607796,0.0311098544474618,991.59,1004.6128571428576,0.0048444913152228,0.0154262547857782,-0.0065614744093505,0.5873015873015873,1,0,0.03007082215646776
2023-02-24,23185.29,-0.0320410284614869,0.0300384053841408,0.0326145978706187,1291.16,1062.041428571429,0.0048036350675895,0.0189348544314809,-0.0073573607003169,0.5277777777777778,1,0,0.02899142883048448
2023-02-25,23157.07,-0.0012178923770029,0.0305093312614025,0.0326058133483764,497.130000000001,1075.6550000000004,0.0046916636796207,0.0178565672966339,-0.0075665727797049,0.5515873015873016,1,0,0.0290828679568415
2023-02-26,23554.85,0.0170316105816876,0.0292101371154011,0.0326962650095287,630.8100000000013,1087.8557142857148,0.0045514887433469,0.0188964448463512,-0.0068967700077616,0.492063492063492,1,0,0.02837760706924066
2023-02-27,23492.09,-0.0026679753126401,0.0285439594879733,0.0327332503454668,791.2200000000012,1105.5200000000004,0.0043466866391414,0.0189193354329767,-0.0060692900917877,0.4603174603174603,1,0,0.02776514169278398
2023-02-28,23141.57,-0.0150332013979479,0.0274436924083708,0.0328967905204035,579.0299999999988,1090.714285714286,0.0041044777752716,0.0185278384242474,-0.0063006956869946,0.4007936507936508,1,0,0.02698342984502248
2023-03-01,23628.97,0.0208429342438964,0.0268623468267684,0.0218664962670185,979.9700000000012,994.089285714286,0.0038983957884296,0.0185278384242474,-0.0056694794171331,0.365079365079365,1,0,0.026401121296061036
2023-03-02,23465.32,-0.0069499151047267,0.0267397146511224,0.0199757430575563,601.0299999999988,912.3950000000002,0.0038481491072598,0.0149122263520745,-0.0045003316096571,0.365079365079365,0,0,0.026180610390673438
2023-03-03,22354.34,-0.0485031008319882,0.0258993494201862,0.019585086635745,1505.8199999999997,899.8292857142858,0.0037524359689804,0.0208660519583786,-0.0041390559639545,0.3015873015873015,0,0,0.023058114052111722
2023-03-04,22346.57,-0.0003476439328977,0.029366437679157,0.0194954869847461,252.91999999999825,885.9664285714285,0.0031279779313322,0.019895276048718,-0.0011428935822455,0.5317460317460317,1,0,0.025007147407494202
2023-03-05,22430.24,0.0037372067095855,0.0281737181253441,0.0195536021828052,472.869999999999,848.3549999999998,0.0026598221612804,0.0203397253476991,-0.0010364189900569,0.4563492063492063,1,0,0.02760265487520646
2023-03-06,22410.0,-0.0009027606174552,0.0271225205127235,0.0177980255508062,344.1899999999987,781.482857142857,0.0023125181534318,0.0193950772782701,-0.0014214389752498,0.3849206349206349,1,0,0.0267559891076341
2023-03-07,22197.96,-0.0095068950488119,0.026151784124727,0.0176463115475058,630.9099999999999,747.857857142857,0.0020105994980369,0.0190162641136903,-0.0012919082836438,0.3253968253968254,0,0,0.025882765674836203
2023-03-08,21705.44,-0.0224374723911697,0.0254560766502623,0.0181075664168885,707.0,733.9749999999998,0.0018150780467819,0.0199043216954136,-0.001406270176506,0.2698412698412698,0,0,0.02271611279015738
2023-03-09,20362.22,-0.0638816973065754,0.025653524151114,0.0235411777339718,1792.2700000000004,791.1664285714285,0.001668992878478,0.027531315092771,-0.0010861905000084,0.2896825396825397,0,0,0.0226844016906684
2023-03-10,20150.69,-0.010442692083691,0.0319982615231973,0.0227917050276577,818.6899999999987,757.4185714285712,0.0019438392684329,0.0259722382050822,0.006098912103011,0.6666666666666666,1,0,0.02658885851391838
2023-03-11,20455.73,0.0150245078577899,0.0307354667262051,0.023670671189147,921.4799999999996,787.7292857142854,0.0019689066556711,0.0272371905110547,0.001369029047048,0.6150793650793651,1,0,0.029746604835723056
2023-03-12,21997.11,0.0726480422526165,0.0297929878531552,0.0316666886083423,1879.4000000000017,876.9142857142854,0.0020065640621065,0.0272371905110547,0.001619269727811,0.5714285714285714,1,0,0.029064029911893118
2023-03-13,24113.48,0.0918599391330712,0.0366381846204595,0.0409060456293946,2686.119999999999,1012.2642857142852,0.0030930030719286,0.0286967427053742,0.009515664107736,0.8492063492063492,2,0,0.033007908772275704
2023-03-14,24670.41,0.0228335295528605,0.0452999646760521,0.0409546499863524,2410.4500000000007,1143.0799999999997,0.00544326657725,0.0299698394907588,0.0191481805513251,0.9603174603174603,2,0,0.043706968405631264
2023-03-15,24285.66,-0.0157184970805932,0.0433287440165416,0.0410028006660675,1300.0200000000004,1165.940714285714,0.0064646348216653,0.0287375120381539,0.0178726673662792,0.9484126984126984,2,0,0.043446522409924956
2023-03-16,24998.78,0.028940970979109,0.0412130381113603,0.0415217287286082,1044.4000000000017,1197.61,0.0068941483266296,0.0303815323496949,0.0155595139602463,0.9365079365079364,2,0,0.04212055806681618
2023-03-17,27395.13,0.0915382366931734,0.0400293942943457,0.0445249540893002,2866.84,1294.8257142857142,0.0069792781810298,0.0268108434167075,0.0080311327711484,0.9166666666666666,2,0,0.04135834857660742
2023-03-18,26907.49,-0.0179605738579606,0.0476617611822163,0.0452208899689349,1146.8499999999983,1358.677857142857,0.0079120554546175,0.027656594744446,0.0169262944560112,0.9682539682539684,2,0,0.045749615109329775
2023-03-19,27972.87,0.0388304253763944,0.0452539544215779,0.0456228784251681,1562.8799999999974,1436.535714285714,0.008216926629624,0.027656594744446,0.0154609665684226,0.9523809523809524,2,0,0.044711923452946736
2023-03-20,27717.01,-0.0091888077429889,0.0444096303366092,0.0459087068675083,1347.5299999999988,1508.2028571428568,0.0081676023165769,0.0278717210525415,0.0077714457161496,0.9444444444444444,2,0,0.04412864740196552
2023-03-21,28105.47,0.0139179151711754,0.0420061370985291,0.0453633313339912,1135.4500000000007,1544.2414285714283,0.0076789611328856,0.0298536675232868,-0.003293827577523,0.9246031746031746,2,0,0.042614394259117463
2023-03-22,27250.97,-0.0308751025112403,0.0399414930051419,0.0459774069824919,2266.25,1655.6164285714283,0.0068118459582184,0.0310839738325094,-0.0033872510113996,0.8968253968253969,2,0,0.041228533403085146
2023-03-23,28295.41,0.0376104838761239,0.0390438244075402,0.0399807889390853,1645.0,1645.097142857143,0.0056580779094345,0.0185278672520712,-0.0021692137038201,0.873015873015873,2,0,0.04055700184452412
2023-03-24,27454.47,-0.030170604453767,0.0388455428274644,0.0415846728428955,1374.2999999999993,1684.7835714285711,0.0052089080758996,0.0224393621999501,-0.0011838514668813,0.8690476190476191,2,0,0.04008626969647864
2023-03-25,27462.95,0.000308827329011,0.0380165230996549,0.0419613371525206,631.2400000000016,1664.0521428571428,0.0044950617880846,0.0224393621999501,-0.0096452380825614,0.8452380952380952,2,0,0.03962755385979294
2023-03-26,27968.05,0.0182249636716012,0.036043956324547,0.0392456628725001,776.640000000003,1585.2835714285716,0.0035202277624151,0.0224393621999501,-0.0092099980970308,0.7857142857142857,2,0,0.0382619273947282
2023-03-27,27124.91,-0.0306102933461946,0.0347221979182672,0.0346986009771078,1515.7200000000012,1501.6835714285717,0.0037441311168949,0.0239951902765354,-0.0096874324183419,0.753968253968254,2,0,0.03712514435096032
2023-03-28,27261.07,0.0050071832660627,0.0344222254471743,0.0344546538852146,888.2200000000012,1392.9528571428575,0.0039359154971348,0.0239951902765354,-0.0075839116513548,0.7420634920634921,2,0,0.03677838086830458
2023-03-29,28348.6,0.0391179690895135,0.0328008107866459,0.0347725731928921,1409.9000000000017,1400.801428571429,0.0043114050338108,0.0253280231679071,-0.007140682218496,0.6904761904761905,1,0,0.03573284447198754
2023-03-30,28028.53,-0.0113547262470774,0.0336392295700495,0.0348453383586921,1498.6800000000003,1433.2500000000002,0.0045614580004774,0.0235813259314663,-0.0054045948374907,0.7103174603174603,1,0,0.0318607777420297
2023-03-31,28465.36,0.0154649894422895,0.0322497836065819,0.0255317728725034,1144.9799999999996,1310.2600000000002,0.0048958561503157,0.0235813259314663,-0.0065957592208824,0.6666666666666666,1,0,0.03099971576394914
2023-04-01,28452.73,-0.0004437956441361,0.0311715750937404,0.024859803570069,599.4399999999987,1271.159285714286,0.0044900006850579,0.022413122411446,-0.0068449480059144,0.6349206349206349,1,0,0.030147363056244242
2023-04-02,28171.87,-0.0099201514277655,0.0298081073910718,0.0229445202960909,673.5699999999997,1207.637142857143,0.0042851530616265,0.0210865486633831,-0.0062358489334752,0.5753968253968254,1,0,0.02916378443464308
2023-04-03,27800.0,-0.0132879416650641,0.0287442209005015,0.0231033619162667,1300.75,1204.295714285715,0.0040200756862455,0.0213963713468599,-0.0059779770177657,0.5119047619047619,1,0,0.0282551097403009
2023-04-04,28165.47,0.0130607388888037,0.0279287640141658,0.023065354424133,781.6499999999978,1179.024285714286,0.0039201815379862,0.0213963713468599,-0.0064934614330085,0.4563492063492063,1,0,0.027514500408499478
2023-04-05,28170.01,0.0001611772903977,0.0271909075171409,0.0212759031552597,969.9000000000016,1086.4278571428574,0.0039393667756096,0.0193707726253132,-0.005609903269505,0.4087301587301587,1,0,0.026849729710284542
2023-04-06,28033.82,-0.0048462984303139,0.026211787498352,0.0187411365073018,471.0499999999993,1002.574285714286,0.0039647421810779,0.0180271525407218,-0.0074274420716975,0.3373015873015873,0,0,0.0260476448990112
2023-04-07,27906.33,-0.0045580936314948,0.0253783389086052,0.0167874271272803,333.0600000000013,928.2000000000004,0.0038797498554419,0.0140679902389024,-0.0068714446979767,0.2658730158730158,0,0,0.02270988814516312
2023-04-08,27938.38,0.0011478259451553,0.0246273391905452,0.0167856290729021,295.97000000000116,904.2521428571432,0.003747156029242,0.0140679902389024,-0.0065442359031952,0.2103174603174603,0,0,0.02203662351432712
2023-04-09,28323.76,0.0136996576150227,0.0239165246892568,0.0164737782248578,730.0,900.9207142857146,0.0037320487840889,0.0140679902389024,-0.005891582701815,0.1666666666666666,0,0,0.02149134281355408
2023-04-10,29637.34,0.0453340244367836,0.0236786688564927,0.0177528150579735,1600.0,906.9407142857144,0.0037073181488888,0.0086445395751007,-0.0050655520440088,0.1547619047619047,0,0,0.02126082531389562
2023-04-11,30200.42,0.0188207787579397,0.027152212991586,0.0180550987351597,960.0,912.0678571428572,0.0033341856655459,0.0086445395751007,-0.0007765510225797,0.4246031746031746,1,0,0.0232875941949516
2023-04-12,29888.07,-0.0103964274481089,0.0268436944053576,0.0160883949602813,848.5999999999985,871.9749999999998,0.0030684354410606,0.008915909459874,-0.0003472131117833,0.4047619047619047,1,0,0.026267573443214558
2023-04-13,30373.84,0.0161223075102938,0.0261069739028184,0.015773319582344,740.4099999999999,817.812857142857,0.0025781202356162,0.0084412112315179,-0.0001048135955336,0.3452380952380952,0,0,0.02581694034169104
2023-04-14,30466.93,0.003060121449609,0.0257468934114363,0.0155315600392805,1034.0,809.8857142857141,0.0021517770472839,0.0084412112315179,0.0003685545028311,0.3214285714285714,0,0,0.02286763124686178
2023-04-15,30295.09,-0.0056561799008818,0.0249340203075104,0.0157295329819516,393.59999999999854,795.182857142857,0.0017794902118848,0.0087494733063197,0.0003066811169652,0.242063492063492,0,0,0.02229142418450624
2023-04-16,30304.65,0.0003155129074574,0.0242536849618149,0.0152388680940179,429.9900000000016,777.7842857142857,0.0015416482016156,0.0084960025244607,0.0003371602725581,0.1825396825396825,0,0,0.021716431377088938
2023-04-17,29430.27,-0.0292774295720317,0.0235805254775688,0.0172044997458194,1075.41,761.6885714285714,0.0014241532702168,0.014432662839056,-9.814337892390113e-05,0.1507936507936507,0,0,0.02118809328654128
2023-04-18,30380.01,0.031761089816273,0.0247721091563661,0.0186235917623991,1388.2200000000012,805.0150000000002,0.0012568005789182,0.014432662839056,-0.0023801038352198,0.238095238095238,0,0,0.02187439749381966
2023-04-19,28797.1,-0.0535101387040679,0.026052770824131,0.024411177702563,1893.5299999999988,870.9885714285714,0.0011590519391554,0.0255109248730092,-0.0007909235812266,0.3531746031746032,0,0,0.022813496094478598
2023-04-20,28243.65,-0.0194060340625732,0.0303360567027823,0.0250085100411873,1078.2999999999993,914.3635714285714,0.0017831737727508,0.0266394171508437,0.0042290827999639,0.6349206349206349,1,0,0.02571686602166938
2023-04-21,27262.84,-0.0353440507714548,0.0296905212400382,0.0267812446671158,1249.0200000000004,979.7892857142856,0.0020998112825053,0.0302389841766157,0.0039436278286018,0.5992063492063492,1,0,0.02900811114402292
2023-04-22,27816.85,0.0201173493975321,0.0305780186585213,0.0274071339469958,742.3700000000026,1011.675,0.00241511989474,0.0302389841766157,0.0056439983510108,0.6507936507936508,1,0,0.02954257679511278
2023-04-23,27590.6,-0.0081668171884157,0.0299518460608909,0.0271692816423046,505.59999999999854,995.6464285714284,0.0025016948743396,0.028165515610382,0.005698161099076,0.6111111111111112,1,0,0.02939117723653454
2023-04-24,27510.93,-0.0028917547486724,0.0288186324560608,0.0235381733437488,1057.1800000000003,956.8735714285714,0.0024006868036594,0.0263662571592869,0.005238106978492,0.5476190476190477,1,0,0.02852767867363648
2023-04-25,28300.79,0.0283063392000713,0.027693727907604,0.0244069364553614,1207.9900000000016,974.5871428571428,0.0024066690971373,0.0263662571592869,0.0029216187512378,0.4841269841269841,1,0,0.0275643627445624
2023-04-26,28415.29,0.0040376611202663,0.0281238552788407,0.0244499133629916,2801.0,1114.044285714286,0.0024205795567162,0.0279114682754326,0.0020710844547097,0.503968253968254,1,0,0.02756418436730442
2023-04-27,29472.77,0.036539405650366,0.0270819154058972,0.0262593417958518,1511.1399999999994,1169.0964285714288,0.0024010149998746,0.0279114682754326,-0.0032541412968851,0.4285714285714285,1,0,0.02704625484353832
2023-04-28,29311.7,-0.0054800325013619,0.0285512616852138,0.0262281489477976,708.5400000000009,1145.849285714286,0.0023821394816196,0.0261805776895043,-0.0011392595548243,0.5277777777777778,1,0,0.02763314181112828
2023-04-29,29230.45,-0.0027757795765595,0.0274918988118067,0.0262149859343858,417.880000000001,1147.5835714285718,0.0022690297711828,0.0261225328175597,-0.0030861198467145,0.4722222222222222,1,0,0.02734991848708402
2023-04-30,29233.21,9.441762633599636e-05,0.0264970939088968,0.0262131899681591,889.7999999999993,1180.427142857143,0.0020829836285872,0.0261225328175597,-0.003454752151994,0.3849206349206349,0,0,0.02653779714533808
2023-05-01,28068.26,-0.0406659912079252,0.0255882144696338,0.0272614621167244,1670.3899999999994,1222.9257142857143,0.0018229093765711,0.0279634777992063,-0.003230417986427,0.3015873015873015,0,0,0.02301851348178028
2023-05-02,28669.86,0.0212069961651959,0.0279061363873898,0.0263453483764803,1007.880000000001,1195.7585714285717,0.0015794985922856,0.0279634777992063,0.0002124084797857,0.496031746031746,1,0,0.02419803983243388
2023-05-03,29026.16,0.012351095602062,0.0276786932707589,0.022442255425807,1152.9700000000012,1142.8614285714289,0.0014677741046856,0.0220140013267046,-0.0004451620080818,0.4880952380952381,1,0,0.02729653876245534
2023-05-04,28838.16,-0.0064979822282644,0.0269348813199538,0.0218150114241021,716.1900000000023,1116.996428571429,0.0013810630916344,0.0209009343464632,-0.0001470340859433,0.4285714285714285,1,0,0.026805387191972282
2023-05-05,29505.61,0.0228809046533431,0.0260624855230804,0.0197007303182654,877.0,1090.423571428572,0.0013882847608398,0.0173625145593938,-0.0024887761621333,0.3452380952380952,0,0,0.026042851313848238
2023-05-06,28848.2,-0.0225328154308162,0.0262144719428811,0.0205694144632381,1520.0,1145.9685714285715,0.0011878027736779,0.0181913214873396,-0.0012774268689255,0.373015873015873,0,0,0.02322491916572866
2023-05-07,28430.1,-0.0145991562586509,0.0263155921422369,0.0208976388146797,743.0600000000013,1162.9300000000003,0.0009836305038579,0.0187575040323512,-0.0001815017666598,0.3809523809523809,0,0,0.023320943285342143
2023-05-08,27668.79,-0.0271433798963673,0.0258401899298616,0.0223046749122911,1369.0099999999984,1185.203571428572,0.0009298854936638,0.0213518434444622,0.0002519754602278,0.3293650793650793,0,0,0.02306078915791696
2023-05-09,27628.27,-0.0014655392981985,0.0264286696146111,0.0208093969758753,465.0,1132.1328571428571,0.0009185373060258,0.0199795405814683,-0.0014774667727786,0.3968253968253968,0,0,0.02332133496876666
2023-05-10,27598.75,-0.0010690420309256,0.0255309621182733,0.0207454074923515,1554.4199999999985,1043.0914285714289,0.0009159775294905,0.0188402618100357,-0.0021477311524855,0.2976190476190476,0,0,0.02291308367096398
2023-05-11,26968.62,-0.0230965139643064,0.0247241537313703,0.0181674359791622,928.09,1001.4450000000004,0.0010516229885399,0.0193081540882074,-0.0022107275885835,0.2301587301587301,0,0,0.02219521743882218
2023-05-12,26795.01,-0.0064582917274087,0.0250848754296072,0.0181657454412233,1279.66,1042.239285714286,0.0009483650460838,0.0193383735581872,-0.0009776100934732,0.2619047619047619,0,0,0.02226776485776432
2023-05-13,26775.28,-0.0007366023552286,0.0244080703314937,0.0182052780073812,353.4200000000019,1037.6350000000002,0.0010082335985457,0.0193198461420686,-0.0018064016113873,0.2023809523809523,0,0,0.021931198598896223
2023-05-14,26917.62,0.0053020169686401,0.0237191842648397,0.0183974304621612,639.4700000000012,1019.754285714286,0.0011799849285999,0.0193198461420686,-0.0025964078773972,0.1666666666666666,0,0,0.021394246558903818
2023-05-15,27162.14,0.0090430011641089,0.0231646885243933,0.0157812779689988,937.59,967.4114285714288,0.0013870096040147,0.0151981055420623,-0.0026755014054683,0.1349206349206349,0,0,0.02098569671463598
2023-05-16,27033.84,-0.004734677357133,0.0227907096185231,0.0142522136210045,444.7799999999989,927.1900000000004,0.001438291118464,0.0144957196381729,-0.003637959996088,0.1269841269841269,0,0,0.02066852857111386
2023-05-17,27405.61,0.0136583223911834,0.0223291260391396,0.0143727400356188,955.2900000000008,913.0700000000004,0.0014819368333774,0.0144957196381729,-0.0032018360791337,0.1111111111111111,0,0,0.020365424023483757
2023-05-18,26821.28,-0.0215521346696405,0.0222915166234197,0.0151098936842162,1124.130000000001,942.2085714285716,0.0015267372541428,0.0158856212156296,-0.0024326371079506,0.1071428571428571,0,0,0.02031157197405182
2023-05-19,26880.26,0.0021965859345858,0.0228734787026953,0.0130221782991659,553.5999999999985,919.1085714285716,0.0015354170565967,0.0158856212156296,-0.0022113967269118,0.1388888888888889,0,0,0.020665422021617183
2023-05-20,27102.43,0.0082312035351925,0.0223631716802649,0.012729357405607,324.8899999999994,833.7435714285714,0.0015319198197561,0.0149658939771787,-0.0020448986512288,0.119047619047619,0,0,0.02041946260815894
2023-05-21,26747.78,-0.0131719125185139,0.022053908863239,0.0126473506737857,611.5200000000004,824.347857142857,0.0014876724825356,0.0148180286541476,-0.0016652754016006,0.0912698412698412,0,0,0.0201841529179434
2023-05-22,26849.27,0.0037871532594397,0.0220231133747593,0.0109480915440481,561.6800000000003,766.6814285714287,0.001439685541047,0.0124469006511548,-0.0011415751496339,0.0912698412698412,0,0,0.02011189402485558
2023-05-23,27219.61,0.0136990369171225,0.0216322989419403,0.0117421461300194,697.7200000000012,783.3042857142858,0.0012634297816244,0.0132947620250725,-0.0011584106765827,0.0753968253968253,0,0,0.019859196165164184
2023-05-24,26329.01,-0.0332662963152898,0.0216900957833818,0.0145584432513224,1139.1100000000006,753.6392857142861,0.0011316377363397,0.0182942555417812,-0.0006390302557577,0.0793650793650793,0,0,0.019868804670029078
2023-05-25,26473.79,0.0054838138440036,0.0237560056007908,0.0135473714080922,760.0900000000001,741.6392857142861,0.0010400427474553,0.0173652408731377,0.0014644889773711,0.2103174603174603,0,0,0.02114444136047448
2023-05-26,26705.92,0.0087300767265965,0.0232016008957106,0.0137116319880108,604.9199999999983,693.4435714285717,0.0008326496230191,0.0188021276001214,0.0003281221930152,0.1785714285714285,0,0,0.02106444453742636
2023-05-27,26854.27,0.0055395762922678,0.0228110813500234,0.0137964093207371,344.0,692.7707142857143,0.0006815714073849,0.0210181910997742,0.0004479096697584,0.1587301587301587,0,0,0.02077232241001404
2023-05-28,28065.0,0.0440984084261266,0.0223656151413914,0.0181174633206888,1496.9599999999991,754.0199999999999,0.0006056475176694,0.0210181910997742,0.0003117062781523,0.1388888888888889,0,0,0.02047836948483484
2023-05-29,27736.4,-0.01177761842521,0.0259574625237834,0.01843341712488,922.5400000000008,752.9449999999999,0.0010949335063232,0.0195231643142005,0.003934349149024,0.4166666666666667,0,0,0.02259628471427004
2023-05-30,27694.4,-0.0015154032789546,0.0253782403441533,0.0183697044554253,484.59000000000015,755.7885714285715,0.0013052131989696,0.0194198300796792,0.0037459414022129,0.3492063492063492,0,0,0.02283632220649198
2023-05-31,27210.35,-0.0176328110595243,0.0245897779222861,0.0187065186518321,996.5,758.7321428571429,0.0013663553369877,0.0191335875163674,0.0028996821389042,0.2777777777777778,0,0,0.02222086675337166
2023-06-01,26817.93,-0.0145267219636178,0.0245213323003331,0.0181856280618361,744.9500000000007,731.6478571428571,0.0013981549238221,0.0179958151138391,0.0007653266995422,0.2777777777777778,0,0,0.022020798180199856
2023-06-02,27242.59,0.0157108638581497,0.0242571996142044,0.0186640829067073,795.0,748.8907142857144,0.0014197699908102,0.0179958151138391,0.0010555987184938,0.246031746031746,0,0,0.02184601656852264
2023-06-03,27069.22,-0.006384268499378,0.0241000696522377,0.0186345998366871,418.3600000000006,755.567142857143,0.0014047230889863,0.0168347220009337,0.0012889883022143,0.242063492063492,0,0,0.02168771139134262
2023-06-04,27115.21,0.0016975360281126,0.0235299443683641,0.0182512844568017,504.0200000000005,747.8885714285716,0.0013458180223573,0.0173702608622978,0.0011643292269726,0.2023809523809523,0,0,0.02132917942101846
2023-06-05,25728.2,-0.0525071584555583,0.0229419183702063,0.0231324628194275,1741.3300000000015,832.149285714286,0.001286290975234,0.0255436809731956,-0.0030155441535771,0.1706349206349206,0,0,0.020897709422123777
2023-06-06,27230.08,0.0567345780192702,0.0278837458755458,0.0278974979569825,2004.3100000000013,925.4771428571432,0.0015908190325994,0.0255436809731956,0.0025055055313925,0.623015873015873,1,0,0.02384838752532748
2023-06-07,26339.34,-0.0332586055638568,0.0322705188125941,0.0278967919938753,1266.760000000002,934.5950000000004,0.0025792284789913,0.0255422502564401,0.007680740890308,0.8134920634920635,1,0,0.030460652887556464
2023-06-08,26498.61,0.006028639732694,0.0325476949427607,0.0279053669988521,600.0,923.1600000000004,0.0032750749732442,0.0255422502564401,0.0080263626424276,0.8214285714285714,1,0,0.03155246976565642
2023-06-09,26477.81,-0.0007852550651321,0.0311153290817162,0.0277937908789051,513.4200000000019,916.6242857142864,0.0035294721979823,0.0238942002969748,0.0068581294675118,0.7817460317460317,1,0,0.03076028424902972
2023-06-10,25841.21,-0.0243365192777016,0.0297578111780519,0.0284248590773627,1175.869999999999,976.043571428572,0.0035320553615417,0.0239437503634608,0.0056577415258142,0.7261904761904762,1,0,0.029746234706831142
2023-06-11,25925.55,0.0032584644904947,0.0295452255690362,0.0251550620106813,572.1800000000003,909.9878571428578,0.0034019962756199,0.0239437503634608,0.0060152812006721,0.7103174603174603,1,0,0.02938219014142172
2023-06-12,25905.19,-0.0007856342026855,0.0283538179165593,0.0251210791617372,504.369999999999,880.118571428572,0.0034042577788559,0.023621161789426,0.005411899546353,0.6547619047619048,1,0,0.02858590794993558
2023-06-13,25934.25,0.0011211542039806,0.0272603468221864,0.0251580881295174,720.6399999999994,896.9792857142862,0.0033637252277117,0.0250482961282855,-0.0006233990533594,0.5753968253968254,1,0,0.027687419293311838
2023-06-14,25128.6,-0.0315578492380286,0.0262765913560935,0.0259712640773481,1277.4399999999987,917.0464285714288,0.0032872111331172,0.026702806346224,-0.0059939274565006,0.4880952380952381,0,0,0.0267730536136561
2023-06-15,25598.49,0.0185267256736541,0.0272774297188058,0.0266004375933129,959.0099999999984,932.3364285714288,0.0031787844612321,0.0280135000187493,-0.0052702652239548,0.5833333333333334,1,0,0.02426033463128348
2023-06-16,26345.0,0.0287451382903789,0.0269332077038828,0.0275297790359049,1342.4399999999987,971.4392857142858,0.0030362574258526,0.0280135000187493,-0.0041821213778334,0.5396825396825397,1,0,0.027141530622329678
2023-06-17,26516.99,0.0065071559690323,0.0275213682452145,0.0276015152893381,658.9900000000016,988.627142857143,0.002843441538255,0.0301455756809937,-0.0022364429328374,0.5992063492063492,1,0,0.0274051449471287
2023-06-18,26339.97,-0.0066981022679595,0.0265886951444099,0.0276185479307391,444.15000000000146,984.3507142857144,0.0025708168222226,0.0280239667142842,-0.0029565304246263,0.5198412698412699,0,0,0.02711010828664594
2023-06-19,26844.35,0.0189678131440089,0.0257575216879604,0.0239394274189972,811.4799999999996,917.9328571428572,0.0022027525203304,0.0213713097545364,-0.0025962962285989,0.4246031746031746,0,0,0.023448054612776235
2023-06-20,28307.99,0.0530887264501149,0.0256349766855993,0.0233221918107894,1750.7400000000016,899.8207142857144,0.002329965493979,0.0213713097545364,-0.0016253701365871,0.4007936507936508,0,0,0.02304074201135958
2023-06-21,29993.89,0.0578495972961707,0.0299510921809217,0.0251354325754349,2542.0099999999984,990.91,0.0021005982177781,0.0180790621421238,0.0036745008248281,0.7341269841269841,1,0,0.025573482508553017
2023-06-22,29884.92,-0.0036396889082084,0.0340266533190589,0.0253634407204866,974.3899999999994,1017.6521428571426,0.0023585000468774,0.0165706053753949,0.0067492236002531,0.8452380952380952,2,0,0.03189769279143534
2023-06-23,30688.5,0.0265339862374442,0.0324227512630925,0.0256361044323568,1631.9399999999987,1097.546428571428,0.0025007543187593,0.0181487914171996,0.0054895435592096,0.8095238095238095,1,0,0.0357243947578555
2023-06-24,30527.43,-0.0052623678739376,0.0320587499169343,0.0241007928046383,550.0,1052.8414285714282,0.002668330251161,0.0147127121538607,0.0045373816717197,0.7896825396825397,1,0,0.03128445835016058
2023-06-25,30462.66,-0.0021239524109262,0.0306579367104745,0.0242914909949027,768.5199999999968,1066.8657142857137,0.0027165994607092,0.0134587683219012,0.0040692415660645,0.75,1,0,0.0301985604262847
2023-06-26,30267.99,-0.0064109528466911,0.0293498917988681,0.0245557751682425,736.0,1083.4107142857138,0.0027220471742877,0.0137071378227899,0.0035923701109077,0.6785714285714286,1,0,0.02922001227932086
2023-06-27,30692.44,0.01392565174568,0.0282312914890092,0.0243927204895069,768.8000000000029,1086.850714285714,0.0026949420156481,0.0137071378227899,0.0025963148034099,0.6190476190476191,1,0,0.028255018893405523
2023-06-28,30077.41,-0.0202419785448828,0.0275028558864651,0.0229840156422766,850.9400000000023,1056.3864285714285,0.0026269682699861,0.0094969610107576,-0.0024482362944566,0.5674603174603174,1,0,0.02756847673187906
2023-06-29,30447.31,0.0122232570589524,0.0272532968751991,0.0229257246450902,794.0,1044.6,0.0026280879491378,0.0094969610107576,-0.0067733564438598,0.5396825396825397,1,0,0.027134105325119458
2023-06-30,30472.0,0.0008105804662541,0.0265501748839485,0.0226062040852705,1782.0,1075.997142857143,0.0026514595891067,0.0094969610107576,-0.0058725763791439,0.4801587301587302,0,0,0.026583026930369097
2023-07-01,30585.9,0.0037308892745926,0.0256371412759159,0.0226550561611792,341.02999999999884,1053.2857142857142,0.0027678231047613,0.0094969610107576,-0.0064216086410183,0.3611111111111111,0,0,0.02312675036554954
2023-07-02,30617.03,0.0010172716464573,0.0248449172540264,0.0223035809728167,636.0,1066.9892857142856,0.0029053498894474,0.009962821253511,-0.005813019456448,0.2777777777777778,0,0,0.02234152555241584
2023-07-03,31156.2,0.0174568722490278,0.0241102795791524,0.0222643666712094,809.7299999999996,1066.8642857142856,0.003057088895964,0.009962821253511,-0.0052396122197156,0.2023809523809523,0,0,0.02172641134749144
2023-07-04,30766.51,-0.0125865016096557,0.0240921396913761,0.0193621245405449,730.6899999999987,994.0035714285711,0.0031910558016167,0.0104459646069421,-0.004139151797633,0.1944444444444444,0,0,0.02156261181482566
2023-07-05,30504.81,-0.0085423846394387,0.0237711953958778,0.0126340236360142,678.0699999999997,860.8649999999998,0.0033725677603161,0.0101958072247163,-0.0037316604905872,0.1825396825396825,0,0,0.02135355243752668
2023-07-06,29895.43,-0.0201787501916612,0.0233071190061637,0.0138379222778773,1649.5499999999993,909.090714285714,0.003076921182349,0.0126582328866799,-0.0039461778690354,0.1547619047619047,0,0,0.021041299003698218
2023-07-07,30344.7,0.0149162470258605,0.0236142340289548,0.012399534536523,747.9799999999996,845.9507142857141,0.0027989551366146,0.0126582328866799,-0.0029359408549936,0.1666666666666666,0,0,0.021187623617372878
2023-07-08,30284.63,-0.0019815498424815,0.0234881911404843,0.0123396653081399,342.34000000000015,831.117857142857,0.0023978436266742,0.01252340690086,-0.0021489501354316,0.1587301587301587,0,0,0.02113110108429058
2023-07-09,30160.71,-0.0041002391122777,0.0229070650290648,0.0123700717095269,384.40000000000146,803.6807142857144,0.0020859311257757,0.0125933703066649,-0.0019378522249616,0.1269841269841269,0,0,0.02076430581743888
2023-07-10,30411.57,0.0082830441339094,0.0224196574590233,0.0124722450676128,1095.7799999999988,829.3792857142859,0.0018704954292998,0.0133482240601701,-0.0016906221201291,0.1031746031746031,0,0,0.02040711247541398
2023-07-11,30622.1,0.0068988423929567,0.0221055145312592,0.0120164425326522,513.630000000001,811.1528571428571,0.0017265647783332,0.0133482240601701,-0.0019866251601169,0.0793650793650793,0,0,0.02017787511875552
2023-07-12,30380.0,-0.0079374733359642,0.0217813671318266,0.0108259591536951,773.25,805.6035714285712,0.0016088148193648,0.0109720576990727,-0.0019898282640512,0.0634920634920634,0,0,0.019935971079095963
2023-07-13,31454.23,0.0347489761397028,0.0215320807528096,0.0139041938127001,1553.2000000000007,859.8321428571427,0.0014336656990376,0.0109720576990727,-0.001775038253354,0.0515873015873015,0,0,0.019740938851685763
2023-07-14,30312.01,-0.036989469688736,0.0238430321525424,0.0174409842586223,1730.0,856.117857142857,0.0011589061628723,0.0172814399563917,0.0002287981235875,0.2103174603174603,0,0,0.021108013291525438
2023-07-15,30289.52,-0.00074222551914,0.0259895400140758,0.0174008871468173,190.90000000000143,845.3942857142857,0.0012139960970196,0.0161674366686785,0.0025013488735915,0.4087301587301587,0,0,0.02274204200844548
2023-07-16,30231.99,-0.0019011428276591,0.0251338652057966,0.017396270232677,377.16999999999825,826.9064285714285,0.001242306997001,0.0152559730070881,0.0022268001767318,0.3134920634920635,0,0,0.02265339192347796
2023-07-17,30138.0,-0.0031138012758322,0.0243738627768813,0.0165755379542631,677.7599999999984,817.4799999999998,0.0012552519250146,0.0145065439368665,0.0019542053178579,0.246031746031746,0,0,0.02198551366612878
2023-07-18,29859.13,-0.0092961782772285,0.0237079364878491,0.0164423784589494,727.7799999999988,817.2721428571427,0.0012443849609111,0.014256216460599,0.0016024219565899,0.1944444444444444,0,0,0.02143556349270946
2023-07-19,29909.21,0.0016758040032573,0.0232800225267862,0.0163628343346272,427.130000000001,799.347857142857,0.0012408460677073,0.0147551299643601,0.0014986553949595,0.1626984126984127,0,0,0.02107007831607172
2023-07-20,29800.0,-0.0036580662106331,0.0227195978817026,0.0154767592542981,846.5,741.9871428571429,0.0012537933790188,0.0131893232557008,0.0011875171288929,0.1269841269841269,0,0,0.02067163792902156
2023-07-21,29901.72,0.0034076103143902,0.0222459399311197,0.0149055777383054,335.3600000000006,712.5142857142857,0.0012845406830822,0.0131893232557008,-0.0015970922214226,0.0992063492063492,0,0,0.02030341835867182
2023-07-22,29794.0,-0.0036089728683474,0.0218228613173166,0.0149197371440422,373.90000000000146,714.7685714285716,0.0013370190944,0.0132275905964119,-0.0041666786967592,0.0714285714285714,0,0,0.01998914999038996
2023-07-23,30083.75,0.0096781279070761,0.0214525381948365,0.0151637843664915,620.0,731.5971428571429,0.0014104260024281,0.0139548845216411,-0.00368132701096,0.0515873015873015,0,0,0.019710552516901902
2023-07-24,29176.5,-0.0306215681317585,0.0213158012017829,0.0169523867582634,1237.6800000000003,741.7328571428573,0.0014764281797771,0.0166519630172362,-0.0030580615750983,0.0515873015873015,0,0,0.01959791512106974
2023-07-25,29228.91,0.0017946972401166,0.0230982008522395,0.0167780068188729,328.34999999999854,728.4985714285714,0.0014564387764315,0.0166519630172362,-0.0006097356356095,0.1706349206349206,0,0,0.0206848189113437
2023-07-26,29351.96,0.0042010363100697,0.0225590191805351,0.0168349114722242,593.0600000000013,715.6278571428572,0.0014198869821049,0.0174377011385801,-0.000721003346251,0.1349206349206349,0,0,0.02059153910832106
2023-07-27,29222.78,-0.0044107821710515,0.02211341578897,0.0129918051263068,483.64000000000306,639.2307142857145,0.0013791556693633,0.0165060338036595,-0.0006061820927325,0.1031746031746031,0,0,0.020260966273382003
2023-07-28,29314.14,0.0031214513568595,0.0217237790518731,0.0093746159170164,419.1000000000022,545.5950000000004,0.0014094568717821,0.0116394882807087,-0.0005221608792465,0.0753968253968253,0,0,0.01995733943112386
2023-07-29,29352.9,0.0013213554199946,0.021357495238147,0.0094186536116753,150.73999999999796,542.7264285714288,0.0011683821347473,0.0124399735919149,-0.0004653660791695,0.0555555555555555,0,0,0.0196595707428882
2023-07-30,29281.09,-0.00244943371254,0.021015743302592,0.009418260011553,415.7599999999984,545.4828571428573,0.0009969671393569,0.012453662583661,-0.0004367948922445,0.0476190476190476,0,0,0.0194208547815552
2023-07-31,29232.25,-0.0016693633056039,0.0207250877526979,0.009416367481766,428.2000000000007,527.6571428571432,0.0008968022018837,0.012413972529225,-0.000590713449085,0.0436507936507936,0,0,0.01922977185161874
2023-08-01,29705.99,0.0160761571043899,0.0204618828218631,0.0103378606633543,1153.5499999999993,558.069285714286,0.0008628612507671,0.0128603270249532,-0.0026363180303764,0.0396825396825396,0,0,0.01906525089311786
2023-08-02,29186.01,-0.0176592240994306,0.0208519459195576,0.0112914593018936,1120.0,607.5600000000003,0.0007944970406054,0.0136495748909541,-0.0017070732609775,0.0515873015873015,0,0,0.019286038751734562
2023-08-03,29193.64,0.0002613924558794,0.021309788625408,0.0112890569372769,465.33000000000175,580.3335714285719,0.0007394820611443,0.0146673947614257,-0.000803627163562,0.0674603174603174,0,0,0.0195863859752448
2023-08-04,29113.99,-0.0027320626663573,0.0209697167584867,0.0112040012888943,525.5400000000009,593.9178571428575,0.0007290322746115,0.013618574400627,-0.0007540622933864,0.0595238095238095,0,0,0.01942087165509202
2023-08-05,29072.13,-0.0014388313646502,0.0206881553994999,0.0111936493274002,173.59000000000017,579.6100000000004,0.0007512105527706,0.0135609972845938,-0.000669339838647,0.0476190476190476,0,0,0.01923013123969994
2023-08-06,29088.42,0.0005601735343265,0.0204276993801688,0.0107332424224983,213.20999999999913,550.5535714285717,0.000794691256815,0.0135609972845938,-0.0005880439224232,0.0396825396825396,0,0,0.01905228082810128
2023-08-07,29211.06,0.0042072478486439,0.0201947972644279,0.0071166595481052,575.75,503.2728571428574,0.0008507148188435,0.0076335236143103,-0.00053029048827,0.0277777777777777,0,0,0.01890023715865674
2023-08-08,29770.42,0.0189678784073805,0.0200340042315387,0.0087310171535642,1097.5499999999993,558.2157142857146,0.0007231877361338,0.0076335236143103,-0.0004278785903244,0.0198412698412698,0,0,0.01875594653892322
2023-08-09,29581.99,-0.0063495528850303,0.0207338528942141,0.0089157759717597,783.3300000000017,571.8064285714289,0.0005760697119419,0.0074636348714589,-0.0001180930253435,0.0674603174603174,0,0,0.01915159653652846
2023-08-10,29455.75,-0.0042765929862085,0.0205608688344226,0.0089100941436929,417.7999999999993,567.1035714285715,0.0004629525594309,0.0074524700284097,-0.0007489197909853,0.0555555555555555,0,0,0.019130227300653557
2023-08-11,29426.03,-0.0010094804377125,0.0203557578746604,0.0088873713770513,312.0699999999997,559.4585714285713,0.0003890974501935,0.0069802777292933,-0.0006139588838263,0.0436507936507936,0,0,0.01898514272479624
2023-08-12,29430.17,0.000140681865524,0.0201334572764134,0.0088822494439622,99.78999999999724,555.8192857142856,0.0003647986910507,0.0069802777292933,-0.0005546981230865,0.0277777777777777,0,0,0.01882787316584804
2023-08-13,29303.84,-0.0043017731911714,0.0199361909856663,0.0089381754487522,202.33000000000175,540.5742857142858,0.0003847325235528,0.007091365740292,-0.0004915083945024,0.0119047619047619,0,0,0.01868153459139978
2023-08-14,29430.93,0.0043275966976992,0.0198101646296277,0.0089926888143148,592.869999999999,552.3364285714285,0.0004242415302576,0.0075546860637677,-0.0003846326348002,0.0119047619047619,0,0,0.01858058117777662
2023-08-15,29200.0,-0.0078774528796099,0.0197007977614714,0.008024463901004,439.65999999999985,501.3442857142857,0.00047050185538,0.0075957820081697,-0.0003332064700673,0.0039682539682539,0,0,0.018515920656882838
2023-08-16,28730.51,-0.0162090849613036,0.0197154388017546,0.0078023239116191,536.7699999999968,459.6849999999998,0.0004857467453545,0.0071802983400232,-0.0010184140924595,0.0079365079365079,0,0,0.01852031808105276
2023-08-17,26623.41,-0.0761687203764118,0.0202293654976049,0.0214905966887029,3617.48,684.8385714285711,0.0003948222561324,0.0262765790048728,-0.0003315033368176,0.0595238095238095,0,0,0.01884597129856294
2023-08-18,26054.0,-0.0216195966611483,0.0313021645547615,0.0218205766239389,1213.5999999999983,733.9857142857137,0.0029877639930023,0.0272316609669532,0.0109464066801011,0.8531746031746031,1,0,0.0256700743328569
2023-08-19,26100.01,0.0017643901949639,0.0306957005511342,0.0219105067017483,479.90999999999985,755.8657142857137,0.0039521825981918,0.0288790581465961,0.0105622432747208,0.8214285714285714,1,0,0.03050618273068052
2023-08-20,26189.99,0.0034415792240878,0.0293817233096895,0.0220074173956962,327.9500000000007,764.0614285714281,0.0044261580672111,0.0288790581465961,0.0094455323240232,0.7579365079365079,1,0,0.0297480635858137
2023-08-21,26126.92,-0.0024110762869486,0.0282082807118391,0.0218068220169641,446.41999999999825,754.8235714285709,0.0046401388419044,0.0272392961328897,0.0083981160822114,0.6944444444444444,1,0,0.02877466242710346
2023-08-22,26056.0,-0.002718132433543,0.0271386649269829,0.0204757356694082,839.4199999999983,736.3857142857136,0.0046891669819091,0.0258557566670628,0.0074378671655115,0.6031746031746031,1,0,0.027835245356189742
2023-08-23,26432.72,0.0143545687030837,0.0261788357251437,0.0214469141214575,1006.4500000000008,752.3228571428564,0.0046748786093932,0.0271720540801754,0.0064633969233891,0.5198412698412699,0,0,0.02686178463508622
2023-08-24,26180.05,-0.0096049663422359,0.0257057135014703,0.0214222515391593,713.869999999999,773.4707142857135,0.0046014138791583,0.0273228655510557,0.0054763480038654,0.4682539682539682,0,0,0.023427537700882184
2023-08-25,26060.01,-0.0045957149083015,0.0250627377057577,0.0213481255279813,536.8999999999978,789.5299999999991,0.0044707565405543,0.0273637074771471,-0.0062394268490038,0.3968253968253968,0,0,0.022869804623454622
2023-08-26,26017.37,-0.0016375635459642,0.0243461794385328,0.0212968549247139,139.85000000000218,792.391428571428,0.0042913961281089,0.0259646567403094,-0.0063495211126014,0.3452380952380952,0,0,0.022242405663119677
2023-08-27,26101.77,0.0032387362406804,0.0236684753691759,0.021513724423039,216.11999999999895,793.3764285714278,0.0040754872344645,0.0273315624300971,-0.0057132479405136,0.2936507936507936,0,0,0.02170414042150554
2023-08-28,26120.0,0.0006981762870346,0.0230816039514,0.0213717025579168,389.4900000000016,778.8492857142852,0.0038367794160574,0.0273315624300971,-0.0051266767604391,0.2539682539682539,0,0,0.02124671997084
2023-08-29,27716.34,0.0593208265640985,0.0225382330601763,0.0280354030723192,2220.8499999999985,906.0771428571422,0.0035839941435418,0.0288554034800291,-0.0046004318668066,0.2222222222222222,0,0,0.020832649436105778
2023-08-30,27299.99,-0.0151357950818482,0.0289418122614182,0.0280000835036803,751.3299999999981,921.4028571428564,0.003269392528613,0.0287824432976058,0.0027629765362745,0.7341269841269841,1,0,0.02462602815685092
2023-08-31,25940.78,-0.051070088063355,0.0281982499323325,0.023430205935802,1932.5,801.0471428571424,0.0028165652669185,0.0207180846980903,0.0024925364308622,0.6865079365079365,1,0,0.028529665159399503
2023-09-01,25805.05,-0.0052460386193207,0.0315552769646323,0.0227670314549046,822.25,773.093571428571,0.0028486878744518,0.0193456268632688,0.0064925392588745,0.8531746031746031,1,0,0.03031925537877938
2023-09-02,25869.51,0.0024948459526168,0.0302013279837797,0.0227739144480125,235.02999999999884,755.6021428571423,0.0027988346259434,0.0193456268632688,0.0058551485452469,0.7976190476190477,1,0,0.030197214790267816
2023-09-03,25971.21,0.0039235616506463,0.0289394386954166,0.0227809120345463,335.0,756.1057142857137,0.0027689261259619,0.0193456268632688,0.0052709633262407,0.7222222222222222,1,0,0.02921130681724996
2023-09-04,25826.02,-0.0056061059735252,0.0278153675634733,0.0228164355541287,476.8100000000013,758.2764285714283,0.0027543882105638,0.0194282055437048,0.0047337636120733,0.6468253968253969,1,0,0.02821427773808398
2023-09-05,25792.1,-0.001314267349624,0.0268323756507735,0.0228105709683111,352.8700000000026,723.5228571428571,0.0027515893563298,0.0194099858962067,0.0042941425905972,0.5515873015873016,1,0,0.0273108609904641
2023-09-06,25759.95,-0.0012472832474372,0.0258927110953717,0.0223943912135716,667.4900000000016,699.3114285714286,0.0027563968942357,0.0183046324902465,-0.0030491011660465,0.4642857142857143,0,0,0.02636354785722302
2023-09-07,26255.0,0.0190354868493418,0.0250490590830248,0.0229323464502437,827.7599999999984,707.4464285714286,0.0027787778164425,0.0191157028284059,-0.0031491908493077,0.3849206349206349,0,0,0.02278138744981488
2023-09-08,25910.5,-0.0132081551334941,0.025023937761604,0.0231851354649754,798.2400000000016,726.1135714285717,0.0027804265454495,0.0196106333512697,-0.0065313392030282,0.3809523809523809,0,0,0.022548716256962403
2023-09-09,25901.61,-0.0003431630206609,0.0246242659511547,0.0231824485826799,148.45000000000073,726.7278571428573,0.0027642063673569,0.0196024605279386,-0.005577062032625,0.3492063492063492,0,0,0.022294375570692818
2023-09-10,25841.61,-0.0023191454606887,0.0239112770226635,0.0231644273061644,463.09000000000015,744.3685714285717,0.002745112804104,0.0184975376909798,-0.005028161672753,0.2976190476190476,0,0,0.0217979890135981
2023-09-11,25162.52,-0.0266303976758024,0.0232866397820633,0.0241659572713211,999.6899999999988,787.9542857142858,0.0027252891951473,0.0194643473716289,-0.0045287277814099,0.246031746031746,0,0,0.021304778269237983
2023-09-12,25840.1,0.0265719630767762,0.02422693722641,0.0186623835970104,1435.5200000000004,731.8592857142859,0.0025628183727227,0.0194643473716289,-0.0026054384243635,0.3134920634920635,0,0,0.021769899935846
2023-09-13,26222.0,0.0146712042012566,0.0250074787879924,0.0191127479560742,641.0500000000029,723.9821428571433,0.0025193168840864,0.0198872261997345,-0.0008852323073792,0.376984126984127,0,0,0.02237912407279544
2023-09-14,26522.73,0.0114033481188435,0.0246923318478013,0.0134493984618167,733.7200000000012,638.3550000000006,0.0025084150912821,0.0109050561580158,-0.0003567272352235,0.3531746031746032,0,0,0.02233735510868078
2023-09-15,26600.0,0.0029091145916009,0.0242409985113935,0.0133066400502732,664.0,627.0514285714291,0.0020268446750428,0.0114881372186419,-0.0007829392502105,0.3055555555555556,0,0,0.0219477331068361
2023-09-16,26559.67,-0.0015173159554038,0.0235869115895177,0.0133421982664261,332.0,633.9778571428578,0.0016274252413492,0.0107595499730992,-0.0010373543616369,0.246031746031746,0,0,0.02145223615371062
2023-09-17,26527.51,-0.0012115920994144,0.0229913292131764,0.0133522975205332,224.25,626.0671428571435,0.0013323932029554,0.010152237194083,-0.000919947809487,0.2023809523809523,0,0,0.02096279112790584
2023-09-18,26762.51,0.0088197198400656,0.022460260535681,0.0133171602029655,1031.6500000000017,665.6985714285721,0.0011568538603848,0.0105840850821996,-0.0008263792463823,0.1666666666666666,0,0,0.0205494143214086
2023-09-19,27210.26,0.0165920804871486,0.0221619024873781,0.0137702536287523,815.7799999999988,698.7635714285718,0.0010771653886183,0.011303953528059,-0.0020650347390318,0.1388888888888889,0,0,0.02030194949242686
2023-09-20,27125.0,-0.0031382961994257,0.0223454163455987,0.0138329483980832,588.630000000001,693.1307142857147,0.0010350036906192,0.0113562364558461,-0.0026620624423937,0.1507936507936507,0,0,0.020361286607359218
2023-09-21,26568.08,-0.0207453166494904,0.0219067946183181,0.0145072321984762,781.8999999999978,689.8550000000004,0.0010894004393912,0.0129088966800771,-0.0027855372294832,0.115079365079365,0,0,0.02011904077099086
2023-09-22,26580.14,0.0004538251782282,0.0224732230991605,0.0139373874896254,274.6100000000006,652.4528571428574,0.0010462328396279,0.0128655772506372,-0.001767775412233,0.1706349206349206,0,0,0.0204011346594963
2023-09-23,26575.96,-0.0001572726369545,0.0219980039613748,0.013935253905392,123.81000000000132,650.6928571428574,0.0010496305388173,0.0128650607669898,-0.0015889076281428,0.119047619047619,0,0,0.02022114597682488
2023-09-24,26248.38,-0.0124027749048938,0.0215770469896139,0.0144187339942757,616.4599999999991,661.6478571428573,0.001117157111648,0.013664442435136,-0.0014142822235625,0.0952380952380952,0,0,0.01987206019376834
2023-09-25,26304.81,0.0021475393477565,0.0215641678353889,0.01200887031419,455.6900000000023,622.7907142857148,0.0011840969209711,0.0099819906921635,-0.000896092700292,0.0952380952380952,0,0,0.01982425430123334
2023-09-26,26221.67,-0.0031656440496643,0.0212047021458856,0.0100159868854943,309.119999999999,542.3335714285719,0.0012077051900493,0.0093186612413694,-0.0009572003414924,0.0753968253968253,0,0,0.019586413687531362
2023-09-27,26372.99,0.0057542122158018,0.0209009177601132,0.009343941379313,737.9399999999987,549.2542857142859,0.0011062658042303,0.0093186612413694,-0.0014444985854854,0.0674603174603174,0,0,0.01936759345606792
2023-09-28,27021.39,0.0242883942227578,0.0206896478925765,0.0109981895442626,966.079999999998,565.8514285714284,0.0009893291154626,0.0093186612413694,-0.0012171467257415,0.0555555555555555,0,0,0.0192228131355459
2023-09-29,26906.96,-0.004243785383295,0.0218177378176435,0.0110850140771176,579.7299999999996,559.8321428571427,0.0007865785864146,0.0088449974964614,-0.000655485281517,0.1309523809523809,0,0,0.019876063890586097
2023-09-30,26962.56,0.0020642478248635,0.0214596139733651,0.0110682498710671,208.6800000000003,551.0235714285712,0.0006442542342278,0.0094382928086353,-0.0005383899880097,0.1031746031746031,0,0,0.01979746958401906
2023-10-01,27992.57,0.037489880793176,0.0211116995808286,0.0146926971629626,1111.4199999999985,614.3928571428569,0.000574599997298,0.0101825147726825,-0.0004653474087852,0.0833333333333333,0,0,0.01954233654849716
2023-10-02,27494.51,-0.0179527694400132,0.0239312892466274,0.0157022706698248,1298.5600000000013,633.4578571428568,0.0008117084136162,0.0116152828705587,0.0023671214112385,0.3293650793650793,0,0,0.02119763594797644
2023-10-03,27426.46,-0.0024781075361435,0.0239734731715837,0.0151497092749307,516.0200000000004,612.0464285714285,0.0009976466029122,0.0109003703497998,0.002768771025698,0.3333333333333333,0,0,0.02172484150295022
2023-10-04,27778.57,0.0127566192765868,0.023343653678696,0.0154435534675434,637.7200000000012,615.552857142857,0.0010634849280251,0.0115924586758992,0.0024427359185828,0.2738095238095238,0,0,0.021358721807217602
2023-10-05,27410.39,-0.0133427215220667,0.0231238674736078,0.0147259868634393,768.3899999999994,614.5878571428572,0.0011045339833588,0.0099164779302995,0.0024342195810313,0.2539682539682539,0,0,0.021106728484164682
2023-10-06,27931.09,0.0188182667350833,0.0229648466834946,0.015359935893702,1119.0600000000013,674.9057142857143,0.0011254933986144,0.0099164779302995,0.0011471088658511,0.242063492063492,0,0,0.02095818481009676
2023-10-07,27956.67,0.0009154062279908,0.0232078460624385,0.0153427337165404,187.5899999999965,679.4614285714282,0.0011613942555551,0.0107108279100519,0.0017482320890734,0.2698412698412698,0,0,0.0210777820374631
2023-10-08,27917.05,-0.0014181982742726,0.0226511377850231,0.0147290339075958,407.6399999999994,664.545714285714,0.0011521587291071,0.0094561573248702,0.0015394382041944,0.2182539682539682,0,0,0.02080682467101386
2023-10-09,27590.12,-0.0117798756643825,0.0221597328650565,0.0153502784850673,727.9300000000003,683.9914285714282,0.0011344848525075,0.0098218338321494,-0.0017715563815709,0.1706349206349206,0,0,0.0203991797190339
2023-10-10,27390.12,-0.007275373195295,0.0220365175663203,0.0155239649108252,437.0,693.1257142857139,0.0010923379024369,0.0101290860655704,-0.0019369556052633,0.1587301587301587,0,0,0.020227296539792182
2023-10-11,26875.52,-0.0189665293285479,0.0217329168146462,0.0165711612270016,938.7299999999996,707.4678571428568,0.0010260842953564,0.0116077448630041,-0.0016107368640498,0.1349206349206349,0,0,0.02002299888878772
2023-10-12,26759.63,-0.0043214265402866,0.0221679100259082,0.0152347603082633,392.0400000000009,666.4649999999999,0.0009000837331303,0.0110382801286145,-0.0009559574476996,0.1865079365079365,0,0,0.02024854201554492
2023-10-13,26862.0,0.0038182399293198,0.0217700966136439,0.015242680153509,445.0,656.8414285714285,0.0009031448414619,0.0116113249642344,-0.0011947500698506,0.1388888888888889,0,0,0.02010319476818634
2023-10-14,26852.48,-0.0003544668067032,0.0214096243471872,0.0152297272312964,200.58000000000175,656.2628571428571,0.0009078540746326,0.0109478997788894,-0.0017982217152512,0.1031746031746031,0,0,0.01979982900831232
2023-10-15,27154.15,0.0111717075306749,0.0210578464955758,0.0113332035836426,485.08000000000175,611.524285714286,0.0009144694294804,0.0109478997788894,-0.0015932912894472,0.0833333333333333,0,0,0.019515812297345482
2023-10-16,28500.78,0.0484015661102947,0.0210457241733045,0.0167880712984471,2887.34,725.0085714285716,0.0009013527432222,0.0097237252091932,-0.0011140086917519,0.0833333333333333,0,0,0.0194709225039827
2023-10-17,28395.91,-0.0036863346095206,0.0257649259095891,0.0168190812678358,544.3300000000017,727.0307142857146,0.0012223466197507,0.0097714808335524,0.0037284083432687,0.5476190476190477,0,0,0.02229839634575346
2023-10-18,28320.0,-0.0026768518861093,0.0249586147732099,0.0165981165485859,839.4900000000016,741.4428571428574,0.0013784165720369,0.0092557503895568,0.0032256979585637,0.4682539682539682,0,0,0.022804768063925937
2023-10-19,28713.71,0.0138064402260003,0.0242245222912923,0.0163296357035018,816.2299999999996,744.8600000000004,0.0014420419072981,0.0086095297479639,0.002056612265384,0.4007936507936508,0,0,0.02218807937477538
2023-10-20,29669.04,0.0327293688126815,0.023954736838127,0.0177102479524562,1629.2599999999984,781.3028571428573,0.001482179549179,0.0086095297479639,0.0021846402244831,0.3849206349206349,0,0,0.0218644293028762
2023-10-21,29909.8,0.0080821080284518,0.0255037987704259,0.0177081034949499,915.2200000000012,833.276428571429,0.0016565431688414,0.0086095297479639,0.0040941744232387,0.5198412698412699,0,0,0.022759528062255542
2023-10-22,29992.46,0.0027598308466529,0.0248291519046386,0.017629853053254,608.0,847.5878571428576,0.0017330494895757,0.0091883523589337,0.0037713054090628,0.4642857142857143,0,0,0.02267299314278316
2023-10-23,33069.99,0.0976802078654781,0.0241098196209733,0.0296985784968356,4858.310000000005,1142.615000000001,0.0017348767515682,0.0086815442446908,0.0030640954476688,0.4007936507936508,0,0,0.022120753772583983
2023-10-24,33922.73,0.0254590665708622,0.0387588934268449,0.0292700418425539,2447.6600000000035,1286.2335714285723,0.0044758945729901,0.0089362655254231,0.0129939675172558,0.9563492063492064,2,0,0.03078392565610694
2023-10-25,34496.05,0.0167595335532482,0.0375934435910503,0.0275622972128701,1453.7999999999956,1323.0242857142864,0.0056167889803537,0.003144637218093,0.0126348288178404,0.9404761904761904,2,0,0.03928991415463018
2023-10-26,34151.66,-0.0100336308158794,0.0360479107297603,0.0279549305642011,1073.1299999999974,1371.673571428572,0.0061782935509373,0.005512576369991,0.011823388438468,0.9285714285714286,2,0,0.038471592837856186
2023-10-27,33892.02,-0.0076316054672105,0.0343915176271831,0.0285448188409628,854.0500000000029,1400.8914285714293,0.0063530733524603,0.0059965889461775,0.0104367807890561,0.9126984126984128,2,0,0.03746109777630986
2023-10-28,34081.0,0.0055604558078261,0.0328233341923987,0.0283173620026524,633.3300000000017,1431.8021428571435,0.0062563223226209,0.0067020472288331,0.0073195354219727,0.9007936507936508,1,0,0.03643528691543922
2023-10-29,34525.89,0.0129694331309018,0.0313567615293699,0.0282928319859164,820.1100000000006,1455.7328571428577,0.0059473986111463,0.0067020472288331,0.0065276096247312,0.8650793650793651,1,0,0.03121263811762194
2023-10-30,34474.73,-0.0014828854979818,0.0302544467607932,0.0271741401639181,793.1600000000035,1306.1485714285725,0.0054976490886484,0.0060310645433482,0.0061446271398198,0.8253968253968254,1,0,0.03027536925647592
2023-10-31,34639.77,0.0047758520627763,0.0289805790145846,0.0268524468266108,695.489999999998,1316.945714285715,0.0053906772922163,0.0064861320287366,-0.0097783144122603,0.7738095238095238,1,0,0.02928999260875076
2023-11-01,35421.43,0.0223145602612131,0.027865764640198,0.0264724222821195,1484.6100000000006,1363.025714285715,0.0052420400560753,0.0073283490354614,-0.0097276789508523,0.7142857142857143,1,0,0.0283353175841188
2023-11-02,34941.59,-0.0136391939573101,0.0277302798255514,0.0276365690086922,1684.989999999998,1425.0800000000004,0.0050214653490158,0.0093158696663512,-0.0083176309042089,0.7103174603174603,1,0,0.02801871349533084
2023-11-03,34716.78,-0.0064546666973637,0.0270426981077541,0.0275803295253101,826.5,1367.7400000000005,0.0047834879081735,0.0088182133421212,-0.0073488195194289,0.6547619047619048,1,0,0.02762290766465246
2023-11-04,35062.07,0.0098967758372303,0.0261580478593472,0.0275686956118401,669.8199999999997,1350.211428571429,0.0047336425037016,0.0088182133421212,-0.0066652863330514,0.5952380952380952,0,0,0.02685624391560832
2023-11-05,35011.88,-0.0014324869251005,0.0254764786761318,0.0276917017349485,932.0,1373.354285714286,0.0046760928250894,0.008071105371699,-0.005880282853238,0.5198412698412699,0,0,0.02334586400567908
2023-11-06,35046.09,0.00097661986835,0.0246772114162306,0.0120832892436089,550.4300000000003,1065.6485714285716,0.0046174798551691,0.008071105371699,-0.0055772353445626,0.4563492063492063,0,0,0.02263319004973836
2023-11-07,35399.12,0.0100229087373371,0.0239603007902048,0.0106023742785167,1364.9400000000023,988.3114285714286,0.0043025129182553,0.008071105371699,-0.0050202782243797,0.3888888888888889,0,0,0.02202245967412288
2023-11-08,35624.72,0.0063528178351219,0.0235327808015045,0.0099088532284076,1006.0,956.3257142857146,0.0039160678722044,0.008071105371699,-0.0043329838386934,0.3333333333333333,0,0,0.0216037216809027
2023-11-09,36701.09,0.0297666759831543,0.0230258033110589,0.0116539557861012,2438.189999999995,1053.8300000000002,0.003537283513359,0.0076181717515037,-0.0047044765144925,0.2857142857142857,0,0,0.02117364998663534
2023-11-10,37301.63,0.0162305705349083,0.024374628301327,0.0113838140308297,1201.2900000000009,1078.6328571428571,0.00305117537192,0.0076148096195815,-0.0026680698064271,0.4484126984126984,0,0,0.0218823561807962
2023-11-11,37130.0,-0.00461175723788,0.0242367893089643,0.0117896368891182,741.3300000000017,1086.347142857143,0.0026102562781783,0.0071163137506862,-0.0019212585503829,0.4285714285714285,0,0,0.02215465798537858
2023-11-12,37064.13,-0.0017756126342121,0.0236102406440334,0.0117893342318583,491.1200000000026,1062.8478571428573,0.0022613015408864,0.0065365945162319,-0.0018662380320983,0.3492063492063492,0,0,0.02173419238642004
2023-11-13,36462.93,-0.0163535274925212,0.0230139273096063,0.0130295416365981,1084.989999999998,1083.6928571428568,0.0019683532873292,0.0093238164509525,-0.0016632841066243,0.2857142857142857,0,0,0.02119319758576378
2023-11-14,35551.19,-0.0253224983929367,0.0230631551475312,0.0151956331428926,1944.0,1172.8721428571428,0.0017295655805026,0.0128887007220976,-0.0008971456426736,0.2936507936507936,0,0,0.021106034288518722
2023-11-15,37858.2,0.0628739714000108,0.0238993952127185,0.0218191943692949,2620.0,1253.9714285714283,0.0015063588459876,0.0128887007220976,0.0003666144112139,0.3928571428571428,0,0,0.0216547883276311
2023-11-16,36163.51,-0.0457970016721329,0.0305903484151934,0.0253166342400121,2429.540000000001,1307.1535714285717,0.0020614464111404,0.0209563082711177,0.0075645451041345,0.8492063492063492,1,0,0.02589294904911604
2023-11-17,36613.92,0.0123778965726657,0.0326603396309925,0.0253071236039953,938.9000000000016,1315.1821428571432,0.0029112159496006,0.0224814933975509,0.0082857113296654,0.9047619047619048,1,0,0.031654263778595496
2023-11-18,36568.1,-0.0012522203127858,0.031403766828438,0.0252759246442624,666.9099999999962,1314.9742857142858,0.0033531929802486,0.0208191989965873,0.0071669775194736,0.876984126984127,1,0,0.0313030864970628
2023-11-19,37359.86,0.0214205903732054,0.0300209719804085,0.0257017261880365,1115.9800000000032,1328.1157142857144,0.0035603938639513,0.0224796993945868,0.0064107313363751,0.8293650793650794,1,0,0.0303324503882451
2023-11-20,37448.78,0.002377266633287,0.0295507224224497,0.0256891073511099,1073.0,1365.442142857143,0.0036721251892494,0.0224796993945868,0.0065367951128434,0.8095238095238095,1,0,0.029860609053469822
2023-11-21,35741.65,-0.0466574572380054,0.0283500445765449,0.0290397636658602,1914.4400000000023,1404.692142857143,0.0036525942586788,0.0272788238779309,0.0052868894290136,0.7698412698412699,1,0,0.02905717874592694
2023-11-22,37408.34,0.0455769987877179,0.0309861313528841,0.0314227401273966,2229.0899999999965,1492.0557142857142,0.0037255589307611,0.0272788238779309,0.0070867361401656,0.8690476190476191,1,0,0.030530851211730464
2023-11-23,37294.28,-0.0030537105294428,0.032951840246725,0.0305229274698251,783.4400000000023,1373.8592857142862,0.0038422240254533,0.0255398335280887,0.0023614918315315,0.9285714285714286,1,0,0.032167146148035
2023-11-24,37713.57,0.0111800129543677,0.0314391582122365,0.0303603307548871,1162.489999999998,1371.0878571428573,0.0038265527705545,0.0255398335280887,-0.0012211814187559,0.8928571428571429,1,0,0.0314780709273419
2023-11-25,37780.67,0.0017776195288341,0.0302573186227374,0.0303209709292197,296.90000000000146,1339.3428571428574,0.0036736996266323,0.0272475332260128,-0.0011464482057005,0.8492063492063492,1,0,0.030592203973642443
2023-11-26,37447.43,-0.0088595133917142,0.0289848331994374,0.0304340787460109,664.6299999999974,1351.7364285714284,0.0033691256484976,0.0274443193331774,-0.0010361387809711,0.8015873015873016,1,0,0.029647043919662438
2023-11-27,37242.7,-0.0054821303093675,0.0279691234184914,0.0301014009004937,862.2300000000032,1335.8250000000005,0.002911638137825,0.0268193707631261,-0.0015815990039583,0.753968253968254,1,0,0.028824871251094838
2023-11-28,37818.87,0.0153522319467533,0.0269680654903753,0.029263473895266,1508.5899999999965,1304.7242857142858,0.0023952636899963,0.0270608007150868,-0.0013819790861696,0.6785714285714286,1,0,0.02799536049422518
2023-11-29,37854.64,0.0009453771250758,0.0264596410589857,0.0239445298000998,880.0,1180.438571428571,0.0019784332609479,0.0270608007150868,-0.0045264902938984,0.6507936507936508,0,0,0.02736597303539142
2023-11-30,37723.96,-0.0034581251896561,0.0255563146388037,0.0200778239538156,645.8499999999985,1053.0321428571426,0.0022779875969123,0.0196142587578521,-0.0073955256079212,0.5674603174603174,0,0,0.023666045583282218
2023-12-01,38682.52,0.0250923820630912,0.0247686553536781,0.0208080677244526,1383.1399999999994,1084.7635714285711,0.0024184982950013,0.0196142587578521,-0.0066705028585584,0.503968253968254,0,0,0.02284815441220686
2023-12-02,39450.35,0.0196551008311658,0.0253132302427591,0.0211552246913999,1075.5299999999988,1113.9507142857142,0.0024948131878182,0.0214790447832677,-0.0049440883799783,0.5515873015873016,0,0,0.023019587745655462
2023-12-03,39972.26,0.0131427942891875,0.0253007173518303,0.0207860499734485,975.1399999999994,1103.8907142857138,0.0025963320051537,0.0214790447832677,-0.003684115847607,0.5515873015873016,0,0,0.023149289611098182
2023-12-04,41991.1,0.0492719775349019,0.0248648429610942,0.0239052310897259,2447.739999999998,1202.086428571428,0.0027089594938926,0.0214790447832677,-0.0031042804573972,0.5198412698412699,0,0,0.022892760176656517
2023-12-05,44073.32,0.0483969196447056,0.028711555791277,0.0203703190405123,3074.0,1284.912142857142,0.0027156095659118,0.0056971156757567,0.0017434903009016,0.8134920634920635,1,0,0.0251335714747662
2023-12-06,43762.69,-0.0070729828231428,0.0315361547897058,0.01910524602351,961.9300000000004,1194.4007142857138,0.0027672556950804,0.0059975927522346,0.00507651373072,0.9404761904761904,1,0,0.03059662607382348
2023-12-07,43273.14,-0.0112495086853492,0.030221188809975,0.0196923506269856,1226.2300000000032,1226.028571428571,0.0024662676164973,0.0077082020182712,0.0046648741711712,0.8849206349206349,1,0,0.030453230485985
2023-12-08,44170.99,0.0205361195573292,0.029164028909854,0.0198707355247815,1618.9000000000017,1258.6292857142855,0.0022709461697015,0.0077082020182712,0.0043953735561758,0.8412698412698413,1,0,0.0296147229459124
2023-12-09,43713.6,-0.0104089722604943,0.0287326183760898,0.0205739402026345,773.5099999999948,1292.6728571428564,0.0021666766885115,0.0082201844595295,0.0034193881333306,0.8174603174603174,1,0,0.02916301982565388
2023-12-10,43789.51,0.001735024481821,0.0277962018703289,0.0199970587471582,486.0,1279.913571428571,0.0021255620716204,0.0080862552241959,0.0024954845184985,0.7619047619047619,1,0,0.02850242912219734
2023-12-11,41253.4,-0.0596607573549246,0.0267622121832498,0.0273567559757493,3582.5,1474.2185714285708,0.0021244371840708,0.027771531586099,0.0018973692221556,0.6865079365079365,0,0,0.027639438109949885
2023-12-12,41492.39,0.0057765033012788,0.0319724181604795,0.0272596297534137,1424.1200000000026,1468.1849999999995,0.0024594618669944,0.027771531586099,0.0032608623692025,0.9523809523809524,1,0,0.027670006496287695
2023-12-13,42869.03,0.0326396168808305,0.0305889226759593,0.0280564058051414,2920.199999999997,1613.913571428571,0.0025510707603292,0.027771531586099,-0.0009472321137464,0.9047619047619048,1,0,0.03099444840557558
2023-12-14,43022.26,0.0035680023564594,0.0310422992063419,0.0278809146471657,2020.0,1712.0671428571425,0.0025764457785765,0.0310013354686582,0.0008211103963669,0.9206349206349206,1,0,0.031163965923805142
2023-12-15,41940.3,-0.0254704776409777,0.0297119538661207,0.0289446300832433,1414.8099999999977,1714.329285714285,0.0023804756030594,0.0299769125649079,0.0005479249562666,0.8571428571428571,1,0,0.03050709951967242
2023-12-16,42278.03,0.0080203872581403,0.0296005467058946,0.028681301897347,1119.4300000000003,1717.4649999999997,0.0021793521479986,0.0299769125649079,0.0008679283298048,0.8492063492063492,1,0,0.030142202023536763
2023-12-17,41374.65,-0.0215991913352073,0.0284980079208619,0.0294111060002849,1172.0699999999997,1731.5314285714285,0.0019130927969636,0.028750656517013,0.000701806050533,0.7936507936507936,1,0,0.02943771555251714
2023-12-18,42657.8,0.0305417667085521,0.0282264624059331,0.0274806938275008,2214.8799999999974,1714.8985714285711,0.0014866719086031,0.028750656517013,0.0014642502226832,0.7777777777777778,1,0,0.02901215264355986
2023-12-19,42275.99,-0.008990828549253,0.0288081933254401,0.0239389079389159,1685.9000000000017,1615.748571428571,0.0014831051138149,0.0268339776588181,-0.0031642248350393,0.8055555555555556,1,0,0.02928157719526406
2023-12-20,43668.93,0.0324175526446293,0.0278146340165804,0.0256819158518876,2077.0,1695.3964285714285,0.0014174722922603,0.0288398145305558,-0.0027742886593788,0.7380952380952381,1,0,0.02874034320994824
2023-12-21,43861.8,0.0044069165684454,0.0286650683914401,0.0255018070318236,955.6299999999974,1676.0678571428564,0.0013928767526107,0.0311892865172624,-0.0023772308149018,0.7936507936507936,1,0,0.02900795943486406
2023-12-22,43969.04,0.0024419680670515,0.0275752042731642,0.0248846871697949,985.7200000000012,1630.8407142857136,0.0014506824491369,0.0311892865172624,-0.0021367495929565,0.7142857142857143,1,0,0.028614519363898517
2023-12-23,43702.16,-0.006088221088726,0.0265687773080309,0.0247765930239053,697.5800000000017,1625.4171428571426,0.0015884121929988,0.0309599021309334,-0.0030317693978637,0.6507936507936508,0,0,0.02767718718481854
2023-12-24,42991.5,-0.016395107062852,0.0257245713853358,0.0251488903772963,1446.0,1693.9885714285713,0.0017774510923927,0.0290441538448712,-0.0027734365355261,0.5793650793650794,0,0,0.023853045231201478
2023-12-25,43576.13,0.0135071016356853,0.0254283557187895,0.0189228175602398,1081.8899999999994,1515.373571428571,0.0019184729690646,0.0173318854555647,-0.0027981066871436,0.5436507936507936,0,0,0.0234253518312737
2023-12-26,42508.93,-0.0247953518646699,0.0249968775055572,0.0203976997380289,1955.0800000000015,1553.2992857142854,0.0018771240358006,0.0187828855669058,-0.0038113158198829,0.503968253968254,0,0,0.022957902103334323
2023-12-27,43428.85,0.0214097952982097,0.0254780106531068,0.0192787581525827,1578.3099999999977,1457.4499999999996,0.0018503927978565,0.0187828855669058,-0.0023366233634736,0.5515873015873016,0,0,0.02315856999186408
2023-12-28,42563.76,-0.0201207798082343,0.0255846606797608,0.0200531133743518,1545.7799999999988,1423.5771428571425,0.0016629864269505,0.0189797882022215,-0.0030804077116793,0.5674603174603174,0,0,0.023332912007856477
2023-12-29,42066.95,-0.0117407902387345,0.0255725290145196,0.019063269446162,1811.0,1451.8764285714285,0.0015733148979981,0.0169483562017034,-0.0020026752586445,0.5674603174603174,0,0,0.02336169980871176
2023-12-30,42140.28,0.0017416561151897,0.0250353545462255,0.0189389759786519,1092.0199999999968,1449.9185714285709,0.0014712871085142,0.0169483562017034,-0.0015334227618053,0.5158730158730159,0,0,0.0230277363277353
2023-12-31,42283.58,0.0033947781497314,0.0242845994554856,0.0179206225562575,933.1600000000036,1432.8535714285713,0.0015084517528339,0.0160426638438667,-0.0014399719298501,0.4444444444444444,0,0,0.02244992607329136
2024-01-01,44179.55,0.0438631813137799,0.023632235348269,0.01983020687523,2003.3300000000015,1417.7428571428572,0.0015812517390313,0.0160426638438667,-0.0017961203705205,0.3611111111111111,0,0,0.0218782572089614
2024-01-02,44946.91,0.0172200031711362,0.0268746023440224,0.0198986963405243,1731.2900000000009,1420.985,0.0013988867964779,0.0171077022492314,0.0018777248384651,0.6865079365079365,1,0,0.02363081460641344
2024-01-03,42845.23,-0.0478876952125606,0.0264918997083681,0.0225865305864887,4750.0,1611.9135714285717,0.0013044045437976,0.0250219861122603,0.0010138890552612,0.6626984126984127,0,0,0.027199915825020862
2024-01-04,44151.1,0.0300235215075552,0.0297218170595524,0.0240780349394039,2115.810000000005,1694.783571428572,0.001496246413342,0.0250219861122603,0.0041371563797916,0.8690476190476191,1,0,0.026229714235731436
2024-01-05,44145.11,-0.0001356796630158,0.0300319383695799,0.0240716468660578,1907.4599999999991,1760.6221428571432,0.0018146754262369,0.0231659144402899,0.0044594093550602,0.8809523809523809,1,0,0.03027255342174794
2024-01-06,43968.32,-0.0040127875450881,0.0287754188285873,0.024035739148463,817.3699999999953,1769.178571428571,0.0019491941212441,0.0231011847897791,0.0037400642823617,0.8134920634920635,1,0,0.02965943369715238
2024-01-07,43929.02,-0.0008942250725407,0.0276686998354068,0.023553065621921,908.5,1730.7857142857142,0.0019772048630804,0.0222571121015881,0.0033841003799211,0.7341269841269841,1,0,0.02870394750124408
2024-01-08,46951.04,0.0665302071124074,0.0266432593223335,0.0292092068666863,4073.989999999998,1944.5071428571428,0.0019579238313642,0.0222571121015881,0.0030110239740645,0.6746031746031746,0,0,0.0277273895934001
2024-01-09,46110.0,-0.0180755104150307,0.0332150820665178,0.0287273520155053,3223.3300000000017,2035.0964285714283,0.0026030767386877,0.0213125311106257,0.0063404797224954,0.98015873015873,1,0,0.02838613043991068
2024-01-10,46653.99,0.0117286079638336,0.0321745392227637,0.0284379727091331,3395.5699999999997,2164.9007142857145,0.0028873476306792,0.0213125311106257,0.0056826395143955,0.9523809523809524,1,0,0.03209277953365822
2024-01-11,46339.16,-0.0067710622307295,0.0309406409835875,0.0277419362454353,3363.4200000000055,2294.7321428571436,0.0029607413993864,0.0200733276479393,0.0012188239240351,0.9047619047619048,1,0,0.0313587645901525
2024-01-12,42782.73,-0.0798528754667806,0.0296756059254489,0.0358835478713289,5015.529999999999,2523.627142857143,0.0029117776634208,0.0359746040282266,-0.000356332444131,0.8452380952380952,1,0,0.03036807795526934
2024-01-13,42847.99,0.0015242196406752,0.0380257882641558,0.0358833448531314,820.8799999999974,2504.2600000000007,0.0037623505305479,0.0359746040282266,0.0092503694355685,0.996031746031746,2,0,0.03536744655849348
2024-01-14,41732.35,-0.0263821287056398,0.0360555134650006,0.0366175590017923,1359.0,2534.6771428571433,0.0039030710687558,0.0349199471290314,0.0083868136295937,0.988095238095238,2,0,0.03935316007900036
2024-01-15,42511.1,0.0184886108803485,0.0352515004085846,0.0348130008053373,1682.3799999999974,2511.752142857142,0.0036747483799703,0.0349199471290314,0.0086082410862511,0.98015873015873,2,0,0.038951021445150766
2024-01-16,43137.95,0.0146379018282996,0.0340236188646886,0.0347057392503946,1528.010000000002,2497.2321428571427,0.0035790821203076,0.0349199471290314,0.0008085367981707,0.9682539682539684,2,0,0.038163295318813156
2024-01-17,42776.1,-0.0084235847254312,0.0327279397588739,0.0322924396120665,997.3099999999976,2229.182857142857,0.0033076829647129,0.0306858010462702,0.0005534005361102,0.9523809523809524,1,0,0.03727021185532434
2024-01-18,41327.5,-0.0344513974581595,0.0313340094018482,0.0322610809984099,2246.720000000001,2238.533571428571,0.0032581788783833,0.0311267049932482,0.0003933684182606,0.9007936507936508,1,0,0.03185965684110892
2024-01-19,41659.03,0.0079900138913284,0.0318710272571951,0.0324226049244273,1916.8600000000008,2239.2049999999995,0.0032140186990429,0.0330148214152738,0.0021954213317462,0.9206349206349206,1,0,0.031830658754317065
2024-01-20,41696.04,0.0008880084302518,0.0305468568668309,0.0324505315439661,416.2599999999947,2210.5542857142855,0.0031093115326477,0.0352617255083374,-0.0074789313973249,0.8571428571428571,1,0,0.03115328612009854
2024-01-21,41580.33,-0.0027789413603009,0.0292429388758885,0.0324415013211659,380.4099999999962,2172.833571428571,0.0029594881455804,0.0352757461749186,-0.006812574589112,0.7896825396825397,1,0,0.0300711233255331
2024-01-22,39568.02,-0.0496060026684208,0.0280756255470741,0.0275140717271412,2258.0699999999997,2043.1249999999995,0.0027687542912792,0.0373687760338099,-0.0071758748615105,0.7182539682539683,1,0,0.02906102372824446
2024-01-23,39897.6,0.0082949554728823,0.0312256513868639,0.0279810847084514,1621.739999999998,1928.7257142857136,0.0027730181135633,0.0393603849091162,-0.0027979674778246,0.8888888888888888,1,0,0.03064159003211834
2024-01-24,40084.88,0.004683034141145,0.0299715937379704,0.0276146607122196,1070.8099999999977,1762.6714285714277,0.0028379370255357,0.0393603849091162,-0.0027563460209034,0.8253968253968254,1,0,0.03065582024278224
2024-01-25,39961.09,-0.0030929751663038,0.0287588581333791,0.0276737820336801,750.239999999998,1576.0157142857129,0.0029618741210834,0.0392944898227355,-0.002575151268469,0.75,1,0,0.02963870888002746
2024-01-26,41823.51,0.045552390926284,0.0276419691493419,0.0235077645682505,2424.300000000003,1390.927857142856,0.0031254139434534,0.0271781676862461,-0.0042290581078532,0.6706349206349206,1,0,0.028606250689605137
2024-01-27,42120.63,0.0070790228069768,0.0302587635591061,0.0236115593750167,805.6600000000035,1389.8407142857136,0.0025689953366369,0.0271781676862461,-0.0002880933077248,0.8492063492063492,1,0,0.02963649413546366
2024-01-28,42031.06,-0.0021287756389742,0.0290668599494083,0.0224865669537449,1221.8700000000026,1380.0457142857138,0.0022095554618629,0.0249680855072043,-0.0001760789264802,0.7698412698412699,1,0,0.02966819796964498
2024-01-29,43302.7,0.0298061199427106,0.0279109220752127,0.0233687656748837,1528.1200000000026,1369.0271428571427,0.0018991598065573,0.0249680855072043,-0.0001647034718614,0.6904761904761905,1,0,0.02861737724512762
2024-01-30,42941.1,-0.0083855794598921,0.0284626364045386,0.023168544904826,1198.3700000000026,1345.4814285714283,0.0015923878227157,0.0233322269656878,-0.0027630149823252,0.7222222222222222,1,0,0.02860426024272316
2024-01-31,42580.0,-0.008444749797384,0.0274853387996687,0.0231691145669575,1468.270000000004,1379.1214285714289,0.001459914557511,0.0233333199087928,-0.0024862549383017,0.6388888888888888,1,0,0.028100279279801223
2024-02-01,43082.94,0.0117424356196096,0.0266107413636634,0.0211358083814839,1400.8499999999983,1318.702142857143,0.0015272991834165,0.0209133447784837,-0.0021481167697156,0.5912698412698413,0,0,0.02724485801819804
2024-02-02,43200.0,0.0027134001651223,0.0259567047393331,0.0210864192172136,941.2099999999992,1249.0128571428572,0.001514017762217,0.0209133447784837,-0.0016852644100088,0.5476190476190477,0,0,0.02371332764359986
2024-02-03,43011.09,-0.0043825058320461,0.0251179615703935,0.0211661264524884,500.0100000000021,1254.9950000000006,0.0016793042391422,0.0194327201842309,-0.0051408019887125,0.4722222222222222,0,0,0.0230462169422361
2024-02-04,42582.88,-0.0100056948515465,0.0243915624582188,0.0213843625601899,897.0400000000009,1291.8971428571438,0.0019430329365121,0.0197694053335255,-0.0046752974911895,0.4047619047619047,0,0,0.02240584947493128
2024-02-05,42708.7,0.0029503519870903,0.0239131470950783,0.0154833752570634,1311.6600000000035,1224.2964285714295,0.002217166966726,0.0067706500174063,-0.0039977749801344,0.3373015873015873,0,0,0.021967607457046977
2024-02-06,43098.95,0.0090959883104257,0.0232954308440824,0.0154961487273537,825.9800000000032,1167.45642857143,0.0022398482140489,0.0067706500174063,-0.0051672055604562,0.2777777777777778,0,0,0.02134881970644944
2024-02-07,44349.6,0.0286050546851992,0.0229080653268659,0.0166718896535357,1608.5,1205.8628571428587,0.0023274257735865,0.0067706500174063,-0.0045772734728028,0.2301587301587301,0,0,0.02098121719611954
2024-02-08,45288.65,0.020952759670056,0.0241384728372365,0.0167658583382985,1283.2000000000044,1243.9314285714306,0.0023185458493634,0.0072867511906178,-0.0024722685264269,0.3809523809523809,0,0,0.0216261029023419
2024-02-09,47132.77,0.0399120635942171,0.0243928619335014,0.0158617667316721,2957.8799999999974,1282.0442857142875,0.002328458921063,0.0072867511906178,-0.0015638428058316,0.4206349206349206,0,0,0.02210447556010084
2024-02-10,47751.09,0.0130333810778715,0.0268492827271643,0.0158994667472071,1370.0,1322.3542857142872,0.0020036920900361,0.0072867511906178,0.0017313211567707,0.6031746031746031,1,0,0.02367573403629858
2024-02-11,48299.99,0.0114294597278359,0.0262297611313357,0.0155817187363945,1035.5,1309.0421428571442,0.0017725651569178,0.0080770048416594,0.0018381986731169,0.5595238095238095,0,0,0.02658967947880142
2024-02-12,49917.27,0.0329356814465882,0.0256041164696341,0.01590783552832,2624.8099999999977,1387.3771428571438,0.0016380683614068,0.0080770048416594,0.0016909693745558,0.5119047619047619,0,0,0.023318782281780456
2024-02-13,49699.59,-0.0043703514941828,0.026882607191673,0.0155807116401069,2067.6600000000035,1449.4692857142868,0.0014535761863553,0.0072410989869167,0.0035871763475905,0.6111111111111112,1,0,0.0239337659150038
2024-02-14,51795.17,0.0413002181031991,0.0259712521993109,0.0165826012930414,2818.699999999997,1545.928571428572,0.0013268504266273,0.0067926494343245,0.003063186872445,0.5476190476190477,0,0,0.026488617719586542
2024-02-15,51880.0,0.0016364577734702,0.0283030991495583,0.0169049684995661,1502.6200000000026,1553.197857142858,0.0015304964156509,0.0067926494343245,0.0041646263123218,0.7182539682539683,1,0,0.02492029668973498
2024-02-16,52124.11,0.0046942461844263,0.0272183849288368,0.0168178648898599,1006.0800000000016,1557.8314285714296,0.0016084146028408,0.0067926494343245,0.0028255229953354,0.6349206349206349,1,0,0.027675712557302085
2024-02-17,51642.64,-0.0092799178006313,0.0262783332173868,0.0172615767394308,1537.8199999999997,1631.960714285715,0.0016241061289151,0.0082730642455187,-0.0005709495097774,0.5714285714285714,0,0,0.02685572153043208
2024-02-18,52137.67,0.0095400322946765,0.0255605071294489,0.0159962574635651,1213.7200000000012,1654.5807142857152,0.001594990581809,0.0072531664316069,-0.0006692540018868,0.503968253968254,0,0,0.02335039147766934
2024-02-19,51774.73,-0.0069855277307073,0.0249311417153078,0.0167488780468615,811.7699999999968,1618.874285714286,0.0015373329719862,0.0071650644157527,-0.0006729747543262,0.4404761904761904,0,0,0.02275662222918468
2024-02-20,52258.82,0.0093064880309015,0.0242856740573592,0.0167444726315945,2224.6299999999974,1718.777857142857,0.0014424171347009,0.0071650644157527,-0.0025969331343137,0.3928571428571428,0,0,0.02221333843441552
2024-02-21,51849.39,-0.0078655105264608,0.0237912076950906,0.0170914968364149,1741.800000000003,1728.2992857142858,0.0013263989405932,0.007346439615343,-0.0021800445042203,0.3253968253968254,0,0,0.02180935221705436
2024-02-22,51288.42,-0.010878174198952,0.0233010456953489,0.0177914392236425,1125.0,1716.9992857142856,0.0014200226746844,0.0081757614200791,-0.0050020534542094,0.2817460317460317,0,0,0.02136885421720934
2024-02-23,50744.15,-0.0106686553597654,0.0229904119627786,0.0160576276921309,1027.5400000000009,1579.1178571428572,0.0015607342683956,0.0086413307344772,-0.0042279729660582,0.238095238095238,0,0,0.02108715997766716
2024-02-24,51568.22,0.0161092509338551,0.022707701752097,0.0161924454547999,1113.0,1560.7607142857144,0.0016899219184142,0.0086413307344772,-0.0035706314652898,0.2222222222222222,0,0,0.0208215290512582
2024-02-25,51728.85,0.003110061678889,0.0227810707731597,0.0161102783341239,678.75,1535.2785714285717,0.0017906932012866,0.0086413307344772,-0.0027794363562891,0.2301587301587301,0,0,0.02083249926389582
2024-02-26,54476.47,0.0517532123675614,0.0222920846373484,0.0191311412393531,4008.5599999999977,1634.1178571428572,0.0019246751279406,0.0086413307344772,-0.0026390570779593,0.1944444444444444,0,0,0.02055506398240904
2024-02-27,57037.34,0.0459372757555129,0.0272794765376148,0.0215553408313315,3138.020000000004,1710.572142857143,0.0019601963862534,0.0092621337605652,0.0029938024802555,0.6626984126984127,1,0,0.02348414512256888
2024-02-28,62432.1,0.0903734251045644,0.0300307199497128,0.0295666835225699,7308.1500000000015,2031.2471428571432,0.0023935385267779,0.0092621337605652,0.0062395122546221,0.8373015873015873,1,0,0.029176920769827676
2024-02-29,61130.98,-0.0210607908615081,0.0405349044203328,0.03085221792561,3311.6500000000015,2160.463571428572,0.0047324879830793,0.012058831623235,0.0172338587249839,1.0,2,0,0.03636659265219968
2024-03-01,62387.9,0.0203525709953407,0.0389224738754567,0.0308617343740597,2337.230000000003,2255.545714285715,0.0058632093755565,0.012058831623235,0.0159320619126781,0.996031746031746,2,0,0.04069590112527402
2024-03-02,61987.28,-0.0064421436096342,0.0374291077862658,0.0307142514027672,872.0699999999997,2207.9921428571433,0.0065041579337265,0.0117464665652121,0.0147214060341687,0.98015873015873,2,0,0.039950246271759485
2024-03-03,63113.97,0.0180129369484127,0.0355650203061669,0.0307234244520823,1911.8799999999976,2257.8607142857145,0.0068019245285163,0.0117464665652121,0.0127839495330072,0.9682539682539684,2,0,0.03873378018370014
2024-03-04,68245.71,0.0781724352918935,0.0342801065451286,0.0345197349960043,6199.0,2642.662857142858,0.0068991203600975,0.0124826220236727,0.0119880219077802,0.9563492063492064,2,0,0.037888027927077156
2024-03-05,63724.01,-0.0685531603092357,0.0409244184151145,0.0418266849882726,9995.0,3197.689285714286,0.0074343807873692,0.030217586080827,0.0136449418774997,1.0,2,0,0.041884819049068704
2024-03-06,66074.04,0.0362145168030423,0.0443534382360872,0.0416993912474781,4861.960000000006,3420.557857142858,0.0080740308026561,0.0329142789544942,0.0143227182863744,1.0,2,0,0.04463610694165232
2024-03-07,66823.17,0.0112739452488632,0.0433895544067754,0.0409609814940009,2429.0,3513.700714285715,0.0082551567137858,0.0363951031100632,0.0028546499864426,0.996031746031746,2,0,0.044210966244065245
2024-03-08,68124.19,0.019282486315177,0.0411231555129229,0.0400703757624172,3907.339999999997,3719.400714285715,0.0079633403261329,0.0415716005400445,0.0022006816374662,0.992063492063492,2,0,0.042846662507753736
2024-03-09,68313.27,0.0027716745979518,0.0393630654026805,0.0403541270634907,680.0,3688.4721428571434,0.0072984117642918,0.0415716005400445,0.0019339576164147,0.98015873015873,2,0,0.0418660204416083
2024-03-10,68955.88,0.0093628421886471,0.0372863565889647,0.0401860465205932,1792.8600000000006,3768.05142857143,0.0063015927223976,0.0415716005400445,0.0017213362827978,0.9563492063492064,2,0,0.04052981315337882
2024-03-11,72078.1,0.0442833735611536,0.035499709004,0.0397872417081197,5775.039999999994,3894.228571428572,0.004800317139465,0.0415716005400445,0.0012196024588713,0.9404761904761904,2,0,0.0393175814024
2024-03-12,71452.01,-0.0087242178114941,0.0365298832253323,0.0397280108449899,4379.179999999993,3982.8828571428567,0.0038092237656754,0.0362653618857081,-0.0043945351897822,0.9523809523809524,2,0,0.03983475673519938
2024-03-13,73072.41,0.0224248317904915,0.0347944982397357,0.0336394808234271,2316.9400000000023,3626.367857142857,0.0031814101261044,0.0362653618857081,-0.0095589399963515,0.9285714285714286,2,0,0.03874340414384142
2024-03-14,71388.94,-0.0233079119450092,0.0338514696068426,0.0338103884648617,5222.0,3762.821428571428,0.0033604702528334,0.0366074027292623,-0.0095380847999328,0.9126984126984128,1,0,0.037938804964105566
2024-03-15,69499.85,-0.0268183610911698,0.0330729513442467,0.0351395554747363,6819.710000000006,4082.9985714285713,0.0036043056712371,0.0348701368794158,-0.0080502041686762,0.9047619047619048,1,0,0.03304401640654801
2024-03-16,65300.63,-0.0623229102797111,0.0326527762252751,0.0397430522514019,5263.0,4396.636428571428,0.0038473235975422,0.0445472247427193,-0.0067102891774054,0.8849206349206349,1,0,0.03267156973516506
2024-03-17,68393.48,0.0462758144323558,0.0368527210770994,0.0412154898401104,4371.399999999994,4572.316428571428,0.003817033391086,0.0445472247427193,-0.0004336355118653,0.9523809523809524,2,0,0.03530575664625964
2024-03-18,67609.99,-0.0115217452522191,0.0379120646439236,0.0356908349787073,2390.800000000003,4300.302142857143,0.003708605572558,0.0409369978850607,0.0024123556399235,0.9642857142857144,2,0,0.04074783478635416
2024-03-19,61937.4,-0.0876315556373352,0.0361321003310764,0.0387180256220527,6569.110000000001,4055.595714285714,0.0036064795308774,0.0466096923577138,-0.0003977828942558,0.9404761904761904,2,0,0.03979035059864584
2024-03-20,67840.51,0.0910353115859425,0.0440954339672563,0.0451255427538697,7325.0,4231.527142857142,0.0035683634282552,0.0466096923577138,0.0093009357275206,0.996031746031746,2,0,0.04446971638035378
2024-03-21,65501.27,-0.0350899773778561,0.0505873378965867,0.0460747721959367,3711.459999999999,4323.131428571428,0.0048113338559838,0.0451443510822511,0.016735868289744,1.0,2,0,0.04879019193795202
2024-03-22,63796.64,-0.0263690073790989,0.0488656416620329,0.0461117743143149,4389.619999999995,4357.579999999999,0.0055984001790153,0.0432455367532619,0.0157926903177862,0.996031746031746,2,0,0.04790042219721974
2024-03-23,63990.01,0.003026453038661,0.0467534542566448,0.0461149949695285,2999.0,4523.222857142856,0.0060288302086659,0.0432455367532619,0.0141006780313697,0.992063492063492,2,0,0.04658468695398688
2024-03-24,67209.99,0.0490949197687058,0.0440712892940847,0.0482195900889832,3856.4000000000015,4670.61857142857,0.0061586766213796,0.0432455367532619,0.0072185682169852,0.98015873015873,2,0,0.044964200376450825
2024-03-25,69880.01,0.0389577311738253,0.044392391909307,0.0478473744832807,4764.940000000002,4598.4685714285715,0.0061834357038286,0.0432455367532619,0.0064803272653834,0.988095238095238,2,0,0.0450683967455842
2024-03-26,69988.0,0.0015441704140659,0.0436604117400168,0.0478185661209169,2281.100000000006,4448.605714285715,0.0061656868712403,0.046113678813805,0.0075283114089403,0.9722222222222222,2,0,0.04465123904401008
2024-03-27,69469.99,-0.0074289380246206,0.0412202825025589,0.0473338085005031,3410.3600000000006,4526.7071428571435,0.0059393290347947,0.0432152877121816,-0.0028751514646973,0.9642857142857144,2,0,0.04312761590153534
2024-03-28,70780.6,0.0186900910945322,0.0390485085139452,0.0473203134924375,2648.4400000000023,4342.88142857143,0.0056109196437182,0.0453513741753319,-0.0115388293826414,0.9444444444444444,2,0,0.041671785108367124
2024-03-29,69850.54,-0.0132271353273711,0.0374563922504804,0.0468786579116947,1907.1600000000035,3991.9850000000006,0.0052204352331029,0.0444858927791223,-0.0114092494115525,0.9206349206349206,2,0,0.040545801350288235
2024-03-30,69582.18,-0.0038493164497221,0.0357765500344237,0.0433352878962351,781.1000000000058,3671.849285714287,0.0048585415820583,0.0377655071004636,-0.0109769042222211,0.8888888888888888,2,0,0.03931489122065422
2024-03-31,71280.01,0.02410742337916,0.0340192234475072,0.0420796388192931,1803.0099999999948,3488.3928571428582,0.0051367423381799,0.0377655071004636,-0.0100520658465775,0.8571428571428571,1,0,0.03790655086850432
2024-04-01,69649.8,-0.023136094733017,0.0332787628629151,0.0424993479596659,3225.3699999999953,3548.005000000001,0.005534378225104,0.0385193141752555,-0.0111136290463919,0.8492063492063492,1,0,0.032912663717749056
2024-04-02,65463.99,-0.0619796082519776,0.032552831661712,0.0387167072083862,5124.229999999996,3444.799285714286,0.0058681941616625,0.0305855830822616,-0.0111075800783047,0.8174603174603174,1,0,0.032338678997027206
2024-04-03,65963.28,0.0075980030930278,0.0367180236111729,0.0296386918382072,2410.560000000005,3093.767857142858,0.0059122074687108,0.0305855830822616,-0.004502258891386,0.9047619047619048,2,0,0.034562152966703744
2024-04-04,68487.79,0.0375572576425184,0.0349395486438678,0.029759768727391,4245.390000000007,3131.9057142857155,0.0053292465542008,0.0297686600722836,-0.0041089598700774,0.8690476190476191,2,0,0.03820951518632068
2024-04-05,67820.62,-0.0097892027031338,0.0352885330740935,0.028807898268255,2804.1100000000006,3018.6550000000016,0.0046870282651987,0.0280402766106159,-0.0021678591763868,0.873015873015873,2,0,0.0383519102444561
2024-04-06,68896.0,0.015731842680184,0.0336945165499621,0.0289620663670738,2244.1699999999983,2964.738571428573,0.0041943899553453,0.0280402766106159,-0.0020820334844616,0.8373015873015873,1,0,0.03736581712997726
2024-04-07,69360.39,0.006717834111896,0.032482443794752,0.0261035931507094,1502.2899999999936,2796.587857142858,0.0039512272276918,0.0280402766106159,-0.0015367796527551,0.7976190476190477,1,0,0.0321277302768512
2024-04-08,71620.0,0.0320584092764377,0.0310702598162415,0.0254132707809687,3754.75,2724.431428571429,0.0035538587192162,0.0280402766106159,-0.0022085030466735,0.75,1,0,0.0309564022897449
2024-04-09,69146.0,-0.0351541533965402,0.0313943675395371,0.027262286588257,3548.1900000000023,2814.9378571428574,0.0029230720347071,0.0291629833262908,-0.0011584641221749,0.7658730158730159,1,0,0.030911488923722263
2024-04-10,70631.08,0.0212500630830323,0.0319988639146589,0.0278032026868962,3654.0800000000017,2832.346428571429,0.0023845898428565,0.0313532774875103,-0.004719159696514,0.7896825396825397,1,0,0.03136362354879534
2024-04-11,70006.23,-0.0088860361676843,0.031287155283812,0.0274420477278473,1738.679999999993,2767.363571428571,0.0020683350236229,0.0292211510823101,-0.0036523933600558,0.746031746031746,1,0,0.0310548779702872
2024-04-12,67116.52,-0.042154024711694,0.0300440310928245,0.0294652782131716,6140.600000000006,3069.752142857142,0.0019828494437447,0.0329049157952595,-0.0052445019812689,0.6865079365079365,1,0,0.0300831314556947
2024-04-13,63924.51,-0.0487273574622229,0.0317174604796798,0.0319209727190477,7268.43,3533.1328571428567,0.0018676730480097,0.0376803710032027,-0.0019770560702822,0.7777777777777778,1,0,0.03091792988780788
2024-04-14,65661.84,0.0268150789151864,0.0339887813007941,0.032125344549127,3706.0,3669.0607142857143,0.0018662767481499,0.0376803710032027,0.0015063375060421,0.8412698412698413,1,0,0.032827302780476464
2024-04-15,63419.99,-0.0347388233991399,0.0334580579329042,0.0327488130541983,4592.6700000000055,3766.725000000001,0.0018697639914342,0.0389325047527026,0.0023877981166626,0.8293650793650794,1,0,0.032853890759742516
2024-04-16,63793.39,0.0058704685364769,0.0337206184899821,0.0287090044406,2765.0,3598.208571428572,0.0018789908871741,0.0335874670206162,0.0023262509504449,0.8333333333333334,1,0,0.03300313509398926
2024-04-17,61277.37,-0.0402389732109274,0.0321772325673572,0.0303010796136878,4820.8399999999965,3770.371428571429,0.0015479602917909,0.0346160214975576,0.0001783686526983,0.7817460317460317,1,0,0.03198930634041432
2024-04-18,63470.08,0.0351580069988131,0.0332466806015749,0.0300459785869181,3313.739999999998,3703.825,0.0014168978822897,0.0346160214975576,0.0019595253177629,0.8174603174603174,1,0,0.032423485560944945
2024-04-19,63818.01,0.0054668251605374,0.0335824081315434,0.0301523693695745,5849.989999999998,3921.387857142857,0.0012223952217034,0.0371753819094316,0.0035383770387189,0.8253968253968254,1,0,0.03277687807892604
2024-04-20,64940.59,0.0174374130268208,0.0320445275205821,0.0302430363860683,2328.9300000000003,3927.4421428571422,0.0011682775114669,0.0371753819094316,0.0003270670409023,0.7658730158730159,1,0,0.03197378211234926
2024-04-21,64941.15,8.623229101445418e-06,0.0310918143776626,0.0301091893050994,1458.0599999999977,3924.282857142857,0.0012100284648212,0.0371753819094316,-0.0028969669231314,0.7063492063492064,1,0,0.03112179782659756
2024-04-22,66819.32,0.0285107851109476,0.0297354569455883,0.029789236303834,2732.350000000006,3851.254285714286,0.0013504653157271,0.0371753819094316,-0.0037226009873158,0.6309523809523809,1,0,0.03002705496735298
2024-04-23,66414.0,-0.0060843826514513,0.0298962099349774,0.0285079717246928,1417.199999999997,3699.0407142857143,0.001465658338304,0.0343832792015111,-0.0038244085550046,0.6309523809523809,1,0,0.02978012436098644
2024-04-24,64289.59,-0.032510156850904,0.0287169723951225,0.0286282041059098,3464.3699999999953,3685.4899999999993,0.0017081234579634,0.0341219862727093,-0.0034602601722347,0.5555555555555556,1,0,0.0290039410370735
2024-04-25,64498.34,0.0032417662557922,0.0294366785417708,0.0287408702778759,2503.9400000000023,3740.151428571429,0.0018161113191549,0.0366769864074448,-0.0038100020598041,0.6031746031746031,1,0,0.02912125512506248
2024-04-26,63770.01,-0.0113564698957144,0.0282555596463491,0.0268661579574255,1522.5299999999988,3410.2892857142856,0.0019909390226854,0.0327190454238545,-0.0053268484851943,0.5277777777777778,1,0,0.02864415338780946
2024-04-27,63461.98,-0.0048420307160181,0.0274064438277116,0.0235591866520849,1532.1700000000055,3000.556428571429,0.0022694370750652,0.0260522087895734,-0.0046380836928705,0.4682539682539682,1,0,0.02772360269662696
2024-04-28,63118.62,-0.0054251732439514,0.0264499337668025,0.0222194492045412,1589.0,2849.342142857143,0.0024437500700219,0.0242066637862388,-0.0046418806108601,0.4087301587301587,0,0,0.026764448260081498
2024-04-29,63866.0,0.0117713252200619,0.0256032828121408,0.020489921751846,2462.8199999999997,2697.2099999999996,0.0026449540481081,0.0219657011059796,-0.0041321741334474,0.365079365079365,0,0,0.02322157368728448
2024-04-30,60672.0,-0.0513048317682525,0.0250640246324073,0.0246191650970022,5542.4000000000015,2895.595714285714,0.0027428224694316,0.0280996642410853,-0.0048321853025701,0.3214285714285714,0,0,0.02272164277944438
2024-05-01,58364.97,-0.0387664255347441,0.029212704457126,0.0244530980499366,4288.809999999998,2857.593571428571,0.0026306361459813,0.0278023603748808,0.0004957320620034,0.6031746031746031,1,0,0.0251707010742756
2024-05-02,59060.61,0.0118483236441395,0.0305928691215111,0.0223206321299563,2713.1600000000035,2814.695,0.0024080315292084,0.0278023603748808,0.0011561905797403,0.6904761904761905,1,0,0.02972556227290666
2024-05-03,62882.01,0.0626959085169645,0.0295215277238371,0.0287326754311971,4521.68,2719.815714285715,0.0020401604967215,0.0278023603748808,0.001265968077488,0.6071428571428571,1,0,0.02952592983430226
2024-05-04,63892.04,0.015934670725068,0.0345538025699101,0.0286609938802961,1998.9700000000012,2696.247142857143,0.0024226575594861,0.0278023603748808,0.0071473587421985,0.8571428571428571,2,0,0.032193412741946065
2024-05-05,64012.0,0.0018757817997592,0.0332656230907941,0.0286712061907429,1823.8300000000015,2722.373571428572,0.0026300997555642,0.0278023603748808,0.0068156893239916,0.8095238095238095,1,0,0.036801629854476464
2024-05-06,63165.19,-0.0133172075113314,0.0317152626631539,0.0275120904503206,2800.0,2727.2057142857147,0.002717384996068,0.0264294975188781,0.0061119798510131,0.7380952380952381,1,0,0.03151091719789234
2024-05-07,62312.08,-0.0135980507937318,0.030591673436707,0.0276285604074762,2161.4100000000035,2780.3635714285724,0.0027361306554072,0.0267769350046423,0.0055276488042996,0.6746031746031746,1,0,0.030392512062024202
2024-05-08,61193.03,-0.0181220133351196,0.0295956208283346,0.026762683167838,2132.220000000001,2685.2100000000014,0.0027314729266801,0.0250188205527123,0.0003829163712085,0.5952380952380952,1,0,0.02952539649700076
2024-05-09,63074.01,0.0302755046599081,0.0289523646456227,0.0282239325553586,2799.029999999999,2706.2878571428582,0.0027337122825022,0.0250188205527123,-0.0016405044758884,0.5555555555555556,1,0,0.02874771478737362
2024-05-10,60799.99,-0.0367191743050447,0.029398747346844,0.029675353670669,3282.0099999999948,2831.9650000000006,0.0027157955264053,0.027899057797582,-0.000122780376993,0.5833333333333334,1,0,0.0288415164081064
2024-05-11,60825.99,0.0004275402409259,0.0304951735169537,0.0296891633467084,1027.9100000000035,2795.946428571429,0.0026643352502178,0.0297691454517393,-0.0040586290529564,0.6626984126984127,1,0,0.02967020531017222
2024-05-12,61483.99,0.0107596509793825,0.0291950922198958,0.0299030733032785,1278.0,2773.7321428571436,0.0025076096542734,0.0320779821730337,-0.0040705308708983,0.5714285714285714,1,0,0.029221898131937478
2024-05-13,62940.08,0.0234063469685157,0.0282240965561774,0.030467833960579,2700.790000000001,2790.7300000000005,0.0022517850711602,0.0320779821730337,-0.0034911661069765,0.496031746031746,1,0,0.02829886873370644
2024-05-14,61577.49,-0.0218867810086127,0.0281314440574257,0.027615714202529,1975.590000000004,2535.957857142858,0.0018440474855909,0.0258870207565847,-0.0024602293792812,0.492063492063492,1,0,0.027937398434455418
2024-05-15,66206.5,0.0724822637554467,0.0279281503028778,0.0310651275919422,5124.690000000002,2595.6635714285726,0.0019294055846491,0.0224409951346648,-0.0016674705254567,0.4801587301587302,1,0,0.02767463578172668
2024-05-16,65235.21,-0.0147792915907167,0.0353074949799439,0.0316865459202667,2149.239999999998,2555.383571428572,0.0023724122616802,0.021355790678774,0.0063551303343212,0.873015873015873,2,0,0.032021919387966336
2024-05-17,67024.0,0.0270514103613148,0.0338927251867231,0.0281056578663739,2344.8199999999997,2399.893571428572,0.002518152099205,0.021355790678774,0.0044939778398791,0.8293650793650794,1,0,0.03710593111203386
2024-05-18,66915.2,-0.0016246180943362,0.0333924875197473,0.0279502073151046,800.0099999999948,2314.253571428572,0.0024015321685086,0.0197811532129742,0.0028973140027936,0.8055555555555556,1,0,0.03244692451184838
2024-05-19,66274.01,-0.0096283318061605,0.031829277321921,0.0281636629997565,1842.75,2315.605,0.0023135021034494,0.0188141001991048,0.0026341851020252,0.7301587301587301,1,0,0.0312491043931526
2024-05-20,71446.62,0.07515278314448,0.0305562617460255,0.0337229867063531,5455.25,2505.2657142857142,0.0022918463772584,0.0194731130188553,0.002332165189848,0.6507936507936508,1,0,0.0301394866476153
2024-05-21,70148.34,-0.0183384547582274,0.0376728717412621,0.0339879321306264,2816.0599999999977,2552.0264285714284,0.0029826033124746,0.0200207280160424,0.0095414276838363,0.9246031746031746,2,0,0.03410866384475726
2024-05-22,69166.62,-0.0140937663868143,0.0361962208981403,0.0337618743768394,1823.8099999999977,2529.997142857142,0.0032465869284927,0.0195522513708935,0.0082680705952624,0.8928571428571429,2,0,0.038786612538884185
2024-05-23,67969.65,-0.01745709428892,0.0346676193168664,0.0338308619757083,3783.959999999992,2600.3492857142846,0.0032592318047567,0.0193027973254736,-0.0006398756630775,0.8452380952380952,2,0,0.03784900039011984
2024-05-24,68549.99,0.0085019781146904,0.0334440851800365,0.0315909655580817,2649.8800000000047,2555.1971428571424,0.003197191995352,0.0152712901272862,-0.0004486400066866,0.7936507936507936,1,0,0.0368298631080219
2024-05-25,69290.57,0.0107455617713441,0.0319850568172653,0.0315066498048748,1110.0,2561.060714285714,0.0031603235243446,0.0152712901272862,-0.0014074307024819,0.7222222222222222,1,0,0.031373906090359185
2024-05-26,68507.67,-0.0113631120978983,0.0307339676594255,0.0319793944794983,1434.2200000000012,2572.219285714285,0.0030688664377215,0.0148391645301026,-0.0010953096624954,0.6468253968253969,1,0,0.0301998565956553
2024-05-27,69436.43,0.0134659479373286,0.0296293738516506,0.0317137248025723,2437.5599999999977,2553.417142857142,0.0029411896260111,0.0148391645301026,-0.0009268878943748,0.5595238095238095,1,0,0.02921102751099036
2024-05-28,68398.39,-0.015062371400381,0.0287279365785778,0.0312848417098855,2313.899999999994,2577.582142857141,0.002876232096533,0.0137361306455625,-0.0089449351626842,0.4841269841269841,1,0,0.028310653947146682
2024-05-29,67652.42,-0.0109661600050792,0.028004016539495,0.0253364582310923,1811.0299999999988,2340.892142857141,0.0028668724273799,0.0134565430022915,-0.0081922043586452,0.4325396825396825,1,0,0.027534749123697
2024-05-30,68352.17,0.0102901846853438,0.0271656497563773,0.0249774749674247,2372.0,2356.8035714285697,0.0030871156551383,0.0132819402113794,-0.007501969560489,0.373015873015873,1,0,0.026795981053826377
2024-05-31,67540.01,-0.011953148002231,0.0263900088329068,0.0242944549332131,2374.100000000006,2358.894999999999,0.0033701483259844,0.0131409336442892,-0.0070540763471296,0.3214285714285714,0,0,0.02611244329974408
2024-06-01,67766.85,0.0033529743062477,0.0257702254166138,0.0242966391201334,471.5599999999977,2335.4342857142847,0.0036383916793507,0.0139262245845745,-0.0062148314006515,0.2976190476190476,0,0,0.02298612324996828
2024-06-02,67765.63,-1.8003064653271394e-05,0.0249586672403031,0.0241112520136004,1202.5299999999988,2289.7042857142847,0.0039548030842255,0.0135037652165094,-0.0057753004191224,0.2222222222222222,0,0,0.022416814744181862
2024-06-03,68809.9,0.0152924956767801,0.0242098047952878,0.0126426866901966,2675.520000000004,2091.1521428571423,0.0042878807713936,0.0135037652165094,-0.0054195690563628,0.1666666666666666,0,0,0.02180171887717268
2024-06-04,70537.84,0.0248016734785849,0.0240317918088864,0.0137435879288133,2496.12999999999,2068.299999999999,0.0039380390157522,0.012663301743121,-0.0046961447696914,0.1547619047619047,0,0,0.02156585508533184
2024-06-05,71108.0,0.0080505446456609,0.0246603202197834,0.0132117506369677,1374.3399999999965,2036.1949999999983,0.0034973249660093,0.0124088693165764,-0.0033436963197116,0.1944444444444444,0,0,0.02190939693187004
2024-06-06,70799.06,-0.0043541242850615,0.0240779255680111,0.012150605597303,1582.3600000000006,1878.9378571428565,0.0031073156006466,0.0103125205743047,-0.0030877241883662,0.1507936507936507,0,0,0.02163607534080666
2024-06-07,69355.6,-0.0205988304548725,0.0234639609942511,0.0135316542538671,3577.020000000004,1945.162142857142,0.0027405291537488,0.0123195564604838,-0.0029260478386556,0.1031746031746031,0,0,0.02115293379655066
2024-06-08,69310.46,-0.0006510605636957,0.0237845007390951,0.0132289748642194,414.179999999993,1895.460714285713,0.0023763498447769,0.0115261885479271,-0.0019857246775186,0.115079365079365,0,0,0.02126690724345706
2024-06-09,69648.14,0.0048601621590833,0.0231631165776538,0.0128605274190688,726.8999999999942,1844.9378571428551,0.0020883214948581,0.0115492972141755,-0.0017955506626493,0.0793650793650793,0,0,0.02090773794659228
2024-06-10,69540.0,-0.0015538683361775,0.0226616270130771,0.0123739985006917,1023.6500000000088,1743.944285714285,0.001865959389976,0.0108173377604872,-0.0015481777822107,0.0436507936507936,0,0,0.02053319700784626
2024-06-11,67314.24,-0.0325303224150292,0.0221699376790749,0.0146858831929814,3539.0099999999948,1831.452142857142,0.0016939998907791,0.0148638202273946,-0.0018618541298114,0.0357142857142857,0,0,0.02015809860744494
2024-06-12,68263.99,0.01401059057949,0.0240367223191039,0.014915832160864,3094.0,1923.092857142856,0.0013860346114352,0.0153399969675981,-0.0006235979006794,0.1468253968253968,0,0,0.02129046579146234
2024-06-13,66773.01,-0.022083437764671,0.0238020411373072,0.0157890321943543,2197.520000000004,1910.6299999999992,0.0011220687789494,0.0163358760565034,-0.0002758844307039,0.123015873015873,0,0,0.02137465868238432
2024-06-14,66043.99,-0.0109779218241392,0.0242050145125095,0.0157422546162048,2292.2400000000052,1904.7828571428563,0.000908291020979,0.0162500915100547,0.0007410535182583,0.1587301587301587,0,0,0.0215769071075057
2024-06-15,66228.25,0.0027860739213121,0.0237910442300912,0.0157292582601347,621.3799999999901,1915.4842857142849,0.0007375167593134,0.0162500915100547,6.5434909960991605e-06,0.1111111111111111,0,0,0.02139842933805472
2024-06-16,66676.87,0.0067510070922924,0.0231847426132727,0.0158862191957224,964.1999999999972,1898.460714285713,0.0006700088349387,0.0173720772200303,2.162603561890047e-05,0.0793650793650793,0,0,0.020940341567963622
2024-06-17,66504.33,-0.0025910578449526,0.0227290476576238,0.0151643920340478,2168.8099999999977,1862.2671428571412,0.000693051394182,0.0162758911020517,6.74206445467028e-05,0.0476190476190476,0,0,0.02060937059457428
2024-06-18,65175.32,-0.0201861886584318,0.0222393521120319,0.0136388254843039,2528.229999999996,1864.5599999999988,0.0007603729816015,0.0167554941632109,6.94144329570004e-05,0.0317460317460317,0,0,0.02024549966721914
2024-06-19,64974.37,-0.0030879852219758,0.0227044455165062,0.0130922043596687,1061.5399999999936,1842.2171428571417,0.000692904480577,0.0159256237385281,-0.0013322768025977,0.0396825396825396,0,0,0.02049675610990372
2024-06-20,64869.99,-0.0016077713731199,0.022223888254915,0.0131463795242127,1923.7900000000009,1866.6049999999984,0.0007070757435835,0.0158741344491917,-0.0015781528823922,0.0238095238095238,0,0,0.020214424152949002
2024-06-21,64143.56,-0.0112614167598419,0.0217827008690051,0.012587234028461,1687.310000000005,1731.6257142857128,0.0007885107132306,0.0149076796867937,-0.0024223136435044,0.0158730158730158,0,0,0.01992050532140306
2024-06-22,64262.01,0.0018449360662184,0.0216806331702833,0.0126797578173139,602.989999999998,1745.112142857142,0.0008336935212231,0.0157125754893717,-0.0021104110598079,0.0119047619047619,0,0,0.019826982702169982
2024-06-23,63210.01,-0.0165059576898549,0.0213046012686396,0.0126353343651716,1342.6800000000003,1789.096428571428,0.0009283985449777,0.0157937072780336,-0.0018801413446331,0.0079365079365079,0,0,0.01960021916118376
2024-06-24,60293.3,-0.0472416882382802,0.021603732567493,0.0164613228998654,4967.800000000003,2070.8214285714275,0.0009779719341477,0.0217342460109358,-0.0011253150901308,0.0079365079365079,0,0,0.0197758415404958
2024-06-25,61806.01,0.0247796224774567,0.0259498757425141,0.0175675233824171,2162.9400000000023,1972.530714285714,0.0012972890946952,0.0201812691490926,0.0037105236304821,0.2976190476190476,0,0,0.02244172544550846
2024-06-26,60864.99,-0.0153424763626777,0.0262897559357015,0.016713876490759,1775.8099999999977,1878.374285714285,0.001556843321542,0.0197508080876514,0.0035853104191953,0.3174603174603174,0,0,0.0232289627614209
2024-06-27,61706.47,0.0137306550868014,0.0258603581472066,0.0171594247779476,1782.5900000000038,1848.736428571428,0.001716576854309,0.019474387674431,0.0036364698922916,0.2896825396825397,0,0,0.02301366128832396
2024-06-28,60427.84,-0.0209388617515138,0.0253902345911035,0.0175988235343727,2162.3099999999977,1839.4557142857132,0.0017945677098399,0.0203611480289692,0.0036075337220984,0.238095238095238,0,0,0.0226672079546621
2024-06-29,60986.68,0.0092055537746169,0.0254698412055869,0.0179355234692904,840.2300000000032,1855.0878571428568,0.0018811567696057,0.0203611480289692,0.0037892080353036,0.246031746031746,0,0,0.022609614723352142
2024-06-30,62772.01,0.0288537938097448,0.0248379588405985,0.0199890229834363,2346.550000000003,1953.827142857143,0.0019142756869386,0.0203611480289692,0.0035333575719589,0.1984126984126984,0,0,0.0222482473043591
2024-07-01,62899.99,0.002036731240711,0.0257680400456169,0.0200577931411515,1364.560000000005,1896.380714285715,0.0019819347505746,0.0215768207828519,0.0041643074781239,0.2817460317460317,0,0,0.02271350962737014
2024-07-02,62135.47,-0.0122290033197405,0.0249425218353537,0.019672276330201,1482.550000000003,1821.6892857142868,0.0019503287825162,0.0208162792977122,-0.0010073539071603,0.2063492063492063,0,0,0.02240025510121222
2024-07-03,60208.58,-0.0315021343281216,0.024501862366743,0.0210535553597845,2885.9400000000023,1952.0035714285732,0.0019183518543199,0.0235833327927235,-0.0017878935689585,0.1825396825396825,0,0,0.0219547270200458
2024-07-04,57050.01,-0.0538866154831012,0.0257985527438151,0.0246503435813838,3727.1900000000023,2080.817857142859,0.0018849263572519,0.0303120666656328,-6.180540339150234e-05,0.2976190476190476,0,0,0.02270793964628906
2024-07-05,56628.79,-0.0074107384621981,0.0302139326231059,0.0246467611198753,4060.07,2250.300714285716,0.0022966094338208,0.0301634518528848,0.0048236980320023,0.6150793650793651,1,0,0.02566662917386354
2024-07-06,58230.13,0.0278854052420172,0.0290346563234842,0.0264376131855718,2457.0,2382.730000000002,0.0023266416956246,0.0301634518528848,0.0035648151178972,0.5277777777777778,1,0,0.028794711394090518
2024-07-07,55857.81,-0.0415935637799851,0.0292326964512441,0.0279363063115874,2725.0899999999965,2481.473571428573,0.0021883085419854,0.033045893334329,0.0043947376106455,0.5476190476190477,1,0,0.02866969307074646
2024-07-08,56714.62,0.0152226712283134,0.0309775841503415,0.0262683701825557,3976.57,2410.6714285714297,0.0021524340001309,0.030482949385114,0.0052095441047245,0.6746031746031746,1,0,0.0298435000902049
2024-07-09,58050.0,0.0232726823228457,0.0300196021673332,0.0261425203277431,2006.550000000003,2399.5007142857153,0.0023076902605909,0.030482949385114,0.0050770803319794,0.6031746031746031,1,0,0.02974737810039992
2024-07-10,57725.85,-0.0055996280225798,0.0296889727352654,0.0259601087605475,2312.209999999999,2437.8150000000014,0.0024014018679177,0.0300010373048283,0.0051871103685224,0.5793650793650794,1,0,0.029266539641159238
2024-07-11,57339.89,-0.006708538049521,0.0285200268684619,0.0254695458408145,2600.0,2496.2014285714295,0.0023867279428756,0.0281634518443713,0.0027214741246468,0.4761904761904761,1,0,0.02846315892107714
2024-07-12,57889.1,0.0095325691717125,0.0274909655946646,0.0253265805166941,1984.2099999999991,2483.480000000001,0.0023116591426593,0.0290492297091697,-0.0027229670284412,0.4007936507936508,1,0,0.02741213415679876
2024-07-13,59204.02,0.0224603337463857,0.0266524206203087,0.026057792679993,2093.3700000000026,2572.990000000001,0.0022482984734571,0.0290492297091697,-0.0023822357031755,0.3571428571428571,0,0,0.02659912277218522
2024-07-14,60797.91,0.0265659683913899,0.0266882202612127,0.0258549963152245,2226.6800000000003,2564.427857142858,0.0021182840839005,0.0290492297091697,-0.0025444761900314,0.3571428571428571,0,0,0.023765670956727616
2024-07-15,64724.14,0.0625788251846497,0.0270925355280357,0.0311531778453975,4267.699999999997,2771.7950000000005,0.0020478233196509,0.0290492297091697,-0.0038850486223057,0.376984126984127,1,0,0.023966834916821417
2024-07-16,65043.99,0.0049295716554436,0.0327606577352193,0.0308849136254168,3015.730000000003,2881.3078571428573,0.0022316881067102,0.0309770229489497,0.0027410555678861,0.7777777777777778,1,0,0.030138150241131582
2024-07-17,64087.99,-0.014806827344028,0.0312893222416779,0.0297402247279524,2274.6300000000047,2837.642857142858,0.0020299207375381,0.0288221944961615,0.0016003495064124,0.6944444444444444,1,0,0.03100315974500674
2024-07-18,63987.92,-0.0015626673332036,0.0302780724137081,0.0247053792219045,1894.8199999999997,2706.759285714286,0.0018368848641107,0.0186323552564619,0.0017580455452461,0.626984126984127,1,0,0.03003733344822486
2024-07-19,66660.0,0.0409107573354443,0.0290023840637872,0.025711976125381,4085.3300000000017,2708.563571428572,0.0018180144664508,0.0201398556591795,0.0015114184691225,0.503968253968254,1,0,0.02882297843827232
2024-07-20,67139.96,0.0071743229020846,0.030697858522127,0.0252984365539254,1375.5399999999936,2631.316428571429,0.0018605836166287,0.0201398556591795,0.0040454379018182,0.6547619047619048,1,0,0.0293633363132762
2024-07-21,68165.34,0.0151568287409897,0.0294656877805122,0.0204479239498717,2589.6600000000035,2621.642857142858,0.0018608456584523,0.0086319809711219,0.0027774675192995,0.5357142857142857,1,0,0.02921076426830732
2024-07-22,67532.01,-0.0093345168297833,0.0286659544338278,0.0213873213152262,1914.5800000000015,2474.357857142858,0.0018051606332478,0.0087769879387949,0.0015734189057921,0.4563492063492063,1,0,0.02811573866029668
2024-07-23,65936.01,-0.0239169814342172,0.0276982628476211,0.0231958398843638,2309.899999999994,2496.0257142857145,0.001827120996487,0.0126306478278923,-0.0050623948875982,0.3849206349206349,1,0,0.02719658730857266
2024-07-24,65376.0,-0.0085295076234555,0.0277180760515166,0.0233513461941474,1991.0099999999948,2473.082857142857,0.0018457346458024,0.0129008801613221,-0.0035712461901613,0.3849206349206349,1,0,0.026962772830909962
2024-07-25,65799.95,0.0064638598173516,0.0268219252657381,0.0229362098723671,2718.790000000008,2481.5678571428575,0.001923838876607,0.013810081613509,-0.0034561471479699,0.3253968253968254,1,0,0.02642579755944286
2024-07-26,67907.99,0.031534622237757,0.0259604272488682,0.0236567159285518,2477.3699999999953,2516.7935714285713,0.0020400868692248,0.013810081613509,-0.0030419568149189,0.2698412698412698,0,0,0.02570728594932092
2024-07-27,67896.5,-0.0001692138459841,0.02701094572951,0.0236160630044793,2749.9900000000052,2563.695,0.0020154821299531,0.0126070113044592,-0.003686912792617,0.3492063492063492,1,0,0.023633316637706
2024-07-28,68249.88,0.0051911889774292,0.0260499529989366,0.0231337629347918,1251.7699999999895,2494.0585714285708,0.0020698446930143,0.0126070113044592,-0.0034157347815755,0.2777777777777778,0,0,0.02578156499936196
2024-07-29,66784.69,-0.0217018131643449,0.0252402809591829,0.0183906066923974,3651.990000000005,2450.0792857142856,0.0022273681744311,0.0142657887409239,-0.0034256734746449,0.1944444444444444,0,0,0.022577301375509742
2024-07-30,66188.0,-0.0089746850278231,0.0254042585124574,0.0186082552234868,1697.3300000000015,2355.907857142857,0.0019942730200867,0.0137164776371037,-0.0022940043351637,0.2103174603174603,0,0,0.022474510307474438
2024-07-31,64628.0,-0.0238514242150138,0.0247711975343699,0.0193506235226021,2319.2400000000052,2359.094285714286,0.0019140130857741,0.015226549064225,-0.0029468785171467,0.1587301587301587,0,0,0.022114724920621942
2024-08-01,65354.02,0.0111711996833445,0.0251953791416772,0.0195395336549843,3357.779999999999,2463.5914285714284,0.0018232940604094,0.0162671467427352,-0.0016265461240609,0.1984126984126984,0,0,0.022272263085006322
2024-08-02,61498.33,-0.0608089331256902,0.0246751669916253,0.0224555225886892,4366.129999999997,2483.648571428571,0.0018465671609734,0.026339292867151,-0.0012852602572429,0.1547619047619047,0,0,0.02205748179497518
2024-08-03,60697.99,-0.0130994361288614,0.0307075574290795,0.0222098354390041,2348.220000000001,2553.1257142857144,0.001848138105328,0.0252138895074091,0.0036966116995695,0.6746031746031746,1,0,0.0256590704574477
2024-08-04,58161.0,-0.042695556818197,0.0296771264236729,0.0230935757814142,3994.8600000000006,2653.497142857143,0.0018721885489412,0.0274673853667261,0.0036271734247362,0.5873015873015873,1,0,0.02938284945420374
2024-08-05,54018.81,-0.0738827077815429,0.0314894108274074,0.0284785929911821,9305.589999999997,3181.426428571428,0.0022074280598881,0.0359389675610329,0.0062491298682245,0.7182539682539683,1,0,0.03026497129644444
2024-08-06,56022.01,0.0364123299874936,0.038086190544966,0.0315759122834909,3090.989999999998,3237.218571428571,0.0036943890437857,0.0370346262789674,0.0126819320325086,0.9365079365079364,2,0,0.0349781347269796
2024-08-07,55134.16,-0.0159751614680061,0.037895618943655,0.0315822210067649,3177.4300000000003,3321.9628571428575,0.0045785183893245,0.0373073200684908,0.0131244214092851,0.9246031746031746,2,0,0.040327291366193
2024-08-08,61685.99,0.1122873509141602,0.0362859327973305,0.0458335401087109,8015.139999999999,3700.273571428571,0.0049918674319841,0.0373073200684908,0.0110905536556532,0.8928571428571429,2,0,0.0394987956783983
2024-08-09,60837.99,-0.013842409307287,0.0494571274305909,0.0446704659767841,2209.3700000000026,3681.1307142857145,0.0072618145063982,0.035662497769598,0.0247819604389656,0.996031746031746,2,0,0.04730285525835454
2024-08-10,60923.51,0.0014047135434847,0.0467551286208781,0.0446932657362229,1228.5800000000015,3572.4585714285713,0.0083010693043362,0.0375915310177707,0.0160475711917985,0.988095238095238,2,0,0.04638282117252686
2024-08-11,58712.59,-0.0369649586682072,0.0440646922578668,0.0451725374185025,3571.269999999997,3738.1371428571433,0.0086525965372469,0.0375293445288915,0.0143875658341939,0.9642857142857144,2,0,0.04470794135472008
2024-08-12,59346.64,0.0107413218969405,0.0431971829058843,0.0453991760752101,3068.8799999999974,3696.486428571429,0.0086569140364243,0.0388923704501171,0.0117077720784768,0.9523809523809524,2,0,0.04407155774353058
2024-08-13,60587.15,0.020687318243457,0.0409328762908231,0.0460593521385528,3185.220000000001,3802.7642857142855,0.0083451106735272,0.041129374146882,0.0028466857458571,0.9404761904761904,2,0,0.04264427377449386
2024-08-14,58683.39,-0.0319261018184242,0.0392621474065985,0.0463454991701009,3366.8199999999997,3877.591428571428,0.00772888396247,0.0418081763563503,0.0013665284629435,0.9246031746031746,2,0,0.041567229643959105
2024-08-15,57541.06,-0.0196579426462015,0.0385272797865468,0.0461532208117055,3770.839999999997,3907.0957142857137,0.0069473723315724,0.0399580663404786,0.0022413469892162,0.9126984126984128,2,0,0.04103882787192808
2024-08-16,58874.6,0.0229109783372543,0.0370354443744746,0.0443247170037748,2719.1399999999994,3789.4535714285703,0.0058287509112479,0.036524131138102,-0.0124216830561163,0.876984126984127,2,0,0.04004307182468476
2024-08-17,59491.99,0.0104319233822085,0.0358845053754199,0.0443630933250177,914.9499999999972,3687.077142857142,0.0054252688645081,0.0387307593084287,-0.0108706232454581,0.8452380952380952,2,0,0.03898833002525194
2024-08-18,58427.35,-0.0180575795170021,0.0342548955065025,0.0430701893193357,1876.0699999999997,3535.734999999999,0.0049230321263618,0.0358641636142523,-0.0098097967513643,0.7976190476190477,2,0,0.0378517293039015
2024-08-19,59438.5,0.0171580624359464,0.0331054291588643,0.0375190470416659,1830.3299999999945,3001.787857142856,0.0047359183955632,0.0243071084017144,-0.0100917537470199,0.7341269841269841,1,0,0.036829080295318575
2024-08-20,59013.8,-0.0071708496985927,0.0320260682340626,0.0366742351302815,2851.769999999997,2984.7007142857133,0.0051464984759254,0.022666634379054,-0.0089068080567605,0.6944444444444444,1,0,0.03133102854043756
2024-08-21,61156.03,0.0356571523861468,0.0306669393485888,0.037134939357473,3037.459999999999,2974.702857142856,0.0056267469413244,0.0235981228582103,-0.0085952080580097,0.6111111111111112,1,0,0.03020828360915328
2024-08-22,60375.84,-0.0128394423275786,0.0314378154702695,0.0218703250819647,1675.1299999999974,2521.8449999999984,0.0059263290689324,0.022380092218214,-0.0070894643162773,0.6626984126984127,1,0,0.030336248082161697
2024-08-23,64037.24,0.0588757642166264,0.0303217758726233,0.0268013959142547,4612.860000000001,2693.5228571428556,0.0053400381146185,0.0235034302405694,-0.0067136685018512,0.5873015873015873,1,0,0.029793820723573977
2024-08-24,64157.01,0.0018685710918955,0.0344839167598749,0.0267986789909469,963.5,2674.5885714285696,0.0045589729448277,0.0235034302405694,-0.0014005886155449,0.8015873015873016,2,0,0.03202218085592494
2024-08-25,64220.0,0.0009813284334168,0.0328241592962702,0.0241590330223347,1226.7300000000032,2507.1214285714273,0.0040013967084357,0.0197385877361964,-0.0014307362102322,0.7222222222222222,1,0,0.036174570377762116
2024-08-26,62834.0,-0.0218183604181234,0.031309803963709,0.0252518877193859,1681.0,2407.987142857142,0.0034104033913315,0.0201001661702615,-0.0017956251951553,0.6428571428571429,1,0,0.0307215739782254
2024-08-27,59415.0,-0.0559496085012547,0.0307164852682866,0.0293488004465091,5177.989999999998,2550.327857142856,0.0029784606532089,0.0281690274995083,-0.001309582965776,0.6071428571428571,1,0,0.029902847960971958
2024-08-28,59034.9,-0.0064179252947429,0.0343001175480335,0.028071618250917,2374.980000000003,2479.4821428571418,0.0025272376526937,0.0255688777329139,0.0036331781994446,0.7976190476190477,2,0,0.032022486128820096
2024-08-29,59359.01,0.0054751263752255,0.0327142995927164,0.0274859199490841,2453.9000000000015,2385.4149999999995,0.0020420936161374,0.026425801314131,0.0012764841224469,0.7063492063492064,1,0,0.03608142135562984
2024-08-30,59123.99,-0.0039671566087129,0.0312562995184091,0.0268612442564878,2242.970000000001,2351.4028571428566,0.0017057323366641,0.0245114439223851,0.0009345236457858,0.623015873015873,1,0,0.030681823711045463
2024-08-31,58973.99,-0.0025402649674752,0.0299108778858509,0.0267082315253569,718.3799999999974,2337.3621428571423,0.0015387746188484,0.0229459395324821,-0.004573038874024,0.5238095238095238,1,0,0.029380192331510537
2024-09-01,57301.86,-0.0287634153194442,0.0286770735415918,0.027390314658069,1875.5899999999965,2337.3278571428564,0.0016542636174155,0.0242728938608806,-0.0041470857546784,0.4246031746031746,1,0,0.02818681892495508
2024-09-02,59132.13,0.0314413475808041,0.0290106913994207,0.028382358437495,2297.6900000000023,2370.710714285714,0.0017454674011041,0.0242728938608806,-0.0022991125642882,0.4484126984126984,1,0,0.02801794163965242
2024-09-03,57487.73,-0.0282028977798507,0.0295702357478852,0.0293114795020237,2394.6500000000015,2338.059285714286,0.0018006745752468,0.0261184067489613,-0.0011462495204014,0.4880952380952381,1,0,0.028448379848731116
2024-09-04,57970.9,0.0083696267750248,0.0297244723377502,0.0274736462757154,2913.0,2329.1692857142857,0.0018404656528317,0.0261184067489613,-0.0045756452102832,0.5119047619047619,1,0,0.02871868060265012
2024-09-05,56180.0,-0.0313803388267199,0.0286196195582017,0.0283739643216098,2683.4199999999983,2401.19,0.0019582446127379,0.0280117023635435,-0.0040946800345147,0.4047619047619047,1,0,0.02813647973492102
2024-09-06,53962.97,-0.0402627510802897,0.0292313832081181,0.0230361854197392,4458.0,2390.128571428572,0.0020066661849579,0.0296241884633025,-0.002024916310291,0.4563492063492063,1,0,0.028136152724870862
2024-09-07,54160.86,0.003660436759544,0.0308005221439615,0.023125326103208,1104.4599999999991,2400.197142857143,0.0017189377159369,0.0296241884633025,0.0008896442581106,0.5992063492063492,1,0,0.0292915036863769
2024-09-08,54869.95,0.0130073324703552,0.029494096124769,0.0238602221964241,1688.989999999998,2433.215714285714,0.0016177457179912,0.0296241884633025,0.0008170225831772,0.4722222222222222,1,0,0.029081932874861403
2024-09-09,57042.0,0.038821998779241,0.0285857904495418,0.0270790539450705,3496.040000000001,2562.8614285714284,0.0016607034669616,0.0304595880381864,-0.0004249009498789,0.3888888888888889,1,0,0.02805454506972508
2024-09-10,57635.99,0.0103593603630525,0.0300821295168482,0.0233889576498654,1657.9599999999991,2311.430714285714,0.0016537723984626,0.0247615293094653,0.000511893768963,0.5396825396825397,1,0,0.02865071331010892
2024-09-11,57338.0,-0.0051836187862424,0.0290060256511043,0.0233740406104318,2436.519999999997,2315.826428571428,0.0011617361101193,0.0247201868775783,-0.0007184466866459,0.4206349206349206,1,0,0.02846811939066258
2024-09-12,58132.32,0.0137582112804253,0.0278959786610864,0.0236828677019791,1264.0,2230.833571428571,0.0009056889620851,0.0247201868775783,-0.0007236408971152,0.3412698412698413,1,0,0.02734853559665184
2024-09-13,60498.0,0.0398885151769494,0.0271960527104584,0.0261066168349126,2992.3799999999974,2284.362857142856,0.0009220110933257,0.0266516889498543,-0.0020353304976597,0.3055555555555556,1,0,0.02661084562627504
2024-09-14,59993.03,-0.0083819178315689,0.0290876657156852,0.0262250009652807,1210.449999999997,2319.510714285713,0.0008941349161393,0.0268504461282269,-0.0017128564282762,0.4404761904761904,1,0,0.02763460902941112
2024-09-15,59132.0,-0.0144561557687215,0.0280468930097755,0.0252263112479324,1704.75,2307.3078571428564,0.0009305643879959,0.0248573433900984,-0.0014472031149935,0.3571428571428571,1,0,0.0275130838058653
2024-09-16,58213.99,-0.0156465291807421,0.0273662426753468,0.0241503837885061,1717.3999999999942,2265.85857142857,0.0010309006439267,0.0237611297166594,-0.001219547774195,0.3134920634920635,1,0,0.02678165400520808
2024-09-17,60313.99,0.0354383795991601,0.026828766862093,0.0246445189146885,3709.989999999998,2359.811428571427,0.0011489706328769,0.0229373623690792,-0.0032533626547551,0.2817460317460317,1,0,0.0262771301172558
2024-09-18,61759.99,0.0236916603421484,0.0282033948808245,0.0252144741810136,2611.439999999995,2338.271428571427,0.0011173298836151,0.0229373623690792,-0.0008026307702798,0.373015873015873,1,0,0.026981594928494702
2024-09-19,62947.99,0.0190530860779141,0.0281372767922614,0.0232138098255434,2295.0,2310.527142857141,0.0011241995131432,0.0208423122029345,0.000241298131175,0.373015873015873,1,0,0.027274273275356843
2024-09-20,63201.05,0.0040120850615288,0.0277252234946559,0.0186897506417888,1783.3199999999997,2119.4785714285695,0.0011279687584863,0.0117358506857152,0.0005291707841975,0.3452380952380952,1,0,0.02700853409679354
2024-09-21,63348.96,0.0023375749610998,0.0267227419590731,0.0187345665455582,801.9000000000015,2097.867142857141,0.0009962127165665,0.0117358506857152,-0.0023649237566121,0.2777777777777778,0,0,0.02617279917544386
2024-09-22,63578.76,0.0036209624041578,0.0258014390228031,0.0188323369489739,1642.0699999999997,2094.515714285713,0.0011018753166736,0.0117358506857152,-0.0022454539869724,0.2222222222222222,0,0,0.02287260661368186
2024-09-23,63339.99,-0.0037625690717479,0.0249903463991334,0.0172853900181991,2207.1299999999974,2002.4507142857128,0.0013272313791734,0.0106308766457831,-0.0023758962762133,0.1706349206349206,0,0,0.022233941439480043
2024-09-24,64262.7,0.0144624863793918,0.024267253068427,0.0173725197619948,1988.0,2026.0249999999985,0.0014143338949827,0.0106308766457831,-0.002561513793666,0.1269841269841269,0,0,0.0216791534410562
2024-09-25,63152.01,-0.0174346923431638,0.0240307521555906,0.0183561113523257,1870.909999999996,1985.624285714284,0.001553075201385,0.0129782609364196,-0.0041726427252339,0.1031746031746031,0,0,0.02145092729335436
2024-09-26,65173.99,0.0315157856913526,0.0240215361850052,0.0194476315205689,3169.0,2121.6957142857127,0.0016964185258989,0.0129782609364196,-0.0041157406072562,0.1031746031746031,0,0,0.02140822851100312
2024-09-27,65769.95,0.0091025841280014,0.0254055387623744,0.017194946636694,1678.0999999999983,2027.8185714285696,0.0017155594062339,0.0129782609364196,-0.0023196847322814,0.2103174603174603,0,0,0.02224912045742464
2024-09-28,65858.0,0.0013378619530755,0.024776992980337,0.016761745193148,837.7699999999968,2001.1985714285695,0.0015928109336465,0.013891721798735,-0.001945748978736,0.1666666666666666,0,0,0.0220827609882022
2024-09-29,65602.01,-0.0038945733164776,0.024051160332825,0.0159564783019157,644.1199999999953,1925.4392857142836,0.0015878432971555,0.0120219278803534,-0.0017502786899781,0.119047619047619,0,0,0.021564690999694998
2024-09-30,63327.59,-0.035285240554753,0.0234320751752686,0.0187573885639308,2762.5,2000.089285714284,0.0016515480651792,0.0198641720532511,-0.0015582712238648,0.0793650793650793,0,0,0.02108020590516116
2024-10-01,60805.78,-0.0406362449266595,0.0254227665881399,0.0205144934149433,3966.6299999999974,2018.4207142857128,0.0016133619724326,0.0254151361483038,0.0011555135197129,0.2261904761904762,0,0,0.02225244795288394
2024-10-02,60649.28,-0.0025770863167764,0.0277703613783293,0.0194095731209755,2390.3099999999977,2002.6257142857128,0.0015608249869214,0.0232245814496488,0.0037396092227387,0.3928571428571428,1,0,0.02400336162699758
2024-10-03,60752.71,0.0017039263528477,0.0267457161774816,0.0185449863410839,1649.0800000000015,1956.48857142857,0.0014153053985662,0.0232245814496488,0.0027241799924764,0.3214285714285714,0,0,0.026427863306488962
2024-10-04,62086.0,0.0217088304100379,0.0258171227624332,0.0195987875421968,2024.949999999997,1973.747857142856,0.0012535658263106,0.0232245814496488,0.0004115840000587,0.2619047619047619,0,0,0.02306638605745992
2024-10-05,62058.0,-0.0004510890655176,0.0259026043588434,0.0195734407359534,681.2999999999956,1965.1335714285697,0.0011964313214539,0.0215024602659232,0.0011256113785063,0.2698412698412698,0,0,0.02294334941530604
2024-10-06,62819.91,0.0122026298209956,0.0250552336591337,0.0198771771404508,1176.0299999999988,1931.844999999998,0.0011828726376846,0.0215024602659232,0.0010040733263087,0.1984126984126984,0,0,0.02243801459548022
2024-10-07,62224.0,-0.0095312840313255,0.024600069305221,0.020001431394128,2350.1900000000023,1942.0635714285695,0.0011907530058856,0.0217557185640905,0.0011679941299524,0.1626984126984127,0,0,0.0220102655831326
2024-10-08,62160.49,-0.001021188502186,0.0240784382685141,0.0194860485791319,1339.6900000000023,1895.7557142857129,0.0012018402682753,0.0203538137017254,-0.0013443283196258,0.1309523809523809,0,0,0.02162478976110846
2024-10-09,60636.02,-0.0248304829764283,0.023426285729455,0.0200186763347676,2242.75,1922.315714285713,0.0012522097379061,0.0212920356159829,-0.0043440756488742,0.0793650793650793,0,0,0.021150391437673
2024-10-10,60326.39,-0.0051194528325311,0.0241527781782465,0.0173959276031355,2375.6800000000003,1865.649999999999,0.0012444973635364,0.0201467257959721,-0.0025929379992351,0.1428571428571428,0,0,0.0214867709069479
2024-10-11,62540.0,0.0360366989274485,0.0235459445645535,0.0203723060622863,3329.9199999999983,1983.6371428571415,0.0013010684434443,0.0201467257959721,-0.0022711781978797,0.0912698412698412,0,0,0.021237576738732097
2024-10-12,63206.22,0.0105963620019302,0.0256184402621938,0.0206925761451189,992.7699999999968,1994.7085714285704,0.0013136923139541,0.0201467257959721,-0.0002841640966495,0.2658730158730158,0,0,0.02239082095731628
2024-10-13,62870.02,-0.005333293519957,0.0250250999535648,0.0207012758677329,1235.7200000000012,2036.9657142857136,0.0012866422359612,0.0201833026730717,-3.0133705568900077e-05,0.2142857142857142,0,0,0.02239596717213888
2024-10-14,66083.99,0.0498570882341056,0.0243276113929733,0.0228899056691535,4042.1900000000023,2128.372142857142,0.0012210148403875,0.0173969938499752,-0.0002724579122477,0.1626984126984127,0,0,0.02187646203578398
2024-10-15,67074.14,0.0148720660152132,0.0284117290696888,0.019261880850486,3149.989999999998,2070.040714285714,0.0015081537997883,0.0104876713906592,0.0043332908011746,0.4523809523809524,1,0,0.024206412241813278
2024-10-16,67620.01,0.0081053704039835,0.0277126228830111,0.0190635321371704,1673.5099999999948,2018.8407142857136,0.0015009990669071,0.0112790172777082,0.004286337153556,0.3968253968253968,1,0,0.02707847772980666
2024-10-17,67421.78,-0.0029358340463456,0.0268039068138776,0.0192168356411379,1273.3999999999942,1992.0064285714273,0.001505337908146,0.0105011326331477,0.002651128635631,0.3373015873015873,0,0,0.026402755688326562
2024-10-18,68428.0,0.0148139864714202,0.0258804223628834,0.0189089011046207,1807.6399999999992,1976.4842857142849,0.0015070405006249,0.0105011326331477,0.0023344777983299,0.2777777777777778,0,0,0.02304754461773004
2024-10-19,68378.0,-0.0007309621248516,0.0254686160300947,0.0189174704794947,683.2599999999948,1976.6242857142845,0.0014986717967174,0.0105033826546884,-0.0001498242320991,0.2341269841269841,0,0,0.022631535618056822
2024-10-20,69031.99,0.0095188848804479,0.024667102788992,0.0188734480061923,1300.0,1985.4792857142843,0.0015069828577098,0.0105033826546884,-0.0003579971645727,0.1666666666666666,0,0,0.0220516004733952
2024-10-21,67377.5,-0.0242588860534898,0.024137342223311,0.0202127991025295,2678.850000000006,2008.9549999999992,0.0015276364334277,0.0134689882301427,-0.0001902691696622,0.1309523809523809,0,0,0.021595478933986598
2024-10-22,67426.0,0.0007195659176897,0.0246957960247374,0.020173698089332,1264.5899999999965,2003.590714285713,0.0015004256007092,0.0145421953962086,-0.0037159330449514,0.1785714285714285,0,0,0.02187948801484244
2024-10-23,66668.65,-0.0112958727724361,0.0239759909100949,0.0188750101006093,2212.8300000000017,2001.4535714285705,0.0014547755827421,0.0114009980447432,-0.0037366319729161,0.1031746031746031,0,0,0.021541184146056942
2024-10-24,68198.28,0.0226845171526353,0.0236040755191839,0.0189896554412621,2340.0,1998.9049999999988,0.0014953487959861,0.0122775220724129,-0.0031998312946937,0.0873015873015873,0,0,0.02115033731151034
2024-10-25,66698.33,-0.0222394294631644,0.0240921288842855,0.0189378317001272,3175.2000000000116,1987.8535714285713,0.0014532509965586,0.014423822678934,-0.0017882934785979,0.1388888888888889,0,0,0.0214169313305713
2024-10-26,67092.76,0.0058962243705629,0.0244667112799094,0.0188648375460917,1014.6500000000088,1989.4164285714292,0.0014673303895875,0.014423822678934,-0.0010019047501853,0.1706349206349206,0,0,0.02175635436794564
2024-10-27,68021.7,0.013750632418521,0.0238432466011467,0.0188075331124352,1418.320000000007,2002.4592857142868,0.0015135132492469,0.0156194490573129,-0.0008238561878452,0.1071428571428571,0,0,0.02144868116068802
2024-10-28,69962.21,0.0281284672152075,0.0236174584964539,0.0154785965523031,2652.0,1903.160000000001,0.0015545080911812,0.0156194490573129,-0.0005198837268571,0.0912698412698412,0,0,0.021198320297872338
2024-10-29,72736.42,0.0388869828293767,0.0246695407385881,0.0179074690761471,3860.1199999999953,1953.883571428572,0.0012284977243352,0.0156194490573129,-2.6255286149298035e-05,0.1944444444444444,0,0,0.021791029243152862
2024-10-30,72344.74,-0.0053994736683442,0.0269182658973296,0.0181353701672039,1525.0,1943.2757142857151,0.0010964155768128,0.0144279258163068,0.0029422749872346,0.3611111111111111,1,0,0.02334642473839776
2024-10-31,70292.01,-0.0287846116959098,0.0260225461675599,0.0201860574623742,3014.2400000000052,2067.6214285714304,0.0010008805149361,0.0185693520309754,0.002418470648376,0.3134920634920635,0,0,0.02575237170053594
2024-11-01,69496.01,-0.0113887957455069,0.0267551149440961,0.0202189266185886,2812.8099999999977,2139.4192857142875,0.0011012566514672,0.0177225831623892,0.0026629860598106,0.3452380952380952,0,0,0.02357659816645766
2024-11-02,69374.74,-0.0017465165389545,0.0260694242279929,0.0202278447467401,914.229999999996,2155.917142857145,0.0011410994627606,0.0177327207324583,0.0016027129480834,0.3134920634920635,0,0,0.023204749336795737
2024-11-03,68775.99,-0.0086681228392535,0.0252104476047796,0.0202249933408851,1912.270000000004,2199.6507142857163,0.0011445905833374,0.0168681728618717,0.0013672010036328,0.2261904761904762,0,0,0.02261678296286776
2024-11-04,67850.01,-0.0135551678077732,0.0245879312554678,0.0194351014861177,2665.0,2198.6614285714304,0.0011288514241214,0.0152951424777794,0.0009704727590139,0.1587301587301587,0,0,0.02205121475328068
2024-11-05,69372.01,0.0221839383739048,0.0242595304461664,0.0202819989008774,3101.279999999999,2329.853571428573,0.0011407296629359,0.0152951424777794,-0.0004100102924217,0.1428571428571428,0,0,0.021701819067699843
2024-11-06,75571.99,0.0856022398482156,0.0246047241507283,0.0297208806053999,7102.0,2679.0800000000017,0.0011151813936619,0.0157839625915199,-0.0023135417466013,0.1706349206349206,0,0,0.021882011690436978
2024-11-07,75857.89,0.003776009592066,0.0360863854010949,0.0294775434227018,2433.9900000000052,2685.7935714285736,0.0031412614884082,0.0157839625915199,0.0100638392335349,0.8571428571428571,2,0,0.02885298284065694
2024-11-08,76509.78,0.0085568543195186,0.0343009994991698,0.0282006905195626,1644.9900000000052,2576.4928571428586,0.003824803433747,0.014429957858488,0.0075458845550737,0.8134920634920635,2,0,0.03713718369950188
2024-11-09,76677.46,0.0021892171563333,0.0327639210087147,0.0282575378039396,1185.3399999999965,2588.685000000001,0.0041125967529588,0.014429957858488,0.0066944967807217,0.7380952380952381,1,0,0.036213642605228816
2024-11-10,80370.01,0.0470333036943149,0.0312611605109849,0.0299863801336545,5008.0,2845.0907142857145,0.004135449797357,0.014429957858488,0.0060507129062053,0.6626984126984127,1,0,0.03073468310659094
2024-11-11,88647.99,0.09803226217916,0.0333785669381578,0.0377171695683515,9314.53,3320.9857142857145,0.0042248025506601,0.014429957858488,0.00879063568269,0.7698412698412699,1,0,0.03161306576289468
2024-11-12,87952.01,-0.0078820340116365,0.0443977903697659,0.0376919454693722,4868.0,3392.9771428571435,0.005872060326771,0.0136876824864393,0.0201382599235994,0.98015873015873,2,0,0.03875839502185954
2024-11-13,90375.2,0.0271785686611849,0.0419687675595709,0.0374356500130603,7137.649999999994,3793.8807142857145,0.0066396408025665,0.0146191327094091,0.0173640434088426,0.9484126984126984,2,0,0.04276037933574254
2024-11-14,87325.59,-0.0343263464379095,0.0405831312432144,0.037969909788058,5121.789999999994,3944.419999999999,0.0069607289661211,0.0164927177684727,0.0044967458421195,0.9365079365079364,2,0,0.04200049874592864
2024-11-15,91032.07,0.0415683149748229,0.0398958625848657,0.0377222893393597,4776.619999999995,4084.692142857142,0.00710200945833,0.0173340922335731,0.0055948630856959,0.9365079365079364,2,0,0.04151768555091942
2024-11-16,90586.92,-0.0049020302492461,0.0399821621703959,0.0378667497510022,1723.4900000000052,4142.496428571429,0.0070592143746338,0.0174547033681685,0.0072182411616812,0.9365079365079364,2,0,0.041609365302237536
2024-11-17,89855.99,-0.0081015540914197,0.0378747728882769,0.0378351303605396,2727.9900000000052,4200.762142857143,0.0066739600062035,0.0174001849041531,0.0066136123772919,0.9047619047619048,2,0,0.04036756293296614
2024-11-18,90464.08,0.0067445881663559,0.0360052741675462,0.0368640524445828,3217.100000000006,4240.197857142857,0.0060060461717945,0.0182351967304763,0.0026267072293884,0.8611111111111112,2,0,0.03907178850052772
2024-11-19,92310.79,0.0202081702443521,0.0342725127621713,0.0368610841302047,3548.5099999999948,4272.142857142857,0.0050870991972464,0.0182351967304763,-0.0101252776075945,0.8174603174603174,2,0,0.03778535045730278
2024-11-20,94286.56,0.0211776195370809,0.0332449902908849,0.0317649222656964,3331.970000000001,4002.855,0.0039677519859031,0.0182351967304763,-0.0087237772686859,0.7579365079365079,1,0,0.03685699737453094
2024-11-21,98317.12,0.0418595170994535,0.0323894609234092,0.0322821349606813,4948.0,4182.427142857143,0.0041422607676877,0.0182351967304763,-0.0081936703198052,0.7222222222222222,1,0,0.03172138735404552
2024-11-22,98892.0,0.0058301728478937,0.0336229350928937,0.0323550370148463,2465.899999999994,4241.06357142857,0.0041749719186109,0.0182351967304763,-0.006272927491972,0.7936507936507936,1,0,0.03222291585573622
2024-11-23,97672.4,-0.0124093238715747,0.0320877405018811,0.0331409189530106,1772.8500000000058,4283.028571428571,0.0042256916999957,0.0172283540603641,-0.0078944216685147,0.7182539682539683,1,0,0.03162405790112866
2024-11-24,97900.04,0.0023279364188919,0.0308889378497561,0.0321944803948933,2829.229999999996,4127.402142857142,0.0042621856348054,0.0172283540603641,-0.0069858350385207,0.6468253968253969,1,0,0.03057021510985366
2024-11-25,93010.01,-0.0512398363468733,0.0295606973381574,0.0264653309977,6271.610000000001,3910.0507142857136,0.0045851628155911,0.0261712365871411,-0.0064445768293888,0.5476190476190477,1,0,0.029442584402894437
2024-11-26,91965.16,-0.011297312096131,0.03264513284205,0.0265930642401963,4182.2699999999895,3861.069999999999,0.0040080080021739,0.0263789832614194,-0.0016273799201213,0.746031746031746,1,0,0.030972483305230003
2024-11-27,95863.11,0.0415114266779124,0.0313493574601666,0.027834642975637,5416.070000000007,3738.099999999999,0.0036496706269126,0.0263789832614194,-0.0018956328307183,0.6865079365079365,1,0,0.031027259676099962
2024-11-28,95643.98,-0.0022884802399172,0.0327126951460514,0.0256541911653468,1924.0,3509.6864285714287,0.0032404188551718,0.0223682946357509,0.0003232342226422,0.753968253968254,1,0,0.03158203028763084
2024-11-29,97460.0,0.0188092813038043,0.0312153190839517,0.0239237350889248,3255.0,3400.999285714286,0.0028389522161566,0.0223682946357509,-0.0024076160089419,0.6666666666666666,1,0,0.030879036650371023
2024-11-30,96407.99,-0.0108529554161069,0.0304331871283866,0.0241624600424827,1371.9400000000023,3375.8885714285716,0.0022202433529744,0.0227149010202923,-0.0016545533734945,0.6111111111111112,1,0,0.03000853467703196
2024-12-01,97185.18,0.008029148706738,0.0293396605027277,0.0239011572072906,2142.1199999999953,3334.040714285714,0.001839873335927,0.0246177382855284,-0.0015492773470284,0.5277777777777778,1,0,0.02910936270163662
2024-12-02,95840.62,-0.0139316272445846,0.0282633545736139,0.0244573675401743,3735.0,3371.0335714285707,0.0017453472149982,0.0231813697796165,-0.0012973427645434,0.4563492063492063,1,0,0.02813711874416834
2024-12-03,95849.69,9.463180488111787e-05,0.0275316975787754,0.0240268260028203,2727.350000000006,3312.3792857142857,0.0018688551898868,0.0231813697796165,-0.0051134352632745,0.4007936507936508,1,0,0.027397150547265242
2024-12-04,98587.32,0.0281614176668814,0.0265184231859503,0.0245079354725361,4412.169999999998,3389.536428571428,0.0021204437770622,0.0231813697796165,-0.0048309342742163,0.3373015873015873,0,0,0.026549128311570178
2024-12-05,96945.63,-0.0167923470412212,0.0271087793319664,0.0223022625474159,13588.0,4006.6792857142855,0.0022457811906966,0.022380598575899,-0.005603915814085,0.3849206349206349,1,0,0.023992644799179837
2024-12-06,99740.84,0.0284249160874967,0.0266707852112508,0.0236137914972873,5917.270000000004,4253.205714285715,0.0022071063667224,0.022380598575899,-0.0045445338727009,0.3452380952380952,0,0,0.02660173112675048
2024-12-07,99831.99,0.000913451057821,0.0272653824253635,0.0233153017217801,1595.179999999993,4240.514999999999,0.0021883313492447,0.0236370014643676,-0.0031678047030231,0.4007936507936508,1,0,0.024178427455218098
2024-12-08,101109.59,0.0127163050682064,0.0262803188690623,0.0235060774401756,2693.300000000003,4230.805714285714,0.002290265475021,0.0236370014643676,-0.0030593416336653,0.3253968253968254,0,0,0.026486636921437382
2024-12-09,97276.47,-0.0386478475525837,0.0257094109641814,0.0214507413987938,7065.87999999999,4287.539285714285,0.0024516171064915,0.0192370403170225,-0.0025539436094325,0.2738095238095238,0,0,0.02321041697850884
2024-12-10,96593.0,-0.0070508557281581,0.0277158503435503,0.0212590896491957,4013.4600000000064,4275.481428571429,0.0021958022354647,0.0188965059682754,0.0001841527647748,0.4365079365079365,1,0,0.02422735420613018
2024-12-11,101125.0,0.0458511005539268,0.0267770322788787,0.0218784716165516,6229.759999999995,4333.602142857142,0.002065430090404,0.0188965059682754,0.0002586090929284,0.373015873015873,0,0,0.02687425656732722
2024-12-12,100004.29,-0.0111442903107441,0.0296226886228545,0.0221943113220157,3228.3600000000006,4426.770714285713,0.0016613310331919,0.0194140228167513,0.0025139092908881,0.6031746031746031,1,0,0.025652368373712698
2024-12-13,101424.25,0.0140991293706864,0.0286225177138062,0.0219738407083335,2690.2599999999948,4386.432142857142,0.0013833047008215,0.0194140228167513,0.0019517325025553,0.5119047619047619,1,0,0.02867715782828372
2024-12-14,101420.0,-4.190407172544042e-05,0.0278599919868173,0.021642791436158,2040.5899999999965,4434.192857142856,0.0011428698289963,0.0189016789653868,0.0005946095614537,0.4563492063492063,1,0,0.02792692399209038
2024-12-15,104463.99,0.0295721083506421,0.0268140682184369,0.02271944794433,4012.8600000000006,4567.817142857142,0.0010270815665905,0.0189016789653868,0.0005337493493745,0.3809523809523809,1,0,0.027065886531062143
2024-12-16,106058.66,0.0151499185537442,0.0275079325826898,0.0221623681225043,4460.070000000007,4619.607857142857,0.0009941576905729,0.019746141742534,0.0017985216185084,0.4325396825396825,1,0,0.02720493034961388
2024-12-17,106133.74,0.0007076596818098,0.0269257916310118,0.0221477736041254,3031.5099999999948,4641.33357142857,0.0009958289765767,0.019746141742534,-0.0007900587125385,0.3968253968253968,1,0,0.02706968017860708
2024-12-18,100204.01,-0.0574917891430022,0.0259743064176582,0.0271917869291696,6524.979999999996,4792.24857142857,0.001036078731031,0.0295940770747702,-0.0008027258612205,0.3174603174603174,0,0,0.02635865225059492
2024-12-19,97461.86,-0.0277470858240995,0.030997518690243,0.0278966686093516,7100.110000000001,4328.8278571428555,0.0014480001384878,0.0309375021616747,0.0013748300673885,0.7341269841269841,1,0,0.026458842414145797
2024-12-20,97805.44,0.0035190772297433,0.0309185764016002,0.0267407930441855,6000.460000000006,4334.769999999999,0.001689856156412,0.0309375021616747,0.002296058687794,0.7261904761904762,1,0,0.030736181840960122
2024-12-21,97291.99,-0.0052635361257102,0.0295992965474565,0.0267506492265233,3142.220000000001,4445.272857142857,0.0017487381013746,0.028711568232455,0.0017393045606392,0.626984126984127,1,0,0.030027899128473902
2024-12-22,95186.27,-0.0218809543828495,0.0284326810193557,0.0269000438034323,3197.729999999996,4481.303571428571,0.001683895805102,0.0279491842843239,0.0016186128009187,0.5198412698412699,1,0,0.02889268461161342
2024-12-23,94881.47,-0.0032072803231173,0.0281909735854737,0.025022329014525,4018.9199999999983,4263.663571428571,0.0015364175583187,0.0244076979247738,0.0006830410027838,0.5,1,0,0.028292388151284216
2024-12-24,98663.58,0.0390874529987854,0.027131295410039,0.0272169225973699,5918.970000000001,4399.771428571427,0.0015607604531063,0.0259564777970377,0.0002055037790271,0.4166666666666667,1,0,0.027481122846023397
2024-12-25,99429.6,0.0077339746703657,0.0289262472468735,0.0241773820108464,1937.12999999999,4093.154999999999,0.0015105747822979,0.0259564777970377,0.0029519408292153,0.5634920634920635,1,0,0.0282662815481241
2024-12-26,95791.6,-0.0372748575929549,0.027883077136,0.0259473262192605,4764.559999999998,4202.88357142857,0.0014728579210712,0.0292315655693384,-0.003114441554243,0.4801587301587302,1,0,0.0281790150816
2024-12-27,94299.03,-0.0157040951939784,0.0293048870313301,0.0256508771549004,4044.570000000007,4299.62,0.0014965108785624,0.0279016343278114,-0.0016136893702701,0.6111111111111112,1,0,0.02874571221879806
2024-12-28,95300.0,0.0105589073939036,0.0285521981869662,0.0259694351584455,1598.3300000000015,4268.03,0.0014916043745259,0.0298280975624183,-0.0010470983604903,0.5396825396825397,1,0,0.02881906091217972
2024-12-29,93738.2,-0.016524020398176,0.0276402012441525,0.0241855726581104,2330.479999999996,4147.86,0.0014408575394733,0.0285066901785163,-0.0007924797752031,0.4523809523809524,1,0,0.0280166059464915
2024-12-30,92792.05,-0.010144822242994,0.0271231816466704,0.0232717434587274,3494.050000000003,4078.8585714285705,0.0014632414816343,0.0270882682638593,-0.0010677919388032,0.4166666666666667,1,0,0.02731910098800224
2024-12-31,93576.0,0.0084129723294203,0.0263464788121401,0.023621364136724,4216.270000000004,4163.484285714286,0.0015154001690132,0.0270882682638593,-0.0007848165978988,0.3412698412698413,0,0,0.02667608928728406
2025-01-01,94591.79,0.0107967454739181,0.0255913709879541,0.0195334753321389,2263.149999999994,3859.067857142857,0.0015644105406707,0.0203059802735237,-0.0033348762589194,0.2658730158730158,0,0,0.02320031219277246
2025-01-02,96984.79,0.024983476262296,0.0250096274099086,0.0197095871054161,3447.5,3598.1671428571426,0.0015975819745786,0.0190066225571883,-0.0028734497260913,0.2182539682539682,0,0,0.02254931484594516
2025-01-03,98174.18,0.0121890859126896,0.0255071849653346,0.0199749459027287,2876.9000000000087,3375.055714285714,0.0014607773691807,0.0190066225571883,-0.0037977020659955,0.2698412698412698,0,0,0.022708547379200757
2025-01-04,98220.5,0.0004717032137406,0.0249989083601393,0.0199114676705614,1263.6399999999994,3240.871428571428,0.0014737164051226,0.0204167296380251,-0.0035532898268268,0.2182539682539682,0,0,0.02249291101608358
2025-01-05,98363.61,0.0014559673747882,0.0242462371428886,0.0188247833328717,1560.0600000000122,3123.895000000001,0.0016193672688958,0.0201110960913071,-0.0033939641012638,0.1428571428571428,0,0,0.02192967468573316
2025-01-06,102235.6,0.0386090351235708,0.0235781592776732,0.021060650657088,4560.0,3162.5435714285727,0.0017940305317504,0.0224276296278601,-0.0035450223689971,0.0674603174603174,0,0,0.02135913356660392
2025-01-07,96954.61,-0.053037022867576,0.0260150767666461,0.0239028694678546,6542.570000000007,3207.08642857143,0.0017914864542173,0.0310641918534948,-0.000331402045494,0.3373015873015873,0,0,0.02268745405998766
2025-01-08,95060.61,-0.0197282426767699,0.0302248832394156,0.0242336121285829,4767.75,3409.2735714285736,0.0019541188435541,0.0294791554511183,0.0046335122514615,0.7023809523809523,1,0,0.025864303943649358
2025-01-09,92552.49,-0.0267387451314604,0.0296132984440862,0.0232374601883641,4178.650000000009,3367.4228571428603,0.0020931197846137,0.0275065723034129,0.0046036710341776,0.6666666666666666,1,0,0.029664045466451718
2025-01-10,94726.11,0.0232137319338381,0.0296264375359784,0.0238505854204763,3629.979999999996,3337.809285714288,0.0021254572266537,0.0293020494622331,0.0041192525706438,0.6706349206349206,1,0,0.029590962121587037
2025-01-11,94599.99,-0.0013323046178594,0.0293398578627252,0.0236690583591298,1219.2100000000064,3310.7292857142884,0.0021872276072414,0.026754518462715,0.0043409495025859,0.6349206349206349,1,0,0.02945179071763512
2025-01-12,94545.06,-0.000580824098165,0.0281526276393736,0.0232194309740088,1738.9100000000035,3268.4742857142887,0.0022070040715255,0.0258911814316001,0.0039063904964849,0.5317460317460317,1,0,0.028555524583624158
2025-01-13,94536.1,-9.477411717462304e-05,0.0270784194082042,0.0230157429173867,6683.309999999998,3496.278571428574,0.002206551553926,0.0255578142627506,0.0035002601305309,0.4285714285714285,1,0,0.027469710844922522
2025-01-14,96560.86,0.0211917109948256,0.0261105860078107,0.0235650834819232,3024.779999999999,3411.172142857145,0.0022112522557014,0.0255578142627506,9.550924116460274e-05,0.3531746031746032,0,0,0.02650538360468642
2025-01-15,100497.35,0.0399578758632124,0.0261140692329937,0.0255818231541757,4181.940000000002,3548.2285714285745,0.0021937584671869,0.0255578142627506,-0.0041108140064218,0.3571428571428571,0,0,0.02346686153979622
2025-01-16,99987.3,-0.0050881810693717,0.028224626464207,0.0249690174022883,3531.529999999999,3554.230714285717,0.0021565381980756,0.0237399627088715,-0.0013886719798792,0.5595238095238095,1,0,0.024701980678524197
2025-01-17,104077.48,0.0400924438437186,0.0271902674780764,0.0268708518056491,5914.449999999997,3771.198571428574,0.0021097621170187,0.0237399627088715,-0.002436170057902,0.4603174603174603,1,0,0.02754727408684584
2025-01-18,104556.23,0.0045893910462133,0.0291109478414166,0.0268497742609283,2711.3300000000017,3874.6050000000023,0.0020686621058014,0.0237399627088715,-0.0002289100213085,0.6349206349206349,1,0,0.02841876590484996
2025-01-19,101331.57,-0.0313270015419231,0.0279802334482981,0.0285105680346221,6770.829999999987,4246.802857142858,0.0018497241350861,0.0248155239505887,-0.0001723941910754,0.5317460317460317,1,0,0.02845514566897886
2025-01-20,102260.01,0.0091206761708786,0.0286837930399581,0.0266353277067355,10038.0,4638.088571428571,0.0014193028216233,0.0248155239505887,0.0016053736317538,0.6071428571428571,1,0,0.028544789023974858
2025-01-21,106143.82,0.037276279511941,0.0277071648959699,0.0235562132160266,7121.770000000004,4679.46,0.0012942068291106,0.0173763223006898,0.0015965788881591,0.496031746031746,1,0,0.02831884813758194
2025-01-22,103706.66,-0.0232286300582345,0.0291600327882969,0.0238721093857338,3055.340000000011,4557.145000000001,0.0011951660431957,0.0179838091156261,0.0030459635553031,0.6388888888888888,1,0,0.02865794167297814
2025-01-23,103910.34,0.0019620750260607,0.0289330545025214,0.0219817018486075,5587.720000000001,4657.792857142857,0.0011438000709603,0.0160673646508782,0.0007084280383144,0.6150793650793651,1,0,0.02907932030151284
2025-01-24,104870.5,0.0091978437211466,0.0277888849644514,0.0215638526969864,4370.0,4710.651428571429,0.0010574424251809,0.0160673646508782,0.000598617486375,0.5198412698412699,1,0,0.02828769977867084
2025-01-25,104746.85,-0.0011797688916672,0.0269073631341489,0.0215592116570815,1180.4300000000076,4707.88142857143,0.0010139242619271,0.0160653771611952,-0.0022035847072677,0.4246031746031746,1,0,0.02737787148048934
2025-01-26,102620.0,-0.0205136412372244,0.0259594548501395,0.0227437583828592,2979.5599999999977,4796.499285714286,0.0011185873572705,0.0181156018400588,-0.0020207785981586,0.3293650793650793,0,0,0.026418340510083703
2025-01-27,102082.83,-0.0052483029473915,0.0259287226025872,0.0228886896255761,5482.229999999996,4710.707857142857,0.0012020159177294,0.018241828681447,-0.0027550704373708,0.3253968253968254,0,0,0.02335302476155232
2025-01-28,101335.52,-0.007347551113769,0.0251329919930529,0.0226519574791918,3527.320000000007,4746.603571428573,0.0013155447842509,0.0171154582978956,-0.0025741729029169,0.242063492063492,0,0,0.02281585079583174
2025-01-29,103733.24,0.0233856124401334,0.0244759958381019,0.0209676406783886,3454.6699999999983,4694.655714285715,0.0015061142861954,0.0171154582978956,-0.0046840369501949,0.1666666666666666,0,0,0.02222551190286114
2025-01-30,104722.94,0.0094955921810715,0.0248999038204608,0.0209365429518247,3178.9000000000087,4669.4678571428585,0.0016189278165171,0.0183697341780545,-0.0040331506820605,0.2182539682539682,0,0,0.022304964692276483
2025-01-31,102429.56,-0.0221428532511644,0.0243428200028644,0.0190466374633353,4452.0,4565.007142857145,0.0017818193489243,0.0189547911498345,-0.0034460649615869,0.1626984126984127,0,0,0.02208935200171864
2025-02-01,100635.65,-0.0176687741751528,0.0246722681143508,0.0194561700396167,2504.2000000000116,4550.212142857145,0.0017585288663769,0.0187988508079266,-0.0022350950197981,0.2023809523809523,0,0,0.02216585606861048
2025-02-02,97700.59,-0.0295989707224677,0.0245956512566649,0.0192653387404128,5306.600000000006,4445.624285714289,0.0017884056220706,0.0184455020798137,-0.0013638035934745,0.1825396825396825,0,0,0.02220401195399894
2025-02-03,101328.52,0.0364603136848735,0.0256505880793433,0.0217685197527237,11269.009999999997,4533.553571428574,0.0016661653352089,0.0184455020798137,-0.0002781345232438,0.3134920634920635,0,0,0.02278641164760598
2025-02-04,97763.13,-0.0358203995142627,0.0273706238940108,0.0207116879558065,5582.309999999998,4423.5921428571455,0.0016443165401532,0.0210950057206089,0.0022376319009578,0.5158730158730159,1,0,0.02411948433640648
2025-02-05,96612.43,-0.011840104206886,0.0286986739106309,0.020194873501945,2994.0,4419.210714285716,0.0015823734455822,0.020015583402329,0.004222678072529,0.6507936507936508,1,0,0.028379719546378537
2025-02-06,96554.35,-0.0006013456532247,0.027822944916514,0.0201378359310484,3443.3600000000006,4266.042142857144,0.0014517435538708,0.0189894018521251,0.0029230410960531,0.5634920634920635,1,0,0.028474045349908397
2025-02-07,96506.8,-0.000492590052028,0.0267813632433958,0.019766355368705,4517.650000000009,4276.588571428574,0.0013804045776011,0.0181062934110925,0.0024385432405313,0.4404761904761904,0,0,0.02746272714603748
2025-02-08,96444.74,-0.0006432703479841,0.0258440089831984,0.0197768042568354,1192.0,4277.415000000002,0.001352389099978,0.0181038379006852,0.0011717408688475,0.3373015873015873,0,0,0.02354586658991904
2025-02-09,96462.75,0.0001867216255035,0.0250031307848485,0.0193696786522082,2610.0899999999965,4251.0242857142875,0.0013715241765471,0.017844968302767,0.0004074795281835,0.246031746031746,0,0,0.0227390248709091
2025-02-10,97430.82,0.0099856642396449,0.0242496260097841,0.0197438390954391,3089.0,4080.079285714288,0.0014316330259915,0.0187287190445286,-0.0014009620695592,0.1468253968253968,0,0,0.02206825040587046
2025-02-11,95778.2,-0.0171074860302891,0.0237868062026994,0.0200662233206722,3601.5399999999936,4085.3807142857154,0.0015141367540149,0.0194238222132488,-0.0035838176913114,0.0833333333333333,0,0,0.02156307732161964
2025-02-12,97869.99,0.0216048635909427,0.0237863710055859,0.0198838969768822,4031.7600000000098,4126.601428571431,0.0015634176385073,0.0194238222132488,-0.004912302905045,0.0833333333333333,0,0,0.021431358203351538
2025-02-13,96608.14,-0.0129769625826394,0.0241484872872572,0.0196021523501743,2866.550000000003,4104.290714285716,0.0015994205130111,0.0188784675813963,-0.0036744576292567,0.1349206349206349,0,0,0.02164780557235432
2025-02-14,97500.48,0.0091942983898789,0.0238416216767892,0.0193755079292911,2573.179999999993,3970.0892857142862,0.0016321634741601,0.018480197906936,-0.0029397415666065,0.0952380952380952,0,0,0.02156600900607352
2025-02-15,97569.66,0.000709283367513,0.0233940884401384,0.0189615150459294,748.679999999993,3844.695,0.0017125761953854,0.0185791343018962,-0.00244992054306,0.0515873015873015,0,0,0.021206312264083038
2025-02-16,96118.12,-0.0149887326438573,0.0228159262091555,0.0176981113055668,1658.290000000008,3584.1014285714286,0.0018349801528884,0.0162405237357924,-0.002187204575693,0.0436507936507936,0,0,0.020763916125493297
2025-02-17,95780.0,-0.0035239568777996,0.0227984988028075,0.0139986061853648,1841.5899999999965,2910.714285714286,0.0019398010414248,0.0153567037904887,-0.0014511272069765,0.0396825396825396,0,0,0.020701830481684502
2025-02-18,95671.74,-0.0011309378701795,0.0223136700722299,0.0105931339355361,3365.820000000007,2752.393571428572,0.0019401395808222,0.0096645581659318,-0.0014731361304694,0.0277777777777777,0,0,0.02035012444333794
2025-02-19,96644.37,0.0101149954907171,0.0218591629539595,0.0105768510458371,1870.0,2672.107857142858,0.0016909367460943,0.0093571168987447,-0.0019272080516264,0.0198412698412698,0,0,0.0200063773723757
2025-02-20,98305.0,0.0170369380244537,0.0216909559128445,0.0115063453688337,2296.270000000004,2590.172857142858,0.001450301760503,0.0100005962440785,-0.0024575313744127,0.0158730158730158,0,0,0.0198788871477067
2025-02-21,96181.98,-0.0218328685213347,0.0219750499996916,0.0130673702757169,4603.050000000003,2596.2728571428574,0.0012255991065883,0.0129643190530783,-0.0018665716770976,0.0277777777777777,0,0,0.020037130799814958
2025-02-22,96551.01,0.0038294476827758,0.0226332572343241,0.0131113758807399,1209.5099999999948,2597.5235714285714,0.0010138692901707,0.0140006022657924,-0.0007608312058142,0.0436507936507936,0,0,0.02047275914059446
2025-02-23,96258.0,-0.0030393831239017,0.0221723811757901,0.0131376541195119,1422.0599999999977,2512.664285714286,0.0008940790086574,0.0130128454810914,-0.0006435450333653,0.0317460317460317,0,0,0.02023544150547406
2025-02-24,91552.88,-0.0501153577517214,0.0217524066022786,0.0183541149774663,5150.740000000005,2659.931428571429,0.0008660634125188,0.0214967675337082,-0.0010460922005289,0.0198412698412698,0,0,0.01994780116136716
2025-02-25,88680.4,-0.0318778335074245,0.0265877265906417,0.0195251384955055,6489.699999999997,2866.228571428572,0.0013201436652827,0.0235064307850981,0.0042740565184118,0.4087301587301587,0,0,0.02288741435438502
2025-02-26,84250.09,-0.0512492578566892,0.0275743753990807,0.0213671941353676,7158.139999999999,3089.5414285714287,0.0017987690696962,0.0279819480238764,0.0057152124451212,0.5238095238095238,1,0,0.02435812523944842
2025-02-27,84708.58,0.0054272577477814,0.0311029570209893,0.0217787529846335,4361.970000000001,3196.3571428571427,0.0027653378604024,0.0293225663504814,0.0094120011081448,0.8174603174603174,1,0,0.029762935012593583
2025-02-28,84349.94,-0.0042427975590886,0.0297949323615771,0.0211847740130392,6861.479999999996,3502.664285714286,0.0032034019301383,0.0276817318624766,0.0078198823618855,0.746031746031746,1,0,0.03034166021694626
2025-03-01,86064.53,0.0201232660499197,0.0285923840552669,0.0225553582883165,2733.220000000001,3644.417142857143,0.0034009620752668,0.0276817318624766,0.0059591268209428,0.6190476190476191,1,0,0.02936744923316014
2025-03-02,94270.0,0.0910656416882886,0.0282003441096811,0.0348397490774801,9949.399999999994,4236.6392857142855,0.0034932918103979,0.0288787170851768,0.006027962933891,0.5833333333333334,1,0,0.02861064886580866
2025-03-03,86220.61,-0.0892537611894859,0.0395372286885124,0.0420353092266483,9299.350000000006,4769.336428571429,0.0051693442000011,0.0427575402974122,0.0177848220862338,0.9603174603174603,2,0,0.03536375481310744
2025-03-04,87281.98,0.0122347826584601,0.0468664885842666,0.042342001873191,7467.520000000004,5062.3150000000005,0.007441471169831,0.045707734571815,0.0202787619936248,0.996031746031746,2,0,0.046261215150559955
2025-03-05,90606.01,0.0373765195126338,0.0443337316580719,0.0437704026978787,4665.470000000001,5261.9914285714285,0.0084042759693707,0.045707734571815,0.0167593562589911,0.984126984126984,2,0,0.04532563259484314
2025-03-06,89931.89,-0.0074679403380368,0.0434703616112299,0.0433259478974453,4974.639999999999,5453.303571428572,0.0088539446344533,0.0428371175657059,0.0123674045902405,0.9761904761904762,2,0,0.04477795136673794
2025-03-07,86801.75,-0.0354258232982402,0.0411105951173565,0.0438485505207936,6615.990000000005,5597.085,0.008823469909584,0.043958025346905,0.0113156627557793,0.9642857142857144,2,0,0.0432885570704139
2025-03-08,86222.45,-0.0066961981573037,0.0404561237904664,0.0437325807529178,1678.7799999999988,5630.604285714287,0.0085870674085083,0.0415040868254829,0.0118637397351994,0.9523809523809524,2,0,0.042853478274279835
2025-03-09,80734.37,-0.0657662016000646,0.038335799070322,0.0463133626170335,6500.0,5993.314285714287,0.0079860768146481,0.0469269626737852,0.0101354549606409,0.9285714285714286,2,0,0.0414812834421932
2025-03-10,78595.86,-0.0268453567037916,0.0418564027901148,0.045267698440137,6663.550000000003,6101.372142857143,0.0072234122869454,0.0447566041384488,0.0023191741016024,0.9642857142857144,2,0,0.04359444567406888
2025-03-11,82932.99,0.0537139060247326,0.0404601860843114,0.0479187743838887,7011.399999999994,6138.636428571429,0.0067270800794383,0.0461142416409036,-0.0064063024999551,0.9484126984126984,2,0,0.04289642245058684
2025-03-12,83680.12,0.0089685020330385,0.0418735094232092,0.0460952795220449,3932.200000000011,5908.212142857144,0.0062083029384097,0.0453332105100882,-0.0024602222348626,0.9642857142857144,2,0,0.043635769653925516
2025-03-13,81115.78,-0.031123917556556,0.0396783499970801,0.0467649132450954,4396.430000000008,5910.673571428573,0.0058583606556055,0.0438098134984205,-0.0037920116141497,0.9285714285714286,2,0,0.04236142759824806
2025-03-14,83983.2,0.0347392620472,0.0388303055491054,0.04783952798104,4490.87000000001,5741.344285714288,0.0052438953750576,0.0468071983765069,-0.002280289568251,0.9166666666666666,2,0,0.041622848929463246
2025-03-15,84338.44,0.004220972745168,0.0383904433948508,0.0475046351006769,1058.2799999999988,5621.705714285717,0.0042247902285715,0.0468071983765069,-0.0020656803956155,0.9087301587301588,2,0,0.04130156843691048
2025-03-16,82574.53,-0.0211364721204958,0.0364102847273897,0.0394839777527932,3135.9199999999983,5135.028571428574,0.0027299931959051,0.0444172646511244,-0.0019255143429323,0.8849206349206349,2,0,0.04003137363643382
2025-03-17,84010.03,0.01723491701172,0.0352148169410626,0.0325844639691969,2300.8300000000017,4635.134285714288,0.0031058930450115,0.0334170899524574,-0.0066415858490522,0.8650793650793651,2,0,0.03902189896463756
2025-03-18,82715.03,-0.0155348697269559,0.033924849794724,0.0325059014384541,2887.0800000000017,4307.960000000002,0.0029958164656572,0.0317376855718637,-0.0065353362895873,0.8412698412698413,1,0,0.0378351146768344
2025-03-19,86845.94,0.0487344175789452,0.0326802651566486,0.0337322746427919,4452.8399999999965,4292.772142857145,0.0031908269309618,0.0317376855718637,-0.0091932442665606,0.8015873015873016,1,0,0.03251888709398916
2025-03-20,84223.39,-0.0306630706836426,0.0347716673469459,0.0345274037423664,3798.4400000000023,4208.757857142859,0.0030475382633668,0.0334340755340369,-0.0049066826501341,0.8611111111111112,2,0,0.033459760408167546
2025-03-21,84088.79,-0.0015994092488558,0.0344701801348902,0.0333750073160361,1675.0800000000015,3855.835714285716,0.0030667287505114,0.0310045730661476,-0.0043601254142152,0.8531746031746031,2,0,0.03790962528093412
2025-03-22,83840.59,-0.0029560066348182,0.0328102263011277,0.0333517967251703,914.0699999999924,3801.213571428573,0.0032095129773289,0.0309317137287442,-0.0055802170937231,0.8095238095238095,1,0,0.036903573780676616
2025-03-23,86082.5,0.02638888098096,0.0313095324870254,0.0285466078443727,2319.8899999999994,3502.634285714287,0.003537677364389,0.0218075152205956,-0.0051007522403642,0.753968253968254,1,0,0.03145156189221524
2025-03-24,87498.16,0.0163116258283668,0.0310721311685268,0.0271898185308826,3246.3399999999965,3258.547857142858,0.0034834821345153,0.0208498635651881,-0.0041426857725357,0.7301587301587301,1,0,0.030770837501116078
2025-03-25,87392.87,-0.0012040641846589,0.0301610785584359,0.0237832582093486,2229.6300000000047,2916.9928571428586,0.0035222272748332,0.019308586671229,-0.0037637712362881,0.6825396825396826,1,0,0.03006073433506154
2025-03-26,86909.17,-0.0055501500919206,0.0288947732239929,0.0238542369003548,2415.0,2808.6214285714295,0.0033077762729062,0.0181678108227346,-0.0037854919326556,0.5833333333333334,1,0,0.02902207273439574
2025-03-27,87232.01,0.0037078004164339,0.0278027461586534,0.0217809171930343,1956.3899999999992,2634.3328571428574,0.0033139533512945,0.0154543408449262,-0.0069689211882925,0.4880952380952381,1,0,0.027922498095192042
2025-03-28,84424.38,-0.0327151282624953,0.0267881153841357,0.022198869905088,3930.6699999999983,2594.318571428571,0.0033416551697729,0.0185139682871123,-0.0076820647507544,0.373015873015873,0,0,0.02685965723048142
2025-03-29,82648.54,-0.0212590631891735,0.0278391513438712,0.022892888975556,2979.9199999999983,2731.5785714285707,0.003085825004324,0.0188387424137095,-0.0049710749572564,0.5,1,0,0.02441109080632272
2025-03-30,82389.99,-0.003133210305684,0.027624135390966,0.0221967924399642,1969.6399999999992,2648.2728571428565,0.0029501114382023,0.0175028584798471,-0.0036853970960594,0.4563492063492063,1,0,0.027388711234579602
2025-03-31,82550.01,0.0019403425512951,0.026620040920422,0.0216443170833251,2664.5599999999977,2674.2535714285705,0.0029215158561709,0.0175028584798471,-0.0044520902481047,0.3492063492063492,0,0,0.0266664017522532
2025-04-01,85158.34,0.031108055610872,0.025705919934516,0.0228338405024048,3146.720000000001,2692.799285714285,0.0030014805786173,0.0177335075396004,-0.0044551586239198,0.2698412698412698,0,0,0.0230788195607096
2025-04-02,82516.29,-0.0315166187211986,0.026749248972825,0.0201341163887043,6180.0,2816.1678571428565,0.0029968937316805,0.0197459294620265,-0.0021455242511678,0.369047619047619,0,0,0.023489959783695
2025-04-03,83213.09,0.0084089387880865,0.0276682319923332,0.0187634368410588,2786.779999999999,2743.9064285714276,0.0026066756175028,0.0179195831045391,-0.0001345141663201,0.4722222222222222,1,0,0.02429331639539992
2025-04-04,83889.87,0.0081002000260586,0.0267734578022451,0.01891259734867,3061.0,2842.900714285713,0.0021231755102485,0.0191472995454359,-1.4657581890599458e-05,0.373015873015873,0,0,0.026776768281347063
2025-04-05,83537.99,-0.0042033687594589,0.0259628544065415,0.018929666504633,1886.050000000003,2912.327857142857,0.0017965122434414,0.0191805850234086,-0.0018762969373296,0.3055555555555556,0,0,0.0233207658439249
2025-04-06,78430.0,-0.0630949912246183,0.0251439334291311,0.0237369367758642,6663.800000000003,3222.6071428571427,0.0016534285493854,0.0286274383470564,-0.0024802019618349,0.2261904761904762,0,0,0.02263308125747866
2025-04-07,79163.24,0.0093055424346957,0.0314876681760811,0.0232851645308707,6735.580000000002,3471.838571428572,0.0017249371763751,0.0286274383470564,0.004867627255659,0.7698412698412699,1,0,0.02635395650564866
2025-04-08,76322.42,-0.0365453144265597,0.0302377230352457,0.0244761618238448,4628.090000000011,3643.157142857144,0.0017340759558116,0.0314053181135207,0.0045318031007297,0.6944444444444444,1,0,0.030317953821147423
2025-04-09,82615.22,0.079227189821367,0.031178020135061,0.0341504020046755,8968.0,4111.228571428573,0.0019651603671446,0.0335080968476247,0.004428771162236,0.7380952380952381,1,0,0.0307412328810366
2025-04-10,79607.3,-0.0370881278659993,0.0389269113334741,0.0352014528807749,4288.850000000006,4277.832857142858,0.0035921459147531,0.0339762363812071,0.0112586793411408,0.9166666666666666,2,0,0.03568621240008446
2025-04-11,83423.84,0.0468283226478618,0.0386933792085317,0.037022734134793,5330.419999999998,4377.815000000001,0.0044643645469398,0.03415259348408,0.0119199214062865,0.9087301587301588,2,0,0.040861420725119016
2025-04-12,85276.9,0.0219694890766071,0.0395352262816299,0.0369924457457359,3112.050000000003,4387.252857142858,0.0051981169334628,0.0358535208037289,0.0135723718750884,0.9206349206349206,2,0,0.04152069576897794
2025-04-13,83760.0,-0.017948042350266,0.0380716972289643,0.0373678479556081,3065.770000000004,4465.547857142859,0.0055437673498111,0.0365722229329123,0.0129277637998332,0.8849206349206349,2,0,0.04076330833737858
2025-04-14,84591.58,0.0098791679099754,0.036536925806498,0.037440472341837,2121.9900000000052,4426.792857142859,0.0055867101025246,0.0365722229329123,0.0050492576304169,0.8690476190476191,2,0,0.0396862454838988
2025-04-15,83643.99,-0.0112651566020129,0.0348317046635648,0.0365871827056622,2896.4199999999983,4408.914285714288,0.0053719277341397,0.0341259614093679,0.004593981628319,0.8452380952380952,2,0,0.038519149598138874
2025-04-16,84030.38,0.0046088222541111,0.0333263523598487,0.035549975812709,2388.3600000000006,4138.082857142859,0.0051342009540488,0.0345416932589643,0.0021483322247877,0.8055555555555556,1,0,0.03742896461590922
2025-04-17,84947.91,0.0108598449834591,0.0317983224410112,0.0355936908508541,1733.75,4062.866428571431,0.0049350977261972,0.0345416932589643,-0.0071285888924629,0.7579365079365079,1,0,0.031909523464606716
2025-04-18,84474.69,-0.0055862822389656,0.0305695181079098,0.0355856465299128,828.1199999999953,3903.3750000000023,0.004661232718418,0.0320490204629267,-0.0081238611006219,0.6904761904761905,1,0,0.03077774166474588
2025-04-19,85077.01,0.0071048834511913,0.0293152891212842,0.0355991047192996,1313.540000000008,3862.481428571431,0.0043291997239779,0.0345743394236816,-0.0102199371603457,0.6190476190476191,1,0,0.02965167387277052
2025-04-20,85179.24,0.0012008958529978,0.0282166911394911,0.0304231123589199,1371.2399999999907,3484.44142857143,0.003929907025408,0.025263933826184,-0.0098550060894732,0.5317460317460317,1,0,0.02869501068369466
2025-04-21,87516.23,0.0270665197044674,0.0271382088477085,0.0309420925807296,3321.2300000000105,3240.559285714288,0.0042801926303449,0.025263933826184,-0.0093987169587894,0.4126984126984127,1,0,0.027498604508625103
2025-04-22,93442.99,0.0655272558342847,0.0275261195935883,0.0318623223205493,6811.970000000001,3396.550714285716,0.0044930587591804,0.0215393346887323,-0.0073055850699764,0.4404761904761904,1,0,0.02723004015615298
2025-04-23,93691.08,0.0026514695623873,0.0336376549365365,0.0259035211067168,2760.6399999999994,2953.167857142859,0.0044532252247019,0.0215393346887323,0.0003113025766877,0.8412698412698413,1,0,0.0309781309619219
2025-04-24,93980.47,0.0030840074520419,0.0320591774666048,0.0223943829139634,2344.9900000000052,2814.320714285716,0.0041713488542131,0.0126523058073512,0.0002608550255936,0.7857142857142857,1,0,0.031645144479962875
2025-04-25,94638.68,0.0069792772557715,0.030628717100214,0.0200132406071174,2902.079999999987,2640.8678571428577,0.0038621228209699,0.0126523058073512,5.9198992304200504e-05,0.7103174603174603,1,0,0.0304281434601284
2025-04-26,94628.0,-0.00011285663183,0.0293985461846066,0.0197821016229324,1328.3099999999977,2513.4578571428574,0.0033290600601917,0.0109573635440687,8.325706332239918e-05,0.6428571428571429,1,0,0.029328568510763958
2025-04-27,93749.3,-0.0093292171941836,0.0282025480020377,0.019052142414334,1766.4199999999985,2420.6471428571426,0.0028783056011658,0.0078287504206746,-1.414313745340054e-05,0.5357142857142857,1,0,0.028274817201222623
2025-04-28,95011.18,0.0133703707308452,0.0272824622515014,0.0191007434909713,2829.9900000000052,2471.218571428571,0.0025369414516362,0.0078287504206746,0.0001442534037928,0.4285714285714285,1,0,0.02723413335090084
2025-04-29,94256.82,-0.0079713844339099,0.0266312042962315,0.0188600224301839,1718.9900000000052,2387.116428571429,0.0023447886369747,0.0067415975317828,-0.0008949152973568,0.3373015873015873,0,0,0.0264359805777389
2025-04-30,94172.0,-0.000900286970209,0.0258316812707486,0.0190050986028278,2318.449999999997,2382.122857142858,0.002307207269796,0.0060432948918762,-0.0078059736657878,0.2698412698412698,0,0,0.02302297916244916
2025-05-01,96489.91,0.0243155458100101,0.0249928741077951,0.0194874062091948,3293.590000000011,2493.540000000001,0.0024225536273199,0.0060432948918762,-0.0070663033588096,0.1944444444444444,0,0,0.02231425526467706
2025-05-02,96887.14,0.0041083526584184,0.0254284051102974,0.0190936620792792,1545.679999999993,2544.7942857142866,0.0025014307681629,0.0061522458602023,-0.0052003119899165,0.238095238095238,0,0,0.02242802306617844
2025-05-03,95856.42,-0.010695349046804,0.0246641948895251,0.0198635331553606,1182.6600000000035,2535.4457142857145,0.0026609082085799,0.0072909671200805,-0.0047343512950814,0.1666666666666666,0,0,0.02206645533371506
2025-05-04,94277.62,-0.0166076131092118,0.0241838856983722,0.0209109670739187,2153.0999999999913,2591.2928571428574,0.0028445824573618,0.0095009106661391,-0.0040186623036655,0.119047619047619,0,0,0.02164250861902332
2025-05-05,94733.68,0.0048257525878714,0.0240961888878028,0.0201194455069679,1684.8999999999942,2474.412142857142,0.0030015104976044,0.0095009106661391,-0.0031862733636985,0.1071428571428571,0,0,0.02151545013268168
2025-05-06,96834.02,0.0219287924377571,0.0234894116057128,0.0117902903346652,3543.649999999994,2240.960714285713,0.0031839311779645,0.0095009106661391,-0.0031417926905186,0.0515873015873015,0,0,0.02112143856342768
2025-05-07,97030.5,0.0020269832486352,0.0239245372398398,0.0117910427350927,1947.3899999999992,2182.8714285714273,0.0026883495579173,0.0095009106661391,-0.0019071440309087,0.0873015873015873,0,0,0.02126077114390388
2025-05-08,103261.6,0.062240212129403,0.0232957267657375,0.0198567457353658,7269.470000000001,2534.6199999999985,0.0022803200680165,0.0095009106661391,-0.0016971473420576,0.0396825396825396,0,0,0.0209448480594425
2025-05-09,102971.99,-0.002808564699583,0.0300524831425285,0.0200188290921551,2046.1600000000035,2473.4828571428566,0.0021910932342393,0.008859956921755,0.0046240780322311,0.7341269841269841,1,0,0.0249327346855171
2025-05-10,104809.53,0.0176876933678986,0.0288076467680559,0.020163570443484,2165.810000000012,2533.3042857142864,0.0021214322210252,0.0095697363248954,0.0041434518785308,0.6388888888888888,1,0,0.02886084006083354
2025-05-11,104118.0,-0.0066198315306778,0.0282273375717563,0.0200040655986595,1626.9400000000023,2523.3414285714293,0.0021236213502092,0.0091857407250444,0.0040434518733841,0.5952380952380952,1,0,0.02825293854305378
2025-05-12,102791.32,-0.0128239576779254,0.0272255957384711,0.020627342647052,5101.080000000002,2685.5621428571435,0.0021205769421823,0.0097886296029895,0.0031294068506682,0.4642857142857143,1,0,0.02746509304308266
2025-05-13,104103.72,0.0126867961942682,0.0265538098376933,0.0203166996164177,3546.550000000003,2816.1021428571435,0.0021182730532689,0.0100596381374487,0.0030643982319805,0.365079365079365,0,0,0.026585613502615978
2025-05-14,103507.82,-0.0057405444459615,0.0259504997954951,0.0205035920087209,1754.8999999999942,2775.8485714285716,0.0021187790796431,0.0103224775017581,0.0020259625556552,0.3214285714285714,0,0,0.02322804667729706
2025-05-15,103763.71,0.0024691295519918,0.0251632028828565,0.0198860745189885,2809.62999999999,2741.279999999999,0.0021144082326981,0.0103224775017581,0.0018674761171189,0.25,0,0,0.0226121705297139
2025-05-16,103463.9,-0.0028935353660735,0.0244051721498815,0.0200031094281264,1449.8399999999965,2734.4342857142847,0.0021453353182351,0.0096191312167882,-0.005647310992647,0.1626984126984127,0,0,0.021996389689928897
2025-05-17,103126.65,-0.0032649150658752,0.0237330672074592,0.0196590713523516,1097.3600000000006,2728.3414285714275,0.0021943619117718,0.0088152706523148,-0.0050745795605967,0.0753968253968253,0,0,0.02138978552447552
2025-05-18,106454.26,0.0317575648000758,0.0231394103045072,0.019777139784553,3554.9100000000035,2828.470714285714,0.0022646928576966,0.0066851846587519,-0.0050879272672491,0.0396825396825396,0,0,0.02085698298270432
2025-05-19,105573.74,-0.0083057432217508,0.0247162856611463,0.0202788462982803,5108.619999999995,3073.0221428571426,0.0022394476096758,0.006939900513854,-0.0025093100773248,0.2182539682539682,0,0,0.02172745179668778
2025-05-20,106849.99,0.0120162220708373,0.0241362640207275,0.0199150666300256,3135.279999999999,3043.8528571428574,0.0021983984453983,0.006939900513854,-0.0024175458169658,0.1309523809523809,0,0,0.0217543880124365
2025-05-21,109643.99,0.0258127744242102,0.0237805532806954,0.0204624489903826,4697.37000000001,3240.280000000001,0.0022074925765679,0.006939900513854,-0.0021699465147996,0.0833333333333333,0,0,0.02136692796841724
2025-05-22,111696.21,0.0185441127291969,0.0245524521894864,0.0139774646940465,2802.6300000000047,2921.220000000001,0.002128250877647,0.006939900513854,-0.00061075069337,0.1904761904761904,0,0,0.02175060811369184
2025-05-23,107318.3,-0.0399835903745309,0.02455596685273,0.0184992159619507,5000.0,3132.208571428572,0.0017452155464074,0.0165957610661874,0.0001507947028485,0.1944444444444444,0,0,0.021942122511637997
2025-05-24,107761.91,0.004125071563271,0.0269884632264102,0.0180170792494851,2630.6199999999953,3165.4092857142855,0.0015216448828308,0.0165957610661874,0.003255396018951,0.4801587301587302,1,0,0.02349419233584612
2025-05-25,109004.19,0.011462065339149,0.0260622857665244,0.0180009435195569,2699.350000000006,3242.01,0.0012843933081931,0.0177205757434087,0.0029228754620172,0.3809523809523809,0,0,0.02641018825991464
2025-05-26,109434.79,0.0039425248895827,0.0254568545626232,0.0173949675858352,1751.6399999999994,3002.7642857142855,0.0011341202990839,0.0185453980142896,0.0007405689014769,0.3015873015873015,0,0,0.023058895137573917
2025-05-27,108938.17,-0.0045483731700137,0.0246869306777664,0.0173788533440307,3201.429999999993,2978.112857142856,0.0010355539527105,0.0170310825455293,0.0005506666570389,0.2301587301587301,0,0,0.02235285360665984
2025-05-28,107781.78,-0.010671846084497,0.0240100296513904,0.0176231806461069,2515.270000000004,3032.4249999999997,0.0010002922372692,0.0174225958855683,0.0002294763706949,0.1111111111111111,0,0,0.02177277499083424
2025-05-29,105589.75,-0.0205473253252073,0.0236050963428883,0.018705800300269,3569.050000000003,3086.6692857142866,0.0010275627452637,0.0179024087061363,-0.0009473558465981,0.0753968253968253,0,0,0.02128969780573298
2025-05-30,103985.48,-0.0153100281575468,0.0239008634925099,0.0192048602679695,2692.1199999999953,3175.403571428572,0.0010421141967189,0.018782583412912,-0.0006551033602201,0.1071428571428571,0,0,0.02139866009550594
2025-05-31,104591.88,0.0058146455448113,0.0237632570899317,0.0192263563905432,1831.449999999997,3227.838571428572,0.001040383267962,0.0202436755854497,-0.0032252061364785,0.0873015873015873,0,0,0.021391138653959023
2025-06-01,105642.93,0.0099989031960419,0.0232160747451468,0.017335950748348,2114.4199999999983,3124.9464285714284,0.0010327007369993,0.0202436755854497,-0.0028462110213775,0.0436507936507936,0,0,0.02103281844708808
2025-06-02,105857.99,0.0020336561573319,0.0228757441978218,0.0171996696008436,2275.75,2922.5985714285716,0.0011206797766461,0.0218625389046558,-0.0025811103648013,0.0396825396825396,0,0,0.020735618518693082
2025-06-03,105376.89,-0.0045551268035755,0.0223636430859488,0.0168907853456845,1922.1699999999985,2835.9478571428576,0.0012458371156683,0.0200441272238055,-0.0023232875918176,0.0277777777777777,0,0,0.02041512585156928
2025-06-04,104696.86,-0.0064742251263645,0.0219477135236216,0.0150537639262989,1821.0,2630.492857142857,0.0013895473490204,0.0187178975008697,-0.0020623161277687,0.0158730158730158,0,0,0.02012478091417296
2025-06-05,101508.68,-0.030924814911037,0.0216294566575617,0.0153356992712199,5537.450000000012,2825.837142857143,0.0015350763492306,0.0206423774831454,-0.0019756396853265,0.0039682539682539,0,0,0.019888312394537023
2025-06-06,104288.44,0.0270162096650299,0.023389517861133,0.0146322322493469,4237.199999999997,2771.3514285714286,0.0015303125538757,0.0160809314141006,-0.0005113456313768,0.0674603174603174,0,0,0.0209477647166798
2025-06-07,105552.15,0.0120446218481458,0.0243551629554683,0.015036638283865,2028.9100000000035,2728.372142857143,0.0012512313038353,0.0160809314141006,0.0005919058655366,0.2063492063492063,0,0,0.02162180977328098
2025-06-08,105734.0,0.0017213626629395,0.0239747167188107,0.0146110654815098,1524.0,2644.4185714285713,0.0010515949072196,0.0160809314141006,0.0007586419736638,0.1428571428571428,0,0,0.02166896923128642
2025-06-09,110263.02,0.0419420963494108,0.0233379670381901,0.0187720923825785,5211.800000000003,2891.5728571428576,0.0008903477290179,0.0160809314141006,0.0004622228403683,0.0674603174603174,0,0,0.02115354822291406
2025-06-10,110274.39,0.0001031117578662,0.026340233454677,0.0187162130715532,2068.970000000001,2810.682857142858,0.0011511643197013,0.0172698522842619,0.0039765903687281,0.4206349206349206,0,0,0.0228222040728062
2025-06-11,108645.12,-0.0148849235207304,0.0254474008222447,0.0189485102388017,2328.0099999999948,2797.307142857143,0.0012610024148179,0.0177818232890039,0.0034996872986231,0.3214285714285714,0,0,0.02305340169334682
2025-06-12,105671.73,-0.0277493887872797,0.0250915967984676,0.0196506762583937,3141.8300000000017,2766.7914285714287,0.0013241081561825,0.0193433685317728,0.0034621401409058,0.3015873015873015,0,0,0.02262331607908056
2025-06-13,106066.59,0.0037297023772637,0.0258598933362069,0.019158141661832,3515.220000000001,2825.584285714286,0.0014462076486108,0.0200529223543651,0.0024703754750739,0.369047619047619,0,0,0.02304558680172414
2025-06-14,105414.64,-0.0061655785271081,0.0250442749663667,0.0192140043536468,1952.0,2834.1950000000006,0.0014818793802398,0.0184779726220389,0.0006891120108983,0.2976190476190476,0,0,0.02271899577982002
2025-06-15,105594.01,0.0017001202861059,0.0243643245625724,0.0190275024100008,1634.040000000008,2799.882142857144,0.001471691447377,0.0184779726220389,0.0003896078437617,0.2103174603174603,0,0,0.022135108337543438
2025-06-16,106794.53,0.0113050618075085,0.0236851000966368,0.0192648309178955,3972.0100000000098,2921.0435714285736,0.0014396127313428,0.0184779726220389,0.0003471330584466,0.1071428571428571,0,0,0.02153316725798208
2025-06-17,104551.17,-0.0212300913561662,0.0233484763058511,0.0201070734135999,4400.319999999992,3098.0542857142873,0.0013728950161342,0.020324781393328,-0.0029917571488258,0.0714285714285714,0,0,0.021127726583510663
2025-06-18,104886.78,0.0032048660451344,0.0237413151571083,0.0200544807383274,2050.270000000004,3114.4307142857165,0.0012298502734966,0.0220756193169414,-0.0017060856651364,0.115079365079365,0,0,0.02130887389426498
2025-06-19,104658.59,-0.0021779540173216,0.0231459082078766,0.0179963624503512,1296.8999999999942,2811.5342857142864,0.0010313067302693,0.0172340601574455,-0.0019456885905909,0.0595238095238095,0,0,0.02105214092472596
2025-06-20,103297.99,-0.013085610610986,0.0226047407357967,0.0168975549798393,4179.649999999994,2807.423571428572,0.0011070214325942,0.0166147392025605,-0.0032551526004102,0.0396825396825396,0,0,0.02056297924147802
2025-06-21,102120.01,-0.0114692277493535,0.0224971499069101,0.0167027825969081,3144.7400000000052,2887.125714285715,0.0012079718531722,0.0159814201844389,-0.0025471250594566,0.0396825396825396,0,0,0.02045122394414606
2025-06-22,100963.87,-0.0113859602263612,0.022314858586114,0.0168232585507794,5199.619999999995,3149.6700000000005,0.0013068050893643,0.0154817660009179,-0.0020494659764584,0.0357142857142857,0,0,0.0203446863516684
2025-06-23,105333.93,0.0423728593887915,0.0221512911269709,0.0169125208213831,6460.869999999995,3238.8892857142855,0.0013928119058253,0.0154817660009179,-0.0015338089696659,0.0277777777777777,0,0,0.020255933476182538
2025-06-24,106083.0,0.007086217120932,0.025507356199489,0.0171212352130075,1667.979999999996,3210.247142857142,0.0012985691461951,0.0154817660009179,0.0021588798936378,0.3492063492063492,0,0,0.0222622889196934
2025-06-25,107340.58,0.0117849635445264,0.0248019460465829,0.0171530039062148,2327.270000000004,3210.194285714286,0.0012505304920529,0.0155651610970482,0.0010606308894745,0.2857142857142857,0,0,0.02251633642794974
2025-06-26,106947.06,-0.0036728244556734,0.0243559739972382,0.015363635088159,1709.949999999997,3107.9171428571426,0.0012099801696742,0.0115843536181599,0.0012100657893616,0.2222222222222222,0,0,0.02211199039834292
2025-06-27,107047.59,0.0009395562683032,0.0236999792190195,0.0153415835891524,1378.5800000000015,2955.2999999999997,0.0010573907369703,0.0115843536181599,0.0010952384832228,0.1269841269841269,0,0,0.0215430367314117
2025-06-28,107296.79,0.0023252311283279,0.0230888643302689,0.0152184354347495,766.2400000000052,2870.6028571428574,0.0009875447120937,0.0122567422444417,0.0005917144233587,0.0714285714285714,0,0,0.02096697059816134
2025-06-29,108356.93,0.0098319522617806,0.0225555662555754,0.0153905689645015,1355.979999999996,2850.741428571428,0.0009871790305824,0.0122567422444417,0.0002407076694613,0.0515873015873015,0,0,0.02053245575334524
2025-06-30,107146.5,-0.0112336284308618,0.0222879855460066,0.0155032861167847,2056.6600000000035,2713.9307142857133,0.0010252357829358,0.0121158738285344,0.0001366944190357,0.0357142857142857,0,0,0.02032945652760396
2025-07-01,105681.14,-0.0137706094588061,0.0221200470668682,0.0148220378046195,2289.149999999994,2563.132857142856,0.0010716363687726,0.0104640452180553,-0.0033873091326208,0.0277777777777777,0,0,0.02018732184012092
2025-07-02,108849.6,0.0295406654537462,0.022116977796475,0.0167065200526425,4629.809999999998,2747.3857142857128,0.0010967661112958,0.0104640452180553,-0.0026849682501078,0.0277777777777777,0,0,0.020142755877885
2025-07-03,109584.78,0.0067313833656417,0.0236052940699183,0.0166781724322082,1998.7799999999988,2797.519999999999,0.0011054313540737,0.0112674325127554,-0.0007506799273199,0.1349206349206349,0,0,0.02104971084195098
2025-07-04,107984.24,-0.0147132057075669,0.0231007761771296,0.0168062468165958,2522.5899999999965,2679.1585714285707,0.0010954814977341,0.0115972369533136,-0.0005992030418899,0.0912698412698412,0,0,0.02096662530627776
2025-07-05,108198.12,0.001978700480306,0.0230281577953085,0.0162813436287276,664.25,2501.980714285713,0.0010799442140884,0.0116226696119375,-6.0706534960399544e-05,0.0873015873015873,0,0,0.0208334686771851
2025-07-06,109203.84,0.0092522364973248,0.022498381163505,0.0156921101053344,1899.9900000000052,2266.2928571428565,0.0010694974981503,0.0116810974898016,-5.718509207040118e-05,0.0634920634920634,0,0,0.020494967498103
2025-07-07,108262.94,-0.0086533296829767,0.0222129717671783,0.0119822874779057,2186.800000000003,1961.0021428571429,0.001064924747976,0.0111415642426661,-7.501377882829924e-05,0.0436507936507936,0,0,0.020260511060306984
2025-07-08,108922.98,0.0060781291164992,0.0219381092219381,0.0119520974685334,1786.9899999999907,1969.5028571428568,0.0008854930459165,0.0111415642426661,-0.00018193784493,0.0198412698412698,0,0,0.02003268073316286
2025-07-09,111233.99,0.0209949736167125,0.0216095281106883,0.0127646408574675,3675.259999999995,2065.787857142856,0.0007787121418263,0.0111415642426661,-0.0005074496857866,0.0039682539682539,0,0,0.01979061406641298
2025-07-10,116010.0,0.0420403937093798,0.0222456486297534,0.0163851113803373,6368.0,2398.5057142857136,0.0006297365194438,0.0123205380299024,-0.0013596454401649,0.0555555555555555,0,0,0.020148003577852038
2025-07-11,117527.66,0.0129973158489828,0.0255236519211775,0.0164262488681651,3647.759999999995,2560.589999999999,0.0009739536355039,0.0123205380299024,0.0024228757440479,0.373015873015873,0,0,0.022237585152706497
2025-07-12,117420.0,-0.0009164595002584,0.0250540552100775,0.0165148361568086,1299.949999999997,2598.712142857141,0.0011572205551794,0.0110274432884572,0.0020258974147689,0.3333333333333333,0,0,0.0226382527260465
2025-07-13,119086.64,0.0140940447900117,0.0242968122279137,0.0166211172583868,2263.2100000000064,2663.5142857142846,0.0012152805485938,0.0110274432884572,0.0017984310644087,0.246031746031746,0,0,0.02209724173674822
2025-07-14,119841.18,0.0063160707563305,0.0240348026367884,0.0158025728747113,4312.820000000007,2824.6685714285704,0.0012290059107911,0.0109752917919985,0.00182183086961,0.2182539682539682,0,0,0.02175490958207304
2025-07-15,117758.09,-0.0175349307627001,0.0234701450911258,0.016227759118935,4203.9100000000035,2961.4371428571426,0.0011988865304226,0.0122441029853534,0.0015320358691876,0.1507936507936507,0,0,0.021368115454675478
2025-07-16,118630.43,0.007380594962262,0.0235434380127914,0.0149684756404997,3046.550000000003,2848.347142857143,0.0011601766625463,0.0122441029853534,0.001933909902103,0.1587301587301587,0,0,0.021291844807674837
2025-07-17,119177.56,0.0046014514935439,0.0230658046298752,0.0149728932389823,3545.1399999999994,2958.8014285714285,0.0011581163791728,0.0122441029853534,0.0008201560001218,0.1111111111111111,0,0,0.02101171997792512
2025-07-18,117924.84,-0.0105670095006562,0.0225699853307007,0.0145673202930991,4007.950000000011,3064.8985714285727,0.0011722869321643,0.011122673905783,-0.0029536665904768,0.0873015873015873,0,0,0.020625339998420422
2025-07-19,117840.0,-0.0007197002204577,0.0223341660605367,0.0146463910069798,1222.5599999999977,3104.777857142858,0.0011955035103784,0.0099536271546092,-0.0027198891495407,0.0714285714285714,0,0,0.02042853563632202
2025-07-20,117265.12,-0.0048904179181157,0.0218755695715601,0.014897626957841,2389.779999999999,3139.7628571428577,0.0012334535921488,0.0093031325824396,-0.0024212426563536,0.0238095238095238,0,0,0.020117966542936058
2025-07-21,117380.36,0.0009822478512298,0.0215243019863437,0.0144292092739549,3161.729999999996,3209.4007142857145,0.0012853401913973,0.0094277201960645,-0.0025105006504447,0.0039682539682539,0,0,0.019816267191806222
2025-07-22,119954.42,0.021692235206272,0.0211609526761212,0.0150447135379398,4119.800000000003,3376.030000000001,0.0013533208958319,0.0094277201960645,-0.0023091924150045,0.0039682539682539,0,0,0.01956584440567272
2025-07-23,118755.99,-0.0100409535459071,0.0219363447459736,0.0150930882103124,2789.0,3312.7257142857156,0.0013296936556614,0.0095326656694011,-0.0016070932668178,0.0357142857142857,0,0,0.020041939647584158
2025-07-24,118340.99,-0.0035006808084236,0.0217549912393886,0.0106837248944648,2346.899999999994,3025.5042857142867,0.001358547579031,0.0089241650646668,-0.0013108133904865,0.0277777777777777,0,0,0.01999139114363316
2025-07-25,117614.31,-0.0061594912042917,0.021390885050621,0.0103071478332096,3728.410000000003,3031.2650000000017,0.001211468867881,0.0086271691953798,-0.0011791002800797,0.0079365079365079,0,0,0.0197348402303726
2025-07-26,117919.99,0.0025956319026292,0.0211308143803938,0.0103244721633864,1158.9700000000012,3021.195000000002,0.0010748828689528,0.0092163247136346,-0.0012033516801428,0.0039682539682539,0,0,0.01953914862823628
2025-07-27,119415.55,0.0126030833468195,0.0208280634520015,0.0101779297135609,1941.1499999999944,2998.1907142857153,0.0010105527329376,0.0092163247136346,-0.0010475061195585,0.0039682539682539,0,0,0.0193510668712009
2025-07-28,118062.32,-0.011396806340219,0.0209278089638548,0.0104559019553168,2372.5,2859.596428571429,0.0009097117984286,0.0095162471814427,-0.0005964930224888,0.0079365079365079,0,0,0.01940810657831288
2025-07-29,117950.76,-0.000945371403219,0.0209450553952018,0.009325070196375,2322.6100000000006,2725.217857142857,0.0008356965472712,0.0072274789309954,-0.0002158972809194,0.0119047619047619,0,0,0.01941830523712108
2025-07-30,117840.3,-0.0009369312651674,0.0206506106489985,0.0090886480348235,2995.770000000004,2721.5907142857145,0.0007165778902591,0.0068212857518825,-0.001285734096975,0.0039682539682539,0,0,0.0192258911893991
2025-07-31,115764.08,-0.0177759909386789,0.0203918144684787,0.0100442379256564,3422.449999999997,2712.827142857143,0.0006420708609889,0.0085717869060745,-0.0013631767709098,0.0039682539682539,0,0,0.01904996068108722
2025-08-01,113297.93,-0.0215334292496773,0.0209299884201139,0.0111266743510581,3329.4199999999983,2664.3607142857136,0.000553130582382,0.0104248846185241,-0.0004608966305071,0.0198412698412698,0,0,0.019381078252068338
2025-08-02,112546.35,-0.0066557609918458,0.021727598088218,0.0111519534514449,2060.4900000000052,2724.212857142857,0.0004826353508246,0.0106327953947617,0.0005967837078241,0.0555555555555555,0,0,0.0198989948529308
2025-08-03,114208.8,0.0146632152506764,0.0214414370588709,0.0121177973150795,2879.970000000001,2759.2264285714286,0.0004506285774928,0.011088769051286,0.0006133736068693,0.0396825396825396,0,0,0.01980277583532254
2025-08-04,115055.03,0.0073821836009084,0.0215884423312871,0.0123527774901265,1612.3999999999942,2648.56,0.0004545348400048,0.011088769051286,0.0006606333674323,0.0476190476190476,0,0,0.01986678539877226
2025-08-05,114129.75,-0.0080745765687897,0.0213430619843187,0.0104879174543045,2477.8099999999977,2531.274999999999,0.0004559245138377,0.0108251835015397,0.0003980065891169,0.0357142857142857,0,0,0.01972659079059122
2025-08-06,114992.27,0.0075289496341817,0.0211532451724032,0.0107012017880721,2360.8699999999953,2500.694285714285,0.0004056678162654,0.0109088406060253,0.0005026345234046,0.0317460317460317,0,0,0.01957973310344192
2025-08-07,117472.01,0.0213351837283326,0.0209670108067843,0.0124092002085828,3362.0,2573.201428571428,0.0003694246156891,0.0115041865433119,0.0005751963383055,0.0277777777777777,0,0,0.01945803848407058
2025-08-08,116674.74,-0.0068100290199488,0.0217390282037647,0.0124331110308993,1751.2899999999936,2431.9785714285704,0.0004008133101869,0.0115499330492829,0.0008090397836508,0.0793650793650793,0,0,0.01992197012225882
2025-08-09,116462.25,-0.0018228772606168,0.0214563126151833,0.0124025355691722,1644.9199999999985,2466.6892857142843,0.0004104391116413,0.0109063208433897,-0.0002712854730347,0.0555555555555555,0,0,0.019840675169109978
2025-08-10,119294.01,0.0240239321270632,0.0211065716844931,0.0136691326025359,2850.479999999996,2531.6414285714272,0.0004002983963281,0.0109063208433897,-0.0003348653743777,0.0317460317460317,0,0,0.01958321821069586
2025-08-11,118686.0,-0.0051097680255924,0.0221325247455877,0.0133684508039405,4285.050000000003,2668.2521428571417,0.0004681635463617,0.0103642175218903,0.0005440824143005,0.1309523809523809,0,0,0.02015806804735262
2025-08-12,120134.08,0.0121271021010791,0.021755915704489,0.0137209226756728,2116.959999999992,2653.5628571428556,0.0004769193148709,0.0109878302935538,0.0004128537201702,0.0992063492063492,0,0,0.0201293642226934
2025-08-13,123306.43,0.0260641056770225,0.0217039015599971,0.0151988494671304,4746.869999999995,2778.6414285714263,0.0004464769242431,0.0117411454557032,0.0005506563875938,0.0833333333333333,0,0,0.020041078535998257
2025-08-14,118295.09,-0.0414902925662925,0.0228521545432406,0.0186505582677337,7294.0,3055.180714285712,0.000504496851926,0.0184020185215349,0.0018851437364563,0.2103174603174603,0,0,0.02071329312594436
2025-08-15,117342.05,-0.0080890915304365,0.0258957165007408,0.0176923674564325,2412.8300000000017,2989.709999999998,0.0012375022806857,0.0167851329889847,0.004156688296976,0.5238095238095238,0,0,0.022863852700444477
2025-08-16,117380.66,0.000328983934688,0.025178670494079,0.0175117251533341,755.0100000000093,2896.461428571427,0.0015101702005952,0.0179252413829621,0.0037223578788957,0.4722222222222222,0,0,0.0231566770964474
2025-08-17,117405.01,0.0002074232221005,0.0244067606843088,0.0171946905020049,1402.7899999999936,2790.9485714285693,0.0016057626197322,0.0179252413829621,0.0033001889998157,0.3928571428571428,0,0,0.022576127610585278
2025-08-18,116227.05,-0.0100839754772934,0.0237169646179173,0.0174042767576997,2903.6100000000006,2883.1778571428554,0.0016259866446668,0.0170275920336519,0.0015844398723296,0.2976190476190476,0,0,0.02195983877075038
2025-08-19,112872.94,-0.0292828443291046,0.0233206871731412,0.0190720901211167,3993.1100000000006,2991.41357142857,0.0016007273854608,0.0200779140154717,0.0015647714686522,0.25,0,0,0.02150028350388472
2025-08-20,114271.24,0.0123121592980695,0.0245585382815888,0.0192743682588358,2235.3800000000047,2982.4499999999994,0.0016111475175004,0.0200779140154717,0.0028546367215917,0.4166666666666667,0,0,0.022166842968953278
2025-08-21,112500.0,-0.0156216989473509,0.0241674007227441,0.0185795538346216,2806.0899999999965,2942.742142857142,0.0015391403353656,0.0195764395910313,0.0013152461795034,0.365079365079365,0,0,0.022312408433646458
2025-08-22,116935.99,0.0386734694256478,0.0240159098838366,0.0216085691039394,5744.260000000009,3227.9542857142856,0.0014992422231218,0.0207692059179582,-0.0018798066169041,0.3492063492063492,0,0,0.02209392433030196
2025-08-23,115438.05,-0.0128926686390684,0.0263694302990804,0.0218874314293517,2470.0,3286.8885714285716,0.0016045783235516,0.0213220791815412,0.0011907598050013,0.5952380952380952,0,0,0.02349404417944824
2025-08-24,113493.59,-0.0169876628753389,0.0257971467789524,0.0210627556811287,4986.679999999993,3439.4742857142855,0.0015187553614755,0.0208296606859472,0.0013903860946435,0.5357142857142857,0,0,0.023780736867371435
2025-08-25,110111.98,-0.0302485115739088,0.0255307222753296,0.0222434672068779,4393.179999999993,3447.1978571428563,0.0014696706402709,0.0233448624902115,0.0018137576574123,0.5238095238095238,0,0,0.02348522176519776
2025-08-26,111763.22,0.0148846782912901,0.0265042495716531,0.0224216870934171,3704.339999999997,3560.5821428571426,0.0014001618715596,0.0233448624902115,0.0031835623985119,0.6071428571428571,0,0,0.02405881214299186
2025-08-27,111262.01,-0.0044946559972949,0.0260229937333842,0.0205583097867984,2279.5800000000017,3384.347142857143,0.0011775624031165,0.0220606808851029,0.0014644554517953,0.5793650793650794,0,0,0.02400575904003052
2025-08-28,112566.9,0.0116598412911823,0.0252028009618003,0.0185794159461538,2623.479999999996,3050.738571428571,0.0010234943521283,0.018229846381664,0.0010354002390562,0.5,0,0,0.02340578297708018
2025-08-29,108377.4,-0.0379281313827633,0.0247042833690764,0.020728027973765,5174.740000000005,3248.0178571428573,0.0009968749224451,0.0224491874607772,0.0006883734852397,0.4444444444444444,0,0,0.022832312421445837
2025-08-30,108816.33,0.0040418348867223,0.0268091329377713,0.0208342576203781,1576.0499999999884,3306.66357142857,0.0011124225346094,0.0224491874607772,0.0004397026386909,0.6507936507936508,1,0,0.02400599376266278
2025-08-31,108246.35,-0.0052517670016207,0.0258999887857551,0.0207719974712888,1403.090000000011,3306.685,0.0011144386950105,0.0212375694304855,0.0001028420068026,0.5674603174603174,0,0,0.02706424007145306
2025-09-01,109237.42,0.0091140305348318,0.0251073611656474,0.0210986528832899,2657.399999999994,3289.0985714285707,0.0010322664568796,0.0222419160494481,-0.0004233611096822,0.4880952380952381,0,0,0.02334648069938844
2025-09-02,111240.01,0.0181664406573265,0.0245124446393248,0.0206045599066844,3378.1300000000047,3245.1714285714284,0.0008981097848941,0.0210446384906092,-0.0019918049323283,0.4166666666666667,0,0,0.02273995998359488
2025-09-03,111705.71,0.0041777045760742,0.0244930539059239,0.0203116597174052,2046.5599999999977,3231.6842857142847,0.0009028281643932,0.0210446384906092,-0.0015299398274602,0.4166666666666667,0,0,0.022530509543554338
2025-09-04,110730.87,-0.0087651612090677,0.0238304625858791,0.020028825486998,2850.8800000000047,3234.883571428571,0.0009409500396134,0.0204692390724029,-0.0013723383759212,0.3293650793650793,0,0,0.02212999875152746
2025-09-05,110659.99,-0.0006403155254179,0.0233677750240672,0.0164558942441708,3177.659999999989,3051.554999999998,0.0010235753195375,0.0191485581748156,-0.0013365083450091,0.2619047619047619,0,0,0.02164487261444032
2025-09-06,110187.97,-0.0042746214974691,0.0227923287854035,0.0162552143376745,1330.699999999997,2970.176428571426,0.001171006623463,0.0186594135951006,-0.0040168041523678,0.2023809523809523,0,0,0.0211221020712421
2025-09-07,111137.34,0.00857900818254,0.0223212949973354,0.0160368561576473,1420.0,2715.41357142857,0.0013527400727325,0.0188861590882168,-0.0035786937884196,0.1706349206349206,0,0,0.02069473779840124
2025-09-08,112065.23,0.0083143786859416,0.0220303390246191,0.0138865222746054,2302.5899999999965,2566.085714285713,0.0015191113350973,0.0162369772602597,-0.0030770221410282,0.1309523809523809,0,0,0.02043541261477146
2025-09-09,111546.39,-0.0046405542886382,0.0217646540051096,0.0133838504575326,2526.62999999999,2481.9635714285696,0.0015754334865426,0.0151344985636267,-0.0027477906342151,0.1071428571428571,0,0,0.02016819440306576
2025-09-10,113960.0,0.0214069514442627,0.0214210354896784,0.0144806961893216,3395.6800000000076,2561.6849999999986,0.0016453017484942,0.0162438162330209,-0.0030720184162454,0.0555555555555555,0,0,0.019901334093807038
2025-09-11,115482.69,0.0132731389706215,0.0221264369255178,0.0145720853088899,2058.0899999999965,2521.299999999999,0.0016597660901674,0.0162438162330209,-0.0017040256603612,0.1507936507936507,0,0,0.02023804095531068
2025-09-12,116029.42,0.0047231310394018,0.0220921519986479,0.0090234898390616,1924.6399999999992,2289.1499999999983,0.0016795324956441,0.0053782198669219,-0.0012756230254192,0.1428571428571428,0,0,0.020401254799188744
2025-09-13,115918.29,-0.0009582332889035,0.0217115693624585,0.0091568891664467,1171.5099999999948,2260.2542857142844,0.001434427407176,0.0049251811425356,-0.0010807594229449,0.0912698412698412,0,0,0.020071738417475102
2025-09-14,115268.01,-0.0056256077023171,0.0213260865756604,0.0091880566650951,1030.1900000000023,2233.61857142857,0.0012590410010973,0.004993510139868,-0.000995208421675,0.0476190476190476,0,0,0.01973495434539624
2025-09-15,115349.71,0.0007085318805337,0.0210590412689507,0.0091370951112136,2373.9900000000052,2213.374999999999,0.001142485280626,0.004993510139868,-0.0009712977556684,0.0317460317460317,0,0,0.01949039836137042
2025-09-16,116788.96,0.0124000748497898,0.0207499455287166,0.0085554373646909,2227.1600000000035,2131.162857142856,0.001070183034437,0.004993510139868,-0.001014708476393,0.0119047619047619,0,0,0.019272730517229962
2025-09-17,116447.59,-0.0029272448401407,0.0208482671939067,0.0087198256507485,2565.9199999999983,2168.259999999999,0.0009054533089184,0.0047536395598669,-0.0005727682957717,0.0198412698412698,0,0,0.01928921951634402
2025-09-18,117073.53,0.0053608983982726,0.0205841239269378,0.008048994052129,1807.2400000000052,2093.714285714285,0.0007990512372308,0.0036821998052563,-0.00154231299858,0.0079365079365079,0,0,0.01914553355616268
2025-09-19,115632.38,-0.0123861781142071,0.0204017030174809,0.0091097472635686,2359.9900000000052,2035.3092857142856,0.0007202228608953,0.0062497863528783,-0.001690448981167,0.0079365079365079,0,0,0.01900075341048854
2025-09-20,115685.63,0.0004604051447678,0.0205472511550315,0.0088987634013559,713.3399999999965,1991.212142857143,0.0006618390274672,0.0065739879493823,-0.001164318207427,0.0119047619047619,0,0,0.0190975414930189
2025-09-21,115232.29,-0.0039264218421894,0.0202994414578179,0.0089746340900632,631.0599999999977,1934.8592857142855,0.000655562130139,0.0062115936800462,-0.0010266451178424,0.0039682539682539,0,0,0.01895593047469074
2025-09-22,112650.99,-0.0226555490034083,0.020119834243391,0.0110341872841384,3579.25,2026.0492857142856,0.000670688989899,0.0103148802148143,-0.0009392070255596,0.0039682539682539,0,0,0.0188278469460346
2025-09-23,111998.8,-0.0058062981699453,0.0211707353540289,0.0110792329861929,1831.770000000004,1976.4164285714296,0.0006418834163303,0.0103988710325021,0.0004207898253122,0.0793650793650793,0,0,0.01948819601241734
2025-09-24,113307.0,0.011612792050812,0.0209276078959553,0.0098884277776135,2897.3399999999965,1940.8207142857148,0.0006323961056408,0.0103988710325021,7.934070204860047e-05,0.0436507936507936,0,0,0.01948108513757318
2025-09-25,108994.49,-0.0388036185100837,0.0209567182280851,0.0134856973141799,4878.720000000001,2142.2942857142866,0.0005426658904701,0.0168176857828685,0.0003725943011472,0.0595238095238095,0,0,0.01943109693685106
2025-09-26,109643.46,0.0059364982695484,0.0240219968076332,0.0135507146804981,1679.929999999993,2124.815,0.000954113436254,0.0168176857828685,0.0036202937901523,0.4365079365079365,0,0,0.021352375284579922
2025-09-27,109635.85,-6.94091932622598e-05,0.0234488791129405,0.0135683526215524,679.5100000000093,2089.672142857144,0.0011411749500414,0.0168142909727504,0.0029016279579089,0.3531746031746032,0,0,0.021811754667764298
2025-09-28,112163.95,0.0227972206435218,0.0228635572145609,0.0153169451649828,3160.0099999999948,2241.8021428571437,0.0012274627676054,0.0178490319277712,0.002564115756743,0.2936507936507936,0,0,0.02127721792873654
2025-09-29,114311.96,0.0189695620345702,0.0234756232639157,0.0163063258608428,2839.350000000006,2275.0421428571435,0.0013562998329272,0.0178490319277712,0.0033557890205246,0.365079365079365,0,0,0.021530409958349418
2025-09-30,114048.93,-0.002303635410767,0.0236588917170338,0.0158691050929255,2135.729999999996,2268.511428571429,0.0014584176332983,0.0167160937475532,0.0024881563630049,0.3849206349206349,0,0,0.02180340743022028
2025-10-01,118594.99,0.0390866760019967,0.0230618712367839,0.0192341432758618,4682.430000000008,2419.6907142857153,0.0014827296295412,0.0178359731163967,0.0021342633408285,0.3055555555555556,0,0,0.02148228714207034
2025-10-02,120529.35,0.0161790488991382,0.0256828386444145,0.0196229898415094,2742.7600000000093,2486.5135714285725,0.0017557625451434,0.0178359731163967,0.0047261204163294,0.6428571428571429,0,0,0.0228979703866487
2025-10-03,122232.0,0.0140275865129559,0.0253779156532326,0.0193937962001903,4646.690000000002,2649.849285714287,0.0018664559237777,0.0185895855735809,0.0013559188455994,0.6150793650793651,0,0,0.023546060191939562
2025-10-04,122391.0,0.0012999597126288,0.0249810341922894,0.0193834223948075,1290.0,2691.039285714287,0.0018777503700907,0.0185895855735809,0.0015321550793488,0.5714285714285714,0,0,0.02326189851537364
2025-10-05,123482.31,0.0088770689789274,0.024233279426157,0.0192811990375811,3572.4199999999983,2901.13642857143,0.0017553757943817,0.0202880228819966,0.001369722211596,0.4841269841269841,0,0,0.022703150055694198
2025-10-06,124658.54,0.009480412513902,0.0237284210193785,0.0175813080674568,3115.6300000000047,2868.0207142857157,0.0015277299130613,0.0196516250069572,0.0002527977554627,0.4047619047619047,0,0,0.0222109846116271
2025-10-07,121332.95,-0.0270398998328911,0.0233055202466476,0.0195935646808436,4551.059999999998,3062.2557142857154,0.0013883717218785,0.0236758766796012,-0.0003533714703862,0.3373015873015873,0,0,0.021750552947988562
2025-10-08,123306.0,0.0161306511638574,0.0242878720391521,0.0197348169872126,3131.1100000000006,3078.953571428573,0.0011736819564201,0.0236758766796012,0.0012260008023682,0.5,0,0,0.02222659602349126
2025-10-09,121662.4,-0.0134190749805203,0.0241544716430514,0.0161356467676225,4111.470000000001,3024.1500000000015,0.0008445152622657,0.0151372001212861,-0.001528367001363,0.4841269841269841,0,0,0.022538521785830844
2025-10-10,112774.5,-0.075859746128426,0.0238712853549588,0.0276113715970115,20550.0,4372.012142857145,0.0008454500289498,0.036527360684059,-0.0015066302982737,0.4444444444444444,0,0,0.02224953201297528
2025-10-11,110644.4,-0.0190687944931955,0.0333827041478272,0.0281825015234553,3760.800000000003,4592.1042857142875,0.0026280795133467,0.0375096107644542,0.0084016699555378,0.9007936507936508,1,0,0.02816318728869632
2025-10-12,114958.8,0.038252348118231,0.0323815214172385,0.0293932800722537,6204.940000000002,4809.599285714287,0.0032650848864354,0.0375096107644542,0.0081482419910814,0.8849206349206349,1,0,0.032548632850343096
2025-10-13,115166.0,0.001800762507921,0.033184564886201,0.0289751264697105,2347.3099999999977,4774.453571428573,0.0038106780875015,0.0375096107644542,0.0094561438668225,0.8928571428571429,1,0,0.0331297901317206
2025-10-14,113028.14,-0.0187377515517983,0.0316411095971336,0.0294281832103335,5543.960000000006,5017.898571428574,0.0040104974774399,0.0384204401214132,0.0083355893504859,0.8690476190476191,1,0,0.03225665175828016
2025-10-15,110763.28,-0.0202415028158533,0.0308077568444707,0.0274738567026126,3448.350000000006,4929.750000000002,0.0040098611704974,0.0360332474525488,0.0065198848053186,0.8452380952380952,1,0,0.03169201010668242
2025-10-16,108194.28,-0.0234668114929164,0.0301635825632141,0.0271778862073628,4555.449999999997,5059.227857142859,0.0040566448858226,0.0345192715812564,0.0060091109201627,0.8293650793650794,1,0,0.03113152033792846
2025-10-17,106431.68,-0.0164252229988886,0.0298304263431352,0.0265146854830588,5711.770000000004,5135.305000000001,0.0040489853169268,0.0328078662900892,0.0059591409881764,0.8174603174603174,1,0,0.030849509005881123
2025-10-18,107185.01,0.00705312981834,0.0290600817731886,0.0267449872981851,1176.800000000003,5127.219285714287,0.0039723982514507,0.0328078662900892,-0.0043226223746386,0.8015873015873016,1,0,0.030317314663913162
2025-10-19,108642.78,0.0135088458148793,0.0279855405616411,0.0270167503475218,3346.7100000000064,5111.097142857145,0.0038114818794532,0.0328078662900892,-0.0043959808555973,0.7698412698412699,1,0,0.02954571553698466
2025-10-20,110532.09,0.0172406334529959,0.0272632801040992,0.0275035095570091,4303.039999999994,5195.912142857144,0.0035877863257176,0.0328078662900892,-0.0059212847821018,0.7380952380952381,1,0,0.02895740486245952
2025-10-21,108297.67,-0.0204222465741938,0.0268353795385982,0.0272174242938542,6526.279999999999,5336.999285714287,0.0032941362076719,0.0322039607351164,-0.0048057300585354,0.7222222222222222,1,0,0.02855879372315892
2025-10-22,107567.44,-0.0067656397595055,0.0266837807297948,0.0263214206196558,2497.1900000000023,5291.719285714287,0.003091076322161,0.0304458254346721,-0.0041239761146758,0.7023809523809523,0,0,0.028408652837876882
2025-10-23,110078.18,0.0230728409142155,0.0258443992277103,0.0277012188474756,3793.6100000000006,5269.015000000001,0.0029113278149195,0.0319422584600986,-0.0043191833355038,0.6428571428571429,0,0,0.02448801473662618
2025-10-24,111004.89,0.0083834137779135,0.0260434823331169,0.0195890312028085,2404.970000000001,3972.94142857143,0.0026511991110626,0.0185463200877644,-0.0037869440100183,0.6666666666666666,0,0,0.024380770599870143
2025-10-25,111646.27,0.0057613153607327,0.0253200363278615,0.0189536466370779,1270.3300000000015,3795.050714285716,0.0025861887570324,0.0184578032196005,-0.0037400454453271,0.5912698412698413,0,0,0.0237426165967169
2025-10-26,114559.4,0.0257578960116831,0.0246004469119053,0.0172655618117784,4206.350000000006,3652.294285714287,0.0025908237378725,0.0184578032196005,-0.0033850936497358,0.5277777777777778,0,0,0.023081945347143182
2025-10-27,114107.65,-0.0039511646974528,0.0252375978136592,0.0172814731394432,2569.9900000000052,3668.200000000002,0.0022737011300363,0.0171537363719452,-0.0020256822904399,0.5873015873015873,0,0,0.02328040908819552
2025-10-28,112898.45,-0.0106535589733116,0.0244910869236451,0.0167580752331925,3875.0,3548.9885714285733,0.0021090649353981,0.0161340353919828,-0.0023442926149531,0.5,0,0,0.02297672215418706
2025-10-29,110021.29,-0.0258148495782304,0.0240290012367733,0.0173302432842884,4443.729999999996,3620.087142857144,0.0019800927353154,0.0172330152767908,-0.0026547794930215,0.4404761904761904,0,0,0.02245389954206398
2025-10-30,108322.88,-0.0155574958212039,0.0247615285015925,0.0166383614298965,5287.6600000000035,3672.3878571428586,0.0017613138601159,0.0159023005671392,-0.0010828707261177,0.5396825396825397,0,0,0.0227567303009555
2025-10-31,109608.01,0.0117940590867657,0.0245310223993703,0.0161875983895886,2914.720000000001,3472.598571428573,0.0014890983422643,0.0158134657424731,-0.0015124599337465,0.503968253968254,0,0,0.022860391839622178
2025-11-01,110098.1,0.0044613307556549,0.0241173287028127,0.0161413555601831,1169.6800000000076,3472.0900000000015,0.0012506711170217,0.0158134657424731,-0.0012027076250487,0.4404761904761904,0,0,0.02250200842168762
2025-11-02,110540.68,0.0040118114648457,0.0235010311651711,0.0158128670176993,1778.6699999999985,3360.087142857144,0.0011499958755297,0.0158134657424731,-0.0010994157467341,0.3452380952380952,0,0,0.02197355069910266
2025-11-03,106583.04,-0.0364591983685826,0.0229449600887517,0.0179947024122824,5443.440000000002,3441.5442857142875,0.001142597286383,0.0201056755967416,-0.0022926377249074,0.2658730158730158,0,0,0.02140368245325102
2025-11-04,101497.22,-0.048892990692746,0.0252018659069752,0.0214424203974038,8354.64,3572.1414285714304,0.0010079032793567,0.0261946660932381,0.0007107789833301,0.5833333333333334,0,0,0.02261312994418512
2025-11-05,103885.16,0.0232546493159766,0.0289010686304086,0.0226781228705702,5567.940000000002,3791.480714285716,0.0014166914200356,0.0281583316290764,0.0048720673936352,0.7976190476190477,1,0,0.025668970378245157
2025-11-06,101346.04,-0.024745258646476,0.0287089656144512,0.0221265021040044,3899.050000000003,3799.0121428571447,0.0017263327344427,0.0276965125867583,0.0039474371128587,0.7896825396825397,1,0,0.029559820168670724
2025-11-07,103339.08,0.0194748205542758,0.0286661664252635,0.0228636847505007,4835.5,3972.6214285714304,0.0019554318774995,0.0276965125867583,0.0041351440258932,0.7896825396825397,1,0,0.0295955630551581
2025-11-08,102312.94,-0.0099794644960748,0.0282198516057819,0.0226741318524348,1952.2200000000012,4021.327857142859,0.0020993836309832,0.0261468625696939,0.0041025229029692,0.7817460317460317,1,0,0.029361682963469138
2025-11-09,104722.96,0.0232822313820761,0.027320914553742,0.0224135806402754,4095.6199999999953,4013.4185714285727,0.0021289188055105,0.0261468625696939,0.0038198833885708,0.746031746031746,1,0,0.0287733379322452
2025-11-10,106011.13,0.0122257015459847,0.0273367754170957,0.0229605415968196,2405.0899999999965,4001.64,0.002162987325679,0.0279122494242256,0.0043918153283439,0.75,1,0,0.02862126645025742
2025-11-11,103058.99,-0.0282425458643338,0.0266245987259372,0.0237463163437298,5023.9100000000035,4083.705000000001,0.0021302845188516,0.0296112882759802,0.0014227328189619,0.6984126984126984,0,0,0.02823285843556232
2025-11-12,101654.37,-0.0137230129311305,0.0272072649217698,0.0232039886134024,4519.740000000005,4089.134285714287,0.0020653516372976,0.0284346704336794,-0.0016938037086387,0.7380952380952381,1,0,0.02515407015306188
2025-11-13,99692.02,-0.0194928961604397,0.0265823552569663,0.0233565833332414,6084.610000000001,4146.0592857142865,0.0020185785242161,0.0287790864125786,-0.0021266103574849,0.6944444444444444,0,0,0.02806511075417978
2025-11-14,94594.0,-0.0524915845448106,0.0263932214238986,0.0257957077378734,5853.570000000007,4355.977142857145,0.0019446091859388,0.0326975097507892,-0.0022729450013648,0.6865079365079365,0,0,0.02463876885433916
2025-11-15,95596.24,0.0105394396407181,0.0304135387271613,0.02611644562043,2288.189999999988,4435.870714285715,0.0020627333995325,0.0326975097507892,0.0021936871213793,0.8611111111111112,1,0,0.027030496436296778
2025-11-16,94261.44,-0.0140612904673638,0.0293105724136142,0.025810743726681,3629.5599999999977,4568.077142857143,0.0018806658412427,0.0311817914117825,0.0019896578598722,0.8333333333333334,1,0,0.030388454248168516
2025-11-17,92215.14,-0.0219478729477931,0.0284716840676616,0.0250048964210995,4823.0,4523.76,0.0013844146100829,0.0296332640083254,0.0011349086505659,0.8095238095238095,1,0,0.02985637964059696
2025-11-18,92960.83,0.0080538963103702,0.0282302711469795,0.0227847320544635,4582.229999999996,4254.302142857143,0.0011644369114855,0.0262503535290553,0.0016056724210423,0.8095238095238095,1,0,0.029559641488187696
2025-11-19,91554.96,-0.0152387739374439,0.0272667713333651,0.0212156779630368,4372.220000000001,4168.893571428571,0.0011519950466107,0.0252649707309451,5.9506411595300346e-05,0.7579365079365079,1,0,0.02888047600001906
2025-11-20,86637.23,-0.0552098168918941,0.0267172906708257,0.0242914963367662,7060.0,4394.675714285714,0.0011687191391911,0.0301490091417706,0.0001349354138594,0.7182539682539683,0,0,0.028285844802495422
2025-11-21,85129.43,-0.0175568265742427,0.0311307787271911,0.0226553624227183,6898.940000000002,4542.064285714286,0.0014629051606891,0.0291357288040528,0.0047375573032924,0.9007936507936508,1,0,0.02759362763631466
2025-11-22,84739.74,-0.0045881272465209,0.0302830459836535,0.022771662254641,2120.0,4554.0485714285705,0.0015910630662038,0.0290006346989768,-0.0001304927435077,0.8809523809523809,1,0,0.0311237451901921
2025-11-23,86830.0,0.0243675070874846,0.02903888210964,0.0229078055203246,3460.0699999999924,4508.652142857142,0.0015932596907284,0.0290006346989768,-0.0002716903039741,0.8452380952380952,1,0,0.030368789265784
2025-11-24,88300.01,0.0167880367876378,0.0289208865194238,0.0233287211977321,3956.0,4619.431428571428,0.0015823209598634,0.0290006346989768,0.0004492024517621,0.8452380952380952,1,0,0.030122694311654277
2025-11-25,87369.96,-0.0105887043733439,0.0282728762954159,0.0229182916693651,2403.9900000000052,4432.294285714285,0.0015052783183043,0.0277936096843178,4.2605148436399704e-05,0.8214285714285714,1,0,0.02975017217724954
2025-11-26,90484.02,0.0350217440422699,0.0273912471885288,0.0260867443491731,4349.309999999998,4420.120714285714,0.0014943987096381,0.0289377229944546,0.0001244758551636,0.7777777777777778,1,0,0.029060834313117283
2025-11-27,91333.95,0.0093493089928671,0.0286172417306171,0.026274264201914,1860.0899999999965,4118.369285714284,0.0013933960498805,0.0299093490990116,0.0018999510597913,0.8333333333333334,1,0,0.02961255703837026
2025-11-28,90890.7,-0.0048648838036235,0.0276550492176823,0.022662103809352,2911.3699999999953,3908.212142857141,0.0012751773180868,0.0235182215383364,-0.0034757295095088,0.7896825396825397,1,0,0.02924949633060938
2025-11-29,90802.44,-0.0009715282254703,0.0266737819304503,0.0223454515205678,1010.179999999993,3816.9257142857127,0.0012790229594427,0.0221755566677042,-0.0036092640532031,0.7142857142857143,0,0,0.02831873635827018
2025-11-30,90360.0,-0.0048844658930882,0.0257487131718008,0.0221510871992974,1663.1100000000006,3676.464999999999,0.0014345791227052,0.0217356234456919,-0.0032901689378392,0.6349206349206349,0,0,0.024201143103080476
2025-12-01,86286.01,-0.046134215573856,0.0249646374485415,0.0245537689704845,6594.240000000005,3802.9821428571418,0.0016659100573063,0.0256007653072211,-0.0039562490708822,0.5476190476190477,0,0,0.0234303620691249
2025-12-02,91277.88,0.0562410040171474,0.0282628445113872,0.0293877881903658,6123.259999999995,3913.0557142857137,0.0016663960208428,0.0256007653072211,-1.0031784028700225e-05,0.8412698412698413,1,0,0.025217716706832316
2025-12-03,93429.95,0.0233034776016136,0.0324696436358298,0.0297846958783184,3159.770000000004,3826.452142857142,0.0020454596398423,0.026613841388745,0.0050783964473009,0.9603174603174603,1,0,0.03195991578149788
2025-12-04,92078.06,-0.0145752620889965,0.0318486083915582,0.0255122273263888,3191.0,3550.094999999999,0.0021950396137185,0.0188105250174228,0.0032313666609411,0.9484126984126984,1,0,0.03228149783493492
2025-12-05,89330.04,-0.0302988700641613,0.0307685254989908,0.0265596709137685,4636.360000000001,3388.4821428571418,0.0021656465267707,0.0207378463782272,0.0031134762813085,0.9206349206349206,1,0,0.03142318729939448
2025-12-06,89236.79,-0.0010444269910223,0.0309592751723348,0.0264940766637758,1381.9600000000064,3335.7649999999994,0.0022122273761867,0.0206776029055743,0.0042854932418845,0.9246031746031746,1,0,0.031401261103400885
2025-12-07,90395.31,0.0128989870207885,0.0296171398358645,0.0259779499118803,4040.720000000001,3377.24,0.0022247028225334,0.0206776029055743,0.0038684266640637,0.8809523809523809,1,0,0.030607513501518697
2025-12-08,90634.34,0.0026407844119589,0.0286910091996115,0.0256683985125987,2675.149999999994,3285.750714285714,0.0022240056720502,0.0206776029055743,0.00372637175107,0.8412698412698413,1,0,0.0298565347197669
2025-12-09,92678.8,0.0223065817697794,0.0275760725627687,0.0259449382386072,5088.990000000005,3477.536428571428,0.0022422637639028,0.0217399744876274,-0.0006867719486184,0.7857142857142857,1,0,0.02898865993766122
2025-12-10,92015.37,-0.007184123390461,0.0274773758490999,0.0245016996861216,2912.850000000006,3374.932142857143,0.002238629352659,0.0204938925778761,-0.0049922677867298,0.7777777777777778,1,0,0.028707629509459938
2025-12-11,92513.38,0.0053976543938283,0.0265666282116774,0.0244232179115896,4294.369999999995,3548.809285714286,0.0023081020821277,0.0204938925778761,-0.0052819801798808,0.7023809523809523,0,0,0.02806837612700644
2025-12-12,90268.42,-0.0245656065959547,0.025707254785422,0.0253325668371245,3274.0,3574.711428571429,0.0024202283283087,0.0221917749316967,-0.0050612707135688,0.6349206349206349,0,0,0.0240979416712532
2025-12-13,90240.01,-0.0003147775451211,0.0260620358720417,0.0253322160608004,868.1600000000035,3564.567142857144,0.0024586365773002,0.0221893955944126,-0.0048972393002931,0.6785714285714286,0,0,0.02408441432322502
2025-12-14,88172.17,-0.0231815182233923,0.0251979790457037,0.0260410125803246,2895.0399999999936,3652.562142857143,0.0025071638501648,0.0235915212386871,-0.0044191607901608,0.5833333333333334,0,0,0.02368244142742222
2025-12-15,86432.08,-0.0199324771490587,0.0254981277465228,0.0234149704159615,4906.0,3531.9735714285716,0.0024561413310659,0.0184438905654628,-0.0031928814530887,0.6190476190476191,0,0,0.02362779584791368
2025-12-16,87863.42,0.0164246601605544,0.025482711705136,0.017824987008357,2909.979999999996,3302.4535714285716,0.0025721500505889,0.0184438905654628,-0.0020933608576327,0.6190476190476191,0,0,0.0236552030230816
2025-12-17,86243.22,-0.0186121192274573,0.0252182263206343,0.0165948720594614,5051.850000000006,3437.6021428571435,0.0023534504640395,0.0184626583365308,-0.0022591495284655,0.5952380952380952,0,0,0.02347746779238058
2025-12-18,85516.41,-0.0084631567748871,0.0251392178617114,0.0164234201222985,5027.600000000006,3568.7878571428582,0.0020949123598726,0.0180339634310641,-0.001427410349966,0.5753968253968254,0,0,0.02337764671702684
2025-12-19,88136.94,0.0301834539651757,0.0245174657696928,0.0172692816389026,4289.729999999996,3544.028571428572,0.0019210238786902,0.0158468964080182,-0.0011897890157291,0.503968253968254,0,0,0.02296142986181568
2025-12-20,88360.9,0.0025378227881098,0.0256536603904223,0.0172944617413952,777.3100000000122,3500.8392857142867,0.0014896882549314,0.0169364449735394,-0.0004083754816193,0.6507936507936508,0,0,0.023436777434253382
2025-12-21,88658.86,0.0033664070202181,0.0248446810873831,0.0169008530928949,1481.7300000000105,3318.0542857142873,0.0011921724794833,0.0169364449735394,-0.0003532979583205,0.5515873015873016,0,0,0.023335774252429862
2025-12-22,88620.79,-0.0004294909267379,0.0241313727965863,0.0168644705602526,2688.229999999996,3318.9885714285733,0.0010000914907816,0.0158433213091836,-0.0013667549499365,0.4444444444444444,0,0,0.022630436877951778
2025-12-23,87486.0,-0.0128876996356677,0.0234716430944072,0.0156018068061784,2338.100000000006,3122.4964285714304,0.0009929989269591,0.0155426990461311,-0.0020110686107287,0.3373015873015873,0,0,0.02195088105664432
2025-12-24,87669.45,0.0020947114928908,0.0232431566617519,0.0156585481112467,1629.8899999999994,3030.85642857143,0.000940229824196,0.0162886763345663,-0.0019750696588823,0.3015873015873015,0,0,0.02153862999705114
2025-12-25,87225.27,-0.0050794095442263,0.0226903188570422,0.0154518659436476,1658.020000000004,2842.5457142857163,0.0010267948302313,0.0154501643830739,-0.0024488990046692,0.25,0,0,0.02112106731422532
2025-12-26,87369.56,0.0016528557328907,0.022247885464914,0.0143433213144141,2912.6699999999983,2816.7364285714307,0.0011888030772928,0.0138964887100521,-0.0022695803047787,0.2103174603174603,0,0,0.0207196428789484
2025-12-27,87877.01,0.0057912850251948,0.0218042680861224,0.0145013271484257,730.9499999999971,2806.9357142857157,0.0013052196804004,0.0148554949085512,-0.0038493923042999,0.1587301587301587,0,0,0.02035625685167344
2025-12-28,87952.71,0.0008610604018155,0.0214838402385439,0.0131469723225447,653.75,2646.8435714285733,0.0014603418094936,0.012957734599487,-0.0033608408488392,0.115079365079365,0,0,0.02006038974312634
2025-12-29,87237.13,-0.0081692406318065,0.021124741240435,0.0121233859829945,3599.5800000000017,2553.5278571428594,0.0015694699195483,0.0106211280231674,-0.0030066315561512,0.0753968253968253,0,0,0.019734649944261
2025-12-30,88485.49,0.0142085407306051,0.0209660141470462,0.0119144122341894,2554.3399999999965,2528.1250000000023,0.0016262185236473,0.0106211280231674,-0.002505628947361,0.0634920634920634,0,0,0.01954145928822772
2025-12-31,87648.22,-0.0095072806518885,0.0211487234011404,0.0110044450942083,1950.0,2306.5642857142875,0.001625298309854,0.0083748389652554,-0.0020944332606115,0.0873015873015873,0,0,0.01962684364068424
2026-01-01,88839.04,0.0134948899068945,0.0210431304934324,0.0110927128087043,1369.020000000004,2045.2371428571444,0.0015852360276172,0.008357063402505,-0.0016471883636097,0.0714285714285714,0,0,0.01957872269605944
2026-01-02,89995.13,0.0129293647305228,0.0211684774882384,0.0084509731868683,2581.929999999993,1923.25142857143,0.0015487723055779,0.008357063402505,-0.0010794079766756,0.1031746031746031,0,0,0.01960632489294304
2026-01-03,90628.01,0.0070077686612801,0.0212414924735901,0.0085770918069938,1427.1500000000087,1969.6685714285725,0.0012843617684696,0.008357063402505,-0.0005627756125323,0.1111111111111111,0,0,0.01970064868415406
2026-01-04,91529.73,0.0099005111234546,0.0210262565760273,0.0088420095692333,1182.0,1948.259285714286,0.0010627506435106,0.008357063402505,-0.0004575836625166,0.0714285714285714,0,0,0.01958988914561638
2026-01-05,93859.71,0.0251373831135914,0.0209546259836808,0.010687783846998,3274.270000000004,1990.119285714287,0.0008754516150139,0.0093410128079253,-0.0001701152567541,0.0595238095238095,0,0,0.01947050359020848
2026-01-06,93747.97,-0.0011912093706722,0.022130747243432,0.0096657934667799,3181.5,2050.362142857143,0.000725697415741,0.006788671795294,0.0011647330963857,0.2341269841269841,0,0,0.0201619071460592
2026-01-07,91364.16,-0.0257567322610849,0.0216976371449551,0.0126892753334181,3072.449999999997,2153.402142857143,0.0005517343264151,0.0130211636634065,0.0005489137438146,0.1666666666666666,0,0,0.020229300286973062
2026-01-08,91099.99,-0.0028955845252411,0.0228121794389183,0.0125960778623918,2376.9900000000052,2204.757142857143,0.0005728449611206,0.0128867181560778,0.0017690489454859,0.3095238095238095,0,0,0.02081384006335098
2026-01-09,90641.28,-0.0050479560758542,0.0223167727550373,0.0127814287057563,2387.8899999999994,2167.2728571428574,0.0005801120324001,0.0119430550580291,0.0011482952667988,0.2698412698412698,0,0,0.020818028853022377
2026-01-10,90504.7,-0.0015079553615393,0.0219170839959805,0.0127912458855695,428.0,2145.633571428572,0.0005855088152702,0.0110718001768139,0.0006755915223904,0.2063492063492063,0,0,0.0204852919975883
2026-01-11,91013.65,0.0056077122089455,0.0215107429645069,0.0128186290673664,1047.8899999999994,2173.786428571429,0.0005854878376525,0.0110718001768139,0.0004844863884796,0.1507936507936507,0,0,0.02010062377870414
2026-01-12,91296.2,0.0030996704371961,0.0212207935172451,0.0124494424147717,2391.5099999999948,2087.4957142857143,0.0005812467887401,0.0114844592209554,0.0002661675335642,0.119047619047619,0,0,0.01981602771034706
2026-01-13,95414.0,0.0441161525063726,0.020914087905036,0.0164106054914245,5452.3399999999965,2294.4957142857143,0.0005851448658874,0.0114844592209554,-0.001216659338396,0.0436507936507936,0,0,0.0195647287430216
2026-01-14,96951.78,0.0159884232879452,0.0248892102874057,0.016041382350147,3365.2100000000064,2395.5821428571435,0.0010655514868726,0.0118403415169745,0.0031915731424505,0.626984126984127,0,0,0.021820274972443418
2026-01-15,95604.8,-0.0139907134975523,0.0246703224250764,0.0168728740002612,2058.8600000000006,2444.8564285714288,0.0012911298213501,0.01222503238144,0.001858142986158,0.5992063492063492,0,0,0.02299558345504584
2026-01-16,95550.94,-0.00056351958278,0.0243565455228462,0.0167851623459838,1578.0099999999948,2373.1478571428574,0.0014030969006056,0.0113201845939247,0.0020397727678089,0.5515873015873016,0,0,0.02276202371370772
2026-01-17,95147.77,-0.0042283516305694,0.0236727386318806,0.0169127840881082,617.7799999999988,2315.335714285714,0.0014175463260072,0.0106940696895257,0.0017556546359,0.4444444444444444,0,0,0.02221752197912836
2026-01-18,93673.14,-0.0156196681906752,0.0231013622966208,0.0175311012641495,1915.7200000000012,2367.7442857142855,0.0013664853594806,0.0113474375305237,0.0015906193321139,0.369047619047619,0,0,0.02160312537797248
2026-01-19,92631.0,-0.0111876297516868,0.0230881712529245,0.016442342217,1762.9400000000023,2259.7921428571426,0.0012875812893594,0.0113315581719509,0.0018673777356793,0.3611111111111111,0,0,0.021427203151754698
2026-01-20,88427.66,-0.0464390422167486,0.0228183643285582,0.0204531454854177,4974.020000000004,2387.8292857142856,0.0012757948764075,0.0185451011544484,0.0019042764235221,0.3333333333333333,0,0,0.02123620219713492
2026-01-21,89454.73,0.0115478706304088,0.0266960276880009,0.0198459606388535,3310.470000000001,2404.8307142857147,0.0016050771710867,0.017561949118345,0.0018068174005952,0.8293650793650794,0,0,0.02356476701280054
2026-01-22,89559.67,0.0011724197832183,0.0260238437802494,0.0198538703903461,1844.62000000001,2366.8042857142864,0.0017748817332231,0.0185991065033217,0.001353521355173,0.7777777777777778,0,0,0.024431137068149637
2026-01-23,89600.26,0.0004531147192849,0.0251662577522793,0.0198266587627178,2646.6300000000047,2385.285714285715,0.0018077485363175,0.0197915286395521,0.000809712229433,0.6746031746031746,0,0,0.023793883451367577
2026-01-24,89225.34,-0.004193141802224,0.0243958558577059,0.019846750408763,795.3099999999977,2411.5221428571435,0.0017534850256519,0.0198467008774493,0.0007231172258253,0.5714285714285714,0,0,0.02305400951462354
2026-01-25,86670.36,-0.0290531231361406,0.0237441238715432,0.0210803352407621,3244.4100000000035,2568.4164285714296,0.0016312558458222,0.0212171060526535,0.0006427615749224,0.4761904761904761,0,0,0.02238903952292592
2026-01-26,88347.08,0.019161191027651,0.0248810160567832,0.0218882813178974,2350.3699999999953,2565.4778571428583,0.0014501400776692,0.0212171060526535,0.0017928448038587,0.6388888888888888,0,0,0.02285414243406992
2026-01-27,89250.0,0.0101682728080731,0.0248877732861366,0.017853796881665,2218.8300000000017,2334.5128571428586,0.0011129522782034,0.0212171060526535,0.0020694089575784,0.6388888888888888,0,0,0.023271811171681957
2026-01-28,89299.99,0.0005599552406163,0.0243591733374454,0.0169259469172708,1766.3500000000058,2220.308571428573,0.0011060960341598,0.0212171060526535,-0.0023368543505555,0.5595238095238095,0,0,0.02293551800246724
2026-01-29,84650.16,-0.0534743771871539,0.0236750746253736,0.0211460739112528,5964.669999999998,2499.2950000000014,0.0011205668688041,0.0279845798284068,-0.0023487691548758,0.4563492063492063,0,0,0.02229572997522416
2026-01-30,84260.49,-0.0046139268457583,0.0285896731571392,0.0210538060549096,3617.75,2644.990714285716,0.0015941938990829,0.0280313762416279,0.0034234154048599,0.9047619047619048,1,0,0.025067642294283522
2026-01-31,78741.09,-0.0677479434199881,0.0275106375502255,0.0261726123037025,8550.12000000001,3211.586428571431,0.0017368252489852,0.0368408219780106,0.0031147816925196,0.8690476190476191,1,0,0.0290887665301353
2026-02-01,76968.21,-0.0227726489856117,0.0340630394983882,0.0262863459492002,3724.0,3340.7492857142884,0.0029198324230505,0.0373038014476388,0.010318915626845,1.0,2,0,0.03320249649903292
2026-02-02,78738.61,0.0227411528626166,0.0332237517892103,0.0280719456416341,4756.0,3554.539285714288,0.0034321379344253,0.0396546263921339,0.008342735732427,0.992063492063492,1,0,0.03781537507352618
2026-02-03,75770.21,-0.0384284248395623,0.0324762426682699,0.0273804659682348,6241.309999999998,3645.0600000000018,0.0036158297827527,0.0384105360429345,0.0075884693821333,0.984126984126984,1,0,0.03313998800096194
2026-02-04,73165.83,-0.0349766987828985,0.0332849794151319,0.02725188375936,5083.520000000004,3771.7064285714305,0.0039679423665464,0.0379982802431383,0.0089258060776865,0.992063492063492,1,0,0.03346357044907914
2026-02-05,62909.86,-0.1510256005239139,0.0335964063780585,0.0450956828545818,10996.179999999991,4425.389285714286,0.0042443107891225,0.0617878866455386,0.0099213317526849,0.996031746031746,1,1,0.033716534226835106
2026-02-06,70580.26,0.1150475938253503,0.0574547052467759,0.0585182187376454,11751.330000000002,5075.725,0.0088174414639968,0.0617878866455386,0.0288650320896367,1.0,2,1,0.053775869148065536
2026-02-07,69289.38,-0.0184588543043169,0.0650330976360118,0.0584013320962004,4390.070000000007,5332.493571428573,0.0125667787114014,0.0620777588451701,0.0375224600857862,1.0,2,1,0.06282790138160708
2026-02-08,70330.38,0.0149122057058743,0.0612146891264087,0.0589444082189422,3383.4100000000035,5342.4221428571445,0.014243849632877,0.065037248293947,0.0271516496280204,0.996031746031746,2,1,0.06079773987584522
2026-02-09,70138.0,-0.0027391234992855,0.0575970673613213,0.0582568990883899,3145.529999999999,5399.219285714287,0.0149427453271084,0.0613245030987093,0.024373315572111,0.992063492063492,2,1,0.05861025081679278
2026-02-10,68841.29,-0.0186610196327823,0.0540673642718872,0.057749563935339,2727.5899999999965,5435.5592857142865,0.0149548631495138,0.0584760513171567,0.0215911216036173,0.984126984126984,2,1,0.05641501456313232
2026-02-11,67082.52,-0.0258802069394725,0.051142163025677,0.0575085278846141,3536.8800000000047,5562.025714285715,0.0144440102279169,0.056298127603046,0.0178571836105451,0.98015873015873,2,0,0.0545666842154062
2026-02-12,66272.17,-0.0121534529376781,0.0487929444305466,0.0567375561669014,3292.520000000004,5371.157857142859,0.0134729724314295,0.054064328931083,0.0151965380524881,0.9761904761904762,2,0,0.04849224905832796
2026-02-13,68853.96,0.0382176894647479,0.0460985466872827,0.0586087663390508,3610.509999999995,5370.640714285715,0.0127088154040988,0.0566843717170031,-0.0113561585594932,0.9722222222222222,2,0,0.04660038001236962
2026-02-14,69822.95,0.0139750124276556,0.0451043899797325,0.0569350020706442,1829.87999999999,4890.623571428571,0.0116280213631506,0.0553186688719458,-0.0199287076562793,0.9682539682539684,2,0,0.0458487587878395
2026-02-15,68832.58,-0.0142855729250257,0.0427727306354153,0.0568173897476768,2983.0,4837.695,0.0111246889801376,0.0550018991428177,-0.0184419584909934,0.9642857142857144,2,0,0.04424400798124918
2026-02-16,68892.43,0.0008691232444615,0.0406535609210261,0.0562050963601577,2832.5599999999977,4700.306428571428,0.0105659700574438,0.0550018991428177,-0.0169435064402952,0.9603174603174603,2,0,0.042909766552615664
2026-02-17,67503.52,-0.0203665579406582,0.0384593265599161,0.0556960216141371,2620.4400000000023,4441.672857142857,0.0100042841578827,0.0539185940207298,-0.015608037711971,0.9563492063492064,2,0,0.04152504393594966
2026-02-18,66461.0,-0.0155644352091179,0.0370124093828855,0.0552191069213118,2606.220000000001,4264.722857142857,0.0096179908930424,0.0528980310662565,-0.0141297536427915,0.9523809523809524,2,0,0.040546148429731296
2026-02-19,67003.73,0.0081329800253016,0.0354684158398491,0.0364504836386834,1688.1699999999985,3599.865,0.009405520726855,0.0172303627449153,-0.0133245285906975,0.9484126984126984,2,0,0.039534648703909464
2026-02-20,68020.01,0.0150536371114728,0.0338141175346071,0.0185002047474546,2038.1900000000023,2906.069285714286,0.0098133285577722,0.0172303627449153,-0.0122844291526756,0.9404761904761904,1,0,0.03778993652076426
2026-02-21,67975.93,-0.0006482546691266,0.0325580486268913,0.0179323341903241,1164.0099999999948,2675.6364285714276,0.0090145041695826,0.0159482527822759,-0.0125463413528411,0.9166666666666666,1,0,0.03249621517613478
2026-02-22,67643.4,-0.0049038830436884,0.0310670708822195,0.0173201541379222,1055.0,2509.3214285714275,0.0083209712629824,0.0151247486787757,-0.0117056597531957,0.8888888888888888,1,0,0.031298038529331704
2026-02-23,64656.02,-0.0451685712163634,0.0297533830012958,0.0206952866689805,3796.07,2555.7885714285703,0.0077346424006159,0.0213216614725456,-0.0109001779197303,0.8571428571428571,1,0,0.03032461020077748
2026-02-24,64058.15,-0.0092899530772143,0.0318935514727505,0.0203971728015477,2516.470000000001,2540.708571428571,0.0069716605334417,0.020627890520658,-0.0065657750871656,0.9007936507936508,1,0,0.0315503044836503
2026-02-25,67988.04,0.0595405427658217,0.0306038836279751,0.0257822893924324,6075.560000000005,2722.0428571428565,0.0063285080046465,0.0198739895804804,-0.0064085257549103,0.8690476190476191,1,0,0.03097604857678506
2026-02-26,67485.18,-0.0074237891369719,0.0348123618175301,0.0256277983886276,2360.0,2655.4342857142847,0.0054383904367686,0.0195806343155751,-0.000656054022319,0.9444444444444444,2,0,0.03337037469051806
2026-02-27,65872.1,-0.0241930350949814,0.0332010958258221,0.0240934036684011,3302.340000000004,2633.4221428571427,0.004720233928301,0.020145340979738,-0.000613021708785,0.9166666666666666,1,0,0.03708746149549326
2026-02-28,66973.26,0.0165784521278684,0.032560746484875,0.024245417002415,4730.0,2840.573571428572,0.0038741395762362,0.020145340979738,2.6978579837008687e-06,0.9087301587301588,1,0,0.03235766789092501
2026-03-01,65776.47,-0.0180312596565812,0.031507195934576,0.0243999883300435,3143.9900000000052,2852.072857142858,0.0031524652090732,0.0204764406621529,0.0004401250523565,0.876984126984127,1,0,0.0315982575607456
2026-03-02,68830.06,0.0453783925294253,0.0306462506057132,0.0276591620286723,4836.790000000001,2995.232142857144,0.0025608312946231,0.0204764406621529,0.0008928676044174,0.8531746031746031,1,0,0.03093140316342792
2026-03-03,68338.0,-0.0071745873014226,0.0326474653911913,0.0271340469265893,3100.0800000000017,3029.492142857144,0.0020435049440608,0.0194657523195985,0.0007539139184408,0.9087301587301588,1,0,0.03203693763471478
2026-03-04,72666.77,0.0614182153169302,0.031230015847837,0.0310617904527902,6650.0,3318.333571428572,0.0016467386966128,0.0198997109807302,0.0006261322198618,0.8690476190476191,1,0,0.0314226935087022
2026-03-05,70890.72,-0.0247446597423515,0.035610937553527,0.0321427994483359,2912.679999999993,3405.798571428572,0.0016683389059544,0.0204946772566751,0.0007985757359968,0.9484126984126984,2,0,0.0339230305321162
2026-03-06,68114.02,-0.0399564707144595,0.0347373841185255,0.0339999846725102,3675.199999999997,3522.7278571428574,0.0017499400898139,0.0231879402160971,0.0015362882927034,0.9365079365079364,2,0,0.0381446560711153
2026-03-07,67262.91,-0.0125740953632664,0.0353783361000587,0.034169113525652,1635.7799999999988,3556.4257142857145,0.0019294800657153,0.0235255039366672,0.0028175896151836,0.9404761904761904,2,0,0.03867421566003522
2026-03-08,65971.2,-0.0193906871624953,0.0338679615888497,0.0345220170270991,2581.5099999999948,3665.462142857143,0.0019093965174576,0.0242619950425949,0.0023607656542736,0.9246031746031746,1,0,0.03781926255330982
2026-03-09,68432.16,0.03662460641352,0.0328343665608702,0.0335224243875746,3694.679999999993,3658.22,0.0017044390834203,0.0206726986055988,0.0021881159551569,0.8928571428571429,1,0,0.03278255593652212
2026-03-10,69948.63,0.0219182259322732,0.0333865172103804,0.0336043317807789,3385.5899999999965,3720.2999999999993,0.0016786517292518,0.0216793132402888,0.000739051819189,0.9126984126984128,1,0,0.03279129032622824
2026-03-11,70191.86,0.003471234391041,0.0325643907626322,0.0299066660011222,2343.0899999999965,3453.694999999999,0.001532198808093,0.0216793132402888,0.0013343749147952,0.8809523809523809,1,0,0.03239919325757932
2026-03-12,70541.34,0.0049665710490476,0.0310915043790443,0.0297805247674111,1594.0899999999965,3398.9871428571414,0.001555998625418,0.0230056773595881,-0.0045194331744826,0.8333333333333334,1,0,0.03132863062742658
2026-03-13,70930.0,0.005494554272369,0.0297765424085624,0.0287208413598934,3527.7300000000105,3415.0864285714274,0.0017678166334982,0.0228017740110547,-0.004960841709963,0.7896825396825397,1,0,0.030302313845137437
2026-03-14,71211.95,0.0039671661995193,0.0285970445969743,0.0285365366852685,990.9199999999984,3148.0092857142845,0.0020818327199352,0.0228017740110547,-0.0067812915030844,0.7420634920634921,1,0,0.02939365235818458
2026-03-15,72815.24,0.0222646325397679,0.0275072138614192,0.0281311243370481,2340.179999999993,3090.5942857142836,0.0024573192281486,0.0236406390078788,-0.0063607477274305,0.6984126984126984,1,0,0.02847982991685152
2026-03-16,74884.67,0.0280239227243388,0.0274140596138126,0.0266665380209875,2638.6699999999983,2933.585714285712,0.0027430698679722,0.0236406390078788,-0.0054203069470576,0.6904761904761905,1,0,0.02823916896828756
2026-03-17,73909.36,-0.0131097190984004,0.0278567714044206,0.0269382661978442,2600.8099999999977,2897.9235714285687,0.002935160966055,0.0241445194418835,-0.0055297458059597,0.7103174603174603,1,0,0.02845025764265236
2026-03-18,71246.54,-0.0366932210131132,0.0271291529742484,0.023888882728585,4172.3399999999965,2720.9478571428544,0.0031662541273429,0.0266495202074215,-0.0054352377883837,0.6587301587301587,1,0,0.028099886984549037
2026-03-19,69930.0,-0.0186515148503314,0.0286097752320091,0.0234831087298667,2820.439999999988,2714.3592857142826,0.0029746521536132,0.0258094374992366,-0.0024817291470351,0.7420634920634921,1,0,0.02878565793920546
2026-03-20,70510.73,0.0082701551029771,0.028114527065874,0.0206968708374734,1979.0,2593.2021428571397,0.0028172843679752,0.0219100106444818,-0.0016620153426883,0.7103174603174603,1,0,0.0288318734395244
2026-03-21,68918.12,-0.0228457635345584,0.0271693617557809,0.0214399260023459,2529.520000000004,2657.0407142857116,0.0025160403136673,0.0235119708637068,-0.0014276828411933,0.6507936507936508,1,0,0.02806748305346854
2026-03-22,67859.0,-0.0154871102583236,0.0271685334436144,0.0211676863824116,2228.12999999999,2631.799285714282,0.0022911296275312,0.0229256001230009,-0.0003386804178047,0.6468253968253969,1,0,0.02784402286616864
2026-03-23,70906.45,0.0439293795760917,0.0266446651443355,0.0221534809848818,4371.9100000000035,2680.172857142855,0.0021339068768541,0.0229256001230009,-0.000769394469477,0.6150793650793651,0,0,0.0274983798866013
2026-03-24,70556.74,-0.0049441937848229,0.0292258952458301,0.0214993623402636,2476.929999999993,2615.268571428569,0.0016871463360066,0.0210252259487683,0.0013691238414095,0.7738095238095238,1,0,0.02590344354749806
2026-03-25,71336.53,0.0109913296166368,0.0280899555055933,0.0216693948662561,1618.0899999999965,2563.4828571428548,0.0012133673217919,0.0210252259487683,0.0009608025313448,0.7023809523809523,1,0,0.028789426503355982
2026-03-26,68820.31,-0.0359096335700837,0.0272434895662187,0.023768535196201,3283.820000000007,2684.1778571428554,0.0008949948800841,0.0237302174462322,-0.0013662856657904,0.6468253968253969,1,0,0.02805225373973122
2026-03-27,66407.28,-0.0356922158369545,0.0286047559762762,0.0253005141028268,3630.800000000003,2691.5399999999977,0.0007484097967169,0.0255337933229426,0.0004902289104022,0.7341269841269841,1,0,0.02867566198576572
2026-03-28,66377.03,-0.0004556261281685,0.0297085821586703,0.025211339123431,1356.8500000000058,2717.6778571428554,0.0008846058719969,0.024073970283364,0.0025392204028894,0.7817460317460317,1,0,0.029728714095202183
2026-03-29,66010.93,-0.005530728522709,0.0284832098202206,0.0239606389588643,2130.5,2702.7007142857133,0.0008903958523145,0.0229054433810624,0.0013146763766061,0.7182539682539683,1,0,0.02920353149213236
2026-03-30,66797.37,0.0118433741341856,0.0274316367430895,0.022485744446596,2369.0599999999977,2683.4428571428557,0.0008895763784223,0.0229054433810624,0.0007869715987539,0.6587301587301587,1,0,0.0282821520458537
2026-03-31,68284.48,0.0220187994489275,0.0266918683955495,0.0238121783057168,2591.4400000000023,2682.7735714285704,0.0009525181753756,0.023745709858114,-0.0025340268502806,0.5952380952380952,0,0,0.0275773238373297
2026-04-01,68113.92,-0.0025009104050788,0.0266856844146393,0.0220737630237983,1731.25,2508.4099999999994,0.0009861760462283,0.0203704325883502,-0.0014042710909539,0.5912698412698413,0,0,0.024320857048783583
2026-04-02,66901.99,-0.0179528849727255,0.0257696906810126,0.022036932385987,2941.2600000000093,2517.040000000001,0.0011026526373216,0.0203005686487416,-0.0014737988852061,0.5198412698412699,0,0,0.023666714408607556
2026-04-03,66964.3,0.0009309289814485,0.0255725628050215,0.021830387386542,1088.4199999999985,2453.4271428571437,0.0012222183338742,0.0203005686487416,-0.0030321931712547,0.5,0,0,0.0233640028830129
2026-04-04,67300.42,0.0050068357818151,0.0247608488413039,0.0212103339752381,787.0199999999895,2328.962857142857,0.0014202759709085,0.0199596119566598,-0.0049477333173664,0.4126984126984127,0,0,0.02281571290478234
2026-04-05,69034.18,0.0254352669202564,0.024085017985096,0.0219698425996076,2524.5399999999936,2350.135,0.0016597222920128,0.0205191140560977,-0.0043981918351245,0.3333333333333333,0,0,0.0221816067910576
2026-04-06,68853.66,-0.0026183614615238,0.0247695136281937,0.0182108095414704,2051.4600000000064,2184.3885714285716,0.0017688712496106,0.0192161849370303,-0.0026621231148958,0.4166666666666667,0,0,0.02241646417691622
2026-04-07,71924.22,0.0436296819458199,0.0240549906453863,0.0218837283122709,5028.990000000005,2366.6785714285725,0.0017939280753871,0.0204577929828057,-0.0026368777501632,0.3253968253968254,0,0,0.02215653278723178
2026-04-08,71069.93,-0.0119487428550879,0.0271603810996758,0.0219666708497611,2149.770000000004,2404.655714285716,0.0017499259846564,0.0195972622829961,0.0004746966850364,0.6150793650793651,1,0,0.02383924265980548
2026-04-09,71787.97,0.0100525913759028,0.0264549717910728,0.0195294509360738,2679.0,2361.454285714287,0.0017368511770757,0.0159594115930322,0.0006852811100601,0.5555555555555556,0,0,0.02708307147464368
2026-04-10,72962.7,0.0162314383904949,0.0257469850608915,0.016271690964548,2007.8500000000056,2245.529285714287,0.0016280551167551,0.0092103696760673,0.0001744222558699,0.503968253968254,0,0,0.0235647982365349
2026-04-11,73043.16,0.0011021476555086,0.0254375449491463,0.0162240719741308,1276.9100000000035,2239.8192857142867,0.0012942756337371,0.0100873967132284,0.0006766961078423,0.4722222222222222,0,0,0.02313499976948778
2026-04-12,70740.98,-0.0320254620862243,0.0246406645967644,0.0190727067531222,2631.3600000000006,2275.595000000001,0.001106359320985,0.0173425437931956,0.0005556466116683,0.3809523809523809,0,0,0.02258219275805864
2026-04-13,74417.99,0.0506726764555658,0.025976873476409,0.0226424806703397,4333.009999999995,2415.877142857144,0.0009894674077991,0.0173425437931956,0.0012073598482153,0.5277777777777778,0,0,0.0232275036858454
2026-04-14,74131.55,-0.0038564960215676,0.0297884075729601,0.0224404014787938,2242.529999999999,2390.955000000001,0.0014846739035709,0.015909597143752,0.0057334169275738,0.7896825396825397,1,0,0.025877422143776058
2026-04-15,74809.99,0.0091102145487571,0.0285810262777581,0.0223215372575847,1911.0,2403.7942857142866,0.0016508394222548,0.0173921656777106,0.0014206451780823,0.7142857142857143,1,0,0.02905393296665486
2026-04-16,75154.29,0.0045917681856568,0.0276145809190405,0.0211909559875878,2224.909999999989,2352.626428571428,0.0017109520050205,0.0172491380651379,0.0011596091279677,0.6666666666666666,1,0,0.0282590477514243
2026-04-17,77072.0,0.0251968494898715,0.0266325635423588,0.0215308004856991,3803.600000000006,2546.567857142857,0.0017118419837886,0.0172491380651379,0.0008855784814673,0.5595238095238095,0,0,0.027456286125415282
2026-04-18,75691.76,-0.0180707460956828,0.0269139234583261,0.0227923525201623,1974.9199999999985,2631.4178571428574,0.0016765266706209,0.0174165606272616,0.0014763785091797,0.5952380952380952,1,0,0.02430942047499566
2026-04-19,73801.79,-0.0252863177373487,0.0265829099636685,0.0238802913712181,2477.7600000000093,2628.07642857143,0.0015539056602733,0.0189564447489921,0.001942245366904,0.5476190476190477,0,0,0.0271042767782011
2026-04-20,75840.97,0.0272556618945287,0.0268797107112465,0.0244960796955226,2834.3099999999977,2683.9942857142864,0.0014784598276454,0.0207327034821142,0.0009028372348375,0.5912698412698413,1,0,0.024277746826747902
2026-04-21,76336.15,0.0065079658193152,0.0273240694495004,0.0221076041014232,2106.0,2475.209285714286,0.0012910703821064,0.0207327034821142,-0.0024643381234596,0.6309523809523809,1,0,0.02757957366970024
2026-04-22,78178.23,0.0238446062784447,0.0264116795781082,0.0221595024643538,3339.87000000001,2560.2164285714293,0.0012922036912325,0.0223967213703777,-0.0021693466996498,0.5198412698412699,0,0,0.02721355854686492
2026-04-23,78257.48,0.0010131958589205,0.0266003985783879,0.0221893967869773,1702.5,2490.4664285714293,0.0012899316709666,0.0223967213703777,-0.0010141823406525,0.5396825396825397,0,0,0.02405233714703274
2026-04-24,77437.13,-0.0105380345749068,0.0256829626624707,0.0224073947027146,1317.8499999999913,2441.180714285714,0.0012940401698314,0.0205791286757786,-0.0009496008798881,0.4563492063492063,0,0,0.023499515197482418
2026-04-25,77625.0,0.0024231589225074,0.0250799284633112,0.0223958919812479,745.1200000000099,2403.1957142857145,0.0013259385143451,0.0205791286757786,-0.0018339949950148,0.3849206349206349,0,0,0.02291067827798672
2026-04-26,78657.55,0.0132140795576045,0.0243302696706836,0.0198651075489439,1634.4900000000052,2331.990714285715,0.001366176135126,0.0165217467556784,-0.0022526402929849,0.2936507936507936,0,0,0.022283362602410157
2026-04-27,77371.32,-0.0164874505191097,0.0240142501019662,0.0164779133753584,3026.020000000004,2238.634285714287,0.0015404025282728,0.016514893206165,-0.0028654606092803,0.246031746031746,0,0,0.02184941366117972
2026-04-28,76342.77,-0.0133828375927311,0.0239403390309413,0.016962608403593,1811.3999999999944,2207.8392857142867,0.0013962192693385,0.0174810541359737,-0.0033837304185591,0.242063492063492,0,0,0.021692420218564778
2026-04-29,75780.0,-0.0073989261089515,0.0236814538614836,0.0170115142008717,2967.409999999989,2283.297142857143,0.0013630761769631,0.0162413072959555,-0.0027302257166245,0.2261904761904762,0,0,0.021529364316890162
2026-04-30,76346.57,0.007448700376111,0.0231885751363939,0.0170759588746324,1345.4900000000052,2220.48142857143,0.0014301827210722,0.0162413072959555,-0.003411823441994,0.1865079365079365,0,0,0.02119837508183634
2026-05-01,78231.13,0.0243845442125767,0.0227541745459482,0.0169890303649748,2593.699999999997,2134.060000000001,0.0015669339317491,0.0162413072959555,-0.0029287881165225,0.1547619047619047,0,0,0.02084905472756892
2026-05-02,78686.85,0.00580840106708,0.0235425708289492,0.0160951174462164,1159.479999999996,2075.814285714286,0.0015491417612584,0.0158501010194592,-0.001537357634362,0.2222222222222222,0,0,0.02125177689736952
2026-05-03,78568.57,-0.0015043045550342,0.0230201319604453,0.0140282940648365,1362.9199999999985,1996.182857142857,0.0015618601102335,0.0111264871286085,-0.0013101377102383,0.1785714285714285,0,0,0.02107085037626718
2026-05-04,79861.01,0.0163160019963939,0.0224875918385047,0.0129225986201842,2574.9900000000052,1977.6600000000003,0.0015413819197258,0.0111264871286085,-0.0015266582634614,0.1507936507936507,0,0,0.02062607310310282
2026-05-05,80905.52,0.0129943054348018,0.022605758196452,0.0131457811254835,1982.7599999999948,1968.857142857143,0.0013664688263378,0.0111264871286085,-0.0013345808344892,0.1547619047619047,0,0,0.0206375113178712
2026-05-06,81447.01,0.006670570614041,0.0224927541463455,0.0119100646832186,2118.8600000000006,1881.6421428571423,0.0012521647908095,0.0111264871286085,-0.0011886997151381,0.1547619047619047,0,0,0.0205757588878073
2026-05-07,80006.0,-0.0178509928749033,0.0221154695094046,0.013146056875485,2208.320000000007,1917.7721428571424,0.0010408306063242,0.0125010101307541,-0.0010731056269892,0.1309523809523809,0,0,0.02034207450564276
2026-05-08,80193.17,0.0023367172896868,0.0224022858875897,0.012675149421407,1318.520000000004,1917.8200000000008,0.0008648813867269,0.0128576930515032,-0.0003518886583584,0.1547619047619047,0,0,0.02047759113255382
2026-05-09,80678.4,0.0060325323053351,0.0219471241548991,0.0127101690359151,950.1499999999942,1932.4649999999997,0.0007565960515217,0.0128576930515032,-0.0015954466740501,0.123015873015873,0,0,0.02025351289293946
2026-05-10,82210.07,0.0188069191850583,0.0216161893460982,0.0131446320941751,2199.550000000003,1972.826428571428,0.0007474843404853,0.0128576930515032,-0.001403942614347,0.1031746031746031,0,0,0.01999097240765892
2026-05-11,81745.65,-0.005665203289169,0.0220550883534871,0.0121837074669387,1917.0299999999988,1893.612857142856,0.0006928317548165,0.0108338345632642,-0.0004325034850175,0.1349206349206349,0,0,0.02021826301209226
2026-05-12,80504.47,-0.0152998865192248,0.0217013858557601,0.0124020491122354,1944.4100000000035,1903.1135714285713,0.0006419180933129,0.011330013611542,-0.0009043723406919,0.1111111111111111,0,0,0.02005000591345606
2026-05-13,79313.61,-0.0149029701846661,0.0218561044932333,0.0130672059827036,2569.9900000000052,1874.7264285714296,0.0005749080690291,0.012721638691206,-0.0006366496531121,0.1269841269841269,0,0,0.020099718695939982
2026-05-14,81089.99,0.022149784988148,0.0219621598266722,0.0139883237936092,3126.1300000000047,2001.9150000000009,0.0005400581793081,0.012721638691206,-0.0001533096827323,0.1388888888888889,0,0,0.02020027709600332
2026-05-15,79113.21,-0.0246796610139945,0.0226531313953305,0.0146989517602731,3005.449999999997,2031.325714285715,0.0005345374638731,0.0153746876538118,0.0002508455077408,0.1944444444444444,0,0,0.0206485488371983
2026-05-16,78148.05,-0.0122747600818708,0.0234887070274289,0.0150161682263024,1587.770000000004,2061.917857142859,0.0005251602033356,0.0149711907045361,0.0015415828725298,0.2619047619047619,0,0,0.02128213301645734
2026-05-17,77457.67,-0.0088735109479429,0.0232249847636881,0.015182664663142,1864.8300000000015,2097.768571428573,0.0005486595457445,0.0153317230516622,0.0016087954175898,0.238095238095238,0,0,0.02126854805821286
2026-05-18,77001.87,-0.0059018863198048,0.0228372238143967,0.0143710063142338,1749.0,2038.769285714287,0.0005641621924877,0.0144925169667918,0.0007821354609095,0.2063492063492063,0,0,0.02099311948863802
2026-05-19,76834.36,-0.0021777713377915,0.0223979737791902,0.0136586504754564,1269.909999999989,1987.8514285714296,0.0005597502607457,0.0136829458827066,0.0006965879234301,0.1666666666666666,0,0,0.02065095666751412
2026-05-20,77552.23,0.0092997089153481,0.0219416757184502,0.0138290376684604,1336.2999999999884,1931.9542857142856,0.0005674544809213,0.0136829458827066,8.557122521690025e-05,0.1269841269841269,0,0,0.02028635823107012
2026-05-21,77615.52,0.0008157623412063,0.0217267506316426,0.0132256684373003,1480.5299999999988,1879.9692857142852,0.0005863710039476,0.0130688041038662,-0.0002354091950296,0.115079365079365,0,0,0.020072687178985558
2026-05-22,75539.5,-0.0271117089392305,0.0213388977922754,0.0147125413075646,2540.820000000007,1967.276428571428,0.0006350747860055,0.0152803209944737,-0.0013142336030551,0.0912698412698412,0,0,0.01980737187536524
2026-05-23,76752.01,0.0159238767968545,0.0226750453237963,0.0154636822368949,3114.579999999987,2121.8785714285705,0.0006428604334006,0.0152803209944737,-0.0008136617036326,0.1865079365079365,0,0,0.02058117719427778
2026-05-24,77064.96,0.0040691275067175,0.0227398210051583,0.0142799836131729,1435.1499999999942,2067.27857142857,0.00062784690375,0.0152803209944737,-0.0004851637585297,0.1904761904761904,0,0,0.02082097580309498
2026-05-25,77322.01,0.0033299473074173,0.0222709678989902,0.0144307295969501,991.270000000004,2001.152857142856,0.0006232496262771,0.0160829854152602,-0.0005662559154064,0.1507936507936507,0,0,0.02054657193939412
2026-05-26,75930.01,-0.0181666549382146,0.0218437899558118,0.0146228667099933,2402.029999999999,2033.8399999999983,0.0006130349298081,0.0164515963628259,-0.0005541838233783,0.1111111111111111,0,0,0.020210532373487078
2026-05-27,74449.3,-0.0196936381229786,0.022195525566502,0.014945623890411,1930.159999999989,1988.1378571428545,0.0005983618073734,0.0170696406130759,0.0002538498480517,0.1428571428571428,0,0,0.0203475505399012
2026-05-28,73617.51,-0.0112354517544073,0.0226239434598214,0.0128840536264093,2007.949999999997,1908.267857142854,0.0005890227562285,0.0165234393157861,0.0008971928281788,0.1746031746031746,0,0,0.02066813407589284
2026-05-29,73460.78,-0.0021312466894336,0.022413923673779,0.011859886708519,2001.6100000000008,1836.564999999997,0.0005853730850238,0.0143475625730479,0.0010750258815035,0.1587301587301587,0,0,0.020598138204267397
2026-05-30,73884.38,0.0057497805427271,0.0219553384844667,0.0120211332137862,927.7599999999948,1789.421428571425,0.0005057527384071,0.0145859659905517,-0.0007197068393295,0.115079365079365,0,0,0.020272275890680022
2026-05-31,73674.39,-0.0028461899181877,0.0216157317596565,0.0119411180328497,875.6600000000035,1718.7664285714252,0.0004599007870057,0.0142800771685912,-0.0011240892455018,0.0714285714285714,0,0,0.0199766130557939
2026-06-01,71408.9,-0.0312327375457694,0.021258368509498,0.0140528735744708,3405.320000000007,1837.074999999997,0.0004805275281888,0.0179304784654453,-0.0010125993894922,0.0555555555555555,0,0,0.0196706783056988
2026-06-02,66760.83,-0.0673059801266156,0.0231339476331976,0.0216405360361358,5215.899999999994,2118.931428571426,0.000553704205944,0.0297854174404251,0.0012901576773858,0.2301587301587301,0,0,0.02079604377991856
2026-06-03,64142.75,-0.0400054630037924,0.0310182813737565,0.0222546475967572,3423.510000000002,2268.0178571428555,0.002436563908699,0.0310873425599388,0.0088227558072545,0.8253968253968254,1,0,0.0259822976242539
2026-06-04,63885.99,-0.0040109797882657,0.0322484745794034,0.0220512657220275,3380.760000000002,2403.74857142857,0.0034860035040513,0.0295193051507191,0.009624531119582,0.8571428571428571,1,0,0.03161697674764204
2026-06-05,61056.47,-0.0453009148713139,0.0308112032117436,0.0233847739622234,4847.0899999999965,2568.482142857141,0.0039213808627795,0.0316717885386746,0.0083972795379646,0.8134920634920635,1,0,0.03104264192704616
2026-06-06,60884.62,-0.0028185759823866,0.0327711185340265,0.021958668704537,2030.050000000003,2491.0157142857133,0.0045043183782318,0.0302098211949715,0.0108157800495597,0.8849206349206349,1,0,0.0320864055204159
2026-06-07,63332.01,0.0394102908722757,0.0312727310884177,0.026143188956651,3488.6800000000003,2637.696428571428,0.0047566458757324,0.0302098211949715,0.0096569993287612,0.8333333333333334,1,0,0.03149216145305062
2026-06-08,63085.99,-0.0038921721682001,0.0323881227513605,0.0258440764618276,1792.0,2694.8914285714277,0.0049862573214922,0.0289455167327927,0.0111297542418625,0.8571428571428571,1,0,0.0319571136508163
2026-06-09,61730.0,-0.0217286799632301,0.0309364412885605,0.0259000604322268,2746.010000000002,2719.461428571428,0.004959783677491,0.0291493616974725,0.0078024936553629,0.8015873015873016,1,0,0.0311935179731363
2026-06-10,61510.99,-0.0035541783711394,0.0303802683632059,0.0260238370761944,2102.989999999998,2731.806428571429,0.0048432159965851,0.0286080062363317,-0.0006380130105505,0.7738095238095238,1,0,0.030604539417923543
2026-06-11,63625.99,0.0338061766363804,0.0291123777128864,0.0289617765214149,2422.029999999999,2761.3835714285715,0.0046485222679929,0.0296874336342842,-0.0031360968665169,0.7301587301587301,1,0,0.02967110062773184
2026-06-12,63580.01,-0.0007229219062381,0.0299152657286798,0.0289952023407118,1564.6300000000049,2730.170714285715,0.0043860899465179,0.0296812785765426,-0.0008959374830638,0.7619047619047619,1,0,0.02996285543720788
2026-06-13,64458.01,0.0137148912874209,0.0286707221871473,0.0294099121633412,1344.1099999999933,2759.9100000000003,0.0039636958536491,0.0296812785765426,-0.0041003963468791,0.6984126984126984,1,0,0.029350990912288377
2026-06-14,65746.45,0.0197916731525662,0.0278838183197704,0.0304234981998399,2121.1699999999983,2848.875,0.00338062031207,0.0311169736322015,-0.0033889127686473,0.6309523809523809,1,0,0.02859486219186224
2026-06-15,66328.74,0.0088176102228008,0.0275542964146042,0.029963748305707,1938.1499999999944,2744.077142857142,0.0025219029747384,0.0311040843792943,-0.0048338263367562,0.6111111111111112,1,0,0.02813973464876252
2026-06-16,65675.01,-0.0099047995910623,0.0266845452972558,0.0241940349601225,1631.0800000000015,2488.0185714285712,0.0018931909024207,0.0217949705712199,-0.0042518959913047,0.5119047619047619,0,0,0.02749645717835348
2026-06-17,64509.4,-0.0179075382192213,0.0259459266982655,0.0220954160608749,2530.159999999996,2424.2078571428565,0.0021723615713534,0.0182435057995628,-0.0044343416649404,0.4444444444444444,0,0,0.0236303164189593
2026-06-18,62958.01,-0.024342953377447,0.025723464940545,0.0230554776679743,2533.9300000000003,2363.719999999999,0.0022929440006558,0.0199218499670945,-0.0033889127723414,0.4246031746031746,0,0,0.023247358164327
2026-06-19,63543.91,0.0092631667485303,0.026055053518024,0.0193057272039439,1349.5599999999977,2113.896428571428,0.0023999542657481,0.0137829063826575,-0.0038602122106558,0.4563492063492063,0,0,0.0234066265108144
2026-06-20,64298.01,0.0117975190981862,0.0253609219100669,0.0193705636806651,1203.7900000000009,2054.877857142856,0.0023076674172196,0.014695984370162,-0.0033098002770804,0.3928571428571428,0,0,0.02299372394604014
2026-06-21,63311.99,-0.0154539553914663,0.0248506868410808,0.0170429895506734,1318.0,1899.8292857142849,0.0023351646855194,0.0147928548356028,-0.0030331314786896,0.3452380952380952,0,0,0.02254164090464848
2026-06-22,64020.01,0.0111209640477767,0.0246025634015372,0.0172518242890918,2310.840000000004,1936.889285714285,0.0021167421565447,0.0157456544087151,-0.002951733013067,0.3214285714285714,0,0,0.022271400040922318
2026-06-23,62734.57,-0.0202830393828215,0.0241485847683128,0.0171087301001343,2337.3799999999974,1907.7014285714272,0.0020209673459918,0.0154676879007795,-0.002535960528943,0.2896825396825397,0,0,0.02195354646098768
2026-06-24,61077.99,-0.0267610792131911,0.0243449978993126,0.0186543130362424,4136.360000000001,2052.942142857142,0.001863800331327,0.0184323812884215,-0.0016009287989528,0.2976190476190476,0,0,0.02199706113958756
2026-06-25,59794.0,-0.0212462506722914,0.025126738718101,0.0165489673301307,3847.3899999999994,2154.7535714285705,0.0017320922314603,0.0188071526531865,-0.0005967262224439,0.3809523809523809,0,0,0.0225171692308606
2026-06-26,60097.27,0.0050590947420143,0.025267862115968,0.016720049118043,2422.989999999998,2216.0649999999987,0.0013747637230869,0.0201038351397352,-0.0007871914020559,0.4087301587301587,0,0,0.0228018164695808
2026-06-27,60029.0,-0.0011366374291004,0.0245384397403156,0.0159619669749636,1086.0099999999948,2197.6292857142844,0.0011536800935028,0.0188097091149917,-0.0008224821697512,0.3253968253968254,0,0,0.02244307984418936
2026-06-28,59577.01,-0.0075580173873692,0.0238371061373273,0.0142668248660899,1640.010000000002,2163.260714285713,0.001031971549082,0.0179120222902961,-0.0010135807037535,0.2619047619047619,0,0,0.021820291682396378
2026-06-29,60260.21,0.0114022571947227,0.0233315444255878,0.0145025641689611,1880.5599999999977,2159.147142857142,0.0009310053427927,0.0179120222902961,-0.0012710189759494,0.2301587301587301,0,0,0.02136486705535268
2026-06-30,58624.71,-0.0275157385357438,0.0230425181880481,0.0155159360132684,2075.540000000001,2190.894285714285,0.0009290253155013,0.019851044458894,-0.0011060665802647,0.2063492063492063,0,0,0.02112000931282886
2026-07-01,60024.0,0.0235882021843156,0.0241230555665675,0.0173551119117606,3533.8099999999977,2262.583571428571,0.0008709565804345,0.0200807612215897,-0.0002219423327451,0.2976190476190476,0,0,0.021733862539940498
2026-07-02,61560.0,0.0252678267272514,0.0246187288693847,0.018179518875308,2612.0,2268.1599999999994,0.0008088462842357,0.0193955679428186,-0.0005080098487163,0.3531746031746032,0,0,0.022235454121630818
2026-07-03,62583.26,0.0164855212337968,0.0252035895108921,0.0186090198180067,1731.0,2295.4057142857137,0.0007103815581686,0.0193955679428186,-6.427260507589974e-05,0.4246031746031746,0,0,0.02270704570653526
2026-07-04,63144.01,0.0089201605697866,0.0249778151753849,0.0184711371489614,1133.75,2290.4028571428566,0.0006795925946705,0.0193955679428186,0.0004393754350693,0.4007936507936508,0,0,0.02274065590523094
2026-07-05,63650.0,0.0079813342291537,0.0243902625425706,0.0181482315905294,1562.4100000000035,2307.860714285714,0.0006687001895675,0.0199770353720217,0.0005531564052432,0.3253968253968254,0,0,0.022335165525542357
2026-07-06,64042.02,0.0061401054133938,0.0238358889552297,0.0179694179046224,3393.1600000000035,2385.1692857142853,0.000681808925852,0.0199770353720217,0.0005043445296419,0.2698412698412698,0,0,0.02183642937313782
2026-07-07,63363.99,-0.0106437114085373,0.0232888862083862,0.0173037932590628,1642.6100000000006,2335.542857142857,0.0007370401034324,0.0186921487951188,0.000246368020338,0.2341269841269841,0,0,0.021390186525031718
2026-07-08,62290.0,-0.0170948197422191,0.022968765894111,0.0162861297644579,2217.4300000000003,2198.4764285714286,0.0008153928007144,0.0166955885432722,-0.0011542896724564,0.2023809523809523,0,0,0.0211060011364666
2026-07-09,63230.0,0.0149779728044681,0.0230777607145494,0.0152558174017032,1794.7099999999991,2051.8564285714283,0.0008167064030893,0.0156272383562011,-0.0015409681548352,0.2142857142857142,0,0,0.02107682962872964
2026-07-10,64161.72,0.0146278991084596,0.0230251826941672,0.0155194240729783,1766.8199999999997,2004.9871428571428,0.0007753689927847,0.0156272383562011,-0.0021784068167249,0.2103174603174603,0,0,0.021048996016500322
2026-07-11,63819.0,-0.0053558195209024,0.0229569769363608,0.0156810735341492,685.1100000000006,1976.3514285714289,0.0007865057958066,0.0158015553114423,-0.0020208382390241,0.2023809523809523,0,0,0.020994619761816477
2026-07-12,63780.0,-0.0006112900761667,0.0224902407655666,0.0153815442634777,649.2799999999988,1905.5850000000005,0.0008560096820804,0.015438236946182,-0.0019000217770039,0.1547619047619047,0,0,0.02069756085933996
2026-07-13,62334.52,-0.0229242961434898,0.0220134596600615,0.0169191120334232,2600.029999999999,1956.9757142857145,0.0009616522290121,0.016917540964468,-0.0018224292951681,0.1111111111111111,0,0,0.020308394196036902
2026-07-14,65043.98,0.0425482910408412,0.0227728926519143,0.0177269680569506,2827.800000000003,2010.708571428572,0.0009756773442628,0.0138571518468934,-0.0005159935564718,0.1944444444444444,0,0,0.02069149159114858
2026-07-15,64756.28,-0.0044329721857003,0.0260062694476028,0.0173389228685647,1115.0,1837.9364285714291,0.0011706389786594,0.012778592312526,0.0030375035534918,0.5,0,0,0.02278220966856168
2026-07-16,63830.2,-0.0144042517076172,0.0251867365621182,0.0170857059537559,1248.7799999999988,1740.563571428572,0.0012144160146178,0.0130232593912084,0.0021089758475687,0.4285714285714285,0,0,0.02295754353727092
2026-07-17,63931.67,0.0015884241727963,0.024834222547501,0.0166108070850254,1850.4300000000003,1749.094285714286,0.001183516404892,0.0130232593912084,0.0018090398533337,0.3849206349206349,0,0,0.022577073528500597
2026-07-18,64834.22,0.0140186936306765,0.0241038049482567,0.0168397813455684,978.3499999999984,1737.9942857142862,0.0011330046344662,0.0130232593912084,0.0011468280118959,0.3174603174603174,0,0,0.02203681576895402
2026-07-19,64722.54,-0.0017240324265905,0.0238612671167671,0.016769212113763,687.25,1675.4828571428573,0.0011147099254311,0.012197383346454,0.0013710263512005,0.3015873015873015,0,0,0.02173749547006026
2026-07-20,65255.51,0.0082009691191871,0.0232369499102565,0.0168249269572539,2699.0,1625.9,0.0011165182122204,0.012197383346454,0.0012234902501949,0.2539682539682539,0,0,0.0213156923461539
2026-07-21,66556.16,0.0197356154589805,0.0228226812909406,0.0171168739013481,1807.3999999999944,1637.6707142857138,0.0011320327135076,0.0124034597215834,4.978863902629915e-05,0.2063492063492063,0,0,0.020961094374564358
2026-07-22,66114.49,-0.0066581663939206,0.0231622427067795,0.0163610068837033,1186.2200000000012,1564.0128571428563,0.0011258773738722,0.0108826139793497,-0.0028440267408233,0.25,0,0,0.0210660900240677
2026-07-23,65098.97,-0.0154792088703139,0.0227064118136229,0.0168434970084225,1663.1399999999994,1554.6149999999996,0.0011418493197554,0.0115575998612145,-0.0024803247484952,0.1865079365079365,0,0,0.02085800788817374
2026-07-24,64139.99,-0.0148406889207137,0.0227363172567522,0.0169955132390111,2068.8399999999965,1576.1878571428565,0.0011538850301894,0.0119669496905109,-0.0020979052907488,0.1904761904761904,0,0,0.02075358235405132
2026-07-25,64375.0,0.0036573206278536,0.0227197349815625,0.0169486596546781,665.2799999999988,1574.7714285714278,0.0011640468456482,0.0125508274693169,-0.0013840699666941,0.1904761904761904,0,0,0.0207552621889375
2026-07-26,65399.99,0.0157967465740416,0.0222460491083967,0.0174178119305891,1283.1900000000023,1620.0507142857136,0.0011816380022803,0.0134154095074032,-0.0016152180083703,0.1309523809523809,0,0,0.02047640306503802
2026-07-27,63755.86,-0.0254610041753071,0.0223603876354,0.017705521813845,2139.040000000008,1587.1228571428571,0.0011522918476079,0.0140537329341956,-0.0008765622748564,0.1468253968253968,0,0,0.020437246981239998
2026-07-28,63915.0,0.0024929742373505,0.0233281596518742,0.0132594764328258,1357.5299999999988,1482.1035714285713,0.0011354183619876,0.0140537329341956,0.0005054783609336,0.2936507936507936,0,0,0.02105029939112452
2026-07-29,63984.28,0.0010833525689246,0.0227698385506665,0.0132395837462687,1477.4700000000012,1507.9942857142855,0.0008947171225447,0.0150714997224378,-0.000392404156113,0.2142857142857142,0,0,0.0210076735303999
2026-07-30,64780.02,0.0123597942914894,0.0222630903115587,0.0130640366555509,1572.6800000000003,1531.13,0.0007472673295462,0.0152014351693797,-0.0004433215020641,0.1388888888888889,0,0,0.020548598586935224
2026-07-31,62887.88,-0.0296437641449447,0.0221582155001102,0.0154201562175658,2943.5599999999977,1609.2107142857142,0.0005904437813744,0.0184127261639216,-0.0005781017566419,0.1269841269841269,0,0,0.02033637610006612
2026-08-01,62823.64,-0.0010220225734549,0.0236516819640052,0.0147912334210969,875.0,1601.8285714285714,0.0005280824977134,0.0170512481271943,0.0009319469824426,0.3253968253968254,0,0,0.02123292677840312
2026-08-02,63570.0,0.0118102251863163,0.0230462309042278,0.0152630297155292,989.75,1623.435714285714,0.0004479050149631,0.0184039993437028,0.000800181795831,0.2658730158730158,0,0,0.02126986574253668
2026-08-03,63520.0,-0.0007868440094362,0.0228129127412799,0.0150205088346311,1780.0,1557.792857142857,0.0004301098210639,0.0170413877476206,0.0004525251058799,0.2341269841269841,0,0,0.02101749604476794
2026-08-04,64106.56,0.0091918818449574,0.0223000530365962,0.0140861564219892,1227.1500000000017,1516.346428571429,0.0004475392554209,0.0170413877476206,-0.001028106615278,0.1507936507936507,0,0,0.02062673342195772
2026-08-05,64665.23,0.0086769548697454,0.022036354670265,0.0143467213179029,1145.2200000000012,1513.4178571428577,0.0004652708456895,0.018204995169935,-0.0007334838804014,0.115079365079365,0,0,0.020294665202159
2026-08-06,64323.61,-0.0052969047359656,0.0217840508563232,0.0138371169893243,827.0,1453.693571428572,0.0005192292958259,0.0172094082183517,-0.0004790394552355,0.0793650793650793,0,0,0.02008017971379392
2026-08-07,64923.19,0.0092781299214479,0.0214533020884133,0.0134582726644483,1224.989999999998,1393.418571428572,0.0005980275432177,0.0176450352207857,-0.0007049134116969,0.0515873015873015,0,0,0.019803702053047982
2026-08-08,64962.6,0.0006068408439343,0.0212987101751483,0.0134342929600393,408.34999999999854,1375.066428571429,0.0006728618463484,0.0176450352207857,-0.0023529717888568,0.0476190476190476,0,0,0.01965665290508898
2026-08-09,64901.59,-0.0009395970434731,0.0209606690574273,0.012707677019281,744.3799999999974,1336.5800000000002,0.0007745427926917,0.0161122064613445,-0.0020855618468005,0.0119047619047619,0,0,0.01944157943445638
2026-08-10,63970.01,-0.0144577428542156,0.0206643167194414,0.0113118259962736,1584.8700000000026,1296.9964285714284,0.0008888620502798,0.0136527334085008,-0.0021485960218384,0.0039682539682539,0,0,0.019188142031664843
2026-08-11,63600.0,-0.0058009094392339,0.0209067157108054,0.0114015571169428,1277.4300000000003,1291.275,0.0008839499454508,0.0128287251758574,-0.0013933373257907,0.0079365079365079,0,0,0.01930125142648324
2026-08-12,63479.99,-0.0018887322178127,0.0206960278448315,0.0114004270121131,1189.6600000000035,1270.717142857143,0.0009194364049559,0.0120187386861848,-0.0013403268254335,0.0079365079365079,0,0,0.019178325506898897
2026-08-13,63490.86,0.0001712204025832,0.0204382683428145,0.0107863235126234,1207.7300000000032,1244.649285714286,0.0009848353082718,0.0120187386861848,-0.0013457825135086,0.0039682539682539,0,0,0.0190171490056887
2026-08-14,63043.56,-0.0070700424944938,0.0202033650482252,0.0074013494742364,1082.2099999999991,1111.6957142857148,0.0010553710691962,0.0063917269286868,-0.0012499370401881,0.0039682539682539,0,0,0.01886700422893512
2026-08-15,63086.01,0.0006731173602325,0.0201217175853775,0.0073940944835038,267.9800000000032,1068.3371428571434,0.0009401750156424,0.0068221158731474,-0.0011769925897707,0.0039682539682539,0,0,0.0187761913512265
2026-08-16,62900.0,-0.0029528696901905,0.0199269960891713,0.006640226993116,674.0,1045.783571428572,0.0008711105762737,0.0064663387468663,-0.0010336729682559,0.0039682539682539,0,0,0.01865776685350278
2026-08-17,64532.1,0.0256166107150956,0.0197774657021969,0.0096833128183616,1858.9100000000035,1051.4200000000008,0.0007898370386958,0.0069064066615054,-0.0008868510172445,0.0039682539682539,0,0,0.01856373342131814
2026-08-18,64725.42,0.0029912401869456,0.0212278371711464,0.00942451157263,1030.9599999999991,1037.4064285714292,0.0006889381246292,0.0069064066615054,0.0003211214603409,0.0753968253968253,0,0,0.01943613190268784
2026-08-19,69334.79,0.0687927858194576,0.0209187098053028,0.0205148955742326,5834.0,1372.3192857142865,0.000595740534419,0.0069064066615054,0.0002226819604713,0.0396825396825396,0,0,0.01938055788318168
2026-08-20,73025.15,0.0518571019348641,0.0299618126446578,0.0237449383599597,4497.779999999999,1634.5178571428576,0.0025384357105292,0.0071394674292124,0.0095235443018432,0.8134920634920635,1,0,0.02476588838679468
2026-08-21,78338.03,0.0702292787627225,0.0330568980521024,0.0288305882778155,6474.850000000006,2009.5078571428585,0.0040360043525248,0.0071394674292124,0.0128535330038772,0.8968253968253969,1,0,0.03159709003126144
2026-08-22,77074.93,-0.0162551155599732,0.0385453255328937,0.0297446033891133,2328.149999999994,2146.6364285714294,0.0059384701771259,0.0090242589953397,0.0184236079475162,0.9563492063492064,2,0,0.035479863319736224
2026-08-23,77734.0,0.0085146765352739,0.0368867691750942,0.0295295966388938,2507.1800000000076,2272.550714285716,0.0068876538204683,0.0097397630900405,0.0169597730859229,0.9444444444444444,2,0,0.039222428305056525
2026-08-24,78992.75,0.0160633340030198,0.0351143284976535,0.0284628859948505,3329.9900000000052,2397.2021428571447,0.0073331087060419,0.0084870675956077,0.0153368627954566,0.9285714285714286,2,0,0.0382675994985921
2026-08-25,78539.14,-0.0057589768483676,0.0337768247755469,0.0284605231972729,3421.6199999999953,2550.3585714285728,0.007510025257607,0.0084813542064921,0.0125489876044005,0.9047619047619048,1,0,0.03737517766532814
2026-08-26,79023.75,0.0061513409419617,0.032226301655795,0.0281716446644476,1619.020000000004,2581.027142857144,0.0074595683988526,0.0094352998957281,0.0113075918504922,0.8412698412698413,1,0,0.032021936993477
2026-08-27,80249.58,0.0153930881541732,0.0308263106205398,0.0278200664220691,2302.6100000000006,2659.2328571428584,0.0072380215501697,0.0094352998957281,0.0008644979758819,0.8055555555555556,1,0,0.030796735172323883
2026-08-28,77845.87,-0.0304106822174023,0.0298929818028079,0.0299722989464267,4590.869999999995,2909.8514285714296,0.0068856373859794,0.0175422606050587,-0.0031639162492945,0.7777777777777778,1,0,0.03002992748168474
2026-08-29,78230.0,0.0049223595628227,0.0302175514189315,0.0298365591204785,947.6300000000048,2958.3978571428584,0.0064278708054021,0.0175422606050587,-0.0083277741139622,0.7857142857142857,1,0,0.0302287700513589
2026-08-30,77682.0,-0.0070296353924241,0.0289851345974072,0.0300482654150165,2400.0,3081.6835714285726,0.0058225224513122,0.0178298903732353,-0.007901634577687,0.746031746031746,1,0,0.02950438835844432
2026-08-31,78581.29,0.0115100600819406,0.0279174721171538,0.0299038225832626,1858.0,3081.618571428572,0.0050701409875065,0.0178298903732353,-0.0071968563804997,0.7063492063492064,1,0,0.02870738207029228
2026-09-01,77439.0,-0.0146431007247009,0.0271108104474287,0.0307653275413649,2800.6100000000006,3208.0221428571435,0.004429595638843,0.0172397236736561,-0.0066660143281182,0.6468253968253969,1,0,0.02804165666845722
2026-09-02,77340.01,-0.0012791141834647,0.0265458734247688,0.0263383991384262,1528.0,2900.450714285715,0.0036147860203867,0.0157463037716498,-0.0056804282310261,0.6031746031746031,0,0,0.02745801725486128
2026-09-03,81270.37,0.0495700820018925,0.0256351845828774,0.0260496648810091,5332.0,2960.0378571428582,0.0039281972059898,0.0157463037716498,-0.0051911260376623,0.5555555555555556,0,0,0.02367533994972644
2026-09-04,79660.77,-0.0200042536926066,0.0293432560645745,0.019781579226943,2767.75,2695.2450000000003,0.0039182105727022,0.016422313481587,-0.0005497257382333,0.753968253968254,1,0,0.025733641638744698
2026-09-05,79831.75,0.0021440512131718,0.0288531457323767,0.0191335748647569,758.0,2583.0914285714293,0.0032722238127329,0.0164500145832991,-0.0013644056865547,0.7380952380952381,1,0,0.029131314239426023
2026-09-06,80341.83,0.0063691118636004,0.0277180936156834,0.0190903251948879,1326.9900000000052,2498.7921428571435,0.0027080498550734,0.0164500145832991,-0.0012670409817238,0.6865079365079365,1,0,0.02844260016941004
2026-09-07,79112.01,-0.015425710493643,0.0267619916773545,0.0192058899067982,1763.9900000000052,2386.935000000001,0.0022823230972432,0.0163076249605523,-0.0011554804397992,0.623015873015873,0,0,0.0276313010064127
2026-09-08,78455.8,-0.0083292874835372,0.0262818826960549,0.0192784334696665,1864.9900000000052,2275.7471428571444,0.0019229827524649,0.0164654687956409,-0.0008289277513738,0.5753968253968254,0,0,0.024070880817632943
2026-09-09,78306.43,-0.0019056892110427,0.0255309737922576,0.0191983327985455,1990.0,2302.2457142857156,0.0017352856274476,0.0154167655897349,-0.0010148996325112,0.5277777777777778,0,0,0.02343383267535456
2026-09-10,76568.72,-0.0224410814206592,0.0247291868458818,0.0194276023696457,2100.3899999999994,2287.80142857143,0.0017291669132383,0.0163469855369909,-0.0009059977369956,0.4603174603174603,0,0,0.022820170107529077
2026-09-11,77225.7,0.0085436649301904,0.0250297428687581,0.0179908031147439,3843.4199999999983,2234.4121428571443,0.0017079094091801,0.0136024162945021,-0.0043135131958163,0.492063492063492,0,0,0.022839499321254862
2026-09-12,77278.73,0.0006864528361081,0.0244229481035574,0.0179268100908262,445.91999999999825,2198.575714285715,0.0016175189527002,0.0136024162945021,-0.0044301976288193,0.4325396825396825,0,0,0.022514171662134437
2026-09-13,76842.01,-0.0056672602126699,0.023732309881344,0.0178944928763462,950.0,2095.0042857142867,0.0016739395306986,0.0135227026559005,-0.0039857837343393,0.3611111111111111,0,0,0.0219543415288064
2026-09-14,78189.21,0.0173801626824268,0.0231849673073542,0.018269377127003,3211.279999999999,2191.6671428571435,0.0018159467714875,0.0135227026559005,-0.0035770243700003,0.3095238095238095,0,0,0.021452289584412518
2026-09-15,75644.48,-0.033087188533484,0.0232855592610869,0.0199651138933594,3282.4900000000052,2226.087142857144,0.0019303210348104,0.0171145024145305,-0.002996323434968,0.3214285714285714,0,0,0.02140631595665214
2026-09-16,76206.01,0.0073958610154036,0.025007657442183,0.020112412137523,1495.9399999999878,2223.797142857143,0.0019277417058717,0.0182897840730885,-0.0005233163500745,0.4880952380952381,0,0,0.0224954008653098
2026-09-17,76417.01,0.0027649843965491,0.0243658824874012,0.0140159933103967,1179.4700000000012,1927.1878571428576,0.001959585882741,0.0182897840730885,-0.0003633043584805,0.4166666666666667,0,0,0.02251357909244072
2026-09-18,80883.87,0.0568091068621523,0.0236965045462826,0.0208200644788758,5104.0,2094.0628571428574,0.0016900280109959,0.0179881592734557,-0.0013332383224755,0.3492063492063492,0,0,0.02192108632776956
2026-09-19,81249.99,0.0045162759007233,0.0292395869289923,0.020838961696441,1106.4199999999985,2118.9500000000003,0.001756387182931,0.0179881592734557,0.0048166388254349,0.75,1,0,0.025097918157395382
2026-09-20,81178.0,-0.000886423635654,0.0280951185212312,0.0207922367474843,1371.290000000008,2122.1142857142863,0.0018000923506442,0.0166571691607338,0.0043628086398871,0.6984126984126984,1,0,0.02857049711273872
2026-09-21,86620.0,0.0648864612892179,0.0270274056645404,0.0263306104093862,6545.449999999997,2463.6471428571426,0.0018186530772486,0.0168536664997631,0.0038424383571862,0.623015873015873,1,0,0.027794757398724237
2026-09-22,86208.56,-0.0047612591028283,0.0331596202529951,0.0261931914954072,1603.6000000000058,2444.9764285714286,0.0027871757421768,0.0166211161136082,0.0098740609919081,0.8809523809523809,1,0,0.031217428551797058
2026-09-23,84397.6,-0.0212305115050082,0.0316490702593471,0.0271741699333774,3778.529999999999,2572.7285714285713,0.0031992717393473,0.0187290859919692,0.0066414128171641,0.8293650793650794,1,0,0.031442204155608264
2026-09-24,84410.24,0.0001497560779597,0.0309757674309627,0.0260441590405623,2067.520000000004,2570.3807142857145,0.0034089544633139,0.0178945233925848,0.0066098849435615,0.8015873015873016,1,0,0.03087827925857762
2026-09-25,84099.99,-0.003682273183772,0.0296302894310161,0.0261916826217575,2072.0,2443.8507142857147,0.0034637404728442,0.0164044149191548,0.0059337848847334,0.7420634920634921,1,0,0.02993521285860966
2026-09-26,84433.1,0.0039530567413539,0.0284358458993789,0.0261543561779049,675.5800000000017,2460.255000000001,0.0034029397428042,0.0164044149191548,-0.0008037410296134,0.6865079365079365,1,0,0.028914783539627342
2026-09-27,84472.0,0.0004606136900271,0.027361720995933,0.0259889875045973,1027.0299999999988,2465.757142857143,0.0032491998478228,0.017790509462748,-0.0007333975252982,0.6309523809523809,1,0,0.0280020105975598
2026-09-28,83500.01,-0.01157336688693,0.0263658187244229,0.0262299314391729,2436.0,2410.380000000001,0.0030272709104136,0.0169137712915645,-0.0006615869401174,0.5396825396825397,0,0,0.027187120834653737
2026-09-29,83663.66,0.0019579619456884,0.0257314246582174,0.023917272938182,1788.050000000003,2303.634285714286,0.0028137607328786,0.011150712181469,-0.0074281955947776,0.503968253968254,0,0,0.02353735439493044
2026-09-30,83623.6,-0.0004789366597997,0.0249090928428166,0.024004680319917,2693.8399999999965,2389.1985714285724,0.002821693771807,0.010181038675678,-0.0067399774165305,0.4404761904761904,0,0,0.022828835705689957
2026-10-01,85045.59,0.0168616887424946,0.0241659651258732,0.0241252246552239,1892.8500000000056,2440.154285714287,0.0028414085350429,0.010181038675678,-0.0068098023050895,0.369047619047619,0,0,0.022229095875523918
