date,Close,log_return,garch_vol,realized_vol,tr,atr,vov,downside_vol,vol_momentum,vol_rank,vol_regime,crash_flag,lstm_volatility
2018-09-10,6312.0,0.0097415281926185,0.0339952475154288,0.0309441947950557,152.97999999999956,286.3735714285714,0.0049335117994139,0.0399277960708622,0.0081347674026371,0.2936507936507936,1,0,
2018-09-11,6294.91,-0.0027112132106275,0.0325214427620802,0.0297255807371434,234.3199999999997,283.4678571428571,0.0049638493245159,0.0373613318997864,0.0074459937289592,0.2261904761904762,1,0,
2018-09-12,6338.62,0.0069197088084482,0.0310467394031256,0.0300047500054478,167.6300000000001,279.6221428571428,0.0049467790272753,0.0398684467833132,0.0063800200652421,0.1309523809523809,1,0,
2018-09-13,6487.38,0.0231976720697115,0.0297765564432647,0.0311030978984208,197.60000000000036,273.82071428571425,0.0048880875471046,0.0429780011152402,-0.0083182432661544,0.0992063492063492,1,0,
2018-09-14,6476.63,-0.0016584378543225,0.0294706395047802,0.0310153877982664,199.3699999999999,273.7042857142857,0.004775409012097,0.0397948343655774,-0.0077016461081091,0.0952380952380952,1,0,
2018-09-15,6514.96,0.0059007575235092,0.0282741350880302,0.0298321185369791,99.31999999999972,261.7799999999999,0.004622720262763,0.0397948343655774,-0.0074887338079508,0.0634920634920634,1,0,
2018-09-16,6505.0,-0.0015299589158246,0.0272526224870477,0.0292649965633946,154.6199999999999,257.2207142857142,0.00456072081719,0.0372285889296961,-0.0083390832026333,0.0436507936507936,1,0,
2018-09-17,6248.69,-0.0401992701853082,0.0262731311057985,0.030456740572814,332.84000000000015,270.52,0.0045258710763444,0.0398043015902107,-0.0077221164096303,0.0317460317460317,0,0,
2018-09-18,6336.45,0.0139468329382435,0.0283844798128836,0.0305063463598652,165.02000000000044,269.2478571428572,0.0042678002657212,0.0398043015902107,-0.0041369629491966,0.0833333333333333,1,0,
2018-09-19,6391.89,0.0087113245872298,0.0276414138991598,0.0192387130396041,394.6999999999998,246.34785714285712,0.0039758975820776,0.0235189548911518,-0.0034053255039658,0.0555555555555555,1,0,
2018-09-20,6492.0,0.0155406503477113,0.0267603827519552,0.0184706614195481,215.0,228.84785714285712,0.0036764844783173,0.0227179367015249,-0.0030161736913094,0.0436507936507936,0,0,
2018-09-21,6759.02,0.0403072594790998,0.0262880921344752,0.0205581692275086,293.8599999999997,233.8378571428571,0.0033399663185722,0.023445177723949,-0.0031825473703049,0.0357142857142857,0,0,
2018-09-22,6723.05,-0.005335988516169,0.0284117470023885,0.0178113163775801,212.02999999999977,222.7685714285714,0.002901764889157,0.0182038235783054,0.0001376119143583,0.0992063492063492,1,0,
2018-09-23,6708.0,-0.0022410766543128,0.0273648989704167,0.0178849198008828,126.47999999999956,210.41214285714275,0.0023293616902118,0.0166429083442009,0.0001122764833689,0.0595238095238095,1,0,
2018-09-24,6581.39,-0.0190548747324665,0.0263792118524813,0.0189283362681631,173.0,211.8421428571428,0.0018718164142335,0.0170084291707327,0.0001060807466828,0.0436507936507936,0,0,
2018-09-25,6447.54,-0.0205473065193562,0.0261843116681263,0.0199157317226814,258.9899999999998,213.60428571428565,0.0014939406343586,0.0186694852944497,-0.0022001681447573,0.0277777777777777,0,0,
2018-09-26,6465.12,0.0027229108273374,0.0261271114365245,0.0198628180298257,178.28999999999996,214.3657142857142,0.0012328626000721,0.0186694852944497,-0.0015143024626353,0.0277777777777777,0,0,
2018-09-27,6689.13,0.0340622473040461,0.0252721331023642,0.0209613443769023,316.0,222.82285714285703,0.0011709994265779,0.0186694852944497,-0.0014882496495909,0.0158730158730158,0,0,
2018-09-28,6634.58,-0.0081884557381464,0.0267487992188601,0.021125516733476,273.9200000000001,228.14785714285705,0.0009634248578267,0.0189138957208588,0.0004607070843848,0.0634920634920634,0,0,
2018-09-29,6596.38,-0.0057743513913202,0.0259448215772441,0.0211782041809825,171.4300000000003,233.2985714285714,0.0009180549841339,0.0178097280066509,-0.0024669254251444,0.0317460317460317,0,0,
2018-09-30,6626.57,0.0045663112177116,0.0251601622054365,0.0211873541040888,129.0,231.46857142857135,0.0010030073987467,0.0190306163817412,-0.0022047367649801,0.0119047619047619,0,0,
2018-10-01,6611.61,-0.0022601303756584,0.0244338420216588,0.0175886987104812,157.09000000000017,218.91499999999996,0.0011623628589757,0.0114908496824122,-0.0019453698308225,0.0039682539682539,0,0,
2018-10-02,6525.79,-0.0130651758761377,0.0237529937285537,0.0178963475339781,146.0,217.5564285714285,0.0012432532048039,0.0116992318425237,-0.0024313179395725,0.0039682539682539,0,0,
2018-10-03,6510.0,-0.0024225624564948,0.0235002340973555,0.0178273529757823,119.0,197.86357142857136,0.0013554634276756,0.0110596615102743,-0.0026268773391689,0.0039682539682539,0,0,
2018-10-04,6593.79,0.0127888407881737,0.0229231488700025,0.0176728565525563,138.3699999999999,192.38999999999993,0.0015393705236384,0.0110596615102743,-0.0023489842323616,0.0039682539682539,0,0,
2018-10-05,6635.65,0.0063283313125719,0.0227586832144033,0.0137804503267255,153.92000000000007,182.39428571428567,0.0016998095676906,0.0110596615102743,-0.0039901160044568,0.0039682539682539,0,0,
2018-10-06,6594.27,-0.0062555381951305,0.0223412039811028,0.0138032583523394,84.22999999999956,173.26571428571424,0.0016328772661607,0.0111130753777432,-0.0036036175961412,0.0039682539682539,0,0,
2018-10-07,6615.26,0.0031780112791537,0.0219706556704603,0.0138531911529046,115.0,172.44571428571427,0.0016481535966598,0.0117605355670571,-0.0031895065349762,0.0039682539682539,0,0,
2018-10-08,6673.01,0.0086919310914517,0.0215772067653377,0.013031012687714,128.60000000000036,169.27428571428572,0.0017324656521907,0.0103052921461474,-0.002856635256321,0.0039682539682539,0,0,
2018-10-09,6656.61,-0.0024606865424718,0.021383213082105,0.0115434650065689,78.38000000000011,156.37357142857147,0.0017823322359456,0.0068374650334134,-0.0023697806464486,0.0039682539682539,0,0,
2018-10-10,6631.0,-0.0038547235674961,0.0210496123764224,0.0116573221236571,129.94999999999982,152.9207142857143,0.0017997529875572,0.0065394513374964,-0.0024506217209331,0.0039682539682539,0,0,0.015772562
2018-10-11,6252.68,-0.0587454505468674,0.0207770966135593,0.017047566523619,428.9200000000001,160.9864285714286,0.0018568221167245,0.0205295000488952,-0.0021460522564432,0.0039682539682539,0,0,0.015839752
2018-10-12,6298.01,0.0072235386433625,0.0276471295083377,0.0173088989226792,151.0,152.2064285714286,0.002000153382395,0.0215815098607081,0.0048884462939344,0.1428571428571428,1,0,0.016723718
2018-10-13,6332.93,0.0055292937766537,0.0267213145905451,0.0174685357072319,59.93000000000029,144.24214285714288,0.0020899747865551,0.0229681438050689,0.0043801106094422,0.1111111111111111,0,0,0.020907056
2018-10-14,6339.34,0.0010116578240033,0.0258500043095853,0.0173770828349542,108.0,142.74214285714288,0.0021449818341636,0.0229681438050689,0.003879348639125,0.0753968253968253,0,0,0.01775847
2018-10-15,6752.5,0.0631381446007512,0.025011052348251,0.0248307143284379,1380.0,230.09285714285716,0.002173096222395,0.0247912660011455,0.0034338455829132,0.0515873015873015,0,0,0.016629364
2018-10-16,6759.27,0.0010020893734168,0.0313984677404131,0.0244778291031705,230.0,236.09285714285716,0.003056312968623,0.0265214720517655,0.010015254658308,0.2857142857142857,1,0,0.018729936
2018-10-17,6740.89,-0.0027229323735902,0.0300169524802434,0.0244826171392387,135.10999999999967,237.2435714285714,0.0034570979594916,0.0265272989609512,0.008967340103821,0.2301587301587301,1,0,0.024416532
2018-10-18,6618.96,-0.0182537057748781,0.0287763013965145,0.0248805633435657,229.0,243.71714285714285,0.0036166216250095,0.025336685278249,0.0079992047829552,0.2023809523809523,1,0,0.024393912
2018-10-19,6528.88,-0.0137028454114407,0.0282364414286392,0.0250806603582422,125.14000000000031,241.6614285714286,0.003673988816778,0.0240221733812269,0.0005893119203015,0.1706349206349206,1,0,0.024184417
2018-10-20,6588.4,0.0090751144282421,0.027497382927747,0.0251755038931442,112.09999999999944,243.65214285714288,0.0036237962480307,0.0258209280093795,0.0007760683372019,0.1468253968253968,1,0,0.023675825
2018-10-21,6590.11,0.0002595134062346,0.0266434964767888,0.0251586746623734,83.89999999999964,241.43071428571423,0.0034795774427856,0.0258209280093795,0.0007934921672034,0.119047619047619,0,0,0.023588624
2018-10-22,6581.2,-0.0013529408022598,0.0257212003987399,0.0250262532708388,103.72999999999956,239.65428571428563,0.0032525050605752,0.0239110028122374,0.0007101480504888,0.0753968253968253,0,0,0.018640261
2018-10-23,6553.51,-0.0042163155518704,0.0248972403823838,0.0250385873608436,79.55000000000018,239.73785714285708,0.0029764884577168,0.0239459949737511,-0.0065012273580292,0.0515873015873015,0,0,0.018179607
2018-10-24,6565.5,0.0018278823384338,0.024192818567538,0.0250368170206851,82.47000000000025,236.34642857142853,0.0026373581619705,0.0258167123946182,-0.0058241339127053,0.0436507936507936,0,0,0.017979871
2018-10-25,6528.09,-0.005714261985446,0.0235343263490372,0.0188208148168337,72.28999999999996,210.8728571428571,0.002235791957784,0.0098373494336845,-0.0052419750474772,0.0396825396825396,0,0,0.017954241
2018-10-26,6538.63,0.0016132590712825,0.0230115521293452,0.0187854720112278,84.98999999999978,206.15785714285707,0.0024449160811047,0.0098373494336845,-0.005224889299294,0.0357142857142857,0,0,0.01734547
2018-10-27,6505.6,-0.0050643189508683,0.0224818492626598,0.0188749365763338,95.3100000000004,208.68499999999997,0.0026722182257718,0.0093065874497476,-0.0050155336650872,0.0277777777777777,0,0,0.017352533
2018-10-28,6489.93,-0.0024115996184033,0.0220642818879168,0.0189097707087377,61.17000000000007,205.33999999999995,0.0028961701247853,0.008747169559621,-0.0045792145888719,0.0238095238095238,0,0,0.017370846
2018-10-29,6344.5,-0.0226634489786548,0.0216500391468422,0.0084927821102044,190.01000000000025,120.34071428571426,0.0031123898001037,0.011183995122228,-0.0040711612518976,0.0198412698412698,0,0,0.017269235
2018-10-30,6330.87,-0.0021506283845695,0.0224420529305306,0.0083780681728224,77.98999999999978,109.4828571428571,0.0027561808827949,0.0106318433232186,-0.0024551874518531,0.0357142857142857,0,0,0.012675237
2018-10-31,6371.93,0.0064647389553655,0.0219815001749236,0.0088872673589682,182.97999999999956,112.9021428571428,0.0024717297981031,0.0111701316205492,-0.0022113183926143,0.0277777777777777,0,0,0.014100712
2018-11-01,6410.0,0.0059568645069507,0.0216598424906173,0.0082363654019412,93.98999999999978,103.25857142857136,0.0022483805149437,0.0099357233585917,-0.0018744838584199,0.0238095238095238,0,0,0.014975216
2018-11-02,6433.98,0.0037340493932571,0.0213622588598597,0.0076774204450347,72.14000000000033,99.47285714285708,0.0019877798933332,0.0092734707395258,-0.0016492932694854,0.0119047619047619,0,0,0.013664167
2018-11-03,6387.09,-0.0073145547230701,0.0210498408356615,0.0072532817849494,94.97000000000024,98.2492857142857,0.0017220329650621,0.0090518197596855,-0.0014320084269982,0.0119047619047619,0,0,0.013880115
2018-11-04,6485.85,0.0153441152804276,0.0208698009574251,0.0086376823555176,166.0,104.11357142857145,0.0014676710039002,0.0090518197596855,-0.0011944809304917,0.0079365079365079,0,0,0.014091607
2018-11-05,6468.99,-0.0026028896565168,0.0211457198336091,0.0086465183361517,73.36999999999989,101.94500000000004,0.001215901597068,0.0090858964434189,-0.0005043193132331,0.0198412698412698,0,0,0.01499192
2018-11-06,6519.11,0.0077178723270083,0.0208422333678438,0.0089134459339395,86.13000000000011,102.41500000000003,0.0010193228084053,0.0095816103374515,-0.0015998195626868,0.0079365079365079,0,0,0.014457878
2018-11-07,6578.46,0.0090628118381168,0.0207029141560438,0.0092542623169203,106.14999999999964,104.10642857142857,0.0008617919005593,0.0095816103374515,-0.0012785860188798,0.0039682539682539,0,0,0.014694925
2018-11-08,6479.84,-0.0151048566904794,0.0206359173066675,0.0100199355169421,125.77999999999976,107.92714285714284,0.000746050645978,0.0109424122582919,-0.0010239251839497,0.0039682539682539,0,0,0.014888149
2018-11-09,6419.99,-0.0092792586330645,0.0209283678957728,0.0102607234240627,120.51999999999953,110.46499999999996,0.0006346087689374,0.0107486007402837,-0.0004338909640868,0.0238095238095238,0,0,0.015318852
2018-11-10,6433.05,0.0020322047538421,0.0208417032293252,0.0102361378117748,64.55000000000018,108.26785714285708,0.000570787041143,0.0113301873427715,-0.0002081376063362,0.0158730158730158,0,0,0.015521523
2018-11-11,6449.81,0.0026019081873638,0.0205685428457822,0.0102631211226285,107.14000000000031,111.55142857142852,0.000556185157546,0.0121983346119912,-0.0003012581116428,0.0039682539682539,0,0,0.015134495
2018-11-12,6453.07,0.0005053135531554,0.0203351518819628,0.0080293554531276,76.0,103.40785714285708,0.0005831594437662,0.0087082062932446,-0.0008105679516462,0.0039682539682539,0,0,0.0156139545
2018-11-13,6457.66,0.0007110365089157,0.020114420835425,0.0079733981779036,106.85000000000036,105.46928571428568,0.0004955872202778,0.00967650610732,-0.0007278125324187,0.0039682539682539,0,0,0.01432566
2018-11-14,5922.41,-0.086523562421549,0.0199216430985387,0.0246776038902587,825.9700000000003,151.39714285714288,0.0004646177708893,0.0396506391774349,-0.000781271057505,0.0039682539682539,0,0,0.0152301155
2018-11-15,5753.4,-0.0289524762444326,0.0337114292548054,0.025218523213889,536.1199999999999,182.9778571428572,0.0034948229297066,0.0380769217430981,0.0130755119481379,0.5436507936507936,1,0,0.019703742
2018-11-16,5655.94,-0.0170846640712269,0.0333928992391172,0.0251047634232866,233.64000000000033,194.51357142857145,0.0046934833458344,0.0358389205095059,0.0124645313433444,0.5158730158730159,1,0,0.028037917
2018-11-17,5628.29,-0.0049006543357936,0.0322812771611447,0.0251270344256601,91.17000000000009,194.24214285714288,0.0053409669382398,0.0357801047373875,0.0114395739318194,0.4563492063492063,1,0,0.028472137
2018-11-18,5662.0,0.0059715206911761,0.0308555425640205,0.0245456944630444,121.17000000000009,191.04,0.0056484418828822,0.0357801047373875,0.0102869997182383,0.373015873015873,1,0,0.02754907
2018-11-19,4910.03,-0.142497134922312,0.029583114540095,0.0429832665897128,809.0,243.58500000000004,0.0057670691415486,0.0646531069760904,0.0092479626581322,0.3373015873015873,1,1,0.026627999
2018-11-20,4558.86,-0.0742074594963106,0.0531903810885288,0.0445135334673182,722.2399999999998,289.0214285714286,0.0094439959106634,0.0659231718902097,0.0330759602531037,0.988095238095238,2,1,0.04438586
2018-11-21,4661.07,0.0221724432431749,0.0552132563590146,0.0454261484509178,373.34999999999945,308.10714285714283,0.0118819236422861,0.0659231718902097,0.0352916132604759,0.996031746031746,2,1,0.061657052
2018-11-22,4370.0,-0.0644820264067629,0.0523326206099946,0.0465346228336252,386.7700000000005,326.74928571428575,0.0130466434362975,0.0695491658562592,0.0186211913551892,0.984126984126984,2,1,0.06226204
2018-11-23,4420.61,0.0115146865095105,0.0532497978403815,0.047504595362912,261.0600000000004,336.78785714285726,0.0138369222826251,0.074268419677384,0.0198568986012643,0.992063492063492,2,1,0.061328944
2018-11-24,3932.44,-0.1170175972529126,0.050181906660059,0.052379937092801,702.31,382.3421428571429,0.0139171192070338,0.0808576721749992,0.0179006294989143,0.9682539682539684,2,1,0.061383527
2018-11-25,4085.78,0.0382525541931375,0.0599576862511156,0.0551501084617491,580.3400000000001,416.14214285714297,0.0145117869877591,0.0808576721749992,0.029102143687095,1.0,2,1,0.06093731
2018-11-26,3862.2,-0.0562756832527462,0.0575277218312508,0.0546127014742197,505.0,446.78500000000014,0.0142578167910911,0.0785073653459347,0.0279446072911558,0.996031746031746,2,0,0.06120686
2018-11-27,3875.21,0.0033628855807936,0.0568480815227919,0.0547567191083767,250.8800000000001,457.0728571428572,0.0133642788117055,0.0785073653459347,0.0036577004342631,0.992063492063492,2,0,0.04847875
2018-11-28,4264.85,0.095807155451606,0.0533825474406844,0.0630002615958822,520.2000000000003,435.23214285714295,0.0115671945503383,0.0774470229156074,-0.0018307089183301,0.98015873015873,2,0,0.047735166
2018-11-29,4295.84,0.0072401022282448,0.0585863655652636,0.0634978240725138,324.7300000000005,420.1328571428572,0.0113517819172263,0.08206799009466,0.006253744955269,0.996031746031746,2,0,0.047263753
2018-11-30,4041.32,-0.0610757412843021,0.0550255439009597,0.0643785845190242,398.3599999999997,431.8985714285715,0.010610658362589,0.0850079369523314,0.0017757460605781,0.98015873015873,2,0,0.047809597
2018-12-01,4190.02,0.0361341359115137,0.0551690604890226,0.0662232082127653,336.97999999999956,449.4564285714286,0.0093841138031398,0.091797266663485,0.0049871538289636,0.98015873015873,2,0,0.04756054
2018-12-02,4161.01,-0.0069476739259819,0.0530624931482855,0.0659065338406247,209.94999999999985,455.79785714285714,0.0072615679859818,0.0850283139181159,-0.00689519310283,0.9563492063492064,2,0,0.047788586
2018-12-03,3884.01,-0.0688897081753037,0.0499254342936969,0.0580185716610042,352.0,423.155,0.00295128110484,0.0707602164311825,-0.0076022875375539,0.9365079365079364,2,0,0.046854537
2018-12-04,3951.64,0.0172625575279248,0.0517752354635148,0.0561705699690713,304.0,393.2807142857143,0.0030246292678229,0.0701692128130493,-0.0050728460592771,0.9484126984126984,2,1,0.04560655
2018-12-05,3769.84,-0.0470981223779816,0.0489939783145271,0.0561495780390817,225.0,382.68428571428575,0.0033431498213526,0.0673588934549735,-0.0043885691261573,0.9206349206349206,2,1,0.05863486
2018-12-06,3508.75,-0.0717727115470463,0.0484643206710106,0.0566735898663699,399.9899999999998,383.62857142857143,0.0036384846888937,0.0684041916903201,-0.010122044894253,0.9166666666666666,2,1,0.05852906
2018-12-07,3403.55,-0.030440844136482,0.0509551979461351,0.0562325832175368,325.3899999999999,388.22357142857135,0.0037124673431862,0.0648850705838638,-0.0040703459548245,0.9404761904761904,2,1,0.0583799
2018-12-08,3410.93,0.0021659768273583,0.0488878725927005,0.0487189341563184,273.0,357.5585714285714,0.0038176906938487,0.0534354898259028,-0.0062811878963221,0.9206349206349206,2,1,0.05854514
2018-12-09,3545.37,0.0386575455082756,0.046033786765075,0.0487500033541337,263.96000000000004,334.96000000000004,0.0038108566606428,0.0534354898259028,-0.0070287063832105,0.8849206349206349,2,0,0.057784688
2018-12-10,3432.88,-0.0322429678784725,0.045085241718578,0.047404797720512,239.88999999999987,316.0235714285714,0.0039883724597433,0.0505118337798012,-0.0048401925751188,0.873015873015873,2,1,0.04342186
2018-12-11,3380.39,-0.0154084715606153,0.0437308163125268,0.0473113587884385,155.67999999999984,309.22357142857135,0.0041924854720331,0.0475625094723015,-0.0080444191509879,0.8531746031746031,2,0,0.056687485
2018-12-12,3445.0,0.0189328170116027,0.0415702930452075,0.0375764024765646,142.0,282.2092857142856,0.0047512810096901,0.0475625094723015,-0.0074236852693196,0.8253968253968254,2,0,0.04218073
2018-12-13,3302.06,-0.0423773883271998,0.0397533604334974,0.0376320024194159,204.5,273.62142857142845,0.0047397471427342,0.0470146330646776,-0.0087109602375132,0.7738095238095238,2,0,0.040494364
2018-12-14,3224.17,-0.023870963355657,0.0399435370650719,0.0356794013116148,158.38999999999987,256.4807142857142,0.0048453618330825,0.0431186453842529,-0.0110116608810632,0.7817460317460317,2,0,0.039568525
2018-12-15,3211.72,-0.0038689335989161,0.0385539228683607,0.0326441337919032,120.23999999999978,240.99928571428563,0.0048261468044312,0.0409242310436609,-0.0103339497243397,0.7222222222222222,2,0,0.038943242
2018-12-16,3228.67,0.005263668546469,0.0365580632156017,0.0331499536804207,108.0,233.7171428571428,0.0050311045651695,0.0430757171761637,-0.0094757235494732,0.6468253968253969,2,0,0.03796419
2018-12-17,3509.08,0.0832836071289744,0.0347527462853417,0.0395524905396765,369.0,234.9314285714285,0.0055042620025423,0.0386553114068577,-0.0103324954332362,0.5833333333333334,2,0,0.03720298
2018-12-18,3652.98,0.0401893779867723,0.0422472528884295,0.0410902605602012,254.12000000000037,231.3685714285714,0.0050284681154187,0.0386553114068577,-0.0014835634240972,0.8492063492063492,2,0,0.036246207
2018-12-19,3662.22,0.0025262480626864,0.041890623397748,0.0393394454228725,290.17999999999984,236.02428571428567,0.0047555047407284,0.0372934917113234,0.0003203303525405,0.8452380952380952,2,0,0.039713513
2018-12-20,4049.62,0.1005535286471595,0.0396032351228461,0.0426706817110432,485.0,242.09642857142853,0.0045195349114631,0.0276414831528698,-0.0001501253106512,0.7658730158730159,2,0,0.039915722
2018-12-21,3838.66,-0.0534997021897361,0.0491336580776637,0.0447558176339105,375.9899999999998,245.71071428571423,0.0042643832972557,0.0329643309452079,0.0091901210125917,0.9325396825396826,2,0,0.03837196
2018-12-22,3948.91,0.0283162440987361,0.0492430460405138,0.0450119020781949,194.0,240.0678571428571,0.0043094478380248,0.0329643309452079,0.010689123172153,0.9365079365079364,2,0,0.041030493
2018-12-23,3929.71,-0.0048739596550557,0.0472101924635973,0.044413866778441,151.5300000000002,232.0371428571428,0.0044044253149077,0.0305745883530525,0.0106521292479956,0.9047619047619048,2,0,0.04112008
2018-12-24,4008.01,0.0197292269795763,0.0445106088567072,0.0429993063980961,273.1700000000001,234.41428571428568,0.0043769686692363,0.0302875914996501,0.0097578625713654,0.8809523809523809,2,0,0.040584248
2018-12-25,3745.79,-0.0676623161360598,0.0424605532997681,0.0475056492768015,373.59000000000015,249.9792857142857,0.0043525457913927,0.0405067838395823,0.0002133004113385,0.8531746031746031,2,0,0.04029618
2018-12-26,3777.74,0.0084934045765709,0.0454519898368842,0.0473913356537314,180.4100000000003,252.7228571428572,0.0044484337686269,0.0405067838395823,0.0035613664391361,0.8928571428571429,2,0,0.04034516
2018-12-27,3567.91,-0.0571459570455612,0.0429503219946162,0.04871105428833,278.98,258.04285714285714,0.0043928615256158,0.0434254429787014,0.00334708687177,0.8611111111111112,2,0,0.040792342
2018-12-28,3839.26,0.0732996495112843,0.0443994511386777,0.0510653069963923,347.21000000000004,271.53000000000003,0.0043574011189885,0.0463568585990284,-0.0047342069389859,0.876984126984127,2,0,0.04061618
2018-12-29,3695.32,-0.0382124855270991,0.0478660216816651,0.0527091261592432,222.0,278.7985714285715,0.0043728487172471,0.0493761422122416,-0.0013770243588486,0.9126984126984128,2,0,0.04105751
2018-12-30,3801.91,0.0284364178657821,0.0466740996773854,0.0529117745295763,245.5999999999999,288.6271428571429,0.0039633130222019,0.0493761422122416,-0.0005360927862118,0.9007936507936508,2,0,0.041852724
2018-12-31,3702.9,-0.0263872755984913,0.0448975775959592,0.0495029814186269,179.67000000000007,275.10357142857146,0.002891306530117,0.0463434738525434,0.000386968739252,0.873015873015873,2,0,0.04192133
2019-01-01,3797.14,0.0251318553481993,0.0431684290799744,0.0488112244844492,168.15999999999983,268.96357142857147,0.002836360472115,0.0463434738525434,0.0007078757802063,0.8531746031746031,2,0,0.040896203
2019-01-02,3858.56,0.0160459050947938,0.0415331773875992,0.0489397139325183,131.69000000000003,257.64285714285717,0.0028675660434261,0.0463434738525434,-0.0039188124492849,0.8253968253968254,2,0,0.040573727
2019-01-03,3766.78,-0.0240735317857385,0.0395927738222254,0.0405966486938393,132.73999999999978,232.48142857142855,0.0028690634985273,0.043859907408161,-0.0033575481723908,0.7619047619047619,2,0,0.039845955
2019-01-04,3792.01,0.0066756964269885,0.038251522255032,0.0382011357837582,120.06999999999972,214.20142857142855,0.0031082309548165,0.0420389149292588,-0.0061479288836457,0.7222222222222222,2,0,0.038565855
2019-01-05,3770.96,-0.0055666105661149,0.0363221738567342,0.0372715996828521,89.98999999999978,206.77214285714285,0.003387848471462,0.0389772999207259,-0.0115438478249309,0.6507936507936508,2,0,0.038129088
2019-01-06,3987.6,0.0558599352124264,0.0345423130895534,0.0404706974277069,287.71000000000004,216.4992857142857,0.0038977691808553,0.042053247756173,-0.012131786587832,0.5793650793650794,2,0,0.037171196
2019-01-07,3975.45,-0.0030515969204376,0.0373064918539668,0.0401180934832788,96.36999999999988,203.87071428571423,0.0040599203183204,0.0389508227032448,-0.0075910857419924,0.6984126984126984,2,0,0.03649315
2019-01-08,3955.13,-0.0051244787814734,0.0354099128277015,0.0352623002291106,166.80000000000018,189.09999999999997,0.0043970524595898,0.0294430136818881,-0.0077585162522729,0.623015873015873,2,0,0.037797373
2019-01-09,3966.65,0.0029084392953748,0.033703861507975,0.0352377296464316,76.76999999999998,181.6971428571428,0.0046593642462336,0.0294430136818881,-0.0078293158796242,0.5595238095238095,1,0,0.03675435
2019-01-10,3585.88,-0.1009179986058939,0.0321235048721585,0.0422712145955952,456.0100000000002,194.3421428571428,0.0050946720124697,0.0430730598910884,-0.0074692689500668,0.4523809523809524,1,0,0.027538892
2019-01-11,3601.31,0.0042937570054668,0.044228643470857,0.0367780416680936,193.0,183.32714285714283,0.005082741178922,0.0430730598910884,0.0059771212158249,0.876984126984127,2,0,0.026465055
2019-01-12,3583.13,-0.0050609480499446,0.0417640121716664,0.0354900292881137,88.19000000000005,173.76928571428567,0.0045624344867538,0.0406244798888455,0.0054418383149322,0.8452380952380952,2,0,0.0407232
2019-01-13,3476.81,-0.0301215133856036,0.0395113670157311,0.0350492880798333,169.79999999999973,168.35499999999996,0.004037429357924,0.0394647693080702,0.0049690539261777,0.7738095238095238,2,0,0.042093497
2019-01-14,3626.09,0.042039726039837,0.0386040243904895,0.0367740335471999,204.8499999999999,170.15357142857138,0.0036287376588315,0.0409938250032905,0.0012975325365227,0.75,2,0,0.04125127
2019-01-15,3553.06,-0.0203457287298025,0.0389171296030484,0.036245648561508,131.80000000000018,167.55642857142854,0.0033567976415945,0.0390150683972705,0.0035072167753468,0.7658730158730159,2,0,0.04094627
2019-01-16,3591.84,0.0108554019840863,0.0374255181250886,0.0360425937210605,101.48999999999978,165.39928571428567,0.0031987461116649,0.0390150683972705,0.0037216566171136,0.7023809523809523,2,0,0.041072976
2019-01-17,3616.21,0.0067619100468476,0.0356706513595707,0.0357358858863962,104.30999999999996,163.3685714285714,0.0031913146702365,0.0407042812134242,0.0035471464874121,0.6309523809523809,2,0,0.040252548
2019-01-18,3594.87,-0.0059186868808822,0.0339700353154023,0.035634291583709,54.25,158.66714285714284,0.0033077920439388,0.0381328277506805,-0.0102586081554547,0.5634920634920635,1,0,0.039317634
2019-01-19,3665.3,0.0194023581934725,0.0324066342621824,0.0361607564422121,125.76999999999998,161.22285714285712,0.0035368678682856,0.0407113765512957,-0.009357377909484,0.4841269841269841,1,0,0.028278288
2019-01-20,3539.28,-0.034986870748801,0.0315314467539564,0.0329850922526223,218.73,156.29571428571427,0.003770338050058,0.0400405956338424,-0.0079799202617747,0.4206349206349206,1,0,0.026544373
2019-01-21,3526.9,-0.0035040184843708,0.0320968310721786,0.0329795448840149,84.01000000000022,155.41285714285715,0.0039493967585425,0.0400452248893002,-0.0065071933183109,0.4563492063492063,1,0,0.025648203
2019-01-22,3570.93,0.012406767923613,0.0306691472401346,0.0334491582054941,173.6500000000001,155.90214285714288,0.0042200344531732,0.0427663085161594,-0.0082479823629137,0.369047619047619,1,0,0.02619661
2019-01-23,3552.82,-0.0050844117252335,0.0296142859560166,0.0333295296641535,93.48000000000002,157.0957142857143,0.0045150931943668,0.0400445864807076,-0.0078112321690719,0.3412698412698413,1,0,0.025421169
2019-01-24,3569.62,0.0047174932064368,0.0284445098754203,0.0198931872581494,59.7800000000002,128.79357142857145,0.0048296927945539,0.0194352728257074,-0.0072261414841503,0.3015873015873015,1,0,0.024975773
2019-01-25,3565.29,-0.0012137505677216,0.02738308327669,0.0198492397739421,64.63999999999987,119.625,0.004536170460783,0.0181850969172164,-0.0065869520387122,0.246031746031746,1,0,0.022241618
2019-01-26,3565.25,-1.1219346642832306e-05,0.0263888680250125,0.0198100931543075,117.94000000000004,121.75,0.0044086888960247,0.0180968537659793,-0.0060177662371698,0.2142857142857142,0,0,0.022182968
2019-01-27,3550.84,-0.0040499824191346,0.0254924070700307,0.0179334116503983,93.0,116.26428571428572,0.0044191182316551,0.0147014698192652,-0.0060390396839257,0.1626984126984127,0,0,0.01802529
2019-01-28,3434.15,-0.0334147528556272,0.024721725583375,0.0160540879791164,177.48000000000002,114.30928571428574,0.0043912959487103,0.0177814242248501,-0.0073751054888036,0.1388888888888889,0,0,0.01569314
2019-01-29,3411.04,-0.0067522122258818,0.0262160090260602,0.0153787974776866,93.52999999999976,111.57571428571428,0.0039291493803571,0.0165906771664537,-0.0044531382140743,0.2023809523809523,0,0,0.015820067
2019-01-30,3458.18,0.0137252089822315,0.0254267998330088,0.0155940651365269,90.90000000000008,110.81928571428573,0.003504620256034,0.0165906771664537,-0.0041874861230077,0.1666666666666666,0,0,0.016161885
2019-01-31,3434.1,-0.0069875565059227,0.0250082317644744,0.01538327087974,70.39999999999964,108.39714285714284,0.0031516667989443,0.0158936498813107,-0.0034362781109458,0.1468253968253968,0,0,0.016086813
2019-02-01,3462.07,0.0081117934654884,0.024355521450532,0.0156811078709217,86.80000000000018,110.72214285714288,0.0029127029811962,0.0166368072895377,-0.003027561826158,0.1309523809523809,0,0,0.015748467
2019-02-02,3504.77,0.0122582217154576,0.0238105335523684,0.0150087500868818,86.11000000000013,107.88928571428572,0.0027788869053832,0.0166368072895377,-0.002578334472644,0.1269841269841269,0,0,0.016113099
2019-02-03,3458.11,-0.0134027007412189,0.0235073865307238,0.0123686366247337,85.09000000000015,98.34357142857144,0.0026468520676902,0.0126780715036646,-0.0019850205393069,0.119047619047619,0,0,0.015665304
2019-02-04,3463.22,0.0014765950846022,0.0233041905264212,0.0123830513893115,51.57000000000016,96.0264285714286,0.002272315298957,0.0133899371167749,-0.0014175350569538,0.115079365079365,0,0,0.014628973
2019-02-05,3471.59,0.0024139101328835,0.0227408361228926,0.0118066969678896,30.539999999999964,85.80428571428573,0.0019969960802647,0.0133899371167749,-0.0034751729031676,0.1031746031746031,0,0,0.01519708
2019-02-06,3405.37,-0.0192591048398078,0.0222489013647637,0.0126665965878942,102.7199999999998,86.46428571428571,0.0017758011654027,0.0149138576689957,-0.0031778984682451,0.0912698412698412,0,0,0.014059823
2019-02-07,3398.4,-0.002048864802381,0.0226322023431008,0.0124759901520793,36.44999999999982,84.79785714285711,0.0015574688238792,0.0140774960350315,-0.0023760294213736,0.1071428571428571,0,0,0.015446659
2019-02-08,3659.04,0.0738960853005092,0.0221489639655045,0.0241900724338147,360.48,105.9292857142857,0.0014403404487864,0.0149252716102015,-0.0022065574850274,0.0912698412698412,0,0,0.0154915415
2019-02-09,3665.18,0.0016766294399506,0.0318712498757759,0.0241842668583868,54.88999999999987,101.42571428571424,0.0024729945287754,0.0159557859421973,0.0080607163234075,0.4761904761904761,1,0,0.018372025
2019-02-10,3680.06,0.0040516090298634,0.0304489527886397,0.0241258803526072,75.22999999999956,100.1564285714285,0.002932721150749,0.0171547242163651,0.0069415662579159,0.4126984126984127,1,0,0.024491172
2019-02-11,3631.05,-0.0134071937471524,0.0291826307649769,0.0223593082788553,69.36999999999989,92.43428571428564,0.0031476467069393,0.011753825713417,0.0058784402385556,0.376984126984127,1,0,0.02616125
2019-02-12,3631.46,0.0001129086226203,0.0283270686408322,0.0221803420722922,85.25999999999976,91.84357142857137,0.0032486317811041,0.0125165661701998,0.0055862325179396,0.3452380952380952,1,0,0.024200108
2019-02-13,3609.4,-0.0060932177261587,0.0272366262060026,0.0221768285641879,78.25,90.93999999999993,0.0032873542161762,0.0116936553005132,0.0049877248412389,0.2936507936507936,1,0,0.024806257
2019-02-14,3590.56,-0.0052333743519312,0.0263246934554939,0.0221205952461703,58.28999999999997,90.07499999999996,0.0032914200251436,0.0115398707886131,0.0036924911123931,0.2579365079365079,0,0,0.024091672
2019-02-15,3602.47,0.0033115421134244,0.0254884188856534,0.0220754670751477,79.7800000000002,89.57357142857138,0.0032728364721978,0.0115398707886131,0.0033394549201489,0.2063492063492063,0,0,0.01977871
2019-02-16,3618.41,0.004414981523567,0.0247071944244633,0.0219170061294339,50.28999999999997,87.01499999999994,0.0032424428378074,0.0115398707886131,-0.0071640554513126,0.1706349206349206,0,0,0.017810028
2019-02-17,3667.58,0.0134973411912415,0.0240268177490957,0.0216134774171476,95.71000000000004,87.77357142857136,0.0032179779880439,0.0111299534567638,-0.0064221350395439,0.1547619047619047,0,0,0.017173957
2019-02-18,3898.6,0.0610854703085461,0.023764502097918,0.0263810916234387,270.0,103.3757142857142,0.0031931735082325,0.0111299534567638,-0.0054181286670588,0.1507936507936507,0,0,0.01758277
2019-02-19,3907.79,0.0023544824804968,0.0301283039076911,0.0263821437963305,138.51999999999998,111.08857142857134,0.0032591167088678,0.0111299534567638,0.0018012352668589,0.4166666666666667,1,0,0.019488152
2019-02-20,3969.74,0.0157286045601736,0.0288738126774202,0.0251849715775391,116.32000000000016,112.05999999999996,0.0030989278446514,0.0078814053397529,0.0016371864714175,0.376984126984127,1,0,0.02617995
2019-02-21,3937.31,-0.0082028523513404,0.0281712132786857,0.0254813261824484,115.44999999999982,117.70285714285708,0.0028715089456259,0.0088254623141991,0.0018465198231918,0.3333333333333333,1,0,0.026824456
2019-02-22,3962.0,0.0062511992571216,0.0272195541357286,0.0177912741137677,61.34999999999991,96.33642857142851,0.0024793821294051,0.0088254623141991,0.0017311352500751,0.2976190476190476,1,0,0.026749458
2019-02-23,4117.76,0.0385603779120558,0.0263130701879619,0.0197730478885171,228.87000000000037,108.7635714285714,0.0021594496728508,0.0088254623141991,0.0016058757634986,0.2619047619047619,0,0,0.023042213
2019-02-24,3743.56,-0.0952722958467688,0.0281892157802539,0.0340705788184225,485.34000000000015,138.05714285714288,0.00197075672682,0.0433321254871063,0.0041623980311581,0.3452380952380952,1,0,0.021842953
2019-02-25,3827.92,0.0222845443890928,0.0404965180306737,0.0342267115245658,132.65999999999983,142.57785714285714,0.0041026746434342,0.0479807582578109,0.0167320159327557,0.8214285714285714,2,0,0.028598633
2019-02-26,3809.23,-0.0048945057545672,0.0389574263290263,0.0342939819710352,64.51000000000022,141.09571428571434,0.0050752192716905,0.0429710805974423,0.0088291224213352,0.7817460317460317,2,0,0.04547889
2019-02-27,3818.07,0.0023179903657055,0.0369392938083523,0.0341881318035397,161.67999999999984,147.05500000000004,0.0055227458150418,0.0479464324436685,0.0080654811309321,0.7063492063492064,2,0,0.045912247
2019-02-28,3813.69,-0.0011478349635982,0.0350688767302886,0.034120490796379,124.13000000000012,151.75785714285718,0.005658382777862,0.047878415946795,0.0068976634516028,0.6428571428571429,2,0,0.045260485
2019-03-01,3823.0,0.0024382303359971,0.0333559467830083,0.034123247622744,43.98999999999978,149.20142857142858,0.0055786168684719,0.047878415946795,0.0061363926472797,0.5793650793650794,1,0,0.043793317
2019-03-02,3819.93,-0.0008033568710192,0.0318030752895692,0.0341497265117599,69.05999999999995,150.54214285714286,0.0053343335133361,0.0428252641242514,0.0054900051016073,0.503968253968254,1,0,0.032622036
2019-03-03,3807.75,-0.0031936343297811,0.0303835188510186,0.0340790948655615,53.67999999999984,147.54,0.0049568425457333,0.0391156736206682,0.0021943030707647,0.4404761904761904,1,0,0.03016102
2019-03-04,3715.3,-0.0245790349029473,0.0291127845506731,0.0302623389389309,159.30999999999997,139.63357142857143,0.0045085557102286,0.037386675421584,-0.0113837334800006,0.4007936507936508,1,0,0.028885882
2019-03-05,3857.73,0.0376194989760829,0.0290034296422418,0.0321881317600268,173.54999999999973,142.13571428571427,0.0045502131246029,0.037386675421584,-0.0099539966867845,0.4007936507936508,1,0,0.027590211
2019-03-06,3861.84,0.0010648262502552,0.030274543716259,0.0318413891706822,93.90999999999984,140.53499999999994,0.0044982441141986,0.037386675421584,-0.0066647500920932,0.4484126984126984,1,0,0.027960759
2019-03-07,3873.64,0.0030508796229149,0.0289985846116472,0.0318139304524736,65.0,136.93142857142854,0.0044520097808064,0.040243131312176,-0.0060702921186414,0.4007936507936508,1,0,0.028269675
2019-03-08,3864.89,-0.0022614123687425,0.0278593684711766,0.0317425638315874,132.0,141.97785714285712,0.004403671780892,0.0372677027785947,-0.0054965783118317,0.3412698412698413,1,0,0.027626377
2019-03-09,3943.04,0.0200187783129752,0.0268244858888302,0.0302835764216659,117.0,133.9871428571428,0.0043555202110265,0.0372677027785947,-0.004978589400739,0.3015873015873015,1,0,0.027003106
2019-03-10,3916.82,-0.0066718993120851,0.0266442809984329,0.0148790115045392,61.73999999999978,103.72999999999992,0.0044759754643568,0.0099274192968776,-0.0037392378525856,0.2857142857142857,0,0,0.025724616
2019-03-11,3871.61,-0.011609658891011,0.0258078948480929,0.0142860823714766,106.98000000000002,101.89571428571422,0.0039846536880949,0.0101529537379385,-0.0033048897025802,0.2261904761904762,0,0,0.01744708
2019-03-12,3882.73,0.0028680732654535,0.0252388836044101,0.0141979908504256,79.13999999999987,102.9407142857142,0.003475412845638,0.0106951495698902,-0.0037645460378317,0.2063492063492063,0,0,0.01735894
2019-03-13,3866.0,-0.0043181336802327,0.0244784534898806,0.0142743014944231,53.559999999999945,95.21785714285706,0.0030820014682506,0.0101202139845004,-0.0057960902263784,0.1746031746031746,0,0,0.017381635
2019-03-14,3877.12,0.002872229190487,0.023821139565328,0.0142705646270349,109.57000000000016,94.17785714285706,0.0028092581504263,0.0108102618154693,-0.0051774450463191,0.1587301587301587,0,0,0.015992444
2019-03-15,3923.76,0.0119577677765025,0.0232137359454667,0.0145590966270843,67.01999999999998,95.82285714285707,0.002657316224102,0.0108102618154693,-0.0046456325257098,0.1309523809523809,0,0,0.016421016
2019-03-16,4005.98,0.020737866966801,0.0229681098311114,0.0153717718220166,135.0,100.53285714285708,0.0025765953302155,0.0116718103520887,-0.0038563760577188,0.1269841269841269,0,0,0.016457822
2019-03-17,3981.14,-0.0062200342766391,0.0233733951161725,0.0154923893508095,61.98999999999978,101.1264285714285,0.0024980490322715,0.0118734751129072,-0.0032708858822604,0.1428571428571428,0,0,0.01685327
2019-03-18,3987.81,0.0016739975925545,0.0228820161247851,0.0133088201180382,83.67000000000007,95.72357142857138,0.0025054400206235,0.0069533806278767,-0.0029258787233077,0.123015873015873,0,0,0.016602796
2019-03-19,4015.53,0.0069271356323081,0.0223673401450428,0.0095210217337772,61.0,87.68428571428568,0.0024831456623924,0.0069533806278767,-0.0028715434593672,0.1031746031746031,0,0,0.015508693
2019-03-20,4043.04,0.0068275405848723,0.0220137615452162,0.0095617558543116,69.5,85.94071428571426,0.0021836598042018,0.0069533806278767,-0.0024646919446644,0.0873015873015873,0,0,0.014786955
2019-03-21,3980.64,-0.0155542738641596,0.0216993187937367,0.0108071479044867,189.30999999999997,94.81999999999996,0.0019499589373401,0.0089785201659473,-0.0021218207715913,0.0793650793650793,0,0,0.015399914
2019-03-22,3986.93,0.0015789007957778,0.0218726354511401,0.0107406654571715,39.75,88.23071428571426,0.001737181881514,0.0097833425813515,-0.0013411004943266,0.0833333333333333,0,0,0.01687203
2019-03-23,4006.01,0.0047742223114841,0.0214730197458879,0.0094983823529346,40.81999999999971,82.78928571428567,0.0016042567488699,0.0097833425813515,-0.0014950900852234,0.0674603174603174,0,0,0.015302923
2019-03-24,3992.18,-0.0034582858830809,0.0211681982797964,0.0093326748105082,56.01999999999998,82.38071428571425,0.001413387230846,0.0094447282770755,-0.0022051968363761,0.0595238095238095,0,0,0.015378263
2019-03-25,3936.12,-0.0141419810829059,0.0208743965753883,0.0096234179243165,110.59000000000016,82.6385714285714,0.0012749465362515,0.0101116359756726,-0.0020076195493968,0.0436507936507936,0,0,0.01603752
2019-03-26,3948.55,0.0031529563817773,0.0210659465400565,0.0096275614257552,64.98000000000002,81.62714285714284,0.0011059196042171,0.0101116359756726,-0.0013013936049862,0.0595238095238095,0,0,0.016283374
2019-03-27,4038.05,0.0224134792695753,0.0207796550289267,0.0110015799760826,111.84999999999992,85.79071428571426,0.0010020934359007,0.0110970675410469,-0.0012341065162894,0.0317460317460317,0,0,0.016581934
2019-03-28,4027.81,-0.0025390982490289,0.0216909114726069,0.011105152141695,37.69999999999982,80.65714285714282,0.0008765285932469,0.009990261777956,-8.407321129801776e-06,0.0992063492063492,0,0,0.017351996
2019-03-29,4103.25,0.0185565386974424,0.0213218043339242,0.0116537193496509,99.67999999999984,82.98999999999994,0.0008118525155924,0.009990261777956,-0.0005508311172158,0.0753968253968253,0,0,0.016981315
2019-03-30,4106.97,0.0009061877159357,0.0217838697207065,0.0105060798611939,88.0,79.63285714285709,0.0007423073759867,0.009990261777956,0.0003108499748185,0.1111111111111111,0,0,0.01808947
2019-03-31,4103.95,-0.0007356057874581,0.0213907278869677,0.0102848181851889,33.54999999999973,77.60142857142851,0.0005776788160741,0.0096008222713726,0.0002225296071712,0.0873015873015873,0,0,0.017956119
2019-04-01,4144.56,0.0098467064040015,0.0210431758182371,0.0104844946586345,91.69999999999982,78.17499999999993,0.0004606786692728,0.0096008222713726,0.0001687792428488,0.0555555555555555,0,0,0.01838186
2019-04-02,4857.29,0.1586840382572507,0.0209675327594598,0.0430391636301466,757.4499999999998,127.92142857142848,0.0003979919424685,0.0096008222713726,-9.841378059670045e-05,0.0555555555555555,0,0,0.018834438
2019-04-03,4932.6,0.0153855631843686,0.0541990823977081,0.0429964255289721,521.5100000000002,160.20785714285708,0.0087949375201588,0.0096008222713726,0.0334194273687813,0.9722222222222222,2,0,0.024257239
2019-04-04,4898.66,-0.0069045340747511,0.0511572204053415,0.0425961885421609,262.0799999999999,165.4057142857142,0.0114201292255635,0.0073022749438862,0.0294663089327346,0.9444444444444444,2,0,0.047909226
2019-04-05,5004.95,0.0214657243780376,0.0481693569004908,0.0424519072076509,147.60000000000036,173.10928571428568,0.0128079557052225,0.0073022749438862,0.0268475525665666,0.9087301587301588,2,0,0.04932366
2019-04-06,5043.89,0.0077501870687619,0.0458704708335616,0.0423974765955048,276.40999999999985,189.9371428571428,0.0135417722965314,0.0073022749438862,0.0240866011128551,0.8888888888888888,2,0,0.048224594
2019-04-07,5170.27,0.0247473017520114,0.0433205395821225,0.0420470874980254,208.0,200.79285714285712,0.0137987571080542,0.0079789779347268,0.0219298116951548,0.8571428571428571,2,0,0.04702687
2019-04-08,5236.9,0.0128048086853134,0.0416473494962456,0.0410441660150778,266.0,211.8935714285714,0.0137459751211479,0.0042685175639856,0.0206041736780085,0.8293650793650794,2,0,0.045660254
2019-04-09,5150.0,-0.0167330055377341,0.0395790554930064,0.0420192928281602,161.71999999999937,218.80357142857133,0.0134531517679563,0.0091467781336927,0.0186115227335466,0.7936507936507936,2,0,0.044496324
2019-04-10,5308.25,0.0302654994041216,0.0378467297470235,0.0421210005063406,287.0,231.31428571428563,0.0129482883211171,0.0091467781336927,-0.0163523526506845,0.7579365079365079,2,0,0.04380558
2019-04-11,5017.37,-0.0563563220444525,0.0371411100933851,0.0465169539007797,405.6700000000001,257.5978571428571,0.0123723792316834,0.0295983201185803,-0.0140161103119563,0.7341269841269841,2,0,0.04219411
2019-04-12,5048.01,0.0060882141842029,0.0394827002103629,0.0465772023725865,219.35999999999967,266.1464285714285,0.0116334249317482,0.0295983201185803,-0.0086866566901279,0.7857142857142857,2,0,0.043262105
2019-04-13,5045.22,-0.0005528458325159,0.0374372854563857,0.0466123027900615,95.0,266.6464285714285,0.010734608512882,0.026474696802352,-0.0084331853771758,0.7420634920634921,2,0,0.043799173
2019-04-14,5131.3,0.0169177779984988,0.0355167853673833,0.0464010113834812,152.98999999999978,275.1778571428571,0.0096053813764575,0.0295973256309071,-0.0078037542147392,0.6944444444444444,2,0,0.042925607
2019-04-15,5024.95,-0.0209435347386204,0.0341824395167264,0.0474312017882512,217.3800000000001,284.1549999999999,0.008199455663632,0.0280807349809637,-0.0074649099795192,0.6706349206349206,2,0,0.042603534
2019-04-16,5173.72,0.0291764619150605,0.0332111406051382,0.0236685934855041,193.78000000000063,243.8928571428571,0.0064196227845922,0.0280807349809637,-0.0063679148878682,0.6388888888888888,1,0,0.04227365
2019-04-17,5202.82,0.0056088207220739,0.0329749673416578,0.0234663295499877,83.59999999999945,212.61357142857136,0.0056035422472543,0.0280807349809637,-0.0048717624053657,0.6349206349206349,1,0,0.03270891
2019-04-18,5258.44,0.0106336185308997,0.0314970431087332,0.0233180283208651,88.19999999999982,200.19357142857135,0.0049729013228436,0.0312048305337739,-0.0056440669846519,0.5833333333333334,1,0,0.031420197
2019-04-19,5258.68,4.563987099892586e-05,0.0302913638297322,0.0228571130501388,145.0,200.00785714285703,0.0045545713894986,0.0312048305337739,-0.0091913363806307,0.5396825396825397,1,0,0.030891102
2019-04-20,5291.73,0.0062651798570474,0.0290118690428232,0.0228394726696093,103.31999999999972,187.6442857142856,0.0042905257818532,0.0312048305337739,-0.0084254164135625,0.5,1,0,0.030302223
2019-04-21,5256.14,-0.0067483074901222,0.0279248632419932,0.0221175518527291,149.35000000000036,183.45499999999993,0.0042254572663185,0.0280731382233887,-0.00759192212539,0.4404761904761904,1,0,0.029392984
2019-04-22,5357.14,0.0190333335347379,0.0269583319991732,0.022429884441017,191.64999999999964,178.14428571428562,0.004228520342518,0.0280731382233887,-0.0072241075175531,0.4007936507936508,1,0,0.028588485
2019-04-23,5493.31,0.0251007376438039,0.0266893985928532,0.0225826369796598,267.59000000000015,185.70642857142852,0.0042740275705761,0.0302510825187364,-0.0065217420122849,0.3809523809523809,0,0,0.027810674
2019-04-24,5415.0,-0.0143581077784258,0.0269538047335655,0.0218191800911761,248.84999999999943,182.9814285714285,0.0042896245289924,0.0278088735233863,-0.0060211626080922,0.4047619047619047,1,0,0.023128401
2019-04-25,5219.9,-0.0366946358300293,0.0263922156447392,0.0181360648014061,389.84000000000015,181.85071428571425,0.0042781179293611,0.0201847888149414,-0.0051048274639939,0.373015873015873,0,0,0.02642962
2019-04-26,5314.1,0.0178854207536698,0.0280044981838822,0.0185681862617064,348.3800000000001,191.06642857142853,0.0036474915104071,0.0201847888149414,-0.00228686564585,0.4603174603174603,1,0,0.02205139
2019-04-27,5295.69,-0.003470383198314,0.0275311603613017,0.0186354672714977,84.82999999999993,190.33999999999995,0.0031218625193031,0.020242857597422,-0.0014807086815214,0.4404761904761904,1,0,0.026410352
2019-04-28,5307.52,0.0022314006623673,0.0265420049983006,0.0182286013850848,80.52000000000044,185.16357142857143,0.0027568211368917,0.020242857597422,-0.0013828582436926,0.376984126984127,0,0,0.026630264
2019-04-29,5238.14,-0.0131582093536213,0.025639591309244,0.0175680839727989,153.19999999999982,180.5792857142857,0.0024909823888176,0.0188858319625769,-0.0013187406899291,0.3095238095238095,0,0,0.02107222
2019-04-30,5320.81,0.015659073915911,0.0251657655810639,0.0163458179721724,147.82999999999993,177.29714285714277,0.00224771563977,0.0188858319625769,-0.0015236330117892,0.2896825396825397,0,0,0.019514617
2019-05-01,5383.2,0.0116574454890336,0.0248922435677995,0.0165274022347208,85.80000000000018,177.4542857142857,0.0018694251598972,0.0188858319625769,-0.002061561165766,0.2698412698412698,0,0,0.018924277
2019-05-02,5492.87,0.0201678947038388,0.0244305605891698,0.0170784864977144,168.0,183.1542857142857,0.0016122109626599,0.0188858319625769,-0.0019616550555693,0.25,0,0,0.01841892
2019-05-03,5772.69,0.0496872887907073,0.0245785642498346,0.0210772595303917,366.4300000000003,198.9707142857143,0.0013924478076737,0.0188858319625769,-0.0034259339340475,0.2619047619047619,0,0,0.018440451
2019-05-04,5829.45,0.0097844799029793,0.0285652045067682,0.0210931523709921,312.5500000000002,213.91571428571433,0.0013338487050063,0.0188858319625769,0.0010340441454665,0.5277777777777778,1,0,0.018763583
2019-05-05,5775.62,-0.0092770463368783,0.0276247349570229,0.0212295184130189,143.89999999999964,213.52642857142857,0.0013104891697481,0.0190991998751194,0.0010827299587223,0.4682539682539682,1,0,0.02546027
2019-05-06,5747.79,-0.0048301768500031,0.0267644018585453,0.0211236089976937,185.85999999999967,213.1128571428571,0.0013054480326218,0.0175462616519451,0.0011248105493012,0.4285714285714285,0,0,0.025497075
2019-05-07,5846.34,0.0170003913204936,0.0258746839406066,0.0206368188161987,280.6700000000001,214.0471428571429,0.0013103021431641,0.0175462616519451,0.0007089183595426,0.3492063492063492,0,0,0.020150792
2019-05-08,5987.29,0.0238230646299566,0.0256002009040363,0.0204825300744955,242.52000000000044,213.59500000000008,0.0013125966382232,0.0181166913578292,0.0007079573362368,0.3253968253968254,0,0,0.019276153
2019-05-09,6209.18,0.0363899530850346,0.0259014321871928,0.017543831664474,240.84000000000017,202.95214285714292,0.00131527471497,0.0085816115921742,0.001470871598023,0.3571428571428571,0,0,0.01914407
2019-05-10,6373.33,0.0260932538043565,0.0275640121357407,0.0178753797838364,296.9200000000001,199.27642857142865,0.0012739882742728,0.0085816115921742,0.002985447885906,0.4801587301587302,1,0,0.018913474
2019-05-11,7076.22,0.1046177708836371,0.027797906540709,0.0296721167481236,971.1399999999994,262.5842857142857,0.0012973527679142,0.0097045121899148,-0.0007672979660592,0.492063492063492,1,0,0.02420817
2019-05-12,6967.31,-0.0155106562893205,0.0425111901642875,0.0308761855860817,771.7799999999997,311.96,0.0045512539057282,0.0114358332562395,0.0148864552072645,0.8452380952380952,2,0,0.026419293
2019-05-13,7790.71,0.1117027876830309,0.0404621649109184,0.0379580562776092,1230.0,388.8742857142857,0.0057013394685262,0.0108008434186769,0.013697763052373,0.8095238095238095,2,0,0.039623942
2019-05-14,7947.56,0.0199329650984001,0.0520545758994433,0.0378651703297502,766.4399999999996,433.06071428571425,0.0084101250462658,0.0108008434186769,0.0261798919588367,0.9484126984126984,2,0,0.04056404
2019-05-15,8169.87,0.0275880335544069,0.0493504307945603,0.0375529992576183,399.0,455.4321428571428,0.0096435107675404,0.0108008434186769,0.023750229890524,0.9246031746031746,2,0,0.04287989
2019-05-16,7866.59,-0.0378283193193595,0.0472644208103277,0.0416701978412442,615.0,487.3607142857142,0.010167467291554,0.02110068955148,0.0213629886231349,0.8928571428571429,2,0,0.042617273
2019-05-17,7355.26,-0.0672089740226802,0.0461077812566733,0.0477521223956182,1012.0,533.472857142857,0.0103075793234691,0.0354908511799113,0.0185437691209326,0.8809523809523809,2,0,0.04258622
2019-05-18,7257.45,-0.0133871760623893,0.0483727918165205,0.0484296254268625,301.3900000000003,532.6757142857142,0.0106729645263345,0.0328563009439043,0.0205748852758115,0.9007936507936508,2,0,0.042966466
2019-05-19,8148.48,0.1158028793232439,0.0457500042275754,0.0546191073964237,1032.0100000000002,596.1121428571429,0.0105915660128864,0.0357523579126241,0.0032388140632879,0.8650793650793651,2,0,0.04321077
2019-05-20,7938.15,-0.026151156161621,0.0565510328081237,0.0557871169438805,603.0299999999997,625.91,0.0111477469934553,0.0375545146200801,0.0160888678972053,0.984126984126984,2,0,0.042600762
2019-05-21,7904.87,-0.0042012253913874,0.0537357845063603,0.0562501653919295,271.3199999999997,625.2421428571428,0.0109002943413637,0.0343253019810418,0.0016812086069169,0.9642857142857144,2,0,0.04456977
2019-05-22,7628.43,-0.0355969678252794,0.0505158933556087,0.0582706915310209,551.0,647.2764285714285,0.0100007474148821,0.0345098376344491,0.0011654625610484,0.9246031746031746,2,0,0.043987285
2019-05-23,7851.51,0.0288238125709003,0.0488396486377298,0.0581149292100594,479.9799999999995,664.357857142857,0.0086167443375147,0.0345098376344491,0.001575227827402,0.8928571428571429,2,0,0.043372672
2019-05-24,7964.87,0.0143347518386249,0.0468762272087519,0.0580546450004283,364.0,669.1492857142856,0.0069010561335475,0.0345098376344491,0.0007684459520785,0.8650793650793651,2,0,0.042877655
2019-05-25,8025.41,0.0075721362310279,0.0444079023844738,0.0521423096446163,183.46000000000004,612.8864285714286,0.004311939705324,0.0345098376344491,-0.0039648894320467,0.8253968253968254,2,0,0.04239617
2019-05-26,8614.43,0.0708259460692684,0.0419748747498398,0.0540907213557372,906.58,622.515,0.0043670316398136,0.0367330954235342,-0.0037751294777356,0.7857142857142857,2,0,0.04165448
2019-05-27,8756.32,0.0163370212380584,0.0455411648238794,0.0464644804849117,319.3199999999997,557.4664285714285,0.0038741317756462,0.0367330954235342,-0.0110098679842443,0.8412698412698413,2,0,0.04118381
2019-05-28,8715.64,-0.0046566124818134,0.0432571761978858,0.046457543417872,287.8600000000006,523.2821428571428,0.003945363743943,0.0340537512852268,-0.0104786083084745,0.8015873015873016,2,0,0.041820016
2019-05-29,8645.68,-0.0080593386534228,0.0408760476777415,0.0461942658329492,343.39999999999964,519.3107142857142,0.0043143005733502,0.0319815547927691,-0.0096398456778672,0.753968253968254,2,0,0.04119728
2019-05-30,8269.54,-0.0444808894699519,0.0387483123417056,0.046689676310607,1069.2600000000002,551.7578571428571,0.004862184127449,0.0330343127694784,-0.0100913362960241,0.7063492063492064,2,0,0.040474426
2019-05-31,8555.0,0.0339370225883257,0.0393100278801535,0.0425360942187606,485.5,514.1507142857142,0.0052338444018843,0.0245330109154191,-0.0075661993285983,0.7142857142857143,2,0,0.039868366
2019-06-01,8544.07,-0.0012784322759831,0.0387411210034923,0.0421277541816256,183.63999999999945,505.7399999999999,0.0055302449332168,0.0240104092848777,-0.0056667813809814,0.6984126984126984,2,0,0.03965978
2019-06-02,8725.98,0.0210673076297016,0.0367111832489146,0.0299653626067601,290.78000000000065,452.795,0.0059904484801061,0.0240104092848777,-0.0052636915009251,0.6587301587301587,2,0,0.039455097
2019-06-03,8115.82,-0.0724895393932616,0.0354819310849956,0.0356734678600479,720.1500000000005,461.1607142857143,0.0054079097074779,0.03506391843283,-0.0100592337388837,0.6388888888888888,2,0,0.038952123
2019-06-04,7687.03,-0.0542807502523761,0.0407629564822683,0.0386818584159756,634.7999999999993,487.1235714285714,0.0045022169556061,0.0405939794695517,-0.0024942197156175,0.75,2,0,0.039033767
2019-06-05,7776.5,0.0115718724502418,0.0421981539741958,0.0375682604728645,323.9200000000001,470.9035714285714,0.0038319741279161,0.0413681722782679,0.0013221062964543,0.7777777777777778,2,0,0.040799316
2019-06-06,7786.7,0.0013107846021931,0.0400444257207176,0.0367321503649276,423.5500000000002,466.8728571428572,0.0032467876357306,0.0413681722782679,0.0012961133790119,0.7341269841269841,2,0,0.04128897
2019-06-07,7980.53,0.0245876751916984,0.0379047156674153,0.0371524528093973,362.5100000000002,466.7664285714286,0.0028761170673261,0.0413681722782679,-0.0014053122127382,0.6706349206349206,2,0,0.04069252
2019-06-08,7893.62,-0.0109499870405738,0.0367725766973194,0.037197207402107,293.64999999999964,474.63714285714286,0.0027854024676652,0.0385224540867409,-0.0019685443061729,0.6428571428571429,2,0,0.039798435
2019-06-09,7628.13,-0.034212108187754,0.035079715915662,0.0317500370469695,428.34000000000015,440.4771428571429,0.0029887346248605,0.038010400926434,-0.0016314673332525,0.6111111111111112,2,0,0.03927351
2019-06-10,7982.75,0.0454402335575832,0.0350689950335694,0.0343598686948752,509.0,454.02571428571434,0.0026176660196121,0.038010400926434,-0.0004129360514261,0.6071428571428571,2,0,0.038828235
2019-06-11,7884.9,-0.0123334255992251,0.0363089802299688,0.0343876002339602,317.77000000000044,456.1621428571429,0.0023162069151745,0.0382242625434289,-0.0044539762522994,0.626984126984127,2,0,0.038764667
2019-06-12,8127.64,0.0303210604902535,0.034704693663217,0.0358104071480855,411.0100000000002,460.9914285714286,0.0023432535839925,0.0407497607992652,-0.0074934603109788,0.5912698412698413,2,0,0.038975935
2019-06-13,8218.54,0.0111219792041445,0.0343817609593854,0.0340656955553348,299.78999999999996,406.0292857142858,0.0024799860033507,0.0400941631419987,-0.0056626647613321,0.5833333333333334,2,0,0.038577538
2019-06-14,8650.0,0.0511667432229892,0.0329155752677106,0.0356763954220825,540.0900000000001,409.9285714285715,0.0026800959795167,0.0400941631419987,-0.0049891403997047,0.5476190476190477,1,0,0.038438287
2019-06-15,8808.7,0.0181805485249402,0.0353062716812866,0.0359675278561323,297.3600000000006,418.05142857142874,0.0026590825261571,0.0439172337909823,-0.0014663050160328,0.6071428571428571,2,0,0.028076407
2019-06-16,8953.33,0.0162856606573651,0.0340577156934498,0.0357966627951219,573.0,438.2100000000001,0.0027503574882203,0.0439172337909823,-0.0010220002222122,0.5714285714285714,2,0,0.038678702
2019-06-17,9313.96,0.0394888198146059,0.0328376482556439,0.0299432042123313,494.0,422.0564285714286,0.0029116558425708,0.0331243256452556,-0.0022313467779255,0.5357142857142857,1,0,0.03854684
2019-06-18,9081.55,-0.0252694670500961,0.0337127220462711,0.02589487545447,386.3600000000006,404.3107142857144,0.0026830156486128,0.0228091533975224,-0.0025962581836977,0.5634920634920635,1,0,0.027747583
2019-06-19,9255.49,0.0189720060877576,0.0330946020282098,0.0259629274233411,344.0,405.7450000000002,0.0020412443003185,0.0228091533975224,-0.0016100916350071,0.5396825396825397,1,0,0.027465593
2019-06-20,9517.12,0.0278753930477986,0.0321195476995393,0.0260578216329563,414.7999999999993,405.12000000000006,0.0016410929917747,0.0228091533975224,-0.0022622132598461,0.5119047619047619,1,0,0.027210515
2019-06-21,10159.86,0.0653523805016789,0.0319077205388075,0.029360067082521,657.869999999999,426.2171428571429,0.001484654324356,0.0228091533975224,-0.0010078547289031,0.503968253968254,1,0,0.02691118
2019-06-22,10729.5,0.054552294706573,0.0368056613035741,0.0297379492349586,1238.2800000000009,493.6907142857144,0.0014891487951284,0.0255677381261235,0.0014993896222875,0.6428571428571429,2,0,0.026797961
2019-06-23,10906.07,0.0163225577340977,0.0389541400536529,0.0251061616245782,837.4599999999991,522.9135714285715,0.0019584120078577,0.0198828990844835,0.0048964243602031,0.6944444444444444,2,0,0.038341325
2019-06-24,11056.59,0.013707115321818,0.0372620698354132,0.0245980679055253,522.8299999999999,523.9014285714286,0.0020954123396161,0.0198828990844835,0.0044244215797693,0.6468253968253969,2,0,0.039174985
2019-06-25,11820.86,0.0668391370781122,0.0356201018714987,0.0248830892238833,824.0,560.0607142857142,0.0020599261578458,0.0252694670500961,0.0019073798252276,0.6071428571428571,2,0,0.03858472
2019-06-26,13093.8,0.1022730683624324,0.0398955391653479,0.0316929144072572,2229.0,689.9171428571428,0.002508504452024,0.0252694670500961,0.006800937137138,0.7261904761904762,2,0,0.03822958
2019-06-27,11329.99,-0.1446856433038785,0.0496894200480468,0.0573439087582095,2952.9400000000005,879.427857142857,0.0046651890229282,0.1038568277564192,0.0175698723485075,0.9126984126984128,2,1,0.03986017
2019-06-28,12400.63,0.0902940853450076,0.0653768014056379,0.0597296705965776,1497.1200000000008,947.7871428571428,0.0090312247623099,0.1038568277564192,0.0334690808668304,1.0,2,1,0.05796167
2019-06-29,11903.13,-0.0409458870294994,0.0675676053391345,0.0623377497132471,966.5200000000004,995.5842857142858,0.0118697401316436,0.0880322800793087,0.0307619440355604,1.0,2,1,0.059752923
2019-06-30,10854.1,-0.092258501950436,0.0645934191475408,0.0693880599629155,1413.9699999999991,1055.6535714285712,0.0132887266336004,0.0891076290084415,0.0256392790938879,0.992063492063492,2,1,0.059423786
2019-07-01,10624.93,-0.0213397622385809,0.0671776318524892,0.0695567276146929,1252.2800000000009,1109.8164285714286,0.0144256718898397,0.0802696251921277,0.029915562017076,0.996031746031746,2,1,0.05933943
2019-07-02,10842.85,0.0203027500310408,0.0632850442502048,0.0688721077289275,1211.75,1168.7728571428572,0.0147643493251764,0.0888503203109412,0.0276649423787061,0.984126984126984,2,1,0.059241008
2019-07-03,11940.0,0.0963882313799313,0.0596680975326851,0.0724335377999409,1150.8499999999983,1226.405,0.0144918871450423,0.0888503203109412,0.0197725583673371,0.9761904761904762,2,0,0.059334513
2019-07-04,11145.67,-0.068843026289322,0.0637160436751114,0.0759650879975522,945.0,1264.2764285714286,0.014067934098409,0.0852254421474007,0.0140266236270645,0.984126984126984,2,0,0.047507163
2019-07-05,10970.73,-0.0158202644789611,0.063554212953845,0.0746063716184826,610.3899999999994,1260.885,0.0131860975577731,0.0780674502319244,-0.0018225884517928,0.98015873015873,2,0,0.04713775
2019-07-06,11256.49,0.0257140340067181,0.0597808299793184,0.0735378679268189,700.4899999999998,1222.4714285714283,0.0123092275966276,0.0780674502319244,-0.0077867753598161,0.9682539682539684,2,0,0.046547275
2019-07-07,11406.24,0.0132157228671605,0.0566667078075568,0.0735006306174628,443.6299999999992,1194.3407142857145,0.0113580939111074,0.0780674502319244,-0.0079267113399839,0.9484126984126984,2,0,0.046168964
2019-07-08,12238.6,0.0704343173873738,0.0533678352654053,0.0756562676998044,1118.0300000000009,1236.8549999999998,0.0099680282882368,0.0780674502319244,-0.0138097965870839,0.9166666666666666,2,0,0.045790877
2019-07-09,12543.41,0.0246005366056962,0.0548679736311111,0.073919640898172,726.7299999999996,1229.9071428571426,0.0077449677256773,0.0780674502319244,-0.0084170706190936,0.9285714285714286,2,0,0.045205455
2019-07-10,12108.37,-0.0352984790619892,0.0521254513031174,0.0688553854772559,1578.08,1183.412857142857,0.0058559034437595,0.0734974667574854,-0.0075426462295676,0.8928571428571429,2,0,0.04534709
2019-07-11,11342.89,-0.0653058330821103,0.0502640390710802,0.0590970051971522,1111.7299999999996,1051.8978571428572,0.0057788087085089,0.0549598032262346,-0.0134520046040311,0.8690476190476191,2,0,0.044575643
2019-07-12,11757.22,0.0358764040480377,0.0515960183781779,0.0543021098178261,812.0,1002.960714285714,0.005988723333135,0.0549598032262346,-0.0119581945756671,0.8809523809523809,2,1,0.043307286
2019-07-13,11355.76,-0.0347424157818494,0.0498292272090954,0.054000204246324,969.9799999999996,1003.2078571428568,0.0059492724064392,0.0543461519000345,-0.009951602770223,0.8531746031746031,2,0,0.05591203
2019-07-14,10174.18,-0.1098719657846647,0.0481618509154145,0.0563832292884608,1349.0,998.5671428571428,0.0061432383690306,0.0588396698879242,-0.0085048568921423,0.8095238095238095,2,1,0.043438803
2019-07-15,10838.72,0.0632717694580105,0.0571052744521611,0.0589304582078911,1240.0,997.6899999999996,0.0053645868137354,0.0629541656223532,0.0037374391867558,0.9523809523809524,2,0,0.055284467
2019-07-16,9439.59,-0.1382123608477421,0.0572109006995036,0.0693337420612679,1677.9899999999998,1030.9928571428568,0.004960408196554,0.0782687846064048,0.0023429270683925,0.9523809523809524,2,0,0.04531331
2019-07-17,9667.92,0.0239006410754587,0.0692015392244591,0.0632231868482467,897.0,1012.860714285714,0.0060922098060169,0.0782687846064048,0.0170760879213416,1.0,2,1,0.045637544
2019-07-18,10627.16,0.094599800180406,0.0652373931559224,0.0674784292926928,1536.0,1055.0749999999996,0.0062472929042557,0.0797314829471126,0.0149733540848422,0.984126984126984,2,1,0.05854396
2019-07-19,10504.29,-0.0116292431172091,0.0680364288095422,0.0674283808762361,647.869999999999,1057.7521428571424,0.0067400368820958,0.0796111537045,0.0164404104313642,0.996031746031746,2,1,0.058658015
2019-07-20,10740.23,0.022212758971964,0.0638262024194363,0.0673196811703916,718.9899999999998,1059.0735714285713,0.0069663421515911,0.0796111537045,0.0139969752103409,0.9722222222222222,2,1,0.058847304
2019-07-21,10589.45,-0.0141382816453088,0.0602331432430292,0.0671986390897551,529.8999999999996,1065.235714285714,0.0070196370243661,0.0738990680135038,0.0120712923276146,0.9563492063492064,2,1,0.05853803
2019-07-22,10340.31,-0.023808373187613,0.0566762904540589,0.063654494827983,583.1599999999999,1027.030714285714,0.0069352025847685,0.0696368656017521,-0.0004289839981021,0.9206349206349206,2,0,0.058118787
2019-07-23,9864.91,-0.0470658330182462,0.0537416558995529,0.0633623295088152,521.9699999999993,1012.405,0.0069739478816011,0.0675027053321184,-0.0034692447999507,0.8888888888888888,2,1,0.045297097
2019-07-24,9763.28,-0.010355606728881,0.0526448641064794,0.0631633759663058,412.0,929.1135714285712,0.0069451966316348,0.0665589070848997,-0.0165566751179796,0.8611111111111112,2,0,0.0566377
2019-07-25,9879.87,0.0118709442370885,0.0495998260724591,0.0618241724133044,454.96999999999935,882.2021428571425,0.0069998336988533,0.0667138864634628,-0.0156375670834633,0.8055555555555556,2,1,0.044050913
2019-07-26,9824.0,-0.0056709823736866,0.0468348073911716,0.0604413834705402,252.97999999999956,842.2721428571424,0.0074055485124028,0.0629268545548993,-0.0212016214183705,0.746031746031746,2,1,0.055470925
2019-07-27,9476.52,-0.0360112111389678,0.0441748391421594,0.0604777053586433,855.6599999999999,834.1064285714282,0.0079614607337172,0.0630060606351991,-0.0196513632772769,0.6904761904761905,2,1,0.05488318
2019-07-28,9541.54,0.00683773774319,0.0432151830200491,0.0537561429693817,429.9899999999998,768.4628571428568,0.0084598949577844,0.0543783323410057,-0.0170179602229801,0.6746031746031746,2,1,0.05425861
2019-07-29,9507.64,-0.0035592120802121,0.0408680990232181,0.0501104956355929,334.0,703.7485714285712,0.0093972176821595,0.0512821088751481,-0.0158081914308408,0.6190476190476191,2,1,0.05376288
2019-07-30,9574.21,0.0069773392066476,0.0386737093523992,0.0337431924363298,312.28000000000065,606.197857142857,0.0103369774204054,0.023890467568249,-0.0150679465471536,0.5476190476190477,2,0,0.053011995
2019-07-31,10080.53,0.0515328154906118,0.0367134259669129,0.0359227736888555,554.7999999999993,581.7549999999998,0.0102557574063051,0.023890467568249,-0.0159314381395665,0.496031746031746,2,0,0.038055968
2019-08-01,10374.99,0.0287922616348197,0.0384657063639304,0.0259277560137996,604.4000000000015,515.2121428571427,0.0099820032200403,0.023890467568249,-0.0111341197085286,0.5436507936507936,2,0,0.03695033
2019-08-02,10523.75,0.01423650540886,0.037573290237769,0.0260880446005392,388.6499999999997,496.6964285714285,0.0089044105559368,0.0251589127335972,-0.0092615171534026,0.5317460317460317,2,0,0.037587043
2019-08-03,10816.86,0.0274714203042929,0.0359230339455754,0.0264655443752866,406.84000000000015,474.3999999999999,0.0080173238967133,0.0251589127335972,-0.008251805196584,0.4801587301587302,2,0,0.037478875
2019-08-04,10929.23,0.0103348234254081,0.0352180481011918,0.0262309361371874,488.0,471.4071428571428,0.0071984173722105,0.0265546769944431,-0.0079971349188572,0.4563492063492063,2,0,0.036809634
2019-08-05,11828.8,0.0790963844212608,0.0336486042133535,0.0321218048202913,1009.7200000000012,501.8757142857143,0.0065839776455117,0.0270705248853234,-0.0072194948098645,0.4087301587301587,1,0,0.036520224
2019-08-06,11481.69,-0.0297836432204263,0.0406392679018959,0.0300410483212789,1104.0,543.4492857142858,0.005642812033958,0.0216145291580214,0.0019655585494966,0.6428571428571429,2,0,0.026306342
2019-08-07,11975.03,0.0420700559127755,0.0395809531625183,0.0304602043752175,758.3299999999999,568.1871428571429,0.0045447968650511,0.0236045586851965,0.0028675271956054,0.6111111111111112,2,0,0.038416695
2019-08-08,11999.77,0.0020638344246037,0.039762256327555,0.0306396720317303,539.0,574.1892857142858,0.0036277865031106,0.0236045586851965,0.0012965499636245,0.626984126984127,2,0,0.03840677
2019-08-09,11879.99,-0.0100320107543474,0.0376495915915885,0.0308750469957374,345.6800000000003,580.8107142857144,0.002941048422825,0.0239644630733938,7.630135381949538e-05,0.5476190476190477,2,0,0.03854729
2019-08-10,11309.31,-0.0492291918738949,0.035850656542875,0.0326585389335376,715.0,570.7635714285716,0.0025721334477598,0.0292569990192333,-7.237740270040621e-05,0.4880952380952381,2,0,0.037521552
2019-08-11,11549.97,0.0210565592524236,0.0374456472266152,0.0326856587984316,487.8899999999994,574.8992857142858,0.002115990819054,0.0292569990192333,0.0022275991254233,0.5476190476190477,2,0,0.036939945
2019-08-12,11396.08,-0.0134134029437902,0.0361407833110791,0.0331868985571735,342.5699999999997,575.5114285714287,0.001944377359815,0.029963057897794,0.0024921790977256,0.496031746031746,2,0,0.037680488
2019-08-13,10892.71,-0.0451756784737931,0.034592194926308,0.0366537993023909,667.7099999999991,600.8992857142857,0.0020387719219736,0.03356182736358,-0.0060470729755878,0.4404761904761904,2,0,0.037081268
2019-08-14,10050.37,-0.0804843083964552,0.0358768403292674,0.0415803110996238,969.3799999999992,630.5121428571429,0.0020626510644821,0.0449253179880593,-0.0037041128332509,0.496031746031746,2,0,0.03641237
2019-08-15,10293.93,0.0239449513819334,0.04252035418611,0.0413396835391633,549.0,626.555,0.0025153084116896,0.0449253179880593,0.0027580978585549,0.7301587301587301,2,0,0.037574183
2019-08-16,10331.54,0.0036469512389487,0.0408783356634706,0.0411445379305997,786.0300000000007,654.9392857142857,0.0026903397391269,0.0449253179880593,0.0032287440718821,0.6904761904761905,2,0,0.040699136
2019-08-17,10216.02,-0.0112442759269626,0.0386839053037406,0.0403542851342726,465.1399999999994,659.1035714285714,0.0026628043225376,0.0418093272558223,0.0028332487608656,0.5992063492063492,2,0,0.040285032
2019-08-18,10306.78,0.0088448546679575,0.036828125315585,0.0403152846301651,420.0,654.2464285714285,0.0025785154219373,0.0418093272558223,-0.0006175219110301,0.5357142857142857,2,0,0.03897905
2019-08-19,10915.54,0.0573855308704942,0.0350710390388343,0.0371592303161237,671.3999999999996,630.0807142857141,0.0024229651489913,0.0418093272558223,-0.0010697442722448,0.4603174603174603,2,0,0.0380841
2019-08-20,10760.51,-0.0143045106002492,0.0379594176084508,0.0366150726427455,389.9599999999991,579.0778571428569,0.0022981437676738,0.040626684649241,0.0033672226821427,0.5873015873015873,2,0,0.03709958
2019-08-21,10142.57,-0.0591415336538005,0.0362760351762961,0.0366761366117013,946.1299999999992,592.4921428571425,0.0022678288434484,0.0433754157646439,0.0003991948470287,0.5119047619047619,2,0,0.03866039
2019-08-22,10099.88,-0.004217875137602,0.0391902370627999,0.0365307872320855,480.0,588.2778571428569,0.0022295063084209,0.0409188954080333,-0.00333011712331,0.6388888888888888,2,0,0.037830096
2019-08-23,10389.55,0.0282769507088378,0.0371439729703535,0.0381151038726111,425.2099999999991,593.9585714285711,0.0022309455574334,0.0432558706607363,-0.003734362693117,0.5555555555555556,2,0,0.039257567
2019-08-24,10134.35,-0.0248698496385291,0.0363614269271094,0.0366952161723883,529.4200000000001,580.7028571428567,0.0022066245811869,0.0405640833457276,-0.0023224783766312,0.5238095238095238,2,0,0.038333904
2019-08-25,10142.69,0.000822605318163,0.0354149309097324,0.0358586728399099,426.03000000000065,576.2842857142854,0.0022759665028889,0.0405640833457276,-0.0014131944058526,0.4801587301587302,2,0,0.037815373
2019-08-26,10372.25,0.0223807217641383,0.0336705805990684,0.0368049192852917,466.0699999999997,585.105714285714,0.0024650424537292,0.0430674545383677,-0.0014004584397659,0.4126984126984127,1,0,0.037270706
2019-08-27,10185.05,-0.0182130118942378,0.0328491621338348,0.0353132828773461,340.0,561.697857142857,0.0026431763686163,0.0401328354336174,-0.005110255474616,0.3888888888888889,1,0,0.026764732
2019-08-28,9721.0,-0.0466324650079528,0.0318561680197069,0.030573013476009,697.9899999999998,542.312857142857,0.0029778908063036,0.0315580513934353,-0.0044198671565892,0.3611111111111111,1,0,0.026186507
2019-08-29,9498.44,-0.0231609192427768,0.0338055534432562,0.0300404326701704,404.0,531.9557142857141,0.0025643017577338,0.0306345442972989,-0.0053846836195437,0.4325396825396825,1,0,0.025672045
2019-08-30,9584.54,0.00902380909619,0.0330228390211009,0.0302036679238319,345.59000000000015,500.4957142857141,0.0022933495964063,0.0306345442972989,-0.0041211339492526,0.4047619047619047,1,0,0.026286613
2019-08-31,9587.47,0.0003056539218171,0.0316193822286407,0.0301883357171566,263.7600000000002,486.1114285714284,0.0023349162785346,0.0324727769354659,-0.0047420446984687,0.3571428571428571,1,0,0.026058476
2019-09-01,9724.98,0.014240795332963,0.0302158861726028,0.0304059722940012,310.0,478.2542857142856,0.002606297510601,0.0324727769354659,-0.0051990447371295,0.3293650793650793,1,0,0.025668364
2019-09-02,10340.0,0.0613220361331574,0.0292907062482693,0.0310305833790849,737.5,482.97571428571416,0.0029604199875765,0.0324727769354659,-0.004379874350799,0.3214285714285714,1,0,0.025403868
2019-09-03,10615.28,0.0262746034943592,0.0341301473770944,0.0318648463819625,501.0,490.9071428571428,0.0027552709536598,0.0345850393228803,0.0012809852432595,0.4603174603174603,2,0,0.025326412
2019-09-04,10567.02,-0.0045566424327674,0.0335406754644117,0.0271972429020569,429.1100000000006,453.9771428571429,0.0026708597458263,0.0248320748801745,0.0016845074447048,0.4325396825396825,1,0,0.036482107
2019-09-05,10564.49,-0.0002394528372153,0.03199421492468,0.0271375505343884,450.0,451.8342857142857,0.0021860400166589,0.0247724932270734,-0.0018113385185761,0.3849206349206349,1,0,0.026473757
2019-09-06,10298.73,-0.0254777906421335,0.030556091286633,0.0271212565514325,755.8700000000008,475.4528571428573,0.0019722727527791,0.0248744744097145,-0.0024667477344678,0.3531746031746032,1,0,0.025756668
2019-09-07,10455.88,0.015143912929421,0.0303375993014859,0.0264705434308919,269.4300000000003,456.88214285714304,0.0017673391763382,0.0248752451213174,-0.0012817829271547,0.3452380952380952,1,0,0.025401693
2019-09-08,10381.18,-0.0071699481611613,0.0294445698379357,0.0265891777693903,384.5,453.9157142857144,0.0016778784712317,0.0231888984390237,-0.0007713163346671,0.3253968253968254,1,0,0.025351088
2019-09-09,10303.12,-0.0075477894426025,0.028336294131531,0.0259915042535729,411.5,450.0178571428573,0.0018382294105086,0.0218547597824174,-0.0009544121167383,0.2896825396825397,1,0,0.025119793
2019-09-10,10098.15,-0.0200945232351656,0.0273489539747981,0.0260949207779393,431.9899999999998,456.5885714285715,0.0020972077471598,0.022059919149235,-0.0067811934022962,0.246031746031746,1,0,0.024763357
2019-09-11,10158.33,0.0059418198083367,0.0271083096306892,0.0224977363098635,413.0,436.232142857143,0.0023369357906198,0.0156685921978987,-0.0064323658337225,0.238095238095238,1,0,0.024328928
2019-09-12,10415.01,0.0249539763047437,0.0262061130455413,0.0218356863849393,408.8099999999995,436.5757142857143,0.0024566178594675,0.0140362939676512,-0.0057881018791387,0.1904761904761904,0,0,0.024111744
2019-09-13,10342.06,-0.0070289593231311,0.0265255684987534,0.0221171525822153,286.0,432.3192857142858,0.0025007514055363,0.0132638690716234,-0.0040305227878796,0.2142857142857142,0,0,0.017880928
2019-09-14,10335.02,-0.0006809472393616,0.0257111117865714,0.0221363113570939,197.65999999999983,427.5978571428572,0.0026566880296086,0.0124095489865011,-0.0046264875149144,0.1785714285714285,0,0,0.017932992
2019-09-15,10302.01,-0.00319910647538,0.024885464347964,0.0220889439553659,107.85000000000036,413.1585714285715,0.0028928239179495,0.0117483309955442,-0.0045591054899716,0.1428571428571428,0,0,0.017745283
2019-09-16,10251.31,-0.0049335195321074,0.0241667556672812,0.0147777058351346,277.0,380.2657142857143,0.0031593861374786,0.0112541065642789,-0.0041695384642497,0.119047619047619,0,0,0.017586451
2019-09-17,10187.82,-0.0062126131795086,0.0235555697591076,0.012624222164929,146.98999999999978,354.97928571428577,0.002993268146912,0.0108926401679786,-0.0037933842156904,0.1031746031746031,0,0,0.01754452
2019-09-18,10156.99,-0.0030307507024094,0.0230432552362886,0.0126157364099128,158.02000000000044,335.6157142857143,0.0027603147336851,0.0108442199421029,-0.0040650543944006,0.0873015873015873,0,0,0.01753607
2019-09-19,10244.29,0.0085583387765773,0.0225245649888175,0.0129687122073216,672.0,351.4728571428572,0.0026221492678964,0.0113732617573785,-0.0036815480567237,0.0714285714285714,0,0,0.017520454
2019-09-20,10168.59,-0.0074169198099944,0.022209117934135,0.0112606923546558,219.61000000000055,313.16857142857145,0.0025551851483284,0.0083630360126092,-0.0043164505646184,0.0634920634920634,0,0,0.017394494
2019-09-21,9986.39,-0.0180803913884322,0.0218903986781189,0.011117546782472,276.7000000000007,313.68785714285724,0.0023974388305502,0.0096592125890302,-0.0038207131084525,0.0555555555555555,0,0,0.017440926
2019-09-22,10028.87,0.004244767620694,0.0222284910475621,0.0112284541879491,235.03000000000063,303.01142857142867,0.0021834202405209,0.0098736827455977,-0.0026569733004019,0.0714285714285714,0,0,0.017424833
2019-09-23,9702.25,-0.0331101162390954,0.0218231126802202,0.013882945674161,434.21999999999935,304.6342857142858,0.0020370244344817,0.0141922752985688,-0.002343642987061,0.0515873015873015,0,0,0.017546859
2019-09-24,8493.14,-0.1330990385485098,0.0238381322109086,0.0371431163694655,1994.99,416.2771428571429,0.0018290763212793,0.0439610861785656,0.0002825624518009,0.1428571428571428,0,0,0.01752175
2019-09-25,8430.05,-0.007456075631163,0.048008846128976,0.0368062620882404,514.3600000000006,423.51714285714297,0.0066789025906685,0.0419754950632025,0.0249655908926874,0.8452380952380952,2,0,0.018104222
2019-09-26,8063.73,-0.0444264745686595,0.0452804400387166,0.0359164448077047,715.9899999999998,445.4585714285716,0.0085292481932999,0.042185182713059,0.022755875049899,0.8134920634920635,2,0,0.042040806
2019-09-27,8177.91,0.0140603881205461,0.0449533617587087,0.0368544789863676,412.8500000000003,454.5192857142859,0.0098044185696242,0.0440099879337777,0.0227442438245737,0.8095238095238095,2,0,0.04234032
2019-09-28,8198.81,0.0025524050416159,0.0426398154105122,0.0369730007276063,313.90999999999985,462.8228571428573,0.0104995881697699,0.0461575624660803,0.0207494167323933,0.7857142857142857,2,0,0.042419326
2019-09-29,8043.82,-0.0190849270546422,0.0402908239880792,0.0367753391950754,339.1299999999992,479.3428571428572,0.0107975463754422,0.0465394519591081,0.0180623329405171,0.7341269841269841,2,0,0.042161833
2019-09-30,8289.34,0.0300662572519421,0.0386014764398746,0.0388397501768304,627.2600000000002,504.3614285714287,0.0108393894085184,0.0490293180676029,0.0167783637596544,0.6746031746031746,2,0,0.041447993
2019-10-01,8292.44,0.0003739043740917,0.0377928802311482,0.0389962245381898,326.9499999999998,517.2157142857144,0.0107045549128016,0.0519570371906556,0.0139547480202395,0.6547619047619048,2,0,0.0407329
2019-10-02,8359.94,0.0081069936781918,0.0358416666717705,0.0393645449226108,222.6899999999996,521.835,0.0103754376490904,0.0555325956523724,-0.0121671794572054,0.5714285714285714,2,0,0.040525448
2019-10-03,8223.96,-0.0163994051496114,0.0341549859048153,0.0388303596284466,333.0,497.6207142857143,0.0098899417437131,0.0522685669744378,-0.0111254541339013,0.5119047619047619,2,0,0.039253157
2019-10-04,8137.13,-0.0106143068967714,0.0329307739949602,0.0387873327879669,227.40999999999983,498.17785714285714,0.0092819378925987,0.0523374597682211,-0.0120225877637484,0.4603174603174603,1,0,0.038328987
2019-10-05,8126.19,-0.00134535896116,0.031585334534248,0.0389730266386488,170.4300000000003,490.5871428571428,0.0085606895015779,0.0519477947052336,-0.0110544808762641,0.4166666666666667,1,0,0.027648788
2019-10-06,7854.25,-0.034037392466411,0.0301878230012577,0.0388826623406353,368.8699999999999,500.14714285714274,0.0078294035340685,0.0502738402085234,-0.0101030009868214,0.3809523809523809,1,0,0.02695484
2019-10-07,8190.09,0.0418701002521793,0.030850544975908,0.0416279047000515,537.9200000000001,507.5542857142856,0.0068586745307983,0.05202265286205,-0.0077509314639665,0.4087301587301587,1,0,0.026512261
2019-10-08,8168.39,-0.0026530597865281,0.0323436256508101,0.0228054030959773,236.25,381.9299999999999,0.005923132728093,0.0221994818355521,-0.005449254580338,0.4444444444444444,1,0,0.02681331
2019-10-09,8560.74,0.0469148079862566,0.0308847250113578,0.0263091019393277,555.0,384.83285714285705,0.0053320316963058,0.0235643280232718,-0.0049569416604127,0.4047619047619047,1,0,0.02641752
2019-10-10,8558.03,-0.0003166115348971,0.0330543768592577,0.0228518068512982,229.47999999999956,350.08214285714274,0.004715340626428,0.0165327877114484,-0.0011006090455575,0.4682539682539682,1,0,0.026043724
2019-10-11,8258.5,-0.0356270505014109,0.0315195919233088,0.0249710779834646,567.130000000001,361.1021428571429,0.0039314421392203,0.01994560795643,-0.0014111820716514,0.4047619047619047,1,0,0.026494931
2019-10-12,8300.09,0.0050233851382497,0.032156881350232,0.0249938968703295,150.0,349.3942857142857,0.0031845024229577,0.01994560795643,0.000571546815984,0.4365079365079365,1,0,0.025980022
2019-10-13,8275.01,-0.0030262283956474,0.0307446643828316,0.0243679668415512,291.3700000000008,345.9828571428572,0.0026480605105204,0.0188000725784318,0.0005568413815738,0.3849206349206349,1,0,0.026274528
2019-10-14,8348.2,0.0088058170405709,0.0294379933325914,0.0231162784720521,185.85000000000036,314.45357142857154,0.002275665592387,0.0188000725784318,-0.0014125516433165,0.3412698412698413,1,0,0.025752824
2019-10-15,8159.29,-0.0228887913756601,0.0283763129108678,0.0239475828074401,313.0,313.45714285714297,0.0019203800124893,0.0192972036036109,-0.0039673127399423,0.3055555555555556,1,0,0.02528974
2019-10-16,7991.74,-0.0207486471019961,0.0282220268838847,0.0243277437669998,264.15999999999985,316.4192857142858,0.001732742162415,0.0194472233463703,-0.002662698127473,0.2936507936507936,1,0,0.02494995
2019-10-17,8070.58,0.0098168425423601,0.0279213099545801,0.0242438561014615,195.89000000000033,306.6257142857144,0.0017088322246397,0.0197568679185942,-0.0051330669046776,0.2738095238095238,1,0,0.024862599
2019-10-18,7947.01,-0.015429593533156,0.0270489746422643,0.0244190045563872,298.9899999999998,311.73857142857156,0.0018437723542707,0.0201064205203616,-0.0044706172810444,0.2341269841269841,1,0,0.024643611
2019-10-19,7948.01,0.0001258255732086,0.0265365409431323,0.0244237608187361,231.1800000000003,316.0778571428573,0.0020565287929437,0.0213207742722332,-0.0056203404070997,0.2063492063492063,0,0,0.024349045
2019-10-20,8223.35,0.0340560857573049,0.0256250330626084,0.024243170733718,427.0,320.23000000000013,0.0023555698456259,0.0188151126135641,-0.0051196313202232,0.1666666666666666,0,0,0.018459868
2019-10-21,8197.27,-0.0031764966157439,0.0270376255000155,0.0215693403276007,190.97000000000023,295.4478571428573,0.0024222111549721,0.0176357214531243,-0.0024003678325759,0.242063492063492,1,0,0.018114697
2019-10-22,8020.0,-0.0218627501300758,0.0260945875881768,0.0223521838356023,297.9899999999998,299.8578571428573,0.0024039651343925,0.0192324286245808,-0.0022817253226909,0.1904761904761904,0,0,0.024153974
2019-10-23,7466.62,-0.0714960017050696,0.0261556826819466,0.0249524275301418,747.5900000000001,313.61428571428587,0.0024363169817352,0.0299458191224085,-0.002066344201938,0.1944444444444444,0,0,0.018446367
2019-10-24,7412.41,-0.0072867975758335,0.0338944558371831,0.0248185297392436,165.6900000000005,309.05785714285736,0.0025624345189987,0.0300439787316586,0.0059731458826029,0.5,1,0,0.01851375
2019-10-25,8655.02,0.1549838768309879,0.032365767490355,0.0496730615455461,1438.0,371.2628571428573,0.0026445856591207,0.029271315299336,0.0053167928480907,0.4365079365079365,1,0,0.027052682
2019-10-26,9230.0,0.0643195490862531,0.057870773958747,0.0522860029244752,1899.6200000000008,496.2357142857145,0.0082431513259064,0.029271315299336,0.0313342330156147,0.9444444444444444,2,0,0.026603114
2019-10-27,9529.93,0.0319783238987696,0.0579891625348851,0.0525756884367036,720.6399999999994,526.8978571428572,0.0110405835658601,0.0312714409566175,0.0323641294722766,0.9444444444444444,2,0,0.043319654
2019-10-28,9205.14,-0.0346753487186717,0.0553548203438648,0.0539240869460065,742.1000000000004,566.6300000000001,0.012561194402656,0.0317169137552899,0.0283171948438492,0.9166666666666666,2,0,0.044025686
2019-10-29,9407.62,0.0217579754892049,0.0531331841267747,0.0533388160625795,478.0,578.4157142857144,0.0133761278207431,0.0327845873514751,0.0270385965385979,0.8928571428571429,2,0,0.043657895
2019-10-30,9154.72,-0.0272504059054217,0.0504127227865621,0.053656076794246,408.8299999999999,588.7492857142859,0.0136834100726979,0.0334576116475172,0.0242570401046155,0.8650793650793651,2,0,0.04336266
2019-10-31,9140.85,-0.0015162143247948,0.0482077401278235,0.0537396745384521,492.0,609.9000000000002,0.0136452298002512,0.031301320551159,0.0143132842906404,0.8333333333333334,2,0,0.042951535
2019-11-01,9231.61,0.0098800855521599,0.045404859115148,0.0532822094873915,249.0,606.3292857142858,0.0132725836074537,0.032950415105499,0.0130390916247929,0.7896825396825397,2,0,0.042277794
2019-11-02,9289.52,0.0062534185241691,0.0429366574870526,0.0532137662781554,187.53000000000063,603.2114285714288,0.0126612525519737,0.032950415105499,-0.0149341164716943,0.7579365079365079,2,0,0.04169337
2019-11-03,9194.71,-0.0102585643510781,0.0406033177655501,0.0530635892232174,296.4300000000003,593.8850000000002,0.0118112926168748,0.031034954349729,-0.0173858447693349,0.7103174603174603,2,0,0.040844183
2019-11-04,9393.35,0.0213736734297729,0.0385509594352016,0.0530723700637324,397.84000000000015,608.6614285714287,0.0110125083946063,0.0331560315589535,-0.0168038609086631,0.6388888888888888,2,0,0.040037673
2019-11-05,9308.66,-0.0090568424357062,0.0371529888528553,0.0525942078179806,279.1900000000005,607.3185714285717,0.0100200595420103,0.0322917582426744,-0.0159801952739194,0.5992063492063492,2,0,0.039161425
2019-11-06,9339.05,0.0032593843323631,0.0353722888316759,0.0471237663483513,190.89999999999964,567.5550000000002,0.0089865741248981,0.0190946122113544,-0.0150404339548862,0.5198412698412699,2,0,0.038559984
2019-11-07,9216.2,-0.0132417288985742,0.0336464247399911,0.0473761625118608,274.0,575.2914285714287,0.0090102517205548,0.0196208700891176,-0.0145613153878324,0.4484126984126984,1,0,0.03698669
2019-11-08,8773.73,-0.0492007755740555,0.0323295833471451,0.0290285512835698,565.0,512.9342857142858,0.0090141369392149,0.0259961194230786,-0.0130752757680029,0.3968253968253968,1,0,0.02642579
2019-11-09,8809.41,0.0040584388196354,0.0345500325385918,0.0226883427627405,155.1200000000008,388.327142857143,0.0085824605795256,0.0259961194230786,-0.0083866249484608,0.4880952380952381,2,0,0.02594031
2019-11-10,9039.47,0.0257800760142608,0.0329059945443932,0.0219962406569058,397.1900000000005,365.2235714285716,0.0078588313733502,0.0259961194230786,-0.0076973232211569,0.4087301587301587,1,0,0.03653158
2019-11-11,8733.27,-0.0344606742025455,0.0324228907599882,0.0219731045284789,453.6399999999994,344.61928571428587,0.0070946089948256,0.0259553072831667,-0.0061280686752133,0.3968253968253968,1,0,0.026497047
2019-11-12,8821.94,0.0101019303164999,0.0328025232645422,0.0211368006136043,320.39999999999964,333.36214285714294,0.0061846581097233,0.0259553072831667,-0.004350465588313,0.3968253968253968,1,0,0.026174258
2019-11-13,8777.12,-0.005093464866702,0.0314525699077865,0.0201144553382151,142.98999999999978,314.37357142857155,0.0053688433151329,0.0239018965042028,-0.0039197189238893,0.3412698412698413,1,0,0.026172291
2019-11-14,8646.68,-0.0149729033750016,0.0301073510811153,0.0203577018213356,217.39999999999964,294.7592857142858,0.0045916965977622,0.0245560394813919,-0.0035390736588757,0.3055555555555556,1,0,0.025561344
2019-11-15,8471.73,-0.0204406941361749,0.0292301174558637,0.0203837572211588,390.0,304.83071428571435,0.0039622127801708,0.0240801149858405,-0.0030994658912813,0.2896825396825397,1,0,0.025159415
2019-11-16,8491.02,0.002274396346749,0.0287847548875214,0.0202248465462238,143.0,301.65000000000003,0.0034353429789548,0.0240801149858405,-0.0057652776510703,0.2817460317460317,1,0,0.02504107
2019-11-17,8502.4,0.0013393421337379,0.0276589391487796,0.0202929289614121,284.3199999999997,300.78499999999997,0.0031231045557535,0.0254490453351825,-0.0052470553956135,0.246031746031746,1,0,0.024892312
2019-11-18,8187.17,-0.03778018177778,0.0266377925648878,0.0204045576916317,443.5200000000005,304.04785714285714,0.0030097463393467,0.0272967935261344,-0.0057850981951004,0.1984126984126984,0,0,0.024618518
2019-11-19,8133.64,-0.0065597469673104,0.0283479364158926,0.0204226168005128,215.6299999999992,299.50785714285706,0.0027075761130719,0.0272073597116599,-0.0044545868486496,0.2698412698412698,1,0,0.018609729
2019-11-20,8098.01,-0.004390195356251,0.0273340080125559,0.0201515313096212,225.89000000000124,302.00714285714287,0.0025957466400234,0.0256930539577945,-0.0041185618952305,0.2222222222222222,1,0,0.02471077
2019-11-21,7627.74,-0.0598267502749312,0.0263783666005192,0.0241455016428552,634.7299999999996,327.7735714285714,0.0026626285486649,0.0322233418836217,-0.003728984480596,0.1706349206349206,0,0,0.02443109
2019-11-22,7268.23,-0.0482788066042498,0.0317207571391277,0.0240417106932345,960.0,355.98785714285714,0.0026275794049589,0.0320680192184968,0.0024906396832639,0.3571428571428571,1,0,0.018451493
2019-11-23,7311.57,0.0059452293799644,0.033925316666116,0.0241524192366756,264.46999999999935,363.79857142857134,0.0025489289639208,0.0320680192184968,0.0051405617785946,0.4642857142857143,1,0,0.025777679
2019-11-24,6903.28,-0.0574613640096188,0.0323664683790915,0.0240344548294347,469.3900000000003,368.9557142857142,0.002504974699001,0.0354358985539055,0.0047075292303118,0.3849206349206349,1,0,0.026953738
2019-11-25,7109.57,0.029445102813371,0.0358275409120947,0.0268308110372529,862.6899999999996,398.17357142857134,0.002898797249086,0.0355426051016911,0.0091897483472069,0.5357142857142857,2,0,0.026321512
2019-11-26,7156.14,0.0065289656707854,0.0352926047880333,0.0265927619623912,322.52000000000044,398.32499999999993,0.0031383259986699,0.0355426051016911,0.0069446683721406,0.5079365079365079,2,0,0.037560504
2019-11-27,7508.52,0.0480676463251796,0.0336212613037671,0.0314584745402476,815.0,446.32571428571424,0.0032479193926055,0.0376555899110353,0.0062872532912112,0.4285714285714285,1,0,0.03752714
2019-11-28,7419.49,-0.0119280541190978,0.0354484619757867,0.0314405372257564,283.0,451.01142857142855,0.0035000464236399,0.0375193920725928,0.0090700953752675,0.5198412698412699,2,0,0.02693015
2019-11-29,7739.68,0.0422500214142935,0.0339099587751809,0.0343152108655321,487.6999999999998,457.9899999999999,0.0035515801661399,0.0393588187163161,0.0021892016360532,0.4484126984126984,1,0,0.037525784
2019-11-30,7541.89,-0.0258875293386271,0.0349445131574678,0.0345884503136014,369.0,474.1328571428571,0.0036061540622491,0.0379374163103939,0.0010191964913517,0.4841269841269841,2,0,0.027128976
2019-12-01,7390.89,-0.0202246530128569,0.0342307944905627,0.0345983104985015,331.8900000000003,477.5307142857143,0.003468637199297,0.0363975228704671,0.0018643261114712,0.4642857142857143,2,0,0.03700326
2019-12-02,7294.28,-0.0131576813605978,0.0332099132276644,0.0336918623491683,269.46000000000004,465.0978571428571,0.003090553806138,0.0344299602794177,-0.0026176276844303,0.4007936507936508,1,0,0.03697441
2019-12-03,7292.71,-0.0002152603115597,0.0319323036154503,0.0337589252601003,158.64999999999964,461.0278571428571,0.0028492512439905,0.0343605321720318,-0.0033603011725829,0.3253968253968254,1,0,0.026441853
2019-12-04,7194.32,-0.0135833932575391,0.0304998579120732,0.0337770029910372,683.0,493.6785714285714,0.0024777246799377,0.0346266600844398,-0.0031214033916939,0.2738095238095238,1,0,0.02551287
2019-12-05,7389.0,0.0267005820099797,0.0295139670733337,0.0314924334224777,335.0,472.2692857142857,0.0018979078299896,0.0300245946037807,-0.005934494902453,0.25,1,0,0.02499066
2019-12-06,7527.47,0.0185665881723853,0.0295371274260099,0.0289448087029885,285.02999999999975,424.0571428571428,0.0021163710737661,0.0264060790669781,-0.004372831349171,0.25,1,0,0.024613138
2019-12-07,7488.21,-0.0052292123250605,0.0289295835689039,0.0289966192688543,149.46000000000004,415.8421428571429,0.0023821407325976,0.0247697187695507,-0.0060149295885638,0.2222222222222222,1,0,0.024589252
2019-12-08,7510.11,0.00292032915209,0.0278294117046839,0.0234862142587255,189.14000000000033,395.82428571428574,0.0027296081774935,0.0151492733891532,-0.0064013827858788,0.1825396825396825,1,0,0.02430613
2019-12-09,7338.64,-0.0230965734506334,0.0268038555568207,0.0236520967114421,377.0,361.13214285714287,0.0029360580504806,0.0163552556334945,-0.0064060576708437,0.1309523809523809,0,0,0.023738395
2019-12-10,7224.13,-0.0157267278322041,0.02687354615129,0.0240873867898259,250.5,355.98785714285714,0.0030341663543653,0.0162866170793482,-0.0050587574641602,0.1309523809523809,1,0,0.017820131
2019-12-11,7210.0,-0.0019578602262306,0.0263990029357682,0.0198548336660333,149.84000000000017,308.4764285714286,0.0032062603652137,0.0154632411856936,-0.004100854976305,0.1031746031746031,0,0,0.023314666
2019-12-12,7198.08,-0.0016546275033917,0.0255089967612697,0.0196845292042223,214.69999999999985,303.59785714285715,0.0031787249168353,0.0150052577344615,-0.004004970312064,0.0595238095238095,0,0,0.017883193
2019-12-13,7258.48,0.0083561167318517,0.0247090108255647,0.0154254026891646,118.28999999999996,277.2114285714286,0.0032602156523665,0.0150052577344615,-0.0048281166004452,0.0476190476190476,0,0,0.017620038
2019-12-14,7064.05,-0.0271518991060126,0.0241326254161067,0.0155628073261339,259.77000000000044,269.4092857142858,0.003110571568861,0.0152270780078811,-0.0047969581527972,0.0357142857142857,0,0,0.017634373
2019-12-15,7118.59,0.0076911306854512,0.024990094389304,0.0152014561805294,191.94999999999985,259.4135714285714,0.0027821814304265,0.0145663327844669,-0.0028393173153799,0.0634920634920634,0,0,0.017602336
2019-12-16,6891.72,-0.0323889810780606,0.0243605125621479,0.0169852178188399,314.0,262.59499999999997,0.0024761394681065,0.0175926877915496,-0.0024433429946728,0.0436507936507936,0,0,0.017751452
2019-12-17,6623.82,-0.0396484482259982,0.0257909816167455,0.0193977606326993,382.21,278.56357142857144,0.0021062793851701,0.0220037296921994,-0.0010825645345445,0.0952380952380952,0,0,0.017717134
2019-12-18,7277.83,0.0941604980510639,0.0279199626948133,0.033078926495061,1005.0,301.56357142857144,0.0018607981986194,0.0228390250200108,0.001520959759045,0.2142857142857142,1,0,0.018022042
2019-12-19,7150.3,-0.0176784269841014,0.0400733067463342,0.0325303350337425,341.6899999999996,302.0414285714286,0.0040070351835706,0.0223246134508022,0.0145643099850645,0.7222222222222222,2,0,0.024177965
2019-12-20,7187.83,0.0052350042453159,0.038337442362581,0.0320628547544294,140.5,291.71785714285716,0.0049453663803792,0.0223246134508022,0.0136284315370163,0.6626984126984127,2,0,0.03816096
2019-12-21,7132.75,-0.007692463798028,0.0363771415919699,0.0320810220231638,85.57999999999993,287.15500000000003,0.0054249177030559,0.0224036818137184,0.0122445161758632,0.6031746031746031,2,0,0.03782068
2019-12-22,7501.44,0.0503981477976758,0.0346330326969837,0.0351696826014133,396.0699999999997,301.93571428571425,0.0056525669894205,0.0224036818137184,0.0096429383076797,0.5119047619047619,2,0,0.037003886
2019-12-23,7317.09,-0.0248822941633743,0.0365972552169819,0.0352626844389053,429.54,305.6885714285714,0.0059494129674393,0.0226151411594711,0.012236742654834,0.6031746031746031,2,0,0.036286887
2019-12-24,7255.77,-0.0084156935439843,0.0356258376195506,0.0350688195582348,279.6400000000003,307.77,0.0060806619733023,0.0221773042557858,0.0098348560028051,0.5595238095238095,2,0,0.03740057
2019-12-25,7204.63,-0.0070731394993277,0.0339660829661417,0.0351208988753766,142.91000000000076,307.27500000000003,0.0060347920579654,0.0222927280175864,0.0060461202713284,0.4722222222222222,1,0,0.03690509
2019-12-26,7202.0,-0.0003651096792527,0.03242610559103,0.0351180667777215,277.8800000000001,311.7878571428572,0.0058367173147796,0.0222862364478808,-0.0076472011553041,0.3888888888888889,1,0,0.02717879
2019-12-27,7254.74,0.0072962831137441,0.0309485172058882,0.0350998961692482,199.4399999999996,317.5842857142857,0.0055137984991151,0.0222862364478808,-0.0073889251566927,0.3214285714285714,1,0,0.025930997
2019-12-28,7316.14,0.0084278181450638,0.0296967371512136,0.0342637224508379,126.34000000000016,308.05357142857144,0.0050980483485953,0.0216011035309384,-0.0066804044407562,0.2817460317460317,1,0,0.025309365
2019-12-29,7388.24,0.0098066804348615,0.0285978130829629,0.034293008268138,240.44999999999985,311.51785714285717,0.0047833731857342,0.0216011035309384,-0.0060352196140208,0.246031746031746,1,0,0.024890374
2019-12-30,7246.0,-0.0194399544474688,0.0276547618811349,0.0334390911208927,188.23999999999975,302.53499999999997,0.0044179131869958,0.0195631257844933,-0.0089424933358469,0.1984126984126984,1,0,0.024585973
2019-12-31,7195.23,-0.0070312860009735,0.0273288828512188,0.0312608312254513,174.98999999999978,287.7335714285714,0.004247109641342,0.0138706824804022,-0.0082969547683318,0.1746031746031746,1,0,0.024044808
2020-01-01,7200.85,0.0007807681376448,0.0264307115581907,0.0182282808613994,79.85000000000036,221.65142857142857,0.004396650680863,0.0138706824804022,-0.007535371407951,0.1309523809523809,0,0,0.02360053
2020-01-02,6965.71,-0.0331995343103965,0.0255311630138832,0.0197453201385387,287.7600000000002,217.79928571428576,0.0042523725605375,0.0170618322491024,-0.0068949425771468,0.0793650793650793,0,0,0.017994117
2020-01-03,7344.96,0.0530148234303009,0.0268537828729597,0.024599929902409,533.96,245.90357142857147,0.0039774550882647,0.0170618322491024,-0.0040947343329285,0.1587301587301587,1,0,0.017783161
2020-01-04,7354.11,0.0012449768838216,0.0308467670568595,0.0244573336607538,131.78999999999996,249.20428571428576,0.0036536033865444,0.0180066454331573,0.0011500299056458,0.3095238095238095,1,0,0.023031171
2020-01-05,7358.75,0.0006307407470522,0.0295176330613973,0.020147330003945,177.0,233.55642857142865,0.0034602030506905,0.0180066454331573,0.0009198199784343,0.2698412698412698,1,0,0.024623763
2020-01-06,7758.0,0.0528344876574404,0.0283124741067798,0.0235846228731461,448.5799999999999,234.91642857142864,0.0029412651301809,0.0165858694649764,0.0006577122256448,0.2182539682539682,1,0,0.023958605
2020-01-07,8145.28,0.0487140493637152,0.0319281413735778,0.0260511553588003,483.97000000000025,249.51142857142864,0.0024845109215337,0.0177748276932811,0.004599258522359,0.3492063492063492,1,0,0.023608755
2020-01-08,8055.98,-0.0110239455899598,0.0341552759492376,0.0262506650737246,585.0,281.0892857142857,0.0025122696184297,0.0181726199081069,0.0077245643910468,0.4841269841269841,2,0,0.025063153
2020-01-09,7817.76,-0.0300166042803073,0.0327071405615945,0.0281061764449987,305.97999999999956,283.09642857142853,0.0025401204772345,0.0225924049143303,0.0071759775477113,0.3849206349206349,1,0,0.034585785
2020-01-10,8197.02,0.0473726050737361,0.0326112642522858,0.030224745606174,527.0,306.49357142857144,0.0026581449442301,0.0225924049143303,0.005757481379326,0.3809523809523809,1,0,0.026247513
2020-01-11,8020.01,-0.02183100482452,0.0345248831444787,0.0313098546692461,283.1800000000003,317.69642857142856,0.00298677785474,0.0224672968657169,0.0036781160876191,0.492063492063492,2,0,0.025936376
2020-01-12,8184.98,0.0203610985654769,0.0335733337328249,0.0315203697354043,237.0,317.45,0.0031272638757868,0.0224672968657169,0.0040557006714276,0.4246031746031746,1,0,0.035637926
2020-01-13,8110.34,-0.009160976526191,0.032631131203546,0.030964023384523,140.10999999999967,314.01214285714286,0.0031056530947423,0.0213490367960214,0.0043186570967661,0.373015873015873,1,0,0.026601415
2020-01-14,8810.01,0.0827487842214989,0.0312686967696203,0.036417305004616,774.46,356.8314285714286,0.0029721648230158,0.0231743360201745,-0.0006594446039575,0.2936507936507936,1,0,0.025821831
2020-01-15,8821.41,0.0012931461661747,0.0397051231443938,0.0364027524710941,352.47999999999956,376.3049999999999,0.0035414724732236,0.0231743360201745,0.0055498471951562,0.7063492063492064,2,0,0.02509543
2020-01-16,8720.01,-0.0115613364781772,0.037593834897683,0.0346383987449992,273.8099999999995,375.3085714285713,0.0033821199615674,0.0185294612583001,0.0048866943360884,0.6388888888888888,2,0,0.039017063
2020-01-17,8913.28,0.0219219147333138,0.0358458290215051,0.0330457926649615,369.2099999999991,363.54071428571416,0.0030466060120029,0.0185294612583001,0.0032345647692193,0.5595238095238095,2,0,0.03836335
2020-01-18,8915.96,0.0003006297542889,0.0347588702224558,0.0330743943488345,182.5,367.162857142857,0.0029900748004446,0.0185294612583001,0.0002339870779771,0.496031746031746,2,0,0.03725053
2020-01-19,8701.7,-0.0243245203259778,0.0330714976358062,0.034478835440069,732.9799999999996,406.8757142857141,0.0027676913368049,0.0196145650036868,-0.0005018360970187,0.3968253968253968,1,0,0.036442023
2020-01-20,8642.35,-0.0068438722969172,0.0324567852578787,0.0326806757009869,225.70999999999913,390.9564285714283,0.0023262614726966,0.0183428676279662,-0.0001743459456673,0.3531746031746032,1,0,0.026042651
2020-01-21,8736.03,0.0107813164886589,0.0310514602195348,0.0305207650047193,301.0,377.8871428571426,0.0023987170962392,0.0183428676279662,-0.0002172365500854,0.2777777777777778,1,0,0.02540971
2020-01-22,8682.36,-0.0061624719446324,0.0298950160117813,0.0303516012691318,228.0,352.3871428571426,0.0026355998455086,0.0180145743925682,-0.0098101071326124,0.2341269841269841,1,0,0.024759348
2020-01-23,8404.52,-0.0325237247519218,0.0287191020182372,0.030582828040011,385.4200000000001,358.06142857142834,0.0029473674147972,0.0186259050519731,-0.0088747328794457,0.1944444444444444,1,0,0.02430674
2020-01-24,8439.0,0.004094161809796,0.0294394533722828,0.0280730913618446,290.02000000000044,341.1342857142855,0.0031295650065564,0.0186259050519731,-0.0064063756492223,0.2182539682539682,1,0,0.023989033
2020-01-25,8340.58,-0.0117310598587625,0.0282706620943413,0.0275360485179574,196.36000000000055,334.93285714285696,0.0033608224592566,0.0172771333882078,-0.0064882081281145,0.1746031746031746,1,0,0.024230864
2020-01-26,8615.0,0.0323721116628252,0.0274368989069901,0.028301761896713,324.46999999999935,341.1807142857141,0.0036321847566328,0.0172771333882078,-0.005634598728816,0.1507936507936507,1,0,0.023839604
2020-01-27,8907.57,0.0333966070332518,0.0283417942999695,0.0290934903341932,465.0,364.3871428571427,0.0037796564559719,0.0182828329127083,-0.0041149909579091,0.1904761904761904,1,0,0.023646917
2020-01-28,9374.21,0.0510608246260293,0.0292189466576294,0.023396537770141,537.6000000000004,347.46857142857124,0.0038487993511671,0.0182828329127083,-0.0018325135619053,0.2182539682539682,1,0,0.02398796
2020-01-29,9301.53,-0.0077833988822249,0.032345969095208,0.0236149986761831,233.23999999999975,338.95142857142844,0.0031273902287538,0.0171803591100165,0.0024509530834267,0.369047619047619,1,0,0.024279024
2020-01-30,9513.21,0.0225024562789091,0.0309731417878023,0.0236669238865925,373.5599999999995,346.07642857142844,0.002553183494296,0.017946627691028,0.0022540397695651,0.3055555555555556,1,0,0.0255952
2020-01-31,9352.89,-0.016995972584926,0.0304695222067385,0.0239643041389941,320.2099999999991,342.57642857142844,0.002108741109725,0.0178139261614125,0.0010300688344557,0.2777777777777778,1,0,0.025059652
2020-02-01,9384.61,0.0033857270501318,0.0296626644193228,0.0239474059244584,183.53000000000063,342.6499999999999,0.0017122918147634,0.0178139261614125,0.0013920023249814,0.2539682539682539,1,0,0.024779957
2020-02-02,9331.51,-0.0056742682215187,0.0284630062030582,0.0227602872545797,357.03000000000065,315.7964285714285,0.0015296354440904,0.0154080998538831,0.0010261072960681,0.2023809523809523,1,0,0.02455647
2020-02-03,9292.24,-0.0042172020351127,0.0274178277275481,0.0226658521374516,384.7900000000009,327.15928571428583,0.001438263886839,0.0152728189592729,-0.0009239665724214,0.1507936507936507,1,0,0.024025556
2020-02-04,9197.02,-0.0103001247040772,0.0264508927285258,0.0229633503223687,256.9899999999998,324.01571428571435,0.0015546274489703,0.0147432423573422,-0.0027680539291036,0.1031746031746031,0,0,0.023590099
2020-02-05,9612.04,0.0441369607900448,0.0257542556481933,0.0251380311988274,567.2300000000014,348.24642857142874,0.0017668300253961,0.0155881342290045,-0.0065917134470147,0.0753968253968253,0,0,0.017800462
2020-02-06,9772.0,0.0165046740650947,0.0285547586791279,0.0224386451200137,336.21999999999935,344.732142857143,0.0017678339752181,0.0103532348362841,-0.0024183831086744,0.2182539682539682,1,0,0.017494183
2020-02-07,9813.73,0.0042612721758086,0.0279324376567939,0.02243486596414,155.0,335.0878571428572,0.0017699079418861,0.0103532348362841,-0.0025370845499445,0.1865079365079365,1,0,0.023851644
2020-02-08,9895.05,0.0082522065275583,0.0269144732070646,0.0215090750113027,272.8899999999994,340.55428571428575,0.0018291989376542,0.0100550391748775,-0.0027481912122582,0.1349206349206349,1,0,0.023718517
2020-02-09,10151.75,0.0256114723204881,0.0260949884633857,0.0210934024708124,285.25,337.7528571428572,0.0019255850816652,0.0100550391748775,-0.0023680177396725,0.0873015873015873,0,0,0.023292791
2020-02-10,9851.83,-0.0299888796895526,0.0264930172288174,0.0228160554150639,432.0,335.39571428571435,0.0019971936580562,0.0153016990836316,-0.0009248104987307,0.115079365079365,0,0,0.017592113
2020-02-11,10223.08,0.0369906845059997,0.0272817904720351,0.0209705367819218,623.5900000000001,341.5378571428572,0.0019986435834949,0.0153016990836316,0.0008308977435092,0.1587301587301587,1,0,0.017764907
2020-02-12,10326.46,0.0100616239729998,0.0287721070446575,0.0205947092209431,226.92000000000007,341.08642857142866,0.0016210130100338,0.0163967720659662,0.0030178513964642,0.25,1,0,0.023549479
2020-02-13,10229.63,-0.0094211220322861,0.0278201801182607,0.020569138226553,420.0,344.4035714285715,0.0013671400493833,0.015454385630318,-0.0007345785608671,0.1904761904761904,1,0,0.024457764
2020-02-14,10344.36,0.0111530324716664,0.0269443763764834,0.0195863345317941,270.1899999999987,340.83071428571435,0.001124995871966,0.0151272279493364,-0.0009880612803105,0.1468253968253968,1,0,0.023906391
2020-02-15,9904.72,-0.0434300324484624,0.0262289336275243,0.0238248819985745,574.0,368.7214285714286,0.0009739649933435,0.0224734393066957,-0.0006855395795403,0.0992063492063492,0,0,0.023525279
2020-02-16,9917.27,0.0012662706092516,0.028820165665931,0.0236831784750268,411.8799999999992,372.6392857142856,0.0010128428887838,0.0244872845606885,0.0027251772025452,0.2698412698412698,1,0,0.017739784
2020-02-17,9706.0,-0.0215334308259418,0.0276844733767583,0.0245994025969059,511.4899999999998,381.6892857142856,0.0010187600223032,0.026245149555342,0.0011914561479408,0.1984126984126984,1,0,0.024677556
2020-02-18,10164.71,0.046177666423226,0.0275108172386314,0.0267663008214093,673.9899999999998,411.47499999999985,0.0009924393313393,0.0288874834789732,0.0002290267665963,0.1904761904761904,1,0,0.024227034
2020-02-19,9593.79,-0.0578059032463631,0.0302471283734582,0.0296411069492635,900.0,435.24428571428547,0.0011525591492173,0.0365498816882344,0.0014750213288006,0.3452380952380952,1,0,0.024156582
2020-02-20,9596.42,0.0002740980965256,0.0342416620747456,0.0292550924901218,299.0,432.58571428571406,0.0021017989653763,0.0365498816882344,0.0064214819564848,0.5992063492063492,2,0,0.025706094
2020-02-21,9677.05,0.0083669905196099,0.0326002022143561,0.0293355443642447,205.3000000000011,436.1785714285713,0.0024237830952463,0.0365498816882344,0.0056558258378726,0.4761904761904761,1,0,0.038281973
2020-02-22,9650.86,-0.002710072225021,0.0312184931617827,0.0292155935750515,149.14999999999964,427.33999999999986,0.0024923259294077,0.0333836630419344,0.0049895595342583,0.3928571428571428,1,0,0.027326446
2020-02-23,9936.4,0.0291577514787579,0.029864298882863,0.0294855237872073,345.0,431.60785714285703,0.0023894216012203,0.0333836630419344,0.0010441332169319,0.3293650793650793,1,0,0.026205968
2020-02-24,9656.13,-0.0286118351934252,0.0300693395544971,0.0293854178663661,516.4400000000005,437.6392857142856,0.0022922185503963,0.0331816162874509,0.0023848661777388,0.3373015873015873,1,0,0.025547277
2020-02-25,9315.84,-0.0358767697148394,0.0301940115501347,0.0284959435190887,425.0,423.4542857142856,0.0022325999502559,0.0335798846289548,0.0026831943115033,0.3492063492063492,1,0,0.02560101
2020-02-26,8785.25,-0.0586419982891648,0.0310628479591015,0.0311875580750336,743.8100000000013,460.375,0.0022633004938856,0.0376366585346052,0.0008157195856433,0.4047619047619047,1,0,0.025747161
2020-02-27,8823.21,0.0043115705524741,0.0350081297758957,0.031474151922666,440.7700000000005,461.85857142857145,0.0026146438700418,0.0400774018705529,0.0007664677011501,0.626984126984127,2,0,0.026306074
2020-02-28,8692.91,-0.014877998499184,0.0333264060322658,0.0308553004792623,455.0,475.05928571428586,0.0025742257099721,0.0378562112212089,0.0007262038179097,0.5357142857142857,1,0,0.038742807
2020-02-29,8523.61,-0.019667790863485,0.0321123355101595,0.0296484573241752,266.4500000000007,453.0914285714288,0.0022723475861187,0.0352941144228991,0.0008938423483767,0.4523809523809524,1,0,0.027859282
2020-03-01,8531.88,0.0009697757904518,0.0312857673034788,0.0296393362640929,339.0,447.8857142857145,0.0021844918952337,0.0352941144228991,0.0014214684206157,0.4166666666666667,1,0,0.026748236
2020-03-02,8915.24,0.0439524360599534,0.0299146206694381,0.0328045885256203,467.75,444.7614285714288,0.0019824860604882,0.0368427303549211,-0.0001547188850589,0.3373015873015873,1,0,0.026391696
2020-03-03,8760.07,-0.0175582760885877,0.0318528775365825,0.0292230337358668,268.64999999999964,415.80857142857167,0.0016504419223096,0.0350178535165296,0.0016588659864478,0.4444444444444444,1,0,0.025682416
2020-03-04,8750.87,-0.0010507717856942,0.0309285909913162,0.0259245966744982,188.29000000000087,364.9721428571432,0.0016158015514912,0.0284376119568318,-0.0001342569677852,0.3968253968253968,1,0,0.026664432
2020-03-05,9054.68,0.0341286271212748,0.0295910422976245,0.0280996697491973,412.8799999999992,373.1064285714288,0.001526770577566,0.0284376119568318,-0.0054170874782712,0.3214285714285714,1,0,0.026109647
2020-03-06,9131.88,0.0084898368572101,0.0303551963064533,0.0281038981871519,184.5,371.6207142857144,0.0015041316128085,0.0284376119568318,-0.0029712097258124,0.373015873015873,1,0,0.025341343
2020-03-07,8886.66,-0.0272203120821181,0.0291929982384271,0.0287635374674454,353.0,386.18142857142874,0.0015966643575259,0.0300066307023169,-0.0029193372717323,0.2857142857142857,1,0,0.025813919
2020-03-08,8033.31,-0.1009546286346587,0.0293069016186464,0.0365371017602617,886.7600000000002,424.87857142857166,0.0016351040840013,0.0439633940298361,-0.0019788656848323,0.3015873015873015,1,0,0.025073003
2020-03-09,7929.87,-0.012960005190207,0.0425071549318258,0.0363335934375679,547.3000000000002,427.08285714285734,0.0034518404221129,0.0431333136952533,0.0125925342623877,0.8412698412698413,2,0,0.025544237
2020-03-10,7894.56,-0.0044627273908268,0.040368920133812,0.0358499646850061,420.9899999999998,426.7964285714287,0.0040786348996194,0.0414690220172324,0.0085160425972294,0.8253968253968254,2,0,0.041823532
2020-03-11,7934.52,0.0050489459763713,0.0382257868207637,0.0334099654714894,390.0,401.5242857142858,0.0043097099584584,0.0387914844396372,0.0072971958294474,0.7777777777777778,2,0,0.041952472
2020-03-12,4800.0,-0.5026069427414583,0.0362724690830768,0.1362620731038542,3556.17,624.0528571428573,0.0043647367430987,0.1714811207658993,0.0066814267854522,0.7222222222222222,2,1,0.04116304
2020-03-13,5578.6,0.1503219309423453,0.1623905919388863,0.1457522964589639,2172.87,746.7578571428572,0.0347959953731978,0.1818071155692272,0.132035395632433,1.0,2,1,0.05798016
2020-03-14,5172.06,-0.0756667870857956,0.1586443786836722,0.1461649932020091,585.3900000000003,769.5392857142857,0.0464016504979893,0.1836332141945106,0.1294513804452451,0.996031746031746,2,1,0.06466299
2020-03-15,5361.3,0.0359354212183298,0.1498102737146345,0.1471349842102839,846.8999999999996,805.8178571428572,0.0528030360858392,0.1836332141945106,0.1205033720959881,0.992063492063492,2,1,0.06496185
2020-03-16,5028.97,-0.0639912912173663,0.1401354606451834,0.1456020685653837,923.3000000000002,838.3571428571429,0.0560939729836799,0.1744401024850402,0.0976283057133576,0.988095238095238,2,1,0.064902276
2020-03-17,5312.64,0.0548736950731196,0.1322298059826668,0.1477659231600405,603.5500000000002,862.2785714285716,0.0575384662407022,0.1849174988798108,0.0918608858488548,0.984126984126984,2,1,0.0644604
2020-03-18,5393.04,0.015020346505171,0.1245365196018384,0.1481179996692762,426.8000000000002,879.3149999999999,0.0574623660810305,0.1976847226608113,0.0863107327810747,0.98015873015873,2,0,0.06455585
2020-03-19,6162.37,0.1333522104619646,0.1162693040399226,0.1539186297683494,1147.4700000000005,931.7857142857144,0.0560706466910358,0.1976847226608113,0.0799968349568458,0.9761904761904762,2,0,0.055474337
2020-03-20,6208.36,0.0074353270786886,0.116371852274838,0.1538999265331457,1230.0,1006.4642857142856,0.0539558444490709,0.1976847226608113,-0.0460187396640483,0.9761904761904762,2,0,0.054942008
2020-03-21,6186.98,-0.0034496869311269,0.1086084335569789,0.1540350574190165,596.9599999999991,1023.89,0.0506921524308958,0.197421124200617,-0.0500359451266933,0.9682539682539684,2,0,0.053477388
2020-03-22,5816.19,-0.0618016757608739,0.1013743342439433,0.1529182408596594,673.8599999999997,1008.6828571428572,0.0464790433704139,0.1951019191706656,-0.0484359394706912,0.9642857142857144,2,0,0.053021904
2020-03-23,6467.31,0.1061148487906944,0.0966384627690652,0.1567862582380093,912.0,1034.732857142857,0.0430175408565816,0.2106677282333518,-0.0434969978761182,0.9603174603174603,2,0,0.052584168
2020-03-24,6744.72,0.0419997195777845,0.0962680879627259,0.1575065789688156,461.6700000000001,1037.6385714285714,0.0385488949510101,0.2307663035966228,-0.0359617180199408,0.9563492063492064,2,0,0.052954745
2020-03-25,6677.43,-0.0100267935849309,0.0908782866389283,0.1574381400487445,507.96,1046.0642857142857,0.0328752485559431,0.2106996167406094,-0.03365823296291,0.9523809523809524,2,0,0.053588282
2020-03-26,6737.36,0.0089349738165953,0.0849604316922821,0.0699494857677465,270.0,811.3378571428572,0.0254846971031433,0.0524446986375604,-0.0313088723476405,0.9484126984126984,2,0,0.05252598
2020-03-27,6359.11,-0.0577797263454424,0.0794593349815583,0.0628405937955869,581.5900000000001,697.6750000000001,0.024475990443764,0.0533709172559939,-0.0369125172932797,0.9444444444444444,2,0,0.045670938
2020-03-28,6236.65,-0.0194452512064025,0.0765130994518221,0.0586458427479449,336.0,679.8614285714286,0.0227367137979215,0.0442405997154007,-0.0320953341051568,0.9404761904761904,2,0,0.04517364
2020-03-29,5881.42,-0.0586449498930345,0.07183737470704,0.0612367669399683,399.4399999999996,647.8999999999999,0.021247079407936,0.0465719322692272,-0.0295369595369033,0.9365079365079364,2,0,0.044649806
2020-03-30,6394.38,0.0836212502344455,0.0697440400086557,0.0608516165620095,741.2399999999998,634.8957142857142,0.0199656766457631,0.0429878447458515,-0.0268944227604095,0.9325396825396826,2,0,0.044536617
2020-03-31,6410.44,0.002508431734471,0.0704375005388477,0.0599577818312207,201.82999999999993,606.2014285714284,0.0184843740060559,0.0429878447458515,-0.0258305874238782,0.9325396825396826,2,0,0.044266474
2020-04-01,6642.92,0.0356237145363387,0.0659489911419757,0.0602522938737571,529.8299999999999,613.5607142857142,0.0174303920300824,0.0429878447458515,-0.0249292954969526,0.9246031746031746,2,0,0.044226658
2020-04-02,6794.09,0.0225014907744629,0.0628033877044202,0.0498775891680567,647.0,577.8128571428571,0.0168313561069188,0.0429878447458515,-0.0221570439878618,0.9206349206349206,2,0,0.043990623
2020-04-03,6734.1,-0.0088689459898123,0.0593042721971024,0.0500559346947432,445.8999999999997,521.8057142857141,0.0155447604474706,0.0399399316444275,-0.0201550627844558,0.9166666666666666,2,0,0.04387177
2020-04-04,6856.99,0.0180843992939756,0.055711969580592,0.050080484478333,340.39999999999964,503.4799999999999,0.0147402586151829,0.0431170628220585,-0.02080112987123,0.9047619047619048,2,0,0.043594625
2020-04-05,6772.78,-0.0123569321457086,0.0526333679037389,0.0464402429924138,218.01999999999953,470.9199999999999,0.0143621414670601,0.0353264142996179,-0.0192040068033011,0.8928571428571429,2,0,0.04344965
2020-04-06,7329.9,0.0790502354489586,0.049634914057678,0.0425730376307087,590.1400000000003,447.9299999999999,0.0141030782593502,0.0353264142996179,-0.0201091259509776,0.8849206349206349,2,0,0.042913865
2020-04-07,7197.32,-0.0182531387327955,0.0529664422264493,0.0420161059768277,382.6899999999996,442.2885714285713,0.0126788998720266,0.033425632502207,-0.0174710583123984,0.8928571428571429,2,0,0.042702716
2020-04-08,7361.28,0.0225250961552418,0.050121054954233,0.0420427599826006,270.0,425.2914285714284,0.0114825063932286,0.0358710044641754,-0.0158279361877426,0.8809523809523809,2,0,0.042768907
2020-04-09,7283.54,-0.0106168229061829,0.0476981006315997,0.0422962319210888,263.84000000000015,424.85142857142847,0.0106467873340791,0.0334516510295821,-0.0151052870728205,0.8650793650793651,2,0,0.04261976
2020-04-10,6858.92,-0.0600670128155957,0.0450579775729131,0.0425633209783766,555.7700000000004,423.0071428571427,0.0102116680583519,0.0340223454895441,-0.0142462946241893,0.8531746031746031,2,0,0.04223473
2020-04-11,6876.83,0.0026077950093572,0.046543607670949,0.0419769620013687,184.30000000000015,412.17142857142846,0.0094413396091125,0.0358806404480866,-0.009168361909643,0.8611111111111112,2,0,0.042030048
2020-04-12,6903.79,0.0039127462183152,0.0438783186701941,0.0375501083957253,397.0,411.9971428571428,0.0090501076064967,0.0292755597925393,-0.0087550492335447,0.8412698412698413,2,0,0.042258125
2020-04-13,6837.91,-0.0095884067817433,0.0414385466530927,0.0315535204375225,328.78999999999996,382.5364285714286,0.008700573212833,0.0270099659090396,-0.0081963674045853,0.8214285714285714,2,0,0.041665833
2020-04-14,6868.7,0.0044927304111475,0.0392972781921972,0.0315469385257642,223.72000000000023,384.1,0.0078848620540923,0.0270099659090396,-0.013669164034252,0.7857142857142857,2,0,0.041134562
2020-04-15,6621.24,-0.0366921962118258,0.0372451247110371,0.0320513537335293,328.0,369.6835714285714,0.0073962217895718,0.0285945719456683,-0.0128759302431959,0.7420634920634921,2,0,0.0405399
2020-04-16,7101.94,0.0700853225741777,0.0371911820219706,0.0368164754730033,721.7299999999996,375.02142857142854,0.0068338381652294,0.0285945719456683,-0.0105069186096291,0.7420634920634921,2,0,0.039913367
2020-04-17,7027.55,-0.0105298474818269,0.0416553685622418,0.0368608864680739,175.14000000000033,355.68142857142857,0.0059733984353078,0.0286749425166003,-0.0034026090106712,0.8214285714285714,2,0,0.03995238
2020-04-18,7248.6,0.0309702080924694,0.0395194726387651,0.0374218710936728,278.6800000000003,351.27285714285716,0.0054493167686239,0.0286749425166003,-0.0070241350321838,0.7896825396825397,2,0,0.040910732
2020-04-19,7120.74,-0.0177966941638985,0.038678096248769,0.0376320536757357,210.54999999999927,350.73928571428576,0.0051412164913849,0.029080663308956,-0.0052002224214251,0.7738095238095238,2,0,0.040399324
2020-04-20,6826.83,-0.0421512156093069,0.037079528982144,0.0325295129910729,469.0,342.0864285714286,0.0051095418573519,0.0310171723138254,-0.0043590176709486,0.7261904761904762,2,0,0.040207457
2020-04-21,6841.37,0.0021275669780447,0.0376220527379296,0.0323501202917889,178.0,327.46571428571434,0.004334246087203,0.0324331020347282,-0.0016752254542675,0.746031746031746,2,0,0.039583247
2020-04-22,7125.14,0.0406413711082045,0.0356915952302946,0.0338060750044166,338.3800000000001,332.35,0.0038523972909292,0.0324331020347282,-0.0015535294807424,0.6825396825396826,2,0,0.039654683
2020-04-23,7482.39,0.0489228845832485,0.0362679711556985,0.036333816729622,718.0,364.79,0.0034228243800468,0.034762589624826,-0.0009232108662721,0.6984126984126984,2,0,0.038976904
2020-04-24,7505.0,0.0030172054176969,0.0377528732457136,0.0316664816669304,227.96000000000004,341.375,0.0031008899248644,0.0269910347928917,-0.0039024953165281,0.753968253968254,2,0,0.039612006
2020-04-25,7538.67,0.004476308802495,0.0358175602211279,0.0316530679192959,273.9300000000003,347.77714285714285,0.0024166431014355,0.0269910347928917,-0.0037019124176372,0.6865079365079365,2,0,0.039617013
2020-04-26,7693.1,0.0202780493344985,0.0340662649907216,0.0318492262093143,220.0,335.13428571428574,0.002147738143185,0.0269910347928917,-0.0046118312580474,0.6150793650793651,2,0,0.038884055
2020-04-27,7774.62,0.0105407590504054,0.0330661310839989,0.0314591157134061,186.02000000000044,324.9364285714286,0.0022235917443317,0.0297936329244323,-0.0040133978981451,0.5634920634920635,1,0,0.03776757
2020-04-28,7738.98,-0.0045946863010595,0.0317052882791698,0.0316561839487582,120.88000000000012,317.59071428571434,0.0025737755845536,0.0267273395366932,-0.0059167644587597,0.4603174603174603,1,0,0.028013747
2020-04-29,8778.57,0.126043628251022,0.0303284153361937,0.0419735755115067,1242.8399999999992,382.93642857142856,0.003070488039416,0.0235872642049756,-0.0053631798941009,0.376984126984127,1,0,0.026638072
2020-04-30,8620.0,-0.018228439547185,0.0492692001128904,0.0405012394022969,1059.0,407.0271428571429,0.0046623068077729,0.0226173037253633,0.0130012289571918,0.873015873015873,2,0,0.02572475
2020-05-01,8826.96,0.0237255898013035,0.0467357206794464,0.0399468721117376,445.6200000000008,426.3471428571429,0.0052144276681174,0.0247327437369782,0.0089828474337328,0.8571428571428571,2,0,0.04152764
2020-05-02,8972.05,0.0163035150589738,0.0446798289449244,0.039723783778062,257.0,424.79857142857145,0.0055475209621555,0.0247327437369782,0.0088622687237965,0.8333333333333334,2,0,0.041828614
2020-05-03,8894.16,-0.008719307953239,0.0424697730045258,0.0392139465345292,488.0,444.6164285714286,0.00568616211524,0.023484774105025,0.0084035080138041,0.8134920634920635,2,0,0.041507255
2020-05-04,8871.96,-0.0024991401110145,0.0402210093169223,0.0360000462138141,428.0,441.6878571428573,0.0057073137238294,0.010436225167756,0.0071548782329234,0.7896825396825397,2,0,0.04115964
2020-05-05,9021.83,0.0167514545084088,0.0380724377181214,0.0356925195685174,358.5799999999999,454.58642857142866,0.0057046866631105,0.010436225167756,0.0063671494389516,0.75,2,0,0.040241282
2020-05-06,9142.92,0.0133326133006921,0.0364825819186482,0.0352065474059968,488.7900000000009,465.3300000000001,0.0056807753541764,0.010436225167756,0.0061541665824545,0.7103174603174603,2,0,0.03967337
2020-05-07,9986.4,0.0882443580739771,0.0348988726240818,0.0392193045434752,1046.0,488.75857142857154,0.0057309827101322,0.010436225167756,-0.0143703274888086,0.6507936507936508,2,0,0.039134707
2020-05-08,9800.01,-0.0188407612705354,0.0433415070731434,0.0403914895742922,330.9599999999991,496.1157142857143,0.0058858817443009,0.0125748436830183,-0.003394213606303,0.8253968253968254,2,0,0.038093846
2020-05-09,9539.4,-0.026952815683586,0.0413571177475262,0.0421014921423182,394.25,504.71,0.0058667086406339,0.0159011935691165,-0.0033227111973982,0.7976190476190477,2,0,0.04061983
2020-05-10,8722.77,-0.0894937423726656,0.0400210690681904,0.0507417451404558,1457.83,593.1264285714286,0.0056908497165399,0.0368902187295535,-0.0024487039363354,0.7738095238095238,2,0,0.04044297
2020-05-11,8561.52,-0.0186591035445111,0.0472591407274199,0.051269691641633,968.0,648.9821428571429,0.0057254338457922,0.035132570021429,0.0070381314104975,0.8571428571428571,2,0,0.040974062
2020-05-12,8810.79,0.0286993622730982,0.0449170951084018,0.0514679523673985,449.4799999999995,672.4535714285713,0.0052340730707015,0.0375181264158306,0.0068446573902803,0.8293650793650794,2,0,0.04224671
2020-05-13,9309.37,0.0550443130698781,0.0433327918874596,0.0416346345169147,605.0100000000002,626.8942857142857,0.0041544685233036,0.0375181264158306,0.0068502099688114,0.8134920634920635,2,0,0.041971844
2020-05-14,9791.98,0.0505422634578422,0.0444569946705727,0.0428256004204429,682.2399999999998,599.9828571428571,0.0037147692120537,0.0398350613152835,0.0095581220464909,0.8214285714285714,2,0,0.041679215
2020-05-15,9316.42,-0.0497852485514478,0.044884567960028,0.0453285594162236,695.6200000000008,617.84,0.003563787806394,0.0414031807495922,0.0015430608868845,0.8253968253968254,2,0,0.041905385
2020-05-16,9381.27,0.0069367135766444,0.0451683620585109,0.04519962507646,368.0,625.7685714285715,0.0035955057613709,0.0414031807495922,0.0038112443109847,0.8373015873015873,2,0,0.04192714
2020-05-17,9680.04,0.0313508852019328,0.0426619937708299,0.0456541632035636,565.8999999999996,631.3328571428572,0.0035981317358045,0.0445786520322983,0.0026409247026395,0.7936507936507936,2,0,0.04211266
2020-05-18,9733.93,0.0055516865857843,0.0415009333837378,0.0455888802477676,485.7700000000005,635.4592857142858,0.0035673892045883,0.0488206751301248,-0.005758207343682,0.7738095238095238,2,0,0.04164065
2020-05-19,9775.53,0.0042646042532918,0.0392768446920701,0.0454975377067307,423.2099999999991,640.0757142857143,0.0034781351010293,0.0488206751301248,-0.0056402504163316,0.7261904761904762,2,0,0.04142354
2020-05-20,9511.43,-0.0273880910636208,0.0372237529127491,0.0462692723189257,516.0,642.0192857142856,0.0033904020996193,0.0459481576215976,-0.0061090389747105,0.6785714285714286,2,0,0.040780168
2020-05-21,9068.65,-0.0476708225752595,0.0363643510772344,0.0409165825363567,763.4699999999993,621.8385714285713,0.0031638843841317,0.0461981855826719,-0.0080926435933382,0.6507936507936508,2,0,0.04000364
2020-05-22,9170.0,0.0111138755568251,0.037673509401098,0.0410263904936399,337.47999999999956,622.3042857142856,0.003371898506026,0.04930336731682,-0.0072110585589299,0.6904761904761905,2,0,0.039595257
2020-05-23,9179.15,0.0009973214844727,0.0359042143344055,0.0405398115218412,237.85000000000036,611.132857142857,0.0037308104685664,0.0526468952539279,-0.0092641477241054,0.6349206349206349,2,1,0.04024465
2020-05-24,8720.34,-0.0512763797663939,0.0341174704751632,0.0351821378366083,598.0,549.7164285714285,0.0042105405980404,0.0411791575860233,-0.0085445232956667,0.5515873015873016,2,0,0.05267025
2020-05-25,8900.35,0.0204323738210963,0.0362976867462624,0.035140267597741,336.9400000000005,504.64071428571424,0.0039805966240836,0.0450845121754354,-0.0052032466374754,0.6428571428571429,2,0,0.038534146
2020-05-26,8841.18,-0.0066702499033191,0.035073636278301,0.0343964376306819,317.6700000000001,495.2257142857143,0.0039659460836695,0.0404349976781517,-0.0042032084137691,0.5912698412698413,2,0,0.03949092
2020-05-27,9204.07,0.0402254256289289,0.0334247350113809,0.032769951138375,413.2700000000005,481.53,0.0041231646282251,0.0404349976781517,-0.0037990179013681,0.5079365079365079,1,0,0.038686346
2020-05-28,9575.89,0.0396027036055759,0.0342948685899256,0.0315592652214712,515.4699999999993,469.61785714285713,0.0039528778693869,0.0404349976781517,-0.0020694824873088,0.5595238095238095,2,0,0.02767476
2020-05-29,9427.07,-0.0156631432722864,0.0349611727453297,0.0287431714527021,275.2600000000002,439.5921428571428,0.0035145644919481,0.0344723317168984,-0.0027123366557683,0.5833333333333334,2,0,0.03798295
2020-05-30,9697.72,0.0283054684675523,0.0336214930046283,0.029644861600431,408.7700000000005,442.5042857142857,0.0028494382856794,0.0344723317168984,-0.0022827213297772,0.5079365079365079,1,0,0.038313102
2020-05-31,9448.27,-0.0260591503705533,0.0332586956133137,0.0292962305601114,318.59000000000015,424.8392857142857,0.002380159752771,0.0332184376213835,-0.0008587748618494,0.4880952380952381,1,0,0.027499508
2020-06-01,10200.77,0.0766315516736142,0.0327555185875831,0.0360387318308324,958.33,458.5935714285714,0.0019053128571535,0.0332184376213835,-0.0035421681586793,0.4563492063492063,1,0,0.027054083
2020-06-02,9518.04,-0.0692742623834092,0.0395202889730924,0.0409228764219247,962.9899999999998,497.1492857142857,0.0019450621228209,0.0403904356019377,0.0044466526947914,0.7341269841269841,2,0,0.026645493
2020-06-03,9666.24,0.0154504571595701,0.0433456823034479,0.040470073571412,324.7900000000009,483.4914285714286,0.0028727205272551,0.0421695061323755,0.009920947292067,0.8095238095238095,2,0,0.040179726
2020-06-04,9789.06,0.012626033176124,0.0412205656050998,0.0380079880520163,431.6299999999992,459.7885714285715,0.0032233446352519,0.0409807178065218,0.0069256970151741,0.7658730158730159,2,0,0.041783046
2020-06-05,9621.16,-0.0173005960605898,0.039183893007541,0.0384390721808151,273.75,455.2364285714287,0.003304145082149,0.0380710011770563,0.0042227202622113,0.7222222222222222,2,0,0.04117645
2020-06-06,9666.3,0.0046807700357245,0.0375141179452072,0.0384337420963177,203.95000000000073,452.8150000000001,0.0033205511703921,0.0380710011770563,0.0038926249405788,0.6785714285714286,2,0,0.040420245
2020-06-07,9746.99,0.0083129098333607,0.0356172696722172,0.0350263445945314,429.5400000000009,440.782142857143,0.0032675240281638,0.0348342924767911,0.0023585740589034,0.6031746031746031,2,0,0.039823245
2020-06-08,9782.01,0.0035864650046324,0.0339557655863234,0.0348534776485285,167.0,428.6435714285716,0.003334356567916,0.0348342924767911,0.0012002469987403,0.5238095238095238,1,0,0.038691398
2020-06-09,9772.43,-0.0009798287004336,0.0323595326961653,0.0347178906008473,307.0,427.8814285714287,0.003484635681246,0.0347090982086904,-0.007160756276927,0.4166666666666667,1,0,0.027752351
2020-06-10,9885.0,0.0114533009205395,0.0308893642063563,0.0334375454031652,288.53999999999905,418.9721428571429,0.0036925782035544,0.0347090982086904,-0.0124563180970916,0.3333333333333333,1,0,0.026396345
2020-06-11,9280.4,-0.0631138073051218,0.029774053467266,0.0364201642037101,851.0,442.9385714285715,0.0040257053422266,0.0408390339521121,-0.0114465121378337,0.2698412698412698,1,0,0.02557106
2020-06-12,9465.13,0.0197098700619733,0.0348116756119856,0.0366435302306423,324.6100000000006,446.4635714285715,0.0040276417910083,0.0441851244372638,-0.0043722173955553,0.5793650793650794,2,0,0.025146823
2020-06-13,9473.34,0.0008670183509327,0.0336991008950422,0.0357526732205263,143.72999999999956,427.5321428571429,0.0040248222036376,0.0441851244372638,-0.0038150170501649,0.5158730158730159,1,0,0.03829054
2020-06-14,9342.1,-0.0139504713617757,0.0321072099178846,0.0352604097414995,235.98999999999975,421.63214285714287,0.004086858362369,0.0430747314347125,-0.0035100597543325,0.3968253968253968,1,0,0.027940076
2020-06-15,9426.02,0.00894288392149,0.0309734112249045,0.0276431826061993,584.5499999999993,394.9335714285714,0.004204390610323,0.0430747314347125,-0.0029823543614188,0.3452380952380952,1,0,0.026542094
2020-06-16,9525.59,0.0105079110615609,0.029764051138681,0.0209229436479579,215.90999999999983,341.57071428571425,0.0042689631592598,0.0334598229676191,-0.0025954815574843,0.2698412698412698,1,0,0.026090484
2020-06-17,9465.14,-0.0063662854632422,0.0287268642091401,0.0204963238241538,328.3899999999994,341.827857142857,0.0037350509849667,0.0300624969112585,-0.0021624999972162,0.2063492063492063,1,0,0.025210466
2020-06-18,9386.32,-0.0083622657668431,0.0276704606150093,0.0201481060491212,209.0,325.9257142857142,0.0033479123564231,0.0276547045167498,-0.0021035928522566,0.1428571428571428,1,0,0.024536204
2020-06-19,9310.23,-0.0081395145190441,0.02677531059768,0.019793606318092,222.5099999999984,322.2657142857141,0.0031186599322441,0.0269432649716847,-0.0080363650143056,0.0833333333333333,0,0,0.023922782
2020-06-20,9358.95,0.0052193091072219,0.0259669923793698,0.0198088311592245,224.04999999999927,323.70142857142827,0.0030046193132454,0.0269432649716847,-0.0077321085156724,0.0396825396825396,0,0,0.017917585
2020-06-21,9294.69,-0.0068898353566115,0.0251679072653851,0.019597383791364,140.45999999999913,303.05285714285674,0.0030495731357305,0.0250801771332538,-0.0069393026524995,0.0198412698412698,0,0,0.017623853
2020-06-22,9685.69,0.041206269160142,0.0244949864136593,0.0229248113729632,502.90999999999985,327.0464285714282,0.0031953427372714,0.0250801771332538,-0.0064784248112451,0.0119047619047619,0,0,0.017579373
2020-06-23,9624.89,-0.0062970869761507,0.0271212809502434,0.0229736768339429,142.96999999999937,315.32999999999953,0.0031426301203971,0.0251901347905164,-0.0026427701884376,0.1269841269841269,1,0,0.017447587
2020-06-24,9296.49,-0.03471554197335,0.0262260150492901,0.0243099662042783,462.0,327.71999999999963,0.0031895955325588,0.0265682354745618,-0.0025008491598499,0.0634920634920634,0,0,0.023559552
2020-06-25,9249.49,-0.0050684946945604,0.027614824845761,0.0175265313057381,330.3099999999995,290.5278571428567,0.0031913713412359,0.014531457496475,-5.563576924830227e-05,0.1587301587301587,1,0,0.017824542
2020-06-26,9162.21,-0.0094809989076676,0.0266428154973322,0.0166870838396019,252.54999999999927,285.38071428571374,0.0026850383816682,0.0140601698901624,-0.0001324951003477,0.0992063492063492,0,0,0.023436915
2020-06-27,9012.0,-0.0165303933915357,0.0258940780883634,0.0170745105053478,363.2399999999998,301.0599999999995,0.0021906632866902,0.0143263718426579,-7.291429100639985e-05,0.0476190476190476,0,0,0.017982285
2020-06-28,9116.35,0.0115124821088787,0.0255865178067981,0.0172386406227144,242.9400000000005,301.5564285714281,0.0017957470966086,0.014367531491856,0.000418610541413,0.0357142857142857,0,0,0.017584037
2020-06-29,9192.56,0.0083249565532153,0.0250381776504536,0.0172099313881887,213.32999999999993,275.0407142857139,0.0014674966769839,0.014367531491856,0.0005431912367942,0.0238095238095238,0,0,0.017515164
2020-06-30,9138.55,-0.0058927316772567,0.0244240194468472,0.016863017782307,140.11000000000058,269.6264285714282,0.0012680805868106,0.0137570270667227,-0.0026972615033961,0.0119047619047619,0,0,0.017534506
2020-07-01,9232.0,0.0101739802109079,0.0238063233186602,0.0171826160358616,211.89999999999964,261.3057142857139,0.0012059594222836,0.0143450663084558,-0.0024196917306299,0.0039682539682539,0,0,0.017457794
2020-07-02,9086.54,-0.0158815121012185,0.0234043225821105,0.0175183780342345,321.9599999999991,269.3742857142853,0.0012587078964255,0.015034491028638,-0.0042105022636504,0.0039682539682539,0,0,0.017439287
2020-07-03,9058.26,-0.0031171490343044,0.0233694038865512,0.0174412605003365,87.53000000000065,259.7328571428569,0.0013372496069842,0.0148241102633817,-0.0032734116107809,0.0039682539682539,0,0,0.017432194
2020-07-04,9135.46,0.0084864957064336,0.0228152701678151,0.0175661194699371,149.95999999999913,254.440714285714,0.0014811024864437,0.0148241102633817,-0.0030788079205483,0.0039682539682539,0,0,0.017438825
2020-07-05,9069.41,-0.0072563319395388,0.0224622647075295,0.0175746773302223,252.20999999999913,262.4228571428569,0.0016414670673767,0.0148435273132158,-0.0031242530992686,0.0039682539682539,0,0,0.017445724
2020-07-06,9344.2,0.0298486175692804,0.022107953268905,0.0155890980977212,319.0799999999999,249.2921428571426,0.0018049990781147,0.0148435273132158,-0.0029302243815486,0.0039682539682539,0,0,0.017450552
2020-07-07,9257.39,-0.0093336784889892,0.0236355149190816,0.0156659717004452,176.42000000000007,251.68142857142837,0.0016896083878192,0.015020123455752,-0.0007885045277656,0.0238095238095238,0,0,0.017436158
2020-07-08,9436.06,0.0191163686743429,0.0232185396736965,0.0137089386568628,239.0,235.75285714285695,0.0016441237534802,0.0101566980555374,-0.0005877836449636,0.0158730158730158,0,0,0.017582666
2020-07-09,9232.43,-0.0218162343476358,0.0234500294953565,0.014958998511747,280.7900000000009,232.2157142857142,0.0013453395033444,0.0126269877928835,4.570691324599918e-05,0.0277777777777777,0,0,0.017399695
2020-07-10,9288.34,0.0060375642952958,0.0238807470805852,0.0147869095598503,192.47999999999956,227.92499999999993,0.0011079049174039,0.013014482183244,0.0005113431940339,0.0396825396825396,0,0,0.01751713
2020-07-11,9234.03,-0.0058642771569914,0.0233271297344336,0.0140730555742837,121.03000000000064,210.6242857142857,0.0009317270639,0.0116298450203463,0.0005118595666184,0.0198412698412698,0,0,0.017564934
2020-07-12,9302.75,0.0074144824312121,0.0228316519538718,0.0138956214898938,187.5,206.66428571428565,0.0007563670638792,0.0116298450203463,0.0003693872463422,0.0158730158730158,0,0,0.017256226
2020-07-13,9242.62,-0.0064846601291304,0.022438860497044,0.0138953501675834,142.9300000000003,201.63571428571427,0.0006359953511572,0.0111176879530506,0.000330907228139,0.0079365079365079,0,0,0.017242502
2020-07-14,9255.85,0.001430388811153,0.0220633894895142,0.0137780744237466,166.54000000000087,203.52357142857144,0.0006063415496305,0.0116747566309973,-0.0015721254295673,0.0039682539682539,0,0,0.017117452
2020-07-15,9197.6,-0.0063132035982587,0.0216405689037696,0.013629237705526,115.92000000000009,196.66785714285717,0.0006733014837031,0.011146502458306,-0.0015779707699269,0.0039682539682539,0,0,0.01715174
2020-07-16,9133.72,-0.0069695208611886,0.0213555202077556,0.0130391748466958,178.89999999999964,186.44928571428576,0.0007715101184665,0.0099392399787255,-0.0020945092876008,0.0039682539682539,0,0,0.016980391
2020-07-17,9154.32,0.0022528394199241,0.02112578111069,0.0130076516774783,97.02000000000044,187.1271428571429,0.0008621916623304,0.010559973706241,-0.0027549659698952,0.0039682539682539,0,0,0.016729247
2020-07-18,9170.28,0.0017419211372242,0.0208206221449816,0.0128228024147641,98.19999999999892,183.43000000000004,0.0009800390699094,0.010559973706241,-0.0025065075894519,0.0039682539682539,0,0,0.016853731
2020-07-19,9208.99,0.0042123606910529,0.0205473614201459,0.0126703078105004,130.92000000000007,174.76642857142866,0.0011045424955841,0.0110146641613104,-0.0022842905337258,0.0039682539682539,0,0,0.016735654
2020-07-20,9160.78,-0.0052488529452379,0.0203434798905678,0.0096563134547218,90.52000000000044,158.44071428571442,0.0012244405503223,0.0103887811519341,-0.0020953806064762,0.0039682539682539,0,0,0.016492616
2020-07-21,9390.0,0.024713965321002,0.0201892258850202,0.0116006032917268,284.9300000000003,166.19142857142873,0.0012577450720468,0.0105543818911361,-0.0018741636044939,0.0039682539682539,0,0,0.015860792
2020-07-22,9518.16,0.0135562595917129,0.0214552185993457,0.011013585454591,283.0,169.33428571428587,0.0012077192950248,0.0105543818911361,-0.0001853503044239,0.0277777777777777,0,0,0.016545754
2020-07-23,9603.27,0.0089021126623816,0.0215285471162792,0.0090925577052619,223.67000000000007,165.2542857142858,0.0011136559933115,0.0062035760898482,0.0001730269085235,0.0317460317460317,0,0,0.016681474
2020-07-24,9537.8,-0.0068408145746339,0.0213492726714488,0.0093878826787964,173.5599999999995,163.90285714285724,0.0009174170224703,0.0063142500947883,0.0002234915607587,0.0238095238095238,0,0,0.01638211
2020-07-25,9700.42,0.0169063326414047,0.0211161087871447,0.0098991305984209,219.89999999999964,170.965,0.0007548070183902,0.0064004496558163,0.0002954866421631,0.0198412698412698,0,0,0.016362887
2020-07-26,9931.54,0.0235463680907113,0.021473997989604,0.0112360031439014,461.0,190.5007142857143,0.0006249094775121,0.0064004496558163,0.0009266365694581,0.0396825396825396,0,0,0.016668823
2020-07-27,11029.96,0.104899655153833,0.0223859223072911,0.0286573879287827,1477.6500000000017,285.8378571428572,0.0006172513856495,0.006379223346005,0.0020424424167233,0.0595238095238095,0,0,0.017287772
2020-07-28,10906.27,-0.0112773535736732,0.0397184543963889,0.0292347753572817,677.2299999999996,322.3157142857143,0.0049874889658832,0.0076152040763003,0.0195292285113687,0.7857142857142857,2,0,0.017728385
2020-07-29,11100.53,0.0176550017142407,0.0377720364463809,0.0287959986295726,530.8199999999997,351.95142857142855,0.0064281186224256,0.0079072771221425,0.0163168178470352,0.7420634920634921,2,0,0.038674783
2020-07-30,11099.61,-8.288236024789342e-05,0.0362535423175345,0.0284777432388012,339.0,363.38714285714286,0.0072043077478309,0.00709811197426,0.0147249952012552,0.6746031746031746,2,0,0.03936736
2020-07-31,11335.46,0.0210258928374678,0.0344349131857463,0.0283274930717274,484.0,391.0285714285714,0.0075627439007895,0.00709811197426,0.0130856405142975,0.5992063492063492,2,0,0.03857475
2020-08-01,11801.17,0.0402628136953353,0.0334417155738891,0.0287801166684092,641.0,429.80000000000007,0.0076912820004409,0.00709811197426,0.0123256067867443,0.5436507936507936,1,0,0.03775732
2020-08-02,11071.35,-0.0638379885940914,0.034313593390596,0.036105255496195,1604.9599999999991,535.0885714285714,0.0077416045953144,0.0292466119820258,0.012839595400992,0.5952380952380952,2,0,0.02734832
2020-08-03,11219.81,0.0133202754002095,0.038383835849441,0.0357161150171638,537.0,566.9799999999999,0.0079475062518463,0.0325932167210262,0.0159979135421499,0.753968253968254,2,0,0.03834341
2020-08-04,11191.97,-0.0024844090312949,0.0366243027856727,0.0358561916365566,414.9799999999995,576.2692857142856,0.0077828733083486,0.0291734241841095,-0.0030941516107162,0.6984126984126984,2,0,0.04088081
2020-08-05,11744.91,0.0482233983727411,0.0347823308218788,0.0371070551212566,687.9300000000003,605.1928571428571,0.0074634628108208,0.0291734241841095,-0.002989705624502,0.6111111111111112,2,0,0.03984351
2020-08-06,11762.46,0.0014931490218277,0.0364275287210009,0.0372534944798503,337.5,613.3235714285713,0.0070652646325792,0.0291734241841095,0.0001739864034664,0.6865079365079365,2,0,0.038704034
2020-08-07,11594.23,-0.0144055437001586,0.0345969846836686,0.0376394879680688,587.9400000000005,642.9221428571428,0.0063778477031191,0.0297192406981826,0.0001620714979223,0.5992063492063492,2,0,0.039650034
2020-08-08,11761.41,0.0143162726745416,0.0332365188507896,0.0376301825782895,296.27000000000044,648.3771428571429,0.0053895328546489,0.0297192406981826,-0.0002051967230995,0.5277777777777778,1,0,0.038579952
2020-08-09,11681.68,-0.0068020305693092,0.0320059129888865,0.0378963144383753,275.14000000000124,635.1014285714288,0.0041138214937314,0.0272715784845945,-0.0023076804017095,0.4722222222222222,1,0,0.027656224
2020-08-10,11892.92,0.0179214624033896,0.0306419780094031,0.0269804728924883,617.3500000000004,573.6514285714286,0.0025060815331725,0.0272715784845945,-0.0077418578400379,0.4126984126984127,1,0,0.02673043
2020-08-11,11392.08,-0.0430248879596852,0.0298703034488025,0.0296867050581296,810.0,583.1350000000001,0.0025187512422744,0.0321102170618798,-0.0067539993368701,0.376984126984127,1,0,0.026044022
2020-08-12,11564.33,0.0150069834685222,0.0316901453919336,0.0295952199324148,467.5200000000005,578.6135714285716,0.0024311123301358,0.0321102170618798,-0.0030921854299452,0.4603174603174603,1,0,0.025852185
2020-08-13,11780.0,0.0184778176380451,0.0306484481612713,0.0298646737683688,522.5999999999985,591.7278571428571,0.0025008884502851,0.0351749608928868,-0.0057790805597295,0.4126984126984127,1,0,0.026659962
2020-08-14,11760.54,-0.0016533184398284,0.0299098278871343,0.0294975111615112,215.96999999999937,572.5828571428572,0.0026777860614184,0.0321172924111608,-0.0046871567965342,0.376984126984127,1,0,0.026296627
2020-08-15,11852.4,0.0077805189363324,0.0286712678131458,0.0275209685149182,300.0,548.2257142857143,0.0029515452273196,0.0321172924111608,-0.0045652510376437,0.3055555555555556,1,0,0.02588008
2020-08-16,11911.0,0.0049319641788194,0.0276564911143946,0.0204091236406175,245.71999999999937,451.13714285714286,0.0032430486462915,0.0205612939437415,-0.0043494218744918,0.2579365079365079,1,0,0.025237184
2020-08-17,12281.13,0.0306015951306672,0.0266777187619612,0.0214335215550353,698.2199999999993,462.6528571428571,0.0031189376751969,0.0205612939437415,-0.0039642592474419,0.2023809523809523,0,0,0.02454942
2020-08-18,11945.01,-0.0277503200816457,0.0275047984453068,0.0232324145588037,569.8400000000001,473.7142857142857,0.0029535154770132,0.0239905899035589,-0.0023655050034957,0.242063492063492,1,0,0.018137109
2020-08-19,11754.59,-0.016069815339021,0.0279068191361258,0.0201002375491013,459.0799999999999,457.36785714285713,0.0028501279348993,0.0228618349534544,-0.0037833262558077,0.2698412698412698,1,0,0.024354886
2020-08-20,11853.55,0.0083835981669011,0.0273328111532338,0.0202220502416369,220.0,448.975,0.0024045975935566,0.0228618349534544,-0.0033156370080375,0.2261904761904762,1,0,0.02466717
2020-08-21,11531.34,-0.0275588546872747,0.0264735131594879,0.0212498245568556,392.1900000000005,434.99285714285713,0.0021455246760524,0.0247923098527584,-0.0034363147276464,0.1825396825396825,0,0,0.024295907
2020-08-22,11662.96,0.011349461965322,0.0270084971694318,0.0211062080946919,309.1900000000005,435.9157142857143,0.001898388599836,0.0247923098527584,-0.0016627706437139,0.2103174603174603,1,0,0.018095385
2020-08-23,11648.13,-0.0012723559473784,0.0262944440144728,0.0210328381525733,203.9400000000005,430.8299999999999,0.0017796249096199,0.0246417769813857,-0.0013620470999217,0.1666666666666666,0,0,0.024090108
2020-08-24,11748.2,0.0085543852594565,0.025410826836308,0.0205554153728146,239.8099999999995,403.862857142857,0.0018321769816613,0.0246417769813857,-0.0012668919256531,0.1269841269841269,0,0,0.017992418
2020-08-25,11318.42,-0.0372685503041179,0.0247633288782152,0.0196866440055845,650.210000000001,392.4492857142856,0.0019518189744525,0.0230257352203616,-0.0027414695670915,0.119047619047619,0,0,0.01776002
2020-08-26,11461.43,0.0125559982902245,0.026762300624022,0.019548902191308,295.3199999999997,380.1492857142856,0.001589704548374,0.0230257352203616,-0.0011445185121038,0.1944444444444444,0,0,0.017698761
2020-08-27,11330.38,-0.0114998715981542,0.0261303024173141,0.0189258166717911,467.2000000000007,376.19214285714287,0.0013032808120708,0.0217562928216946,-0.0012025087359196,0.1587301587301587,0,0,0.018122029
2020-08-28,11526.91,0.0171966880789469,0.0255199969750649,0.0196680754443719,265.7600000000002,379.7485714285715,0.0010649404892541,0.0234897867151512,-0.0009535161844229,0.1349206349206349,0,0,0.017929282
2020-08-29,11465.84,-0.0053121217435307,0.0253027827724229,0.0195068812374243,162.97999999999956,369.96142857142866,0.0009667468797781,0.0218398034951843,-0.0017057143970089,0.1309523809523809,0,0,0.01782168
2020-08-30,11711.16,0.0211700532462248,0.0245761793015358,0.0204350195060922,261.0,371.0528571428573,0.0010274425878759,0.0218398034951843,-0.001718264712937,0.119047619047619,0,0,0.017796572
2020-08-31,11649.51,-0.0052781142940627,0.0247875894960642,0.0182743838892722,230.77000000000044,337.66357142857163,0.001090807150205,0.0205143169745517,-0.0006232373402438,0.1269841269841269,0,0,0.017729592
2020-09-01,11921.97,0.0231187973969309,0.0241158216626448,0.0181968989726247,535.8500000000004,335.2357142857145,0.0011365426532942,0.0192599411912218,-0.0006475072155704,0.1111111111111111,0,0,0.017873716
2020-09-02,11388.54,-0.045775329811585,0.0245680549904874,0.021609420192384,794.4699999999993,359.19214285714304,0.0010243402837549,0.0251673234775186,-0.0021942456335346,0.123015873015873,0,0,0.017781537
2020-09-03,10140.85,-0.1160357655468899,0.0278979059725455,0.036999532669185,1501.800000000001,450.749285714286,0.0011039541059315,0.0472996539141768,0.0017676035552313,0.3015873015873015,1,0,0.017839026
2020-09-04,10446.25,0.0296712412537303,0.0454224534427908,0.0381891664450152,751.5499999999993,476.4178571428573,0.0054000211971477,0.0494809741380215,0.0199024564677259,0.873015873015873,2,1,0.025444012
2020-09-05,10166.69,-0.0271263723089187,0.0438517792467256,0.038146932839449,740.6800000000003,507.2385714285715,0.0070244229348437,0.0472683928304302,0.0185489964743027,0.8412698412698413,2,0,0.055689435
2020-09-06,10256.2,0.0087657107436189,0.0422725162143632,0.0384131018889068,352.27999999999884,517.8342857142858,0.007923885618011,0.0505297490826912,0.0176963369128273,0.8134920634920635,2,1,0.04309305
2020-09-07,10373.44,0.0113662925973549,0.0400414027192497,0.0385196605805257,535.75,538.9728571428572,0.0083146575544065,0.0505297490826912,0.0152538132231855,0.7817460317460317,2,1,0.0553731
2020-09-08,10126.65,-0.0240781306870196,0.0380692236567832,0.0379289097134221,588.0,534.5292857142857,0.0083773994751369,0.0493726360477553,0.0139534019941384,0.7301587301587301,2,0,0.05521531
2020-09-09,10219.2,0.0090977411466433,0.0368861647067351,0.0377961364129648,361.9899999999998,539.2914285714286,0.0083850917660316,0.0493726360477553,0.0123181097162477,0.6865079365079365,2,0,0.041664045
2020-09-10,10336.87,0.0114488114994344,0.0351303346225056,0.0381378344932527,412.5200000000005,535.3857142857142,0.0082356289314905,0.0531214854293984,0.0072324286499601,0.6309523809523809,2,0,0.040692013
2020-09-11,10387.89,0.0049235892784977,0.033605007958662,0.0376882788330484,197.60000000000036,530.5171428571429,0.0079691150833957,0.0531214854293984,-0.0118174454841287,0.5515873015873016,1,0,0.040028777
2020-09-12,10440.92,0.0050919965741691,0.0320581145188395,0.0378355763865648,208.71999999999937,533.7842857142857,0.0076440008986284,0.0581431589233619,-0.0117936647278861,0.4761904761904761,1,0,0.028555226
2020-09-13,10332.83,-0.0104064962240268,0.0306562124130955,0.0369785835960183,380.1100000000006,542.2921428571428,0.0072413985747592,0.0532469557996782,-0.0116163038012676,0.4166666666666667,1,0,0.027680796
2020-09-14,10671.77,0.032275732263626,0.0295257306366181,0.0385918445397517,537.6599999999999,564.2128571428572,0.0068666588386906,0.0582813371862659,-0.0105156720826316,0.3452380952380952,1,0,0.026904356
2020-09-15,10785.31,0.0105830858365472,0.0300968993085743,0.0379985906106692,323.5600000000013,549.0492857142857,0.0063307761504634,0.0582813371862659,-0.0079723243482089,0.3888888888888889,1,0,0.026361894
2020-09-16,10954.01,0.015520576216204,0.0290287776431021,0.0367163064831275,431.78000000000065,523.1428571428572,0.0058597719199282,0.0610085864893966,-0.0078573870636329,0.3293650793650793,1,0,0.026773121
2020-09-17,10939.99,-0.001280716353003,0.0282975386443222,0.0170058684033533,299.6299999999992,437.2735714285714,0.0058216608592385,0.0188781080226594,-0.0068327959781834,0.2976190476190476,1,0,0.02630132
2020-09-18,10933.39,-0.0006034732812487,0.0272129738470247,0.0155468741618937,225.1900000000005,399.67642857142863,0.0054191572007359,0.0168872498060636,-0.0063920341116373,0.238095238095238,1,0,0.024844524
2020-09-19,11080.65,0.0133789342229988,0.0262337111874242,0.013021861475248,292.4200000000001,367.6578571428572,0.0049977303462519,0.013134458072375,-0.0058244033314152,0.1904761904761904,0,0,0.02429917
2020-09-20,10920.28,-0.0145787328447113,0.0257026594992975,0.0141101528347119,357.64999999999964,368.0414285714287,0.0045194887236585,0.013435738958296,-0.004953552913798,0.1626984126984127,0,0,0.018071424
2020-09-21,10417.22,-0.0471614049101916,0.0252992466429023,0.0195392104950124,692.5100000000002,379.2385714285715,0.0041021432118685,0.0228283212986282,-0.0042264839937158,0.1468253968253968,0,0,0.017858367
2020-09-22,10529.61,0.0107310823194755,0.028683733789059,0.0183786205551564,219.70999999999913,352.93214285714294,0.0035032770464881,0.0225700560145482,-0.0014131655195152,0.3333333333333333,1,0,0.0178958
2020-09-23,10241.46,-0.0277471008498917,0.0277659276315984,0.0199742351555383,400.3299999999999,355.6707142857144,0.0028971669085071,0.0235121909799763,-0.0012628500115037,0.2936507936507936,1,0,0.025213879
2020-09-24,10736.32,0.0471881984713764,0.0281298639199127,0.0235010907542444,604.3099999999995,369.37,0.0023548516656761,0.0235121909799763,-0.0001676747244095,0.3134920634920635,1,0,0.025019597
2020-09-25,10686.67,-0.0046352156160356,0.0308895709737308,0.0235705298888543,204.29000000000087,369.8478571428572,0.002009405528928,0.0218384456925998,0.0036765971267061,0.4642857142857143,1,0,0.025162917
2020-09-26,10728.6,0.003915902398667,0.0295900279831545,0.0235608537140556,176.26000000000022,367.52928571428583,0.0017713088005035,0.0218384456925998,0.0033563167957302,0.3849206349206349,1,0,0.02651484
2020-09-27,10774.25,0.0042459551717115,0.0284041579471113,0.0232940785960263,204.1800000000003,354.9628571428572,0.0016450038379635,0.023202474035541,0.0027014984478138,0.3293650793650793,1,0,0.02580775
2020-09-28,10696.12,-0.0072779691147335,0.0273390290889023,0.021820697861094,324.0,339.70142857142866,0.0016133970406241,0.0216567298766614,0.002039782446,0.2619047619047619,1,0,0.025342565
2020-09-29,10840.48,0.0134062165899013,0.0264464636850703,0.021937136732069,231.67000000000007,333.1378571428572,0.0015505793111038,0.0216567298766614,-0.0022372701039887,0.2063492063492063,0,0,0.024709862
2020-09-30,10776.59,-0.005911086565506,0.025892456189538,0.0215423720889118,184.21000000000095,315.45428571428573,0.0015836441210977,0.0203655302749512,-0.0018734714420604,0.1746031746031746,0,0,0.01840366
2020-10-01,10619.13,-0.0147190973543107,0.0251165082179212,0.0218451243416439,483.0,328.55214285714294,0.0016945274337393,0.0210150249214356,-0.0030133557019914,0.1428571428571428,0,0,0.018211897
2020-10-02,10570.4,-0.0045994494362666,0.0247917156652087,0.0218498021268212,290.6399999999994,333.2271428571429,0.0018264889820743,0.0210767672292979,-0.006097855308522,0.1388888888888889,0,0,0.017998304
2020-10-03,10542.06,-0.0026846721814166,0.0241056418599221,0.0213733823654336,107.10000000000036,319.99000000000007,0.0019909434194194,0.0198915068403738,-0.0054843861232324,0.1111111111111111,0,0,0.017937314
2020-10-04,10666.63,0.0117472066892556,0.0234648354678428,0.021487072753702,179.0,307.22928571428577,0.0021845067766276,0.0204588273981803,-0.0049393224792684,0.0992063492063492,0,0,0.01783609
2020-10-05,10792.21,0.0117044009488385,0.0231776011940539,0.0172424802645354,182.36000000000055,270.7900000000001,0.0023664785763712,0.0126734302209963,-0.0041614278948483,0.0793650793650793,0,0,0.017840397
2020-10-06,10599.66,-0.0180026524426537,0.0229234078008725,0.017888696387982,275.0,274.73928571428587,0.0024924222625705,0.0134555115563113,-0.0035230558841977,0.0793650793650793,0,0,0.017726865
2020-10-07,10666.39,0.00627575116334,0.0231078499766136,0.0159678627966257,135.70000000000073,255.83714285714308,0.002589043604001,0.0098452651735467,-0.0027846062129244,0.0833333333333333,0,0,0.017754953
2020-10-08,10925.57,0.0240082372384513,0.0226484439314858,0.0116373248984165,419.59000000000015,242.6428571428574,0.0026487326011215,0.0098452651735467,-0.0024680642864354,0.0714285714285714,0,0,0.017728996
2020-10-09,11050.64,0.0113824313048986,0.0234149167386932,0.0118006525392334,275.6399999999994,247.73928571428587,0.0022096489252297,0.0104643800625027,-0.0013767989265154,0.1111111111111111,0,0,0.017666515
2020-10-10,11293.22,0.0217142008076791,0.0231155924477553,0.0128862186281688,440.4899999999998,266.61285714285725,0.0018261538152617,0.0104643800625027,-0.0009900494121668,0.0912698412698412,0,0,0.017909657
2020-10-11,11369.02,0.0066895666688306,0.0235868977139832,0.0129112394101814,224.0,268.0285714285715,0.0014660110106688,0.0104643800625027,0.0001220622461404,0.1269841269841269,0,0,0.017807376
2020-10-12,11528.25,0.0139084324759206,0.023084321114903,0.0127487109842028,548.0100000000002,284.02928571428583,0.0011844846518537,0.010991366303786,-9.328007915089878e-05,0.0873015873015873,0,0,0.017959427
2020-10-13,11420.56,-0.0093853049878305,0.0229644959366274,0.0130916045520441,257.0,285.8385714285715,0.0009568115064649,0.0107403803147639,4.108813575489853e-05,0.0873015873015873,0,0,0.01773579
2020-10-14,11417.89,-0.0002338162188912,0.0226291671780505,0.0128560225853431,267.97999999999956,291.82214285714286,0.00074892577344,0.0104662022838111,-0.000478682798563,0.0714285714285714,0,0,0.017710727
2020-10-15,11505.12,0.0076107300963599,0.0221369470419202,0.0116680478548992,366.5100000000002,283.5014285714286,0.0006523644359314,0.0093871882323541,-0.0005114968895655,0.0595238095238095,0,0,0.017602693
2020-10-16,11319.32,-0.0162811533813087,0.0218335603540371,0.0128235592416252,341.14999999999964,287.10928571428576,0.0005810973867797,0.0117005772067635,-0.0015813563846561,0.0515873015873015,0,0,0.017545324
2020-10-17,11360.2,0.003605018472486,0.0220405790411858,0.0126467493197932,147.42000000000007,289.98928571428576,0.0005435170255148,0.0130125907310525,-0.0010750134065695,0.0555555555555555,0,0,0.01752941
2020-10-18,11503.14,0.0125040228060484,0.0216456327173575,0.0126778284186656,158.78000000000063,288.5450000000001,0.000603568814887,0.0130125907310525,-0.0019412649966257,0.0515873015873015,0,0,0.017564263
2020-10-19,11751.47,0.0213582975701172,0.021630116553613,0.0132950489438225,416.03000000000065,305.2357142857144,0.0006559755937806,0.0130125907310525,-0.00145420456129,0.0476190476190476,0,0,0.017541047
2020-10-20,11909.99,0.013399204588298,0.0222973119829112,0.011438361072094,360.78999999999905,311.36357142857145,0.0006554711259274,0.0108507230967113,-0.0006671839537161,0.0793650793650793,0,0,0.01746906
2020-10-21,12780.96,0.0705790197628193,0.0222487780777948,0.0201472093029314,1330.7299999999996,396.7228571428571,0.0006424509546998,0.0108507230967113,-0.0003803891002557,0.0793650793650793,0,0,0.017561596
2020-10-22,12968.52,0.0145683188348346,0.0311744064582482,0.0199040098124868,506.9200000000001,402.96071428571423,0.0024028760365957,0.0108507230967113,0.009037459416328,0.5,1,0,0.01727533
2020-10-23,12923.07,-0.0035107961066547,0.0301648314257508,0.0203466857208481,307.6100000000006,405.2442857142857,0.0030537432923715,0.0095595536567746,0.0083312710717136,0.4484126984126984,1,0,0.026340913
2020-10-24,13111.73,0.0144931631779385,0.0289185602613025,0.0201496862287239,296.72999999999956,394.9757142857143,0.0033598317811179,0.0095595536567746,0.0068779812201167,0.3888888888888889,1,0,0.026021283
2020-10-25,13028.83,-0.0063426550859695,0.0281449411947813,0.020642456574278,462.0,411.9757142857143,0.0035305747349621,0.0090085463644984,0.0064993084774237,0.365079365079365,1,0,0.025484663
2020-10-26,13052.19,0.0017913414618497,0.0271463366238696,0.0207078758742204,473.8099999999995,406.6757142857142,0.0035849634598617,0.0090085463644984,0.0055162200702565,0.3134920634920635,1,0,0.02520777
2020-10-27,13636.17,0.0437698854159531,0.0261791864160466,0.021939992854969,769.4200000000001,443.2771428571428,0.0035722428473511,0.0089118683267313,0.0038818744331353,0.2698412698412698,0,0,0.024752777
2020-10-28,13266.4,-0.0274912982793136,0.0288321931617861,0.0242595017238765,971.4799999999996,493.5271428571428,0.0036565222860304,0.0163814101907464,0.0065834150839913,0.3888888888888889,1,0,0.018259447
2020-10-29,13455.7,0.0141682851772664,0.0290209661717018,0.0242581965283773,722.1399999999994,518.9292857142856,0.0036593142065804,0.0163814101907464,-0.0021534402865464,0.3968253968253968,1,0,0.025394242
2020-10-30,13560.1,0.0077288490213085,0.0282197623076619,0.0229820811129261,554.9799999999996,534.202857142857,0.0035215427792118,0.0164146930514937,-0.0019450691180889,0.369047619047619,1,0,0.025519159
2020-10-31,13791.0,0.0168845483758737,0.0272493212449057,0.0228424929589318,688.5,572.8514285714284,0.0033100799254932,0.0164146930514937,-0.0016692390163968,0.3253968253968254,1,0,0.025260415
2020-11-01,13761.5,-0.0021413673004317,0.0268012914111885,0.0232407555343079,292.0,582.3671428571427,0.0029830858992834,0.0142558049390382,-0.0013436497835927,0.3095238095238095,0,0,0.02485339
2020-11-02,13549.37,-0.0155347864119033,0.0258716865490303,0.0242652147262017,634.9500000000007,598.0042857142855,0.0025842694040245,0.0145206162865291,-0.0012746500748393,0.2539682539682539,0,0,0.0184413
2020-11-03,14023.53,0.0343965813014222,0.0255045497213013,0.0251143088208148,781.1200000000008,628.0278571428571,0.0022231295513909,0.0145206162865291,-0.0006746366947452,0.242063492063492,0,0,0.01806457
2020-11-04,14144.01,0.0085545798273258,0.0269817433198906,0.0185304958849487,734.0,585.4042857142857,0.0016413119697846,0.0145206162865291,-0.0018504498418955,0.3214285714285714,1,0,0.01799376
2020-11-05,15590.02,0.0973397530338857,0.0261648480343079,0.0304316719951645,1656.4400000000005,667.5128571428571,0.0013933348793217,0.0145206162865291,-0.0028561181373938,0.2777777777777778,0,0,0.024569701
2020-11-06,15579.92,-0.0006480603012697,0.0398025648623169,0.0303205224524082,794.0,702.255,0.003536397248403,0.01443839173561,0.0115828025546549,0.7738095238095238,2,0,0.01823705
2020-11-07,14818.3,-0.0501200022045189,0.0376814317734259,0.0347307315568215,1409.300000000001,781.7242857142858,0.0043538509125837,0.0243390988621725,0.0104321105285202,0.7182539682539683,2,0,0.039519828
2020-11-08,15475.1,0.0433693771486112,0.0390863920058338,0.0356004818355838,946.1200000000008,816.3042857142858,0.0051338348351247,0.026510832227586,0.0122851005946453,0.746031746031746,2,0,0.039869856
2020-11-09,15328.41,-0.0095243112803107,0.0394761207063395,0.0359835804016655,1034.4599999999991,856.3507142857144,0.0057045140729148,0.0245113362629087,0.0136044341573091,0.7579365079365079,2,0,0.04041065
2020-11-10,15297.21,-0.0020375104761161,0.0375026391190067,0.0348877882006884,387.5400000000009,829.0735714285717,0.005847123726035,0.0227061510901486,0.0119980893977053,0.6944444444444444,2,0,0.040555757
2020-11-11,15684.24,0.024985927702934,0.0355819162990888,0.0335503765935193,692.3199999999997,809.1335714285716,0.0059059943125217,0.0218067787634121,0.0086001729791982,0.623015873015873,2,0,0.039637726
2020-11-12,16291.86,0.0380092100428512,0.0347298100734562,0.0342685192272544,900.0600000000013,821.8421428571431,0.005897787107449,0.0218067787634121,0.0085649620391482,0.5952380952380952,2,0,0.038614165
2020-11-13,16320.7,0.001768644198302,0.0351566464908986,0.0343847194294379,527.6499999999996,819.8900000000003,0.0058296161006678,0.0218067787634121,-0.0046459183714182,0.6190476190476191,2,0,0.038234618
2020-11-14,16070.45,-0.0154520589265132,0.0334386750506949,0.035197260211858,656.9899999999998,817.6392857142861,0.0056164715851152,0.0210169310158903,-0.004242756722731,0.5436507936507936,1,0,0.038350742
2020-11-15,15957.0,-0.007084577418178,0.0322403209341919,0.0353628373703329,405.28000000000065,825.7307142857146,0.0053258334627652,0.0211713604008732,-0.0068460710716419,0.5158730158730159,1,0,0.027434569
2020-11-16,16713.57,0.0463233598845072,0.030860690988873,0.0357125726314957,1016.0,852.9485714285718,0.0049269987239787,0.0219706467804287,-0.0086154297174664,0.4801587301587302,1,0,0.026879739
2020-11-17,17659.38,0.0550461226589611,0.0329515897232895,0.0369796206334468,1320.8199999999997,891.4985714285716,0.0043185677658773,0.0219706467804287,-0.0045510493957171,0.5317460317460317,1,0,0.02651919
2020-11-18,17776.12,0.0065888965777975,0.0359119397697125,0.0370156857292584,1262.4799999999996,929.2471428571432,0.0037615341627017,0.0219706467804287,0.0003300234706236,0.6507936507936508,2,0,0.027060043
2020-11-19,17802.82,0.0015008881665483,0.0341864270534074,0.0288398515222575,844.1499999999978,871.2264285714285,0.0027911071874193,0.0219706467804287,-0.0005433830200487,0.5833333333333334,2,0,0.038466092
2020-11-20,18655.67,0.0467932496162859,0.0325532253032831,0.0303080082405603,1075.1800000000003,891.3107142857143,0.0026217387023314,0.0240658926181769,-0.0026034211876155,0.5277777777777778,1,0,0.037868675
2020-11-21,18703.8,0.0025765904402383,0.0343983844445947,0.0246224376475112,657.3199999999997,837.597857142857,0.0025175459382998,0.0097956791056966,0.0009597093938997,0.5992063492063492,2,0,0.027305257
2020-11-22,18414.43,-0.0155921153820788,0.032752964160524,0.0247398132791993,1139.1399999999994,851.3849999999999,0.0022555572427548,0.0111976370601586,0.000512643226332,0.5317460317460317,1,0,0.037244495
2020-11-23,18368.0,-0.0025245762533945,0.0316308363516121,0.0243295075766655,766.0,832.2092857142856,0.0018355750394641,0.0104172583586098,0.0007701453627391,0.5,1,0,0.026929673
2020-11-24,19160.01,0.0422152743260912,0.0302366356906144,0.0250990216956746,1400.9700000000012,904.5971428571428,0.001748424614666,0.0116022078675769,-0.0027149540326751,0.4642857142857143,1,0,0.026349958
2020-11-25,18719.11,-0.0232803672790353,0.0318822977212162,0.0270231413888069,983.9399999999988,925.4271428571428,0.0016593147258105,0.0146997987078506,-0.0040296420484962,0.5158730158730159,1,0,0.02601656
2020-11-26,17149.47,-0.0875776578398817,0.0313289054344588,0.0369671126995894,2727.029999999999,1055.9249999999995,0.0016459610275999,0.0381887124749709,-0.0028575216189486,0.503968253968254,1,0,0.026592638
2020-11-27,17139.52,-0.0005803612342791,0.0407647036444099,0.0369817069948663,1019.5399999999972,1091.0599999999995,0.0026398091518529,0.0353565580543175,0.0082114783411268,0.8253968253968254,2,0,0.02728128
2020-11-28,17719.85,0.0332985720197687,0.0385630222413797,0.0373535618940225,1014.9300000000004,1116.6271428571424,0.0030022295186128,0.0376648316449838,0.004164637796785,0.7738095238095238,2,0,0.041394707
2020-11-29,18184.99,0.0259110484052147,0.0380282401550647,0.0374388090578167,843.0499999999993,1147.896428571428,0.0031944163357958,0.0411379290190346,0.0052752759945407,0.7619047619047619,2,0,0.041195493
2020-11-30,19695.87,0.0798124405603424,0.0369732192824097,0.0408942512494862,1678.1699999999985,1195.1942857142851,0.0031492158902211,0.0411379290190346,0.0053423829307975,0.7182539682539683,2,0,0.041211616
2020-12-01,18764.96,-0.0484176681386951,0.0432031277054415,0.0418024423035027,1886.880000000001,1235.6271428571422,0.0038828529690925,0.0424380265953867,0.012966492014827,0.873015873015873,2,0,0.040674593
2020-12-02,19204.09,0.023131976224672,0.0435699857665273,0.0421037104838221,1012.0,1217.7357142857138,0.0044874037788428,0.0424380265953867,0.011687688045311,0.8888888888888888,2,0,0.042903703
2020-12-03,19421.9,0.011278018177224,0.0417802360483576,0.0421130191051855,730.7999999999993,1209.6392857142853,0.004739706500113,0.0424380265953867,0.0104513306138988,0.8611111111111112,2,0,0.04317188
2020-12-04,18650.52,-0.0405272676199164,0.0396541348191274,0.0421075763352418,961.6899999999988,1201.5328571428563,0.0046920129370278,0.0421703620171473,-0.0011105688252825,0.8174603174603174,2,0,0.04278643
2020-12-05,19147.66,0.0263064872103075,0.0396656252270282,0.0426936585157526,677.0,1202.9385714285709,0.0046984711603844,0.0421703620171473,0.0011026029856484,0.8214285714285714,2,0,0.042023834
2020-12-06,19359.4,0.010997574683671,0.038462988168283,0.0424571929719803,563.0,1161.7857142857138,0.0045327714995766,0.0451022208738342,0.0004347480132183,0.7817460317460317,2,0,0.042079594
2020-12-07,19166.9,-0.0099932566585021,0.0366194428557021,0.0425864491820385,518.0299999999988,1144.0735714285709,0.0042164399203569,0.0452746317119132,-0.0003537764267075,0.7103174603174603,2,0,0.041652855
2020-12-08,18324.11,-0.0449671539115588,0.0349119225963019,0.0427912015948284,1094.84,1122.207142857142,0.0037176332360719,0.0452308342849718,-0.0082912051091395,0.6468253968253969,2,0,0.04069824
2020-12-09,18541.28,0.0117819186056848,0.0361184936707044,0.0425500533623113,989.5699999999996,1122.609285714285,0.0033101243372891,0.0479215036807682,-0.0074514920958228,0.6904761904761905,2,0,0.039722916
2020-12-10,18254.63,-0.0155808511856818,0.0345126820196466,0.0349036383536599,646.2000000000007,973.978571428571,0.0028541083481804,0.0325364919772303,-0.007267554028711,0.626984126984127,2,0,0.04036049
2020-12-11,18036.53,-0.0120196006823967,0.0332133573741204,0.0351636563861778,720.3999999999978,952.6114285714282,0.003147320158687,0.0329035809664852,-0.0064407774450069,0.5634920634920635,1,0,0.038852017
2020-12-12,18808.69,0.0419198512810261,0.0318906543931714,0.0357927992828422,927.9599999999992,946.3992857142852,0.003570426742182,0.0329035809664852,-0.0077749708338567,0.5238095238095238,1,0,0.02796733
2020-12-13,19174.99,0.0192878286595874,0.0332132337389405,0.0355273962431394,699.880000000001,936.1728571428569,0.003768735102784,0.0329035809664852,-0.0052497544293425,0.5674603174603174,1,0,0.02731144
2020-12-14,19273.14,0.0051055909978821,0.0322442513932738,0.0280544585747362,349.0,841.2321428571425,0.0040151034348751,0.0329035809664852,-0.0043751914624283,0.5436507936507936,1,0,0.027763959
2020-12-15,19426.43,0.0079220932790864,0.030825266345284,0.024648408508341,520.0,743.5978571428568,0.0039238245854152,0.0288152850220832,-0.0040866562510179,0.4841269841269841,1,0,0.027510624
2020-12-16,21335.52,0.0937387794210291,0.0296013999203817,0.0344678372698259,2281.4000000000015,834.2692857142855,0.0036711542901501,0.0288152850220832,-0.0065170937503227,0.4404761904761904,1,0,0.026759129
2020-12-17,22797.16,0.0662626773596741,0.0410103287162304,0.0378918273747817,2570.0,965.640714285714,0.0035692537477298,0.0288152850220832,0.0064976466965838,0.8928571428571429,2,0,0.026320096
2020-12-18,23107.39,0.0135165129878043,0.0440705941959274,0.0348179799645509,935.1800000000004,963.7471428571428,0.0041473768357417,0.0250456774403446,0.0108572368218069,0.9603174603174603,2,0,0.041883197
2020-12-19,23821.61,0.0304406721170451,0.0418151351726742,0.034935790015446,1421.4700000000012,1016.9235714285714,0.0043501058644226,0.0250456774403446,0.0099244807795027,0.9206349206349206,2,0,0.04316355
2020-12-20,23455.52,-0.0154872902556704,0.0406777444135105,0.0359077923701103,1235.0,1064.9235714285714,0.004499625356897,0.0234478143682797,0.0074645106745699,0.8888888888888888,2,0,0.04268169
2020-12-21,22719.71,-0.0318730319606679,0.038792308186334,0.0374613028864966,2287.7700000000004,1191.3335714285715,0.0045682764714607,0.027074065010521,0.0065480567930602,0.8333333333333334,2,0,0.04218177
2020-12-22,23810.79,0.0469060095977802,0.0381086167551575,0.0346264990337034,1483.699999999997,1219.1092857142855,0.0045937660162019,0.0202668451544867,0.0072833504098734,0.8174603174603174,2,0,0.041642364
2020-12-23,23232.76,-0.0245754876788293,0.0390478604707224,0.0364987315866188,1500.0,1255.5685714285714,0.0046584997950013,0.0211987482871799,0.0094464605503407,0.8373015873015873,2,0,0.041157436
2020-12-24,23729.2,0.0211430056733732,0.0377948509228254,0.0353473002201178,1091.010000000002,1287.3407142857145,0.0046410009863335,0.0223839882563725,-0.003215477793405,0.7976190476190477,2,0,0.04149471
2020-12-25,24712.47,0.0406016172561454,0.0364596437455607,0.0346156339628615,1356.260000000002,1332.759285714286,0.0045391202137827,0.0248977972284124,-0.0076109504503666,0.7420634920634921,2,0,0.04089075
2020-12-26,26493.39,0.0695872933806356,0.0369202065633184,0.0365459802590604,2367.029999999999,1435.5500000000004,0.0043118799723905,0.0248977972284124,-0.0048949286093557,0.7619047619047619,2,0,0.0402282
2020-12-27,26281.66,-0.0080239103889265,0.0413620483894767,0.0375587915762384,2722.0,1579.987142857143,0.0042844953169652,0.0219321912859326,0.0006843039759662,0.9126984126984128,2,0,0.04053628
2020-12-28,27079.41,0.0299023029826699,0.0391922951743549,0.037257924806099,1399.0,1654.987142857143,0.0039877684762403,0.0219321912859326,0.0003999869880208,0.8492063492063492,2,0,0.042514514
2020-12-29,27385.0,0.0112217577258544,0.0383037996723499,0.0371567167461531,1530.0,1727.1300000000003,0.00336749979318,0.0219321912859326,0.0001951829171924,0.8174603174603174,2,0,0.041762497
2020-12-30,28875.54,0.0529994517301073,0.0364812601656794,0.0326400437508835,1676.0,1683.887142857143,0.0022333927234673,0.0219321912859326,-0.002566600305043,0.7420634920634921,2,0,0.04133744
2020-12-31,28923.63,0.0016640381201611,0.0384728151050044,0.0303270687482086,1450.0,1603.887142857143,0.002185343560345,0.0219321912859326,0.000677964182179,0.8253968253968254,2,0,0.04025949
2021-01-01,29331.69,0.0140095934275397,0.0364672154990669,0.0303229960369907,975.4300000000004,1606.762142857143,0.00176040939775,0.0219321912859326,7.571753506199763e-06,0.7380952380952381,2,0,0.041295316
2021-01-02,32178.33,0.0926247431168008,0.0349113805949007,0.0363857062149013,4353.470000000001,1816.1907142857144,0.0017465277988166,0.0219321912859326,-0.0020088259684177,0.6746031746031746,2,0,0.040187117
2021-01-03,33000.05,0.0252158319865536,0.0442518662399428,0.0347962285715976,2815.119999999999,1929.0564285714288,0.0023229822863535,0.0236940773116234,0.0028898178504661,0.9642857142857144,2,0,0.039418425
2021-01-04,31988.71,-0.0311260485700941,0.0425154692550242,0.0347037759900132,5470.0,2156.3585714285714,0.0025794174337585,0.0233607122620413,0.0033231740806693,0.9285714285714286,2,0,0.04337394
2021-01-05,33949.53,0.0594919819740535,0.0413533987376202,0.0354847741948624,4460.0,2368.951428571429,0.0026765812016549,0.0233607122620413,0.0030495990652703,0.8968253968253969,2,0,0.043121006
2021-01-06,36769.36,0.0797898796472882,0.0433801688688557,0.0351532677977272,3651.209999999999,2522.6092857142858,0.0029417711212527,0.0227289907113952,0.0068989087031762,0.9484126984126984,2,0,0.04279801
2021-01-07,39432.28,0.0699198805415832,0.0480896736827385,0.0363080024118505,4065.0,2735.037142857143,0.0037555788839694,0.0227289907113952,0.009616858577734,1.0,2,0,0.043576714
2021-01-08,40582.81,0.0287598077245583,0.0503873881025086,0.0363374290553448,5450.0,3027.4471428571424,0.004544846869433,0.0227289907113952,0.0139201726034416,1.0,2,0,0.04451209
2021-01-09,40088.22,-0.01226205236531,0.0482721426198391,0.0369977094232965,2660.0,3048.3735714285713,0.0047930793718245,0.0198626279373012,0.0133607620249384,0.996031746031746,2,0,0.04481932
2021-01-10,38150.02,-0.0495562435922014,0.0456262006602146,0.0416214413472623,6238.889999999999,3299.5799999999995,0.004905865569279,0.0345205740912433,0.0013743344202717,0.984126984126984,2,0,0.044623535
2021-01-11,35404.47,-0.0746881986220913,0.0457834702911754,0.0496071570245004,7844.739999999998,3759.99,0.0049340555111568,0.0478365370824959,0.0032680010361511,0.984126984126984,2,0,0.044986214
2021-01-12,34051.24,-0.0389716343884227,0.0491923211688642,0.0519810373304863,4097.0,3943.347142857143,0.0050860967082196,0.0461998385431917,0.0078389224312439,0.996031746031746,2,0,0.045793008
2021-01-13,37371.38,0.0930387218664847,0.0479160688754955,0.0552009749243937,5470.0,4214.347142857143,0.0048311537447002,0.0461998385431917,0.0045359000066398,0.984126984126984,2,0,0.04612514
2021-01-14,39144.5,0.0463547564222306,0.0538518201817186,0.0554489735488179,3398.769999999997,4353.544999999999,0.0052011399112045,0.0461998385431917,0.0057621464989801,1.0,2,0,0.046036195
2021-01-15,36742.22,-0.0633334246881052,0.0526795824234323,0.0599362895684312,5339.760000000002,4665.282857142856,0.0049180869860638,0.049469263335612,0.0022921943209237,0.996031746031746,2,0,0.046461936
2021-01-16,35994.98,-0.0205470182784353,0.0534088265613543,0.0563440599047151,2592.199999999997,4539.477857142856,0.0040268777662597,0.0464533991527963,0.0051366839415152,0.996031746031746,2,0,0.046624344
2021-01-17,35828.61,-0.0046327480304899,0.0506142634938299,0.0562073228877789,3002.5,4552.862142857142,0.0039759732360244,0.0434840350074846,0.0049880628336153,0.988095238095238,2,0,0.046464708
2021-01-18,36631.27,0.0221555109664723,0.0476419269204812,0.0553059406641322,2669.8300000000017,4352.849999999999,0.0036468688236254,0.0449731022861273,0.0018584566293057,0.9642857142857144,2,0,0.046178576
2021-01-19,35891.49,-0.0204020271840601,0.0454232935932784,0.0538741164549844,2005.9400000000023,4177.5599999999995,0.0031692182212487,0.0426824059447924,-0.0037690275755857,0.9523809523809524,2,0,0.045724656
2021-01-20,35468.23,-0.0118628538249527,0.0433217424472977,0.0493294003440103,3015.3099999999977,4132.138571428571,0.0031768390198637,0.0404351737953763,-0.0045943264281977,0.9087301587301588,2,0,0.045245912
2021-01-21,30850.13,-0.1394964019344247,0.0410800058482365,0.0568359236420076,5529.0,4236.709999999999,0.0037804293988809,0.0584587680946247,-0.0127718143334821,0.8690476190476191,2,1,0.044523817
2021-01-22,32945.17,0.0657037001868836,0.0587315742236426,0.0599242647838702,4976.529999999999,4202.890714285713,0.0046942834692613,0.0584587680946247,0.0060519918002103,1.0,2,1,0.056920346
2021-01-23,32078.0,-0.0266742275526272,0.0588874306897962,0.059999340301754,2065.84,4160.450714285714,0.0054021370113946,0.0589367730357973,0.0054786041284418,1.0,2,1,0.058984976
2021-01-24,32259.9,0.0056545359630604,0.0558944443051375,0.0594303451107083,2171.0,3869.887142857143,0.0055194206493773,0.0598884248505885,0.0052801808113076,0.992063492063492,2,1,0.059048247
2021-01-25,32254.2,-0.00017670555785,0.0525215791536865,0.0566540030717111,2965.0,3521.334285714285,0.0053859299212844,0.0544684568159535,0.0048796522332053,0.9761904761904762,2,0,0.058850627
2021-01-26,32467.77,0.0065996376554497,0.0493782440358683,0.0559593944602745,2084.5099999999984,3377.584999999999,0.0053818952697492,0.0561053994775654,0.0039549504425899,0.9642857142857144,2,0,0.046457436
2021-01-27,30366.15,-0.0669194037928218,0.0465271199847401,0.0508505723240654,3315.5699999999997,3223.6971428571424,0.005451710570619,0.0574076392596397,0.0032053775374423,0.9404761904761904,2,1,0.045865294
2021-01-28,33364.86,0.0941747491499533,0.0486800031941657,0.0565617257632284,3941.8800000000047,3262.490714285715,0.005397509224919,0.0574076392596397,0.0075999973459291,0.9563492063492064,2,0,0.05755138
2021-01-29,34252.2,0.0262475458890101,0.0546371339880565,0.0552887805965845,6616.5,3353.6864285714287,0.0054873278892953,0.0566233285907413,-0.004094440235586,0.988095238095238,2,1,0.046121713
2021-01-30,34262.88,0.0003117561881698,0.0519950941962503,0.0551187467625229,2108.0,3319.1007142857147,0.0054421451723805,0.0600326467913514,-0.0068923364935458,0.9682539682539684,2,0,0.0581167
2021-01-31,33092.98,-0.0347413771124038,0.0488927109133248,0.0557491748116688,2171.020000000004,3259.709285714286,0.0054559010692504,0.0614269969671065,-0.0070017333918127,0.9484126984126984,2,1,0.04631358
2021-02-01,33526.37,0.0130111180611347,0.0473220620316436,0.0554508161416687,2421.109999999997,3241.943571428571,0.0054683546489085,0.0614269969671065,-0.0051995171220428,0.9246031746031746,2,1,0.05772507
2021-02-02,35466.24,0.056248964732994,0.0447758206375074,0.057692951438736,2566.3300000000017,3281.971428571429,0.0055147225002825,0.0658238672285861,-0.0046024233983609,0.9007936507936508,2,1,0.057741847
2021-02-03,37618.87,0.0589245281156269,0.0458263253852752,0.0597199755948996,2300.25,3230.895714285715,0.0053117007421809,0.0719110028864666,-0.0007007945994648,0.9166666666666666,2,0,0.05763064
2021-02-04,36936.66,-0.0183012324165279,0.0470458674221871,0.0440030454902313,2546.3199999999997,3017.8471428571434,0.004715063508151,0.0366923715123464,-0.0016341357719785,0.9206349206349206,2,0,0.04604685
2021-02-05,38290.24,0.0359904796336572,0.0447077677763047,0.0419258357996965,1740.1200000000026,2786.675,0.0043765284238463,0.0366923715123464,-0.0099293662117518,0.8888888888888888,2,0,0.044195008
2021-02-06,39186.94,0.0231484945952598,0.0436861771427065,0.040599347909258,2739.5699999999997,2834.798571428572,0.0037932984786231,0.0387947683988154,-0.0083089170535438,0.873015873015873,2,0,0.04346591
2021-02-07,38795.69,-0.0100343700350133,0.0418862344243026,0.0410700782995125,2349.0,2847.5128571428577,0.0035936934900734,0.0349880688305899,-0.0070064764890221,0.8412698412698413,2,0,0.043333184
2021-02-08,46374.87,0.1784485597042824,0.0397177421936572,0.0599903236357113,8805.559999999998,3264.6957142857145,0.0038908117791869,0.0391177503750417,-0.0076043198379864,0.7896825396825397,2,0,0.042753603
2021-02-09,46420.42,0.0009817309404045,0.0677392265797242,0.0601481995065693,3181.100000000006,3343.0235714285727,0.00682102002141,0.0391177503750417,0.0229634059422167,1.0,2,0,0.042426225
2021-02-10,44807.58,-0.0353621270921635,0.0634460621253317,0.0569216601461398,3583.0,3362.125714285715,0.0079291493852531,0.0268936191600903,0.0176197367400565,0.996031746031746,2,0,0.04619887
2021-02-11,47969.51,0.0681882792068613,0.0605107321849096,0.0549809681664929,4684.880000000005,3415.1971428571437,0.0084687636273727,0.0268936191600903,0.0134648647627224,0.992063492063492,2,0,0.045641225
2021-02-12,47287.6,-0.0143174960635956,0.0607031843741226,0.056022150413985,2860.800000000003,3146.932857142858,0.0088617125096912,0.0248919975078055,0.0159954165978179,0.992063492063492,2,0,0.045500528
2021-02-13,47153.69,-0.0028358377938655,0.0571139896314564,0.0561265790858942,1947.4700000000012,3135.4664285714293,0.0090282014756347,0.0227526543346635,0.0134278124887498,0.9761904761904762,2,0,0.04533894
2021-02-14,48577.79,0.0297541636804208,0.0536250930662078,0.0536307594770597,2693.260000000002,3172.7692857142865,0.0090336274864822,0.0194891579703683,0.0117388586419052,0.9603174603174603,2,0,0.044935267
2021-02-15,47911.1,-0.0138192202196361,0.0512644985409265,0.0546547653382205,3440.1299999999974,3245.5564285714295,0.0089614704433905,0.0186641690566383,0.0115467563472692,0.9404761904761904,2,0,0.04450774
2021-02-16,49133.45,0.0251928552278926,0.0484159217696923,0.0539363114334474,3685.5599999999977,3325.501428571429,0.0088003869238354,0.0186641690566383,-0.0193233048100319,0.9126984126984128,2,0,0.044191193
2021-02-17,52119.71,0.0590031225827925,0.046282712856673,0.053940310464533,3671.739999999998,3423.4650000000006,0.0087772321331789,0.0186641690566383,-0.0171633492686587,0.8809523809523809,2,0,0.043410208
2021-02-18,51552.6,-0.0109405424977389,0.0474414753181587,0.0535381211523306,1628.0999999999983,3357.877857142858,0.0087611371490581,0.0176770453867424,-0.0130692568667509,0.8928571428571429,2,0,0.04302023
2021-02-19,55906.0,0.0810690632665132,0.0448301632084163,0.055641026008215,5657.800000000003,3637.712142857144,0.0087534703734941,0.0176770453867424,-0.0158730211657063,0.8531746031746031,2,0,0.043162044
2021-02-20,55841.19,-0.0011599398117585,0.0494373584136527,0.0561485703442727,3836.529999999999,3716.066428571429,0.0084684272022668,0.0163716351482705,-0.0076766312178036,0.9285714285714286,2,0,0.042714175
2021-02-21,57408.57,0.0276818262015101,0.0465363376616864,0.0552200659731313,2875.2100000000064,3753.652857142858,0.008111585756806,0.0172023471266619,-0.0070887554045214,0.876984126984127,2,0,0.043812867
2021-02-22,54087.67,-0.0595873467155065,0.0447262218721975,0.0398322902185519,9886.47,3830.8607142857154,0.0075912312699284,0.0275840957504527,-0.0065382766687289,0.8373015873015873,2,0,0.043188985
2021-02-23,48891.0,-0.1010129181393377,0.0462033989615548,0.0498669026154847,9291.03,4267.284285714287,0.0064759544127906,0.0440593151325794,-0.0022125228081374,0.8650793650793651,2,0,0.043094557
2021-02-24,49676.2,0.0159326147047771,0.0539860224742024,0.0486452279446072,4386.299999999996,4324.662857142857,0.0055584163322215,0.0451652615673551,0.0077033096175294,0.9642857142857144,2,0,0.044369962
2021-02-25,47073.73,-0.0538108492136757,0.0509782278694538,0.0478324120395495,5367.390000000007,4373.413571428572,0.0048096327757742,0.0463342657493217,0.0035367525512951,0.9325396825396826,2,0,0.045965757
2021-02-26,46276.87,-0.0170728277211171,0.0508758405198842,0.0478955144071472,4317.330000000002,4477.4514285714295,0.0037437380006243,0.046450786071247,0.0060456773114678,0.9285714285714286,2,0,0.04554371
2021-02-27,46106.43,-0.0036898485630647,0.0481632100958673,0.0478978310654389,3394.0,4580.775000000001,0.0030211283588832,0.0464582840023166,-0.0012741483177854,0.8888888888888888,2,0,0.045524698
2021-02-28,45135.66,-0.0212797982274022,0.045376290574383,0.0472655104332512,3638.459999999999,4648.289285714286,0.002797292997818,0.0443719218426826,-0.0011600470873033,0.8253968253968254,2,0,0.0449032
2021-03-01,49587.03,0.0940566861589413,0.0433211223454247,0.054065083143461,4839.470000000001,4748.242142857144,0.0029261159493775,0.0468092354464365,-0.0014050995267727,0.7777777777777778,2,0,0.04397988
2021-03-02,48440.65,-0.0233899703432953,0.0505513445926678,0.0540525926087704,3152.4000000000015,4710.159285714287,0.0030251996247627,0.0448155812404813,0.004347945631113,0.9206349206349206,2,0,0.04347047
2021-03-03,50349.37,0.0386467694160579,0.0481314287135339,0.0525673086526918,4539.290000000001,4772.127142857144,0.0029957260320951,0.0448155812404813,-0.0058545937606684,0.8809523809523809,2,0,0.04535268
2021-03-04,48374.09,-0.0400217668696818,0.0469456572034601,0.0534942535554764,4273.879999999997,4961.111428571429,0.0030044440163768,0.0466166079734179,-0.0040325706659937,0.8531746031746031,2,0,0.04476401
2021-03-05,48751.71,0.0077759339482508,0.046009863986058,0.0477489442723448,3148.9300000000003,4781.9064285714285,0.002928464584797,0.0466166079734179,-0.0048659765338261,0.8333333333333334,2,0,0.044566732
2021-03-06,48882.2,0.0026730482820571,0.0434490044900554,0.0478131231180345,2130.0,4660.011428571429,0.0031246254276817,0.0494426786670169,-0.0047142056058119,0.7698412698412699,2,0,0.044196796
2021-03-07,50971.75,0.0418582356506611,0.0410344509715508,0.0488012106980646,2567.8300000000017,4638.055714285715,0.0035716274290899,0.0494426786670169,-0.0043418396028322,0.7182539682539683,2,0,0.043415215
2021-03-08,52375.17,0.0271610663759531,0.0409985529549795,0.0472990194581794,3128.1100000000006,4155.315714285714,0.0038890633893182,0.0478180717505199,-0.0023225693904452,0.7103174603174603,2,0,0.042713504
2021-03-09,54884.5,0.0467983530801774,0.0397139821722947,0.0394079565972428,3105.5899999999965,3713.498571428572,0.0043344287448032,0.0310976051343201,-0.0108373624203731,0.6825396825396826,2,0,0.042335283
2021-03-10,55851.59,0.017467017083069,0.0403989541191094,0.0394330631025634,4382.690000000002,3713.240714285715,0.0040133131711937,0.0310976051343201,-0.0077324745944245,0.6984126984126984,2,0,0.04095834
2021-03-11,57773.16,0.0338263137446421,0.0386231138593998,0.0355696917395038,3877.18,3606.797142857143,0.0040564009056213,0.0241112371206607,-0.0083225433440602,0.6468253968253969,2,0,0.04115532
2021-03-12,57221.72,-0.0095907613783392,0.0381274314254693,0.0351099673306039,3118.6700000000055,3521.178571428572,0.0039549021640302,0.0232691213193147,-0.0078824325605886,0.623015873015873,2,0,0.040143605
2021-03-13,61188.39,0.0670239190495181,0.036274068077707,0.0372125751150962,5765.769999999997,3690.5907142857145,0.0041772360236954,0.0259501688455325,-0.0071749364123483,0.5555555555555556,2,0,0.0397388
2021-03-14,58968.31,-0.0369572846777312,0.0404338200741672,0.0387609731332239,2758.010000000002,3627.701428571429,0.0041499285209959,0.0300277210698651,-0.0006006308973835,0.6984126984126984,2,0,0.039072167
2021-03-15,55605.2,-0.058723458898573,0.0399992189360228,0.0375197434232156,6033.43,3712.984285714286,0.0041898021665206,0.0375635481700301,-0.0009993340189567,0.6865079365079365,2,0,0.041112255
2021-03-16,56900.75,0.0230318000015632,0.0421573593062757,0.0365537631858502,3666.950000000005,3749.7378571428576,0.0034340040429137,0.0403361191829068,0.0024433771339809,0.7420634920634921,2,0,0.041365188
2021-03-17,58912.97,0.0347527480866514,0.0404982146553375,0.036345512685856,4851.040000000001,3772.005714285715,0.0028767113345831,0.0403361191829068,9.926053622810044e-05,0.6944444444444444,2,0,0.04225185
2021-03-18,57648.16,-0.0217029406846247,0.0398584617772652,0.0346490047065355,3106.970000000001,3688.655000000001,0.0023306911532218,0.0366649896152304,0.0012353479178653,0.6746031746031746,2,0,0.04161298
2021-03-19,58030.01,0.0066019610603849,0.0383492770592516,0.0346628082096181,3197.260000000002,3692.107142857144,0.0017829044643156,0.0366649896152304,0.0002218456337822,0.6071428571428571,2,0,0.04113714
2021-03-20,58102.28,0.0012446152457563,0.0364101165029566,0.0346958691238986,2059.8300000000017,3687.095000000001,0.0017251935575,0.0366649896152304,0.0001360484252495,0.5317460317460317,2,0,0.04023015
2021-03-21,57351.56,-0.0130048611725452,0.034580104729392,0.0342004605660492,3138.989999999998,3727.892142857144,0.0021022630862236,0.0333058921755806,-0.0058537153447752,0.4801587301587302,2,0,0.039235216
2021-03-22,54083.25,-0.0586755185175178,0.0331636244997348,0.0380592909796339,4780.730000000003,3845.9364285714296,0.002536063954296,0.0387066504650828,-0.0068355944362879,0.4325396825396825,1,0,0.0383611
2021-03-23,54340.89,0.0047524561397072,0.0366465834907227,0.0358732935524139,2830.9000000000015,3826.315714285716,0.0025528227080235,0.0387066504650828,-0.0055107758155529,0.5555555555555556,2,0,0.027942996
2021-03-24,52303.65,-0.0382108239119176,0.0348261772099074,0.0367778966451819,5500.0,3906.1235714285726,0.0026256461919,0.0386362076765604,-0.0056720374454301,0.4880952380952381,2,0,0.039282303
2021-03-25,51293.78,-0.0194966610483522,0.0352609516589747,0.0352101684411555,2859.4400000000023,3833.4278571428586,0.0027024648317908,0.0367923490644089,-0.0045975101182905,0.503968253968254,2,0,0.038787615
2021-03-26,55025.59,0.0702288524916596,0.0340895588558014,0.0410049443975595,3858.8600000000006,3886.298571428573,0.0028545574032522,0.0391652777955208,-0.0042597182034501,0.4444444444444444,2,0,0.03888237
2021-03-27,55817.14,0.0142826409255221,0.0393121599383159,0.036243309736364,2750.3600000000006,3670.912142857144,0.002883862307121,0.0391652777955208,0.0029020434353593,0.6428571428571429,2,0,0.03827141
2021-03-28,55777.63,-0.0007080977298628,0.0375038434773309,0.0351842281536728,1867.9100000000035,3607.3335714285727,0.0027615665309404,0.0365905792037209,0.0029237387479389,0.5674603174603174,2,0,0.04077583
2021-03-29,57635.47,0.0327652838371843,0.0355779036064994,0.0326371378663621,3605.8099999999977,3433.9321428571443,0.0026848949106378,0.0314209292782004,0.0024142791067646,0.496031746031746,2,0,0.03974582
2021-03-30,58746.57,0.0190945915543974,0.0353652478046748,0.0324636825692906,2296.6500000000015,3336.0535714285725,0.0022654398020468,0.0314209292782004,-0.0012813356860479,0.492063492063492,2,0,0.038502555
2021-03-31,58740.55,-0.0001024793186736,0.0341604914613066,0.0310892255221056,3031.0,3206.0507142857155,0.0020331434663709,0.0290901536661579,-0.0006656857486007,0.4285714285714285,2,0,0.03830528
2021-04-01,58720.44,-0.0003424115563213,0.0325261693077023,0.0304712625107672,1554.550000000003,3095.1635714285726,0.0019262212248209,0.0279099544288882,-0.0027347823512723,0.3809523809523809,1,0,0.03735463
2021-04-02,58950.01,0.0039019191524527,0.0310394190700332,0.0304437677215118,1771.4300000000003,2993.3185714285723,0.0020939903931494,0.0279099544288882,-0.0030501397857682,0.3373015873015873,1,0,0.026820611
2021-04-03,57051.94,-0.0327277156301857,0.0297152059059568,0.0317588926451342,2911.720000000001,3054.167857142858,0.0024835397548733,0.0285566591706922,-0.0095969540323591,0.2896825396825397,1,0,0.026131224
2021-04-04,58202.01,0.0199578092350449,0.0303065457312906,0.0320452047455905,2104.8499999999985,2980.3007142857155,0.002730543134668,0.0301300416049484,-0.0071972977460402,0.3095238095238095,1,0,0.025660884
2021-04-05,59129.99,0.0158183504903242,0.0297017709961754,0.0271803253938672,2494.230000000003,2816.9792857142866,0.0029816538329612,0.0220299772148161,-0.0058761326103239,0.2817460317460317,1,0,0.025887486
2021-04-06,57991.15,-0.0194478280167693,0.0289129445730778,0.0280469922873896,2082.220000000001,2763.502142857144,0.0031648356978006,0.0216799360538123,-0.006452303231597,0.2579365079365079,1,0,0.02536064
2021-04-07,55953.45,-0.0357703176417736,0.0284362624329434,0.0277663267188332,3182.0,2597.930714285715,0.0034028962186923,0.0210766829568586,-0.0057242290283631,0.246031746031746,1,0,0.02510288
2021-04-08,58077.52,0.0372585748250724,0.0295764463048731,0.0280846050281153,2453.3099999999977,2568.9214285714293,0.0034503345752738,0.0213286433355601,-0.0029497230028292,0.2817460317460317,1,0,0.02492876
2021-04-09,58142.54,0.0011189119465875,0.0307077215456769,0.0218526325236675,1240.9000000000017,2381.9242857142863,0.0034554581711822,0.0213286433355601,-0.0003316975243563,0.3373015873015873,1,0,0.025274064
2021-04-10,59769.13,0.0275917251060526,0.0293911291471749,0.0226136195824393,3599.989999999998,2442.612142857143,0.00288754921389,0.0213286433355601,-0.0003240767587819,0.2777777777777778,1,0,0.025746565
2021-04-11,60002.43,0.0038957544689939,0.0295125429945779,0.0225594175030574,1466.4800000000032,2413.938571428572,0.0023847067241925,0.0233622120391806,-0.0007940027367127,0.2817460317460317,1,0,0.025219243
2021-04-12,59860.0,-0.0023765589774438,0.0283338839972929,0.0211704965208891,1949.4100000000035,2295.6242857142865,0.0020993342171603,0.0213487423103073,-0.0013678869988824,0.242063492063492,1,0,0.02527612
2021-04-13,63575.0,0.0602118088836309,0.0272530823197761,0.0259350111943974,3972.6199999999953,2415.336428571429,0.0017598014449333,0.0213487423103073,-0.0016598622533017,0.1984126984126984,1,0,0.02480809
2021-04-14,62959.53,-0.0097281722840794,0.0324268093646932,0.0262249834759323,3553.0,2452.622142857143,0.0014811413864233,0.0217149703483158,0.0039905469317498,0.4126984126984127,1,0,0.024443012
2021-04-15,63159.98,0.0031787337071751,0.0311009913524756,0.0261871341073954,1780.0,2468.7257142857147,0.0013233095022286,0.0237870652990044,0.0015245450476025,0.373015873015873,1,0,0.026455235
2021-04-16,61334.8,-0.0293234910328372,0.029762410691231,0.0277719923518166,3520.6100000000006,2593.667142857143,0.0012700830901744,0.0247957977086454,-0.0009453108544459,0.3174603174603174,1,0,0.026157375
2021-04-17,60006.66,-0.021891825636386,0.0299977140186672,0.0268400657980912,2925.1399999999994,2594.6257142857144,0.0012733925844235,0.0227198084035789,0.0006065848714923,0.3293650793650793,1,0,0.025682237
2021-04-18,56150.01,-0.0664286967832303,0.0295654023035225,0.0321888751073333,9567.699999999995,3127.6864285714287,0.0012603616657692,0.0327543016143144,5.285930894460139e-05,0.2976190476190476,1,0,0.025734019
2021-04-19,55633.14,-0.0092477924199965,0.035269326278311,0.0317823140923657,3305.229999999996,3185.6149999999993,0.001967924279519,0.0308128049362876,0.0069354422810181,0.5119047619047619,2,0,0.025925394
2021-04-20,56425.0,0.0141332558447704,0.0336636446790319,0.0318227329728036,3746.279999999999,3304.4764285714277,0.0021627360186561,0.0321096638096114,0.0064105623592558,0.4563492063492063,1,0,0.03817525
2021-04-21,53787.63,-0.0478688076233737,0.0323827144345096,0.0329557455407462,3221.8900000000067,3307.325714285714,0.0021502903528662,0.0342868585588749,-4.409493018359828e-05,0.4126984126984127,1,0,0.027881157
2021-04-22,51690.96,-0.0397606037870499,0.0344063489347063,0.0321698590665292,5021.480000000003,3490.7664285714286,0.0023453366366283,0.0350178995343182,0.0033053575822307,0.4722222222222222,2,0,0.027213182
2021-04-23,51125.14,-0.0110065585476526,0.0350738483666892,0.0320591918062934,4631.8499999999985,3732.977142857143,0.002583946810057,0.0332184196450432,0.0053114376754581,0.496031746031746,2,0,0.037998002
2021-04-24,50047.84,-0.0212970047587344,0.033539043948368,0.0303625860099109,2509.0800000000017,3655.055,0.0025865686333892,0.0322253518912071,0.0035413299297007,0.4404761904761904,1,0,0.038686287
2021-04-25,49066.77,-0.0197973243840792,0.0326600953857173,0.0300260957673897,3637.910000000003,3810.1571428571433,0.0025280507603432,0.0313001119630436,0.0030946930821947,0.4126984126984127,1,0,0.027857106
2021-04-26,54001.39,0.0958277633710178,0.0317817215785172,0.0420910438880566,5603.18,4071.1407142857142,0.0023222152008646,0.0328192307425333,-0.0034876046997938,0.373015873015873,1,0,0.02734917
2021-04-27,55011.97,0.0185410109430215,0.042864795449806,0.0382428011644753,2238.0,3947.2392857142863,0.003353950806165,0.0328192307425333,0.0092011507707741,0.75,2,0,0.027021792
2021-04-28,54846.22,-0.0030175287936096,0.040910328530765,0.0382929947529946,2614.8399999999965,3880.2278571428574,0.0039254322611125,0.0326886634926361,0.0085276140962553,0.6984126984126984,2,0,0.041809734
2021-04-29,53555.0,-0.0238241059065469,0.0387078231338345,0.0382660856789161,2864.899999999994,3957.720714285714,0.0040499478700624,0.0319844780985379,0.0043014741991282,0.6190476190476191,2,0,0.041542273
2021-04-30,57694.27,0.0744486986071191,0.0374419010965395,0.044197855203454,4949.989999999998,4059.819285714286,0.0039014174562695,0.0322384988875746,0.0023680527298503,0.5595238095238095,2,0,0.040469777
2021-05-01,57800.37,0.0018373152182142,0.0425942373200092,0.043928424722544,1501.9300000000003,3958.161428571428,0.0041353285823605,0.0331896169767118,0.0090551933716412,0.746031746031746,2,0,0.039711516
2021-05-02,56578.21,-0.0213712482896681,0.040245105952051,0.0404077817441362,1875.7699999999968,3408.7378571428567,0.0038786496294639,0.025729176202833,0.0075850105663336,0.6706349206349206,2,0,0.0421776
2021-05-03,57169.39,0.0103946865349158,0.0386794785934158,0.0403826939399927,2546.4400000000023,3354.5385714285717,0.0038998263299433,0.027093340759411,0.0068977570148986,0.6071428571428571,2,0,0.040671047
2021-05-04,53200.01,-0.0719600309696684,0.0367991989747339,0.0447075889579502,4153.309999999998,3383.6121428571428,0.0037955935873691,0.0350406731372433,-0.006065596475072,0.5317460317460317,2,0,0.03983816
2021-05-05,57436.11,0.0766146152879425,0.0416721145167096,0.0476381534795939,5169.82,3522.7499999999995,0.0037366734074599,0.033089303826759,0.0007617859859446,0.7182539682539683,2,0,0.03902599
2021-05-06,56393.68,-0.018316104117849,0.0462290105344445,0.0464284292710764,3160.0,3389.787142857142,0.0042439408603862,0.0306467581451564,0.0075211874006099,0.8373015873015873,2,0,0.041461285
2021-05-07,57314.75,0.016200912209964,0.043963199379384,0.0462208741770198,3408.3700000000026,3302.395714285714,0.0043532023058171,0.0324975734201775,0.0065212982828445,0.7777777777777778,2,0,0.043043863
2021-05-08,58862.05,0.0266385629076566,0.0418121905782528,0.0456425297028542,2600.0,3308.8899999999994,0.0040864168792432,0.0340075568457591,-0.0007820467417564,0.7142857142857143,2,0,0.04233251
2021-05-09,58240.84,-0.0106097437438776,0.0404082896780165,0.0452206708717458,3064.3399999999965,3267.920714285713,0.0035422340903996,0.0333159524983841,0.0001631837259655,0.6587301587301587,2,0,0.041443463
2021-05-10,55816.14,-0.042523751986188,0.0383823566332046,0.0404109975598002,6100.0,3303.407857142856,0.0026487469825528,0.0347809176504062,-0.0002971219602111,0.5674603174603174,2,0,0.04064667
2021-05-11,56670.02,0.0151822482267274,0.0387791687885002,0.0403174126470635,2492.4300000000003,3321.5814285714273,0.0026245626673356,0.0347809176504062,0.0019799698137662,0.5912698412698413,2,0,0.039499592
2021-05-12,49631.32,-0.1326232370397786,0.0370551634635986,0.0541090083311942,9400.010000000002,3806.236428571428,0.0027732008859426,0.0610009404507356,-0.004616951053111,0.5158730158730159,2,1,0.03980146
2021-05-13,49670.97,0.0007985717571479,0.054682843971574,0.053924724273479,5367.190000000002,3984.971428571429,0.0047177738963463,0.0651667286387681,0.0084538334371295,0.9682539682539684,2,1,0.052981477
2021-05-14,49841.45,0.0034263093346638,0.0513731959771876,0.0489484324388212,2683.25,3823.0614285714287,0.0052695374417532,0.0651667286387681,0.0074099965978036,0.9325396825396826,2,1,0.058687117
2021-05-15,46762.99,-0.0637548890528592,0.0483312383233618,0.0507863993662478,4145.0,4011.852142857143,0.0055089639599949,0.0649669157637897,0.006519047745109,0.8809523809523809,2,1,0.0583688
2021-05-16,46431.5,-0.0071139698928188,0.0497687759133738,0.0507946940092466,5970.5,4304.332857142857,0.005759019617648,0.0645188558498241,0.0093604862353573,0.9047619047619048,2,1,0.057877477
2021-05-17,43538.04,-0.0643430694922599,0.0468940840548676,0.0519349320155614,4685.0,4457.087142857143,0.0056559889589317,0.0644969087562327,0.008511727421663,0.8333333333333334,2,0,0.058249023
2021-05-18,42849.78,-0.0159345278743998,0.0486390734363777,0.0496879517687579,3549.270000000004,4413.941428571429,0.005372823707441,0.0595341005583175,0.0098599046478775,0.8809523809523809,2,0,0.045481708
2021-05-19,36690.09,-0.1551938194929309,0.0460750670471354,0.0549880383483962,13584.9,5015.018571428572,0.0053004652639249,0.0763323105048702,0.0090199035835367,0.8055555555555556,2,0,0.045511167
2021-05-20,40526.64,0.099452844300643,0.0654836347178722,0.0652878943612838,7601.669999999998,5332.280714285715,0.0075967469372648,0.0807032488294704,0.0108007907462982,0.996031746031746,2,1,0.045495953
2021-05-21,37252.01,-0.0842536325479503,0.0689257279285286,0.066092365746362,8712.0,5711.111428571428,0.0096072660597452,0.0811054112255406,0.0175525319513409,1.0,2,1,0.06001809
2021-05-22,37449.73,0.0052935972230834,0.0698112910742203,0.0649015154585409,3628.3799999999974,5784.567142857143,0.0109646238005644,0.0811054112255406,0.0214800527508584,1.0,2,1,0.06066623
2021-05-23,34655.25,-0.077550271014255,0.0653855604188669,0.0656422478702137,7159.630000000001,6077.087857142857,0.0112544094647129,0.0850517930065427,0.015616784505493,0.984126984126984,2,1,0.060789924
2021-05-24,38796.29,0.1128753941906151,0.0659782850363374,0.0768355970189688,5889.0,6062.016428571429,0.0110797885260077,0.0889494223981157,0.0190842009814698,0.988095238095238,2,0,0.0607506
2021-05-25,38324.72,-0.0122295047056653,0.0713531539173268,0.076051206463267,3372.149999999994,6124.853571428571,0.0110386199292517,0.0839613394796896,0.022714080480949,1.0,2,0,0.049927022
2021-05-26,39241.91,0.0236501895390759,0.0669039997204675,0.070790906820771,3040.5599999999977,5670.607142857143,0.0098287906129288,0.0757104977381801,0.0208289326733321,0.984126984126984,2,0,0.0497591
2021-05-27,38529.98,-0.0183086687723061,0.0631153055186345,0.0706099542755624,3276.8700000000026,5521.298571428572,0.0098323955601129,0.0716409590281967,-0.0023683291992376,0.9642857142857144,2,1,0.048860367
2021-05-28,35663.49,-0.0773091631552098,0.0594474534728061,0.0719962464910861,4193.830000000002,5629.197142857142,0.0095748557045098,0.0722277992202979,-0.0094782744557224,0.9523809523809524,2,0,0.059502866
2021-05-29,34605.15,-0.0301249614885215,0.0608815368838751,0.0711202134681158,3705.82,5597.827142857143,0.0089963592005155,0.0700081261202006,-0.0089297541903451,0.9603174603174603,2,0,0.048043203
2021-05-30,35641.27,0.0295017211685415,0.0578865264962072,0.072352780607011,3109.0,5393.434285714285,0.0084906456261671,0.0737569346351644,-0.0074990339226596,0.9365079365079364,2,0,0.04772271
2021-05-31,37253.81,0.0442499853876316,0.055124067503301,0.0729238784687282,3345.1600000000035,5297.731428571428,0.0076692502509573,0.0748504659882768,-0.0108542175330364,0.9246031746031746,2,0,0.047412883
2021-06-01,36693.09,-0.0151657675200915,0.0536317324059049,0.072920275253047,2228.8099999999977,5203.412857142857,0.0071062884018474,0.0748304996268157,-0.0177214215114219,0.9047619047619048,2,0,0.04712167
2021-06-02,37568.68,0.0235822705986556,0.050629406096892,0.0603039235158451,2305.0,4397.705714285714,0.0063814230586184,0.0543949942371099,-0.0162745936235754,0.8650793650793651,2,0,0.046685155
2021-06-03,39246.79,0.0436989328915871,0.0482118715940403,0.0549548728938211,2306.0,4019.443571428571,0.0073497373931891,0.0543949942371099,-0.0149034339245942,0.8095238095238095,2,1,0.044887062
2021-06-04,36829.0,-0.0635840791345625,0.0474561946199275,0.0528197177291792,3733.9199999999983,3663.866428571428,0.0078447122396121,0.0502223176176997,-0.0119912588528785,0.7857142857142857,2,1,0.05634324
2021-06-05,35513.2,-0.0363811199546404,0.0490109512257542,0.053617240447492,3125.0,3627.910714285714,0.0077518038002586,0.0487077434775592,-0.0118705856581209,0.8333333333333334,2,0,0.056129467
2021-06-06,35796.31,0.0079403571133322,0.0475504272105767,0.0492621836280432,1258.0,3206.365714285714,0.0079459071725157,0.0430373752237042,-0.0103360992856305,0.7817460317460317,2,0,0.044246163
2021-06-07,33552.79,-0.0647247960449863,0.0448672677730902,0.0407292143040907,3600.0,3042.865714285714,0.0081006938542909,0.0463071388747005,-0.0102567997302107,0.7063492063492064,2,0,0.042820167
2021-06-08,33380.81,-0.0051388354567869,0.0470040586041492,0.0407484182447232,3068.010000000002,3021.141428571428,0.0069523149683065,0.0461406216508193,-0.0066276738017557,0.7619047619047619,2,0,0.0418539
2021-06-09,37388.05,0.1133699506800915,0.0443239948717342,0.0519424965101055,5137.970000000001,3170.9564285714287,0.006234154921541,0.0461406216508193,-0.0063054112251578,0.6825396825396826,2,0,0.04254177
2021-06-10,36675.72,-0.0192361789087449,0.055054904238421,0.0519634840341798,2709.0,3130.394285714286,0.0054610244958105,0.0461877675329027,0.0068430326443807,0.9206349206349206,2,0,0.041571807
2021-06-11,37331.98,0.0177353762317551,0.0520714803764352,0.0476081091028499,1743.6300000000049,2955.380000000001,0.0049695957519489,0.0398026780319918,0.0046152857565077,0.8809523809523809,2,0,0.04483853
2021-06-12,35546.11,-0.0490196050552569,0.0492822380938609,0.0488783743581324,2863.269999999997,2895.1978571428576,0.0040787002504268,0.042401449814696,0.0002712868681067,0.8293650793650794,2,0,0.043982204
2021-06-13,39020.57,0.0932582160669781,0.0489057276883573,0.054314102126528,4623.0,3003.3407142857145,0.0034217093428439,0.042401449814696,0.0013553004777805,0.8174603174603174,2,0,0.04324607
2021-06-14,40516.29,0.0376151724833828,0.0546552207957462,0.0539870615292193,2334.050000000003,2931.1185714285716,0.0033643381399802,0.042401449814696,0.009787953022656,0.9126984126984128,2,0,0.043108817
2021-06-15,40144.04,-0.0092301294285572,0.0527027303808358,0.0538311674241196,1823.5999999999983,2902.1749999999997,0.0032842622906063,0.0421568083122182,0.0056986717766865,0.8849206349206349,2,0,0.044480573
2021-06-16,38349.01,-0.0457452734195307,0.0496309567027688,0.0552997071138515,2411.1299999999974,2909.7557142857145,0.0032665161207428,0.0426218920417363,0.0053069618310346,0.8293650793650794,2,0,0.044054847
2021-06-17,38092.97,-0.0066989619448758,0.0488952912007442,0.0539633883958142,2194.8799999999974,2901.818571428571,0.0032534775576332,0.0402462994032139,-0.0061596130376768,0.8015873015873016,2,0,0.04330496
2021-06-18,35819.84,-0.0615278208278233,0.0460841050520965,0.0537857686663158,3073.5499999999956,2854.6492857142853,0.0033357257058081,0.0398895964678465,-0.0059873753243386,0.6984126984126984,2,0,0.04267473
2021-06-19,35483.72,-0.0094279300974431,0.0475932919241511,0.052935522823574,1653.4800000000032,2749.540714285714,0.0033661787568115,0.0381312341119121,-0.0016889461697097,0.75,2,0,0.041292097
2021-06-20,35600.16,0.0032761324830961,0.044935334129667,0.0528959653772692,2801.720000000001,2859.806428571428,0.0035324459342762,0.0381312341119121,-0.0039703935586902,0.6626984126984127,2,0,0.041852828
2021-06-21,31608.93,-0.1189104566227605,0.0424041252434533,0.0595314556515842,4498.77,2924.0042857142857,0.0038049695700749,0.0505923979854301,-0.0122510955522929,0.5833333333333334,2,1,0.040766846
2021-06-22,32509.56,0.0280945243199397,0.0549084982720756,0.0601531823166557,4493.779999999999,3025.8450000000003,0.0040898462919998,0.0536305754390551,0.0022057678912398,0.9166666666666666,2,1,0.053048205
2021-06-23,33678.07,0.0353126837670956,0.0523380901038484,0.051667121123135,3198.0,2887.2757142857145,0.0038819313671936,0.0536305754390551,0.0027071334010796,0.8690476190476191,2,0,0.057394233
2021-06-24,34663.09,0.0288285483794492,0.0504562911065206,0.0524162292988056,3011.4300000000003,2908.877857142857,0.0036022885046087,0.0568706281162833,0.0015609999057763,0.8293650793650794,2,0,0.04468445
2021-06-25,31584.45,-0.0930105212036931,0.0483386001546601,0.0570320019416904,4225.0,3086.1185714285707,0.0035456254639709,0.0625408221194033,0.0022544951025635,0.7698412698412699,2,0,0.04389907
2021-06-26,32283.65,0.0218959992498124,0.0541734814435158,0.0566334092330272,2579.0,3065.8135714285713,0.0037705378374664,0.0642405232268247,0.0065801895193647,0.9007936507936508,2,1,0.043421786
2021-06-27,34700.34,0.0721885750559536,0.0513697622397386,0.0539858090764782,2775.5499999999993,2933.8528571428574,0.0037872857015449,0.0642405232268247,0.0064344281100716,0.8492063492063492,2,1,0.057399806
2021-06-28,34494.89,-0.0059382880506682,0.0534223740582759,0.052361811116632,1434.989999999998,2869.634285714285,0.003680846904672,0.0601281725110681,0.0110182488148226,0.8809523809523809,2,0,0.057118293
2021-06-29,35911.73,0.0402527859480734,0.0502442635795468,0.0541652847531716,2374.5699999999997,2908.989285714285,0.0035894143442849,0.0641849801599122,-0.0046642346925288,0.8095238095238095,2,0,0.045205694
2021-06-30,35045.0,-0.0244310331208215,0.0489569353875285,0.0533143377120761,2082.449999999997,2885.512142857143,0.0035938916699621,0.0624982595026468,-0.0033811547163198,0.7777777777777778,2,1,0.043889266
2021-07-01,33504.69,-0.0449475209203527,0.0467333518633722,0.0542997792796285,2346.5699999999997,2896.347142857142,0.0036711935398914,0.0647165585255846,-0.0037229392431483,0.6785714285714286,2,1,0.05583979
2021-07-02,33786.55,0.0083773652682026,0.0462751000511742,0.052291504097562,1278.0400000000009,2768.096428571429,0.0036581527393142,0.0652328622397577,-0.0020635001034858,0.6626984126984127,2,0,0.055144977
2021-07-03,34669.13,0.025786871340955,0.0437036825727511,0.0528631809567838,1628.8799999999974,2766.339285714285,0.0039455484563203,0.0713345246427352,-0.0104697988707647,0.5793650793650794,2,1,0.042298015
2021-07-04,35286.51,0.0176510722845968,0.0420553758132904,0.0531054587432306,1610.699999999997,2681.2664285714272,0.0042464393272586,0.0713345246427352,-0.0093143864264482,0.5277777777777778,2,1,0.053797882
2021-07-05,33690.14,-0.0462955249800955,0.0401352002956253,0.043306783683559,2168.229999999996,2514.799285714285,0.0045482847209006,0.0518587523355011,-0.0132871737626506,0.4484126984126984,2,1,0.05348962
2021-07-06,34220.01,0.0156053477451791,0.0407010696680468,0.0429114107937443,1586.8799999999974,2307.1635714285703,0.004662534704819,0.0518587523355011,-0.0095431939114999,0.4722222222222222,2,1,0.051716205
2021-07-07,33862.12,-0.010513575195608,0.0388182337438167,0.0420506031141284,1281.3199999999997,2170.257857142856,0.0050311274218119,0.0475345247028724,-0.0101387016437117,0.3928571428571428,2,0,0.051906865
2021-07-08,32875.71,-0.0295628982722728,0.0369290443771266,0.0419084114273974,1852.6399999999992,2087.4871428571414,0.0055498512775809,0.0454047687656337,-0.0098043074862455,0.3055555555555556,2,0,0.03768749
2021-07-09,33815.81,0.0281943573837484,0.0362734313185899,0.0337905395785029,1838.9300000000003,1917.0535714285704,0.0060476048781479,0.0310381328155169,-0.0100016687325843,0.2658730158730158,2,0,0.036104497
2021-07-10,33502.87,-0.0092973378034351,0.0355845674791231,0.0336098733928842,1257.2200000000012,1822.640714285713,0.0059142412956159,0.0289497955143856,-0.0081191150936279,0.2539682539682539,2,0,0.03495645
2021-07-11,34258.99,0.0223179052145461,0.0339514799907834,0.0278159591316492,1359.5299999999988,1721.4964285714273,0.0059985088907023,0.0289497955143856,-0.008103895822507,0.1785714285714285,1,0,0.034666177
2021-07-12,33086.63,-0.0348197387278652,0.03309471998179,0.0292511859907204,2020.09,1763.2892857142847,0.0055738559893053,0.031721523928393,-0.0070404803138353,0.1507936507936507,1,0,0.024630617
2021-07-13,32729.77,-0.0108442119936658,0.0334164313924947,0.0265007566912766,1137.75,1674.944999999999,0.0052212797011533,0.0299194386982377,-0.007284638275552,0.1626984126984127,1,0,0.024275746
2021-07-14,32820.02,0.0027536337500606,0.0320323110868983,0.0260886086115717,1564.0299999999988,1637.914999999999,0.0048757543397665,0.030623303723962,-0.0067859226569184,0.1071428571428571,1,0,0.024281975
2021-07-15,31880.0,-0.0290598411242672,0.0306029447283154,0.0244996759058896,2052.25,1616.8921428571418,0.0046958361163853,0.0277455320626384,-0.0063260996488112,0.0634920634920634,1,0,0.023812156
2021-07-16,31383.87,-0.0156847872614243,0.0306974038637901,0.0244424846779094,1229.1800000000003,1613.4021428571418,0.0042555559969986,0.0265393914717077,-0.0055760274547997,0.0674603174603174,1,0,0.02335186
2021-07-17,31520.07,0.0043304191388049,0.0297941249803398,0.0229739733136519,791.609999999997,1553.5971428571418,0.004006854351814,0.0265393914717077,-0.0057904424987832,0.0515873015873015,1,0,0.023337793
2021-07-18,31778.56,0.0081673627659011,0.0285945423657258,0.0223282391169918,1326.0299999999988,1533.2635714285705,0.0038717966799771,0.0265393914717077,-0.0053569376250575,0.0158730158730158,1,0,0.023174744
2021-07-19,30839.65,-0.0299906488321024,0.0275986624438322,0.0204980724145476,1491.5600000000013,1484.9299999999996,0.0038757121677929,0.0234277553920992,-0.0054960575379577,0.0079365079365079,1,0,0.022874724
2021-07-20,29790.35,-0.0346166841679895,0.0282165230757974,0.0207597769131482,1785.0699999999997,1499.0864285714283,0.0034925925779427,0.0249203009712577,-0.0051999083166973,0.0119047619047619,1,0,0.022700336
2021-07-21,32144.51,0.0760571584840477,0.0292553427959532,0.0309538692272703,3375.3899999999994,1648.6628571428569,0.0030819326269474,0.0261692981876876,-0.0027769682909451,0.0317460317460317,1,0,0.022771161
2021-07-22,32287.83,0.0044487049941128,0.0369442737887817,0.0300921288690215,883.3499999999985,1579.4278571428567,0.0030838614965448,0.0256478692705432,0.0063413290604662,0.3253968253968254,2,0,0.023023766
2021-07-23,33634.09,0.0408497569173231,0.0350939105910894,0.0312150521487378,1725.6800000000003,1571.338571428571,0.0029679813370024,0.0256478692705432,0.0043965067272992,0.25,2,0,0.035021003
2021-07-24,34258.14,0.0183840647434543,0.035782238368833,0.0314826468999102,1098.8600000000006,1560.0271428571425,0.0029878918039704,0.0274416104258993,0.0059881133884931,0.2698412698412698,2,0,0.034412246
2021-07-25,35381.02,0.0322513174592966,0.0344965667551959,0.0320917159797117,1546.8799999999974,1573.4092857142853,0.0030215710463941,0.0274416104258993,0.00590202438947,0.2182539682539682,2,0,0.03472283
2021-07-26,37237.6,0.0511434853372776,0.0343752251042415,0.0326615141736717,5344.220000000001,1810.8471428571424,0.0030815845647353,0.0257131783003353,0.0067765626604093,0.2063492063492063,2,0,0.034118574
2021-07-27,39457.87,0.0579145169242298,0.0364893877817096,0.0346475953488456,3159.6100000000006,1955.2657142857136,0.003298095231821,0.0282322544165384,0.0082728647059121,0.3015873015873015,2,0,0.0340151
2021-07-28,40019.56,0.0141348141674519,0.0391793218528606,0.0345130166729151,2128.0,1995.5492857142856,0.0037955923673351,0.0282322544165384,0.0099239790569073,0.4087301587301587,2,0,0.03534236
2021-07-29,40016.48,-7.696532715684157e-05,0.0373774960384131,0.0325331700815616,1440.0,1951.8171428571425,0.0039433056307537,0.024206261149001,0.0004332222496314,0.3293650793650793,2,0,0.036755573
2021-07-30,42206.37,0.0532797882525404,0.0354617109900033,0.0325491254556823,4003.479999999996,2149.981428571428,0.003922249484549,0.026443397183534,0.0003678003989139,0.25,2,0,0.035531174
2021-07-31,41461.83,-0.017797912555153,0.0376764811208986,0.0339370660305702,1447.8499999999983,2196.855714285714,0.0039188662638606,0.0245689105127764,0.0018942427520656,0.3373015873015873,2,0,0.034710508
2021-08-01,39845.44,-0.0397652753830737,0.0361741919186368,0.0374166955409611,3176.989999999998,2329.0671428571422,0.0036211517209841,0.0282694272366136,0.0016776251634409,0.2619047619047619,2,0,0.035715606
2021-08-02,39147.82,-0.0176632319625902,0.036584426842411,0.0363777556663116,1790.010000000002,2350.3849999999993,0.0030379032952296,0.0261088235178253,0.0022092017381694,0.2896825396825397,2,0,0.035024893
2021-08-03,38207.05,-0.0243246840587865,0.0351819079835364,0.035342844533939,2137.970000000001,2375.5921428571423,0.0022775739801475,0.0236716233461002,-0.0013074797981732,0.2222222222222222,2,0,0.03524622
2021-08-04,39723.18,0.0389148428370891,0.0343272674288914,0.0318530078249814,2461.100000000006,2310.285714285714,0.0014074352578593,0.0236716233461002,-0.0048520544239691,0.1785714285714285,2,0,0.03429043
2021-08-05,40862.46,0.0282768967619553,0.0349117081490391,0.0318754907953429,4017.300000000003,2534.139285714286,0.0014164226628182,0.0236716233461002,-0.002465787889374,0.2063492063492063,2,0,0.033647384
2021-08-06,42836.87,0.0471873871947696,0.0343898536013263,0.0322853293648672,3538.5699999999997,2663.631428571429,0.0014604563815815,0.0236716233461002,-0.001071857388677,0.1825396825396825,2,0,0.03408466
2021-08-07,44572.54,0.0397187939887189,0.0359661877880257,0.0328404142507118,2253.5899999999965,2746.1121428571428,0.0014602759003092,0.0236716233461002,-0.0017102933328729,0.2579365079365079,2,0,0.033889975
2021-08-08,43794.37,-0.017612704032917,0.0364010825488937,0.0339543899420081,2049.0,2781.9778571428574,0.0014072859267486,0.0227740206615247,0.0002268906302569,0.2777777777777778,2,0,0.03481039
2021-08-09,46253.4,0.054629704462167,0.035014057020253,0.0342494730468675,3675.1500000000015,2662.7585714285715,0.0013588357275028,0.0227740206615247,-0.0015703698221579,0.2182539682539682,2,0,0.035077106
2021-08-10,45584.99,-0.0145564791035255,0.0375057254288232,0.0327891780954887,2110.540000000001,2587.8250000000003,0.001408566438892,0.0217906506375053,0.0023238174452868,0.3492063492063492,2,0,0.03429262
2021-08-11,45511.0,-0.0016244406865872,0.0358745544824136,0.0329180402897484,1402.3300000000015,2535.991428571429,0.0011071800888497,0.0203913768355184,0.0015472870535221,0.2619047619047619,2,0,0.035817634
2021-08-12,44399.0,-0.0247371083178276,0.0340928060320529,0.0340906471686126,2448.1200000000026,2608.0000000000005,0.0011219508745674,0.0221877911199247,-0.0008189021169862,0.1706349206349206,2,0,0.03471155
2021-08-13,47800.0,0.0738086928353904,0.0333908474569897,0.0365664211705434,3668.6100000000006,2584.080714285715,0.001278903444428,0.0221877911199247,-0.0009990061443366,0.1507936507936507,1,0,0.033675175
2021-08-14,47068.51,-0.0154214395673317,0.0394456776980532,0.0364382944513546,2172.970000000001,2635.875000000001,0.0015626980613334,0.021964288359913,0.0034794899100275,0.4404761904761904,2,0,0.024394479
2021-08-15,46973.82,-0.0020137746906012,0.037670014002309,0.033852295015061,1872.2699999999968,2542.680714285715,0.0016491940692406,0.0168901519659833,0.0012689314534152,0.365079365079365,2,0,0.036705535
2021-08-16,45901.29,-0.0230972039927408,0.0357347818267198,0.0342444343429614,2393.8300000000017,2585.810714285715,0.0016323984306515,0.0176907777400758,0.0007207248064667,0.2658730158730158,2,0,0.035856586
2021-08-17,44695.95,-0.0266103277588527,0.0347355785912736,0.0344326187772572,2784.0,2631.955714285715,0.0016477413228436,0.0180974039065824,-0.0027701468375496,0.2103174603174603,2,0,0.034681942
2021-08-18,44705.29,0.0002089456484934,0.0341013868916574,0.0335798655719313,1796.7200000000012,2584.5000000000005,0.0016629960692682,0.0180974039065824,-0.0017731675907562,0.1785714285714285,2,0,0.033987906
2021-08-19,46760.62,0.0449495565754816,0.0324723897237205,0.0346171287326106,3105.300000000003,2519.3571428571436,0.001863126535025,0.0180974039065824,-0.0016204163083324,0.1269841269841269,1,0,0.033587407
2021-08-20,49322.47,0.0533383624332675,0.0340855951516426,0.035165154883532,2760.0,2463.7450000000003,0.001878598436007,0.0180974039065824,0.0006947476946529,0.1706349206349206,2,0,0.024059083
2021-08-21,48821.87,-0.0102013899401107,0.0365669497304369,0.0344512209793454,1535.0400000000009,2412.420000000001,0.0018977253421783,0.0173979455427424,-0.0028787279676162,0.3174603174603174,2,0,0.033214446
2021-08-22,49239.22,0.0085120922059154,0.0348701831302557,0.033744716301469,1450.0,2369.6342857142868,0.0018862868341458,0.0173709140469887,-0.0027998308720533,0.2142857142857142,2,0,0.035099875
2021-08-23,49488.85,0.0050569312652992,0.0332815232024235,0.0310070668055538,1471.0,2212.1950000000006,0.0019684010734042,0.0173709140469887,-0.0024532586242962,0.1388888888888889,1,0,0.033912044
2021-08-24,47674.01,-0.037361006005776,0.0317661990956306,0.0326588084846892,2260.0,2222.870714285715,0.0020631258003954,0.0212071418527321,-0.002969379495643,0.0992063492063492,1,0,0.024053644
2021-08-25,48973.32,0.0268892743558541,0.032560965860916,0.0332190534684799,2138.020000000004,2275.420000000001,0.0021272817244014,0.0226630729127834,-0.0015404210307413,0.123015873015873,1,0,0.023627322
2021-08-26,46843.87,-0.0444555030189146,0.0322099221358614,0.0349600948434106,3102.8399999999965,2322.1857142857148,0.002221089365621,0.0266181230895895,-0.000262467587859,0.1071428571428571,1,0,0.023890924
2021-08-27,49069.9,0.0464256551873081,0.0338038662583671,0.0313202495086626,2801.9300000000003,2260.28,0.0022080388663472,0.0266181230895895,-0.0002817288932754,0.1626984126984127,1,0,0.02389821
2021-08-28,48895.35,-0.0035635122599497,0.0353808259534114,0.0309750171029699,952.1200000000026,2173.076428571429,0.0017252358761118,0.0260070022411155,-0.0011861237770254,0.2619047619047619,2,0,0.024356391
2021-08-29,48767.83,-0.0026114257690359,0.033657281416211,0.03098245372071,1869.729999999996,2172.8950000000004,0.0014155575022087,0.0260145931986216,-0.0012129017140447,0.1587301587301587,1,0,0.034431186
2021-08-30,46982.91,-0.0372869556016333,0.032078575972386,0.0321023516347825,2035.6100000000008,2147.3078571428573,0.0013970705880668,0.0282694929985975,-0.0012029472300374,0.1071428571428571,1,0,0.02445611
2021-08-31,47100.89,0.0025079782457915,0.0328170849286136,0.0310558144438718,1546.1100000000006,2058.8871428571433,0.001379938687845,0.0285366433945045,0.0010508858329829,0.1388888888888889,1,0,0.02386802
2021-09-01,48810.52,0.0356539665870307,0.0313136764921215,0.0321703069924964,2644.0,2119.4071428571433,0.0014904362625329,0.0285366433945045,-0.0012472893687945,0.0952380952380952,1,0,0.024123263
2021-09-02,49246.64,0.0088952785436191,0.0319849311902968,0.0302202007749972,1866.0699999999997,2030.8907142857145,0.0015178935102771,0.0285366433945045,-0.0002249909455646,0.1071428571428571,1,0,0.02375492
2021-09-03,49999.14,0.0151646633397,0.0306764108178256,0.0269412025027159,2683.1600000000035,2025.4021428571432,0.0016519074005856,0.0285366433945045,-0.0031274554405415,0.0793650793650793,1,0,0.023835283
2021-09-04,49915.64,-0.0016714247769797,0.0297484941754661,0.026764921065387,1165.6900000000023,1999.0200000000004,0.0015428745826206,0.0282393502091957,-0.0056323317779453,0.0595238095238095,1,0,0.023572963
2021-09-05,51756.88,0.0362229896654859,0.0285254384020355,0.0282975722037648,2450.0,2070.448571428572,0.0017385285860836,0.0282393502091957,-0.0051318430141755,0.0238095238095238,1,0,0.023358729
2021-09-06,52663.9,0.0173728411647218,0.0297055596200734,0.0285380390328354,1810.6699999999985,2094.7107142857144,0.0018170815607742,0.0282393502091957,-0.0023730163523126,0.0595238095238095,1,0,0.02309018
2021-09-07,46863.73,-0.1166861826166698,0.0290051243388827,0.0421193169869789,10076.949999999995,2653.0642857142857,0.001972792420289,0.0532362436774559,-0.0038119605897308,0.0357142857142857,1,1,0.023411613
2021-09-08,46048.31,-0.0175529659288571,0.0461836354343432,0.0415077734317741,2928.970000000001,2709.5607142857143,0.0043590714468248,0.0497316979374787,0.0148699589422216,0.6507936507936508,2,1,0.034810808
2021-09-09,46395.14,0.0075036495792115,0.0438907453098674,0.0399441321391204,1886.8899999999992,2622.707142857143,0.0052875013217483,0.0505575591274402,0.0119058141195705,0.5793650793650794,2,1,0.05391481
2021-09-10,44850.91,-0.033850834213096,0.0414992280731611,0.0383924892988572,2900.709999999999,2629.7628571428572,0.0057067177811838,0.0485243380560874,0.0108228172553355,0.5158730158730159,2,0,0.05358122
2021-09-11,45173.69,0.0071709595640001,0.0406658446852966,0.0385607809030352,1265.7099999999991,2652.1621428571425,0.0059713757585762,0.0523920812509603,0.0109173505098304,0.4880952380952381,2,1,0.039830994
2021-09-12,46025.24,0.01867510394481,0.0385385298116933,0.0391058299345765,1717.9400000000023,2641.32,0.0060657497134892,0.0573807659800672,0.0100130914096577,0.4166666666666667,2,1,0.05222286
2021-09-13,44940.73,-0.0238454311568698,0.0369964779189282,0.0383876816688777,3510.0,2746.6335714285715,0.0060408998358648,0.0559304014849081,0.0072909182988547,0.376984126984127,2,0,0.05188484
2021-09-14,47111.52,0.0471730465973756,0.0359115968363516,0.0406836270063534,2655.5599999999977,2825.88,0.0060070361021596,0.0559304014849081,0.0069064724974689,0.3253968253968254,2,0,0.03832082
2021-09-15,48121.41,0.0212096353194688,0.037231817944666,0.0398856574954451,1817.6800000000003,2766.8571428571427,0.0059099711541757,0.0559304014849081,-0.0089518174896772,0.3888888888888889,2,0,0.037318554
2021-09-16,47737.82,-0.0080032365681805,0.0359576578705336,0.0398182964589664,1535.9000000000017,2743.2735714285714,0.0058095722900414,0.0511616732311752,-0.0079330874393337,0.3293650793650793,2,0,0.037850406
2021-09-17,47299.98,-0.0092140831898284,0.0342581195865832,0.0395314548932135,1450.4400000000023,2655.222142857143,0.0056314184790024,0.0474943608320434,-0.0072411084865778,0.2301587301587301,2,0,0.03693169
2021-09-18,48292.74,0.0207713661369393,0.0327445750463521,0.0400827722408769,1807.6399999999992,2701.075714285714,0.005416356878888,0.0512952345335725,-0.0079212696389444,0.1666666666666666,1,0,0.035515856
2021-09-19,47241.75,-0.0220032032815176,0.0319187873259975,0.038770634891275,1543.6500000000017,2636.3364285714283,0.0050982345411132,0.0482128427907708,-0.0066197424856958,0.1269841269841269,1,0,0.025483575
2021-09-20,43015.62,-0.0937147299741436,0.0312690518087043,0.044455432063331,4847.25,2853.235,0.0049469203005574,0.055961815200076,-0.0057274261102239,0.115079365079365,1,0,0.024813842
2021-09-21,40734.38,-0.0544908522258218,0.0420645977296443,0.0356985603762477,4039.0,2421.9528571428573,0.0045681565635319,0.0424372858559328,0.0061530008932926,0.5674603174603174,2,0,0.024986174
2021-09-22,43543.61,0.0666905113136806,0.0433181216612249,0.0410314700150062,3435.1600000000035,2458.109285714286,0.0042138428997244,0.044879647365634,0.0060863037165589,0.5873015873015873,2,0,0.03918582
2021-09-23,44865.26,0.0299008112625429,0.0460071854712438,0.041940828269033,1908.9100000000035,2459.6821428571434,0.0044864089344114,0.044879647365634,0.0100495276007102,0.6587301587301587,2,0,0.039973136
2021-09-24,42810.57,-0.0468787411821711,0.0443926282035969,0.0428275959344349,4525.0,2575.7028571428577,0.0047327094613113,0.0465234451364472,0.0101345086170136,0.623015873015873,2,0,0.04099406
2021-09-25,42670.64,-0.0032739387986815,0.0444306661726836,0.0427215225311348,1320.5599999999977,2579.620714285715,0.0049985017506181,0.0435340890952217,0.0116860911263314,0.626984126984127,2,0,0.04068282
2021-09-26,43160.9,0.0114238968982114,0.0419403906913469,0.0424677353684187,3200.0,2685.4821428571436,0.0050970429883278,0.0435340890952217,0.0100216033653494,0.5634920634920635,2,0,0.040631693
2021-09-27,42147.35,-0.0237631810423177,0.0398046296971195,0.0424648721930708,2252.0,2595.6250000000005,0.0050902637754615,0.0435284669684658,0.0085355778884152,0.492063492063492,2,0,0.039829757
2021-09-28,41026.54,-0.0269526374133874,0.0384224718542128,0.0400687641585071,1899.3799999999976,2541.612142857143,0.0050298269055519,0.0420109300017879,-0.0036421258754315,0.4484126984126984,2,0,0.038827937
2021-09-29,41524.28,0.0120591420384474,0.0373984736468618,0.039594467522955,1836.1200000000024,2542.9292857142864,0.0050259236521523,0.0420109300017879,-0.0059196480143631,0.4166666666666667,2,0,0.037998315
2021-09-30,43824.1,0.0539055779762129,0.0356845948608277,0.0431922663468363,2731.2000000000044,2628.307857142858,0.0050385338156445,0.0444693888548204,-0.0103225906104161,0.3293650793650793,2,0,0.037542503
2021-10-01,48141.61,0.0939629815441858,0.0379467533416978,0.0507611361123418,5211.970000000001,2896.9885714285724,0.0048747134336212,0.0474120434247019,-0.006445874861899,0.4444444444444444,2,0,0.03653687
2021-10-02,47634.9,-0.0105811900571932,0.0466359224573116,0.0505251666977753,906.4099999999962,2832.6150000000007,0.0048961933861208,0.0445074075505516,0.002205256284628,0.7222222222222222,2,0,0.038217735
2021-10-03,48200.01,0.0117935426656092,0.0440823137112572,0.0502500530482424,2140.0800000000017,2875.2171428571432,0.0043878488138413,0.0468479816005517,0.0021419230199102,0.6349206349206349,2,0,0.04181325
2021-10-04,49224.94,0.0210411771061949,0.0417738437464652,0.042259564450761,2645.1200000000026,2717.9221428571436,0.0033879972067372,0.0331176766651707,0.0019692140493456,0.5714285714285714,2,0,0.04088522
2021-10-05,51471.99,0.0446373705846578,0.0400430269423028,0.0388569609112369,2863.9000000000015,2633.9864285714293,0.0034145747798602,0.0268753793271702,0.00162055508809,0.5198412698412699,2,0,0.039347883
2021-10-06,55315.0,0.0720063432706084,0.0404368182212661,0.039405017984261,5367.5899999999965,2772.0171428571434,0.0033873703154293,0.0268753793271702,0.0030383445744043,0.5436507936507936,2,0,0.038341086
2021-10-07,53785.22,-0.0280454112515045,0.0445070952520385,0.0409683217194674,1975.3099999999977,2776.76,0.003249900820312,0.0270738962907153,0.0088225003912107,0.6626984126984127,2,0,0.03868973
2021-10-08,53951.43,0.0030854891415916,0.0429212712871303,0.0373738997174615,2482.3899999999994,2630.8592857142858,0.0031630856651407,0.0209778873451902,0.0049745179454325,0.6190476190476191,2,0,0.040319797
2021-10-09,54949.72,0.0183343879182853,0.0405528590242155,0.0369371507429843,1827.3300000000015,2667.057142857143,0.0030197607428117,0.0233967952510592,-0.0060830634330961,0.5515873015873016,2,0,0.039426353
2021-10-10,54659.0,-0.0053046998766923,0.038802646286431,0.0374357233655597,2481.3099999999977,2615.722142857143,0.0030503233692956,0.0210607689929011,-0.0052796674248261,0.4841269841269841,2,0,0.038499337
2021-10-11,57471.35,0.0501726773419886,0.036803407820263,0.036465150403516,3423.980000000003,2699.4350000000004,0.0032148568968452,0.0203291120047812,-0.0049704359262022,0.3968253968253968,2,0,0.037514713
2021-10-12,55996.93,-0.0259896949567153,0.0383608730151045,0.036366178802477,3801.0,2835.2650000000003,0.0032178556483258,0.0200131879020894,-0.0016821539271983,0.4603174603174603,2,0,0.036423605
2021-10-13,57367.0,0.0241723573039216,0.037275483613745,0.0362497516509228,3609.8099999999977,2961.957142857143,0.0032269090250165,0.0200131879020894,-0.0031613346075211,0.4206349206349206,2,0,0.03727184
2021-10-14,57347.94,-0.0003323019682586,0.0361825746822249,0.0355948598788744,1714.489999999998,2889.3349999999996,0.0031730356652869,0.0179009563130881,-0.0083245205698136,0.3611111111111111,2,0,0.036839914
2021-10-15,61672.42,0.0726999062160995,0.0343702704373425,0.0324770094671846,6083.0,2951.551428571428,0.0035157004381056,0.0179009563130881,-0.0085510008497878,0.25,2,0,0.035918158
2021-10-16,60875.57,-0.0130048845469818,0.039966507812272,0.032645339400966,2228.4199999999983,3045.980714285714,0.0029882975264032,0.0182175005073107,-0.0005863512119435,0.5396825396825397,2,0,0.034600925
2021-10-17,61528.33,0.0106657743435416,0.0380532571668225,0.0326619414309953,2755.3899999999994,3089.931428571428,0.002734958519445,0.0182175005073107,-0.0007493891196084,0.4642857142857143,2,0,0.03823718
2021-10-18,62009.84,0.0077953629773119,0.0362364255907811,0.0327413042165592,2851.3300000000017,3104.6607142857138,0.0027483790496799,0.0182175005073107,-0.0005669822294818,0.369047619047619,2,0,0.03740255
2021-10-19,64280.59,0.0359646372913786,0.0345071675277083,0.0322461255181238,3163.779999999999,3126.0807142857134,0.0029603655787754,0.0182175005073107,-0.0038537054873961,0.2698412698412698,2,0,0.036218148
2021-10-20,66001.41,0.0264183860137485,0.0347497251890915,0.0281880446722077,3518.5999999999985,2994.0099999999993,0.0030623401378469,0.0182175005073107,-0.0025257584246534,0.2817460317460317,2,0,0.034966987
2021-10-21,62193.15,-0.0594312403714205,0.0340990078981594,0.0325771089243857,4639.740000000005,3184.326428571429,0.0026160478625472,0.0296813539566135,-0.0020835667840654,0.2341269841269841,2,0,0.0350358
2021-10-22,60688.22,-0.0244952550243304,0.0375024391570875,0.0338604959056254,3732.3899999999994,3273.6121428571428,0.0020725422616179,0.0288817456253249,0.003132168719745,0.4603174603174603,2,0,0.034995016
2021-10-23,61286.75,0.009814059457966,0.0364069124128968,0.0337446668957588,2185.489999999998,3299.1949999999997,0.0017979371524779,0.0288817456253249,-0.0035595953993751,0.3968253968253968,2,0,0.03778864
2021-10-24,60852.22,-0.007115367573462,0.0347135255840795,0.0338021616480492,1989.3700000000024,3264.056428571429,0.0017556895924667,0.0289465599485199,-0.0033397315827429,0.2817460317460317,2,0,0.037003886
2021-10-25,63078.78,0.0359361194644911,0.033106348305339,0.0326184773321515,3060.6299999999974,3238.102857142857,0.0019529898610187,0.0289465599485199,-0.0031300772854421,0.1865079365079365,1,0,0.035576057
2021-10-26,60328.81,-0.0445746539763778,0.033544004827055,0.0343796497825138,3475.9300000000003,3214.883571428571,0.0019501139645701,0.0325034755328571,-0.0009631627006532,0.2103174603174603,1,0,0.025135737
2021-10-27,58413.44,-0.0322637670684269,0.0349261078844177,0.0352958648546996,3496.0,3206.7542857142857,0.0019108481356974,0.0324693398140812,0.0001763826953261,0.3134920634920635,2,0,0.02524757
2021-10-28,60575.89,0.0363509587815489,0.0347504930016644,0.0365069090993067,4679.0,3418.505,0.0019154412618464,0.035070632945381,0.0006514851035049,0.3015873015873015,2,0,0.035783958
2021-10-29,62253.71,0.0273211728378992,0.0349991878540196,0.0316165502444497,2805.1900000000023,3184.3757142857144,0.0018942882038454,0.035070632945381,-0.0025032513030679,0.3214285714285714,2,0,0.036142286
2021-10-30,61859.19,-0.0063574588746959,0.0343899474543593,0.03144483131146,1686.25,3145.649285714286,0.0014184636259742,0.0347634531090746,-0.0020169649585375,0.2738095238095238,2,0,0.036244836
2021-10-31,61299.8,-0.0090840927936781,0.0327966586631776,0.0314278548493759,2459.9400000000023,3124.545714285715,0.0012771790610467,0.0323673265021669,-0.0019168669209018,0.1785714285714285,1,0,0.035634067
2021-11-01,60911.11,-0.0063609920031542,0.0314162966590325,0.0313762348456061,3032.739999999998,3137.503571428572,0.0014834201280713,0.0303602721363571,-0.0016900516463064,0.123015873015873,1,0,0.0251172
2021-11-02,63219.99,0.0372049603187196,0.0300985437942412,0.0314910209625977,3645.32,3171.899285714286,0.0018791074746977,0.0303602721363571,-0.0034454610328138,0.0873015873015873,1,0,0.024369191
2021-11-03,62896.48,-0.0051303483133935,0.0311381694154469,0.030475979190661,3117.239999999998,3143.2307142857144,0.0020262393119735,0.0286749783829543,-0.0037879384689707,0.119047619047619,1,0,0.024047475
2021-11-04,61395.01,-0.0241616388040988,0.0298232195053155,0.0267176888097852,2409.2999999999956,2983.913571428571,0.0022906653317259,0.0222411078985144,-0.0049272734963488,0.0833333333333333,1,0,0.024262201
2021-11-05,60937.12,-0.0074860486509891,0.0295885399148872,0.0259386806153238,1874.7200000000012,2851.222857142857,0.0022137872108987,0.0208380670106904,-0.0054106479391323,0.0595238095238095,1,0,0.023727681
2021-11-06,61470.61,0.0087166615684317,0.028474163276258,0.0259093345690113,1510.489999999998,2803.008571428571,0.0022828804311992,0.0208380670106904,-0.0059157841781012,0.0238095238095238,1,0,0.02344134
2021-11-07,63273.59,0.0289088480909445,0.0275073266236667,0.0268955218594066,1963.5699999999997,2801.165714285714,0.0025236839466673,0.0219584746594929,-0.0052893320395109,0.0079365079365079,1,0,0.023124691
2021-11-08,67525.83,0.0650421688463716,0.0280259722714876,0.0305338670010412,4515.419999999998,2905.079285714285,0.0026958119193011,0.0219584746594929,-0.0033903243875448,0.0158730158730158,1,0,0.023022112
2021-11-09,66947.66,-0.0085990712768797,0.0338949280461169,0.0274066195378781,2301.850000000006,2821.2164285714284,0.0027174812781643,0.0155902258029021,0.0037963842518757,0.2619047619047619,1,0,0.023139399
2021-11-10,64882.43,-0.0313342572034827,0.0323982857709723,0.0273039815423165,6177.0999999999985,3012.723571428571,0.002555732723099,0.0153514092746077,0.0012601163555253,0.1865079365079365,1,0,0.025096353
2021-11-11,64774.26,-0.0016685606442106,0.0324671424829031,0.0260771042590883,1500.070000000007,2785.6571428571433,0.0023915926021202,0.0144841301213719,0.0026439229775875,0.1944444444444444,1,0,0.024504121
2021-11-12,64122.23,-0.0101171965455311,0.0309900696956216,0.0255017250622555,3172.699999999997,2811.907857142857,0.0021293469605164,0.0141083942895583,0.0014015297807343,0.1309523809523809,1,0,0.024469238
2021-11-13,64380.0,0.0040119201938324,0.0298165269147003,0.02538713190546,1639.7799999999988,2808.5885714285714,0.0018955636265962,0.0147197924613727,0.0013423636384423,0.0992063492063492,1,0,0.023906242
2021-11-14,65519.1,0.0175386773160717,0.0286101565077552,0.0254212677340801,1974.239999999998,2773.895714285714,0.0018525406515173,0.0152787837746858,0.0011028298840885,0.0436507936507936,1,0,0.023632433
2021-11-15,63606.74,-0.0296222636128273,0.02804419178404,0.0269196765412496,3001.820000000007,2771.687142857143,0.0019148988699344,0.0183866328869387,1.8219512552399703e-05,0.0198412698412698,1,0,0.023175325
2021-11-16,60058.87,-0.0573941917145326,0.0285566430250388,0.0294521542828451,5043.239999999998,2871.5385714285717,0.0019565642972695,0.0258169612505615,-0.005338285021078,0.0436507936507936,1,0,0.023048308
2021-11-17,60344.87,0.0047506919286064,0.032887000513836,0.0295325948286758,2467.230000000003,2825.109285714286,0.0020894020071958,0.0273228817113519,0.0004887147428637,0.246031746031746,1,0,0.023420673
2021-11-18,56891.62,-0.0589278854245307,0.0314030739909452,0.0327401793354553,4501.739999999998,2974.5692857142863,0.0021170953298911,0.0332810565694043,-0.0010640684919578,0.1706349206349206,1,0,0.025244217
2021-11-19,58052.24,0.0201952404606089,0.0353178530698099,0.0334356780644969,2720.0,3034.946428571429,0.0025092504437104,0.0354662593915524,0.0043277833741882,0.4285714285714285,2,0,0.024821546
2021-11-20,59707.51,0.0281145133077806,0.0341810635663222,0.0343681934570383,2492.0,3105.0542857142864,0.0025993538232176,0.0354662593915524,0.0043645366516219,0.3293650793650793,2,0,0.037254047
2021-11-21,58622.02,-0.018347414213867,0.0337338051146475,0.0333975819134393,1543.1100000000006,3075.021428571429,0.002484612214857,0.0338038764325509,0.0051236486068922,0.2936507936507936,1,0,0.036441635
2021-11-22,56247.18,-0.0413544874234936,0.0326555783663255,0.0277498460911794,3834.0,3026.348571428572,0.0022943695594461,0.0347240072652228,0.0046113865822855,0.2341269841269841,1,0,0.026289757
2021-11-23,57541.27,0.0227465229877115,0.0337822860841811,0.0293550453714775,2692.989999999998,3054.287142857143,0.0022865765278996,0.0367046762997788,0.0052256430591423,0.3015873015873015,1,0,0.025525238
2021-11-24,57138.29,-0.007027959623695,0.032973437246181,0.0287608714485575,1898.0,2748.6371428571433,0.0023037473908945,0.0350810180869773,8.643673234499938e-05,0.2579365079365079,1,0,0.026202228
2021-11-25,58960.36,0.0313908838384087,0.0315240232083842,0.0307073708148746,2398.9000000000015,2812.839285714286,0.0022970099261562,0.037497882884099,0.0001209492174389,0.1785714285714285,1,0,0.02561232
2021-11-26,53726.53,-0.0929584332118018,0.0317175757590319,0.0384247799092749,5650.0,2989.789285714286,0.0022867441915375,0.0512438863040256,-0.0036002773107779,0.1825396825396825,1,0,0.02498148
2021-11-27,54721.03,0.0183411757514555,0.0421883366273758,0.0390874302031112,1670.0,2991.9478571428576,0.0035194437943711,0.0512438863040256,0.0080072730610535,0.7380952380952381,2,1,0.025431868
2021-11-28,57274.88,0.045614036945853,0.0402867770538438,0.0413525709820028,4188.4100000000035,3150.102857142858,0.0038480077335686,0.0512438863040256,0.0065529719391963,0.6825396825396826,2,1,0.05459265
2021-11-29,57776.25,0.0087156583995469,0.0407541944739796,0.0411941736884115,2199.300000000003,3092.78,0.0039550827519637,0.054012456407807,0.008098616107654,0.7023809523809523,2,1,0.054766472
2021-11-30,56950.56,-0.0143942685501059,0.0386510424870031,0.0386623384804136,3301.439999999995,2968.3657142857146,0.0037156789288459,0.0490190004109964,0.004868756402822,0.623015873015873,2,0,0.05508512
2021-12-01,57184.07,0.0040918400630509,0.0369074262709764,0.0386515346535969,2595.540000000001,2977.530714285714,0.0036828038469744,0.0490190004109964,0.0039339890247954,0.5396825396825397,2,0,0.04114225
2021-12-02,56480.34,-0.0123827500980073,0.0350559377900448,0.0354151874938354,1597.7000000000044,2770.099285714286,0.0035001186005383,0.0430077729934614,0.0035319145816606,0.4246031746031746,2,0,0.039666902
2021-12-03,53601.05,-0.0523239555597729,0.0335706285742081,0.0374003284086859,5920.0,2998.670714285715,0.0035454552148634,0.0444583393311146,0.0018530528151762,0.2976190476190476,1,0,0.037835952
2021-12-04,49152.47,-0.0866415577831531,0.0360033544282768,0.041742885064946,11858.799999999996,3667.7278571428574,0.0035239203531483,0.0516509524206175,-0.006184982199099,0.496031746031746,2,0,0.026655253
2021-12-05,49396.33,0.0049490302821819,0.0438001634187806,0.0420151984548405,1971.840000000004,3698.351428571429,0.0040755991906479,0.0547800008857768,0.0035133863649367,0.7619047619047619,2,1,0.038993653
2021-12-06,50441.92,0.0209464454638688,0.04137784385853,0.041992603863529,3791.1100000000006,3695.287857142858,0.0041223903984077,0.0567094140469054,0.0006236493845504,0.7023809523809523,2,1,0.05559882
2021-12-07,50588.95,0.0029105975984968,0.0396798613977762,0.0412107174803361,1896.590000000004,3638.402142857144,0.0040645492780221,0.0567094140469054,0.001028818910773,0.6468253968253969,2,0,0.055382635
2021-12-08,50471.19,-0.0023304945609261,0.0375797170025344,0.0412488485780929,2600.0,3688.545000000001,0.0038541039169768,0.0566447773963412,0.000672290731558,0.5793650793650794,2,0,0.042069953
2021-12-09,47545.59,-0.0597136382267216,0.0356541603659761,0.0415948990567116,3477.760000000002,3765.6064285714297,0.0034769866992998,0.0570932863553251,0.0005982225759312,0.4523809523809524,2,0,0.04081067
2021-12-10,47140.54,-0.0085556875287835,0.0387796487099134,0.0350925633802001,3273.0,3595.820714285715,0.0029548060460632,0.0451179927869379,0.0052090201357052,0.626984126984127,2,0,0.03922097
2021-12-11,49389.99,0.0466144194002922,0.0368433938058754,0.0375365976413802,2734.709999999999,3671.8714285714295,0.0027954034203327,0.0451179927869379,0.0008400393775986,0.5238095238095238,2,0,0.04083961
2021-12-12,50053.9,0.0133526527210072,0.0379443921996933,0.0349371524857968,2139.0,3525.4850000000006,0.0027309151031397,0.0451179927869379,-0.0058557712190873,0.5833333333333334,2,0,0.03955741
2021-12-13,46702.75,-0.0692973753526402,0.0362261947971005,0.0378838564956341,4517.220000000001,3691.0507142857145,0.0026521143098544,0.0488000501314035,-0.0051516490614295,0.4801587301587302,2,0,0.040113565
2021-12-14,48343.28,0.0345241762326722,0.0407772072894031,0.0401517927353709,2410.4100000000035,3627.405714285715,0.0027679054257018,0.0518849884366889,0.0010973458916269,0.6944444444444444,2,1,0.039070915
2021-12-15,48864.98,0.0107337588163947,0.0400846969461431,0.0403913144131612,2953.0,3652.938571428572,0.0028126789740781,0.0518849884366889,0.0025049799436086,0.6547619047619048,2,1,0.05463053
2021-12-16,47632.38,-0.0255482024281832,0.0380904264563876,0.0405730771366721,1925.4300000000003,3676.3478571428577,0.0026736758995877,0.0525679727629573,0.0024362660904114,0.5833333333333334,2,0,0.05461892
2021-12-17,46131.2,-0.0320232713999661,0.0370035478215612,0.0393726226751464,2539.959999999999,3434.916428571429,0.0023419139726982,0.0501874143423342,-0.0017761008883522,0.5238095238095238,2,0,0.041041132
2021-12-18,46834.48,0.015130173120065,0.0365464723115698,0.0331859100650937,1892.3700000000024,2723.0285714285724,0.0023004301193273,0.0410785352982399,-0.0002969214943056,0.4841269841269841,2,0,0.039612513
2021-12-19,46681.23,-0.0032775271061211,0.0350296773668916,0.0330984585434195,1893.0999999999983,2717.4042857142863,0.0019412815390122,0.0380515037386807,-0.0029147148328016,0.376984126984127,2,0,0.038389456
2021-12-20,46914.16,0.0049773921748101,0.0333343032858045,0.032439812535463,1978.7200000000012,2587.947857142858,0.0020435492091998,0.0380515037386807,-0.0028918915112959,0.2341269841269841,1,0,0.03686678
2021-12-21,48889.88,0.0412508732374554,0.0318129061154871,0.0347139027795372,2698.959999999999,2645.2600000000007,0.0024156041533388,0.0380515037386807,-0.008964301173916,0.1468253968253968,1,0,0.025632795
2021-12-22,48588.16,-0.0061905422711152,0.0330647367937738,0.0347282908125832,1154.2599999999948,2541.9928571428572,0.0026028367833141,0.038113196376313,-0.0070199601523692,0.2182539682539682,1,0,0.024602722
2021-12-23,50838.81,0.0452801594542275,0.0315893847375408,0.0327533673513943,3454.5800000000017,2540.337142857143,0.0029141795433997,0.0331727588438265,-0.0065010417188468,0.1309523809523809,1,0,0.02519859
2021-12-24,50820.0,-0.000370061388967,0.0334027751434923,0.0325694723116469,1425.5699999999997,2408.377857142857,0.0029056674581149,0.0329887069874056,-0.0036007726780689,0.238095238095238,1,0,0.02432264
2021-12-25,50399.66,-0.0083055488691954,0.0318365780818055,0.0304584318180844,1013.9100000000036,2285.463571428572,0.0030757197476821,0.0307025147276804,-0.0047098942297643,0.1428571428571428,1,0,0.02521449
2021-12-26,50775.49,0.007429328815574,0.0305257254373415,0.0303211380945701,1868.0,2266.1064285714288,0.0032527596456961,0.0307025147276804,-0.0045039519295501,0.0793650793650793,1,0,0.024294239
2021-12-27,50701.44,-0.0014594452777334,0.0293181106063191,0.0226756503429122,1639.0,2060.519285714286,0.003554530321987,0.0160290567585335,-0.0040161926794854,0.0515873015873015,1,0,0.023741465
2021-12-28,47543.74,-0.0643041831297992,0.0281351818895266,0.0278591359708455,3391.040000000001,2130.5642857142857,0.0034293866480499,0.0272340379671487,-0.0036777242259605,0.0198412698412698,1,0,0.02305625
2021-12-29,46464.66,-0.022958105783962,0.0338329557340764,0.0282028633399121,2042.090000000004,2065.499285714286,0.0028761837618618,0.0267926549079663,0.0007682189403026,0.2777777777777778,1,0,0.023093667
2021-12-30,47120.87,0.0140239790234346,0.0330330558015205,0.027814040414474,2000.0,2070.825714285714,0.0024946640573766,0.0269441704405724,0.0014436710639797,0.2182539682539682,1,0,0.025281396
2021-12-31,46216.93,-0.019369821492674,0.0318097387447417,0.026911323435743,2870.260000000002,2094.418571428572,0.0021793164010907,0.0253909596100342,-0.0015930363987505,0.1468253968253968,1,0,0.0248059
2022-01-01,47722.65,0.0320599467817785,0.0309978255633965,0.0279956126190309,1746.2599999999948,2083.9821428571427,0.0018409008093451,0.0253909596100342,-0.0008387525184089,0.1071428571428571,1,0,0.024113383
2022-01-02,47286.18,-0.0091880527435925,0.0313321892894482,0.0281149448284854,1336.0,2044.189285714286,0.0016219661171431,0.0255716756603737,0.0008064638521066,0.123015873015873,1,0,0.023761358
2022-01-03,46446.1,-0.0179255747295972,0.0300953112507865,0.0285240302647658,1874.0,2036.7092857142857,0.0016042996652702,0.0248386146465117,0.0007772006444673,0.0833333333333333,1,0,0.023887675
2022-01-04,45832.01,-0.0133097451918313,0.0293846076383697,0.0259612006463797,2057.540000000001,1990.8935714285717,0.0016948070277547,0.0239369177529034,0.0012494257488431,0.0595238095238095,1,0,0.023532044
2022-01-05,43451.13,-0.0533458970167046,0.0285030152839978,0.0290560851701169,4570.0,2234.8750000000005,0.0017686663746433,0.0292185253392416,-0.0053299404500786,0.0317460317460317,1,0,0.023296382
2022-01-06,43082.31,-0.0085243862571733,0.0321591046431702,0.024701328642058,1385.4199999999985,2087.0778571428573,0.0017900554517426,0.0279770805401663,-0.0008739511583503,0.1904761904761904,1,0,0.023223918
2022-01-07,41566.48,-0.0358183987906102,0.0308234796444426,0.02524761545286,2535.8300000000017,2166.382142857143,0.0016542123182518,0.0299889496884073,-0.0009862591002991,0.115079365079365,1,0,0.02451263
2022-01-08,41679.74,0.0027210861918849,0.0315878493675714,0.0256201543596376,1799.0,2222.46,0.0016440121193135,0.0313428237329273,0.0005900238041748,0.1547619047619047,1,0,0.023974758
2022-01-09,41864.62,0.0044259193989262,0.0301993401702267,0.0254427586969965,1586.6800000000003,2202.3657142857146,0.0016508694541588,0.0313428237329273,-0.0011328491192214,0.0992063492063492,1,0,0.024369042
2022-01-10,41822.49,-0.0010068457032161,0.0289622808963571,0.0254599048093111,2598.5,2270.901428571429,0.0016779699022355,0.0313410429840567,-0.0011330303544293,0.0515873015873015,1,0,0.023881074
2022-01-11,42729.29,0.0214504004396776,0.0278117373556751,0.0225064121341545,1831.0699999999997,2159.475,0.0017188472530007,0.0251386859580875,-0.0015728702826946,0.0119047619047619,1,0,0.023495596
2022-01-12,43902.66,0.0270902769434115,0.0276154702304342,0.0238202266321421,1872.0,2147.325714285714,0.0016640072856266,0.0253980982656835,-0.0008875450535636,0.0119047619047619,1,0,0.022965144
2022-01-13,42560.11,-0.0310574808840993,0.0279369336973988,0.0242323681344784,2188.779999999999,2160.81,0.0015772211428838,0.0260876179291861,-0.0042221709457713,0.0198412698412698,1,0,0.02295972
2022-01-14,43059.96,0.0116761333829025,0.0286174206574124,0.024459520392588,1722.8300000000015,2078.850714285714,0.001516356227243,0.0268092435046074,-0.0022060589870302,0.0634920634920634,1,0,0.023018088
2022-01-15,43084.29,0.0005648665034954,0.0277445945072721,0.0221199088184308,1245.0,2043.0464285714288,0.0015536547675309,0.0268092435046074,-0.0038432548602992,0.0158730158730158,1,0,0.02337585
2022-01-16,43071.66,-0.000293189271094,0.0267121786102314,0.022189246694102,893.2099999999991,2011.4185714285716,0.0016200851057657,0.0266119097986323,-0.0034871615599952,0.0039682539682539,0,0,0.022978645
2022-01-17,42201.62,-0.0204066313010855,0.0257829406076028,0.0222957252054228,1635.760000000002,1994.4014285714288,0.0018243815894872,0.0268343397457353,-0.0031793402887543,0.0039682539682539,0,0,0.01733471
2022-01-18,42352.12,0.0035598699462955,0.0257674769516432,0.0223751958406725,1441.0,1950.3628571428576,0.0019907453711198,0.0282425843608166,-0.0020442604040319,0.0039682539682539,0,0,0.01726919
2022-01-19,41660.01,-0.0164768030058262,0.0249603650879123,0.0180872952911076,1420.5699999999997,1725.4035714285717,0.0022148414049175,0.0207337037846968,-0.0026551051425218,0.0039682539682539,0,0,0.017290156
2022-01-20,40680.91,-0.0237827352261952,0.0247651904516949,0.0188873568337303,2951.6900000000023,1837.2800000000004,0.0021118208284075,0.0223675742416775,-0.0031717432457038,0.0039682539682539,0,0,0.017128926
2022-01-21,36445.31,-0.1099461598791098,0.0251837457258182,0.0333315159398608,5659.550000000003,2060.4028571428576,0.0020282427596856,0.0452096055255617,-0.0034336749315941,0.0119047619047619,0,0,0.017165955
2022-01-22,35071.42,-0.0384262269858517,0.0424389556537449,0.0339889490047147,2827.220000000001,2133.8471428571434,0.004416986118255,0.044418371681668,0.0146943611464727,0.7658730158730159,2,0,0.017602798
2022-01-23,36244.55,0.032902471390134,0.0418937328795525,0.035868950275058,1897.989999999998,2156.083571428572,0.0057370785292699,0.044418371681668,0.0151815542693211,0.746031746031746,2,0,0.04144607
2022-01-24,36660.35,0.0114067643862032,0.0409381307254702,0.0362674781384024,4632.830000000002,2301.392857142858,0.0065622807147318,0.0474837118005989,0.0151551901178674,0.7341269841269841,2,0,0.041960057
2022-01-25,36958.32,0.008095001638555,0.0388887220002311,0.0355620939900417,1844.1399999999992,2302.326428571429,0.0069513701959813,0.0474837118005989,0.0131212450485879,0.6746031746031746,2,0,0.0420351
2022-01-26,36809.34,-0.0040391738751033,0.0369326101877473,0.033978031023953,2685.350000000006,2360.422857142858,0.0070821995130518,0.0444398963912632,0.011972245099835,0.5833333333333334,2,0,0.041248705
2022-01-27,37160.1,0.0094839876878438,0.0350783232277754,0.0340103891668309,1727.4599999999991,2327.4714285714294,0.0070765077952903,0.0460351853186599,0.0103131327760804,0.4642857142857143,2,0,0.03995679
2022-01-28,37716.56,0.0148636502954708,0.0334967082760826,0.0341747091807148,1844.989999999998,2336.1971428571437,0.0070257680147937,0.0460351853186599,0.0083129625502644,0.3333333333333333,1,0,0.038461518
2022-01-29,38166.84,0.0118678204974376,0.0322649762415552,0.0345611831004519,1452.2999999999956,2351.004285714286,0.0069089247165091,0.0460351853186599,-0.0101739794121896,0.2579365079365079,1,0,0.026975524
2022-01-30,37881.76,-0.0074973460488596,0.031029002878475,0.0344806200623956,1007.6300000000048,2359.1771428571437,0.006724249147005,0.0461221859367534,-0.0108647300010775,0.1785714285714285,1,0,0.025843661
2022-01-31,38466.9,0.0153284014936492,0.029774464136372,0.0349049768298916,2111.3899999999994,2393.150714285715,0.0064834263357666,0.049116123707042,-0.0111636665890982,0.1269841269841269,1,0,0.025100525
2022-02-01,38694.59,0.0059016657367134,0.0289514504916113,0.0349630688807431,1265.199999999997,2380.593571428572,0.006258332462258,0.049116123707042,-0.0099372715086198,0.0952380952380952,1,0,0.02471466
2022-02-02,36896.36,-0.0475868957877967,0.027862519383339,0.0365996043739134,2268.970000000001,2441.193571428572,0.0060026799775584,0.0523885949125357,-0.0090700908044083,0.0476190476190476,1,0,0.024429154
2022-02-03,37311.61,0.0111916370777347,0.0307400538428729,0.0366824891907931,1137.0,2311.5728571428576,0.0055245126733304,0.0563946287630644,-0.0043382693849024,0.1785714285714285,1,0,0.024125736
2022-02-04,41574.25,0.1081764469569339,0.0296297723087982,0.0355207537608413,4745.5999999999985,2246.2907142857143,0.0050919106720105,0.0308772274275739,-0.0038669359672844,0.1269841269841269,1,0,0.025369223
2022-02-05,41382.59,-0.0046207242467879,0.0444289002883015,0.0330846062599518,1070.6800000000003,2120.8235714285715,0.0053580072443348,0.0242816230236631,0.0121639240467463,0.8531746031746031,2,0,0.024184745
2022-02-06,42380.87,0.0238368201984737,0.0419514036065481,0.0327270060383835,1539.4400000000023,2095.2128571428575,0.005364212027696,0.0242816230236631,0.0109224007280731,0.8015873015873016,2,0,0.04192109
2022-02-07,43839.99,0.0338493333568958,0.0403589412084698,0.0332842880688108,2854.6500000000015,1968.2000000000005,0.0053121070242583,0.0242816230236631,0.0105844770720977,0.753968253968254,2,0,0.041723352
2022-02-08,44042.99,0.0046197878370257,0.0396579418497925,0.033334796533944,2826.0,2038.3328571428576,0.0053659799422189,0.0242816230236631,0.0107064913581812,0.7261904761904762,2,0,0.04102948
2022-02-09,44372.72,0.0074586638193068,0.0375767230166046,0.0330355564505525,1681.0800000000015,1966.5992857142855,0.0053916972550781,0.0279408538467708,0.0097142036332655,0.6587301587301587,2,0,0.040689807
2022-02-10,43495.44,-0.019968761180241,0.0357215429556993,0.0342172284147711,2646.989999999998,2032.28,0.0053998690665203,0.0261764463026082,0.0049814891128264,0.5317460317460317,2,0,0.039912876
2022-02-11,42373.73,-0.0261275102636204,0.0345298201796334,0.0356091798529378,1981.489999999998,2042.03,0.0053916893816459,0.0261666664162973,0.0049000478708352,0.4523809523809524,2,0,0.03820875
2022-02-12,42217.87,-0.0036850036261721,0.0338822443730168,0.0357322528392953,1390.6100000000006,2037.6235714285715,0.0053548841146646,0.0239341158475853,-0.0105466559152847,0.3928571428571428,1,0,0.037185352
2022-02-13,42053.66,-0.0038971692535803,0.0322937373106449,0.0356311128470055,890.0,2029.2214285714283,0.0052981749909891,0.0237908565729515,-0.0096576662959032,0.2857142857142857,1,0,0.026475783
2022-02-14,42535.94,0.0114029437609097,0.0308525874734541,0.0355798620835323,1291.8400000000038,1970.6821428571432,0.005226684630056,0.0237908565729515,-0.0095063537350157,0.1904761904761904,1,0,0.025267761
2022-02-15,44544.86,0.0461474056472823,0.0297390372074883,0.0370633515301123,2324.3700000000026,2046.3371428571431,0.0051617027277942,0.0237908565729515,-0.0099189046423042,0.1349206349206349,1,0,0.024394434
2022-02-16,43873.56,-0.0151849105438515,0.0320193407692492,0.0340783535787026,1242.9700000000012,1973.0514285714291,0.0048320073503624,0.0150670611841121,-0.0055573822473554,0.2738095238095238,1,0,0.02392475
2022-02-17,40515.7,-0.0796223074196458,0.0309524011786234,0.0420345120827726,4091.5,2184.0871428571436,0.0048171004211694,0.0331701454305422,-0.0047691417770758,0.1984126984126984,1,0,0.02486163
2022-02-18,39974.44,-0.0134493034485352,0.0388435401772588,0.0301576129025949,1509.8799999999974,1952.9642857142865,0.0046143291625316,0.0313900732685391,0.0043137199976253,0.75,2,0,0.024819117
2022-02-19,40079.17,0.0026164981129266,0.0370468885122074,0.0301860707773492,805.2900000000009,1934.0078571428576,0.0039389254318823,0.0335119221980757,0.0031646441391906,0.6666666666666666,2,0,0.040628206
2022-02-20,38386.89,-0.0431407529280498,0.0351692555061391,0.0310234040960815,2125.4400000000023,1975.8650000000005,0.0034571565943191,0.0348612734080889,0.0028755181954941,0.5317460317460317,2,0,0.04006892
2022-02-21,37008.16,-0.0365775661820251,0.0361129162360817,0.0295529284004325,2694.3499999999985,1964.4150000000004,0.0031105918687266,0.0350561223324172,0.0052603287626275,0.5952380952380952,2,0,0.038425576
2022-02-22,38230.33,0.0324907507662182,0.0361983129514494,0.0316315482786234,2079.0,1911.0578571428575,0.0027997398336616,0.0350561223324172,0.0064592757439611,0.6071428571428571,2,0,0.03918649
2022-02-23,37250.01,-0.0259769663535838,0.0358822085900263,0.0314648484499309,2213.1399999999994,1949.062142857143,0.0026838715863339,0.0342566609549206,0.003862867820777,0.5793650793650794,2,0,0.039332848
2022-02-24,38327.21,0.028507874523143,0.035068584083877,0.0331990441511256,5520.720000000001,2154.3285714285716,0.0026615706626645,0.0354909014548961,0.0041161829052536,0.5238095238095238,2,0,0.038940948
2022-02-25,39219.17,0.0230055700671094,0.0345469275734276,0.0338439274791217,1669.1599999999962,2132.019285714286,0.0026617450416964,0.0364927903532923,-0.0042966126038311,0.4801587301587302,2,0,0.038388934
2022-02-26,39116.72,-0.0026156608014744,0.0336710466800583,0.0338496080193238,1775.2699999999968,2159.495,0.0026641981073556,0.036481249313617,-0.0033758418321491,0.3968253968253968,1,0,0.037761506
2022-02-27,37699.07,-0.0369145713560055,0.0320911355626994,0.0348680125926371,2855.699999999997,2299.9021428571427,0.0026757060852966,0.0387210376637571,-0.0030781199434396,0.2896825396825397,1,0,0.026944902
2022-02-28,43160.0,0.1352787146752518,0.032785749077653,0.0517492188961999,6775.669999999998,2691.604285714285,0.0025384359846149,0.0387210376637571,-0.0033271671584286,0.3333333333333333,1,0,0.025829177
2022-03-01,44421.2,0.0288026925696254,0.0529390808577776,0.0507848962352339,2139.019999999997,2678.364999999999,0.0053505962409692,0.0387210376637571,0.0167407679063281,0.992063492063492,2,0,0.02633917
2022-03-02,43892.98,-0.0119624345490478,0.0505875126455907,0.0507190074071415,2065.9100000000035,2737.146428571428,0.0064824173938771,0.0385795742494981,0.0147053040555644,0.984126984126984,2,0,0.04481299
2022-03-03,42454.0,-0.0333332615882593,0.0477444424971329,0.0464566382629849,2268.840000000004,2606.956428571428,0.0067690831888363,0.0288930417303696,0.0126758584132559,0.9682539682539684,2,0,0.045242157
2022-03-04,39148.66,-0.0810549423019875,0.0461907916019934,0.0515682783739296,3977.300000000003,2783.200714285714,0.0070774214189522,0.0404157809397993,0.0116438640285658,0.9563492063492064,2,0,0.04451641
2022-03-05,39397.96,0.0063478437934207,0.0505096663747965,0.0516007728124002,1205.6500000000017,2811.797857142857,0.0076802103150666,0.0404157809397993,0.0168386196947382,0.984126984126984,2,0,0.044871878
2022-03-06,38420.81,-0.0251147984261219,0.0475653004213237,0.050691283213027,1605.300000000003,2774.645,0.0077985435059329,0.0384660748721787,0.0154741648586243,0.9722222222222222,2,0,0.045427408
2022-03-07,37988.0,-0.0113289195068571,0.045507081887126,0.0497273995607487,2392.5699999999997,2753.089285714286,0.0077637123925527,0.0364478006846244,0.012721332809473,0.9484126984126984,2,0,0.045117747
2022-03-08,38730.63,0.0193604394737665,0.0430659878987307,0.0492266857580303,1494.4300000000003,2711.3342857142857,0.0076171420987564,0.0364478006846244,-0.0098730929590468,0.9126984126984128,2,0,0.04463863
2022-03-09,41941.71,0.079650037320313,0.0411308197960938,0.0527539061092946,3937.6100000000006,2834.5107142857146,0.0074188682880106,0.0377070183255691,-0.0094566928494968,0.8690476190476191,2,0,0.04381455
2022-03-10,39422.0,-0.0619567610700482,0.0463199613614597,0.0555761081250994,3499.899999999994,2690.166428571428,0.0071704723952478,0.0415201379744286,-0.0014244811356732,0.9761904761904762,2,0,0.04331721
2022-03-11,38729.57,-0.0177206451442284,0.0478466540969315,0.0554584389552082,2012.6600000000035,2714.702142857143,0.0068092671841501,0.0395887134921226,0.001655862494938,0.988095238095238,2,0,0.04492071
2022-03-12,38807.36,0.0020065284013579,0.0454158441289807,0.0554611806873393,826.1900000000023,2646.9107142857147,0.006107646373932,0.0419799869613843,-0.0050938222458158,0.9523809523809524,2,0,0.045106303
2022-03-13,37777.34,-0.0269004673903179,0.0428379682456767,0.0550191566888807,1731.489999999998,2566.6100000000006,0.0049239603318977,0.0410175328512758,-0.004727332175647,0.9087301587301588,2,0,0.04457031
2022-03-14,39671.37,0.0489203168714063,0.0413464746464802,0.0420056357168601,2392.1200000000026,2253.4992857142865,0.0035228868656204,0.0410175328512758,-0.0041606072406458,0.8690476190476191,2,0,0.043838304
2022-03-15,39280.33,-0.0099058841699832,0.0420367075005831,0.0407936508449833,1789.2799999999988,2228.5178571428582,0.0031403755196065,0.0388124128924885,-0.0010292803981475,0.8928571428571429,2,0,0.043096926
2022-03-16,41114.0,0.0456248114305086,0.0398521653585769,0.0432764487056295,2889.519999999997,2287.3471428571434,0.0031339789319915,0.0409489479573236,-0.0012786544375169,0.8134920634920635,2,0,0.043305274
2022-03-17,40917.9,-0.004781075985047,0.040383133520868,0.0424874345691826,978.8199999999996,2195.2028571428573,0.0032204954128196,0.0392528391806826,-0.0059368278405916,0.8333333333333334,2,0,0.042398613
2022-03-18,41757.51,0.0203116952414426,0.0382426400320692,0.0362785801349198,2189.979999999996,2067.5371428571425,0.0035433302092166,0.0286764696930072,-0.0096040140648622,0.753968253968254,2,0,0.042457502
2022-03-19,42201.13,0.01056768257477,0.0368157305109853,0.0363116616665099,900.7099999999991,2045.7557142857136,0.003412126889124,0.0286764696930072,-0.0086001136179953,0.6666666666666666,2,0,0.04090224
2022-03-20,41262.11,-0.022502352481311,0.0351072690988565,0.036151861036615,1385.260000000002,2030.038571428571,0.0036716649267131,0.0283649234230947,-0.0077306991468201,0.5476190476190477,2,0,0.039755132
2022-03-21,41002.25,-0.0063177022059921,0.0341365542834294,0.0360012196467763,1076.2799999999988,1936.0178571428569,0.0040397675622934,0.028141355205353,-0.0072099203630507,0.4444444444444444,2,0,0.038242128
2022-03-22,42364.13,0.0326750703725586,0.0325655022965097,0.0365682451813513,2485.489999999998,2006.8078571428564,0.004573838697278,0.028141355205353,-0.0094712052040734,0.3253968253968254,1,0,0.03691135
2022-03-23,42882.76,0.0121678667429065,0.0327428178034178,0.0300348360900007,1274.489999999998,1816.5849999999991,0.0049858285525887,0.028141355205353,-0.0071093475551591,0.3293650793650793,1,0,0.025943216
2022-03-24,43991.46,0.0255256438082849,0.0314715268067314,0.0243628710686765,1660.4300000000003,1685.1942857142851,0.0050457637527629,0.0168568031136091,-0.0089116067141366,0.2341269841269841,1,0,0.025716107
2022-03-25,44313.16,0.0072861742275431,0.0311425164266466,0.0232358351473396,1515.1399999999994,1649.6571428571422,0.00465846010455,0.0166786666309884,-0.0071001236054226,0.2103174603174603,1,0,0.024489101
2022-03-26,44511.27,0.0044607171360233,0.0298718558333545,0.0231831770586291,721.0199999999968,1642.1449999999988,0.0044581859969464,0.0166786666309884,-0.0069438746776308,0.1547619047619047,1,0,0.024251755
2022-03-27,46827.76,0.050733773930828,0.0286667777246602,0.0230148261466272,2577.540000000001,1702.577142857142,0.0044744696670814,0.0129156344900345,-0.0064404913741963,0.0952380952380952,1,0,0.023770835
2022-03-28,47122.21,0.0062682503060145,0.0318625777380498,0.020958982170333,1526.2799999999988,1640.7314285714274,0.0042002654165094,0.0129156344900345,-0.0022739765453795,0.2658730158730158,1,0,0.023198258
2022-03-29,47434.8,0.0066116967684664,0.0305007570523671,0.020058750430027,1145.6200000000026,1594.755714285713,0.0037433315675814,0.0137735001111016,-0.0020647452441426,0.1626984126984127,1,0,0.024619248
2022-03-30,47067.99,-0.0077629843968782,0.0292760256377423,0.0184897301462852,1254.800000000003,1477.9899999999996,0.0034890534055288,0.0125438415435396,-0.0034667921656754,0.1031746031746031,1,0,0.023780119
2022-03-31,45510.34,-0.0336535992569277,0.0282000969920115,0.0215768905662583,2400.0,1579.5028571428568,0.0030070350086332,0.0208512463539282,-0.0032714298147198,0.0634920634920634,1,0,0.02319115
2022-04-01,46283.49,0.0168457571405937,0.0291293085332341,0.0214392407386282,2520.0899999999965,1603.0821428571423,0.0025461244273764,0.0208512463539282,-0.0020132078934124,0.1071428571428571,1,0,0.02309483
2022-04-02,45811.0,-0.0102610730714474,0.0284622036353046,0.0219162030930511,1593.0,1652.5314285714285,0.0021634464255003,0.0192061839969651,-0.0014096521980499,0.0674603174603174,1,0,0.023451861
2022-04-03,46407.35,0.01293361490454,0.0275496720010074,0.0203807800035255,1913.1900000000023,1690.240714285714,0.0019781256464421,0.0182895574812052,-0.0011171057236528,0.0317460317460317,1,0,0.023107152
2022-04-04,46580.51,0.0037243614415167,0.0268484276647845,0.0199962742526455,1772.7099999999991,1739.985714285714,0.0018750142737317,0.0208015888036598,-0.0050141500732652,0.0277777777777777,1,0,0.02280059
2022-04-05,45497.55,-0.0235237349480623,0.0259318903104792,0.0205355980513861,1846.1900000000023,1694.321428571429,0.0019788866475667,0.0215144393151223,-0.0045688667418879,0.0238095238095238,0,0,0.022800293
2022-04-06,43170.47,-0.0525017816550033,0.0261590234017914,0.025496791026544,2386.1399999999994,1773.725,0.0019053432745409,0.0303576068659107,-0.0031170022359509,0.0277777777777777,0,0,0.01728123
2022-04-07,43444.19,0.0063204291562026,0.0302354972666479,0.024544327477338,1173.6399999999994,1738.9542857142858,0.0018046833431144,0.0303576068659107,0.0020354002746363,0.1904761904761904,1,0,0.017398547
2022-04-08,42252.01,-0.0278251992184284,0.029029956642811,0.025422304872006,1863.4800000000032,1763.8357142857146,0.0016819931991023,0.029950412308434,-9.935189042309736e-05,0.1269841269841269,1,0,0.02434593
2022-04-09,42753.97,0.0118101299320372,0.0292229620511549,0.0256718146973524,674.5199999999968,1760.514285714286,0.0016557927047563,0.029950412308434,0.0007607584158503,0.1349206349206349,1,0,0.02392025
2022-04-10,42158.85,-0.0140174297468771,0.028292236384014,0.0206025377388169,1542.300000000003,1686.568571428572,0.0016584934842507,0.0282303067170722,0.0007425643830065,0.0833333333333333,1,0,0.023984652
2022-04-11,39530.45,-0.0643733658182643,0.0275628494348283,0.025124750643771,3214.709999999999,1807.170714285715,0.001388225015002,0.0348614790064763,0.0007144217700437,0.0476190476190476,1,0,0.023490455
2022-04-12,40074.94,0.013679940298763,0.0334351780497501,0.0256057891891389,1444.3700000000026,1828.5100000000004,0.0018786377047885,0.0348614790064763,0.0075032877392709,0.4325396825396825,1,0,0.02339549
2022-04-13,41147.79,0.0264190184253028,0.0321572513393333,0.0275975174086975,1972.7699999999968,1879.7935714285716,0.0021108314608155,0.0371528076643431,0.0059982279375419,0.3373015873015873,1,0,0.02686375
2022-04-14,39942.38,-0.0297323041306665,0.0318169973896099,0.0273534516539516,1948.0599999999977,1847.5121428571424,0.0022572793868256,0.036671832295526,0.001581500122962,0.3095238095238095,1,0,0.0261289
2022-04-15,40551.9,0.0151447196010199,0.0318118115835887,0.0272317840962219,1103.9599999999991,1746.36,0.0023806662316782,0.036671832295526,0.0027818549407776,0.3055555555555556,1,0,0.025796782
2022-04-16,40378.71,-0.0042799693311703,0.0307642913333403,0.0272648601786262,717.7999999999956,1683.845714285714,0.0024066568856975,0.0365020381119357,0.0015413292821853,0.2261904761904762,1,0,0.025734361
2022-04-17,39678.12,-0.0175027636042273,0.0294712671744294,0.0265850224180205,1049.5,1622.153571428571,0.0023505848106401,0.0347007533024535,0.0011790307904154,0.1587301587301587,1,0,0.024990063
2022-04-18,40801.13,0.0279098748430257,0.0288049499626826,0.0283555692677657,2580.220000000001,1679.832857142857,0.0022374408357676,0.0347007533024535,0.0012421005278543,0.123015873015873,1,0,0.024312925
2022-04-19,41493.18,0.0168192992773761,0.0290373307866907,0.0288620639547928,1189.0,1632.8907142857138,0.0019830275909625,0.0360154175957131,-0.0043978472630594,0.1428571428571428,1,0,0.024013218
2022-04-20,41358.19,-0.0032586092287818,0.0283790159735127,0.0256579945262772,1379.0,1560.9521428571425,0.0017396030703606,0.0300807332483566,-0.0037782353658206,0.0912698412698412,1,0,0.024139147
2022-04-21,40480.01,-0.0214621951388593,0.0273028522428301,0.0259491453250264,3225.0,1707.4778571428567,0.0018801539340548,0.0291431368624972,-0.0045141451467798,0.0396825396825396,1,0,0.023532938
2022-04-22,39709.18,-0.0192258767952004,0.0271724413479747,0.0254657860317194,1618.0599999999977,1689.9478571428565,0.0019998057547331,0.0282621036825131,-0.004639370235614,0.0396825396825396,1,0,0.023120608
2022-04-23,39441.6,-0.0067612983566558,0.0268906946167665,0.0250346029925809,695.0,1691.4107142857138,0.0021317483349304,0.0267409116273521,-0.0038735967165738,0.0396825396825396,1,0,0.023084875
2022-04-24,39450.13,0.0002162457340766,0.0260308929264756,0.0249623848992881,1010.3799999999974,1653.4164285714276,0.0023080917394306,0.0279266871810103,-0.0034403742479537,0.0277777777777777,0,0,0.023050364
2022-04-25,40426.08,0.0244377786503307,0.0251712930984185,0.0192812899286664,2416.0,1596.3657142857137,0.0025271496581336,0.0173009852257692,-0.0036336568642641,0.0119047619047619,0,0,0.017406236
2022-04-26,38112.65,-0.0589288732240458,0.0255921231568025,0.0247670238931634,3095.0499999999956,1714.2714285714271,0.0023711423487447,0.0263815293527774,-0.0034452076298881,0.0198412698412698,0,0,0.017093088
2022-04-27,39235.72,0.029041308349953,0.0309861304522231,0.02502002343915,1593.4100000000035,1687.174285714285,0.0022537534753882,0.0263815293527774,0.0026071144787103,0.2817460317460317,1,0,0.01728743
2022-04-28,39742.07,0.0128227679696397,0.0310272435256331,0.0241443584311938,1491.199999999997,1654.5414285714276,0.0021732355159916,0.0258674390444081,0.003724391282803,0.2936507936507936,1,0,0.025009196
2022-04-29,38596.11,-0.0292588301525,0.029953498935112,0.0248570395463679,1750.25,1700.7049999999992,0.0020028486764486,0.0263152758889823,0.0027810575871373,0.2341269841269841,1,0,0.025253054
2022-04-30,37630.8,-0.0253286301777162,0.0301559469472211,0.0255332054792775,1217.1800000000003,1736.3749999999995,0.0019518626947033,0.0277560158571745,0.0032652523304546,0.246031746031746,1,0,0.02474774
2022-05-01,38468.35,0.0220129612676682,0.0299757635998759,0.0262236444938613,1288.6200000000026,1753.4549999999997,0.0019799240016663,0.0289255808592728,0.0039448706734003,0.238095238095238,1,0,0.024897244
2022-05-02,38525.16,0.0014757090645609,0.0295550599531403,0.0248010681707428,1115.3399999999965,1648.8207142857136,0.0020040588605865,0.0289255808592728,0.0043837668547218,0.1984126984126984,1,0,0.024875965
2022-05-03,37728.95,-0.0208838300694296,0.0283494442274509,0.0243985506141013,1133.7099999999991,1644.871428571428,0.0019949457227049,0.0280467443625217,0.0027573210706484,0.115079365079365,1,0,0.02450579
2022-05-04,39690.0,0.0506715625195415,0.0280430338596284,0.0288506663559428,2353.769999999997,1714.4978571428562,0.0019962593669163,0.0299579238756799,-0.0029430965925946,0.0992063492063492,1,0,0.023760404
2022-05-05,36552.97,-0.082336825350552,0.0313674843608912,0.0356442732168069,4273.610000000001,1789.3985714285704,0.0021310346037347,0.0424282039100274,0.0003402408352581,0.3452380952380952,1,0,0.023640733
2022-05-06,36013.77,-0.0148610761227896,0.0396873149602527,0.0355507991408557,1417.6299999999974,1775.082142857142,0.0036052407316664,0.0421769819657919,0.0097338160251406,0.8015873015873016,2,0,0.026193287
2022-05-07,35472.39,-0.0151467179208371,0.0378671479557248,0.0356174576573751,1361.300000000003,1822.6749999999993,0.0041500821963354,0.0424869602895236,0.0077112010085037,0.7380952380952381,2,0,0.04171134
2022-05-08,34038.4,-0.041265348325588,0.0362264540191539,0.0366303495341443,1800.270000000004,1879.095714285714,0.004242743937721,0.0423361865531973,0.0062506904192779,0.6666666666666666,2,0,0.041377317
2022-05-09,30076.31,-0.1237514803908421,0.0367942867924019,0.0459667476278977,4209.82,2007.225714285714,0.0041512888995002,0.0574003972439428,0.0072392268392615,0.6785714285714286,2,0,0.040460523
2022-05-10,31017.1,0.030800846621533,0.0524094961334365,0.0465420743277499,2928.59,1995.3357142857144,0.0065481437404799,0.0572064663460415,0.0240600519059855,0.996031746031746,2,1,0.041285586
2022-05-11,29103.94,-0.0636651051045493,0.0502253535116299,0.0464325646625047,4377.59,2194.2057142857143,0.0078203634739646,0.0579596449095591,0.0221823196520014,0.984126984126984,2,1,0.057868283
2022-05-12,29029.75,-0.0025523939828087,0.0513583701086613,0.0457391221739154,3543.0,2340.7628571428572,0.0088256057999277,0.0549912708140329,0.0199908857477701,0.992063492063492,2,1,0.058211546
2022-05-13,29287.05,0.0088242725805578,0.0483121812431719,0.0464293120848223,2331.7000000000007,2382.2950000000005,0.0091258013145103,0.057139516891679,0.0086248662829192,0.9761904761904762,2,1,0.05828313
2022-05-14,30086.74,0.0269391043317348,0.0455837372332324,0.0480174483992379,1713.2700000000004,2417.73,0.0090524643954744,0.0599403662076429,0.0077165892775075,0.9404761904761904,2,0,0.058059137
2022-05-15,31328.89,0.0404561319046443,0.0438210946817998,0.0493738511000861,1980.0,2467.1142857142854,0.0087438353014203,0.0599403662076429,0.0075946406626459,0.9047619047619048,2,0,0.045719903
2022-05-16,29874.01,-0.0475518034081954,0.0432948224588975,0.0498771829724486,2241.8600000000006,2547.5800000000004,0.0082414033225969,0.0586931323033646,0.0065005356664956,0.8928571428571429,2,0,0.04489113
2022-05-17,30444.93,0.0189306062024954,0.043553850113333,0.0508361395769071,1337.989999999998,2562.171428571429,0.0074129601371937,0.0618140554989858,-0.0088556460201034,0.8968253968253969,2,0,0.044661682
2022-05-18,28715.32,-0.0584886995742195,0.0415541963311175,0.0482406946447181,2055.5200000000004,2540.8678571428577,0.0062369058894202,0.0614534581214261,-0.0086711571805123,0.8452380952380952,2,0,0.04461701
2022-05-19,30319.23,0.0543513864177693,0.0434105505815715,0.0491571662540114,1853.7999999999993,2368.024285714286,0.0052629650168965,0.0583195880761018,-0.0079478195270898,0.9007936507936508,2,0,0.043867122
2022-05-20,29201.01,-0.0375788669561831,0.0444377860706467,0.0495837914677396,2047.3300000000015,2413.002857142858,0.0051242641303915,0.0595826259125854,-0.0038743951725252,0.9285714285714286,2,0,0.04432858
2022-05-21,29445.06,0.0083228563747148,0.0435804969776726,0.0499728836673173,708.9000000000015,2366.4028571428576,0.0047979321582124,0.0634387121799337,-0.0020032402555597,0.9007936507936508,2,0,0.04482661
2022-05-22,30293.94,0.0284215384207975,0.0412303753301201,0.0504417349910815,1232.880000000001,2325.8750000000005,0.0042840965502944,0.0664184493055296,-0.0025907193516797,0.8253968253968254,2,0,0.04462948
2022-05-23,29109.15,-0.0398951347692122,0.0400089538298988,0.0394654815476721,1804.16,2154.042142857143,0.0038792642142119,0.0460898675203054,-0.0032858686289986,0.7777777777777778,2,0,0.043720465
2022-05-24,29654.58,0.0185640245739104,0.0399099821633824,0.0388051468825829,1176.8600000000006,2028.918571428572,0.003513130688279,0.0460898675203054,-0.0036438679499505,0.7698412698412699,2,0,0.0421299
2022-05-25,29542.15,-0.0037985251950818,0.0382312760271763,0.0347134261184802,929.5300000000024,1782.6285714285718,0.0034197530423671,0.0380938282707322,-0.0033229203039412,0.7142857142857143,2,0,0.04190467
2022-05-26,29201.35,-0.0116031160400318,0.0362622816649242,0.0348699501480768,1867.079999999998,1662.9200000000003,0.0030989780281136,0.0383730723744207,-0.0071482689166472,0.6309523809523809,2,0,0.040729802
2022-05-27,28629.8,-0.0197668076759747,0.0346371768292552,0.035175840590229,1114.7599999999984,1575.9957142857145,0.0032344272730548,0.0363036455989402,-0.0098006092413914,0.5357142857142857,2,0,0.039526727
2022-05-28,29031.33,0.0139274582552868,0.0335461442378971,0.034529132270818,816.0,1511.9050000000002,0.003612855643593,0.0363036455989402,-0.0100343527397755,0.4722222222222222,1,0,0.03814904
2022-05-29,29468.1,0.0149327306648618,0.0322678763676197,0.0327096161067641,748.5699999999997,1423.9457142857143,0.0040920195750512,0.0363036455989402,-0.0089624989625003,0.3968253968253968,1,0,0.027380418
2022-05-30,31734.22,0.0740872715889171,0.0311632830741587,0.0363147248313838,2922.380000000001,1472.554285714286,0.0045348091560201,0.0340698028050317,-0.0088456707557401,0.3134920634920635,1,0,0.026410695
2022-05-31,31801.04,0.0021033997385373,0.0378861861004187,0.0360714164678333,1198.9900000000016,1462.6257142857146,0.0043302252334012,0.0340698028050317,-0.0020237960629636,0.6984126984126984,2,0,0.025589254
2022-06-01,29805.83,-0.0647949816931543,0.0359329367932784,0.036929031533926,2681.970000000001,1507.3721428571432,0.0042793270101883,0.0359211415320082,-0.0022983392338978,0.6031746031746031,2,0,0.039785307
2022-06-02,30452.62,0.0214680211866689,0.039802523898537,0.0343437994904145,1094.4500000000007,1453.1328571428578,0.0040322732145225,0.0359211415320082,0.0035402422336128,0.7698412698412699,2,0,0.039088186
2022-06-03,29700.21,-0.0250179166566564,0.0382856576268246,0.0334296426993894,1416.6399999999994,1408.0835714285718,0.0035580470313258,0.0340482387354184,0.0036484807975694,0.7301587301587301,2,0,0.041229334
2022-06-04,29864.04,0.0055009645259609,0.0371418974134412,0.0333919478596987,503.880000000001,1393.439285714286,0.0030721673004842,0.0340482387354184,0.0035957531755441,0.6785714285714286,2,0,0.040654477
2022-06-05,29919.21,0.0018456679976868,0.0352891416533182,0.0324560103215916,657.5800000000017,1352.346428571429,0.0028252855694401,0.0340482387354184,0.0030212652856985,0.5833333333333334,2,0,0.03995448
2022-06-06,31373.1,0.0474500888349513,0.0335599045512471,0.0327747118797274,1875.41,1357.4357142857148,0.0027251682516144,0.0327538504229676,0.0023966214770883,0.4761904761904761,1,0,0.038698968
2022-06-07,31125.33,-0.007928880711022,0.0353148423605733,0.0327178385397666,2370.6399999999994,1442.7057142857143,0.0024832256405902,0.0300747422737095,-0.0025713437398454,0.5912698412698413,2,0,0.027355965
2022-06-08,30204.77,-0.0300220982099315,0.033671481003546,0.033894696389559,1483.34,1482.2635714285716,0.0024190556875253,0.0324392723003291,-0.0022614557897324,0.4880952380952381,1,0,0.038227763
2022-06-09,30109.93,-0.0031448412464669,0.0334520546695359,0.0337164653803981,755.9000000000015,1402.893571428572,0.0024530039145488,0.0321172229208266,-0.0063504692290011,0.4642857142857143,1,0,0.027440544
2022-06-10,29091.88,-0.0343959202434387,0.0318966637136299,0.0346626605960439,1532.7999999999993,1432.7535714285718,0.002601041595906,0.0341112119704808,-0.0063889939131947,0.376984126984127,1,0,0.026892047
2022-06-11,28424.7,-0.0232006119472725,0.0323451433147858,0.0350277398878651,1340.4199999999985,1470.2121428571431,0.0026695796977862,0.0327756815060417,-0.0047967540986553,0.4087301587301587,1,0,0.02613097
2022-06-12,26574.53,-0.0673052472144988,0.031731862718172,0.0387557399506072,1984.9599999999991,1558.525714285715,0.0027130710991185,0.0388099751834228,-0.0035572789351462,0.3531746031746032,1,0,0.026398744
2022-06-13,22487.41,-0.1669976412315108,0.0370240163857515,0.0513016687853944,4970.07,1704.7892857142858,0.002552944836092,0.0666149178878054,0.0034641118345044,0.7023809523809523,2,0,0.026120018
2022-06-14,22136.41,-0.0157318328672531,0.063363843064315,0.050806530225718,2516.880000000001,1798.9242857142858,0.0079537341324194,0.0633919680497101,0.0280490007037417,1.0,2,1,0.041287567
2022-06-15,22583.72,0.0200055285384088,0.0596029872871058,0.0508647205407791,2688.380000000001,1799.382142857143,0.0099591316325659,0.0632341561003743,0.0259315062835598,0.996031746031746,2,1,0.05831745
2022-06-16,20401.31,-0.1016301782416349,0.0562733008398544,0.0537370991521406,2763.7299999999996,1918.6164285714287,0.0110105505474657,0.0680556534087837,0.0228212461703185,0.992063492063492,2,1,0.05862933
2022-06-17,20468.81,0.0033031496542328,0.061821334945424,0.0544116597678798,1118.7700000000004,1897.34,0.0124443538265695,0.0712505933348594,0.0299246712317941,0.996031746031746,2,1,0.058735054
2022-06-18,18970.79,-0.0760018363469718,0.0579781871342855,0.0550702270083514,3170.0600000000013,2087.781428571429,0.0130981544416189,0.0717398791351348,0.0256330438194997,0.988095238095238,2,1,0.05907577
2022-06-19,20574.0,0.0811277149268701,0.0594723317042118,0.0624463105529183,2855.540000000001,2244.7785714285715,0.0135755203108121,0.0717398791351348,0.0277404689860398,0.988095238095238,2,1,0.059003394
2022-06-20,20573.89,-5.346568196173962e-06,0.0613957756960023,0.0593185615545201,1452.9700000000012,2214.604285714286,0.0138351330775274,0.0684012909313475,0.0243717593102507,0.992063492063492,2,1,0.059118357
2022-06-21,20723.52,0.007246490991843,0.0575752414963431,0.0598914979632675,1374.5999999999983,2143.458571428572,0.0136907794277289,0.0716960497255558,-0.0057886015679719,0.9761904761904762,2,0,0.05905303
2022-06-22,19987.99,-0.0361376939508311,0.0540921501530826,0.0599213990399209,1129.4900000000016,2118.1835714285717,0.0130748135329996,0.0719776645951026,-0.0055108371340232,0.9682539682539684,2,0,0.046828266
2022-06-23,21110.13,0.0546214268784677,0.0520923416999604,0.0637421746570857,1342.9300000000003,2160.114285714286,0.0121950306735379,0.0758638780823078,-0.0041809591398939,0.9563492063492064,2,0,0.046274226
2022-06-24,21237.69,0.0060244133369913,0.0519297509112611,0.0642152834015887,821.6899999999987,2109.3207142857145,0.010859159871461,0.0795415556877287,-0.0098915840341629,0.9523809523809524,2,0,0.046228092
2022-06-25,21491.19,0.0118656503170235,0.0488693824743642,0.0648654909064777,707.880000000001,2064.139285714286,0.0092670972178614,0.0845801431062064,-0.0091088046599213,0.9325396825396826,2,0,0.046177145
2022-06-26,21038.07,-0.0213094300901079,0.0461639510254835,0.0634327023941228,923.2700000000004,1988.3042857142864,0.0071940724917347,0.0810649649207569,-0.0133083806787283,0.9047619047619048,2,0,0.04599556
2022-06-27,20742.56,-0.0141460254601213,0.0440383325683622,0.0464530971641587,1029.8499999999983,1706.8600000000004,0.0060042860608371,0.0511476820067633,-0.0173574431276401,0.8809523809523809,2,0,0.04527254
2022-06-28,20281.29,-0.0224888419964646,0.0418064163406376,0.0465994428989218,1010.09,1599.2321428571431,0.0065278674691516,0.0515070800565093,-0.0157688251557054,0.8253968253968254,2,1,0.043438267
2022-06-29,20123.01,-0.0078348497395381,0.0401508068399502,0.0459826901500999,577.390000000003,1448.4471428571433,0.0072287985471324,0.0482600247902893,-0.0139413433131324,0.7777777777777778,2,0,0.055239256
2022-06-30,19942.21,-0.0090253455381876,0.0380803668216314,0.0373689677524624,1553.0800000000015,1361.9721428571434,0.0080664728861638,0.0323747657804886,-0.014011974878329,0.7103174603174603,2,0,0.0422219
2022-07-01,19279.8,-0.0337806752051044,0.0362166839176359,0.0382955435339165,1943.3499999999983,1420.8707142857147,0.0083475662306966,0.0325339782928637,-0.0157130669936252,0.6309523809523809,2,0,0.040297937
2022-07-02,19252.81,-0.0014008915780152,0.0360167855138904,0.0322622334921897,490.380000000001,1229.4650000000004,0.0086446316413932,0.0204173702222892,-0.0128525969604737,0.623015873015873,2,0,0.039256137
2022-07-03,19315.83,0.0032679428719752,0.0342216239033804,0.022687119845088,866.630000000001,1087.4000000000003,0.0086352742417042,0.0204173702222892,-0.0119423271221031,0.5357142857142857,2,0,0.0385873
2022-07-04,20236.71,0.046573314820991,0.0325981691001936,0.0264940762620408,1298.699999999997,1076.3807142857145,0.0080726097173375,0.0216558913247654,-0.0114401634681685,0.4285714285714285,1,0,0.037423324
2022-07-05,20175.83,-0.0030129284649955,0.0344055384442306,0.026384724597749,1445.5999999999983,1081.452142857143,0.0073875296352845,0.0204420556981478,-0.0074008778964069,0.5396825396825397,2,0,0.026444253
2022-07-06,20564.51,0.0190814211736078,0.0327631908196948,0.0249640554205726,913.9700000000012,1066.0578571428573,0.0069296443244519,0.017517726188106,-0.0073876160202553,0.4404761904761904,1,0,0.03713457
2022-07-07,21624.98,0.0502823534538485,0.031830054043504,0.0242784311321302,1586.4199999999985,1083.45,0.0064601230374599,0.017517726188106,-0.0062503127781273,0.373015873015873,1,0,0.026423167
2022-07-08,21594.75,-0.0013988983702493,0.0343021470798654,0.0242582727534667,1338.1100000000006,1120.337142857143,0.0054279308661994,0.0165224519402537,-0.0019145368377705,0.5436507936507936,2,0,0.025577556
2022-07-09,21591.83,-0.0001352271934678,0.032658171931576,0.0240632992134638,657.880000000001,1116.7657142857145,0.0045858396393505,0.0156746325298419,-0.0033586135823144,0.4404761904761904,1,0,0.03700797
2022-07-10,20862.47,-0.034363151398205,0.0311592317194527,0.025192834806741,952.6500000000016,1118.864285714286,0.0039375328778902,0.0178428568696455,-0.0030623921839276,0.3134920634920635,1,0,0.026349302
2022-07-11,19963.61,-0.0440407347468472,0.0317121135947984,0.027582981259599,993.25,1116.2500000000002,0.0032565328193635,0.0221881763410838,-0.0008860555053952,0.3492063492063492,1,0,0.025029402
2022-07-12,19328.75,-0.0323174914457506,0.0333383587388907,0.0282416759885711,819.4199999999983,1102.6307142857145,0.002581922006983,0.0233705454203245,-0.0010671797053399,0.4761904761904761,1,0,0.025446054
2022-07-13,20234.87,0.0458137289877029,0.0333758408241111,0.03109453411041,1455.670000000002,1165.365,0.0019470484880158,0.0244958932204141,0.0006126500044163,0.4761904761904761,1,0,0.026629623
2022-07-14,20588.84,0.0173418276292753,0.0349462309718137,0.0312779758553734,1283.9300000000003,1146.14,0.0015526665545388,0.0257851270112969,0.0031161769283096,0.5634920634920635,2,0,0.026711117
2022-07-15,20830.04,0.0116469941538035,0.033690093605141,0.02955838704343,817.7099999999991,1065.7371428571428,0.0013512457486179,0.0244302160173975,-0.0006120534747244,0.5079365079365079,1,0,0.03759059
2022-07-16,21195.6,0.0173974373889755,0.0323078187267616,0.0296464478045012,1110.329999999998,1110.0192857142854,0.0011364697231124,0.0263814508237119,-0.0003503532048143,0.4007936507936508,1,0,0.027189028
2022-07-17,20798.16,-0.0189290917114028,0.0313262031881256,0.0304367458636681,934.5300000000024,1114.8692857142855,0.0011780690903933,0.0254507821895019,0.0001669714686729,0.2976190476190476,1,0,0.026025277
2022-07-18,22432.58,0.0756498451821769,0.0305402576975109,0.0342271244442909,2015.1800000000003,1166.0464285714286,0.0013347965064217,0.0254507821895019,-0.0011718558972874,0.242063492063492,1,0,0.025061216
2022-07-19,23396.62,0.0420772010480732,0.0377538086287389,0.0352813594629923,2220.459999999999,1221.3935714285717,0.0018548815594385,0.0274624545530411,0.0044154498898482,0.6944444444444444,2,0,0.024568569
2022-07-20,23223.3,-0.0074354824512425,0.0381910508830629,0.0355008913524679,1370.550000000003,1254.0064285714288,0.0023162308700181,0.0255801397844663,0.0048152100589517,0.7142857142857143,2,0,0.039303537
2022-07-21,23152.19,-0.0030667085449955,0.0362816804799201,0.0334991800761228,1101.3100000000013,1219.3557142857148,0.0023933545928614,0.0239525822226169,0.0013354495081063,0.6388888888888888,2,0,0.039945837
2022-07-22,22684.83,-0.0203929573407481,0.0344741955219463,0.0341510757475521,1256.4900000000016,1213.525714285715,0.002397208589231,0.0250093116496163,0.0007841019168053,0.5357142857142857,2,0,0.03888024
2022-07-23,22451.07,-0.0103581446266982,0.0334377384644479,0.0343439342380764,1066.2000000000007,1242.691428571429,0.0023802212082478,0.0252759723532419,0.0011299197376863,0.4642857142857143,1,0,0.037599947
2022-07-24,22579.68,0.0057121122651899,0.0320355564580953,0.0326369915175409,757.489999999998,1228.751428571429,0.0023174743833414,0.0236950026473301,0.0007093532699696,0.365079365079365,1,0,0.026915755
2022-07-25,21310.9,-0.0578317078758043,0.0306466543028519,0.034412008148344,1416.0,1258.9478571428574,0.0024075886315883,0.0276071734259389,0.0001063966053409,0.2341269841269841,1,0,0.02570143
2022-07-26,21254.67,-0.0026420429802271,0.0345526748564864,0.0328366800014994,641.3199999999997,1246.2264285714289,0.0024139115297957,0.0247780211067109,-0.0032011337722525,0.5436507936507936,2,0,0.024648037
2022-07-27,22952.45,0.0768480486898255,0.032894022066191,0.0365155850368277,2070.100000000002,1290.114285714286,0.0024242312671371,0.0247780211067109,-0.0052970288168718,0.4246031746031746,1,0,0.037245926
2022-07-28,23842.93,0.038063052708388,0.0396617099469345,0.0372913660593866,1617.59,1313.9471428571433,0.0028814978536384,0.0247780211067109,0.0033800294670143,0.746031746031746,2,0,0.026473861
2022-07-29,23773.75,-0.0029057065160618,0.0394281123386493,0.0374588229237129,1028.630000000001,1329.0128571428577,0.0032043941087403,0.0232004726247919,0.0049539168167029,0.7380952380952381,2,0,0.039991762
2022-07-30,23643.51,-0.0054933721401191,0.0373491790455816,0.0375842294452073,1165.75,1332.9714285714292,0.0032177375274721,0.0219501267462288,0.0039114405811336,0.6706349206349206,2,0,0.040259596
2022-07-31,23293.32,-0.0149220344858775,0.035478242856815,0.0373796645098284,967.5099999999984,1335.3271428571431,0.0030501817474934,0.0216040870046969,0.0034426863987197,0.5753968253968254,2,0,0.039335232
2022-08-01,23268.01,-0.001087168364517,0.0340548274574014,0.0319420729840555,659.6800000000003,1238.5057142857147,0.0027693452345142,0.0204983197184828,0.0034081731545494,0.5,2,0,0.038089167
2022-08-02,22987.79,-0.0121162504204264,0.0324317374006303,0.0300172570242557,805.5200000000004,1137.438571428572,0.0027933122941222,0.0198828721106701,-0.002120937455856,0.3928571428571428,1,0,0.037018742
2022-08-03,22818.37,-0.0073972920914346,0.0311889313667385,0.0300166542918842,966.4599999999992,1108.5750000000005,0.0028174005319374,0.0198815770548451,-0.0017050906994524,0.2817460317460317,1,0,0.026011612
2022-08-04,22622.98,-0.0085997094791796,0.0299165407430201,0.0300786836828539,823.3199999999997,1088.7185714285715,0.0030250585864588,0.0200286124193535,-0.0097451692039144,0.1944444444444444,1,0,0.024789985
2022-08-05,23312.42,0.0300200619305783,0.0288008706533397,0.0306741952002685,885.9099999999999,1062.2485714285715,0.0033365817293338,0.0199918127261885,-0.0106272416853095,0.1309523809523809,1,0,0.023958322
2022-08-06,22954.21,-0.0154849038138831,0.029242939762891,0.0308624515099997,444.84000000000015,1017.8657142857144,0.003544354716966,0.0203204745190843,-0.0081062392826905,0.1626984126984127,1,0,0.023411687
2022-08-07,23174.39,0.0095464276895302,0.0284861906806262,0.0309188736826612,557.380000000001,1003.572142857143,0.0037696907797345,0.0203204745190843,-0.0069920521761888,0.119047619047619,1,0,0.023679879
2022-08-08,23810.0,0.0270578708603661,0.0275455603415257,0.0262902666450984,1090.75,980.34,0.0040115979898867,0.0093375610125937,-0.0065092671158756,0.0634920634920634,1,0,0.023340132
2022-08-09,23149.95,-0.0281130397960751,0.0278738774710586,0.0279089499545352,1068.25,1010.8350000000002,0.0041967394323748,0.0131996339445941,-0.0045578599295717,0.0912698412698412,1,0,0.022615816
2022-08-10,23954.05,0.0341447911544978,0.0282583780542845,0.0210802311668872,1561.3100000000013,974.4928571428572,0.004339767880285,0.0131996339445941,-0.0029305533124539,0.1111111111111111,1,0,0.022944015
2022-08-11,23934.39,-0.0008210750278987,0.0292350843581464,0.0185182523611227,1066.41,935.1228571428572,0.0038086126388113,0.0125249638348498,-0.0006814563848736,0.1785714285714285,1,0,0.023113381
2022-08-12,24403.68,0.019417603769849,0.0280575720161236,0.0191729563867707,873.5,924.0421428571428,0.003107749658821,0.0131668947671612,-0.0007432986372161,0.1031746031746031,1,0,0.023633685
2022-08-13,24441.38,0.0015436569219566,0.0276810965117989,0.0190570150585722,596.7799999999988,883.4014285714285,0.0024989902053569,0.0138298902870542,-0.001561843251092,0.0793650793650793,1,0,0.023033481
2022-08-14,24305.24,-0.0055856325610168,0.0266588465432389,0.0185622592588534,903.5600000000012,878.8335714285715,0.0020489806133067,0.0129357020524816,-0.0018273441373872,0.0436507936507936,0,0,0.022819709
2022-08-15,24094.82,-0.0086950853252414,0.0257952192826619,0.0188021148966957,1438.0999999999983,934.435,0.0017203462128577,0.0132904179509385,-0.0017503410588638,0.0317460317460317,0,0,0.017117228
2022-08-16,23854.74,-0.0100139399087293,0.0251104402922953,0.0186844790419865,576.2700000000004,918.06,0.0015920269444407,0.0130697988829696,-0.0027634371787633,0.0119047619047619,0,0,0.017006468
2022-08-17,23342.66,-0.0217003519236236,0.0245512389401683,0.0196422654887804,1266.3099999999977,939.477857142857,0.0016000592174365,0.0149279205101268,-0.0037071391141162,0.0039682539682539,0,0,0.016900193
2022-08-18,23191.2,-0.0065096914314182,0.0248118609868811,0.0195663922508087,488.9599999999991,915.595,0.0016272215455114,0.0147951156021983,-0.0044232233712653,0.0119047619047619,0,0,0.016886588
2022-08-19,20834.39,-0.1071679095830404,0.0241674194973211,0.0336298507457943,2425.0999999999985,1025.5371428571427,0.0017626223519103,0.0383494522774996,-0.0038901525188024,0.0039682539682539,0,0,0.016914364
2022-08-20,21140.07,0.0145653049068563,0.0411999177636752,0.0340733079706202,620.9499999999971,1038.116428571428,0.0041849475213783,0.0403056171081228,0.0135188212518763,0.8174603174603174,2,0,0.017251816
2022-08-21,21515.61,0.0176084265060971,0.0392321113066458,0.0344204498787327,730.8899999999994,1050.5099999999995,0.005183524907618,0.0403056171081228,0.0125732647634068,0.753968253968254,2,0,0.04132184
2022-08-22,21399.83,-0.0053957401299662,0.037572056185615,0.0331423523280157,658.5299999999988,1019.6371428571422,0.0056962766318496,0.0380430402092783,0.0117768369029531,0.7023809523809523,2,0,0.041237827
2022-08-23,21529.12,0.0060234592697359,0.035680258855643,0.0327725887156978,794.7299999999996,1000.0999999999992,0.0059234457088453,0.0391074052589583,0.0105698185633477,0.626984126984127,2,0,0.04046699
2022-08-24,21368.08,-0.0075082176239664,0.0339649311860751,0.0307561305337251,755.0,942.5064285714278,0.0060007446006103,0.0369556588669239,0.0094136922459067,0.5515873015873016,1,0,0.039509606
2022-08-25,21559.04,0.0088969984309876,0.0324348103775175,0.0310428349496059,509.7299999999995,902.7435714285706,0.0060193823541516,0.0391963205167185,0.0076229493906363,0.4563492063492063,1,0,0.028260972
2022-08-26,20241.05,-0.0630824976037445,0.0310834103502221,0.033295746466218,1778.869999999999,967.4128571428564,0.0059793555515381,0.0425182494678867,0.006915990852901,0.3333333333333333,1,0,0.027103465
2022-08-27,20037.6,-0.0101022119782676,0.0357849552566816,0.0330392835794212,602.9300000000003,967.852142857142,0.0060553272012528,0.0404626599807463,-0.0054149625069936,0.6468253968253969,2,0,0.026044916
2022-08-28,19555.61,-0.0243483067767975,0.0341564389107833,0.033043929806532,651.1800000000003,949.8249999999992,0.0059448611473987,0.0411508314362726,-0.0050756723958624,0.5714285714285714,2,0,0.03917631
2022-08-29,20285.73,0.0366554814045692,0.0334187429805145,0.0358677949033875,882.8299999999981,910.1628571428564,0.005693948881082,0.0432798448987671,-0.0041533132051005,0.5119047619047619,1,0,0.038626906
2022-08-30,19811.66,-0.0236470299311744,0.033888478036895,0.0359860782297732,1036.25,943.0185714285706,0.0053030377348869,0.0438649541233878,-0.0017917808187479,0.5555555555555556,1,0,0.027893256
2022-08-31,20050.02,0.0119594979959547,0.0331307178244175,0.036499921326414,692.0600000000013,902.0007142857136,0.0047152125295693,0.0458888637479361,-0.0008342133616576,0.492063492063492,1,0,0.028118532
2022-09-01,20131.46,0.0040536143276472,0.031813762228791,0.0367053911036246,642.7099999999991,912.9828571428563,0.0040322087130943,0.0489955193958457,-0.0006210481487264,0.3888888888888889,1,0,0.027540606
2022-09-02,19951.86,-0.0089613935133172,0.0304190993956084,0.0238685311204941,685.9699999999975,788.759285714285,0.003080335414673,0.0277727311671581,-0.0006643109546136,0.2817460317460317,1,0,0.026622485
2022-09-03,19831.9,-0.0060306197082571,0.0292646468933742,0.0233250601281634,403.2099999999991,773.206428571428,0.0027319257646458,0.0260663589456033,-0.0065203083633074,0.2182539682539682,1,0,0.024928864
2022-09-04,20000.3,0.0084555210771046,0.0281475679510994,0.0227776710424454,446.130000000001,752.8664285714282,0.0026098010919862,0.0260663589456033,-0.0060088709596839,0.1388888888888889,1,0,0.024232876
2022-09-05,19796.84,-0.0102249444373896,0.0272060448203377,0.0228171260853629,423.4399999999987,736.0742857142852,0.0026558827913622,0.0262466093682733,-0.0062126981601767,0.0833333333333333,1,0,0.023558792
2022-09-06,18790.61,-0.0521650520290393,0.0264247443518594,0.0256663632774857,1530.4900000000016,788.6285714285711,0.0028593134696393,0.0302439501385322,-0.0074637336850356,0.0634920634920634,0,0,0.023099061
2022-09-07,19292.84,0.0263767656480595,0.0303774438295138,0.0274279898489049,953.2900000000008,802.7921428571426,0.0027820802448252,0.0319685301271997,-0.0027532739949036,0.2896825396825397,1,0,0.017446678
2022-09-08,19319.77,0.0013948813284816,0.0302585014075159,0.0271592265422422,446.25,798.2578571428569,0.0027717866356069,0.0319685301271997,-0.0015552608212751,0.2896825396825397,1,0,0.024906691
2022-09-09,21360.11,0.1003962399398634,0.0289854565166915,0.0354545412864447,2305.470000000001,835.8721428571428,0.0028287727860982,0.0244846711347061,-0.0014336428789169,0.2023809523809523,1,0,0.025066178
2022-09-10,21648.34,0.013403613252505,0.0421829309069718,0.0352995465266545,699.6699999999983,842.7821428571426,0.0039606224162309,0.0261229119011425,0.0129182840135975,0.8452380952380952,2,0,0.024122115
2022-09-11,21826.87,0.008213002469084,0.0400874400491673,0.0342367110205695,510.0,832.697857142857,0.0045507626931561,0.0264635565042648,0.0119398720980678,0.7896825396825397,2,0,0.041191887
2022-09-12,22395.74,0.0257289825902695,0.0380303821584929,0.0336490068436939,949.4900000000016,837.4592857142858,0.0048328505984585,0.0264635565042648,0.0108243373381552,0.7222222222222222,2,0,0.04098357
2022-09-13,20173.57,-0.1044974303611407,0.0369624529929652,0.0445108931144616,2939.0,973.37,0.0049849369707443,0.0526538318487604,0.0105377086411058,0.6825396825396826,2,1,0.040103745
2022-09-14,20226.71,0.0026306763540286,0.0481600522435704,0.0444086398132251,923.8600000000006,989.9271428571428,0.0065363994527655,0.0526538318487604,0.0177826084140566,0.9246031746031746,2,1,0.05355042
2022-09-15,19701.88,-0.0262899455334846,0.0453660287301643,0.0449655000553193,833.2400000000016,1003.5364285714288,0.0072407745418475,0.0492498583381063,0.0151075273226484,0.8849206349206349,2,0,0.05678087
2022-09-16,19803.3,0.0051345278170789,0.0435852268898649,0.0449443671637619,569.9900000000016,995.2521428571432,0.0075304531499467,0.0538014585382975,0.0145997703731734,0.8650793650793651,2,1,0.04390764
2022-09-17,20113.62,0.0155486070502064,0.041182811016612,0.0451110755243009,440.91999999999825,997.9457142857146,0.0074617391026742,0.0600762355889895,-0.0010001198903597,0.7976190476190477,2,0,0.055896174
2022-09-18,19416.18,-0.0352904584441144,0.0392541511686717,0.0460605760698989,781.6399999999994,1021.9107142857146,0.0071211166949962,0.0560036298598062,-0.0008332888804955,0.7380952380952381,2,0,0.04295988
2022-09-19,19537.02,0.0062043882216968,0.0388124737541557,0.046047407976423,1453.6399999999994,1095.4964285714289,0.0065449322305227,0.0624048942363962,0.0007820915956628,0.7222222222222222,2,0,0.04163399
2022-09-20,18875.0,-0.0344728321725096,0.0368264115841057,0.0447582783551015,922.75,1052.0864285714288,0.0056839483448039,0.059255098522036,-0.0001360414088595,0.6507936507936508,2,0,0.04168811
2022-09-21,18461.36,-0.0221583959680238,0.0366134082310291,0.0444634802615588,1830.0200000000004,1114.7100000000005,0.0052171710624258,0.0539178288051374,-0.0115466440125413,0.6388888888888888,2,0,0.040571567
2022-09-22,19401.63,0.0496771839912391,0.035460567279678,0.0466610034988874,1193.7799999999988,1168.105,0.0047051321811258,0.0539178288051374,-0.0099054614504862,0.5833333333333334,2,0,0.040034454
2022-09-23,19289.91,-0.0057749218814109,0.0371815752169275,0.0367079422791217,968.5800000000016,1072.6128571428574,0.0037165274980801,0.0492764498146882,-0.0064036516729374,0.6706349206349206,2,0,0.03934207
2022-09-24,18920.5,-0.0193361709410382,0.035329717287565,0.0363297053052195,510.7999999999993,1059.122142857143,0.0038527430397617,0.0462028115172628,-0.005853093729047,0.5753968253968254,2,0,0.040194105
2022-09-25,18807.38,-0.0059966443373085,0.0341421500299941,0.035990064844261,551.0099999999984,1062.0514285714287,0.0041013955543243,0.0432707439963859,-0.0051120011386776,0.5079365079365079,2,0,0.03889812
2022-09-26,19227.82,0.022108842641316,0.0325645379862949,0.0357206949486578,638.239999999998,1039.8192857142856,0.0044525565634638,0.0432707439963859,-0.0062479357678608,0.4047619047619047,1,0,0.03792126
2022-09-27,19079.13,-0.0077631211435953,0.0318485414336358,0.0234805037617454,1569.5400000000009,942.000714285714,0.0048000154602595,0.0226919902879156,-0.0049778701504698,0.3492063492063492,1,0,0.026836958
2022-09-28,19412.82,0.0173386050667581,0.0305223149720486,0.0241195665642871,1318.7200000000012,970.205,0.0043046900114066,0.0226919902879156,-0.0060910932589804,0.2539682539682539,1,0,0.025448363
2022-09-29,19591.51,0.0091626365658328,0.0297294275960469,0.0233268046236822,802.510000000002,968.01,0.0039984807504832,0.022130296459383,-0.0057311396836311,0.2023809523809523,1,0,0.024571206
2022-09-30,19422.61,-0.0086584577678969,0.0286497513524421,0.0233662555731747,1029.6399999999994,1000.8421428571428,0.0037864045402685,0.0209261171762098,-0.0085318238644853,0.1349206349206349,1,0,0.024094578
2022-10-01,19310.95,-0.0057655588235903,0.0276631653686323,0.0228669971217121,324.58000000000175,992.532142857143,0.0037753270323906,0.019822716231435,-0.0076665519189327,0.0833333333333333,1,0,0.02347773
2022-10-02,19056.8,-0.0132482992774978,0.0267003721515631,0.0211611563601913,475.5600000000013,970.669285714286,0.003894747310943,0.0165548303984009,-0.007441777878431,0.0515873015873015,0,0,0.023026522
2022-10-03,19629.08,0.0295881468899583,0.0261094309297959,0.0226709679674064,759.4199999999983,921.0821428571428,0.0039168982127047,0.0165548303984009,-0.0064551070564989,0.0396825396825396,0,0,0.01722705
2022-10-04,20337.82,0.035470066752179,0.0269150043211629,0.0221098563574819,984.4000000000016,925.4857142857144,0.0038917322109786,0.0126401420466918,-0.0049335371124729,0.0674603174603174,1,0,0.017101955
2022-10-05,20158.26,-0.0088680769475324,0.0282773800121967,0.0211010502653721,635.5999999999985,840.1700000000001,0.003661626895358,0.0104033276200213,-0.0022449349598519,0.1309523809523809,1,0,0.022601571
2022-10-06,19960.67,-0.0098502925002552,0.0273355719152393,0.0173475543857071,603.5999999999985,798.0142857142857,0.0035053861627467,0.0103433396009035,-0.0023938556808075,0.0833333333333333,1,0,0.023136567
2022-10-07,19530.09,-0.0218074842813216,0.0265262873964365,0.0183996397468023,748.8199999999997,782.3171428571428,0.0029954040973834,0.0124947932037498,-0.0021234639560056,0.0515873015873015,0,0,0.022751551
2022-10-08,19417.96,-0.005757942171451,0.0265250712541998,0.0175919607572686,390.2400000000016,773.7057142857144,0.002558632877956,0.0108747674622852,-0.0011380941144324,0.0515873015873015,0,0,0.017140802
2022-10-09,19439.02,0.0010839752375062,0.0256791384103483,0.0174501155849478,241.95999999999913,751.6307142857144,0.0021761775037494,0.011337908553393,-0.0010212337412147,0.0277777777777777,0,0,0.017053258
2022-10-10,19131.87,-0.0159268553425899,0.0248582439474973,0.0170961144470944,504.75,742.0957142857145,0.0019555003700841,0.0119352423241452,-0.0012511869822985,0.0158730158730158,0,0,0.016939145
2022-10-11,19060.0,-0.0037636326703101,0.0246399281784175,0.0169959662444438,408.09000000000015,659.1350000000002,0.0017024793477534,0.0117186886117455,-0.0022750761427453,0.0119047619047619,0,0,0.016882535
2022-10-12,19155.53,0.0049995485596987,0.0239557556408181,0.0163305802747153,272.4300000000003,584.4000000000002,0.00160431006044,0.0117186886117455,-0.0043216243713786,0.0039682539682539,0,0,0.016843166
2022-10-13,19375.13,0.0113988381085654,0.0233693082334629,0.0164476483368061,1323.7900000000009,621.6342857142857,0.0015755903359059,0.0117186886117455,-0.0039662636817764,0.0039682539682539,0,0,0.01679347
2022-10-14,19176.93,-0.0102822908155797,0.0230763390723692,0.0165129755531235,881.5,611.0528571428573,0.001620339247836,0.0118636025000334,-0.0034499483240673,0.0039682539682539,0,0,0.01678678
2022-10-15,19069.39,-0.0056235623928095,0.0227662819488315,0.0165098065823266,252.5,605.9042857142857,0.0017198443006918,0.011856026896556,-0.0037587893053683,0.0039682539682539,0,0,0.016789746
2022-10-16,19262.98,0.0101006875336739,0.0223291211799956,0.0163448682361865,362.09999999999854,597.7999999999998,0.001871546759622,0.0116703198874355,-0.0033500172303527,0.0039682539682539,0,0,0.016787212
2022-10-17,19549.86,0.01478300606081,0.0221022966991919,0.0147366460381987,524.9300000000003,581.0507142857142,0.0020173566060194,0.0116703198874355,-0.0027559472483054,0.0039682539682539,0,0,0.016785275
2022-10-18,19327.44,-0.0114422774576841,0.0221672514080516,0.0107835127135527,615.6599999999999,554.7121428571427,0.0020482332368102,0.011645202367495,-0.0024726767703659,0.0079365079365079,0,0,0.016789716
2022-10-19,19123.97,-0.0105833257695788,0.0220260419233333,0.0108569780170881,294.1899999999987,530.3257142857141,0.0018426949075996,0.0118032982171034,-0.0019297137174848,0.0039682539682539,0,0,0.016813379
2022-10-20,19041.92,-0.0042996574378424,0.0218597462958146,0.010718013522683,447.8199999999997,519.1985714285713,0.0016759829939486,0.0114276440215971,-0.0015095619376482,0.0039682539682539,0,0,0.01680502
2022-10-21,19164.37,0.00640996125321,0.0214987497929682,0.0095755349082342,600.0,508.5685714285714,0.0015597374354536,0.009352493385984,-0.0015775892794009,0.0039682539682539,0,0,0.016802382
2022-10-22,19204.35,0.0020839900038094,0.0212338244210357,0.009527107134324,144.27999999999884,490.9999999999997,0.0013583968606688,0.0097585066350868,-0.0015324575277957,0.0039682539682539,0,0,0.016772877
2022-10-23,19570.4,0.0188814047749072,0.0209139741296614,0.0108867829536501,624.8899999999994,518.3521428571427,0.0012166097106652,0.0097585066350868,-0.0014151470503341,0.0039682539682539,0,0,0.016784977
2022-10-24,19329.72,-0.0123744127879881,0.0214665200262029,0.0105098054302999,444.15000000000146,514.0235714285712,0.0010668975135559,0.0089925408214091,-0.0006357766729889,0.0119047619047619,0,0,0.016764116
2022-10-25,20080.07,0.0380839730139808,0.0214672732528113,0.0143729426070678,1178.869999999999,569.0792857142854,0.0008701421367937,0.0095907559842446,-0.0006999781552402,0.0158730158730158,0,0,0.016795319
2022-10-26,20771.59,0.0338584068050522,0.0242940226629877,0.0164843213182887,969.59,618.8764285714284,0.0009267154495773,0.0095907559842446,0.0022679807396544,0.0634920634920634,0,0,0.01679976
2022-10-27,20295.11,-0.0232062173479086,0.0259243876548903,0.0180937506517208,672.2099999999991,572.3349999999997,0.0013383561517796,0.0124809805343646,0.0040646413590756,0.1031746031746031,0,0,0.017041381
2022-10-28,20591.84,0.0145149104854418,0.0261242780483241,0.0178728235716442,749.9099999999999,562.935714285714,0.0016696676812186,0.0128107937646226,0.0046255282553559,0.119047619047619,0,0,0.017299753
2022-10-29,20809.67,0.0105229017033003,0.0256674248521117,0.0176482169887266,530.9900000000016,582.8278571428569,0.0018629028392031,0.0138063330924061,0.0044336004310759,0.0952380952380952,0,0,0.017391812
2022-10-30,20627.48,-0.0087936151026681,0.0250665649766681,0.0180480287476344,416.2099999999991,586.692857142857,0.0019522086297413,0.01310471819528,0.0041525908470066,0.0833333333333333,0,0,0.017293077
2022-10-31,20490.74,-0.0066510906396395,0.0244656090734133,0.018053239089737,607.9699999999975,592.6242857142853,0.0019719394038499,0.0123903121173815,0.0029990890472103,0.0674603174603174,0,0,0.017221313
2022-11-01,20483.62,-0.0003475344128212,0.0238632083129445,0.017591200389912,369.2599999999984,575.0242857142852,0.0019586136322357,0.0116117791630025,0.0023959350601331,0.0555555555555555,0,0,0.017127138
2022-11-02,20151.84,-0.0163299430037913,0.0232337430469288,0.0180231739760784,751.9599999999991,607.7221428571423,0.0019256181617919,0.0125270801607353,-0.0010602796160589,0.0515873015873015,0,0,0.017055344
2022-11-03,20207.82,0.0027740588448494,0.0232523083522257,0.0178790428327442,362.0799999999981,601.5978571428566,0.0018773665146452,0.0134164520110673,-0.0026720793026645,0.0555555555555555,0,0,0.017025393
2022-11-04,21148.52,0.0455002684794454,0.022706842503129,0.0210197044731472,1121.09,638.8185714285709,0.001806602348818,0.0134164520110673,-0.003417435545195,0.0436507936507936,0,0,0.01704852
2022-11-05,21299.37,0.0071075681286796,0.0264477635342854,0.0209714722190163,400.0,657.0842857142852,0.0018299860122147,0.0134164520110673,0.0007803386821737,0.1587301587301587,0,0,0.01698659
2022-11-06,20905.58,-0.0186613858307964,0.0256436679210757,0.0217747447896074,479.1399999999994,646.6735714285709,0.0016609221495129,0.0142841291975069,0.0005771029444076,0.119047619047619,0,0,0.01756629
2022-11-07,20591.13,-0.0151557084383835,0.0255138029116609,0.0219545917876934,684.880000000001,663.8685714285709,0.0014798789130455,0.0146620201051134,0.0010481938382476,0.115079365079365,0,0,0.017388966
2022-11-08,18547.23,-0.1045399487863569,0.0251669209795097,0.0346180514478391,3534.0499999999993,832.0957142857138,0.0011892350031916,0.0394230654680628,0.0013037126665652,0.1111111111111111,0,0,0.01737393
2022-11-09,15922.81,-0.1525677793793303,0.0410454733845351,0.0504690140400524,2999.7599999999984,977.1078571428563,0.0044858174469677,0.0629906095575923,0.0178117303376063,0.8134920634920635,2,1,0.017770033
2022-11-10,17601.15,0.1002115684402706,0.0618670622326897,0.0596240477902848,2444.74,1103.7171428571423,0.0105798445483735,0.0663059419550154,0.038614753880464,0.996031746031746,2,1,0.0549058
2022-11-11,17070.31,-0.0306235436615995,0.0660790245424699,0.0594064163402794,1333.3999999999996,1145.3949999999993,0.0145220396265747,0.0633417756958487,0.0433721820393409,1.0,2,1,0.05858099
2022-11-12,16812.08,-0.0152430215195948,0.0626588470524109,0.0590061469265205,487.7099999999991,1142.3035714285706,0.016608296288524,0.060284305287343,0.0362110835181255,0.992063492063492,2,1,0.058861446
2022-11-13,16329.85,-0.0291029542452623,0.0589402878109263,0.0590851466120448,725.2799999999988,1164.3799999999992,0.0176313150015475,0.0609193146046503,0.0332966198898505,0.9682539682539684,2,1,0.058628734
2022-11-14,16619.46,0.0175795765326132,0.0560633137159413,0.059752882162149,1374.7900000000009,1219.1528571428566,0.0179921455138821,0.0641763126189674,0.0305495108042804,0.9523809523809524,2,1,0.058363583
2022-11-15,16900.57,0.0167730512461794,0.0529389639034307,0.0602480225481301,606.9699999999975,1236.1321428571423,0.0178190110436155,0.0680691478683064,0.0277720429239209,0.9444444444444444,2,0,0.05826303
2022-11-16,16662.76,-0.0141710598868449,0.0500442622057214,0.0602436302011441,637.3099999999977,1227.9428571428564,0.0172133481770476,0.0680086603234731,0.0089987888211863,0.9206349206349206,2,0,0.046321448
2022-11-17,16692.56,0.0017868218879986,0.0473061964656099,0.0602235892909996,340.2599999999984,1226.384285714285,0.0162944409403837,0.0680086603234731,-0.0145608657670798,0.9007936507936508,2,0,0.045346584
2022-11-18,16700.45,0.000472553995392,0.0445759297384372,0.0579822773133893,464.9599999999991,1179.5178571428564,0.0150494613558379,0.0680086603234731,-0.0215030948040327,0.8849206349206349,2,0,0.044673424
2022-11-19,16700.68,1.377198915086808e-05,0.0420614168369681,0.0577873210620234,268.880000000001,1170.152142857142,0.0140315049012025,0.0680086603234731,-0.0205974302154427,0.8452380952380952,2,0,0.044234287
2022-11-20,16280.23,-0.025497948917879,0.0397519144718725,0.0578279135761489,573.3300000000017,1176.8799999999994,0.0128238521173348,0.0682855412128377,-0.0191883733390538,0.7857142857142857,2,0,0.04364192
2022-11-21,15781.29,-0.0311264271128397,0.038485955080928,0.0579278653068606,843.0,1188.1742857142851,0.0114589649606484,0.0689587558584685,-0.0175773586350133,0.7619047619047619,2,0,0.042823996
2022-11-22,16226.94,0.0278477628835425,0.0377762685386461,0.0535290673255595,698.3700000000008,985.6257142857138,0.0098129691845538,0.0622367360328158,-0.0151626953647845,0.7301587301587301,2,0,0.042477425
2022-11-23,16603.11,0.0229172032029527,0.0368894832272326,0.0346951264577531,545.7999999999993,810.3428571428567,0.0101604610810024,0.0252881786591705,-0.0131547789784887,0.7023809523809523,2,0,0.041651543
2022-11-24,16598.95,-0.0002505868624886,0.0357555549875985,0.0205426633835695,354.58000000000175,661.045714285714,0.0101466822491156,0.023412495665973,-0.0115506414780114,0.6587301587301587,2,0,0.03969876
2022-11-25,16522.14,-0.0046381406950626,0.0339804417863165,0.019093131397853,323.1900000000005,588.8878571428569,0.0092912887392884,0.0204266128787134,-0.0105954879521207,0.5873015873015873,1,0,0.038971838
2022-11-26,16458.57,-0.0038549854582061,0.0323953003471705,0.0187400584827768,316.9900000000016,576.6935714285713,0.0084813864235122,0.0196513787364867,-0.0096661164897976,0.5,1,0,0.027851056
2022-11-27,16428.78,-0.0018116393171023,0.0309442602341689,0.0169873713168421,199.0,539.1021428571429,0.0077967607511381,0.016298715527512,-0.0088076542377035,0.4047619047619047,1,0,0.026708227
2022-11-28,16212.91,-0.0132268364279646,0.0296089122217847,0.0165857236918342,491.7700000000005,476.0292857142857,0.0071355462935093,0.0159471239445372,-0.0088770428591433,0.3452380952380952,1,0,0.025694262
2022-11-29,16442.53,0.0140634322802117,0.0286997931883567,0.0163670744379166,448.7099999999991,464.7250000000001,0.0065298139822639,0.0159471239445372,-0.0090764753502894,0.2936507936507936,1,0,0.025143784
2022-11-30,17163.64,0.0429219220456449,0.0279281746017898,0.019836246257378,820.7000000000007,477.824285714286,0.0059741337000723,0.0161849452027093,-0.0089613086254428,0.242063492063492,1,0,0.024671387
2022-12-01,16977.37,-0.0109119119942651,0.0301004174321019,0.0201404367345826,468.9900000000016,487.01928571428624,0.0052264942877931,0.0156234478504006,-0.0056551375554965,0.376984126984127,1,0,0.024201792
2022-12-02,17092.74,0.0067725311702471,0.0290440739887686,0.0201930416202598,317.880000000001,476.5135714285721,0.0046354251019674,0.0156234478504006,-0.0049363677975479,0.3214285714285714,1,0,0.025348675
2022-12-03,16885.2,-0.0122163133533224,0.0279656730156914,0.020531375586935,330.23999999999796,480.89642857142906,0.00421878899007,0.0152824347021164,-0.0044296273314791,0.246031746031746,1,0,0.02487966
2022-12-04,17105.7,0.0129742426986609,0.0271857996853241,0.0192794405527932,324.59000000000015,463.1292857142861,0.0039566300674697,0.013471404412687,-0.0037584605488448,0.2063492063492063,1,0,0.024205115
2022-12-05,16966.35,-0.0081797706316937,0.0265267921230919,0.0169396370706524,557.25,442.7185714285718,0.0037113987439651,0.0082906881317045,-0.0030821200986927,0.1825396825396825,0,0,0.023827177
2022-12-06,17088.96,0.0072006703080003,0.0257461147757303,0.015664361422021,200.63999999999945,407.1664285714288,0.0034170699432099,0.0082906881317045,-0.0029536784126263,0.1388888888888889,0,0,0.017772835
2022-12-07,16836.64,-0.0148751770092268,0.0250194155128492,0.015350618488965,463.3799999999974,401.27928571428583,0.0030855535879195,0.0092565590477079,-0.0029087590889405,0.1031746031746031,0,0,0.01755042
2022-12-08,17224.1,0.0227521019316938,0.0247157468279538,0.0164017864211982,565.5099999999984,416.34571428571417,0.0027105082647854,0.0098176637677814,-0.0053846706041481,0.0952380952380952,0,0,0.017398518
2022-12-09,17128.56,-0.0055623201422605,0.0250463184393367,0.016435161238982,301.7900000000009,414.8171428571427,0.0023664197846494,0.0098774948184969,-0.0039977555494318,0.1111111111111111,0,0,0.017315846
2022-12-10,17127.49,-6.247071687148775e-05,0.0243528552112726,0.0163520762980942,135.72000000000116,401.8692857142856,0.0021649152990777,0.0097830351937867,-0.0036128178044187,0.0833333333333333,0,0,0.017397147
2022-12-11,17085.05,-0.0024809629316511,0.0236700099689719,0.0163677111580885,199.9900000000016,401.94,0.0021078039728637,0.0098013733787408,-0.0035157897163521,0.0674603174603174,0,0,0.017290484
2022-12-12,17209.83,0.0072769200900157,0.0230747561190892,0.0157283928951352,370.0400000000009,393.245,0.0021675489753527,0.0092085841860716,-0.0034520360040027,0.0515873015873015,0,0,0.01721124
2022-12-13,17774.7,0.0322953657130042,0.0226490454618943,0.0172805273523021,919.8600000000006,426.89857142857153,0.0022666477987929,0.0092085841860716,-0.0030970693138359,0.0436507936507936,0,0,0.017147165
2022-12-14,17803.15,0.0015993100237423,0.0243884829541152,0.0135311726165076,727.010000000002,420.2064285714288,0.0022236705605931,0.0092085841860716,-0.000630932558734,0.0992063492063492,0,0,0.017041069
2022-12-15,17356.34,-0.0254175504220324,0.0237071709059693,0.0151097615932411,579.3100000000013,428.0864285714288,0.0018745697586504,0.0126523188448925,-0.0010085759219845,0.0793650793650793,0,0,0.01732875
2022-12-16,16632.12,-0.0426220919745556,0.0244492174649859,0.0190550746298806,1004.41,477.1242857142858,0.0015229705486648,0.0191611942782712,-0.0005971009743508,0.1071428571428571,0,0,0.017267536
2022-12-17,16776.52,0.0086445242442305,0.027302991168257,0.0190061992668725,216.97000000000116,469.03357142857175,0.0014274141624693,0.0199569988346755,0.0029501359569844,0.2539682539682539,1,0,0.017434757
2022-12-18,16738.21,-0.0022861599473227,0.0264551870797199,0.0186098549713452,200.1899999999987,460.1478571428574,0.0013463160230486,0.018685553058163,0.0027851771107479,0.2103174603174603,0,0,0.024248313
2022-12-19,16438.88,-0.0180448690471717,0.0255621420291901,0.0190614345102427,559.6900000000023,460.32214285714326,0.0012734790409576,0.0195317299414883,0.0024873859101009,0.1626984126984127,0,0,0.018058162
2022-12-20,16895.56,0.0274016047314589,0.0253983812265523,0.0205396249007485,664.0699999999997,493.42428571428616,0.001255276287029,0.0195317299414883,0.0027493357646579,0.1587301587301587,0,0,0.017754328
2022-12-21,16824.67,-0.0042046038497876,0.0260812744301107,0.0201723637263494,202.0,474.7542857142863,0.0013071092917615,0.0188690076532116,0.0016927914759954,0.2023809523809523,0,0,0.017698716
2022-12-22,16821.43,-0.0001925929014063,0.0252513101524509,0.0190797091241553,308.6700000000019,456.4085714285723,0.0013130572066562,0.0177899868545369,0.0015441392464816,0.1587301587301587,0,0,0.017918807
2022-12-23,16778.5,-0.0025553638570467,0.0244728919467715,0.019049662404474,224.0099999999984,450.85285714285783,0.0013141795940437,0.0177135954366452,2.3674481785602303e-05,0.115079365079365,0,0,0.017703246
2022-12-24,16836.12,0.0034282735568194,0.0237908107447585,0.0190923690688232,93.37000000000262,447.8278571428579,0.001336384035033,0.0187880921964146,-0.0035121804234985,0.0833333333333333,0,0,0.017484885
2022-12-25,16832.11,-0.0002382067616242,0.0231942775062206,0.0190904343711006,136.95999999999913,443.3257142857149,0.001371074173023,0.018767794331117,-0.0032609095734992,0.0634920634920634,0,0,0.017333027
2022-12-26,16919.39,0.0051719298136827,0.0226385006797709,0.019027863023344,153.52000000000044,427.8600000000006,0.0014150664496232,0.018767794331117,-0.0029236413494191,0.0436507936507936,0,0,0.017243754
2022-12-27,16706.36,-0.0126708162731752,0.0222052257075369,0.0165728531526258,380.4600000000027,389.3314285714293,0.0014677488187947,0.0181915438764199,-0.0031931555190153,0.0396825396825396,0,0,0.017175507
2022-12-28,16547.31,-0.0095659343975285,0.0221260275498717,0.0165291049141624,319.85999999999694,360.2492857142861,0.001614282831871,0.0175211230187087,-0.0039552468802389,0.0357142857142857,0,0,0.017225888
2022-12-29,16633.47,0.0051933796404473,0.0219005313014151,0.0156540189913566,175.5,331.40571428571457,0.0017470467475416,0.0164108556514368,-0.0033507788510358,0.0277777777777777,0,0,0.017279398
2022-12-30,16607.48,-0.0015637342071173,0.0215543462602646,0.0107436565878208,344.34999999999854,284.2585714285716,0.0018985019791614,0.0082303516145606,-0.0029185456865069,0.0238095238095238,0,0,0.017331999
2022-12-31,16542.4,-0.0039264144310653,0.0211919496998364,0.0104781044628105,174.09000000000017,281.1957142857144,0.0018155787230149,0.007906104727223,-0.0025988610449221,0.0079365079365079,0,0,0.017347436
2023-01-01,16616.75,0.0044844409220061,0.020903530732494,0.0105702086080707,128.9900000000016,276.1100000000003,0.001773697983988,0.008298851274413,-0.0022907467737266,0.0039682539682539,0,0,0.017288905
2023-01-02,16672.87,0.0033716247385005,0.0206614712335352,0.0093139752750302,250.52999999999884,254.02714285714293,0.0017775736207061,0.0060644568320653,-0.0019770294462357,0.0039682539682539,0,0,0.017288666
2023-01-03,16675.18,0.0001385388353263,0.020427909968377,0.0053985637149745,173.12000000000262,218.959285714286,0.0017481583067142,0.0060644568320653,-0.0017773157391598,0.0039682539682539,0,0,0.017263394
2023-01-04,16850.36,0.0104506352091799,0.0201951839564513,0.0060926327570716,339.2099999999991,228.76000000000025,0.0015421749288468,0.0062853844047716,-0.0019308435934204,0.0039682539682539,0,0,0.017066907
2023-01-05,16831.85,-0.0010990966366719,0.0202616080328541,0.0061008957262591,126.81999999999972,215.77071428571435,0.0013411407602269,0.0062986769722049,-0.001638923268561,0.0079365079365079,0,0,0.017260741
2023-01-06,16950.65,0.0070332562551538,0.0200523233882525,0.0063208651013199,362.0,225.62714285714304,0.0011800112039657,0.0067228892196658,-0.0015020228720121,0.0039682539682539,0,0,0.017105322
2023-01-07,16943.57,-0.0004177703515821,0.0199897436311478,0.0062779640458944,73.90999999999985,224.23714285714283,0.0010436218208138,0.0062261885707074,-0.0012022060686885,0.0039682539682539,0,0,0.017253455
2023-01-08,17127.83,0.0108162151473543,0.0198116800313169,0.0068529913544069,265.9900000000016,233.4535714285716,0.0009419617700005,0.0067243491180035,-0.0010918507011771,0.0039682539682539,0,0,0.017193567
2023-01-09,17178.26,0.002940004898539,0.0199499918999651,0.0067801601806695,294.1399999999994,243.4978571428572,0.0008505936105784,0.0067243491180035,-0.00071147933357,0.0079365079365079,0,0,0.017278355
2023-01-10,17440.66,0.0151596309333648,0.0197982347934419,0.0065114626416369,352.65999999999985,241.51214285714272,0.0007860078376224,0.0047064135248872,-0.0006296751749351,0.0039682539682539,0,0,0.017320719
2023-01-11,17943.26,0.0284102951545737,0.0202185074748585,0.0084600876886911,684.4000000000015,267.5507142857145,0.0006624005647781,0.0021934299873936,2.3323518407201288e-05,0.0277777777777777,0,0,0.017237138
2023-01-12,18846.62,0.0491190305151327,0.0219300854947505,0.0143315498892126,1224.9900000000016,342.514285714286,0.0006672569098989,0.0021934299873936,0.0016684774618964,0.0833333333333333,0,0,0.017336618
2023-01-13,19930.01,0.0558930485095547,0.0265245348875353,0.0186682887417949,1285.880000000001,409.76642857142906,0.0017374792304634,0.0023663809053688,0.0064722114992828,0.3015873015873015,0,0,0.017341029
2023-01-14,20954.92,0.0501468276844185,0.0311051701989889,0.0204040202009219,1369.9500000000007,495.1850000000005,0.0032492990552031,0.0008314281338169,0.011115426567841,0.4682539682539682,1,0,0.018270146
2023-01-15,20871.5,-0.0039888716561744,0.0337003993472345,0.0209194378325015,499.7300000000032,521.6664285714293,0.0045786529317446,0.0024009472139717,0.0138887193159175,0.5992063492063492,1,0,0.025696438
2023-01-16,21185.65,0.014939473685251,0.0321319172089197,0.0205961569791537,862.5699999999997,565.3835714285722,0.0052119683558847,0.0024009472139717,0.0121819253089545,0.5158730158730159,1,0,0.02719764
2023-01-17,21134.81,-0.002402621543176,0.0310415380583803,0.0207677134180063,806.1399999999994,610.5992857142862,0.005525687298803,0.0024013659057174,0.0112433032649384,0.4642857142857143,1,0,0.0264212
2023-01-18,20677.47,-0.021876742420547,0.0297012661486931,0.0231983336008838,1242.8499999999983,675.1450000000004,0.0055990352948537,0.0100165671942789,0.0094827586738346,0.4246031746031746,1,0,0.02592067
2023-01-19,21071.59,0.0188809859816689,0.029303572263885,0.0227675329048774,532.8100000000013,704.1442857142863,0.0055653783324633,0.0111853707847659,0.0073734867691345,0.4206349206349206,1,0,0.025759231
2023-01-20,22667.21,0.0729936990967772,0.0287432884991163,0.0271599896900864,1894.6500000000017,813.6192857142863,0.0054084180335308,0.0111853707847659,0.0022187536115809,0.3968253968253968,1,0,0.02573594
2023-01-21,22783.55,0.0051193975233285,0.035966696779346,0.026866632417606,949.7999999999992,876.1828571428578,0.005720112179507,0.0129135012848843,0.004861526580357,0.7103174603174603,2,0,0.025497746
2023-01-22,22707.88,-0.0033267835189949,0.0342112529537178,0.0275426205769446,786.3400000000001,913.3507142857148,0.005594721430123,0.0113064476614715,0.0005108536064832,0.6468253968253969,2,0,0.038888734
2023-01-23,22916.45,0.0091429924751462,0.0325893208090964,0.0272933513013214,680.0,940.9121428571434,0.0051706229590079,0.0113064476614715,0.0004574036001767,0.5634920634920635,1,0,0.038361024
2023-01-24,22632.89,-0.0124508352125882,0.0312303337829203,0.0286780681688652,699.2700000000004,965.6700000000006,0.00444581795215,0.0115444041195499,0.0001887957245399,0.5,1,0,0.027382057
2023-01-25,23060.94,0.0187361191606463,0.0301204267152925,0.0285400914269091,1516.7299999999996,1025.1221428571432,0.0034701876613501,0.0115444041195499,0.0004191605665994,0.4484126984126984,1,0,0.026514228
2023-01-26,23009.65,-0.0022265840828143,0.0294572431560144,0.0275031565381731,432.4600000000027,968.5128571428576,0.0024612042412516,0.0105776809765913,0.0001536708921293,0.4285714285714285,1,0,0.02600437
2023-01-27,23074.16,0.0027996835390577,0.0282659186738707,0.0248529993687618,965.119999999999,945.601428571429,0.0022450314745074,0.0105776809765913,-0.0004773698252455,0.3809523809523809,1,0,0.025725972
2023-01-28,23022.6,-0.0022370345118361,0.0271958227732971,0.0222230748976919,310.5400000000009,869.9292857142862,0.0024943638898853,0.0098294625086478,-0.0087708740060488,0.3333333333333333,1,0,0.025264692
2023-01-29,23742.3,0.0307819252058507,0.0262271028217143,0.0228676302715437,992.7800000000024,905.1471428571432,0.0026605248195684,0.0104914031105866,-0.0079841501320034,0.2896825396825397,0,0,0.024718653
2023-01-30,22826.15,-0.039351458823317,0.0271466942130403,0.0261833896247419,1300.5099999999984,936.4285714285716,0.0027490628855843,0.0177641474681697,-0.005442626596056,0.3333333333333333,1,0,0.018271904
2023-01-31,23125.13,0.0130130964408881,0.0289728257904183,0.0261574413390232,605.2299999999996,922.0778571428574,0.002749334003416,0.019162384840343,-0.0022575079925019,0.4206349206349206,1,0,0.024860334
2023-02-01,23732.66,0.0259322535565349,0.0281212288338336,0.0252840807780238,1052.4300000000003,908.476428571429,0.0027918993520778,0.0185719686499922,-0.0019991978814589,0.3849206349206349,1,0,0.025850382
2023-02-02,23488.94,-0.0103224864935693,0.0282630060128602,0.0256826321252936,891.7299999999996,934.1135714285716,0.0028205561346883,0.0174697062801649,-0.0011942371431542,0.3968253968253968,1,0,0.025524314
2023-02-03,23431.9,-0.0024313302190961,0.0273735493639689,0.0175772051886347,511.08000000000175,835.2871428571432,0.0028812951183926,0.0161998906157052,-0.0008923693099017,0.3571428571428571,1,0,0.025606465
2023-02-04,23326.84,-0.0044937129098698,0.0263886732991358,0.0176491554229015,333.8199999999997,791.2885714285718,0.0023560677753104,0.0152366689578218,-0.0008071494741613,0.2936507936507936,0,0,0.025182527
2023-02-05,22932.91,-0.0170316321398207,0.0255316868545016,0.0183158948740329,690.3300000000017,784.4307142857148,0.0019828755057183,0.0163411201123344,-0.0006954159672127,0.25,0,0,0.018391605
2023-02-06,22762.52,-0.0074576731070372,0.025301880235093,0.0182648459993269,530.119999999999,773.7250000000004,0.0017236445910698,0.0156058199271132,-0.0018448139779473,0.242063492063492,0,0,0.01808628
2023-02-07,23240.46,0.0207794015559237,0.024630882785648,0.018742669383933,604.4700000000012,766.9535714285719,0.0016210460137323,0.0159563907372811,-0.0043419430047703,0.2023809523809523,0,0,0.018014114
2023-02-08,22963.0,-0.0120105003106409,0.0248017189592385,0.0184156719099204,786.1500000000015,714.7692857142863,0.0015450363215071,0.0155674281062817,-0.003319509874595,0.2142857142857142,0,0,0.017799597
2023-02-09,21796.35,-0.0521417003525179,0.0243676853974503,0.023062232661104,1323.3899999999994,778.4071428571432,0.0015150428679604,0.0233211935076044,-0.0038953206154099,0.1825396825396825,0,0,0.017846148
2023-02-10,21625.19,-0.0078836856777027,0.0288432983978846,0.0230012566483352,487.15999999999985,744.2671428571432,0.0015703341580771,0.0222644449727294,0.0014697490339156,0.4563492063492063,1,0,0.017820712
2023-02-11,21862.55,0.0109162884567464,0.0278140822468104,0.023372270461637,306.5400000000009,743.981428571429,0.0015952180785788,0.023456936372922,0.0014254089476745,0.3968253968253968,1,0,0.026042562
2023-02-12,21783.54,-0.0036204886304744,0.0269951226900117,0.0211739506447146,460.0,705.9257142857144,0.0015909461002848,0.0222826360961921,0.0014634358355101,0.3571428571428571,1,0,0.025706988
2023-02-13,21773.97,-0.0004394190647705,0.0260621705196428,0.0189137945364872,543.9200000000019,651.8835714285718,0.0015967337142564,0.018484627373968,0.0007602902845498,0.2976190476190476,0,0,0.025294658
2023-02-14,22199.84,0.0193698619770401,0.0251996348201813,0.0194072365321032,786.3100000000013,664.8178571428577,0.0014944418727546,0.018484627373968,0.0005687520345332,0.25,0,0,0.018437605
2023-02-15,24324.05,0.0913804911936591,0.0251805816289981,0.0311942749053262,2332.720000000001,756.2671428571435,0.001440621248894,0.018484627373968,0.0003788626697595,0.25,0,0,0.01809686
2023-02-16,23517.72,-0.0337113932826653,0.0377928418967941,0.032490408414653,1744.75,817.1971428571435,0.0034046770026893,0.0210872444885364,0.0134251564993438,0.8253968253968254,2,0,0.018102866
2023-02-17,24569.97,0.043770785975072,0.0373885706492086,0.0344992313825098,1681.7400000000016,900.815714285715,0.004418210952189,0.0222131278365815,0.008545272251324,0.8095238095238095,2,0,0.04043306
2023-02-18,24631.95,0.0025194152091874,0.0380690147825502,0.0344268297037991,447.0,908.9000000000008,0.0052059462238032,0.0235069510433682,0.0102549325357398,0.8293650793650794,2,0,0.040946554
2023-02-19,24271.76,-0.0147308461197344,0.0361027790930656,0.0343246218014126,999.4300000000004,930.978571428572,0.0055113544790508,0.0233118406418809,0.0091076564030538,0.7658730158730159,2,0,0.041331034
2023-02-20,24842.2,0.023230285350591,0.0346112030982977,0.0345123687726276,1280.3999999999978,984.5700000000004,0.0055684759890843,0.0247614862949015,0.0085490325786549,0.7301587301587301,2,0,0.040518668
2023-02-21,24452.16,-0.0158252643940635,0.0337435942701069,0.0347125330962364,1101.66,1020.083571428572,0.0054430265098945,0.0238284426103296,0.0085439594499255,0.6825396825396826,1,0,0.04010391
2023-02-22,24182.21,-0.0111013167175215,0.0325325569874293,0.0346818577072076,901.3600000000006,1028.3128571428574,0.0052077418235343,0.0237732636932253,0.0073519753584312,0.6309523809523809,1,0,0.029132497
2023-02-23,23940.2,-0.0100581845457679,0.0312422838345103,0.0311098544474618,991.59,1004.6128571428576,0.0048403140104152,0.0154262547857782,-0.0065505580622837,0.5873015873015873,1,0,0.028316807
2023-02-24,23185.29,-0.0320410284614869,0.0300419450224613,0.0326145978706187,1291.16,1062.041428571429,0.0047993478998434,0.0189348544314809,-0.0073466256267472,0.5277777777777778,1,0,0.027420994
2023-02-25,23157.07,-0.0012178923770029,0.0305120530750374,0.0326058133483764,497.130000000001,1075.6550000000004,0.0046873321933129,0.0178565672966339,-0.0075569617075128,0.5515873015873016,1,0,0.026943218
2023-02-26,23554.85,0.0170316105816876,0.0292142639934764,0.0326962650095287,630.8100000000013,1087.8557142857148,0.0045470576570414,0.0188964448463512,-0.0068885150995891,0.492063492063492,1,0,0.027128827
2023-02-27,23492.09,-0.0026679753126401,0.0285486115421067,0.0327332503454668,791.2200000000012,1105.5200000000004,0.0043421553523936,0.0189193354329767,-0.006062591556191,0.4603174603174603,1,0,0.026596945
2023-02-28,23141.57,-0.0150332013979479,0.027449399937048,0.0328967905204035,579.0299999999988,1090.714285714286,0.0040997834174889,0.0185278384242474,-0.0062941943330588,0.4007936507936508,1,0,0.02629305
2023-03-01,23628.97,0.0208429342438964,0.0268683691429467,0.0218664962670185,979.9700000000012,994.089285714286,0.0038934318647291,0.0185278384242474,-0.0056641878444826,0.365079365079365,1,0,0.025709312
2023-03-02,23465.32,-0.0069499151047267,0.0267454365693495,0.0199757430575563,601.0299999999988,912.3950000000002,0.0038436269221682,0.0149122263520745,-0.0044968472651608,0.365079365079365,0,0,0.025341969
2023-03-03,22354.34,-0.0485031008319882,0.0259057634619094,0.019585086635745,1505.8199999999997,899.8292857142858,0.0037483623229791,0.0208660519583786,-0.0041361815605518,0.3015873015873015,0,0,0.018796261
2023-03-04,22346.57,-0.0003476439328977,0.0293681050312109,0.0194954869847461,252.91999999999825,885.9664285714285,0.003124819095363,0.019895276048718,-0.0011439480438265,0.5317460317460317,1,0,0.018468227
2023-03-05,22430.24,0.0037372067095855,0.0281768094733731,0.0195536021828052,472.869999999999,848.3549999999998,0.0026573483236292,0.0203397253476991,-0.0010374545201032,0.4563492063492063,1,0,0.026745986
2023-03-06,22410.0,-0.0009027606174552,0.0271267758949776,0.0177980255508062,344.1899999999987,781.482857142857,0.0023105472230143,0.0193950772782701,-0.0014218356471291,0.3849206349206349,1,0,0.026206162
2023-03-07,22197.96,-0.0095068950488119,0.0261570349665917,0.0176463115475058,630.9099999999999,747.857857142857,0.0020090457943398,0.0190162641136903,-0.0012923649704562,0.3253968253968254,0,0,0.025479253
2023-03-08,21705.44,-0.0224374723911697,0.0254619067770105,0.0181075664168885,707.0,733.9749999999998,0.0018137788542424,0.0199043216954136,-0.0014064623659361,0.2698412698412698,0,0,0.018606197
2023-03-09,20362.22,-0.0638816973065754,0.0256587230051957,0.0235411777339718,1792.2700000000004,791.1664285714285,0.0016678569440277,0.027531315092771,-0.0010867135641537,0.2896825396825397,0,0,0.018230747
2023-03-10,20150.69,-0.010442692083691,0.0319959277540041,0.0227917050276577,818.6899999999987,757.4185714285712,0.0019418060253988,0.0259722382050822,0.0060901642920947,0.6666666666666666,1,0,0.018474784
2023-03-11,20455.73,0.0150245078577899,0.030734923514212,0.023670671189147,921.4799999999996,787.7292857142854,0.0019665134904384,0.0272371905110547,0.001366818483001,0.6150793650793651,1,0,0.028263133
2023-03-12,21997.11,0.0726480422526165,0.0297937464706803,0.0316666886083423,1879.4000000000017,876.9142857142854,0.0020039695486145,0.0272371905110547,0.0016169369973071,0.5714285714285714,1,0,0.02797049
2023-03-13,24113.48,0.0918599391330712,0.0366321017197422,0.0409060456293946,2686.119999999999,1012.2642857142852,0.0030893219144904,0.0286967427053742,0.0095053258247645,0.8492063492063492,2,0,0.027562391
2023-03-14,24670.41,0.0228335295528605,0.0452871132666219,0.0409546499863524,2410.4500000000007,1143.0799999999997,0.005437787135567,0.0299698394907588,0.0191300783000302,0.9603174603174603,2,0,0.041317042
2023-03-15,24285.66,-0.0157184970805932,0.0433190602459158,0.0410028006660675,1300.0200000000004,1165.940714285714,0.006458561565651,0.0287375120381539,0.0178571534689053,0.9484126984126984,2,0,0.04362243
2023-03-16,24998.78,0.028940970979109,0.0412063958065068,0.0415217287286082,1044.4000000000017,1197.61,0.0068880177515382,0.0303815323496949,0.0155476728013111,0.9365079365079364,2,0,0.043481138
2023-03-17,27395.13,0.0915382366931734,0.0400246486382807,0.0445249540893002,2866.84,1294.8257142857142,0.0069734106506293,0.0268108434167075,0.0080287208842766,0.9166666666666666,2,0,0.0433512
2023-03-18,26907.49,-0.0179605738579606,0.0476505301549083,0.0452208899689349,1146.8499999999983,1358.677857142857,0.0079057060493444,0.027656594744446,0.0169156066406962,0.9682539682539684,2,0,0.04288101
2023-03-19,27972.87,0.0388304253763944,0.0452461030125592,0.0456228784251681,1562.8799999999974,1436.535714285714,0.0082106426140638,0.027656594744446,0.0154523565418789,0.9523809523809524,2,0,0.043898206
2023-03-20,27717.01,-0.0091888077429889,0.0444033920992244,0.0459087068675083,1347.5299999999988,1508.2028571428568,0.0081616830165741,0.0278717210525415,0.0077712903794822,0.9444444444444444,2,0,0.043706607
2023-03-21,28105.47,0.0139179151711754,0.0420029058310196,0.0453633313339912,1135.4500000000007,1544.2414285714283,0.007673723895528,0.0298536675232868,-0.0032842074356023,0.9246031746031746,2,0,0.043526378
2023-03-22,27250.97,-0.0308751025112403,0.0399407108668111,0.0459774069824919,2266.25,1655.6164285714283,0.0068075115893281,0.0310839738325094,-0.0033783493791047,0.8968253968253969,2,0,0.04315893
2023-03-23,28295.41,0.0376104838761239,0.0390440297238861,0.0399807889390853,1645.0,1645.097142857143,0.0056547199311006,0.0185278672520712,-0.0021623660826207,0.873015873015873,2,0,0.042826694
2023-03-24,27454.47,-0.030170604453767,0.0388458702867943,0.0415846728428955,1374.2999999999993,1684.7835714285711,0.0052054821425581,0.0224393621999501,-0.0011787783514864,0.8690476190476191,2,0,0.041947316
2023-03-25,27462.95,0.000308827329011,0.0380176666341472,0.0419613371525206,631.2400000000016,1664.0521428571428,0.0044915537343777,0.0224393621999501,-0.0096328635207611,0.8452380952380952,2,0,0.042044025
2023-03-26,27968.05,0.0182249636716012,0.0360471801522431,0.0392456628725001,776.640000000003,1585.2835714285716,0.0035162231380207,0.0224393621999501,-0.0091989228603161,0.7857142857142857,2,0,0.04158893
2023-03-27,27124.91,-0.0306102933461946,0.034726593552699,0.0346986009771078,1515.7200000000012,1501.6835714285717,0.0037390442282143,0.0239951902765354,-0.0096767985465254,0.753968253968254,2,0,0.040729623
2023-03-28,27261.07,0.0050071832660627,0.0344264586648692,0.0344546538852146,888.2200000000012,1392.9528571428575,0.0039310088551538,0.0239951902765354,-0.0075764471661503,0.7420634920634921,2,0,0.04031266
2023-03-29,28348.6,0.0391179690895135,0.0328065536354198,0.0347725731928921,1409.9000000000017,1400.801428571429,0.0043063782082324,0.0253280231679071,-0.0071341572313912,0.6904761904761905,1,0,0.040130895
2023-03-30,28028.53,-0.0113547262470774,0.0336432947396364,0.0348453383586921,1498.6800000000003,1433.2500000000002,0.0045563805650916,0.0235813259314663,-0.0054007349842497,0.7103174603174603,1,0,0.029193114
2023-03-31,28465.36,0.0154649894422895,0.0322551113966772,0.0255317728725034,1144.9799999999996,1310.2600000000002,0.0048906218556727,0.0235813259314663,-0.0065907588901171,0.6666666666666666,1,0,0.02912457
2023-04-01,28452.73,-0.0004437956441361,0.0311776989006661,0.024859803570069,599.4399999999987,1271.159285714286,0.0044856227084368,0.022413122411446,-0.006839967733481,0.6349206349206349,1,0,0.028611045
2023-04-02,28171.87,-0.0099201514277655,0.0298153709907037,0.0229445202960909,673.5699999999997,1207.637142857143,0.0042813326587783,0.0210865486633831,-0.0062318091615393,0.5753968253968254,1,0,0.02819733
2023-04-03,27800.0,-0.0132879416650641,0.0287521716468679,0.0231033619162667,1300.75,1204.295714285715,0.0040168274787839,0.0213963713468599,-0.005974421905831,0.5119047619047619,1,0,0.027521502
2023-04-04,28165.47,0.0130607388888037,0.0279370377269162,0.023065354424133,781.6499999999978,1179.024285714286,0.0039172577011574,0.0213963713468599,-0.006489420937953,0.4563492063492063,1,0,0.026893195
2023-04-05,28170.01,0.0001611772903977,0.0271993999479681,0.0212759031552597,969.9000000000016,1086.4278571428574,0.0039365883710898,0.0193707726253132,-0.0056071536874517,0.4126984126984127,1,0,0.026338082
2023-04-06,28033.82,-0.0048462984303139,0.0262208574141914,0.0187411365073018,471.0499999999993,1002.574285714286,0.0039620756704629,0.0180271525407218,-0.0074224373254449,0.3373015873015873,0,0,0.025836717
2023-04-07,27906.33,-0.0045580936314948,0.0253877695911479,0.0167874271272803,333.0600000000013,928.2000000000004,0.0038773095528717,0.0140679902389024,-0.0068673418055293,0.2658730158730158,0,0,0.018707749
2023-04-08,27938.38,0.0011478259451553,0.0246370182659809,0.0167856290729021,295.97000000000116,904.2521428571432,0.0037449754574192,0.0140679902389024,-0.0065406806346852,0.2103174603174603,0,0,0.018150639
2023-04-09,28323.76,0.0136996576150227,0.0239264096859636,0.0164737782248578,730.0,900.9207142857146,0.0037299541407544,0.0140679902389024,-0.00588896130474,0.1666666666666666,0,0,0.017853644
2023-04-10,29637.34,0.0453340244367836,0.023688066831145,0.0177528150579735,1600.0,906.9407142857144,0.0037053170122525,0.0086445395751007,-0.0050641048157228,0.1547619047619047,0,0,0.017634135
2023-04-11,30200.42,0.0188207787579397,0.0271561818058074,0.0180550987351597,960.0,912.0678571428572,0.0033325142010104,0.0086445395751007,-0.0007808559211087,0.4246031746031746,1,0,0.017490726
2023-04-12,29888.07,-0.0103964274481089,0.026847846445871,0.0160883949602813,848.5999999999985,871.9749999999998,0.0030669145618538,0.008915909459874,-0.000351553502097,0.4047619047619047,1,0,0.025403377
2023-04-13,30373.84,0.0161223075102938,0.0261118441136329,0.015773319582344,740.4099999999999,817.812857142857,0.0025770247748158,0.0084412112315179,-0.0001090133005584,0.3452380952380952,0,0,0.025381874
2023-04-14,30466.93,0.003060121449609,0.0257519498247782,0.0155315600392805,1034.0,809.8857142857141,0.0021509608892146,0.0084412112315179,0.0003641802336303,0.3214285714285714,0,0,0.018548753
2023-04-15,30295.09,-0.0056561799008818,0.0249398530957788,0.0157295329819516,393.59999999999854,795.182857142857,0.0017788650296055,0.0087494733063197,0.0003028348297978,0.242063492063492,0,0,0.01832756
2023-04-16,30304.65,0.0003155129074574,0.0242600768838463,0.0152388680940179,429.9900000000016,777.7842857142857,0.0015410308795731,0.0084960025244607,0.0003336671978826,0.1825396825396825,0,0,0.017910581
2023-04-17,29430.27,-0.0292774295720317,0.0235874441362431,0.0172044997458194,1075.41,761.6885714285714,0.001423417665123,0.014432662839056,-0.0001006226949019,0.1507936507936507,0,0,0.017599475
2023-04-18,30380.01,0.031761089816273,0.0247770126581502,0.0186235917623991,1388.2200000000012,805.0150000000002,0.001255879860323,0.014432662839056,-0.0023791691476572,0.238095238095238,0,0,0.017527875
2023-04-19,28797.1,-0.0535101387040679,0.026055856254201,0.024411177702563,1893.5299999999988,870.9885714285714,0.0011576466496718,0.0255109248730092,-0.00079199019167,0.3531746031746032,0,0,0.017954629
2023-04-20,28243.65,-0.0194060340625732,0.0303343140439299,0.0250085100411873,1078.2999999999993,914.3635714285714,0.0017804533141492,0.0266394171508437,0.0042224699302969,0.6349206349206349,1,0,0.018788096
2023-04-21,27262.84,-0.0353440507714548,0.0296899005116785,0.0267812446671158,1249.0200000000004,979.7892857142856,0.0020966476439231,0.0302389841766157,0.0039379506869003,0.5992063492063492,1,0,0.027984317
2023-04-22,27816.85,0.0201173493975321,0.0305767586451207,0.0274071339469958,742.3700000000026,1011.675,0.0024117275197485,0.0302389841766157,0.0056369055493418,0.6507936507936508,1,0,0.027989235
2023-04-23,27590.6,-0.0081668171884157,0.0299516231102792,0.0271692816423046,505.59999999999854,995.6464285714284,0.0024984343864247,0.028165515610382,0.0056915462264328,0.6111111111111112,1,0,0.028549965
2023-04-24,27510.93,-0.0028917547486724,0.0288199240163366,0.0235381733437488,1057.1800000000003,956.8735714285714,0.0023977828600929,0.0263662571592869,0.0052324798800935,0.5476190476190477,1,0,0.02809107
2023-04-25,28300.79,0.0283063392000713,0.0276964219784913,0.0244069364553614,1207.9900000000016,974.5871428571428,0.0024037640440279,0.0263662571592869,0.0029194093203411,0.4841269841269841,1,0,0.027370196
2023-04-26,28415.29,0.0040376611202663,0.0281259884201943,0.0244499133629916,2801.0,1114.044285714286,0.0024176799355697,0.0279114682754326,0.0020701321659933,0.503968253968254,1,0,0.026724633
2023-04-27,29472.77,0.036539405650366,0.0270852985838647,0.0262593417958518,1511.1399999999994,1169.0964285714288,0.0023981645123126,0.0279114682754326,-0.0032490154600651,0.4285714285714285,1,0,0.02699269
2023-04-28,29311.7,-0.0054800325013619,0.0285527892344547,0.0262281489477976,708.5400000000009,1145.849285714286,0.0023793549848367,0.0261805776895043,-0.0011371112772237,0.5277777777777778,1,0,0.026255976
2023-04-29,29230.45,-0.0027757795765595,0.0274947387940006,0.0262149859343858,417.880000000001,1147.5835714285718,0.002266414861151,0.0261225328175597,-0.0030820198511201,0.4722222222222222,1,0,0.027136918
2023-04-30,29233.21,9.441762633599636e-05,0.0265010842857929,0.0262131899681591,889.7999999999993,1180.427142857143,0.0020805950412377,0.0261225328175597,-0.0034505388244862,0.3849206349206349,0,0,0.026598882
2023-05-01,28068.26,-0.0406659912079252,0.025593178370996,0.0272614621167244,1670.3899999999994,1222.9257142857143,0.0018207855402024,0.0279634777992063,-0.0032267456453406,0.3015873015873015,0,0,0.019163977
2023-05-02,28669.86,0.0212069961651959,0.0279080113676995,0.0263453483764803,1007.880000000001,1195.7585714285717,0.0015775406001953,0.0279634777992063,0.0002115893892081,0.496031746031746,1,0,0.01863594
2023-05-03,29026.16,0.012351095602062,0.0276808815537707,0.022442255425807,1152.9700000000012,1142.8614285714289,0.0014658127394009,0.0220140013267046,-0.0004451068664236,0.4880952380952381,1,0,0.026723277
2023-05-04,28838.16,-0.0064979822282644,0.0269379714219381,0.0218150114241021,716.1900000000023,1116.996428571429,0.0013793224854597,0.0209009343464632,-0.0001473271619265,0.4285714285714285,1,0,0.026611116
2023-05-05,29505.61,0.0228809046533431,0.0260665739832057,0.0197007303182654,877.0,1090.423571428572,0.0013866293445605,0.0173625145593938,-0.002486215251249,0.3452380952380952,0,0,0.0260134
2023-05-06,28848.2,-0.0225328154308162,0.0262182021438323,0.0205694144632381,1520.0,1145.9685714285715,0.0011864755890517,0.0181913214873396,-0.0012765366501682,0.369047619047619,0,0,0.01874062
2023-05-07,28430.1,-0.0145991562586509,0.0263190693642196,0.0208976388146797,743.0600000000013,1162.9300000000003,0.0009825952173277,0.0187575040323512,-0.0001820149215733,0.3809523809523809,0,0,0.018807273
2023-05-08,27668.79,-0.0271433798963673,0.0258441555187312,0.0223046749122911,1369.0099999999984,1185.203571428572,0.0009289422726428,0.0213518434444622,0.0002509771477352,0.3293650793650793,0,0,0.01889142
2023-05-09,27628.27,-0.0014655392981985,0.0264317691615247,0.0208093969758753,465.0,1132.1328571428571,0.000917613302833,0.0199795405814683,-0.0014762422061747,0.3968253968253968,0,0,0.018660348
2023-05-10,27598.75,-0.0010690420309256,0.0255351153769739,0.0207454074923515,1554.4199999999985,1043.0914285714289,0.0009150740633413,0.0188402618100357,-0.0021457661767967,0.2976190476190476,0,0,0.018986296
2023-05-11,26968.62,-0.0230965139643064,0.0247291811255218,0.0181674359791622,928.09,1001.4450000000004,0.001050603684001,0.0193081540882074,-0.0022087902964163,0.2301587301587301,0,0,0.018401843
2023-05-12,26795.01,-0.0064582917274087,0.0250892080082105,0.0181657454412233,1279.66,1042.239285714286,0.000947491541748,0.0193383735581872,-0.0009773659749952,0.2619047619047619,0,0,0.018042143
2023-05-13,26775.28,-0.0007366023552286,0.0244131122310158,0.0182052780073812,353.4200000000019,1037.6350000000002,0.001007315859747,0.0193198461420686,-0.0018050899128164,0.2023809523809523,0,0,0.01821592
2023-05-14,26917.62,0.0053020169686401,0.0237249111977053,0.0183974304621612,639.4700000000012,1019.754285714286,0.0011789184447548,0.0193198461420686,-0.0025941581665142,0.1666666666666666,0,0,0.017906886
2023-05-15,27162.14,0.0090430011641089,0.0231708826013397,0.0157812779689988,937.59,967.4114285714288,0.0013857868175347,0.0151981055420623,-0.0026732729173915,0.1349206349206349,0,0,0.017717253
2023-05-16,27033.84,-0.004734677357133,0.0227971013022629,0.0142522136210045,444.7799999999989,927.1900000000004,0.0014370749260222,0.0144957196381729,-0.0036346678592618,0.1269841269841269,0,0,0.017485302
2023-05-17,27405.61,0.0136583223911834,0.0223358353737028,0.0143727400356188,955.2900000000008,913.0700000000004,0.0014807297247804,0.0144957196381729,-0.0031992800032711,0.1111111111111111,0,0,0.01741993
2023-05-18,26821.28,-0.0215521346696405,0.0222979417521911,0.0151098936842162,1124.130000000001,942.2085714285716,0.0015255353549663,0.0158856212156296,-0.0024312393733307,0.1071428571428571,0,0,0.0173417
2023-05-19,26880.26,0.0021965859345858,0.0228788221671741,0.0130221782991659,553.5999999999985,919.1085714285716,0.0015342524239469,0.0158856212156296,-0.0022103858410363,0.1388888888888889,0,0,0.017353382
2023-05-20,27102.43,0.0082312035351925,0.0223690143640913,0.012729357405607,324.8899999999994,833.7435714285714,0.0015308050753526,0.0149658939771787,-0.0020440978669245,0.119047619047619,0,0,0.017503928
2023-05-21,26747.78,-0.0131719125185139,0.0220599484930217,0.0126473506737857,611.5200000000004,824.347857142857,0.001486652231641,0.0148180286541476,-0.0016649627046836,0.0912698412698412,0,0,0.017379563
2023-05-22,26849.27,0.0037871532594397,0.0220289626637617,0.0109480915440481,561.6800000000003,766.6814285714287,0.0014387505108902,0.0124469006511548,-0.0011419199375779,0.0912698412698412,0,0,0.01724511
2023-05-23,27219.61,0.0136990369171225,0.0216384768753107,0.0117421461300194,697.7200000000012,783.3042857142858,0.0012627517621583,0.0132947620250725,-0.0011586244269521,0.0753968253968253,0,0,0.017199587
2023-05-24,26329.01,-0.0332662963152898,0.0216959676740533,0.0145584432513224,1139.1100000000006,753.6392857142861,0.0011311285069585,0.0182942555417812,-0.0006398676996495,0.0793650793650793,0,0,0.017136913
2023-05-25,26473.79,0.0054838138440036,0.0237590291124247,0.0135473714080922,760.0900000000001,741.6392857142861,0.0010394117084874,0.0173652408731377,0.0014610873602335,0.2103174603174603,0,0,0.017227124
2023-05-26,26705.92,0.0087300767265965,0.0232053923331433,0.0137116319880108,604.9199999999983,693.4435714285717,0.0008320658125276,0.0188021276001214,0.0003265701659691,0.1785714285714285,0,0,0.01785871
2023-05-27,26854.27,0.0055395762922678,0.0228153744400775,0.0137964093207371,344.0,692.7707142857143,0.0006809431608707,0.0210181910997742,0.0004463600759862,0.1587301587301587,0,0,0.017714199
2023-05-28,28065.0,0.0440984084261266,0.0223704446221564,0.0181174633206888,1496.9599999999991,754.0199999999999,0.0006049279158696,0.0210181910997742,0.0003104961291346,0.1388888888888889,0,0,0.01764753
2023-05-29,27736.4,-0.01177761842521,0.025957884687138,0.01843341712488,922.5400000000008,752.9449999999999,0.0010933635338285,0.0195231643142005,0.0039289220233762,0.4166666666666667,0,0,0.017554548
2023-05-30,27694.4,-0.0015154032789546,0.0253796432094834,0.0183697044554253,484.59000000000015,755.7885714285715,0.0013033713321257,0.0194198300796792,0.0037411663341727,0.3492063492063492,0,0,0.0190234
2023-05-31,27210.35,-0.0176328110595243,0.0245923279015472,0.0187065186518321,996.5,758.7321428571429,0.0013644938073813,0.0191335875163674,0.0028963602274938,0.2777777777777778,0,0,0.01866744
2023-06-01,26817.93,-0.0145267219636178,0.0245240664519075,0.0181856280618361,744.9500000000007,731.6478571428571,0.001396319578271,0.0179958151138391,0.0007650373394828,0.2777777777777778,0,0,0.018269967
2023-06-02,27242.59,0.0157108638581497,0.0242603358202348,0.0186640829067073,795.0,748.8907142857144,0.0014179406198958,0.0179958151138391,0.0010549434870915,0.246031746031746,0,0,0.018229242
2023-06-03,27069.22,-0.006384268499378,0.0241034389832739,0.0186345998366871,418.3600000000006,755.567142857143,0.0014029619403361,0.0168347220009337,0.0012880645431963,0.242063492063492,0,0,0.018069174
2023-06-04,27115.21,0.0016975360281126,0.0235340442261921,0.0182512844568017,504.0200000000005,747.8885714285716,0.0013441701075336,0.0173702608622978,0.0011635996040357,0.2023809523809523,0,0,0.018028032
2023-06-05,25728.2,-0.0525071584555583,0.0229467219295821,0.0231324628194275,1741.3300000000015,832.149285714286,0.0012847285125534,0.0255436809731956,-0.0030111627575559,0.1706349206349206,0,0,0.017831411
2023-06-06,27230.08,0.0567345780192702,0.027882668511471,0.0278974979569825,2004.3100000000013,925.4771428571432,0.0015889948077545,0.0255436809731956,0.0025030253019876,0.623015873015873,1,0,0.017795395
2023-06-07,26339.34,-0.0332586055638568,0.0322654881831608,0.0278967919938753,1266.760000000002,934.5950000000004,0.0025765607602757,0.0255422502564401,0.0076731602816136,0.8134920634920635,1,0,0.02774575
2023-06-08,26498.61,0.006028639732694,0.0325432024454232,0.0279053669988521,600.0,923.1600000000004,0.0032718690290101,0.0255422502564401,0.0080191359935156,0.8214285714285714,1,0,0.030059364
2023-06-09,26477.81,-0.0007852550651321,0.0311129925766251,0.0277937908789051,513.4200000000019,916.6242857142864,0.003526164756457,0.0238942002969748,0.0068526567563903,0.7817460317460317,1,0,0.030227434
2023-06-10,25841.21,-0.0243365192777016,0.0297573981123825,0.0284248590773627,1175.869999999999,976.043571428572,0.0035288654310539,0.0239437503634608,0.0056539591291085,0.7261904761904762,1,0,0.029728647
2023-06-11,25925.55,0.0032584644904947,0.0295453252407215,0.0251550620106813,572.1800000000003,909.9878571428578,0.0033990369551937,0.0239437503634608,0.0060112810145293,0.7103174603174603,1,0,0.029137488
2023-06-12,25905.19,-0.0007856342026855,0.0283554835066389,0.0251210791617372,504.369999999999,880.118571428572,0.003401319899918,0.023621161789426,0.0054087615770568,0.6547619047619048,1,0,0.028933909
2023-06-13,25934.25,0.0011211542039806,0.0272633608807867,0.0251580881295174,720.6399999999994,896.9792857142862,0.003360777345581,0.0250482961282855,-0.0006193076306842,0.5753968253968254,1,0,0.028327923
2023-06-14,25128.6,-0.0315578492380286,0.0262807355065368,0.0259712640773481,1277.4399999999987,917.0464285714288,0.0032842172221157,0.026702806346224,-0.0059847526766239,0.4880952380952381,0,0,0.027517762
2023-06-15,25598.49,0.0185267256736541,0.0272801661156619,0.0266004375933129,959.0099999999984,932.3364285714288,0.0031758054321546,0.0280135000187493,-0.0052630363297612,0.5833333333333334,1,0,0.019734722
2023-06-16,26345.0,0.0287451382903789,0.0269363165068685,0.0275297790359049,1342.4399999999987,971.4392857142858,0.0030332853813236,0.0280135000187493,-0.0041766760697566,0.5396825396825397,1,0,0.027454045
2023-06-17,26516.99,0.0065071559690323,0.0275236980813447,0.0276015152893381,658.9900000000016,988.627142857143,0.0028405051763638,0.0301455756809937,-0.0022337000310377,0.5992063492063492,1,0,0.02723084
2023-06-18,26339.97,-0.0066981022679595,0.0265921489213457,0.0276185479307391,444.15000000000146,984.3507142857144,0.0025678947368144,0.0280239667142842,-0.0029531763193757,0.5198412698412699,0,0,0.027892213
2023-06-19,26844.35,0.0189678131440089,0.0257619006925695,0.0239394274189972,811.4799999999996,917.9328571428572,0.0021997707837212,0.0213713097545364,-0.0025935828140693,0.4246031746031746,0,0,0.019983854
2023-06-20,28307.99,0.0530887264501149,0.0256393155926267,0.0233221918107894,1750.7400000000016,899.8207142857144,0.0023268030973464,0.0213713097545364,-0.00162404528816,0.4007936507936508,0,0,0.01914939
2023-06-21,29993.89,0.0578495972961707,0.0299502604817941,0.0251354325754349,2542.0099999999984,990.91,0.0020978932155035,0.0180790621421238,0.0036695249752572,0.7341269841269841,1,0,0.019007068
2023-06-22,29884.92,-0.0036396889082084,0.0340220120089242,0.0253634407204866,974.3899999999994,1017.6521428571426,0.002355773242302,0.0165706053753949,0.0067418458932622,0.8452380952380952,1,0,0.028704103
2023-06-23,30688.5,0.0265339862374442,0.0324204112334784,0.0256361044323568,1631.9399999999987,1097.546428571428,0.0024980277629306,0.0181487914171996,0.0054840947266098,0.8095238095238095,1,0,0.030149039
2023-06-24,30527.43,-0.0052623678739376,0.0320572316256601,0.0241007928046383,550.0,1052.8414285714282,0.0026655358261356,0.0147127121538607,0.0045335335443153,0.7896825396825397,1,0,0.02986179
2023-06-25,30462.66,-0.0021239524109262,0.0306582800403941,0.0242914909949027,768.5199999999968,1066.8657142857137,0.0027138270094891,0.0134587683219012,0.0040661311190484,0.75,1,0,0.02950294
2023-06-26,30267.99,-0.0064109528466911,0.0293518688361303,0.0245557751682425,736.0,1083.4107142857138,0.0027192923694329,0.0137071378227899,0.0035899681435608,0.6785714285714286,1,0,0.029024925
2023-06-27,30692.44,0.01392565174568,0.0282345735268542,0.0243927204895069,768.8000000000029,1086.850714285714,0.0026921984199413,0.0137071378227899,0.0025952579342275,0.6190476190476191,1,0,0.028290521
2023-06-28,30077.41,-0.0202419785448828,0.0275068769535591,0.0229840156422766,850.9400000000023,1056.3864285714285,0.0026242541185291,0.0094969610107576,-0.002443383528235,0.5674603174603174,1,0,0.027666863
2023-06-29,30447.31,0.0122232570589524,0.0272574060231461,0.0229257246450902,794.0,1044.6,0.0026253099446134,0.0094969610107576,-0.006764605985778,0.5396825396825397,1,0,0.026955348
2023-06-30,30472.0,0.0008105804662541,0.0265549445741507,0.0226062040852705,1782.0,1075.997142857143,0.0026485795339796,0.0094969610107576,-0.0058654666593277,0.4801587301587302,0,0,0.02663238
2023-07-01,30585.9,0.0037308892745926,0.0256428077482391,0.0226550561611792,341.02999999999884,1053.2857142857142,0.0027647478141604,0.0094969610107576,-0.0064144238774209,0.3611111111111111,0,0,0.019361224
2023-07-02,30617.03,0.0010172716464573,0.0248512742915835,0.0223035809728167,636.0,1066.9892857142856,0.0029020639876398,0.009962821253511,-0.0058070057488106,0.2777777777777778,0,0,0.018586483
2023-07-03,31156.2,0.0174568722490278,0.0241172187978101,0.0222643666712094,809.7299999999996,1066.8642857142856,0.0030535938811407,0.009962821253511,-0.0052346500383202,0.2023809523809523,0,0,0.018150654
2023-07-04,30766.51,-0.0125865016096557,0.0240986455867429,0.0193621245405449,730.6899999999987,994.0035714285711,0.0031874107676523,0.0104459646069421,-0.0041359279401113,0.1944444444444444,0,0,0.01776835
2023-07-05,30504.81,-0.0085423846394387,0.0237777379662741,0.0126340236360142,678.0699999999997,860.8649999999998,0.0033688915186312,0.0101958072247163,-0.003729138987285,0.1825396825396825,0,0,0.017727103
2023-07-06,29895.43,-0.0201787501916612,0.023313908682435,0.0138379222778773,1649.5499999999993,909.090714285714,0.0030738478857224,0.0126582328866799,-0.0039434973407111,0.1547619047619047,0,0,0.017642584
2023-07-07,30344.7,0.0149162470258605,0.0236202081301948,0.012399534536523,747.9799999999996,845.9507142857141,0.0027964081826154,0.0126582328866799,-0.0029347364439559,0.1666666666666666,0,0,0.017547738
2023-07-08,30284.63,-0.0019815498424815,0.0234940285994694,0.0123396653081399,342.34000000000015,831.117857142857,0.0023959350102354,0.01252340690086,-0.0021487791487696,0.1587301587301587,0,0,0.017595496
2023-07-09,30160.71,-0.0041002391122777,0.0229134070168017,0.0123700717095269,384.40000000000146,803.6807142857144,0.0020845134291562,0.0125933703066649,-0.0019378672747818,0.1269841269841269,0,0,0.017550196
2023-07-10,30411.57,0.0082830441339094,0.0224263518756838,0.0124722450676128,1095.7799999999988,829.3792857142859,0.0018694109606339,0.0133482240601701,-0.0016908669221262,0.1031746031746031,0,0,0.017388325
2023-07-11,30622.1,0.0068988423929567,0.0221123066732177,0.0120164425326522,513.630000000001,811.1528571428571,0.0017256915471988,0.0133482240601701,-0.0019863389135252,0.0793650793650793,0,0,0.01728646
2023-07-12,30380.0,-0.0079374733359642,0.0217882780608055,0.0108259591536951,773.25,805.6035714285712,0.0016081007626781,0.0109720576990727,-0.0019894599054685,0.0634920634920634,0,0,0.017167922
2023-07-13,31454.23,0.0347489761397028,0.021539009738453,0.0139041938127001,1553.2000000000007,859.8321428571427,0.0014331834505891,0.0109720576990727,-0.0017748989439819,0.0515873015873015,0,0,0.017054286
2023-07-14,30312.01,-0.036989469688736,0.0238465910490155,0.0174409842586223,1730.0,856.117857142857,0.0011585592538866,0.0172814399563917,0.0002263829188207,0.2103174603174603,0,0,0.01700553
2023-07-15,30289.52,-0.00074222551914,0.0259905539757337,0.0174008871468173,190.90000000000143,845.3942857142857,0.001212892672522,0.0161674366686785,0.0024965253762642,0.4087301587301587,0,0,0.017870825
2023-07-16,30231.99,-0.0019011428276591,0.0251361172249448,0.017396270232677,377.16999999999825,826.9064285714285,0.0012408043821113,0.0152559730070881,0.002222710208143,0.3134920634920635,0,0,0.018932652
2023-07-17,30138.0,-0.0031138012758322,0.0243771501026663,0.0165755379542631,677.7599999999984,817.4799999999998,0.0012535797151582,0.0145065439368665,0.0019507982269824,0.246031746031746,0,0,0.01840296
2023-07-18,29859.13,-0.0092961782772285,0.0237120703421442,0.0164423784589494,727.7799999999988,817.2721428571427,0.0012426302503838,0.014256216460599,0.0015997636689265,0.1944444444444444,0,0,0.018026989
2023-07-19,29909.21,0.0016758040032573,0.023284638367502,0.0163628343346272,427.130000000001,799.347857142857,0.0012390592739548,0.0147551299643601,0.0014963603066965,0.1626984126984127,0,0,0.017755162
2023-07-20,29800.0,-0.0036580662106331,0.022724838093268,0.0154767592542981,846.5,741.9871428571429,0.0012520232701456,0.0131893232557008,0.001185828354815,0.1269841269841269,0,0,0.017599698
2023-07-21,29901.72,0.0034076103143902,0.0222516505592391,0.0149055777383054,335.3600000000006,712.5142857142857,0.001282746507853,0.0131893232557008,-0.0015949404897763,0.0992063492063492,0,0,0.017389651
2023-07-22,29794.0,-0.0036089728683474,0.0218289476161267,0.0149197371440422,373.90000000000146,714.7685714285716,0.0013351916519316,0.0132275905964119,-0.0041616063596069,0.0714285714285714,0,0,0.017238613
2023-07-23,30083.75,0.0096781279070761,0.0214589092123419,0.0151637843664915,620.0,731.5971428571429,0.0014085822474136,0.0139548845216411,-0.0036772080126028,0.0515873015873015,0,0,0.017097633
2023-07-24,29176.5,-0.0306215681317585,0.0213221194500769,0.0169523867582634,1237.6800000000003,741.7328571428573,0.0014745997639076,0.0166519630172362,-0.0030550306525893,0.0515873015873015,0,0,0.017021146
2023-07-25,29228.91,0.0017946972401166,0.0231019446290318,0.0167780068188729,328.34999999999854,728.4985714285714,0.001454669751479,0.0166519630172362,-0.0006101257131123,0.1706349206349206,0,0,0.017064791
2023-07-26,29351.96,0.0042010363100697,0.0225634673881984,0.0168349114722242,593.0600000000013,715.6278571428572,0.0014182335175674,0.0174377011385801,-0.0007211709793036,0.1349206349206349,0,0,0.017640319
2023-07-27,29222.78,-0.0044107821710515,0.0221183973248226,0.0129918051263068,483.64000000000306,639.2307142857145,0.0013776396314201,0.0165060338036595,-0.0006064407684454,0.1031746031746031,0,0,0.017482307
2023-07-28,29314.14,0.0031214513568595,0.0217291838317012,0.0093746159170164,419.1000000000022,545.5950000000004,0.0014079468206909,0.0116394882807087,-0.0005224667275379,0.0753968253968253,0,0,0.01730771
2023-07-29,29352.9,0.0013213554199946,0.0213632656266698,0.0094186536116753,150.73999999999796,542.7264285714288,0.001167236484486,0.0124399735919149,-0.0004656819894569,0.0555555555555555,0,0,0.017112713
2023-07-30,29281.09,-0.00244943371254,0.0210218252314568,0.009418260011553,415.7599999999984,545.4828571428573,0.0009960686563027,0.012453662583661,-0.0004370839808851,0.0476190476190476,0,0,0.017028552
2023-07-31,29232.25,-0.0016693633056039,0.0207313946132888,0.009416367481766,428.2000000000007,527.6571428571432,0.0008960371931205,0.012413972529225,-0.0005907248367881,0.0436507936507936,0,0,0.016986858
2023-08-01,29705.99,0.0160761571043899,0.0204683676013357,0.0103378606633543,1153.5499999999993,558.069285714286,0.0008621337682578,0.0128603270249532,-0.0026335770276961,0.0396825396825396,0,0,0.016970348
2023-08-02,29186.01,-0.0176592240994306,0.0208576914839224,0.0112914593018936,1120.0,607.5600000000003,0.0007938341762399,0.0136495748909541,-0.001705775904276,0.0515873015873015,0,0,0.016937237
2023-08-03,29193.64,0.0002613924558794,0.0213147933123802,0.0112890569372769,465.33000000000175,580.3335714285719,0.0007388322552191,0.0146673947614257,-0.0008036040124424,0.0674603174603174,0,0,0.017001312
2023-08-04,29113.99,-0.0027320626663573,0.0209751245948378,0.0112040012888943,525.5400000000009,593.9178571428575,0.0007283752502683,0.013618574400627,-0.0007540592368634,0.0595238095238095,0,0,0.017097633
2023-08-05,29072.13,-0.0014388313646502,0.0206938599529046,0.0111936493274002,173.59000000000017,579.6100000000004,0.000750542318309,0.0135609972845938,-0.0006694056737651,0.0476190476190476,0,0,0.017043125
2023-08-06,29088.42,0.0005601735343265,0.0204336537016285,0.0107332424224983,213.20999999999913,550.5535714285717,0.000794015019802,0.0135609972845938,-0.0005881715298282,0.0396825396825396,0,0,0.016989212
2023-08-07,29211.06,0.0042072478486439,0.0202009495028334,0.0071166595481052,575.75,503.2728571428574,0.0008500185723411,0.0076335236143103,-0.0005304451104553,0.0277777777777777,0,0,0.016958427
2023-08-08,29770.42,0.0189678784073805,0.0200402439687377,0.0087310171535642,1097.5499999999993,558.2157142857146,0.0007226809074449,0.0076335236143103,-0.000428123632598,0.0198412698412698,0,0,0.01683889
2023-08-09,29581.99,-0.0063495528850303,0.0207389941066854,0.0089157759717597,783.3300000000017,571.8064285714289,0.0005757211788245,0.0074636348714589,-0.0001186973772369,0.0674603174603174,0,0,0.016778257
2023-08-10,29455.75,-0.0042765929862085,0.020566206618003,0.0089100941436929,417.7999999999993,567.1035714285715,0.0004627013883924,0.0074524700284097,-0.0007485866943772,0.0555555555555555,0,0,0.016984295
2023-08-11,29426.03,-0.0010094804377125,0.020361322501601,0.0088873713770513,312.0699999999997,559.4585714285713,0.0003888859333023,0.0069802777292933,-0.0006138020932367,0.0436507936507936,0,0,0.01692928
2023-08-12,29430.17,0.000140681865524,0.0201392577479707,0.0088822494439622,99.78999999999724,555.8192857142856,0.000364572136259,0.0069802777292933,-0.0005546022049339,0.0277777777777777,0,0,0.016869556
2023-08-13,29303.84,-0.0043017731911714,0.0199421781074684,0.0089381754487522,202.33000000000175,540.5742857142858,0.0003844638132856,0.007091365740292,-0.0004914755941601,0.0119047619047619,0,0,0.01679958
2023-08-14,29430.93,0.0043275966976992,0.0198162284694471,0.0089926888143148,592.869999999999,552.3364285714285,0.0004239380785268,0.0075546860637677,-0.0003847210333862,0.0119047619047619,0,0,0.01673625
2023-08-15,29200.0,-0.0078774528796099,0.0197069135634613,0.008024463901004,439.65999999999985,501.3442857142857,0.0004701801944538,0.0075957820081697,-0.0003333304052763,0.0039682539682539,0,0,0.016738635
2023-08-16,28730.51,-0.0162090849613036,0.0197214330853241,0.0078023239116191,536.7699999999968,459.6849999999998,0.0004854083023044,0.0071802983400232,-0.0010175610213613,0.0079365079365079,0,0,0.016727682
2023-08-17,26623.41,-0.0761687203764118,0.0202345680908272,0.0214905966887029,3617.48,684.8385714285711,0.0003945615511863,0.0262765790048728,-0.0003316385271757,0.0595238095238095,0,0,0.01677094
2023-08-18,26054.0,-0.0216195966611483,0.0312955314777275,0.0218205766239389,1213.5999999999983,733.9857142857137,0.0029844377037038,0.0272316609669532,0.0109342089761264,0.8531746031746031,1,0,0.017221969
2023-08-19,26100.01,0.0017643901949639,0.0306906788323939,0.0219105067017483,479.90999999999985,755.8657142857137,0.0039479467721535,0.0288790581465961,0.0105514210844232,0.8214285714285714,1,0,0.030221533
2023-08-20,26189.99,0.0034415792240878,0.0293788452834428,0.0220074173956962,327.9500000000007,764.0614285714281,0.0044215782193376,0.0288790581465961,0.0094366671759744,0.7579365079365079,1,0,0.030297201
2023-08-21,26126.92,-0.0024110762869486,0.0282072425675819,0.0218068220169641,446.41999999999825,754.8235714285709,0.0046354908471736,0.0272392961328897,0.0083910140981347,0.6944444444444444,1,0,0.029623922
2023-08-22,26056.0,-0.002718132433543,0.0271392196332853,0.0204757356694082,839.4199999999983,736.3857142857136,0.0046845995677299,0.0258557566670628,0.0074323060698239,0.6031746031746031,1,0,0.028879862
2023-08-23,26432.72,0.0143545687030837,0.0261807448046781,0.0214469141214575,1006.4500000000008,752.3228571428564,0.0046704003248946,0.0271720540801754,0.006459311719354,0.5198412698412699,0,0,0.027886014
2023-08-24,26180.05,-0.0096049663422359,0.0257082976980414,0.0214222515391593,713.869999999999,773.4707142857135,0.0045970504120323,0.0273228655510557,0.0054737296072141,0.4682539682539682,0,0,0.020010184
2023-08-25,26060.01,-0.0045957149083015,0.0250661487402104,0.0213481255279813,536.8999999999978,789.5299999999991,0.0044665211913761,0.0273637074771471,-0.006229382737517,0.3968253968253968,0,0,0.019580346
2023-08-26,26017.37,-0.0016375635459642,0.024350451637198,0.0212968549247139,139.85000000000218,792.391428571428,0.0042872833455547,0.0259646567403094,-0.0063402271951958,0.3452380952380952,0,0,0.019086774
2023-08-27,26101.77,0.0032387362406804,0.023673504199412,0.021513724423039,216.11999999999895,793.3764285714278,0.004071470460408,0.0273315624300971,-0.0057053410840308,0.2936507936507936,0,0,0.018757667
2023-08-28,26120.0,0.0006981762870346,0.0230872243060334,0.0213717025579168,389.4900000000016,778.8492857142852,0.0038328105579831,0.0273315624300971,-0.0051200182615484,0.2539682539682539,0,0,0.018494423
2023-08-29,27716.34,0.0593208265640985,0.0225443542328595,0.0280354030723192,2220.8499999999985,906.0771428571422,0.0035800081630436,0.0288554034800291,-0.0045948654004257,0.2222222222222222,0,0,0.018274304
2023-08-30,27299.99,-0.0151357950818482,0.0289401299266003,0.0280000835036803,751.3299999999981,921.4028571428564,0.0032654351791681,0.0287824432976058,0.0027593851219221,0.7341269841269841,1,0,0.018152382
2023-08-31,25940.78,-0.051070088063355,0.0281978404719617,0.023430205935802,1932.5,801.0471428571424,0.0028126099372891,0.0207180846980903,0.0024895427739203,0.6865079365079365,1,0,0.02902658
2023-09-01,25805.05,-0.0052460386193207,0.0315517313241436,0.0227670314549046,822.25,773.093571428571,0.0028451254614068,0.0193456268632688,0.0064855825839332,0.8531746031746031,1,0,0.028465059
2023-09-02,25869.51,0.0024948459526168,0.0301998002686249,0.0227739144480125,235.02999999999884,755.6021428571423,0.0027956249113096,0.0193456268632688,0.0058493486314268,0.7976190476190477,1,0,0.030190777
2023-09-03,25971.21,0.0039235616506463,0.0289396867732487,0.0227809120345463,335.0,756.1057142857137,0.0027659279734803,0.0193456268632688,0.0052661825738367,0.7222222222222222,1,0,0.029618915
2023-09-04,25826.02,-0.0056061059735252,0.0278171140155975,0.0228164355541287,476.8100000000013,758.2764285714283,0.0027514916382042,0.0194282055437048,0.004729889709564,0.6468253968253969,1,0,0.02881248
2023-09-05,25792.1,-0.001314267349624,0.0268353532275278,0.0228105709683111,352.8700000000026,723.5228571428571,0.0027487125050214,0.0194099858962067,0.0042909989946683,0.5515873015873016,1,0,0.028028484
2023-09-06,25759.95,-0.0012472832474372,0.0258967877616988,0.0223943912135716,667.4900000000016,699.3114285714286,0.0027534806707464,0.0183046324902465,-0.0030433421649014,0.4642857142857143,0,0,0.027069744
2023-09-07,26255.0,0.0190354868493418,0.0250540468694847,0.0229323464502437,827.7599999999984,707.4464285714286,0.0027757737953596,0.0191157028284059,-0.003143793602477,0.3849206349206349,0,0,0.019379895
2023-09-08,25910.5,-0.0132081551334941,0.025028714407838,0.0231851354649754,798.2400000000016,726.1135714285717,0.0027773643583704,0.0196106333512697,-0.0065230169163056,0.3809523809523809,0,0,0.018835913
2023-09-09,25901.61,-0.0003431630206609,0.0246293437606932,0.0231824485826799,148.45000000000073,726.7278571428573,0.0027610969688099,0.0196024605279386,-0.0055704565079316,0.3492063492063492,0,0,0.018799584
2023-09-10,25841.61,-0.0023191454606887,0.0239170562766447,0.0231644273061644,463.09000000000015,744.3685714285717,0.002741942861113,0.0184975376909798,-0.005022630496604,0.2976190476190476,0,0,0.018628102
2023-09-11,25162.52,-0.0266303976758024,0.0232929651607607,0.0241659572713211,999.6899999999988,787.9542857142858,0.002722048031987,0.0194643473716289,-0.0045241488548368,0.246031746031746,0,0,0.01833203
2023-09-12,25840.1,0.0265719630767762,0.024231684582701,0.0186623835970104,1435.5200000000004,731.8592857142859,0.0025596594689167,0.0194643473716289,-0.0026036686448268,0.3134920634920635,0,0,0.018084373
2023-09-13,26222.0,0.0146712042012566,0.0250110689298533,0.0191127479560742,641.0500000000029,723.9821428571433,0.0025163583632872,0.0198872261997345,-0.0008857188318454,0.376984126984127,0,0,0.018436592
2023-09-14,26522.73,0.0114033481188435,0.0246962585808095,0.0134493984618167,733.7200000000012,638.3550000000006,0.0025055831398703,0.0109050561580158,-0.0003577882886751,0.3531746031746032,0,0,0.018804874
2023-09-15,26600.0,0.0029091145916009,0.0242454098154585,0.0133066400502732,664.0,627.0514285714291,0.0020247410210638,0.0114881372186419,-0.0007833045923795,0.3055555555555556,0,0,0.01850782
2023-09-16,26559.67,-0.0015173159554038,0.0235920392801634,0.0133421982664261,332.0,633.9778571428578,0.0016259101716176,0.0107595499730992,-0.0010373044805297,0.246031746031746,0,0,0.018250223
2023-09-17,26527.51,-0.0012115920994144,0.0229970538418108,0.0133522975205332,224.25,626.0671428571435,0.0013313037404369,0.010152237194083,-0.0009200024348338,0.2023809523809523,0,0,0.017920014
2023-09-18,26762.51,0.0088197198400656,0.0224664627894238,0.0133171602029655,1031.6500000000017,665.6985714285721,0.0011560070624922,0.0105840850821996,-0.0008265023713368,0.1666666666666666,0,0,0.017683174
2023-09-19,27210.26,0.0165920804871486,0.022168237566089,0.0137702536287523,815.7799999999988,698.7635714285718,0.0010764159185591,0.011303953528059,-0.0020634470166119,0.1388888888888889,0,0,0.017512064
2023-09-20,27125.0,-0.0031382961994257,0.0223512241174234,0.0138329483980832,588.630000000001,693.1307142857147,0.0010342967244519,0.0113562364558461,-0.0026598448124298,0.1507936507936507,0,0,0.017385136
2023-09-21,26568.08,-0.0207453166494904,0.0219129821774003,0.0145072321984762,781.8999999999978,689.8550000000004,0.0010886323165148,0.0129088966800771,-0.0027832764034091,0.115079365079365,0,0,0.01743747
2023-09-22,26580.14,0.0004538251782282,0.0224784045524491,0.0139373874896254,274.6100000000006,652.4528571428574,0.0010455005175527,0.0128655772506372,-0.0017670052630093,0.1706349206349206,0,0,0.017293062
2023-09-23,26575.96,-0.0001572726369545,0.022003679333057,0.013935253905392,123.81000000000132,650.6928571428574,0.0010488922645007,0.0128650607669898,-0.0015883599471064,0.119047619047619,0,0,0.017555904
2023-09-24,26248.38,-0.0124027749048938,0.0215831143660879,0.0144187339942757,616.4599999999991,661.6478571428573,0.0011163662617724,0.013664442435136,-0.0014139394757229,0.0952380952380952,0,0,0.017314624
2023-09-25,26304.81,0.0021475393477565,0.0215700436781367,0.01200887031419,455.6900000000023,622.7907142857148,0.001183285210003,0.0099819906921635,-0.0008964191112871,0.0952380952380952,0,0,0.017214414
2023-09-26,26221.67,-0.0031656440496643,0.0212108885665094,0.0100159868854943,309.119999999999,542.3335714285719,0.0012068850660733,0.0093186612413694,-0.0009573489995795,0.0753968253968253,0,0,0.017159026
2023-09-27,26372.99,0.0057542122158018,0.0209073228380597,0.009343941379313,737.9399999999987,549.2542857142859,0.0011056010739598,0.0093186612413694,-0.0014439012793636,0.0674603174603174,0,0,0.017067667
2023-09-28,27021.39,0.0242883942227578,0.0206961342573099,0.0109981895442626,966.079999999998,565.8514285714284,0.0009888317897216,0.0093186612413694,-0.0012168479200903,0.0555555555555555,0,0,0.01702262
2023-09-29,26906.96,-0.004243785383295,0.0218224835778467,0.0110850140771176,579.7299999999996,559.8321428571427,0.0007862850426347,0.0088449974964614,-0.0006559209746023,0.1309523809523809,0,0,0.016963612
2023-09-30,26962.56,0.0020642478248635,0.0214647864017928,0.0110682498710671,208.6800000000003,551.0235714285712,0.0006440793652168,0.0094382928086353,-0.0005388929312642,0.1031746031746031,0,0,0.017304283
2023-10-01,27992.57,0.037489880793176,0.0211172564900189,0.0146926971629626,1111.4199999999985,614.3928571428569,0.0005744512490969,0.0101825147726825,-0.0004658578760689,0.0833333333333333,0,0,0.017188322
2023-10-02,27494.51,-0.0179527694400132,0.0239331837538306,0.0157022706698248,1298.5600000000013,633.4578571428568,0.0008107807743542,0.0116152828705587,0.0023631400756938,0.3293650793650793,0,0,0.017097201
2023-10-03,27426.46,-0.0024781075361435,0.0239755382330449,0.0151497092749307,516.0200000000004,612.0464285714285,0.0009963283370477,0.0109003703497998,0.0027646496665355,0.3333333333333333,0,0,0.018351879
2023-10-04,27778.57,0.0127566192765868,0.0233466747596117,0.0154435534675434,637.7200000000012,615.552857142857,0.0010620179638295,0.0115924586758992,0.002439351921552,0.2738095238095238,0,0,0.018381294
2023-10-05,27410.39,-0.0133427215220667,0.0231272603712904,0.0147259868634393,768.3899999999994,614.5878571428572,0.0011030165159979,0.0099164779302995,0.0024311261139805,0.2539682539682539,0,0,0.018081006
2023-10-06,27931.09,0.0188182667350833,0.0229685004298992,0.015359935893702,1119.0600000000013,674.9057142857143,0.0011239273581048,0.0099164779302995,0.0011460168520524,0.242063492063492,0,0,0.017948177
2023-10-07,27956.67,0.0009154062279908,0.0232112320989707,0.0153427337165404,187.5899999999965,679.4614285714282,0.0011598004231588,0.0107108279100519,0.0017464456971779,0.2698412698412698,0,0,0.017882686
2023-10-08,27917.05,-0.0014181982742726,0.0226552845358577,0.0147290339075958,407.6399999999994,664.545714285714,0.0011506124812582,0.0094561573248702,0.0015380280458387,0.2182539682539682,0,0,0.018040355
2023-10-09,27590.12,-0.0117798756643825,0.0221645022940666,0.0153502784850673,727.9300000000003,683.9914285714282,0.0011329853299264,0.0098218338321494,-0.0017686814597639,0.1706349206349206,0,0,0.01775835
2023-10-10,27390.12,-0.007275373195295,0.0220413792233005,0.0155239649108252,437.0,693.1257142857139,0.001090920552984,0.0101290860655704,-0.0019341590097444,0.1587301587301587,0,0,0.01751351
2023-10-11,26875.52,-0.0189665293285479,0.0217381053570673,0.0165711612270016,938.7299999999996,707.4678571428568,0.0010247743611889,0.0116077448630041,-0.0016085694025444,0.1349206349206349,0,0,0.017458167
2023-10-12,26759.63,-0.0043214265402866,0.0221724256369895,0.0152347603082633,392.0400000000009,666.4649999999999,0.0008989475531705,0.0110382801286145,-0.0009548347343009,0.1865079365079365,0,0,0.017369535
2023-10-13,26862.0,0.0038182399293198,0.0217750976709528,0.015242680153509,445.0,656.8414285714285,0.0009019927349069,0.0116113249642344,-0.0011934027589463,0.1388888888888889,0,0,0.017602872
2023-10-14,26852.48,-0.0003544668067032,0.0214150279415412,0.0152297272312964,200.58000000000175,656.2628571428571,0.0009066809900111,0.0109478997788894,-0.0017962041574295,0.1031746031746031,0,0,0.017385166
2023-10-15,27154.15,0.0111717075306749,0.0210636156069768,0.0113332035836426,485.08000000000175,611.524285714286,0.0009132716328427,0.0109478997788894,-0.0015916689288809,0.0833333333333333,0,0,0.017202806
2023-10-16,28500.78,0.0484015661102947,0.0210513704135843,0.0167880712984471,2887.34,725.0085714285716,0.0009002630394653,0.0097237252091932,-0.0011131318804823,0.0833333333333333,0,0,0.01710875
2023-10-17,28395.91,-0.0036863346095206,0.0257647415179495,0.0168190812678358,544.3300000000017,727.0307142857146,0.0012208182400084,0.0097714808335524,0.003723362294649,0.5476190476190477,0,0,0.017098632
2023-10-18,28320.0,-0.0026768518861093,0.0249597463098443,0.0165981165485859,839.4900000000016,741.4428571428574,0.0013767051327782,0.0092557503895568,0.003221640952777,0.4682539682539682,0,0,0.019573938
2023-10-19,28713.71,0.0138064402260003,0.0242267855744554,0.0163296357035018,816.2299999999996,744.8600000000004,0.0014402728260035,0.0086095297479639,0.0020543599374659,0.4007936507936508,0,0,0.01913337
2023-10-20,29669.04,0.0327293688126815,0.0239574818067843,0.0177102479524562,1629.2599999999984,781.3028571428573,0.0014803842066875,0.0086095297479639,0.0021823841358314,0.3849206349206349,0,0,0.018728938
2023-10-21,29909.8,0.0080821080284518,0.0255048313715849,0.0177081034949499,915.2200000000012,833.276428571429,0.0016545958601291,0.0086095297479639,0.0040898034300437,0.5198412698412699,0,0,0.018643107
2023-10-22,29992.46,0.0027598308466529,0.0248312298226471,0.017629853053254,608.0,847.5878571428576,0.0017310640336067,0.0091883523589337,0.0037676142156703,0.4642857142857143,0,0,0.01943871
2023-10-23,33069.99,0.0976802078654781,0.024112917021276,0.0296985784968356,4858.310000000005,1142.615000000001,0.0017329269278612,0.0086815442446908,0.0030615466076917,0.4007936507936508,0,0,0.019137125
2023-10-24,33922.73,0.0254590665708622,0.0387478338581717,0.0292700418425539,2447.6600000000035,1286.2335714285723,0.0044716043910023,0.0089362655254231,0.0129830923402222,0.9563492063492064,2,0,0.01882146
2023-10-25,34496.05,0.0167595335532482,0.0375847892966252,0.0275622972128701,1453.7999999999956,1323.0242857142864,0.0056117003681037,0.003144637218093,0.0126250429867808,0.9404761904761904,2,0,0.041834053
2023-10-26,34151.66,-0.0100336308158794,0.0360417844057805,0.0279549305642011,1073.1299999999974,1371.673571428572,0.0061729511062735,0.005512576369991,0.0118149988313251,0.9246031746031746,2,0,0.04210658
2023-10-27,33892.02,-0.0076316054672105,0.0343878255120374,0.0285448188409628,854.0500000000029,1400.8914285714293,0.0063478177645918,0.0059965889461775,0.0104303437052531,0.9126984126984128,2,0,0.042016324
2023-10-28,34081.0,0.0055604558078261,0.0328218096585935,0.0283173620026524,633.3300000000017,1431.8021428571435,0.0062513571090734,0.0067020472288331,0.0073169782870085,0.9007936507936508,1,0,0.041851383
2023-10-29,34525.89,0.0129694331309018,0.0313571457311814,0.0282928319859164,820.1100000000006,1455.7328571428577,0.0059428478738481,0.0067020472288331,0.0065259159085343,0.8650793650793651,1,0,0.030996185
2023-10-30,34474.73,-0.0014828854979818,0.0302561957233168,0.0271741401639181,793.1600000000035,1306.1485714285725,0.0054935370285437,0.0060310645433482,0.0061432787020407,0.8253968253968254,1,0,0.030306589
2023-10-31,34639.77,0.0047758520627763,0.028983804703205,0.0268524468266108,695.489999999998,1316.945714285715,0.0053864882568992,0.0064861320287366,-0.0097640291549667,0.7738095238095238,1,0,0.029753994
2023-11-01,35421.43,0.0223145602612131,0.0278701841068532,0.0264724222821195,1484.6100000000006,1363.025714285715,0.0052377158914259,0.0073283490354614,-0.0097146051897719,0.7142857142857143,1,0,0.029039722
2023-11-02,34941.59,-0.0136391939573101,0.0277345793431932,0.0276365690086922,1684.989999999998,1425.0800000000004,0.0050170312555498,0.0093158696663512,-0.0083072050625873,0.7103174603174603,1,0,0.028451439
2023-11-03,34716.78,-0.0064546666973637,0.0270475953891111,0.0275803295253101,826.5,1367.7400000000005,0.0047788776040805,0.0088182133421212,-0.0073402301229263,0.6547619047619048,1,0,0.028493281
2023-11-04,35062.07,0.0098967758372303,0.0261637666979945,0.0275686956118401,669.8199999999997,1350.211428571429,0.0047286632154167,0.0088182133421212,-0.0066580429605989,0.5952380952380952,0,0,0.027903568
2023-11-05,35011.88,-0.0014324869251005,0.025482706475767,0.0276917017349485,932.0,1373.354285714286,0.0046707244422222,0.008071105371699,-0.0058744392554144,0.5198412698412699,0,0,0.020149972
2023-11-06,35046.09,0.00097661986835,0.0246840891627062,0.0120832892436089,550.4300000000003,1065.6485714285716,0.0046116939854922,0.008071105371699,-0.0055721065606106,0.4563492063492063,0,0,0.019567173
2023-11-07,35399.12,0.0100229087373371,0.0239676899767217,0.0106023742785167,1364.9400000000023,988.3114285714286,0.0042974978109662,0.008071105371699,-0.0050161147264832,0.3888888888888889,0,0,0.019115698
2023-11-08,35624.72,0.0063528178351219,0.023540256945701,0.0099088532284076,1006.0,956.3257142857146,0.0039118418486967,0.008071105371699,-0.0043299271611522,0.3333333333333333,0,0,0.018710148
2023-11-09,36701.09,0.0297666759831543,0.0230334935825916,0.0116539557861012,2438.189999999995,1053.8300000000002,0.0035337824854444,0.0076181717515037,-0.0047010857606016,0.2857142857142857,0,0,0.01839545
2023-11-10,37301.63,0.0162305705349083,0.0243799810299474,0.0113838140308297,1201.2900000000009,1078.6328571428571,0.0030484569782473,0.0076148096195815,-0.0026676143591637,0.4484126984126984,0,0,0.018143993
2023-11-11,37130.0,-0.00461175723788,0.0242420622098518,0.0117896368891182,741.3300000000017,1086.347142857143,0.0026082045032131,0.0071163137506862,-0.0019217044881426,0.4285714285714285,0,0,0.019031461
2023-11-12,37064.13,-0.0017756126342121,0.0236160994413963,0.0117893342318583,491.1200000000026,1062.8478571428573,0.0022597637884527,0.0065365945162319,-0.0018666070343707,0.3492063492063492,0,0,0.018920135
2023-11-13,36462.93,-0.0163535274925212,0.0230203020277339,0.0130295416365981,1084.989999999998,1083.6928571428568,0.0019672304312802,0.0093238164509525,-0.0016637871349722,0.2857142857142857,0,0,0.018462133
2023-11-14,35551.19,-0.0253224983929367,0.0230691350114976,0.0151956331428926,1944.0,1172.8721428571428,0.0017287452617159,0.0128887007220976,-0.0008985549652241,0.2936507936507936,0,0,0.018170398
2023-11-15,37858.2,0.0628739714000108,0.0239039973959062,0.0218191943692949,2620.0,1253.9714285714283,0.0015057286604339,0.0128887007220976,0.0003637404502052,0.3928571428571428,0,0,0.018287923
2023-11-16,36163.51,-0.0457970016721329,0.030587307490731,0.0253166342400121,2429.540000000001,1307.1535714285717,0.0020592080178544,0.0209563082711177,0.0075538139081394,0.8492063492063492,1,0,0.018846866
2023-11-17,36613.92,0.0123778965726657,0.0326558557694592,0.0253071236039953,938.9000000000016,1315.1821428571432,0.0029076863601207,0.0224814933975509,0.0082758747395118,0.9047619047619048,1,0,0.030144896
2023-11-18,36568.1,-0.0012522203127858,0.0314012557050206,0.0252759246442624,666.9099999999962,1314.9742857142858,0.003349130773771,0.0208191989965873,0.0071591934951687,0.876984126984127,1,0,0.031151738
2023-11-19,37359.86,0.0214205903732054,0.0300204178368385,0.0257017261880365,1115.9800000000032,1328.1157142857144,0.0035561558770576,0.0224796993945868,0.0064043183954421,0.8293650793650794,1,0,0.030799385
2023-11-20,37448.78,0.002377266633287,0.0295509723846857,0.0256891073511099,1073.0,1365.442142857143,0.0036678732205042,0.0224796993945868,0.0065306703569518,0.8095238095238095,1,0,0.030325215
2023-11-21,35741.65,-0.0466574572380054,0.0283518564960502,0.0290397636658602,1914.4400000000023,1404.692142857143,0.0036484866540369,0.0272788238779309,0.0052827214845526,0.7698412698412699,1,0,0.030117672
2023-11-22,37408.34,0.0455769987877179,0.0309850586271125,0.0314227401273966,2229.0899999999965,1492.0557142857142,0.0037215480338126,0.0272788238779309,0.0070810612312063,0.8690476190476191,1,0,0.029847767
2023-11-23,37294.28,-0.0030537105294428,0.0329490458341975,0.0305229274698251,783.4400000000023,1373.8592857142862,0.0038383268644401,0.0255398335280887,0.0023617383434665,0.9285714285714286,1,0,0.030989882
2023-11-24,37713.57,0.0111800129543677,0.0314384349868647,0.0303603307548871,1162.489999999998,1371.0878571428573,0.0038227992308377,0.0255398335280887,-0.0012174207825945,0.8928571428571429,1,0,0.031536248
2023-11-25,37780.67,0.0017776195288341,0.0302581584904698,0.0303209709292197,296.90000000000146,1339.3428571428574,0.0036701752888051,0.0272475332260128,-0.0011430972145508,0.8492063492063492,1,0,0.031094428
2023-11-26,37447.43,-0.0088595133917142,0.0289872341428984,0.0304340787460109,664.6299999999974,1351.7364285714284,0.0033659171351541,0.0274443193331774,-0.00103318369394,0.8015873015873016,1,0,0.0306403
2023-11-27,37242.7,-0.0054821303093675,0.0279726774793729,0.0301014009004937,862.2300000000032,1335.8250000000005,0.002908803306015,0.0268193707631261,-0.0015782949053128,0.753968253968254,1,0,0.030108478
2023-11-28,37818.87,0.0153522319467533,0.0269726837054484,0.029263473895266,1508.5899999999965,1304.7242857142858,0.0023926497005383,0.0270608007150868,-0.0013791727906018,0.6785714285714286,1,0,0.029536303
2023-11-29,37854.64,0.0009453771250758,0.0264646263964876,0.0239445298000998,880.0,1180.438571428571,0.0019756546622489,0.0270608007150868,-0.0045204322306248,0.6507936507936508,0,0,0.028725501
2023-11-30,37723.96,-0.0034581251896561,0.0255621665808777,0.0200778239538156,645.8499999999985,1053.0321428571426,0.0022749347963145,0.0196142587578521,-0.0073868792533197,0.5674603174603174,0,0,0.020830687
2023-12-01,38682.52,0.0250923820630912,0.0247751765041763,0.0208080677244526,1383.1399999999994,1084.7635714285711,0.0024154937943063,0.0196142587578521,-0.0066632584826884,0.503968253968254,0,0,0.019967478
2023-12-02,39450.35,0.0196551008311658,0.0253185963723288,0.0211552246913999,1075.5299999999988,1113.9507142857142,0.0024918990408329,0.0214790447832677,-0.004939562118141,0.5515873015873016,0,0,0.019579198
2023-12-03,39972.26,0.0131427942891875,0.0253057939350086,0.0207860499734485,975.1399999999994,1103.8907142857138,0.0025934351733221,0.0214790447832677,-0.0036814402078898,0.5515873015873016,0,0,0.019922193
2023-12-04,41991.1,0.0492719775349019,0.0248702187488677,0.0239052310897259,2447.739999999998,1202.086428571428,0.0027060612089728,0.0214790447832677,-0.0031024587305052,0.5198412698412699,0,0,0.01993465
2023-12-05,44073.32,0.0483969196447056,0.0287120314147872,0.0203703190405123,3074.0,1284.912142857142,0.0027126754748352,0.0056971156757567,0.0017393477093388,0.8134920634920635,1,0,0.019766625
2023-12-06,43762.69,-0.0070729828231428,0.0315338149510619,0.01910524602351,961.9300000000004,1194.4007142857138,0.0027641889122695,0.0059975927522346,0.0050691885545743,0.9404761904761904,1,0,0.029187214
2023-12-07,43273.14,-0.0112495086853492,0.0302207121439812,0.0196923506269856,1226.2300000000032,1226.028571428571,0.0024634825008958,0.0077082020182712,0.0046585455631034,0.8849206349206349,1,0,0.03080104
2023-12-08,44170.99,0.0205361195573292,0.0291649954778362,0.0198707355247815,1618.9000000000017,1258.6292857142855,0.0022682966730409,0.0077082020182712,0.0043898189736598,0.8412698412698413,1,0,0.030290585
2023-12-09,43713.6,-0.0104089722604943,0.0287341964101787,0.0205739402026345,773.5099999999948,1292.6728571428564,0.0021640544449683,0.0082201844595295,0.0034156000378499,0.8174603174603174,1,0,0.029808488
2023-12-10,43789.51,0.001735024481821,0.0277989323454028,0.0199970587471582,486.0,1279.913571428571,0.0021229257816345,0.0080862552241959,0.0024931384103942,0.7619047619047619,1,0,0.029561665
2023-12-11,41253.4,-0.0596607573549246,0.0267661385154446,0.0273567559757493,3582.5,1474.2185714285708,0.0021217751822937,0.027771531586099,0.0018959197665768,0.6865079365079365,0,0,0.028955203
2023-12-12,41492.39,0.0057765033012788,0.0319703123140006,0.0272596297534137,1424.1200000000026,1468.1849999999995,0.0024564779307581,0.027771531586099,0.0032582808992133,0.9523809523809524,1,0,0.021216374
2023-12-13,42869.03,0.0326396168808305,0.0305887172944643,0.0280564058051414,2920.199999999997,1613.913571428571,0.0025480641926482,0.027771531586099,-0.0009450976565976,0.9087301587301588,1,0,0.031602573
2023-12-14,43022.26,0.0035680023564594,0.0310418226039776,0.0278809146471657,2020.0,1712.0671428571425,0.0025735338828534,0.0310013354686582,0.0008211104599964,0.9206349206349206,1,0,0.03138895
2023-12-15,41940.3,-0.0254704776409777,0.0297131990512662,0.0289446300832433,1414.8099999999977,1714.329285714285,0.002377890789874,0.0299769125649079,0.0005482035734299,0.8571428571428571,1,0,0.0317008
2023-12-16,42278.03,0.0080203872581403,0.0296019805488259,0.028681301897347,1119.4300000000003,1717.4649999999997,0.0021770290824407,0.0299769125649079,0.0008677841386472,0.8492063492063492,1,0,0.030954655
2023-12-17,41374.65,-0.0215991913352073,0.0285007706175059,0.0294111060002849,1172.0699999999997,1731.5314285714285,0.0019110090800642,0.028750656517013,0.0007018382721031,0.7936507936507936,1,0,0.030847218
2023-12-18,42657.8,0.0305417667085521,0.0282294557651858,0.0274806938275008,2214.8799999999974,1714.8985714285711,0.0014848937270081,0.028750656517013,0.0014633172497412,0.7777777777777778,1,0,0.030190658
2023-12-19,42275.99,-0.008990828549253,0.0288103837476786,0.0239389079389159,1685.9000000000017,1615.748571428571,0.0014812611379362,0.0268339776588181,-0.0031599285663219,0.8055555555555556,1,0,0.029991638
2023-12-20,43668.93,0.0324175526446293,0.0278179795818443,0.0256819158518876,2077.0,1695.3964285714285,0.0014157901245207,0.0288398145305558,-0.00277073771262,0.7420634920634921,1,0,0.030128937
2023-12-21,43861.8,0.0044069165684454,0.0286672568339317,0.0255018070318236,955.6299999999974,1676.0678571428564,0.001391264192218,0.0311892865172624,-0.0023745657700459,0.7936507936507936,1,0,0.029562812
2023-12-22,43969.04,0.0024419680670515,0.0275786716632658,0.0248846871697949,985.7200000000012,1630.8407142857136,0.0014490015486866,0.0311892865172624,-0.0021345273880004,0.7142857142857143,1,0,0.03017452
2023-12-23,43702.16,-0.006088221088726,0.026573342944649,0.0247765930239053,697.5800000000017,1625.4171428571426,0.0015865720790765,0.0309599021309334,-0.0030286376041769,0.6507936507936508,0,0,0.029339861
2023-12-24,42991.5,-0.016395107062852,0.0257299636973589,0.0251488903772963,1446.0,1693.9885714285713,0.0017754008024223,0.0290441538448712,-0.0027708069201469,0.5793650793650794,0,0,0.0210458
2023-12-25,43576.13,0.0135071016356853,0.0254338056591446,0.0189228175602398,1081.8899999999994,1515.373571428571,0.0019162877738019,0.0173318854555647,-0.0027956501060412,0.5436507936507936,0,0,0.02042089
2023-12-26,42508.93,-0.0247953518646699,0.0250025705653489,0.0203976997380289,1955.0800000000015,1553.2992857142854,0.0018751627712677,0.0187828855669058,-0.0038078131823297,0.503968253968254,0,0,0.019899484
2023-12-27,43428.85,0.0214097952982097,0.0254827458077137,0.0192787581525827,1578.3099999999977,1457.4499999999996,0.0018485932531925,0.0187828855669058,-0.0023352337741306,0.5515873015873016,0,0,0.019679468
2023-12-28,42563.76,-0.0201207798082343,0.0255890310224574,0.0200531133743518,1545.7799999999988,1423.5771428571425,0.0016615233203972,0.0189797882022215,-0.0030782258114743,0.5674603174603174,0,0,0.019955318
2023-12-29,42066.95,-0.0117407902387345,0.0255767288328924,0.019063269446162,1811.0,1451.8764285714285,0.0015720250046128,0.0169483562017034,-0.0020019428303733,0.5674603174603174,0,0,0.020045485
2023-12-30,42140.28,0.0017416561151897,0.025040073124321,0.0189389759786519,1092.0199999999968,1449.9185714285709,0.0014701774607918,0.0169483562017034,-0.001533269820328,0.5158730158730159,0,0,0.020016339
2023-12-31,42283.58,0.0033947781497314,0.0242900855285874,0.0179206225562575,933.1600000000036,1432.8535714285713,0.0015073410092929,0.0160426638438667,-0.0014398781687715,0.4444444444444444,0,0,0.019697946
2024-01-01,44179.55,0.0438631813137799,0.0236383161480598,0.01983020687523,2003.3300000000015,1417.7428571428572,0.0015800935822177,0.0160426638438667,-0.0017954895110848,0.3611111111111111,0,0,0.019247334
2024-01-02,44946.91,0.0172200031711362,0.0268763299722043,0.0198986963405243,1731.2900000000009,1420.985,0.0013977912114458,0.0171077022492314,0.0018737594068553,0.6865079365079365,1,0,0.018765178
2024-01-03,42845.23,-0.0478876952125606,0.0264941853159569,0.0225865305864887,4750.0,1611.9135714285717,0.0013032708499566,0.0250219861122603,0.0010114395082432,0.6626984126984127,0,0,0.028261911
2024-01-04,44151.1,0.0300235215075552,0.029720553464965,0.0240780349394039,2115.810000000005,1694.783571428572,0.0014944691904953,0.0250219861122603,0.0041315224425076,0.8690476190476191,1,0,0.020991545
2024-01-05,44145.11,-0.0001356796630158,0.030030739913811,0.0240716468660578,1907.4599999999991,1760.6221428571432,0.0018123704895511,0.0231659144402899,0.0044540110809185,0.8809523809523809,1,0,0.030633327
2024-01-06,43968.32,-0.0040127875450881,0.0287759653026084,0.024035739148463,817.3699999999953,1769.178571428571,0.0019467217823807,0.0231011847897791,0.0037358921782874,0.8134920634920635,1,0,0.030985292
2024-01-07,43929.02,-0.0008942250725407,0.0276707021058211,0.023553065621921,908.5,1730.7857142857142,0.0019747472949565,0.0222571121015881,0.0033806165772337,0.7341269841269841,1,0,0.0302567
2024-01-08,46951.04,0.0665302071124074,0.0266465251759294,0.0292092068666863,4073.989999999998,1944.5071428571428,0.0019555357512101,0.0222571121015881,0.0030082090278696,0.6746031746031746,0,0,0.029353496
2024-01-09,46110.0,-0.0180755104150307,0.0332111450980783,0.0287273520155053,3223.3300000000017,2035.0964285714283,0.0026001751506374,0.0213125311106257,0.0063348151258739,0.98015873015873,1,0,0.021142658
2024-01-10,46653.99,0.0117286079638336,0.0321722819303502,0.0284379727091331,3395.5699999999997,2164.9007142857145,0.0028842943094629,0.0213125311106257,0.0056780966143932,0.9523809523809524,1,0,0.0319699
2024-01-11,46339.16,-0.0067710622307295,0.0309401296692363,0.0277419362454353,3363.4200000000055,2294.7321428571436,0.0029577317774625,0.0200733276479393,0.0012195762042712,0.9047619047619048,1,0,0.031985726
2024-01-12,42782.73,-0.0798528754667806,0.0296767493186339,0.0358835478713289,5015.529999999999,2523.627142857143,0.0029088919372197,0.0359746040282266,-0.0003539905951771,0.8452380952380952,1,0,0.031406682
2024-01-13,42847.99,0.0015242196406752,0.0380185950661251,0.0358833448531314,820.8799999999974,2504.2600000000007,0.003758866613895,0.0359746040282266,0.0092426297635167,0.996031746031746,2,0,0.031379875
2024-01-14,41732.35,-0.0263821287056398,0.0360511098423373,0.0366175590017923,1359.0,2534.6771428571433,0.0038997018079674,0.0349199471290314,0.0083804077365162,0.988095238095238,2,0,0.04429921
2024-01-15,42511.1,0.0184886108803485,0.0352485026466472,0.0348130008053373,1682.3799999999974,2511.752142857142,0.0036718720242366,0.0349199471290314,0.0086019774707178,0.98015873015873,2,0,0.044499975
2024-01-16,43137.95,0.0146379018282996,0.0340223375925738,0.0347057392503946,1528.010000000002,2497.2321428571427,0.0035763609080643,0.0349199471290314,0.0008111924944955,0.9722222222222222,2,0,0.04437254
2024-01-17,42776.1,-0.0084235847254312,0.0327283148276596,0.0322924396120665,997.3099999999976,2229.182857142857,0.0033051915993391,0.0306858010462702,0.0005560328973094,0.9523809523809524,1,0,0.044132125
2024-01-18,41327.5,-0.0344513974581595,0.0313360370276712,0.0322610809984099,2246.720000000001,2238.533571428571,0.0032556061039687,0.0311267049932482,0.0003959073584349,0.9007936507936508,1,0,0.032649364
2024-01-19,41659.03,0.0079900138913284,0.0318723383957901,0.0324226049244273,1916.8600000000008,2239.2049999999995,0.0032113937872757,0.0330148214152738,0.0021955890771562,0.9206349206349206,1,0,0.03177012
2024-01-20,41696.04,0.0008880084302518,0.030549681996421,0.0324505315439661,416.2599999999947,2210.5542857142855,0.0031065689011389,0.0352617255083374,-0.0074689130697041,0.8571428571428571,1,0,0.03206287
2024-01-21,41580.33,-0.0027789413603009,0.0292471635929624,0.0324415013211659,380.4099999999962,2172.833571428571,0.0029565421173974,0.0352757461749186,-0.0068039462493749,0.7896825396825397,1,0,0.03131349
2024-01-22,39568.02,-0.0496060026684208,0.0280810014654133,0.0275140717271412,2258.0699999999997,2043.1249999999995,0.0027655046116879,0.0373687760338099,-0.0071675011812339,0.7182539682539683,1,0,0.03053921
2024-01-23,39897.6,0.0082949554728823,0.0312268266325745,0.0279810847084514,1621.739999999998,1928.7257142857136,0.0027698277782285,0.0393603849091162,-0.0027955109599993,0.8888888888888888,1,0,0.029765587
2024-01-24,40084.88,0.004683034141145,0.0299742378379368,0.0276146607122196,1070.8099999999977,1762.6714285714277,0.0028346749149912,0.0393603849091162,-0.0027540769897228,0.8253968253968254,1,0,0.0316821
2024-01-25,39961.09,-0.0030929751663038,0.0287628308312359,0.0276737820336801,750.239999999998,1576.0157142857129,0.0029584291520518,0.0392944898227355,-0.0025732061964353,0.75,1,0,0.03095844
2024-01-26,41823.51,0.045552390926284,0.027647075209154,0.0235077645682505,2424.300000000003,1390.927857142856,0.0031217224232849,0.0271781676862461,-0.0042252631866361,0.6706349206349206,1,0,0.030052658
2024-01-27,42120.63,0.0070790228069768,0.0302603462799715,0.0236115593750167,805.6600000000035,1389.8407142857136,0.002566144995399,0.0271781676862461,-0.0002893357164494,0.8492063492063492,1,0,0.028703105
2024-01-28,42031.06,-0.0021287756389742,0.0290698366230756,0.0224865669537449,1221.8700000000026,1380.0457142857138,0.0022072708710586,0.0249680855072043,-0.0001773269698868,0.7698412698412699,1,0,0.030570116
2024-01-29,43302.7,0.0298061199427106,0.0279151643754823,0.0233687656748837,1528.1200000000026,1369.0271428571427,0.0018973474905593,0.0249680855072043,-0.0001658370899309,0.6904761904761905,1,0,0.02967703
2024-01-30,42941.1,-0.0083855794598921,0.0284659359099748,0.023168544904826,1198.3700000000026,1345.4814285714283,0.001590977768036,0.0233322269656878,-0.0027608907225996,0.7222222222222222,1,0,0.028816711
2024-01-31,42580.0,-0.008444749797384,0.0274896756328151,0.0231691145669575,1468.270000000004,1379.1214285714289,0.0014586812151309,0.0233333199087928,-0.0024845622051217,0.6388888888888888,1,0,0.02902275
2024-02-01,43082.94,0.0117424356196096,0.0266159233555286,0.0211358083814839,1400.8499999999983,1318.702142857143,0.0015260118544672,0.0209133447784837,-0.0021469074757073,0.5912698412698413,0,0,0.028196093
2024-02-02,43200.0,0.0027134001651223,0.0259623958878283,0.0210864192172136,941.2099999999992,1249.0128571428572,0.001512759693445,0.0209133447784837,-0.0016846793213257,0.5515873015873016,0,0,0.020348307
2024-02-03,43011.09,-0.0043825058320461,0.0251243865372335,0.0211661264524884,500.0100000000021,1254.9950000000006,0.0016778825459549,0.0194327201842309,-0.005135959742738,0.4722222222222222,0,0,0.019962858
2024-02-04,42582.88,-0.0100056948515465,0.0243985358023875,0.0213843625601899,897.0400000000009,1291.8971428571438,0.0019413798723883,0.0197694053335255,-0.0046713008206881,0.4047619047619047,0,0,0.019427698
2024-02-05,42708.7,0.0029503519870903,0.0239203034887225,0.0154833752570634,1311.6600000000035,1224.2964285714295,0.0022153209440561,0.0067706500174063,-0.0039948608867598,0.3373015873015873,0,0,0.019049373
2024-02-06,43098.95,0.0090959883104257,0.0233029725843283,0.0154961487273537,825.9800000000032,1167.45642857143,0.002238059734863,0.0067706500174063,-0.0051629633256465,0.2777777777777778,0,0,0.018428963
2024-02-07,44349.6,0.0286050546851992,0.0229156565126075,0.0166718896535357,1608.5,1205.8628571428587,0.0023256103450975,0.0067706500174063,-0.0045740191202075,0.2301587301587301,0,0,0.018091004
2024-02-08,45288.65,0.020952759670056,0.0241439043737299,0.0167658583382985,1283.2000000000044,1243.9314285714306,0.0023168027061669,0.0072867511906178,-0.0024720189817987,0.3809523809523809,0,0,0.017857607
2024-02-09,47132.77,0.0399120635942171,0.0243977030412395,0.0158617667316721,2957.8799999999974,1282.0442857142875,0.0023267529688613,0.0072867511906178,-0.0015646928465887,0.4166666666666667,0,0,0.018671926
2024-02-10,47751.09,0.0130333810778715,0.0268509375221732,0.0158994667472071,1370.0,1322.3542857142872,0.0020021907069143,0.0072867511906178,0.0017265509849396,0.6031746031746031,1,0,0.018893506
2024-02-11,48299.99,0.0114294597278359,0.0262322644571065,0.0155817187363945,1035.5,1309.0421428571442,0.0017711326127423,0.0080770048416594,0.001833728654719,0.5595238095238095,0,0,0.027129006
2024-02-12,49917.27,0.0329356814465882,0.0256074092235328,0.01590783552832,2624.8099999999977,1387.3771428571438,0.0016366126465198,0.0080770048416594,0.0016871057348103,0.5119047619047619,0,0,0.019890752
2024-02-13,49699.59,-0.0043703514941828,0.0268843344841386,0.0155807116401069,2067.6600000000035,1449.4692857142868,0.0014519552098031,0.0072410989869167,0.0035813618998103,0.6111111111111112,1,0,0.019510489
2024-02-14,51795.17,0.0413002181031991,0.0259741687256074,0.0165826012930414,2818.699999999997,1545.928571428572,0.0013250682626673,0.0067926494343245,0.0030585122129998,0.5476190476190477,0,0,0.027264591
2024-02-15,51880.0,0.0016364577734702,0.0283033167728258,0.0169049684995661,1502.6200000000026,1553.197857142858,0.0015282195487243,0.0067926494343245,0.0041594123990959,0.7182539682539683,1,0,0.019846078
2024-02-16,52124.11,0.0046942461844263,0.027220084981483,0.0168178648898599,1006.0800000000016,1557.8314285714296,0.0016059633193794,0.0067926494343245,0.0028223819402435,0.6349206349206349,1,0,0.028361585
2024-02-17,51642.64,-0.0092799178006313,0.0262812443906546,0.0172615767394308,1537.8199999999997,1631.960714285715,0.0016216591818837,0.0082730642455187,-0.0005696931315185,0.5714285714285714,0,0,0.02772173
2024-02-18,52137.67,0.0095400322946765,0.0255642742448146,0.0159962574635651,1213.7200000000012,1654.5807142857152,0.0015926613627709,0.0072531664316069,-0.0006679902122918,0.503968253968254,0,0,0.020035218
2024-02-19,51774.73,-0.0069855277307073,0.0249355948004197,0.0167488780468615,811.7699999999968,1618.874285714286,0.0015351791920625,0.0071650644157527,-0.000671814423113,0.4404761904761904,0,0,0.019494843
2024-02-20,52258.82,0.0093064880309015,0.0242907905164426,0.0167444726315945,2224.6299999999974,1718.777857142857,0.0014405098592043,0.0071650644157527,-0.002593543967696,0.3928571428571428,0,0,0.01910485
2024-02-21,51849.39,-0.0078655105264608,0.023796748510162,0.0170914968364149,1741.800000000003,1728.2992857142858,0.0013247699516075,0.007346439615343,-0.0021774202154454,0.3253968253968254,0,0,0.018836614
2024-02-22,51288.42,-0.010878174198952,0.0233069834315246,0.0177914392236425,1125.0,1716.9992857142856,0.0014183385953909,0.0081757614200791,-0.0049963333413011,0.2817460317460317,0,0,0.018470611
2024-02-23,50744.15,-0.0106686553597654,0.0229964837755378,0.0160576276921309,1027.5400000000009,1579.1178571428572,0.0015589399663881,0.0086413307344772,-0.0042236012059452,0.238095238095238,0,0,0.018232342
2024-02-24,51568.22,0.0161092509338551,0.022713870520126,0.0161924454547999,1113.0,1560.7607142857144,0.0016880661108167,0.0086413307344772,-0.0035673738705286,0.2222222222222222,0,0,0.017992329
2024-02-25,51728.85,0.003110061678889,0.0227868556629468,0.0161102783341239,678.75,1535.2785714285717,0.0017888057676064,0.0086413307344772,-0.0027774185818678,0.2301587301587301,0,0,0.017909687
2024-02-26,54476.47,0.0517532123675614,0.0222982950670944,0.0191311412393531,4008.5599999999977,1634.1178571428572,0.0019227157496925,0.0086413307344772,-0.0026372997333253,0.1944444444444444,0,0,0.017949577
2024-02-27,57037.34,0.0459372757555129,0.0272793682935254,0.0215553408313315,3138.020000000004,1710.572142857143,0.0019580582914662,0.0092621337605652,0.0029885777770828,0.6626984126984127,1,0,0.017791178
2024-02-28,62432.1,0.0903734251045644,0.0300280504550251,0.0295666835225699,7308.1500000000015,2031.2471428571432,0.002390759094999,0.0092621337605652,0.0062313019448631,0.8373015873015873,1,0,0.027896088
2024-02-29,61130.98,-0.0210607908615081,0.0405233292822714,0.03085221792561,3311.6500000000015,2160.463571428572,0.0047276134719066,0.012058831623235,0.0172163458507467,1.0,2,0,0.030113887
2024-03-01,62387.9,0.0203525709953407,0.0389137095510879,0.0308617343740597,2337.230000000003,2255.545714285715,0.0058574453213934,0.012058831623235,0.0159172257755501,0.996031746031746,2,0,0.043355357
2024-03-02,61987.28,-0.0064421436096342,0.0374228048814065,0.0307142514027672,872.0699999999997,2207.9921428571433,0.0064980064180809,0.0117464665652121,0.0147089343612805,0.98015873015873,2,0,0.0437313
2024-03-03,63113.97,0.0180129369484127,0.035561339316038,0.0307234244520823,1911.8799999999976,2257.8607142857145,0.0067957018264107,0.0117464665652121,0.0127744836530911,0.9682539682539684,2,0,0.043486338
2024-03-04,68245.71,0.0781724352918935,0.034278261716843,0.0345197349960043,6199.0,2642.662857142858,0.0068929890222299,0.0124826220236727,0.0119799666497486,0.9563492063492064,2,0,0.043299448
2024-03-05,63724.01,-0.0685531603092357,0.0409164482917001,0.0418266849882726,9995.0,3197.689285714286,0.0074280475288968,0.030217586080827,0.0136370799981747,1.0,2,0,0.04332502
2024-03-06,66074.04,0.0362145168030423,0.0443433378441678,0.0416993912474781,4861.960000000006,3420.557857142858,0.0080674956023928,0.0329142789544942,0.0143152873891427,1.0,2,0,0.045059558
2024-03-07,66823.17,0.0112739452488632,0.0433814565288504,0.0409609814940009,2429.0,3513.700714285715,0.0082488368472058,0.0363951031100632,0.002858127246579,0.996031746031746,2,0,0.045442473
2024-03-08,68124.19,0.019282486315177,0.0411181042788966,0.0400703757624172,3907.339999999997,3719.400714285715,0.0079575915594731,0.0415716005400445,0.0022043947278087,0.992063492063492,2,0,0.045431506
2024-03-09,68313.27,0.0027716745979518,0.0393603300817128,0.0403541270634907,680.0,3688.4721428571434,0.0072934700579808,0.0415716005400445,0.0019375252003063,0.98015873015873,2,0,0.045620155
2024-03-10,68955.88,0.0093628421886471,0.0372861090639795,0.0401860465205932,1792.8600000000006,3768.05142857143,0.0062975648815246,0.0415716005400445,0.0017247697479415,0.9563492063492064,2,0,0.045394775
2024-03-11,72078.1,0.0442833735611536,0.0355014700104484,0.0397872417081197,5775.039999999994,3894.228571428572,0.0047974433333958,0.0415716005400445,0.0012232082936054,0.9404761904761904,2,0,0.045044255
2024-03-12,71452.01,-0.0087242178114941,0.0365302871800221,0.0397280108449899,4379.179999999993,3982.8828571428567,0.003806463715868,0.0362653618857081,-0.004386161111678,0.9523809523809524,2,0,0.044792037
2024-03-13,73072.41,0.0224248317904915,0.0347968176361809,0.0336394808234271,2316.9400000000023,3626.367857142857,0.0031778923659349,0.0362653618857081,-0.0095465202079869,0.9285714285714286,2,0,0.04466678
2024-03-14,71388.94,-0.0233079119450092,0.0338546413305415,0.0338103884648617,5222.0,3762.821428571428,0.0033568022124426,0.0366074027292623,-0.0095268151983088,0.9126984126984128,1,0,0.044069882
2024-03-15,69499.85,-0.0268183610911698,0.0330767164434898,0.0351395554747363,6819.710000000006,4082.9985714285713,0.0036003285097955,0.0348701368794158,-0.0080413878354068,0.9047619047619048,1,0,0.03300069
2024-03-16,65300.63,-0.0623229102797111,0.032656658095598,0.0397430522514019,5263.0,4396.636428571428,0.0038430098983055,0.0445472247427193,-0.0067036719861148,0.8888888888888888,1,0,0.03269979
2024-03-17,68393.48,0.0462758144323558,0.0368514742522273,0.0412154898401104,4371.399999999994,4572.316428571428,0.0038126068854744,0.0445472247427193,-0.0004346348117522,0.9523809523809524,2,0,0.033029508
2024-03-18,67609.99,-0.0115217452522191,0.0379098625296683,0.0356908349787073,2390.800000000003,4300.302142857143,0.003704027150508,0.0409369978850607,0.0024083925192198,0.9642857142857144,2,0,0.04500256
2024-03-19,61937.4,-0.0876315556373352,0.0361320557617485,0.0387180256220527,6569.110000000001,4055.595714285714,0.0036022180598277,0.0466096923577138,-0.0003982314182736,0.9404761904761904,2,0,0.045277487
2024-03-20,67840.51,0.0910353115859425,0.0440874762564309,0.0451255427538697,7325.0,4231.527142857142,0.0035644195815718,0.0466096923577138,0.0092906586202499,0.996031746031746,2,0,0.045030963
2024-03-21,65501.27,-0.0350899773778561,0.0505744895631761,0.0460747721959367,3711.459999999999,4323.131428571428,0.0048066097497219,0.0451443510822511,0.0167198482326346,1.0,2,0,0.046093997
2024-03-22,63796.64,-0.0263690073790989,0.0488556604272342,0.0461117743143149,4389.619999999995,4357.579999999999,0.0055932228468094,0.0432455367532619,0.0157789439837444,0.996031746031746,2,0,0.046451893
2024-03-23,63990.01,0.003026453038661,0.0467464450965177,0.0461149949695285,2999.0,4523.222857142856,0.0060234853844196,0.0432455367532619,0.0140897870009197,0.992063492063492,2,0,0.04633091
2024-03-24,67209.99,0.0490949197687058,0.044067587620957,0.0482195900889832,3856.4000000000015,4670.61857142857,0.0061533810389966,0.0432455367532619,0.0072161133687297,0.98015873015873,2,0,0.04630303
2024-03-25,69880.01,0.0389577311738253,0.0443886553758003,0.0478473744832807,4764.940000000002,4598.4685714285715,0.0061782931317752,0.0432455367532619,0.006478792846132,0.988095238095238,2,0,0.04608206
2024-03-26,69988.0,0.0015441704140659,0.0436577138742232,0.0478185661209169,2281.100000000006,4448.605714285715,0.0061606686778197,0.046113678813805,0.0075256581124747,0.9722222222222222,2,0,0.04613715
2024-03-27,69469.99,-0.0074289380246206,0.0412203556347777,0.0473338085005031,3410.3600000000006,4526.7071428571435,0.0059345341305211,0.0432152877121816,-0.0028671206216531,0.9642857142857144,2,0,0.045988318
2024-03-28,70780.6,0.0186900910945322,0.0390508863773131,0.0473203134924375,2648.4400000000023,4342.88142857143,0.0056063018200444,0.0453513741753319,-0.011523603185863,0.9444444444444444,2,0,0.04560661
2024-03-29,69850.54,-0.0132271353273711,0.0374602513795791,0.0468786579116947,1907.1600000000035,3991.9850000000006,0.0052159000693906,0.0444858927791223,-0.0113954090476551,0.9206349206349206,2,0,0.045179974
2024-03-30,69582.18,-0.0038493164497221,0.0357819120689763,0.0433352878962351,781.1000000000058,3671.849285714287,0.0048538624265645,0.0377655071004636,-0.0109645330275413,0.8888888888888888,2,0,0.044622492
2024-03-31,71280.01,0.02410742337916,0.0340261150559772,0.0420796388192931,1803.0099999999948,3488.3928571428582,0.0051313111854557,0.0377655071004636,-0.0100414725649798,0.8611111111111112,2,0,0.043737646
2024-04-01,69649.8,-0.023136094733017,0.0332857738616969,0.0424993479596659,3225.3699999999953,3548.005000000001,0.0055282958105206,0.0385193141752555,-0.0111028815141034,0.8492063492063492,1,0,0.043264266
2024-04-02,65463.99,-0.0619796082519776,0.0325599570350766,0.0387167072083862,5124.229999999996,3444.799285714286,0.0058615787809822,0.0305855830822616,-0.0110977568391466,0.8174603174603174,1,0,0.03230351
2024-04-03,65963.28,0.0075980030930278,0.0367193104673112,0.0296386918382072,2410.560000000005,3093.767857142858,0.0059058337559221,0.0305855830822616,-0.0045010451674665,0.9047619047619048,2,0,0.031335738
2024-04-04,68487.79,0.0375572576425184,0.0349427165810396,0.029759768727391,4245.390000000007,3131.9057142857155,0.0053239307721795,0.0297686600722836,-0.0041081697962735,0.8690476190476191,2,0,0.043114465
2024-04-05,67820.62,-0.0097892027031338,0.035290922968085,0.028807898268255,2804.1100000000006,3018.6550000000016,0.0046827132392702,0.0280402766106159,-0.002169328411494,0.873015873015873,2,0,0.042946856
2024-04-06,68896.0,0.015731842680184,0.0336985166806936,0.0289620663670738,2244.1699999999983,2964.738571428573,0.0041908455189299,0.0280402766106159,-0.0020833953882826,0.8373015873015873,1,0,0.042872634
2024-04-07,69360.39,0.006717834111896,0.0324874880517505,0.0261035931507094,1502.2899999999936,2796.587857142858,0.0039481112480147,0.0280402766106159,-0.0015386270042266,0.7976190476190477,1,0,0.0315956
2024-04-08,71620.0,0.0320584092764377,0.0310765506631467,0.0254132707809687,3754.75,2724.431428571429,0.0035513133960461,0.0280402766106159,-0.0022092231985502,0.75,1,0,0.030785587
2024-04-09,69146.0,-0.0351541533965402,0.031399589619259,0.027262286588257,3548.1900000000023,2814.9378571428574,0.0029213157269543,0.0291629833262908,-0.0011603674158176,0.7658730158730159,1,0,0.0301872
2024-04-10,70631.08,0.0212500630830323,0.0320028145039692,0.0278032026868962,3654.0800000000017,2832.346428571429,0.0023834087330431,0.0313532774875103,-0.004716495963342,0.7896825396825397,1,0,0.030410793
2024-04-11,70006.23,-0.0088860361676843,0.0312915969005778,0.0274420477278473,1738.679999999993,2767.363571428571,0.0020674200573607,0.0292211510823101,-0.0036511196804617,0.746031746031746,1,0,0.030706536
2024-04-12,67116.52,-0.042154024711694,0.0300496096116217,0.0294652782131716,6140.600000000006,3069.752142857142,0.0019819325263714,0.0329049157952595,-0.0052413133564633,0.6865079365079365,1,0,0.030141857
2024-04-13,63924.51,-0.0487273574622229,0.0317204614705757,0.0319209727190477,7268.43,3533.1328571428567,0.0018667265883036,0.0376803710032027,-0.0019780552101179,0.7777777777777778,1,0,0.029718753
2024-04-14,65661.84,0.0268150789151864,0.0339889495767374,0.032125344549127,3706.0,3669.0607142857143,0.0018650222830236,0.0376803710032027,0.0015014615249868,0.8412698412698413,1,0,0.031085115
2024-04-15,63419.99,-0.0347388233991399,0.0334588739872127,0.0327488130541983,4592.6700000000055,3766.725000000001,0.0018683910023465,0.0389325047527026,0.002382323324066,0.8293650793650794,1,0,0.03194755
2024-04-16,63793.39,0.0058704685364769,0.0337211308118621,0.0287090044406,2765.0,3598.208571428572,0.0018775870511324,0.0335874670206162,0.0023215411926031,0.8333333333333334,1,0,0.031926822
2024-04-17,61277.37,-0.0402389732109274,0.0321795229339855,0.0303010796136878,4820.8399999999965,3770.371428571429,0.0015466810714535,0.0346160214975576,0.0001767084300163,0.7817460317460317,1,0,0.031707328
2024-04-18,63470.08,0.0351580069988131,0.0332475853536726,0.0300459785869181,3313.739999999998,3703.825,0.0014154301149223,0.0346160214975576,0.0019559884530948,0.8174603174603174,1,0,0.031188678
2024-04-19,63818.01,0.0054668251605374,0.0335829221647486,0.0301523693695745,5849.989999999998,3921.387857142857,0.0012206418933366,0.0371753819094316,0.0035333125531268,0.8253968253968254,1,0,0.031568523
2024-04-20,64940.59,0.0174374130268208,0.0320468179529793,0.0302430363860683,2328.9300000000003,3927.4421428571422,0.0011663686134482,0.0371753819094316,0.0003263564824035,0.7658730158730159,1,0,0.03186756
2024-04-21,64941.15,8.623229101445418e-06,0.0310950699304382,0.0301091893050994,1458.0599999999977,3924.282857142857,0.0012081246098988,0.0371753819094316,-0.0028938796462991,0.7063492063492064,1,0,0.031166743
2024-04-22,66819.32,0.0285107851109476,0.0297401139482908,0.029789236303834,2732.350000000006,3851.254285714286,0.001348714820675,0.0371753819094316,-0.0037187600389219,0.6309523809523809,1,0,0.030464482
2024-04-23,66414.0,-0.0060843826514513,0.0299002759767591,0.0285079717246928,1417.199999999997,3699.0407142857143,0.0014639735589422,0.0343832792015111,-0.0038208548351029,0.6309523809523809,1,0,0.02960607
2024-04-24,64289.59,-0.032510156850904,0.0287221907368635,0.0286282041059098,3464.3699999999953,3685.4899999999993,0.0017063046773216,0.0341219862727093,-0.003457332197122,0.5555555555555556,1,0,0.029434469
2024-04-25,64498.34,0.0032417662557922,0.0294405725473402,0.0287408702778759,2503.9400000000023,3740.151428571429,0.001814314621428,0.0366769864074448,-0.0038070128063324,0.6031746031746031,1,0,0.028648209
2024-04-26,63770.01,-0.0113564698957144,0.0282606456595559,0.0268661579574255,1522.5299999999988,3410.2892857142856,0.0019891598583877,0.0327190454238545,-0.0053222765051926,0.5277777777777778,1,0,0.029227104
2024-04-27,63461.98,-0.0048420307160181,0.0274122268960206,0.0235591866520849,1532.1700000000055,3000.556428571429,0.0022674630661785,0.0260522087895734,-0.0046345910569586,0.4682539682539682,1,0,0.02819943
2024-04-28,63118.62,-0.0054251732439514,0.0264565249758344,0.0222194492045412,1589.0,2849.342142857143,0.0024416948572455,0.0242066637862388,-0.0046385449546038,0.4087301587301587,0,0,0.027236309
2024-04-29,63866.0,0.0117713252200619,0.0256104989441988,0.020489921751846,2462.8199999999997,2697.2099999999996,0.0026427808688035,0.0219657011059796,-0.0041296150040919,0.369047619047619,0,0,0.019649055
2024-04-30,60672.0,-0.0513048317682525,0.0250714164203999,0.0246191650970022,5542.4000000000015,2895.595714285714,0.0027406572115603,0.0280996642410853,-0.0048288595563592,0.3214285714285714,0,0,0.01923075
2024-05-01,58364.97,-0.0387664255347441,0.0292143412029611,0.0244530980499366,4288.809999999998,2857.593571428571,0.0026285474578886,0.0278023603748808,0.0004921504660976,0.6031746031746031,1,0,0.019108068
2024-05-02,59060.61,0.0118483236441395,0.0305929808669348,0.0223206321299563,2713.1600000000035,2814.695,0.002405989075844,0.0278023603748808,0.0011524083195946,0.6904761904761905,1,0,0.028424527
2024-05-03,62882.01,0.0626959085169645,0.0295230250323059,0.0287326754311971,4521.68,2719.815714285715,0.0020383295202124,0.0278023603748808,0.0012623793727499,0.6071428571428571,1,0,0.029532429
2024-05-04,63892.04,0.015934670725068,0.0345499994425123,0.0286609938802961,1998.9700000000012,2696.247142857143,0.0024198831924658,0.0278023603748808,0.0071377725464917,0.8571428571428571,2,0,0.028652754
2024-05-05,64012.0,0.0018757817997592,0.0332637011375491,0.0286712061907429,1823.8300000000015,2722.373571428572,0.0026268848239978,0.0278023603748808,0.0068071761617146,0.8095238095238095,1,0,0.04210533
2024-05-06,63165.19,-0.0133172075113314,0.0317153633907966,0.0275120904503206,2800.0,2727.2057142857147,0.0027140282137603,0.0264294975188781,0.0061048644465977,0.7380952380952381,1,0,0.031204145
2024-05-07,62312.08,-0.0135980507937318,0.0305931787771512,0.0276285604074762,2161.4100000000035,2780.3635714285724,0.0027327244235496,0.0267769350046423,0.0055217623567512,0.6785714285714286,1,0,0.030093577
2024-05-08,61193.03,-0.0181220133351196,0.0295982811755659,0.026762683167838,2132.220000000001,2685.2100000000014,0.0027281029156379,0.0250188205527123,0.0003839399726047,0.5952380952380952,1,0,0.029460233
2024-05-09,63074.01,0.0302755046599081,0.0289556718000401,0.0282239325553586,2799.029999999999,2706.2878571428582,0.0027303351122916,0.0250188205527123,-0.0016373090668947,0.5555555555555556,1,0,0.028441649
2024-05-10,60799.99,-0.0367191743050447,0.0294013380092455,0.029675353670669,3282.0099999999948,2831.9650000000006,0.0027124765151744,0.027899057797582,-0.0001216870230603,0.5833333333333334,1,0,0.028005686
2024-05-11,60825.99,0.0004275402409259,0.0304963896760547,0.0296891633467084,1027.9100000000035,2795.946428571429,0.0026611347516522,0.0297691454517393,-0.0040536097664576,0.6626984126984127,1,0,0.028432708
2024-05-12,61483.99,0.0107596509793825,0.0291978569805109,0.0299030733032785,1278.0,2773.7321428571436,0.0025046587914489,0.0320779821730337,-0.0040658441570381,0.5714285714285714,1,0,0.029262092
2024-05-13,62940.08,0.0234063469685157,0.0282279133498859,0.030467833960579,2700.790000000001,2790.7300000000005,0.0022491863615694,0.0320779821730337,-0.0034874500409107,0.496031746031746,1,0,0.028411042
2024-05-14,61577.49,-0.0218867810086127,0.028135151210855,0.027615714202529,1975.590000000004,2535.957857142858,0.0018419359608397,0.0258870207565847,-0.0024580275662961,0.492063492063492,1,0,0.027646359
2024-05-15,66206.5,0.0724822637554467,0.0279319015424903,0.0310651275919422,5124.690000000002,2595.6635714285726,0.0019271861569406,0.0224409951346648,-0.0016663796330755,0.4801587301587302,1,0,0.027294409
2024-05-16,65235.21,-0.0147792915907167,0.0353030614681554,0.0316865459202667,2149.239999999998,2555.383571428572,0.0023696819071804,0.021355790678774,0.0063473896681153,0.873015873015873,2,0,0.02709357
2024-05-17,67024.0,0.0270514103613148,0.0338903434930273,0.0281056578663739,2344.8199999999997,2399.893571428572,0.0025152537779072,0.021355790678774,0.0044890054837818,0.8293650793650794,1,0,0.041925427
2024-05-18,66915.2,-0.0016246180943362,0.0333910280905593,0.0279502073151046,800.0099999999948,2314.253571428572,0.0023988693865456,0.0197811532129742,0.0028946384145045,0.8055555555555556,1,0,0.031028371
2024-05-19,66274.01,-0.0096283318061605,0.0318298087795527,0.0281636629997565,1842.75,2315.605,0.0023109805517375,0.0188141001991048,0.0026319517990418,0.7301587301587301,1,0,0.030378696
2024-05-20,71446.62,0.07515278314448,0.0305583234594976,0.0337229867063531,5455.25,2505.2657142857142,0.0022893476037714,0.0194731130188553,0.0023304101096117,0.6507936507936508,1,0,0.02951422
2024-05-21,70148.34,-0.0183384547582274,0.0376674197471935,0.0339879321306264,2816.0599999999977,2552.0264285714284,0.002979511980165,0.0200207280160424,0.0095322685363385,0.9246031746031746,2,0,0.028762292
2024-05-22,69166.62,-0.0140937663868143,0.0361929193357708,0.0337618743768394,1823.8099999999977,2529.997142857142,0.0032433597251776,0.0195522513708935,0.0082610177932804,0.8928571428571429,2,0,0.04267181
2024-05-23,67969.65,-0.01745709428892,0.0346663549042015,0.0338308619757083,3783.959999999992,2600.3492857142846,0.0032561021052381,0.0193027973254736,-0.0006367065639538,0.8452380952380952,2,0,0.04262076
2024-05-24,68549.99,0.0085019781146904,0.0334443749112054,0.0315909655580817,2649.8800000000047,2555.1971428571424,0.0031941704664274,0.0152712901272862,-0.0004459685818219,0.7936507936507936,1,0,0.04190841
2024-05-25,69290.57,0.0107455617713441,0.0319870568887819,0.0315066498048748,1110.0,2561.060714285714,0.003157304967067,0.0152712901272862,-0.0014039712017773,0.7222222222222222,1,0,0.03045712
2024-05-26,68507.67,-0.0113631120978983,0.0307373234924104,0.0319793944794983,1434.2200000000012,2572.219285714285,0.0030658377991109,0.0148391645301026,-0.0010924852871423,0.6468253968253969,1,0,0.029398676
2024-05-27,69436.43,0.0134659479373286,0.029633822031675,0.0317137248025723,2437.5599999999977,2553.417142857142,0.002938118774324,0.0148391645301026,-0.0009245014278226,0.5595238095238095,1,0,0.028583508
2024-05-28,68398.39,-0.015062371400381,0.0287331552481068,0.0312848417098855,2313.899999999994,2577.582142857141,0.0028729936431704,0.0137361306455625,-0.0089342644990867,0.4841269841269841,1,0,0.02768473
2024-05-29,67652.42,-0.0109661600050792,0.0280097333569953,0.0253364582310923,1811.0299999999988,2340.892142857141,0.0028633894619782,0.0134565430022915,-0.0081831859787754,0.4325396825396825,1,0,0.026830953
2024-05-30,68352.17,0.0102901846853438,0.0271719944271411,0.0249774749674247,2372.0,2356.8035714285697,0.0030835614520773,0.0132819402113794,-0.0074943604770604,0.373015873015873,1,0,0.026241567
2024-05-31,67540.01,-0.011953148002231,0.0263968709066982,0.0242944549332131,2374.100000000006,2358.894999999999,0.0033664284653986,0.0131409336442892,-0.0070475040045072,0.3214285714285714,0,0,0.02569617
2024-06-01,67766.85,0.0033529743062477,0.0257773743146338,0.0242966391201334,471.5599999999977,2335.4342857142847,0.0036345372153671,0.0139262245845745,-0.0062096825741481,0.2976190476190476,0,0,0.018810015
2024-06-02,67765.63,-1.8003064653271394e-05,0.0249663706513188,0.0241112520136004,1202.5299999999988,2289.7042857142847,0.0039507480819142,0.0135037652165094,-0.0057709528410916,0.2222222222222222,0,0,0.018604081
2024-06-03,68809.9,0.0152924956767801,0.0242179610091686,0.0126426866901966,2675.520000000004,2091.1521428571423,0.0042836109416347,0.0135037652165094,-0.0054158610225064,0.1666666666666666,0,0,0.01818962
2024-06-04,70537.84,0.0248016734785849,0.0240395750332315,0.0137435879288133,2496.12999999999,2068.299999999999,0.00393445858169,0.012663301743121,-0.0046935802148752,0.1547619047619047,0,0,0.01786698
2024-06-05,71108.0,0.0080505446456609,0.0246666735637058,0.0132117506369677,1374.3399999999965,2036.1949999999983,0.0034944815602379,0.0124088693165764,-0.0033430597932894,0.1944444444444444,0,0,0.017783042
2024-06-06,70799.06,-0.0043541242850615,0.0240846617499377,0.012150605597303,1582.3600000000006,1878.9378571428565,0.0031050990966095,0.0103125205743047,-0.0030873326772034,0.1507936507936507,0,0,0.017973315
2024-06-07,69355.6,-0.0205988304548725,0.0234711138987003,0.0135316542538671,3577.020000000004,1945.162142857142,0.0027388743822067,0.0123195564604838,-0.0029257570079978,0.1031746031746031,0,0,0.017686423
2024-06-08,69310.46,-0.0006510605636957,0.0237907602196404,0.0132289748642194,414.179999999993,1895.460714285713,0.002375200568734,0.0115261885479271,-0.0019866140949933,0.115079365079365,0,0,0.017490562
2024-06-09,69648.14,0.0048601621590833,0.023169872407896,0.0128605274190688,726.8999999999942,1844.9378571428551,0.0020875535126751,0.0115492972141755,-0.0017964982434227,0.0793650793650793,0,0,0.017524716
2024-06-10,69540.0,-0.0015538683361775,0.0226686927383585,0.0123739985006917,1023.6500000000088,1743.944285714285,0.0018654623216439,0.0108173377604872,-0.00154926827081,0.0436507936507936,0,0,0.017340597
2024-06-11,67314.24,-0.0325303224150292,0.0221772943510068,0.0146858831929814,3539.0099999999948,1831.452142857142,0.0016936877865845,0.0148638202273946,-0.0018622806822247,0.0357142857142857,0,0,0.0171404
2024-06-12,68263.99,0.01401059057949,0.0240411609694743,0.014915832160864,3094.0,1923.092857142856,0.0013859467657429,0.0153399969675981,-0.0006255125942315,0.1468253968253968,0,0,0.01717114
2024-06-13,66773.01,-0.022083437764671,0.0238066581718439,0.0157890321943543,2197.520000000004,1910.6299999999992,0.0011221139639343,0.0163358760565034,-0.0002780035780937,0.123015873015873,0,0,0.017733615
2024-06-14,66043.99,-0.0109779218241392,0.0242089845044909,0.0157422546162048,2292.2400000000052,1904.7828571428563,0.0009082571580201,0.0162500915100547,0.0007378706057905,0.1587301587301587,0,0,0.017634775
2024-06-15,66228.25,0.0027860739213121,0.023795471069844,0.0157292582601347,621.3799999999901,1915.4842857142849,0.000737347427432,0.0162500915100547,4.710850203600014e-06,0.1111111111111111,0,0,0.017809536
2024-06-16,66676.87,0.0067510070922924,0.0231898463291842,0.0158862191957224,964.1999999999972,1898.460714285713,0.0006696867928255,0.0173720772200303,1.9973921288201496e-05,0.0793650793650793,0,0,0.01757377
2024-06-17,66504.33,-0.0025910578449526,0.0227345863161503,0.0151643920340478,2168.8099999999977,1862.2671428571412,0.000692650746247,0.0162758911020517,6.589357779180141e-05,0.0476190476190476,0,0,0.017429885
2024-06-18,65175.32,-0.0201861886584318,0.0222453483850576,0.0136388254843039,2528.229999999996,1864.5599999999988,0.0007598930923146,0.0167554941632109,6.805403405079832e-05,0.0317460317460317,0,0,0.017254766
2024-06-19,64974.37,-0.0030879852219758,0.0227095829563447,0.0130922043596687,1061.5399999999936,1842.2171428571417,0.000692345115391,0.0159256237385281,-0.0013315780131295,0.0396825396825396,0,0,0.017185252
2024-06-20,64869.99,-0.0016077713731199,0.0222295180590609,0.0131463795242127,1923.7900000000009,1866.6049999999984,0.0007064413341525,0.0158741344491917,-0.001577140112783,0.0238095238095238,0,0,0.017200273
2024-06-21,64143.56,-0.0112614167598419,0.0217887418991558,0.012587234028461,1687.310000000005,1731.6257142857128,0.0007878350186365,0.0149076796867937,-0.0024202426053351,0.0158730158730158,0,0,0.017127257
2024-06-22,64262.01,0.0018449360662184,0.0216865963836157,0.0126797578173139,602.989999999998,1745.112142857142,0.0008329583843229,0.0157125754893717,-0.0021088746862283,0.0119047619047619,0,0,0.017046567
2024-06-23,63210.01,-0.0165059576898549,0.0213108804746592,0.0126353343651716,1342.6800000000003,1789.096428571428,0.0009276135101058,0.0157937072780336,-0.0018789658545249,0.0079365079365079,0,0,0.017043691
2024-06-24,60293.3,-0.0472416882382802,0.0216093809493958,0.0164613228998654,4967.800000000003,2070.8214285714275,0.0009772191820514,0.0217342460109358,-0.0011252053667545,0.0079365079365079,0,0,0.017034065
2024-06-25,61806.01,0.0247796224774567,0.0259500865206074,0.0175675233824171,2162.9400000000023,1972.530714285714,0.0012958784876797,0.0201812691490926,0.0037047381355498,0.2976190476190476,0,0,0.017179545
2024-06-26,60864.99,-0.0153424763626777,0.0262899397614035,0.016713876490759,1775.8099999999977,1878.374285714285,0.0015549441247632,0.0197508080876514,0.0035803568050588,0.3174603174603174,0,0,0.018637713
2024-06-27,61706.47,0.0137306550868014,0.0258613640612209,0.0171594247779476,1782.5900000000038,1848.736428571428,0.0017144318151646,0.019474387674431,0.00363184600216,0.2896825396825397,0,0,0.018743556
2024-06-28,60427.84,-0.0209388617515138,0.025392032208252,0.0175988235343727,2162.3099999999977,1839.4557142857132,0.001792304636841,0.0203611480289692,0.0036032903090962,0.238095238095238,0,0,0.018582623
2024-06-29,60986.68,0.0092055537746169,0.0254717101562046,0.0179355234692904,840.2300000000032,1855.0878571428568,0.0018788022082751,0.0203611480289692,0.0037851137725888,0.246031746031746,0,0,0.01831923
2024-06-30,62772.01,0.0288537938097448,0.0248407317268859,0.0199890229834363,2346.550000000003,1953.827142857143,0.0019119150759156,0.0203611480289692,0.0035298512522266,0.1984126984126984,0,0,0.018363636
2024-07-01,62899.99,0.002036731240711,0.025769770533793,0.0200577931411515,1364.560000000005,1896.380714285715,0.0019795605531649,0.0215768207828519,0.0041603895843972,0.2817460317460317,0,0,0.018131685
2024-07-02,62135.47,-0.0122290033197405,0.0249453906579062,0.019672276330201,1482.550000000003,1821.6892857142868,0.001948054668014,0.0208162792977122,-0.0010046958627012,0.2063492063492063,0,0,0.01858681
2024-07-03,60208.58,-0.0315021343281216,0.0245053134643759,0.0210535553597845,2885.9400000000023,1952.0035714285732,0.0019161412617257,0.0235833327927235,-0.0017846262970276,0.1825396825396825,0,0,0.018134039
2024-07-04,57050.01,-0.0538866154831012,0.0258004324182237,0.0246503435813838,3727.1900000000023,2080.817857142859,0.0018828056161239,0.0303120666656328,-6.09316429972008e-05,0.2976190476190476,0,0,0.018072035
2024-07-05,56628.79,-0.0074107384621981,0.0302111688779745,0.0246467611198753,4060.07,2250.300714285716,0.0022941878370594,0.0301634518528848,0.0048191366697224,0.6150793650793651,1,0,0.018845659
2024-07-06,58230.13,0.0278854052420172,0.0290336974504996,0.0264376131855718,2457.0,2382.730000000002,0.002324320438052,0.0301634518528848,0.003561987294295,0.5277777777777778,1,0,0.028434616
2024-07-07,55857.81,-0.0415935637799851,0.0292319047893433,0.0279363063115874,2725.0899999999965,2481.473571428573,0.0021862858015474,0.033045893334329,0.0043911730624573,0.5476190476190477,1,0,0.027825054
2024-07-08,56714.62,0.0152226712283134,0.0309753091690308,0.0262683701825557,3976.57,2410.6714285714297,0.002150615622362,0.030482949385114,0.0052055386352377,0.6746031746031746,1,0,0.028142255
2024-07-09,58050.0,0.0232726823228457,0.0300188195698187,0.0261425203277431,2006.550000000003,2399.5007142857153,0.002305817213126,0.030482949385114,0.0050734289119125,0.6031746031746031,1,0,0.029338907
2024-07-10,57725.85,-0.0055996280225798,0.0296888686345019,0.0259601087605475,2312.209999999999,2437.8150000000014,0.0023995219141092,0.0300010373048283,0.0051835551701259,0.5793650793650794,1,0,0.028632786
2024-07-11,57339.89,-0.006708538049521,0.0285214768299539,0.0254695458408145,2600.0,2496.2014285714295,0.002384878515423,0.0281634518443713,0.0027210444117302,0.4761904761904761,1,0,0.028377753
2024-07-12,57889.1,0.0095325691717125,0.0274937008227649,0.0253265805166941,1984.2099999999991,2483.480000000001,0.0023098211072437,0.0290492297091697,-0.0027174680552095,0.4007936507936508,1,0,0.027293842
2024-07-13,59204.02,0.0224603337463857,0.0266561232688676,0.026057792679993,2093.3700000000026,2572.990000000001,0.0022463871087181,0.0290492297091697,-0.002377574181632,0.3571428571428571,0,0,0.02651922
2024-07-14,60797.91,0.0265659683913899,0.0266917352347419,0.0258549963152245,2226.6800000000003,2564.427857142858,0.0021163491755136,0.0290492297091697,-0.0025401695546013,0.3571428571428571,0,0,0.019381892
2024-07-15,64724.14,0.0625788251846497,0.0270954399037737,0.0311531778453975,4267.699999999997,2771.7950000000005,0.0020458229858562,0.0290492297091697,-0.003879869265257,0.376984126984127,1,0,0.019278299
2024-07-16,65043.99,0.0049295716554436,0.032757340015005,0.0308849136254168,3015.730000000003,2881.3078571428573,0.0022294266387381,0.0309770229489497,0.0027385204451862,0.7777777777777778,1,0,0.026204433
2024-07-17,64087.99,-0.014806827344028,0.0312880857248566,0.0297402247279524,2274.6300000000047,2837.642857142858,0.0020277497926788,0.0288221944961615,0.0015992170903546,0.6904761904761905,1,0,0.030573752
2024-07-18,63987.92,-0.0015626673332036,0.0302782666016444,0.0247053792219045,1894.8199999999997,2706.759285714286,0.0018347149626119,0.0186323552564619,0.0017567897716904,0.626984126984127,1,0,0.0296355
2024-07-19,66660.0,0.0409107573354443,0.0290042033981729,0.025711976125381,4085.3300000000017,2708.563571428572,0.001815934659891,0.0201398556591795,0.0015105025754079,0.503968253968254,1,0,0.028552841
2024-07-20,67139.96,0.0071743229020846,0.0306977822954411,0.0252984365539254,1375.5399999999936,2631.316428571429,0.0018585022667296,0.0201398556591795,0.0040416590265735,0.6547619047619048,1,0,0.027361479
2024-07-21,68165.34,0.0151568287409897,0.0294671961071259,0.0204479239498717,2589.6600000000035,2621.642857142858,0.0018587644996139,0.0086319809711219,0.0027754608723839,0.5357142857142857,1,0,0.028828274
2024-07-22,67532.01,-0.0093345168297833,0.0286684299034712,0.0213873213152262,1914.5800000000015,2474.357857142858,0.0018032089180238,0.0087769879387949,0.0015729899996974,0.4563492063492063,1,0,0.027290355
2024-07-23,65936.01,-0.0239169814342172,0.0277018389618361,0.0231958398843638,2309.899999999994,2496.0257142857145,0.0018251336826342,0.0126306478278923,-0.0050555010531689,0.3849206349206349,1,0,0.026444059
2024-07-24,65376.0,-0.0085295076234555,0.0277214578300034,0.0233513461941474,1991.0099999999948,2473.082857142857,0.0018437225569243,0.0129008801613221,-0.0035666278948531,0.3849206349206349,1,0,0.025829878
2024-07-25,65799.95,0.0064638598173516,0.0268262680994862,0.0229362098723671,2718.790000000008,2481.5678571428575,0.0019216982333296,0.013810081613509,-0.0034519985021581,0.3253968253968254,1,0,0.025831651
2024-07-26,67907.99,0.031534622237757,0.0259656298731962,0.0236567159285518,2477.3699999999953,2516.7935714285713,0.0020377673898918,0.013810081613509,-0.0030385735249767,0.2698412698412698,0,0,0.02532762
2024-07-27,67896.5,-0.0001692138459841,0.0270145167931241,0.0236160630044793,2749.9900000000052,2563.695,0.0020131658855338,0.0126070113044592,-0.0036832655023169,0.3492063492063492,1,0,0.018566918
2024-07-28,68249.88,0.0051911889774292,0.0260545814160678,0.0231337629347918,1251.7699999999895,2494.0585714285708,0.0020674472514202,0.0126070113044592,-0.0034126146910581,0.2777777777777778,0,0,0.025379013
2024-07-29,66784.69,-0.0217018131643449,0.0252457106131261,0.0183906066923974,3651.990000000005,2450.0792857142856,0.0022248047077193,0.0142657887409239,-0.0034227192903451,0.1944444444444444,0,0,0.018582847
2024-07-30,66188.0,-0.0089746850278231,0.0254091652144114,0.0186082552234868,1697.3300000000015,2355.907857142857,0.001992182089892,0.0137164776371037,-0.0022926737474247,0.2103174603174603,0,0,0.018079918
2024-07-31,64628.0,-0.0238514242150138,0.0247766766937616,0.0193506235226021,2319.2400000000052,2359.094285714286,0.0019121693159131,0.015226549064225,-0.0029447811362417,0.1587301587301587,0,0,0.01813003
2024-08-01,65354.02,0.0111711996833445,0.0252000145343083,0.0195395336549843,3357.779999999999,2463.5914285714284,0.0018216673007776,0.0162671467427352,-0.0016262535651779,0.1984126984126984,0,0,0.017887618
2024-08-02,61498.33,-0.0608089331256902,0.0246802683055448,0.0224555225886892,4366.129999999997,2483.648571428571,0.0018449958676827,0.026339292867151,-0.0012853615676514,0.1547619047619047,0,0,0.01813097
2024-08-03,60697.99,-0.0130994361288614,0.0307055029708561,0.0222098354390041,2348.220000000001,2553.1257142857144,0.0018462460036857,0.0252138895074091,0.0036909861777319,0.6746031746031746,1,0,0.018086355
2024-08-04,58161.0,-0.042695556818197,0.029676628797239,0.0230935757814142,3994.8600000000006,2653.497142857143,0.0018700666925176,0.0274673853667261,0.0036220473811712,0.5833333333333334,1,0,0.02894127
2024-08-05,54018.81,-0.0738827077815429,0.0314872904917084,0.0284785929911821,9305.589999999997,3181.426428571428,0.002204805159766,0.0359389675610329,0.0062415798785822,0.7182539682539683,1,0,0.028389197
2024-08-06,56022.01,0.0364123299874936,0.0380782025351605,0.0315759122834909,3090.989999999998,3237.218571428571,0.0036904076113609,0.0370346262789674,0.012669037320749,0.9365079365079364,2,0,0.030314859
2024-08-07,55134.16,-0.0159751614680061,0.0378888237461946,0.0315822210067649,3177.4300000000003,3321.9628571428575,0.0045738618995965,0.0373073200684908,0.013112147052433,0.9246031746031746,2,0,0.043974247
2024-08-08,61685.99,0.1122873509141602,0.0362815430604955,0.0458335401087109,8015.139999999999,3700.273571428571,0.0049870246288313,0.0373073200684908,0.0110815285261871,0.8928571428571429,2,0,0.044317584
2024-08-09,60837.99,-0.013842409307287,0.0494418299959601,0.0446704659767841,2209.3700000000026,3681.1307142857145,0.0072554719328215,0.035662497769598,0.0247615616904153,0.996031746031746,2,0,0.04407103
2024-08-10,60923.51,0.0014047135434847,0.0467437951248748,0.0446932657362229,1228.5800000000015,3572.4585714285713,0.0082942431396161,0.0375915310177707,0.0160382921540187,0.984126984126984,2,0,0.04582348
2024-08-11,58712.59,-0.0369649586682072,0.0440570200408479,0.0451725374185025,3571.269999999997,3738.1371428571433,0.0086458713785652,0.0375293445288915,0.0143803912436088,0.9642857142857144,2,0,0.04562382
2024-08-12,59346.64,0.0107413218969405,0.0431911516389047,0.0453991760752101,3068.8799999999974,3696.486428571429,0.0086505783420981,0.0388923704501171,0.0117038611471963,0.9523809523809524,2,0,0.045381155
2024-08-13,60587.15,0.020687318243457,0.0409297178393549,0.0460593521385528,3185.220000000001,3802.7642857142855,0.0083393200991795,0.041129374146882,0.0028515153041944,0.9404761904761904,2,0,0.04521088
2024-08-14,58683.39,-0.0319261018184242,0.0392610362142138,0.0463454991701009,3366.8199999999997,3877.591428571428,0.0077238091072376,0.0418081763563503,0.0013722124680191,0.9246031746031746,2,0,0.0450246
2024-08-15,57541.06,-0.0196579426462015,0.0385270342028617,0.0461532208117055,3770.839999999997,3907.0957142857137,0.0069429977309126,0.0399580663404786,0.0022454911423662,0.9126984126984128,2,0,0.044806
2024-08-16,58874.6,0.0229109783372543,0.037036833459529,0.0443247170037748,2719.1399999999994,3789.4535714285703,0.0058251970784457,0.036524131138102,-0.012404996536431,0.876984126984127,2,0,0.04455438
2024-08-17,59491.99,0.0104319233822085,0.0358870174126163,0.0443630933250177,914.9499999999972,3687.077142857142,0.0054214394276173,0.0387307593084287,-0.0108567777122585,0.8452380952380952,2,0,0.04364417
2024-08-18,58427.35,-0.0180575795170021,0.0342590284184202,0.0430701893193357,1876.0699999999997,3535.734999999999,0.0049187168505566,0.0358641636142523,-0.0097979916224276,0.7976190476190477,2,0,0.04324707
2024-08-19,59438.5,0.0171580624359464,0.0331104934167101,0.0375190470416659,1830.3299999999945,3001.787857142856,0.0047307249022878,0.0243071084017144,-0.0100806582221945,0.7341269841269841,1,0,0.042414647
2024-08-20,59013.8,-0.0071708496985927,0.0320319230238432,0.0366742351302815,2851.769999999997,2984.7007142857133,0.0051406304796941,0.022666634379054,-0.0088977948155117,0.6944444444444444,1,0,0.030288514
2024-08-21,61156.03,0.0356571523861468,0.0306739148791398,0.037134939357473,3037.459999999999,2974.702857142856,0.0056202816576129,0.0235981228582103,-0.008587121335074,0.6111111111111112,1,0,0.029520314
2024-08-22,60375.84,-0.0128394423275786,0.0314430698490809,0.0218703250819647,1675.1299999999974,2521.8449999999984,0.0059194992325106,0.022380092218214,-0.0070839643537808,0.6626984126984127,1,0,0.028683897
2024-08-23,64037.24,0.0588757642166264,0.0303279164647672,0.0268013959142547,4612.860000000001,2693.5228571428556,0.0053343552951101,0.0235034302405694,-0.0067089169947618,0.5873015873015873,1,0,0.029001813
2024-08-24,64157.01,0.0018685710918955,0.0344844944939542,0.0267986789909469,963.5,2674.5885714285696,0.0045544561494713,0.0235034302405694,-0.0014025229186621,0.8015873015873016,2,0,0.028329562
2024-08-25,64220.0,0.0009813284334168,0.0328266181792801,0.0241590330223347,1226.7300000000032,2507.1214285714273,0.0039977333527525,0.0197385877361964,-0.00143241023914,0.7222222222222222,1,0,0.041199993
2024-08-26,62834.0,-0.0218183604181234,0.031313862515327,0.0252518877193859,1681.0,2407.987142857142,0.0034075823782282,0.0201001661702615,-0.0017966309013831,0.6428571428571429,1,0,0.02983914
2024-08-27,59415.0,-0.0559496085012547,0.0307209019164448,0.0293488004465091,5177.989999999998,2550.327857142856,0.002976231479719,0.0281690274995083,-0.0013110211073984,0.6071428571428571,1,0,0.028682362
2024-08-28,59034.9,-0.0064179252947429,0.0342999969750381,0.028071618250917,2374.980000000003,2479.4821428571418,0.002525319293003,0.0255688777329139,0.0036260820958982,0.7976190476190477,2,0,0.028606039
2024-08-29,59359.01,0.0054751263752255,0.0327160435561686,0.0274859199490841,2453.9000000000015,2385.4149999999995,0.0020405149550147,0.026425801314131,0.0012729737070876,0.7063492063492064,1,0,0.04113194
2024-08-30,59123.99,-0.0039671566087129,0.0312596445112829,0.0268612442564878,2242.970000000001,2351.4028571428566,0.0017043080911075,0.0245114439223851,0.0009317280465157,0.623015873015873,1,0,0.029820051
2024-08-31,58973.99,-0.0025402649674752,0.0299155953081051,0.0267082315253569,718.3799999999974,2337.3621428571423,0.0015373228713973,0.0229459395324821,-0.0045688991858491,0.5238095238095238,1,0,0.028584149
2024-09-01,57301.86,-0.0287634153194442,0.0286829501592057,0.027390314658069,1875.5899999999965,2337.3278571428564,0.001652608254189,0.0242728938608806,-0.0041436680200744,0.4246031746031746,1,0,0.027451526
2024-09-02,59132.13,0.0314413475808041,0.0290156286986406,0.028382358437495,2297.6900000000023,2370.710714285714,0.0017437244713093,0.0242728938608806,-0.0022982338166864,0.4484126984126984,1,0,0.026528906
2024-09-03,57487.73,-0.0282028977798507,0.0295740776634189,0.0293114795020237,2394.6500000000015,2338.059285714286,0.0017989347949049,0.0261184067489613,-0.0011468242530259,0.4880952380952381,1,0,0.02676564
2024-09-04,57970.9,0.0083696267750248,0.029727849175884,0.0274736462757154,2913.0,2329.1692857142857,0.0018388572950639,0.0261184067489613,-0.004572147799154,0.5119047619047619,1,0,0.027210008
2024-09-05,56180.0,-0.0313803388267199,0.0286241298756926,0.0283739643216098,2683.4199999999983,2401.19,0.0019566199787987,0.0280117023635435,-0.0040919136804759,0.4047619047619047,1,0,0.02741183
2024-09-06,53962.97,-0.0402627510802897,0.0292348121982947,0.0230361854197392,4458.0,2390.128571428572,0.0020051445404326,0.0296241884633025,-0.0020248323129882,0.4603174603174603,1,0,0.026493367
2024-09-07,54160.86,0.003660436759544,0.0308019013383349,0.023125326103208,1104.4599999999991,2400.197142857143,0.001717628101233,0.0296241884633025,0.0008863060302298,0.5992063492063492,1,0,0.02706505
2024-09-08,54869.95,0.0130073324703552,0.0294970037918686,0.0238602221964241,1688.989999999998,2433.215714285714,0.0016164884976106,0.0296241884633025,0.0008140536326628,0.4722222222222222,1,0,0.028464522
2024-09-09,57042.0,0.038821998779241,0.0285896454001867,0.0270790539450705,3496.040000000001,2562.8614285714284,0.0016594181335579,0.0304595880381864,-0.0004259832984538,0.3888888888888889,1,0,0.027257677
2024-09-10,57635.99,0.0103593603630525,0.0300839638728016,0.0233889576498654,1657.9599999999991,2311.430714285714,0.0016524600874741,0.0247615293094653,0.0005098862093826,0.5396825396825397,1,0,0.026503604
2024-09-11,57338.0,-0.0051836187862424,0.0290090973577421,0.0233740406104318,2436.519999999997,2315.826428571428,0.0011608928789475,0.0247201868775783,-0.0007187518181418,0.4206349206349206,1,0,0.02766123
2024-09-12,58132.32,0.0137582112804253,0.0279002521633153,0.0236828677019791,1264.0,2230.833571428571,0.0009049937012238,0.0247201868775783,-0.0007238777123773,0.3412698412698413,1,0,0.026527401
2024-09-13,60498.0,0.0398885151769494,0.0272009350884403,0.0261066168349126,2992.3799999999974,2284.362857142856,0.0009211896781023,0.0266516889498543,-0.0020338771098544,0.3055555555555556,1,0,0.02573308
2024-09-14,59993.03,-0.0083819178315689,0.0290899235922147,0.0262250009652807,1210.449999999997,2319.510714285713,0.0008932176042849,0.0268504461282269,-0.0017119777461202,0.4404761904761904,1,0,0.025455099
2024-09-15,59132.0,-0.0144561557687215,0.028050344600361,0.0252263112479324,1704.75,2307.3078571428564,0.0009297604850479,0.0248573433900984,-0.0014466591915076,0.3571428571428571,1,0,0.026712399
2024-09-16,58213.99,-0.0156465291807421,0.0273703632234702,0.0241503837885061,1717.3999999999942,2265.85857142857,0.0010300837917851,0.0237611297166594,-0.0012192821767165,0.3134920634920635,1,0,0.025904816
2024-09-17,60313.99,0.0354383795991601,0.0268333310800981,0.0246445189146885,3709.989999999998,2359.811428571427,0.0011480601691051,0.0229373623690792,-0.0032506327927035,0.2817460317460317,1,0,0.02544972
2024-09-18,61759.99,0.0236916603421484,0.028206014823625,0.0252144741810136,2611.439999999995,2338.271428571427,0.0011164192654026,0.0229373623690792,-0.0008030825341171,0.373015873015873,1,0,0.02514897
2024-09-19,62947.99,0.0190530860779141,0.0281399118412947,0.0232138098255434,2295.0,2310.527142857141,0.0011233121160944,0.0208423122029345,0.0002396596779794,0.373015873015873,1,0,0.025979783
2024-09-20,63201.05,0.0040120850615288,0.0277282887322671,0.0186897506417888,1783.3199999999997,2119.4785714285695,0.0011270825983486,0.0117358506857152,0.0005273536438268,0.3452380952380952,1,0,0.0259335
2024-09-21,63348.96,0.0023375749610998,0.0267269336546898,0.0187345665455582,801.9000000000015,2097.867142857141,0.0009954710595133,0.0117358506857152,-0.0023629899375249,0.2777777777777778,0,0,0.0253479
2024-09-22,63578.76,0.0036209624041578,0.0258065884641638,0.0188323369489739,1642.0699999999997,2094.515714285713,0.0011010047111042,0.0117358506857152,-0.0022437561361971,0.2222222222222222,0,0,0.018479403
2024-09-23,63339.99,-0.0037625690717479,0.0249962572443298,0.0172853900181991,2207.1299999999974,2002.4507142857128,0.0013261322584583,0.0106308766457831,-0.0023741059791403,0.1706349206349206,0,0,0.018099364
2024-09-24,64262.7,0.0144624863793918,0.0242737697669896,0.0173725197619948,1988.0,2026.0249999999985,0.0014131421411776,0.0106308766457831,-0.0025595613131084,0.1269841269841269,0,0,0.01779705
2024-09-25,63152.01,-0.0174346923431638,0.0240371796928719,0.0183561113523257,1870.909999999996,1985.624285714284,0.0015517578243608,0.0129782609364196,-0.004168835130753,0.1031746031746031,0,0,0.017581236
2024-09-26,65173.99,0.0315157856913526,0.0240275898612374,0.0194476315205689,3169.0,2121.6957142857127,0.0016950071510887,0.0129782609364196,-0.0041123219800573,0.1031746031746031,0,0,0.017488327
2024-09-27,65769.95,0.0091025841280014,0.0254094700322715,0.017194946636694,1678.0999999999983,2027.8185714285696,0.0017141720477963,0.0129782609364196,-0.0023188186999956,0.2103174603174603,0,0,0.017514538
2024-09-28,65858.0,0.0013378619530755,0.0247815987759144,0.016761745193148,837.7699999999968,2001.1985714285695,0.0015915946546637,0.013891721798735,-0.0019453348787753,0.1666666666666666,0,0,0.018041428
2024-09-29,65602.01,-0.0038945733164776,0.0240565266804304,0.0159564783019157,644.1199999999953,1925.4392857142836,0.0015866598315328,0.0120219278803534,-0.0017500617837333,0.119047619047619,0,0,0.017835017
2024-09-30,63327.59,-0.035285240554753,0.0234380174802006,0.0187573885639308,2762.5,2000.089285714284,0.0016503241087202,0.0198641720532511,-0.0015582397641292,0.0793650793650793,0,0,0.017552432
2024-10-01,60805.78,-0.0406362449266595,0.025425879078116,0.0205144934149433,3966.6299999999974,2018.4207142857128,0.0016121291434947,0.0254151361483038,0.0011521093111264,0.2261904761904762,0,0,0.017497014
2024-10-02,60649.28,-0.0025770863167764,0.0277707369476356,0.0194095731209755,2390.3099999999977,2002.6257142857128,0.0015593401236599,0.0232245814496488,0.0037335572547636,0.3928571428571428,1,0,0.018352862
2024-10-03,60752.71,0.0017039263528477,0.026747511735724,0.0185449863410839,1649.0800000000015,1956.48857142857,0.0014137476519949,0.0232245814496488,0.0027199218744866,0.3214285714285714,0,0,0.02595098
2024-10-04,62086.0,0.0217088304100379,0.0258201278615995,0.0195987875421968,2024.949999999997,1973.747857142856,0.001251968238265,0.0232245814496488,0.0004106578293279,0.2619047619047619,0,0,0.018940236
2024-10-05,62058.0,-0.0004510890655176,0.0259054912065842,0.0195734407359534,681.2999999999956,1965.1335714285697,0.001194710154329,0.0215024602659232,0.0011238924306697,0.2698412698412698,0,0,0.018504467
2024-10-06,62819.91,0.0122026298209956,0.0250591590583069,0.0198771771404508,1176.0299999999988,1931.844999999998,0.001181098683712,0.0215024602659232,0.0010026323778764,0.1984126984126984,0,0,0.018512186
2024-10-07,62224.0,-0.0095312840313255,0.0246044659871051,0.020001431394128,2350.1900000000023,1942.0635714285695,0.0011889976916793,0.0217557185640905,0.0011664485069045,0.1626984126984127,0,0,0.01812556
2024-10-08,62160.49,-0.001021188502186,0.0240833606742542,0.0194860485791319,1339.6900000000023,1895.7557142857129,0.0012001748486764,0.0203538137017254,-0.0013425184038618,0.1269841269841269,0,0,0.017944317
2024-10-09,60636.02,-0.0248304829764283,0.0234318754305782,0.0200186763347676,2242.75,1922.315714285713,0.0012506059844787,0.0212920356159829,-0.0043388615170574,0.0793650793650793,0,0,0.017717358
2024-10-10,60326.39,-0.0051194528325311,0.0241571782941582,0.0173959276031355,2375.6800000000003,1865.649999999999,0.0012429916179614,0.0201467257959721,-0.0025903334415658,0.1428571428571428,0,0,0.017487597
2024-10-11,62540.0,0.0360366989274485,0.0235510051617466,0.0203723060622863,3329.9199999999983,1983.6371428571415,0.0012995307710902,0.0201467257959721,-0.0022691226998528,0.0912698412698412,0,0,0.017775055
2024-10-12,63206.22,0.0105963620019302,0.0256207467739653,0.0206925761451189,992.7699999999968,1994.7085714285704,0.0013121145119661,0.0201467257959721,-0.0002847444326188,0.2658730158730158,0,0,0.017549422
2024-10-13,62870.02,-0.005333293519957,0.0250282076378716,0.0207012758677329,1235.7200000000012,2036.9657142857136,0.0012851252752721,0.0201833026730717,-3.095142043529897e-05,0.2142857142857142,0,0,0.018452268
2024-10-14,66083.99,0.0498570882341056,0.02433159071326,0.0228899056691535,4042.1900000000023,2128.372142857142,0.001219643072421,0.0173969938499752,-0.0002728752738451,0.1626984126984127,0,0,0.018199738
2024-10-15,67074.14,0.0148720660152132,0.0284109187239165,0.019261880850486,3149.989999999998,2070.040714285714,0.0015063669737742,0.0104876713906592,0.0043275580496623,0.4523809523809524,1,0,0.017898452
2024-10-16,67620.01,0.0081053704039835,0.0277129612815028,0.0190635321371704,1673.5099999999948,2018.8407142857136,0.0014992075448412,0.0112790172777082,0.0042810858509246,0.3968253968253968,1,0,0.026127126
2024-10-17,67421.78,-0.0029358340463456,0.0268055370487818,0.0192168356411379,1273.3999999999942,1992.0064285714273,0.0015035348128788,0.0105011326331477,0.0026483587546235,0.3373015873015873,0,0,0.025800925
2024-10-18,68428.0,0.0148139864714202,0.0258832700536713,0.0189089011046207,1807.6399999999992,1976.4842857142849,0.0015052343577226,0.0105011326331477,0.0023322648919247,0.2777777777777778,0,0,0.018798199
2024-10-19,68378.0,-0.0007309621248516,0.0254719678130649,0.0189174704794947,683.2599999999948,1976.6242857142845,0.0014968663766922,0.0105033826546884,-0.0001487789609004,0.238095238095238,0,0,0.0183759
2024-10-20,69031.99,0.0095188848804479,0.0246714089516631,0.0188734480061923,1300.0,1985.4792857142843,0.0015051617365333,0.0105033826546884,-0.0003567986862084,0.1666666666666666,0,0,0.018148538
2024-10-21,67377.5,-0.0242588860534898,0.0241421914676774,0.0202127991025295,2678.850000000006,2008.9549999999992,0.001525788133345,0.0134689882301427,-0.0001893992455825,0.1309523809523809,0,0,0.017782938
2024-10-22,67426.0,0.0007195659176897,0.0246997529714368,0.020173698089332,1264.5899999999965,2003.590714285713,0.0014986246060159,0.0145421953962086,-0.0037111657524796,0.1785714285714285,0,0,0.017655041
2024-10-23,66668.65,-0.0112958727724361,0.023980774152313,0.0188750101006093,2212.8300000000017,2001.4535714285705,0.0014530444357379,0.0114009980447432,-0.0037321871291898,0.1031746031746031,0,0,0.017889004
2024-10-24,68198.28,0.0226845171526353,0.0236091768314792,0.0189896554412621,2340.0,1998.9049999999988,0.001493569014237,0.0122775220724129,-0.0031963602173025,0.0873015873015873,0,0,0.01746976
2024-10-25,66698.33,-0.0222394294631644,0.024096412378039,0.0189378317001272,3175.2000000000116,1987.8535714285713,0.0014515237652731,0.014423822678934,-0.0017868576756322,0.1388888888888889,0,0,0.01740418
2024-10-26,67092.76,0.0058962243705629,0.0244704189873428,0.0188648375460917,1014.6500000000088,1989.4164285714292,0.0014656140378995,0.014423822678934,-0.001001548825722,0.1706349206349206,0,0,0.017690834
2024-10-27,68021.7,0.013750632418521,0.0238476957569076,0.0188075331124352,1418.320000000007,2002.4592857142868,0.0015117684992676,0.0156194490573129,-0.0008237131947555,0.1071428571428571,0,0,0.017856847
2024-10-28,69962.21,0.0281284672152075,0.0236220831962914,0.0154785965523031,2652.0,1903.160000000001,0.00155273963163,0.0156194490573129,-0.000520108271386,0.0912698412698412,0,0,0.017569628
2024-10-29,72736.42,0.0388869828293767,0.0246727191721872,0.0179074690761471,3860.1199999999953,1953.883571428572,0.0012272031725574,0.0156194490573129,-2.7033799249599755e-05,0.1944444444444444,0,0,0.017473277
2024-10-30,72344.74,-0.0053994736683442,0.0269188313412886,0.0181353701672039,1525.0,1943.2757142857151,0.001095185034582,0.0144279258163068,0.0029380571889756,0.3611111111111111,1,0,0.017988678
2024-10-31,70292.01,-0.0287846116959098,0.0260243999422636,0.0201860574623742,3014.2400000000052,2067.6214285714304,0.0009996785085385,0.0185693520309754,0.0024152231107844,0.3134920634920635,0,0,0.02534705
2024-11-01,69496.01,-0.0113887957455069,0.0267562517565419,0.0202189266185886,2812.8099999999977,2139.4192857142875,0.0010998759423396,0.0177225831623892,0.0026598393785029,0.3452380952380952,0,0,0.018808793
2024-11-02,69374.74,-0.0017465165389545,0.0260715497372304,0.0202278447467401,914.229999999996,2155.917142857145,0.0011396546645932,0.0177327207324583,0.0016011307498876,0.3134920634920635,0,0,0.018907707
2024-11-03,68775.99,-0.0086681228392535,0.0252136964920487,0.0202249933408851,1912.270000000004,2199.6507142857163,0.0011431551145202,0.0168681728618717,0.0013660007351411,0.2261904761904762,0,0,0.01872627
2024-11-04,67850.01,-0.0135551678077732,0.0245919325051087,0.0194351014861177,2665.0,2198.6614285714304,0.001127457589505,0.0152951424777794,0.0009698493088172,0.1587301587301587,0,0,0.01824614
2024-11-05,69372.01,0.0221839383739048,0.0242638558876234,0.0202819989008774,3101.279999999999,2329.853571428573,0.0011393177145017,0.0152951424777794,-0.0004088632845638,0.1428571428571428,0,0,0.017865267
2024-11-06,75571.99,0.0856022398482156,0.0246084967906544,0.0297208806053999,7102.0,2679.0800000000017,0.0011138189367575,0.0157839625915199,-0.0023103345506341,0.1706349206349206,0,0,0.017797958
2024-11-07,75857.89,0.003776009592066,0.0360783364925503,0.0294775434227018,2433.9900000000052,2685.7935714285736,0.0031380122324724,0.0157839625915199,0.0100539365502867,0.8571428571428571,2,0,0.018002924
2024-11-08,76509.78,0.0085568543195186,0.0342956801557865,0.0282006905195626,1644.9900000000052,2576.4928571428586,0.0038210261820695,0.014429957858488,0.0075394283992445,0.8095238095238095,2,0,0.041391026
2024-11-09,76677.46,0.0021892171563333,0.0327608892456463,0.0282575378039396,1185.3399999999965,2588.685000000001,0.0041086862152659,0.014429957858488,0.0066893395084159,0.7380952380952381,1,0,0.04133926
2024-11-10,80370.01,0.0470333036943149,0.0312602169916157,0.0299863801336545,5008.0,2845.0907142857145,0.0041316463713158,0.014429957858488,0.0060465204995669,0.6626984126984127,1,0,0.029943507
2024-11-11,88647.99,0.09803226217916,0.0333757144047675,0.0377171695683515,9314.53,3320.9857142857145,0.0042210709481379,0.014429957858488,0.0087837818996588,0.7698412698412699,1,0,0.028964605
2024-11-12,87952.01,-0.0078820340116365,0.0443854290803609,0.0376919454693722,4868.0,3392.9771428571435,0.0058671427770577,0.0136876824864393,0.0201215731927375,0.9761904761904762,2,0,0.030299034
2024-11-13,90375.2,0.0271785686611849,0.0419599455192564,0.0374356500130603,7137.649999999994,3793.8807142857145,0.0066343228691806,0.0146191327094091,0.017351448728602,0.9484126984126984,2,0,0.043898445
2024-11-14,87325.59,-0.0343263464379095,0.0405766115674784,0.037969909788058,5121.789999999994,3944.419999999999,0.0069553890977086,0.0164927177684727,0.0044982750749281,0.9365079365079364,2,0,0.04412454
2024-11-15,91032.07,0.0415683149748229,0.0398907581447714,0.0377222893393597,4776.619999999995,4084.692142857142,0.0070967565533049,0.0173340922335731,0.0055950779889849,0.9365079365079364,2,0,0.043950003
2024-11-16,90586.92,-0.0049020302492461,0.0399775585239793,0.0378667497510022,1723.4900000000052,4142.496428571429,0.0070541837703066,0.0174547033681685,0.0072166692783329,0.9365079365079364,2,0,0.044049826
2024-11-17,89855.99,-0.0081015540914197,0.0378728318873085,0.0378351303605396,2727.9900000000052,4200.762142857143,0.0066693646396881,0.0174001849041531,0.0066126148956928,0.9047619047619048,2,0,0.04410642
2024-11-18,90464.08,0.0067445881663559,0.0360055669615656,0.0368640524445828,3217.100000000006,4240.197857142857,0.0060019978232765,0.0182351967304763,0.0026298525567981,0.8611111111111112,2,0,0.043671306
2024-11-19,92310.79,0.0202081702443521,0.0342747451913929,0.0368610841302047,3548.5099999999948,4272.142857142857,0.0050835901963759,0.0182351967304763,-0.010110683888968,0.8174603174603174,2,0,0.043054488
2024-11-20,94286.56,0.0211776195370809,0.0332482029428976,0.0317649222656964,3331.970000000001,4002.855,0.0039645615646001,0.0182351967304763,-0.0087117425763588,0.7619047619047619,1,0,0.042275097
2024-11-21,98317.12,0.0418595170994535,0.0323933773600359,0.0322821349606813,4948.0,4182.427142857143,0.0041385590346773,0.0182351967304763,-0.0081832342074425,0.7222222222222222,1,0,0.030761253
2024-11-22,98892.0,0.0058301728478937,0.033625008109778,0.0323550370148463,2465.899999999994,4241.06357142857,0.0041709300343186,0.0182351967304763,-0.0062657500349934,0.7936507936507936,1,0,0.03012399
2024-11-23,97672.4,-0.0124093238715747,0.0320914429486953,0.0331409189530106,1772.8500000000058,4283.028571428571,0.0042211645957348,0.0172283540603641,-0.007886115575284,0.7182539682539683,1,0,0.030928548
2024-11-24,97900.04,0.0023279364188919,0.030893760382668,0.0321944803948933,2829.229999999996,4127.402142857142,0.0042571092115533,0.0172283540603641,-0.0069790715046404,0.6468253968253969,1,0,0.030092146
2024-11-25,93010.01,-0.0512398363468733,0.0295667476768891,0.0264653309977,6271.610000000001,3910.0507142857136,0.0045795346541333,0.0261712365871411,-0.0064388192846764,0.5476190476190477,1,0,0.029265415
2024-11-26,91965.16,-0.011297312096131,0.0326468751560312,0.0265930642401963,4182.2699999999895,3861.069999999999,0.0040034128359326,0.0263789832614194,-0.0016278700353616,0.746031746031746,1,0,0.028463494
2024-11-27,95863.11,0.0415114266779124,0.0313525090296913,0.027834642975637,5416.070000000007,3738.099999999999,0.0036457953067785,0.0263789832614194,-0.0018956939132062,0.6865079365079365,1,0,0.03054398
2024-11-28,95643.98,-0.0022884802399172,0.032714012907599,0.0256541911653468,1924.0,3509.6864285714287,0.0032371994779749,0.0223682946357509,0.000320635547563,0.753968253968254,1,0,0.029885974
2024-11-29,97460.0,0.0188092813038043,0.0312183242004867,0.0239237350889248,3255.0,3400.999285714286,0.0028363447081562,0.0223682946357509,-0.0024066839092912,0.6666666666666666,1,0,0.030374493
2024-11-30,96407.99,-0.0108529554161069,0.0304369052563095,0.0241624600424827,1371.9400000000023,3375.8885714285716,0.0022184530540429,0.0227149010202923,-0.0016545376923857,0.6111111111111112,1,0,0.029371541
2024-12-01,97185.18,0.008029148706738,0.0293444333458168,0.0239011572072906,2142.1199999999953,3334.040714285714,0.0018385739900832,0.0246177382855284,-0.0015493270368512,0.5277777777777778,1,0,0.028763931
2024-12-02,95840.62,-0.0139316272445846,0.0282691026539405,0.0244573675401743,3735.0,3371.0335714285707,0.0017441544112452,0.0231813697796165,-0.0012976450229486,0.4563492063492063,1,0,0.02794781
2024-12-03,95849.69,9.463180488111787e-05,0.0275379166327034,0.0240268260028203,2727.350000000006,3312.3792857142857,0.0018675179487825,0.0231813697796165,-0.0051089585233278,0.4007936507936508,1,0,0.02719539
2024-12-04,98587.32,0.0281614176668814,0.0265254769687481,0.0245079354725361,4412.169999999998,3389.536428571428,0.0021188425782251,0.0231813697796165,-0.0048270320609432,0.3373015873015873,0,0,0.026595306
2024-12-05,96945.63,-0.0167923470412212,0.0271144696810491,0.0223022625474159,13588.0,4006.6792857142855,0.0022441112711331,0.022380598575899,-0.0055995432265498,0.3849206349206349,1,0,0.019318517
2024-12-06,99740.84,0.0284249160874967,0.0266766189512325,0.0236137914972873,5917.270000000004,4253.205714285715,0.0022055252292283,0.022380598575899,-0.0045417052492541,0.3452380952380952,0,0,0.02649824
2024-12-07,99831.99,0.000913451057821,0.0272700266141657,0.0233153017217801,1595.179999999993,4240.514999999999,0.0021867993482077,0.0236370014643676,-0.0031668786421438,0.4007936507936508,1,0,0.019548055
2024-12-08,101109.59,0.0127163050682064,0.0262859310330619,0.0235060774401756,2693.300000000003,4230.805714285714,0.0022886864063486,0.0236370014643676,-0.0030585023127548,0.3253968253968254,0,0,0.026796173
2024-12-09,97276.47,-0.0386478475525837,0.0257153902991817,0.0214507413987938,7065.87999999999,4287.539285714285,0.0024499748966038,0.0192370403170225,-0.0025537123547587,0.2738095238095238,0,0,0.01946197
2024-12-10,96593.0,-0.0070508557281581,0.0277189027434054,0.0212590896491957,4013.4600000000064,4275.481428571429,0.0021944302642403,0.0188965059682754,0.000180986110702,0.4365079365079365,1,0,0.018994655
2024-12-11,101125.0,0.0458511005539268,0.0267811332649841,0.0218784716165516,6229.759999999995,4333.602142857142,0.0020641880850126,0.0188965059682754,0.000255656296236,0.373015873015873,0,0,0.027020078
2024-12-12,100004.29,-0.0111442903107441,0.0296232453259226,0.0221943113220157,3228.3600000000006,4426.770714285713,0.0016602196702124,0.0194140228167513,0.0025087756448734,0.6031746031746031,1,0,0.019696888
2024-12-13,101424.25,0.0140991293706864,0.0286243704437569,0.0219738407083335,2690.2599999999948,4386.432142857142,0.0013821575308667,0.0194140228167513,0.0019477514925243,0.5119047619047619,1,0,0.028759044
2024-12-14,101420.0,-4.190407172544042e-05,0.0278627649028461,0.021642791436158,2040.5899999999965,4434.192857142856,0.0011416178020397,0.0189016789653868,0.0005927382886804,0.4563492063492063,1,0,0.028027277
2024-12-15,104463.99,0.0295721083506421,0.026818044656301,0.02271944794433,4012.8600000000006,4567.817142857142,0.0010256799854567,0.0189016789653868,0.000532113623239,0.3809523809523809,1,0,0.027443614
2024-12-16,106058.66,0.0151499185537442,0.02751087599421,0.0221623681225043,4460.070000000007,4619.607857142857,0.0009925887439352,0.019746141742534,0.0017954856950282,0.4325396825396825,1,0,0.026750442
2024-12-17,106133.74,0.0007076596818098,0.0269293631410546,0.0221477736041254,3031.5099999999948,4641.33357142857,0.0009942377928212,0.019746141742534,-0.0007895396023508,0.3968253968253968,1,0,0.027285498
2024-12-18,100204.01,-0.0574917891430022,0.0259789272962676,0.0271917869291696,6524.979999999996,4792.24857142857,0.0010346527488364,0.0295940770747702,-0.0008022059687164,0.3174603174603174,0,0,0.026935201
2024-12-19,97461.86,-0.0277470858240995,0.0309961352109359,0.0278966686093516,7100.110000000001,4328.8278571428555,0.0014460194220522,0.0309375021616747,0.0013728898850132,0.7341269841269841,1,0,0.019650858
2024-12-20,97805.44,0.0035190772297433,0.0309176410001572,0.0267407930441855,6000.460000000006,4334.769999999999,0.0016876565686543,0.0309375021616747,0.0022932705564003,0.7261904761904762,1,0,0.03046247
2024-12-21,97291.99,-0.0052635361257102,0.0296001181994243,0.0267506492265233,3142.220000000001,4445.272857142857,0.0017465089928625,0.028711568232455,0.0017373532965782,0.626984126984127,1,0,0.030670684
2024-12-22,95186.27,-0.0218809543828495,0.0284349676088407,0.0269000438034323,3197.729999999996,4481.303571428571,0.0016818192907495,0.0279491842843239,0.0016169229525396,0.5198412698412699,1,0,0.029582601
2024-12-23,94881.47,-0.0032072803231173,0.0281935173101497,0.025022329014525,4018.9199999999983,4263.663571428571,0.0015345967439667,0.0244076979247738,0.0006826413159396,0.5,1,0,0.028444465
2024-12-24,98663.58,0.0390874529987854,0.0271350671799627,0.0272169225973699,5918.970000000001,4399.771428571427,0.0015589040952969,0.0259564777970377,0.000205704038908,0.4166666666666667,1,0,0.02800585
2024-12-25,99429.6,0.0077339746703657,0.0289277172802758,0.0241773820108464,1937.12999999999,4093.154999999999,0.0015087880946756,0.0259564777970377,0.0029487899840082,0.5634920634920635,1,0,0.027276348
2024-12-26,95791.6,-0.0372748575929549,0.0278858298635095,0.0259473262192605,4764.559999999998,4202.88357142857,0.0014711178412641,0.0292315655693384,-0.0031103053474263,0.4801587301587302,1,0,0.028622877
2024-12-27,94299.03,-0.0157040951939784,0.0293059212832789,0.0256508771549004,4044.570000000007,4299.62,0.0014947439803529,0.0279016343278114,-0.0016117197168783,0.6111111111111112,1,0,0.02790698
2024-12-28,95300.0,0.0105589073939036,0.0285542026310007,0.0259694351584455,1598.3300000000015,4268.03,0.0014898462456871,0.0298280975624183,-0.0010459155684236,0.5396825396825397,1,0,0.02921934
2024-12-29,93738.2,-0.016524020398176,0.0276432922335855,0.0241855726581104,2330.479999999996,4147.86,0.001439157219014,0.0285066901785163,-0.0007916753752551,0.4523809523809524,1,0,0.028581213
2024-12-30,92792.05,-0.010144822242994,0.027126797936926,0.0232717434587274,3494.050000000003,4078.8585714285705,0.0014615037797705,0.0270882682638593,-0.0010667193732236,0.4166666666666667,1,0,0.027612995
2024-12-31,93576.0,0.0084129723294203,0.0263509086312839,0.023621364136724,4216.270000000004,4163.484285714286,0.0015135910553993,0.0270882682638593,-0.0007841585486788,0.3412698412698413,0,0,0.027170535
2025-01-01,94591.79,0.0107967454739181,0.0255965370093732,0.0195334753321389,2263.149999999994,3859.067857142857,0.0015625381666971,0.0203059802735237,-0.0033311802709026,0.2658730158730158,0,0,0.019613754
2025-01-02,96984.79,0.024983476262296,0.0250152597136321,0.0197095871054161,3447.5,3598.1671428571426,0.0015958013588618,0.0190066225571883,-0.0028705701498774,0.2182539682539682,0,0,0.018858891
2025-01-03,98174.18,0.0121890859126896,0.0255118468916261,0.0199749459027287,2876.9000000000087,3375.055714285714,0.001459271195964,0.0190066225571883,-0.0037940743916527,0.2698412698412698,0,0,0.018510621
2025-01-04,98220.5,0.0004717032137406,0.0250040019750153,0.0199114676705614,1263.6399999999994,3240.871428571428,0.0014722803064539,0.0204167296380251,-0.0035502006559854,0.2182539682539682,0,0,0.01873396
2025-01-05,98363.61,0.0014559673747882,0.024252063038078,0.0188247833328717,1560.0600000000122,3123.895000000001,0.0016178367297275,0.0201110960913071,-0.0033912291955075,0.1428571428571428,0,0,0.018454876
2025-01-06,102235.6,0.0386090351235708,0.0235845665401533,0.021060650657088,4560.0,3162.5435714285727,0.0017923737675458,0.0224276296278601,-0.0035422313967727,0.0674603174603174,0,0,0.01803064
2025-01-07,96954.61,-0.053037022867576,0.0260180120529458,0.0239028694678546,6542.570000000007,3207.08642857143,0.001789851451886,0.0310641918534948,-0.000332896578338,0.3373015873015873,0,0,0.017696079
2025-01-08,95060.61,-0.0197282426767699,0.0302231061590869,0.0242336121285829,4767.75,3409.2735714285736,0.0019520307180386,0.0294791554511183,0.0046265691497137,0.7023809523809523,1,0,0.019323435
2025-01-09,92552.49,-0.0267387451314604,0.0296126148128414,0.0232374601883641,4178.650000000009,3367.4228571428603,0.0020907459603693,0.0275065723034129,0.0045973550992093,0.6666666666666666,1,0,0.029739972
2025-01-10,94726.11,0.0232137319338381,0.0296260608924761,0.0238505854204763,3629.979999999996,3337.809285714288,0.0021229436821802,0.0293020494622331,0.0041142140008499,0.6706349206349206,1,0,0.029537585
2025-01-11,94599.99,-0.0013323046178594,0.0293400757693131,0.0236690583591298,1219.2100000000064,3310.7292857142884,0.0021845883841657,0.026754518462715,0.0043360737942978,0.6309523809523809,1,0,0.029619541
2025-01-12,94545.06,-0.000580824098165,0.0281544035707029,0.0232194309740088,1738.9100000000035,3268.4742857142887,0.0022043258191826,0.0258911814316001,0.0039023405326248,0.5317460317460317,1,0,0.029119771
2025-01-13,94536.1,-9.477411717462304e-05,0.0270815186394375,0.0230157429173867,6683.309999999998,3496.278571428574,0.0022038670274441,0.0255578142627506,0.0034969520992842,0.4285714285714285,1,0,0.028055605
2025-01-14,96560.86,0.0211917109948256,0.0261147955085087,0.0235650834819232,3024.779999999999,3411.172142857145,0.0022085671563646,0.0255578142627506,9.67834555628995e-05,0.3531746031746032,0,0,0.027097505
2025-01-15,100497.35,0.0399578758632124,0.0261180866879461,0.0255818231541757,4181.940000000002,3548.2285714285745,0.0021911202212906,0.0255578142627506,-0.0041050194711407,0.3571428571428571,0,0,0.01949605
2025-01-16,99987.3,-0.0050881810693717,0.0282259675435728,0.0249690174022883,3531.529999999999,3554.230714285717,0.0021539857816862,0.0237399627088715,-0.0013866472692686,0.5555555555555556,1,0,0.019418042
2025-01-17,104077.48,0.0400924438437186,0.0271929238962886,0.0268708518056491,5914.449999999997,3771.198571428574,0.0021072773334183,0.0237399627088715,-0.0024331369961874,0.4603174603174603,1,0,0.02804422
2025-01-18,104556.23,0.0045893910462133,0.0291113685981547,0.0268497742609283,2711.3300000000017,3874.6050000000023,0.0020662427835577,0.0237399627088715,-0.0002287071711583,0.6349206349206349,1,0,0.027379628
2025-01-19,101331.57,-0.0313270015419231,0.0279821363224132,0.0285105680346221,6770.829999999987,4246.802857142858,0.0018475504026507,0.0248155239505887,-0.0001722672482896,0.5317460317460317,1,0,0.02916744
2025-01-20,102260.01,0.0091206761708786,0.0286849275216828,0.0266353277067355,10038.0,4638.088571428571,0.0014175605617257,0.0248155239505887,0.0016034088822453,0.6071428571428571,1,0,0.028336253
2025-01-21,106143.82,0.037276279511941,0.0277095472975652,0.0235562132160266,7121.770000000004,4679.46,0.0012924584090509,0.0173763223006898,0.0015947517890564,0.496031746031746,1,0,0.029236328
2025-01-22,103706.66,-0.0232286300582345,0.029160732919291,0.0238721093857338,3055.340000000011,4557.145000000001,0.0011936551238594,0.0179838091156261,0.0030426462313448,0.6388888888888888,1,0,0.027904775
2025-01-23,103910.34,0.0019620750260607,0.02893416548723,0.0219817018486075,5587.720000000001,4657.792857142857,0.0011424275048927,0.0160673646508782,0.0007081979436572,0.6150793650793651,1,0,0.029298645
2025-01-24,104870.5,0.0091978437211466,0.0277914340762075,0.0215638526969864,4370.0,4710.651428571429,0.001056204458564,0.0160673646508782,0.0005985101799188,0.5198412698412699,1,0,0.029035892
2025-01-25,104746.85,-0.0011797688916672,0.0269109385747451,0.0215592116570815,1180.4300000000076,4707.88142857143,0.0010127293686424,0.0160653771611952,-0.0022004300234096,0.4246031746031746,1,0,0.028083634
2025-01-26,102620.0,-0.0205136412372244,0.0259640756100746,0.0227437583828592,2979.5599999999977,4796.499285714286,0.0011172404276357,0.0181156018400588,-0.0020180607123386,0.3293650793650793,0,0,0.027106728
2025-01-27,102082.83,-0.0052483029473915,0.0259331465655838,0.0228886896255761,5482.229999999996,4710.707857142857,0.0012005736162236,0.018241828681447,-0.002751780956099,0.3253968253968254,0,0,0.019489523
2025-01-28,101335.52,-0.007347551113769,0.0251382266871965,0.0226519574791918,3527.320000000007,4746.603571428573,0.0013139882896544,0.0171154582978956,-0.0025713206103686,0.242063492063492,0,0,0.019340184
2025-01-29,103733.24,0.0233856124401334,0.0244818127626001,0.0209676406783886,3454.6699999999983,4694.655714285715,0.001504368181015,0.0171154582978956,-0.0046789201566908,0.1666666666666666,0,0,0.018849831
2025-01-30,104722.94,0.0094955921810715,0.0249048402172259,0.0209365429518247,3178.9000000000087,4669.4678571428585,0.0016171374117163,0.0183697341780545,-0.004029325270004,0.2182539682539682,0,0,0.018412616
2025-01-31,102429.56,-0.0221428532511644,0.0243482516100627,0.0190466374633353,4452.0,4565.007142857145,0.001779920276055,0.0189547911498345,-0.0034431824661447,0.1626984126984127,0,0,0.018709194
2025-02-01,100635.65,-0.0176687741751528,0.0246770031683735,0.0194561700396167,2504.2000000000116,4550.212142857145,0.0017567703803949,0.0187988508079266,-0.0022339354063716,0.2023809523809523,0,0,0.018406283
2025-02-02,97700.59,-0.0295989707224677,0.0246002921924225,0.0192653387404128,5306.600000000006,4445.624285714289,0.0017866953695896,0.0184455020798137,-0.0013637834176521,0.1825396825396825,0,0,0.018616583
2025-02-03,101328.52,0.0364603136848735,0.0256537372928632,0.0217685197527237,11269.009999999997,4533.553571428574,0.0016646370116348,0.0184455020798137,-0.0002794092727206,0.3134920634920635,0,0,0.018490162
2025-02-04,97763.13,-0.0358203995142627,0.0273717250591993,0.0207116879558065,5582.309999999998,4423.5921428571455,0.0016427160335806,0.0210950057206089,0.0022334983720028,0.5158730158730159,1,0,0.01924276
2025-02-05,96612.43,-0.011840104206886,0.0286984665202012,0.020194873501945,2994.0,4419.210714285716,0.0015806631851806,0.020015583402329,0.0042166537576011,0.6507936507936508,1,0,0.027901214
2025-02-06,96554.35,-0.0006013456532247,0.0278240074293461,0.0201378359310484,3443.3600000000006,4266.042142857144,0.0014500241877344,0.0189894018521251,0.0029191672121202,0.5634920634920635,1,0,0.029450577
2025-02-07,96506.8,-0.000492590052028,0.026783795084011,0.019766355368705,4517.650000000009,4276.588571428574,0.0013786525500036,0.0181062934110925,0.0024355434739482,0.4404761904761904,0,0,0.028484698
2025-02-08,96444.74,-0.0006432703479841,0.0258475948079734,0.0197768042568354,1192.0,4277.415000000002,0.0013506045955009,0.0181038379006852,0.0011705916395999,0.3373015873015873,0,0,0.020098638
2025-02-09,96462.75,0.0001867216255035,0.0250076775212896,0.0193696786522082,2610.0899999999965,4251.0242857142875,0.0013697152563295,0.017844968302767,0.000407385328867,0.246031746031746,0,0,0.019342866
2025-02-10,97430.82,0.0099856642396449,0.0242549638028881,0.0197438390954391,3089.0,4080.079285714288,0.0014297585424516,0.0187287190445286,-0.001398773489975,0.1468253968253968,0,0,0.018796202
2025-02-11,95778.2,-0.0171074860302891,0.0237925026149125,0.0200662233206722,3601.5399999999936,4085.3807142857154,0.001512217264015,0.0194238222132488,-0.0035792224442868,0.0833333333333333,0,0,0.018227514
2025-02-12,97869.99,0.0216048635909427,0.0237917907795975,0.0198838969768822,4031.7600000000098,4126.601428571431,0.0015615221332266,0.0194238222132488,-0.0049066757406036,0.0833333333333333,0,0,0.017898884
2025-02-13,96608.14,-0.0129769625826394,0.0241531952471605,0.0196021523501743,2866.550000000003,4104.290714285716,0.0015975378263198,0.0188784675813963,-0.0036708121821856,0.1349206349206349,0,0,0.017896842
2025-02-14,97500.48,0.0091942983898789,0.0238465627237387,0.0193755079292911,2573.179999999993,3970.0892857142862,0.0016303144925877,0.018480197906936,-0.0029372323602722,0.0952380952380952,0,0,0.018152636
2025-02-15,97569.66,0.000709283367513,0.0233994358415554,0.0189615150459294,748.679999999993,3844.695,0.0017106980011941,0.0185791343018962,-0.002448158966418,0.0515873015873015,0,0,0.017924678
2025-02-16,96118.12,-0.0149887326438573,0.0228218338717217,0.0176981113055668,1658.290000000008,3584.1014285714286,0.0018330287496989,0.0162405237357924,-0.0021858436495678,0.0436507936507936,0,0,0.017685931
2025-02-17,95780.0,-0.0035239568777996,0.0228041741443677,0.0139986061853648,1841.5899999999965,2910.714285714286,0.0019378043261226,0.0153567037904887,-0.0014507896585204,0.0396825396825396,0,0,0.017556857
2025-02-18,95671.74,-0.0011309378701795,0.0223197766900987,0.0105931339355361,3365.820000000007,2752.393571428572,0.0019382517558515,0.0096645581659318,-0.0014727259248137,0.0277777777777777,0,0,0.017404836
2025-02-19,96644.37,0.0101149954907171,0.0218656388906304,0.0105768510458371,1870.0,2672.107857142858,0.001689477106009,0.0093571168987447,-0.0019261518889671,0.0198412698412698,0,0,0.017227244
2025-02-20,98305.0,0.0170369380244537,0.0216973855280418,0.0115063453688337,2296.270000000004,2590.172857142858,0.0014492341305428,0.0100005962440785,-0.0024558097191186,0.0158730158730158,0,0,0.01716083
2025-02-21,96181.98,-0.0218328685213347,0.021980827044666,0.0130673702757169,4603.050000000003,2596.2728571428574,0.0012248688946133,0.0129643190530783,-0.0018657356790726,0.0277777777777777,0,0,0.017130297
2025-02-22,96551.01,0.0038294476827758,0.0226379684158763,0.0131113758807399,1209.5099999999948,2597.5235714285714,0.0010133894200008,0.0140006022657924,-0.0007614674256791,0.0436507936507936,0,0,0.017232057
2025-02-23,96258.0,-0.0030393831239017,0.0221776113179488,0.0131376541195119,1422.0599999999977,2512.664285714286,0.0008937220105395,0.0130128454810914,-0.0006442225537729,0.0317460317460317,0,0,0.017330062
2025-02-24,91552.88,-0.0501153577517214,0.0217580683812901,0.0183541149774663,5150.740000000005,2659.931428571429,0.0008657132773309,0.0214967675337082,-0.0010461057630775,0.0198412698412698,0,0,0.017240923
2025-02-25,88680.4,-0.0318778335074245,0.0265874079802283,0.0195251384955055,6489.699999999997,2866.228571428572,0.0013186702763948,0.0235064307850981,0.0042676312901296,0.4087301587301587,0,0,0.01733699
2025-02-26,84250.09,-0.0512492578566892,0.0275733853988913,0.0213671941353676,7158.139999999999,3089.5414285714287,0.0017965474908153,0.0279819480238764,0.0057077465082609,0.5238095238095238,1,0,0.019533675
2025-02-27,84708.58,0.0054272577477814,0.0310988233101603,0.0217787529846335,4361.970000000001,3196.3571428571427,0.0027620879786672,0.0293225663504814,0.0094014377821185,0.8174603174603174,1,0,0.027752738
2025-02-28,84349.94,-0.0042427975590886,0.0297928393231135,0.0211847740130392,6861.479999999996,3502.664285714286,0.0031997735339409,0.0276817318624766,0.0078120122784474,0.746031746031746,1,0,0.031161439
2025-03-01,86064.53,0.0201232660499197,0.0285920710554123,0.0225553582883165,2733.220000000001,3644.417142857143,0.0033972371827493,0.0276817318624766,0.005954102639536,0.6190476190476191,1,0,0.030529793
2025-03-02,94270.0,0.0910656416882886,0.028200774383733,0.0348397490774801,9949.399999999994,4236.6392857142855,0.0034895979081709,0.0288787170851768,0.0060231630657842,0.5833333333333334,1,0,0.029225912
2025-03-03,86220.61,-0.0892537611894859,0.0395270560233869,0.0420353092266483,9299.350000000006,4769.336428571429,0.0051644116120507,0.0427575402974122,0.0177689876420968,0.9603174603174603,2,0,0.02910338
2025-03-04,87281.98,0.0122347826584601,0.0468515727706266,0.042342001873191,7467.520000000004,5062.3150000000005,0.007435055541611,0.045707734571815,0.0202641647903982,0.996031746031746,2,0,0.045352664
2025-03-05,90606.01,0.0373765195126338,0.0443226288358071,0.0437704026978787,4665.470000000001,5261.9914285714285,0.0083975125233927,0.045707734571815,0.0167492434369158,0.984126984126984,2,0,0.04681268
2025-03-06,89931.89,-0.0074679403380368,0.0434612862876,0.0433259478974453,4974.639999999999,5453.303571428572,0.0088472807322182,0.0428371175657059,0.0123624629774397,0.9761904761904762,2,0,0.046738666
2025-03-07,86801.75,-0.0354258232982402,0.0411047370697815,0.0438485505207936,6615.990000000005,5597.085,0.0088172371933797,0.043958025346905,0.011311897746668,0.9642857142857144,2,0,0.04655495
2025-03-08,86222.45,-0.0066961981573037,0.0404515576055168,0.0437325807529178,1678.7799999999988,5630.604285714287,0.0085813420822851,0.0415040868254829,0.0118594865501045,0.9523809523809524,2,0,0.04644906
2025-03-09,80734.37,-0.0657662016000646,0.0383338944393531,0.0463133626170335,6500.0,5993.314285714287,0.0079810752244078,0.0469269626737852,0.0101331200556201,0.9285714285714286,2,0,0.046199124
2025-03-10,78595.86,-0.0268453567037916,0.0418511494551688,0.045267698440137,6663.550000000003,6101.372142857143,0.007219353377948,0.0447566041384488,0.0023240934317819,0.9642857142857144,2,0,0.046201225
2025-03-11,82932.99,0.0537139060247326,0.0404568801697105,0.0479187743838887,7011.399999999994,6138.636428571429,0.0067233582212989,0.0461142416409036,-0.006394692600916,0.9484126984126984,2,0,0.046550553
2025-03-12,83680.12,0.0089685020330385,0.0418691128927337,0.0460952795220449,3932.200000000011,5908.212142857144,0.0062048703077018,0.0453332105100882,-0.0024535159430734,0.9642857142857144,2,0,0.04627907
2025-03-13,81115.78,-0.031123917556556,0.039676645447413,0.0467649132450954,4396.430000000008,5910.673571428573,0.0058548990594694,0.0438098134984205,-0.003784640840187,0.9285714285714286,2,0,0.046385895
2025-03-14,83983.2,0.0347392620472,0.0388296461310226,0.04783952798104,4490.87000000001,5741.344285714288,0.0052404386070526,0.0468071983765069,-0.0022750909387589,0.9166666666666666,2,0,0.045811575
2025-03-15,84338.44,0.004220972745168,0.038390285918305,0.0475046351006769,1058.2799999999988,5621.705714285717,0.004221366221492,0.0468071983765069,-0.0020612716872118,0.9087301587301588,2,0,0.045668166
2025-03-16,82574.53,-0.0211364721204958,0.0364123157248158,0.0394839777527932,3135.9199999999983,5135.028571428574,0.0027257941369777,0.0444172646511244,-0.0019215787145373,0.8849206349206349,2,0,0.045462918
2025-03-17,84010.03,0.01723491701172,0.0352179765171397,0.0325844639691969,2300.8300000000017,4635.134285714288,0.0031009953766506,0.0334170899524574,-0.0066331729380291,0.8650793650793651,2,0,0.044732463
2025-03-18,82715.03,-0.0155348697269559,0.0339291779625837,0.0325059014384541,2887.0800000000017,4307.960000000002,0.0029915232849358,0.0317376855718637,-0.0065277022071268,0.8412698412698413,1,0,0.043700498
2025-03-19,86845.94,0.0487344175789452,0.0326856366247216,0.0337322746427919,4452.8399999999965,4292.772142857145,0.0031867273321843,0.0317376855718637,-0.0091834762680121,0.8015873015873016,1,0,0.03227685
2025-03-20,84223.39,-0.0306630706836426,0.0347739386871942,0.0345274037423664,3798.4400000000023,4208.757857142859,0.0030439282300818,0.0334340755340369,-0.0049027067602187,0.8611111111111112,2,0,0.031491976
2025-03-21,84088.79,-0.0015994092488558,0.0344725552432954,0.0333750073160361,1675.0800000000015,3855.835714285716,0.0030633299645155,0.0310045730661476,-0.0043570908877271,0.8531746031746031,2,0,0.043068763
2025-03-22,83840.59,-0.0029560066348182,0.0328143233932514,0.0333517967251703,914.0699999999924,3801.213571428573,0.003206175313889,0.0309317137287442,-0.0055759625250535,0.8095238095238095,1,0,0.04304355
2025-03-23,86082.5,0.02638888098096,0.0313150635670486,0.0285466078443727,2319.8899999999994,3502.634285714287,0.0035341499007599,0.0218075152205956,-0.0050972521577671,0.7579365079365079,1,0,0.031664636
2025-03-24,87498.16,0.0163116258283668,0.0310773963434652,0.0271898185308826,3246.3399999999965,3258.547857142858,0.0034802739354036,0.0208498635651881,-0.0041405801736744,0.7301587301587301,1,0,0.030360352
2025-03-25,87392.87,-0.0012040641846589,0.0301669787969865,0.0237832582093486,2229.6300000000047,2916.9928571428586,0.0035191910098356,0.019308586671229,-0.0037621991655971,0.6825396825396826,1,0,0.029911276
2025-03-26,86909.17,-0.0055501500919206,0.0289017513472579,0.0238542369003548,2415.0,2808.6214285714295,0.0033051905323994,0.0181678108227346,-0.0037838852774636,0.5833333333333334,1,0,0.029213082
2025-03-27,87232.01,0.0037078004164339,0.0278105227958774,0.0217809171930343,1956.3899999999992,2634.3328571428574,0.0033115057764864,0.0154543408449262,-0.0069634158913168,0.4880952380952381,1,0,0.0281022
2025-03-28,84424.38,-0.0327151282624953,0.0267965591033504,0.022198869905088,3930.6699999999983,2594.318571428571,0.0033392927543723,0.0185139682871123,-0.007675996139945,0.373015873015873,0,0,0.02696709
2025-03-29,82648.54,-0.0212590631891735,0.0278453973358526,0.022892888975556,2979.9199999999983,2731.5785714285707,0.0030838784645723,0.0188387424137095,-0.0049689260573988,0.5,1,0,0.01926909
2025-03-30,82389.99,-0.003133210305684,0.0276301319761615,0.0221967924399642,1969.6399999999992,2648.2728571428565,0.0029483927371806,0.0175028584798471,-0.003684931590887,0.4563492063492063,1,0,0.02703565
2025-03-31,82550.01,0.0019403425512951,0.0266268772930904,0.0216443170833251,2664.5599999999977,2674.2535714285705,0.0029198832699374,0.0175028584798471,-0.0044505190503748,0.3492063492063492,0,0,0.026736002
2025-04-01,85158.34,0.031108055610872,0.0257134402191727,0.0228338405024048,3146.720000000001,2692.799285714285,0.0029998017723237,0.0177335075396004,-0.0044535385778138,0.2698412698412698,0,0,0.019138228
2025-04-02,82516.29,-0.0315166187211986,0.0267547697864619,0.0201341163887043,6180.0,2816.1678571428565,0.0029952607531964,0.0197459294620265,-0.0021469815607959,0.369047619047619,0,0,0.018601086
2025-04-03,83213.09,0.0084089387880865,0.0276722031879544,0.0187634368410588,2786.779999999999,2743.9064285714276,0.0026054662859418,0.0179195831045391,-0.0001383196079229,0.4722222222222222,1,0,0.019230958
2025-04-04,83889.87,0.0081002000260586,0.0267783294373066,0.01891259734867,3061.0,2842.900714285713,0.0021225223902004,0.0191472995454359,-1.8229666043798057e-05,0.373015873015873,0,0,0.02678172
2025-04-05,83537.99,-0.0042033687594589,0.0259684664182538,0.018929666504633,1886.050000000003,2912.327857142857,0.0017961909113867,0.0191805850234086,-0.0018769309175988,0.3055555555555556,0,0,0.019357663
2025-04-06,78430.0,-0.0630949912246183,0.0251502604396647,0.0237369367758642,6663.800000000003,3222.6071428571427,0.0016531777938391,0.0286274383470564,-0.0024798715364968,0.2261904761904762,0,0,0.018866863
2025-04-07,79163.24,0.0093055424346957,0.0314861307690197,0.0232851645308707,6735.580000000002,3471.838571428572,0.0017234746272047,0.0286274383470564,0.0048592534759293,0.7698412698412699,1,0,0.018653464
2025-04-08,76322.42,-0.0365453144265597,0.0302379025093737,0.0244761618238448,4628.090000000011,3643.157142857144,0.0017319322071132,0.0314053181135207,0.0045244622902009,0.6944444444444444,1,0,0.030438136
2025-04-09,82615.22,0.079227189821367,0.0311773576360776,0.0341504020046755,8968.0,4111.228571428573,0.0019623701005334,0.0335080968476247,0.0044225878496156,0.7380952380952381,1,0,0.030085903
2025-04-10,79607.3,-0.0370881278659993,0.0389189446657485,0.0352014528807749,4288.850000000006,4277.832857142858,0.0035878077857911,0.0339762363812071,0.0112467414777941,0.9166666666666666,2,0,0.030824985
2025-04-11,83423.84,0.0468283226478618,0.0386866192545867,0.037022734134793,5330.419999999998,4377.815000000001,0.0044594004179111,0.03415259348408,0.01190828981728,0.9087301587301588,2,0,0.04411296
2025-04-12,85276.9,0.0219694890766071,0.0395285181126336,0.0369924457457359,3112.050000000003,4387.252857142858,0.0051926912941861,0.0358535208037289,0.0135600516943798,0.9246031746031746,2,0,0.04449838
2025-04-13,83760.0,-0.017948042350266,0.0380672050658618,0.0373678479556081,3065.770000000004,4465.547857142859,0.0055382669166697,0.0365722229329123,0.0129169446261971,0.8849206349206349,2,0,0.04484869
2025-04-14,84591.58,0.0098791679099754,0.0365345399732684,0.037440472341837,2121.9900000000052,4426.792857142859,0.005581437018217,0.0365722229329123,0.0050484092042486,0.8690476190476191,2,0,0.044411164
2025-04-15,83643.99,-0.0112651566020129,0.0348314511108939,0.0365871827056622,2896.4199999999983,4408.914285714288,0.0053671089615168,0.0341259614093679,0.0045935486015201,0.8452380952380952,2,0,0.044050064
2025-04-16,84030.38,0.0046088222541111,0.0333278655570419,0.035549975812709,2388.3600000000006,4138.082857142859,0.0051296981446737,0.0345416932589643,0.0021505079209642,0.8055555555555556,1,0,0.043582674
2025-04-17,84947.91,0.0108598449834591,0.0318015186665195,0.0355936908508541,1733.75,4062.866428571431,0.0049307220431288,0.0345416932589643,-0.007117425999229,0.7579365079365079,1,0,0.03207622
2025-04-18,84474.69,-0.0055862822389656,0.0305739333314636,0.0355856465299128,828.1199999999953,3903.3750000000023,0.0046569663846883,0.0320490204629267,-0.008112685923123,0.6904761904761905,1,0,0.031090122
2025-04-19,85077.01,0.0071048834511913,0.0293208892286256,0.0355991047192996,1313.540000000008,3862.481428571431,0.0043249819326835,0.0345743394236816,-0.010207628884008,0.6190476190476191,1,0,0.03015631
2025-04-20,85179.24,0.0012008958529978,0.0282232146316804,0.0304231123589199,1371.2399999999907,3484.44142857143,0.003925660849862,0.025263933826184,-0.0098439904341814,0.5317460317460317,1,0,0.029412594
2025-04-21,87516.23,0.0270665197044674,0.0271455910230241,0.0309420925807296,3321.2300000000105,3240.559285714288,0.0042753492215669,0.025263933826184,-0.0093889489502443,0.4126984126984127,1,0,0.028039303
2025-04-22,93442.99,0.0655272558342847,0.0275323324484142,0.0318623223205493,6811.970000000001,3396.550714285716,0.0044878425320141,0.0215393346887323,-0.0072991186624796,0.4404761904761904,1,0,0.026785996
2025-04-23,93691.08,0.0026514695623873,0.0336362315828029,0.0259035211067168,2760.6399999999994,2953.167857142859,0.0044479144285314,0.0215393346887323,0.000308366025761,0.8412698412698413,1,0,0.02698886
2025-04-24,93980.47,0.0030840074520419,0.0320597505533616,0.0223943829139634,2344.9900000000052,2814.320714285716,0.0041665922312462,0.0126523058073512,0.000258231886842,0.7857142857142857,1,0,0.031023856
2025-04-25,94638.68,0.0069792772557715,0.0306309915390555,0.0200132406071174,2902.079999999987,2640.8678571428577,0.0038579113674023,0.0126523058073512,5.705820759190072e-05,0.7103174603174603,1,0,0.030127104
2025-04-26,94628.0,-0.00011285663183,0.0294021786169845,0.0197821016229324,1328.3099999999977,2513.4578571428574,0.0033255835120452,0.0109573635440687,8.128938835889887e-05,0.6428571428571429,1,0,0.029223483
2025-04-27,93749.3,-0.0093292171941836,0.0282074182805595,0.019052142414334,1766.4199999999985,2420.6471428571426,0.0028754013875265,0.0078287504206746,-1.5796351120898194e-05,0.5396825396825397,1,0,0.028383162
2025-04-28,95011.18,0.0133703707308452,0.0272881472804934,0.0191007434909713,2829.9900000000052,2471.218571428571,0.0025344266376897,0.0078287504206746,0.0001425562574693,0.4285714285714285,1,0,0.027198877
2025-04-29,94256.82,-0.0079713844339099,0.0266373066180323,0.0188600224301839,1718.9900000000052,2387.116428571429,0.002342461791274,0.0067415975317828,-0.0008950258303819,0.3373015873015873,0,0,0.026143964
2025-04-30,94172.0,-0.000900286970209,0.0258383860921042,0.0190050986028278,2318.449999999997,2382.122857142858,0.0023048978076083,0.0060432948918762,-0.0077978454906986,0.2698412698412698,0,0,0.018809956
2025-05-01,96489.91,0.0243155458100101,0.0250002143758839,0.0194874062091948,3293.590000000011,2493.540000000001,0.0024201322073207,0.0060432948918762,-0.0070595361774776,0.1944444444444444,0,0,0.018296387
2025-05-02,96887.14,0.0041083526584184,0.0254346030193115,0.0190936620792792,1545.679999999993,2544.7942857142866,0.0024989739989565,0.0061522458602023,-0.005196388519744,0.238095238095238,0,0,0.017927524
2025-05-03,95856.42,-0.010695349046804,0.024671000395391,0.0198635331553606,1182.6600000000035,2535.4457142857145,0.0026583803113277,0.0072909671200805,-0.0047311782215935,0.1666666666666666,0,0,0.018169891
2025-05-04,94277.62,-0.0166076131092118,0.0241908815680735,0.0209109670739187,2153.0999999999913,2591.2928571428574,0.0028419981621175,0.0095009106661391,-0.004016536712486,0.119047619047619,0,0,0.017830487
2025-05-05,94733.68,0.0048257525878714,0.0241028355692603,0.0201194455069679,1684.8999999999942,2474.412142857142,0.0029989355411245,0.0095009106661391,-0.0031853117112331,0.1071428571428571,0,0,0.017644387
2025-05-06,96834.02,0.0219287924377571,0.0234964737842122,0.0117902903346652,3543.649999999994,2240.960714285713,0.0031813000904062,0.0095009106661391,-0.00314083283382,0.0515873015873015,0,0,0.017569508
2025-05-07,97030.5,0.0020269832486352,0.0239305631148011,0.0117910427350927,1947.3899999999992,2182.8714285714273,0.0026864619709076,0.0095009106661391,-0.001907822977303,0.0873015873015873,0,0,0.017265152
2025-05-08,103261.6,0.062240212129403,0.0233022767334651,0.0198567457353658,7269.470000000001,2534.6199999999985,0.0022790322920895,0.0095009106661391,-0.0016979376424187,0.0396825396825396,0,0,0.017418545
2025-05-09,102971.99,-0.002808564699583,0.0300507066014508,0.0200188290921551,2046.1600000000035,2473.4828571428566,0.002189225157587,0.008859956921755,0.0046161035821392,0.7341269841269841,1,0,0.017253142
2025-05-10,104809.53,0.0176876933678986,0.0288076564802657,0.020163570443484,2165.810000000012,2533.3042857142864,0.0021191476574226,0.0095697363248954,0.0041366560848747,0.6388888888888888,1,0,0.028940465
2025-05-11,104118.0,-0.0066198315306778,0.0282282547771289,0.0200040655986595,1626.9400000000023,2523.3414285714293,0.0021209880633589,0.0091857407250444,0.0040373732090554,0.5952380952380952,1,0,0.028291192
2025-05-12,102791.32,-0.0128239576779254,0.0272278320425517,0.020627342647052,5101.080000000002,2685.5621428571435,0.0021177570737982,0.0097886296029895,0.0031249964732913,0.4642857142857143,1,0,0.02782422
2025-05-13,104103.72,0.0126867961942682,0.026556875663837,0.0203166996164177,3546.550000000003,2816.1021428571435,0.0021153599947116,0.0100596381374487,0.0030604018796248,0.365079365079365,0,0,0.02663323
2025-05-14,103507.82,-0.0057405444459615,0.0259542492652201,0.0205035920087209,1754.8999999999942,2775.8485714285716,0.0021158570871017,0.0103224775017581,0.002023686150419,0.3214285714285714,0,0,0.019144308
2025-05-15,103763.71,0.0024691295519918,0.0251678222542656,0.0198860745189885,2809.62999999999,2741.279999999999,0.0021115603218976,0.0103224775017581,0.0018655455208004,0.25,0,0,0.018785592
2025-05-16,103463.9,-0.0028935353660735,0.0244105722684961,0.0200031094281264,1449.8399999999965,2734.4342857142847,0.002142493452796,0.0096191312167882,-0.0056401343329547,0.1626984126984127,0,0,0.018383201
2025-05-17,103126.65,-0.0032649150658752,0.0237390913212718,0.0196590713523516,1097.3600000000006,2728.3414285714275,0.0021915498467856,0.0088152706523148,-0.0050685651589938,0.0753968253968253,0,0,0.017874908
2025-05-18,106454.26,0.0317575648000758,0.0231459213309059,0.019777139784553,3554.9100000000035,2828.470714285714,0.0022619058194391,0.0066851846587519,-0.005082333446223,0.0396825396825396,0,0,0.017433371
2025-05-19,105573.74,-0.0083057432217508,0.024720378949257,0.0202788462982803,5108.619999999995,3073.0221428571426,0.0022367632346141,0.006939900513854,-0.0025074530932946,0.2182539682539682,0,0,0.017244246
2025-05-20,106849.99,0.0120162220708373,0.024140986867446,0.0199150666300256,3135.279999999999,3043.8528571428574,0.0021958609605052,0.006939900513854,-0.0024158887963909,0.1309523809523809,0,0,0.018181574
2025-05-21,109643.99,0.0258127744242102,0.0237855717716951,0.0204624489903826,4697.37000000001,3240.280000000001,0.0022050198523847,0.006939900513854,-0.002168677493525,0.0833333333333333,0,0,0.01774649
2025-05-22,111696.21,0.0185441127291969,0.024556299614387,0.0139774646940465,2802.6300000000047,2921.220000000001,0.0021259342766552,0.006939900513854,-0.0006115226398786,0.1904761904761904,0,0,0.017547857
2025-05-23,107318.3,-0.0399835903745309,0.0245597410687471,0.0184992159619507,5000.0,3132.208571428572,0.0017434640394981,0.0165957610661874,0.000149168800251,0.1944444444444444,0,0,0.018021356
2025-05-24,107761.91,0.004125071563271,0.0269892985175572,0.0180170792494851,2630.6199999999953,3165.4092857142855,0.0015200634950405,0.0165957610661874,0.0032502071962853,0.4801587301587302,1,0,0.018252786
2025-05-25,109004.19,0.011462065339149,0.0260644142555034,0.0180009435195569,2699.350000000006,3242.01,0.0012829806601439,0.0177205757434087,0.0029184929245975,0.3809523809523809,0,0,0.026931953
2025-05-26,109434.79,0.0039425248895827,0.0254597977046022,0.0173949675858352,1751.6399999999994,3002.7642857142855,0.0011327569361745,0.0185453980142896,0.0007394187553451,0.3015873015873015,0,0,0.019461926
2025-05-27,108938.17,-0.0045483731700137,0.0246908319319241,0.0173788533440307,3201.429999999993,2978.112857142856,0.0010341900113521,0.0170310825455293,0.0005498450644781,0.2301587301587301,0,0,0.018851738
2025-05-28,107781.78,-0.010671846084497,0.0240147082091582,0.0176231806461069,2515.270000000004,3032.4249999999997,0.0009988870780783,0.0174225958855683,0.0002291364374631,0.1111111111111111,0,0,0.018416908
2025-05-29,105589.75,-0.0205473253252073,0.023610146838641,0.018705800300269,3569.050000000003,3086.6692857142866,0.0010261126087437,0.0179024087061363,-0.000946152775746,0.0753968253968253,0,0,0.01781663
2025-05-30,103985.48,-0.0153100281575468,0.0239053493575535,0.0192048602679695,2692.1199999999953,3175.403571428572,0.0010406819467811,0.018782583412912,-0.0006543917111936,0.1071428571428571,0,0,0.017645385
2025-05-31,104591.88,0.0058146455448113,0.0237677972730296,0.0192263563905432,1831.449999999997,3227.838571428572,0.0010390364291112,0.0202436755854497,-0.0032215012445276,0.0873015873015873,0,0,0.017832976
2025-06-01,105642.93,0.0099989031960419,0.0232212029523848,0.017335950748348,2114.4199999999983,3124.9464285714284,0.0010314934066682,0.0202436755854497,-0.0028432113031186,0.0436507936507936,0,0,0.017757963
2025-06-02,105857.99,0.0020336561573319,0.0228811486616869,0.0171996696008436,2275.75,2922.5985714285716,0.001119410630114,0.0218625389046558,-0.0025786490429152,0.0396825396825396,0,0,0.017525475
2025-06-03,105376.89,-0.0045551268035755,0.022369542179875,0.0168907853456845,1922.1699999999985,2835.9478571428576,0.0012444812897379,0.0200441272238055,-0.0023212897520491,0.0277777777777777,0,0,0.01749238
2025-06-04,104696.86,-0.0064742251263645,0.0219539494381158,0.0150537639262989,1821.0,2630.492857142857,0.0013880923855113,0.0187178975008697,-0.0020607587710423,0.0158730158730158,0,0,0.017390411
2025-06-05,101508.68,-0.030924814911037,0.021635879362656,0.0153356992712199,5537.450000000012,2825.837142857143,0.0015335142444793,0.0206423774831454,-0.0019742674759849,0.0039682539682539,0,0,0.017276641
2025-06-06,104288.44,0.0270162096650299,0.0233933621008153,0.0146322322493469,4237.199999999997,2771.3514285714286,0.0015287799651136,0.0160809314141006,-0.0005119872567381,0.0674603174603174,0,0,0.017285164
2025-06-07,105552.15,0.0120446218481458,0.0243578069548308,0.015036638283865,2028.9100000000035,2728.372142857143,0.0012500099473092,0.0160809314141006,0.0005900096818012,0.2063492063492063,0,0,0.017521795
2025-06-08,105734.0,0.0017213626629395,0.0239779247237485,0.0146110654815098,1524.0,2644.4185714285713,0.001050543702119,0.0160809314141006,0.0007567217713637,0.1428571428571428,0,0,0.018210348
2025-06-09,110263.02,0.0419420963494108,0.0233420147345371,0.0187720923825785,5211.800000000003,2891.5728571428576,0.0008894070772674,0.0160809314141006,0.0004608660728501,0.0674603174603174,0,0,0.01787692
2025-06-10,110274.39,0.0001031117578662,0.026340686403888,0.0187162130715532,2068.970000000001,2810.682857142858,0.0011496917419033,0.0172698522842619,0.003971144224013,0.4206349206349206,0,0,0.01754519
2025-06-11,108645.12,-0.0148849235207304,0.0254491767040997,0.0189485102388017,2328.0099999999948,2797.307142857143,0.0012593494125408,0.0177818232890039,0.0034952272659838,0.3214285714285714,0,0,0.019462358
2025-06-12,105671.73,-0.0277493887872797,0.0250939576131058,0.0196506762583937,3141.8300000000017,2766.7914285714287,0.0013223859592524,0.0193433685317728,0.0034580782504497,0.3015873015873015,0,0,0.018920865
2025-06-13,106066.59,0.0037297023772637,0.0258614551186441,0.019158141661832,3515.220000000001,2825.584285714286,0.0014443621010596,0.0200529223543651,0.0024680930178287,0.369047619047619,0,0,0.018824112
2025-06-14,105414.64,-0.0061655785271081,0.0250469762649788,0.0192140043536468,1952.0,2834.1950000000006,0.0014800185614976,0.0184779726220389,0.000689169310148,0.2976190476190476,0,0,0.019231047
2025-06-15,105594.01,0.0017001202861059,0.0243679185752475,0.0190275024100008,1634.040000000008,2799.882142857144,0.0014698748542284,0.0184779726220389,0.000389993851499,0.2103174603174603,0,0,0.018791284
2025-06-16,106794.53,0.0113050618075085,0.0236895249377115,0.0192648309178955,3972.0100000000098,2921.0435714285736,0.0014378540499578,0.0184779726220389,0.0003475102031743,0.1071428571428571,0,0,0.018305283
2025-06-17,104551.17,-0.0212300913561662,0.0233532315108988,0.0201070734135999,4400.319999999992,3098.0542857142873,0.0013712326398547,0.020324781393328,-0.0029874548929892,0.0714285714285714,0,0,0.017796617
2025-06-18,104886.78,0.0032048660451344,0.0237454368150672,0.0200544807383274,2050.270000000004,3114.4307142857165,0.0012283775511654,0.0220756193169414,-0.0017037398890324,0.115079365079365,0,0,0.017660256
2025-06-19,104658.59,-0.0021779540173216,0.0231507289203619,0.0179963624503512,1296.8999999999942,2811.5342857142864,0.0010300517981163,0.0172340601574455,-0.0019432286927438,0.0595238095238095,0,0,0.01791152
2025-06-20,103297.99,-0.013085610610986,0.0226101450610067,0.0168975549798393,4179.649999999994,2807.423571428572,0.0011056304260355,0.0166147392025605,-0.0032513100576373,0.0396825396825396,0,0,0.017500367
2025-06-21,102120.01,-0.0114692277493535,0.0225025196203054,0.0167027825969081,3144.7400000000052,2887.125714285715,0.0012064802989686,0.0159814201844389,-0.0025444566446734,0.0396825396825396,0,0,0.01738238
2025-06-22,100963.87,-0.0113859602263612,0.0223203038915856,0.0168232585507794,5199.619999999995,3149.6700000000005,0.0013052223967275,0.0154817660009179,-0.0020476146836619,0.0357142857142857,0,0,0.017389458
2025-06-23,105333.93,0.0423728593887915,0.0221567876321855,0.0169125208213831,6460.869999999995,3238.8892857142855,0.0013911537967155,0.0154817660009179,-0.0015327373055259,0.0277777777777777,0,0,0.017412927
2025-06-24,106083.0,0.007086217120932,0.0255085511601549,0.0171212352130075,1667.979999999996,3210.247142857142,0.0012970226292819,0.0154817660009179,0.002155319649256,0.3452380952380952,0,0,0.017394718
2025-06-25,107340.58,0.0117849635445264,0.0248042048952824,0.0171530039062148,2327.270000000004,3210.194285714286,0.0012490321785911,0.0155651610970482,0.0010587680802152,0.2857142857142857,0,0,0.019065585
2025-06-26,106947.06,-0.0036728244556734,0.0243589000033156,0.015363635088159,1709.949999999997,3107.9171428571426,0.0012085193922666,0.0115843536181599,0.0012081710829537,0.2222222222222222,0,0,0.018745717
2025-06-27,107047.59,0.0009395562683032,0.023703779415828,0.0153415835891524,1378.5800000000015,2955.2999999999997,0.0010560869168986,0.0115843536181599,0.0010936343548213,0.1269841269841269,0,0,0.018307623
2025-06-28,107296.79,0.0023252311283279,0.0230934216978787,0.0152184354347495,766.2400000000052,2870.6028571428574,0.0009862872784407,0.0122567422444417,0.0005909020775732,0.0714285714285714,0,0,0.01778413
2025-06-29,108356.93,0.0098319522617806,0.0225607296181039,0.0153905689645015,1355.979999999996,2850.741428571428,0.0009858978074742,0.0122567422444417,0.0002404257265182,0.0515873015873015,0,0,0.017497804
2025-06-30,107146.5,-0.0112336284308618,0.0222933609101472,0.0155032861167847,2056.6600000000035,2713.9307142857133,0.0010239138997643,0.0121158738285344,0.0001365732779616,0.0357142857142857,0,0,0.017391678
2025-07-01,105681.14,-0.0137706094588061,0.0221254898500848,0.0148220378046195,2289.149999999994,2563.132857142856,0.001070281102277,0.0104640452180553,-0.0033830613100701,0.0277777777777777,0,0,0.017288264
2025-07-02,108849.6,0.0295406654537462,0.0221222680575496,0.0167065200526425,4629.809999999998,2747.3857142857128,0.0010953921095969,0.0104640452180553,-0.0026819368377327,0.0277777777777777,0,0,0.017181467
2025-07-03,109584.78,0.0067313833656417,0.0236085442319615,0.0166781724322082,1998.7799999999988,2797.519999999999,0.0011040265963333,0.0112674325127554,-0.000750355771354,0.1309523809523809,0,0,0.01721638
2025-07-04,107984.24,-0.0147132057075669,0.0231047138868773,0.0168062468165958,2522.5899999999965,2679.1585714285707,0.0010941063515836,0.0115972369533136,-0.0005990655289507,0.0912698412698412,0,0,0.017746132
2025-07-05,108198.12,0.001978700480306,0.0230321785421297,0.0162813436287276,664.25,2501.980714285713,0.0010786076784275,0.0116226696119375,-6.124315574899952e-05,0.0873015873015873,0,0,0.01754124
2025-07-06,109203.84,0.0092522364973248,0.0225030670660393,0.0156921101053344,1899.9900000000052,2266.2928571428565,0.001068203735167,0.0116810974898016,-5.766255206459889e-05,0.0634920634920634,0,0,0.017489862
2025-07-07,108262.94,-0.0086533296829767,0.0222179548620183,0.0119822874779057,2186.800000000003,1961.0021428571429,0.0010636687356276,0.0111415642426661,-7.540604812890025e-05,0.0436507936507936,0,0,0.017331835
2025-07-08,108922.98,0.0060781291164992,0.0219433557675598,0.0119520974685334,1786.9899999999907,1969.5028571428568,0.0008845129583529,0.0111415642426661,-0.0001821340825249,0.0198412698412698,0,0,0.017174553
2025-07-09,111233.99,0.0209949736167125,0.0216150947382341,0.0127646408574675,3675.259999999995,2065.787857142856,0.0007778918983521,0.0111415642426661,-0.0005071733193155,0.0039682539682539,0,0,0.017062273
2025-07-10,116010.0,0.0420403937093798,0.0222502288852027,0.0163851113803373,6368.0,2398.5057142857136,0.000629083541403,0.0123205380299024,-0.0013583153467588,0.0555555555555555,0,0,0.017001566
2025-07-11,117527.66,0.0129973158489828,0.0255242407128925,0.0164262488681651,3647.759999999995,2560.589999999999,0.0009726870097343,0.0123205380299024,0.0024195268260151,0.373015873015873,0,0,0.017308515
2025-07-12,117420.0,-0.0009164595002584,0.02505549936618,0.0165148361568086,1299.949999999997,2598.712142857141,0.0011557087528002,0.0110274432884572,0.0020233208240503,0.3333333333333333,0,0,0.019014519
2025-07-13,119086.64,0.0140940447900117,0.0242993778264529,0.0166211172583868,2263.2100000000064,2663.5142857142846,0.0012137235529557,0.0110274432884572,0.0017963107604135,0.246031746031746,0,0,0.018797856
2025-07-14,119841.18,0.0063160707563305,0.0240377996206013,0.0158025728747113,4312.820000000007,2824.6685714285704,0.0012274697204469,0.0109752917919985,0.001819844758583,0.2182539682539682,0,0,0.01833507
2025-07-15,117758.09,-0.0175349307627001,0.0234739108438487,0.016227759118935,4203.9100000000035,2961.4371428571426,0.0011974158274425,0.0122441029853534,0.0015305550762888,0.1507936507936507,0,0,0.018215071
2025-07-16,118630.43,0.007380594962262,0.0235471068434423,0.0149684756404997,3046.550000000003,2848.347142857143,0.0011587732469457,0.0122441029853534,0.0019320121052082,0.1587301587301587,0,0,0.01791447
2025-07-17,119177.56,0.0046014514935439,0.0230700822808161,0.0149728932389823,3545.1399999999994,2958.8014285714285,0.0011567121457795,0.0122441029853534,0.0008198533956134,0.1111111111111111,0,0,0.017930608
2025-07-18,117924.84,-0.0105670095006562,0.0225748525346775,0.0145673202930991,4007.950000000011,3064.8985714285727,0.001170853016109,0.011122673905783,-0.0029493881782149,0.0873015873015873,0,0,0.017708387
2025-07-19,117840.0,-0.0007197002204577,0.0223392386519742,0.0146463910069798,1222.5599999999977,3104.777857142858,0.001194031116563,0.0099536271546092,-0.0027162607142058,0.0714285714285714,0,0,0.01757015
2025-07-20,117265.12,-0.0048904179181157,0.021881134433677,0.014897626957841,2389.779999999999,3139.7628571428577,0.001231926585584,0.0093031325824396,-0.0024182433927758,0.0238095238095238,0,0,0.017481606
2025-07-21,117380.36,0.0009822478512298,0.0215301836728029,0.0144292092739549,3161.729999999996,3209.4007142857145,0.0012837483903722,0.0094277201960645,-0.0025076159477984,0.0039682539682539,0,0,0.017254245
2025-07-22,119954.42,0.021692235206272,0.0211671521460632,0.0150447135379398,4119.800000000003,3376.030000000001,0.0013516534607054,0.0094277201960645,-0.0023067586977854,0.0039682539682539,0,0,0.017173227
2025-07-23,118755.99,-0.0100409535459071,0.0219412953484854,0.0150930882103124,2789.0,3312.7257142857156,0.0013280643342696,0.0095326656694011,-0.0016058114949569,0.0357142857142857,0,0,0.017200362
2025-07-24,118340.99,-0.0035006808084236,0.0217601007981811,0.0106837248944648,2346.899999999994,3025.5042857142867,0.0013568999626465,0.0089241650646668,-0.001309981482635,0.0277777777777777,0,0,0.01734602
2025-07-25,117614.31,-0.0061594912042917,0.0213963901641391,0.0103071478332096,3728.410000000003,3031.2650000000017,0.0012101208479178,0.0086271691953798,-0.0011784623705384,0.0079365079365079,0,0,0.017250802
2025-07-26,117919.99,0.0025956319026292,0.0211365485249155,0.0103244721633864,1158.9700000000012,3021.195000000002,0.0010737984848301,0.0092163247136346,-0.0012026901270586,0.0039682539682539,0,0,0.01715168
2025-07-27,119415.55,0.0126030833468195,0.0208340738745697,0.0101779297135609,1941.1499999999944,2998.1907142857153,0.0010096132938819,0.0092163247136346,-0.0010470605591073,0.0039682539682539,0,0,0.017135616
2025-07-28,118062.32,-0.011396806340219,0.0209335247705858,0.0104559019553168,2372.5,2859.596428571429,0.0009089485408623,0.0095162471814427,-0.0005966589022171,0.0079365079365079,0,0,0.017128598
2025-07-29,117950.76,-0.000945371403219,0.0209506231237941,0.009325070196375,2322.6100000000006,2725.217857142857,0.0008350518489145,0.0072274789309954,-0.000216529022269,0.0119047619047619,0,0,0.01712821
2025-07-30,117840.3,-0.0009369312651674,0.0206564750925093,0.0090886480348235,2995.770000000004,2721.5907142857145,0.0007161122735219,0.0068212857518825,-0.0012848202559761,0.0039682539682539,0,0,0.017088842
2025-07-31,115764.08,-0.0177759909386789,0.0203979093528557,0.0100442379256564,3422.449999999997,2712.827142857143,0.0006417105486267,0.0085717869060745,-0.0013621914453254,0.0039682539682539,0,0,0.017037239
2025-08-01,113297.93,-0.0215334292496773,0.0209352060741575,0.0111266743510581,3329.4199999999983,2664.3607142857136,0.0005528586522173,0.0104248846185241,-0.0004611840899815,0.0198412698412698,0,0,0.017057773
2025-08-02,112546.35,-0.0066557609918458,0.0217317101309503,0.0111519534514449,2060.4900000000052,2724.212857142857,0.000482298739478,0.0106327953947617,0.0005951616060347,0.0555555555555555,0,0,0.01715612
2025-08-03,114208.8,0.0146632152506764,0.0214459620188278,0.0121177973150795,2879.970000000001,2759.2264285714286,0.0004502224610995,0.011088769051286,0.000611888144258,0.0396825396825396,0,0,0.017344799
2025-08-04,115055.03,0.0073821836009084,0.0215927793886338,0.0123527774901265,1612.3999999999942,2648.56,0.0004540352875483,0.011088769051286,0.000659254618048,0.0476190476190476,0,0,0.01728433
2025-08-05,114129.75,-0.0080745765687897,0.0213477394059172,0.0104879174543045,2477.8099999999977,2531.274999999999,0.0004554191361076,0.0108251835015397,0.000397116282123,0.0357142857142857,0,0,0.017301913
2025-08-06,114992.27,0.0075289496341817,0.0211581621684731,0.0107012017880721,2360.8699999999953,2500.694285714285,0.0004051434627387,0.0109088406060253,0.0005016870759638,0.0317460317460317,0,0,0.017219495
2025-08-07,117472.01,0.0213351837283326,0.0209721442073794,0.0124092002085828,3362.0,2573.201428571428,0.0003688698416907,0.0115041865433119,0.0005742348545237,0.0277777777777777,0,0,0.01719461
2025-08-08,116674.74,-0.0068100290199488,0.0217431008283312,0.0124331110308993,1751.2899999999936,2431.9785714285704,0.0004001508604665,0.0115499330492829,0.0008078947541736,0.0793650793650793,0,0,0.017196413
2025-08-09,116462.25,-0.0018228772606168,0.0214607977566345,0.0124025355691722,1644.9199999999985,2466.6892857142843,0.0004097564427758,0.0109063208433897,-0.0002709123743158,0.0555555555555555,0,0,0.017417233
2025-08-10,119294.01,0.0240239321270632,0.0211115253867132,0.0136691326025359,2850.479999999996,2531.6414285714272,0.0003996624054339,0.0109063208433897,-0.0003344366321146,0.0317460317460317,0,0,0.017298218
2025-08-11,118686.0,-0.0051097680255924,0.0221361186033919,0.0133684508039405,4285.050000000003,2668.2521428571417,0.0004674601548374,0.0103642175218903,0.000543339214758,0.1309523809523809,0,0,0.017196428
2025-08-12,120134.08,0.0121271021010791,0.0217600776026226,0.0137209226756728,2116.959999999992,2653.5628571428556,0.0004762255452351,0.0109878302935538,0.0004123381967054,0.0952380952380952,0,0,0.017689552
2025-08-13,123306.43,0.0260641056770225,0.0217081642680453,0.0151988494671304,4746.869999999995,2778.6414285714263,0.000445855593413,0.0117411454557032,0.0005500020995721,0.0833333333333333,0,0,0.017528113
2025-08-14,118295.09,-0.0414902925662925,0.0228549988972825,0.0186505582677337,7294.0,3055.180714285712,0.0005038655020672,0.0184020185215349,0.001882854689903,0.2103174603174603,0,0,0.017504822
2025-08-15,117342.05,-0.0080890915304365,0.0258952195521051,0.0176923674564325,2412.8300000000017,2989.709999999998,0.0012360913474953,0.0167851329889847,0.0041521187237738,0.5238095238095238,0,0,0.018316071
2025-08-16,117380.66,0.000328983934688,0.0251794155662376,0.0175117251533341,755.0100000000093,2896.461428571427,0.0015085221976235,0.0179252413829621,0.0037186178096031,0.4722222222222222,0,0,0.020123612
2025-08-17,117405.01,0.0002074232221005,0.0244087122523673,0.0171946905020049,1402.7899999999936,2790.9485714285693,0.0016040755260218,0.0179252413829621,0.0032971868656541,0.3888888888888889,0,0,0.019830134
2025-08-18,116227.05,-0.0100839754772934,0.0237199349875352,0.0174042767576997,2903.6100000000006,2883.1778571428554,0.0016243234432974,0.0170275920336519,0.0015838163841433,0.2976190476190476,0,0,0.019301292
2025-08-19,112872.94,-0.0292828443291046,0.0233242355087738,0.0190720901211167,3993.1100000000006,2991.41357142857,0.0015991195101285,0.0200779140154717,0.0015641579061511,0.25,0,0,0.018769365
2025-08-20,114271.24,0.0123121592980695,0.0245606156744965,0.0192743682588358,2235.3800000000047,2982.4499999999994,0.0016095789842723,0.0200779140154717,0.0028524514064512,0.4166666666666667,0,0,0.0185793
2025-08-21,112500.0,-0.0156216989473509,0.0241701123049593,0.0185795538346216,2806.0899999999965,2942.742142857142,0.0015376892661943,0.0195764395910313,0.0013151134076768,0.365079365079365,0,0,0.019529905
2025-08-22,116935.99,0.0386734694256478,0.0240189061290748,0.0216085691039394,5744.260000000009,3227.9542857142856,0.0014978395765638,0.0207692059179582,-0.0018763134230302,0.3492063492063492,0,0,0.01921096
2025-08-23,115438.05,-0.0128926686390684,0.0263697594938882,0.0218874314293517,2470.0,3286.8885714285716,0.0016030970072346,0.0213220791815412,0.0011903439276506,0.5952380952380952,0,0,0.01918098
2025-08-24,113493.59,-0.0169876628753389,0.0257984405528602,0.0210627556811287,4986.679999999993,3439.4742857142855,0.0015174104519251,0.0208296606859472,0.0013897283004929,0.5357142857142857,0,0,0.020756092
2025-08-25,110111.98,-0.0302485115739088,0.0255325384064069,0.0222434672068779,4393.179999999993,3447.1978571428563,0.0014683802272826,0.0233448624902115,0.0018126034188717,0.5238095238095238,0,0,0.020416956
2025-08-26,111763.22,0.0148846782912901,0.0265051020215237,0.0224216870934171,3704.339999999997,3560.5821428571426,0.0013989603470892,0.0233448624902115,0.0031808665127498,0.6071428571428571,0,0,0.020390641
2025-08-27,111262.01,-0.0044946559972949,0.0260246395825949,0.0205583097867984,2279.5800000000017,3384.347142857143,0.0011765789674098,0.0220606808851029,0.0014640239080984,0.5793650793650794,0,0,0.020979878
2025-08-28,112566.9,0.0116598412911823,0.0252055751691555,0.0185794159461538,2623.479999999996,3050.738571428571,0.0010225455226267,0.018229846381664,0.0010354628641961,0.5,0,0,0.020710256
2025-08-29,108377.4,-0.0379281313827633,0.0247077094753234,0.020728027973765,5174.740000000005,3248.0178571428573,0.0009960333473949,0.0224491874607772,0.0006888033462486,0.4444444444444444,0,0,0.02002437
2025-08-30,108816.33,0.0040418348867223,0.0268100561245057,0.0208342576203781,1576.0499999999884,3306.66357142857,0.0011115389630417,0.0224491874607772,0.0004402966306174,0.6507936507936508,1,0,0.0198013
2025-08-31,108246.35,-0.0052517670016207,0.0259021842870323,0.0207719974712888,1403.090000000011,3306.685,0.0011135540394944,0.0212375694304855,0.000103743734172,0.5674603174603174,0,0,0.028810602
2025-09-01,109237.42,0.0091140305348318,0.0251105997785453,0.0210986528832899,2657.399999999994,3289.0985714285707,0.0010313968244509,0.0222419160494481,-0.0004219386278616,0.4880952380952381,0,0,0.020705175
2025-09-02,111240.01,0.0181664406573265,0.0245164072595125,0.0206045599066844,3378.1300000000047,3245.1714285714284,0.0008972245183907,0.0210446384906092,-0.0019886947620112,0.4166666666666667,0,0,0.020081263
2025-09-03,111705.71,0.0041777045760742,0.0244969586336694,0.0203116597174052,2046.5599999999977,3231.6842857142847,0.0009018119123291,0.0210446384906092,-0.0015276809489255,0.4166666666666667,0,0,0.019586738
2025-09-04,110730.87,-0.0087651612090677,0.0238351361431525,0.020028825486998,2850.8800000000047,3234.883571428571,0.0009397207510143,0.0204692390724029,-0.0013704390260029,0.3293650793650793,0,0,0.019579347
2025-09-05,110659.99,-0.0006403155254179,0.0233729065439471,0.0164558942441708,3177.659999999989,3051.554999999998,0.0010221081499912,0.0191485581748156,-0.0013348029313762,0.2619047619047619,0,0,0.019060563
2025-09-06,110187.97,-0.0042746214974691,0.022798042358605,0.0162552143376745,1330.699999999997,2970.176428571426,0.0011694584729368,0.0186594135951006,-0.0040120137659006,0.2023809523809523,0,0,0.018616792
2025-09-07,111137.34,0.00857900818254,0.022327416956665,0.0160368561576473,1420.0,2715.41357142857,0.0013510522569313,0.0188861590882168,-0.0035747673303672,0.1706349206349206,0,0,0.018254962
2025-09-08,112065.23,0.0083143786859416,0.0220366014364773,0.0138865222746054,2302.5899999999965,2566.085714285713,0.0015173079954106,0.0162369772602597,-0.0030739983420679,0.1309523809523809,0,0,0.018043082
2025-09-09,111546.39,-0.0046405542886382,0.0217710219652218,0.0133838504575326,2526.62999999999,2481.9635714285696,0.0015736805142079,0.0151344985636267,-0.0027453852942906,0.1071428571428571,0,0,0.01777355
2025-09-10,113960.0,0.0214069514442627,0.0214276211201586,0.0144806961893216,3395.6800000000076,2561.6849999999986,0.0016435681213855,0.0162438162330209,-0.0030693375135108,0.0555555555555555,0,0,0.017621811
2025-09-11,115482.69,0.0132731389706215,0.0221317918709355,0.0145720853088899,2058.0899999999965,2521.299999999999,0.0016580932256271,0.0162438162330209,-0.001703344272217,0.1507936507936507,0,0,0.017405506
2025-09-12,116029.42,0.0047231310394018,0.0220974073047462,0.0090234898390616,1924.6399999999992,2289.1499999999983,0.0016778998160755,0.0053782198669219,-0.0012754992392009,0.1428571428571428,0,0,0.017864939
2025-09-13,115918.29,-0.0009582332889035,0.0217172048305936,0.0091568891664467,1171.5099999999948,2260.2542857142844,0.0014331939314527,0.0049251811425356,-0.0010808375280113,0.0912698412698412,0,0,0.017612021
2025-09-14,115268.01,-0.0056256077023171,0.0213320876231073,0.0091880566650951,1030.1900000000023,2233.61857142857,0.0012580898123125,0.004993510139868,-0.0009953293335576,0.0476190476190476,0,0,0.017348286
2025-09-15,115349.71,0.0007085318805337,0.0210652244957061,0.0091370951112136,2373.9900000000052,2213.374999999999,0.0011417155677157,0.004993510139868,-0.0009713769407712,0.0317460317460317,0,0,0.017137464
2025-09-16,116788.96,0.0124000748497898,0.0207563645752668,0.0085554373646909,2227.1600000000035,2131.162857142856,0.0010695204290684,0.004993510139868,-0.001014657389955,0.0119047619047619,0,0,0.017056953
2025-09-17,116447.59,-0.0029272448401407,0.0208543422389075,0.0087198256507485,2565.9199999999983,2168.259999999999,0.0009050168516836,0.0047536395598669,-0.000573278881251,0.0198412698412698,0,0,0.016950693
2025-09-18,117073.53,0.0053608983982726,0.0205903984118696,0.008048994052129,1807.2400000000052,2093.714285714285,0.0007987453277615,0.0036821998052563,-0.0015413934590658,0.0079365079365079,0,0,0.016987693
2025-09-19,115632.38,-0.0123861781142071,0.0204080547060373,0.0091097472635686,2359.9900000000052,2035.3092857142856,0.0007199993385936,0.0062497863528783,-0.0016893525987089,0.0079365079365079,0,0,0.016899388
2025-09-20,115685.63,0.0004604051447678,0.0205532232551632,0.0088987634013559,713.3399999999965,1991.212142857143,0.0006616574488205,0.0065739879493823,-0.0011639815754304,0.0119047619047619,0,0,0.016923036
2025-09-21,115232.29,-0.0039264218421894,0.0203056222903983,0.0089746340900632,631.0599999999977,1934.8592857142855,0.000655358150755,0.0062115936800462,-0.001026465332709,0.0039682539682539,0,0,0.01694071
2025-09-22,112650.99,-0.0226555490034083,0.0201261185687214,0.0110341872841384,3579.25,2026.0492857142856,0.0006704440838819,0.0103148802148143,-0.0009391059269846,0.0039682539682539,0,0,0.016889911
2025-09-23,111998.8,-0.0058062981699453,0.0211754423258562,0.0110792329861929,1831.770000000004,1976.4164285714296,0.0006415787039973,0.0103988710325021,0.0004190777505894,0.0793650793650793,0,0,0.016964432
2025-09-24,113307.0,0.011612792050812,0.0209326323262222,0.0098884277776135,2897.3399999999965,1940.8207142857148,0.0006320618500226,0.0103988710325021,7.82900873147023e-05,0.0436507936507936,0,0,0.017311346
2025-09-25,108994.49,-0.0388036185100837,0.0209616710754096,0.0134856973141799,4878.720000000001,2142.2942857142866,0.0005423539151901,0.0168176857828685,0.0003712726635399,0.0595238095238095,0,0,0.017142694
2025-09-26,109643.46,0.0059364982695484,0.0240231520964254,0.0135507146804981,1679.929999999993,2124.815,0.0009528681685368,0.0168176857828685,0.0036150973903881,0.4365079365079365,0,0,0.017347988
2025-09-27,109635.85,-6.94091932622598e-05,0.023451020041051,0.0135683526215524,679.5100000000093,2089.672142857144,0.0011396123905366,0.0168142909727504,0.0028977967858878,0.3531746031746032,0,0,0.019356038
2025-09-28,112163.95,0.0227972206435218,0.0228666195736018,0.0153169451649828,3160.0099999999948,2241.8021428571437,0.0012257902660347,0.0178490319277712,0.0025609972832034,0.2936507936507936,0,0,0.018897694
2025-09-29,114311.96,0.0189695620345702,0.0234780604188088,0.0163063258608428,2839.350000000006,2275.0421428571435,0.0013545120786576,0.0178490319277712,0.0033519418500873,0.365079365079365,0,0,0.018612575
2025-09-30,114048.93,-0.002303635410767,0.0236612797500052,0.0158691050929255,2135.729999999996,2268.511428571429,0.0014565815349235,0.0167160937475532,0.002485837424149,0.3849206349206349,0,0,0.019020151
2025-10-01,118594.99,0.0390866760019967,0.0230651563591929,0.0192341432758618,4682.430000000008,2419.6907142857153,0.001480925315739,0.0178359731163967,0.0021325240329706,0.3055555555555556,0,0,0.019112881
2025-10-02,120529.35,0.0161790488991382,0.0256831350917137,0.0196229898415094,2742.7600000000093,2486.5135714285725,0.001753764382823,0.0178359731163967,0.004721464016304,0.6428571428571429,0,0,0.018720653
2025-10-03,122232.0,0.0140275865129559,0.0253789066910843,0.0193937962001903,4646.690000000002,2649.849285714287,0.0018644582289758,0.0185895855735809,0.0013557545946588,0.6150793650793651,0,0,0.020798218
2025-10-04,122391.0,0.0012999597126288,0.0249827557728691,0.0193834223948075,1290.0,2691.039285714287,0.0018758460591926,0.0185895855735809,0.0015317357318181,0.5714285714285714,0,0,0.020683166
2025-10-05,123482.31,0.0088770689789274,0.0242360853019272,0.0192811990375811,3572.4199999999983,2901.13642857143,0.0017536932509691,0.0202880228819966,0.0013694657283254,0.4841269841269841,0,0,0.020407941
2025-10-06,124658.54,0.009480412513902,0.023731932085714,0.0175813080674568,3115.6300000000047,2868.0207142857157,0.001526357166774,0.0196516250069572,0.0002538716669052,0.4047619047619047,0,0,0.01993483
2025-10-07,121332.95,-0.0270398998328911,0.0233095786121046,0.0195935646808436,4551.059999999998,3062.2557142857154,0.0013871017151771,0.0236758766796012,-0.0003517011379006,0.3373015873015873,0,0,0.019418117
2025-10-08,123306.0,0.0161306511638574,0.0242906777651205,0.0197348169872126,3131.1100000000006,3078.953571428573,0.0011726189468688,0.0236758766796012,0.0012255214059275,0.5,0,0,0.019134711
2025-10-09,121662.4,-0.0134190749805203,0.0241575219884801,0.0161356467676225,4111.470000000001,3024.1500000000015,0.0008437163835218,0.0151372001212861,-0.0015256131032335,0.4841269841269841,0,0,0.020114612
2025-10-10,112774.5,-0.075859746128426,0.0238747407079146,0.0276113715970115,20550.0,4372.012142857145,0.0008446402583201,0.036527360684059,-0.0015041659831697,0.4444444444444444,0,0,0.019816946
2025-10-11,110644.4,-0.0190687944931955,0.0333762494818446,0.0281825015234553,3760.800000000003,4592.1042857142875,0.0026255139111227,0.0375096107644542,0.0083934937089755,0.9007936507936508,1,0,0.020333957
2025-10-12,114958.8,0.038252348118231,0.0323769678035943,0.0293932800722537,6204.940000000002,4809.599285714287,0.0032620145452556,0.0375096107644542,0.0081408825016671,0.8849206349206349,1,0,0.032798972
2025-10-13,115166.0,0.001800762507921,0.0331799718120096,0.0289751264697105,2347.3099999999977,4774.453571428573,0.0038072413575572,0.0375096107644542,0.0094480397262956,0.8928571428571429,1,0,0.03304733
2025-10-14,113028.14,-0.0187377515517983,0.0316387761057854,0.0294281832103335,5543.960000000006,5017.898571428574,0.0040070071154503,0.0384204401214132,0.0083291974936808,0.8690476190476191,1,0,0.033179637
2025-10-15,110763.28,-0.0202415028158533,0.0308067661690762,0.0274738567026126,3448.350000000006,4929.750000000002,0.004006478399915,0.0360332474525488,0.0065160884039557,0.8452380952380952,1,0,0.033018123
2025-10-16,108194.28,-0.0234668114929164,0.0301636094953979,0.0271778862073628,4555.449999999997,5059.227857142859,0.0040532900275734,0.0345192715812564,0.0060060875069178,0.8253968253968254,1,0,0.032583233
2025-10-17,106431.68,-0.0164252229988886,0.0298310295789687,0.0265146854830588,5711.770000000004,5135.305000000001,0.004045672259137,0.0328078662900892,0.0059562888710541,0.8174603174603174,1,0,0.032334384
2025-10-18,107185.01,0.00705312981834,0.0290617022684641,0.0267449872981851,1176.800000000003,5127.219285714287,0.0039691379898231,0.0328078662900892,-0.0043145472133805,0.8015873015873016,1,0,0.032201868
2025-10-19,108642.78,0.0135088458148793,0.0279884605733763,0.0270167503475218,3346.7100000000064,5111.097142857145,0.0038082792345685,0.0328078662900892,-0.004388507230218,0.7698412698412699,1,0,0.031885963
2025-10-20,110532.09,0.0172406334529959,0.0272669820723992,0.0275035095570091,4303.039999999994,5195.912142857144,0.0035846274863824,0.0328078662900892,-0.0059129897396104,0.7380952380952381,1,0,0.031498622
2025-10-21,108297.67,-0.0204222465741938,0.0268394411671799,0.0272174242938542,6526.279999999999,5336.999285714287,0.003291010644644,0.0322039607351164,-0.0047993349386055,0.7222222222222222,1,0,0.031143975
2025-10-22,107567.44,-0.0067656397595055,0.0266878317454384,0.0263214206196558,2497.1900000000023,5291.719285714287,0.0030878240116864,0.0304458254346721,-0.0041189344236378,0.7023809523809523,0,0,0.030996006
2025-10-23,110078.18,0.0230728409142155,0.025849318737033,0.0277012188474756,3793.6100000000006,5269.015000000001,0.0029078300360454,0.0319422584600986,-0.0043142907583649,0.6428571428571429,0,0,0.022453453
2025-10-24,111004.89,0.0083834137779135,0.0260478787811639,0.0195890312028085,2404.970000000001,3972.94142857143,0.0026474560140536,0.0185463200877644,-0.0037831507978048,0.6666666666666666,0,0,0.021886732
2025-10-25,111646.27,0.0057613153607327,0.0253251466221347,0.0189536466370779,1270.3300000000015,3795.050714285716,0.0025828325607907,0.0184578032196005,-0.0037365556463293,0.5912698412698413,0,0,0.021376502
2025-10-26,114559.4,0.0257578960116831,0.0246062263759941,0.0172655618117784,4206.350000000006,3652.294285714287,0.0025877235858342,0.0184578032196005,-0.0033822341973822,0.5277777777777778,0,0,0.020804208
2025-10-27,114107.65,-0.0039511646974528,0.0252422229182446,0.0172814731394432,2569.9900000000052,3668.200000000002,0.0022712084749969,0.0171537363719452,-0.0020247591541545,0.5873015873015873,0,0,0.020344656
2025-10-28,112898.45,-0.0106535589733116,0.0244964730488536,0.0167580752331925,3875.0,3548.9885714285733,0.0021069532429074,0.0161340353919828,-0.0023429681183263,0.5,0,0,0.02070519
2025-10-29,110021.29,-0.0258148495782304,0.0240347265654009,0.0173302432842884,4443.729999999996,3620.087142857144,0.0019782844274566,0.0172330152767908,-0.0026531051800375,0.4404761904761904,0,0,0.020091277
2025-10-30,108322.88,-0.0155574958212039,0.024766009624259,0.0166383614298965,5287.6600000000035,3672.3878571428586,0.0017598702169887,0.0159023005671392,-0.0010833091127739,0.5396825396825397,0,0,0.019749578
2025-10-31,109608.01,0.0117940590867657,0.0245356349827087,0.0161875983895886,2914.720000000001,3472.598571428573,0.0014880628755111,0.0158134657424731,-0.0015122437984552,0.503968253968254,0,0,0.020354476
2025-11-01,110098.1,0.0044613307556549,0.0241223051593278,0.0161413555601831,1169.6800000000076,3472.0900000000015,0.0012499823249796,0.0158134657424731,-0.0012028414628069,0.4404761904761904,0,0,0.020079058
2025-11-02,110540.68,0.0040118114648457,0.0235066190216083,0.0158128670176993,1778.6699999999985,3360.087142857144,0.0011494491165584,0.0158134657424731,-0.0010996073543857,0.3452380952380952,0,0,0.019682374
2025-11-03,106583.04,-0.0364591983685826,0.0229510452761803,0.0179947024122824,5443.440000000002,3441.5442857142875,0.0011420530858807,0.0201056755967416,-0.0022911776420642,0.2658730158730158,0,0,0.019091811
2025-11-04,101497.22,-0.048892990692746,0.0252047841343752,0.0214424203974038,8354.64,3572.1414285714304,0.0010073672750765,0.0261946660932381,0.0007083110855215,0.5833333333333334,0,0,0.0187301
2025-11-05,103885.16,0.0232546493159766,0.0288998410061692,0.0226781228705702,5567.940000000002,3791.480714285716,0.0014150796852035,0.0281583316290764,0.0048651144407683,0.7936507936507936,1,0,0.020820837
2025-11-06,101346.04,-0.024745258646476,0.0287083641047515,0.0221265021040044,3899.050000000003,3799.0121428571447,0.0017241897077096,0.0276965125867583,0.0039423544804924,0.7896825396825397,1,0,0.030793976
2025-11-07,103339.08,0.0194748205542758,0.0286659560381058,0.0228636847505007,4835.5,3972.6214285714304,0.0019529676023312,0.0276965125867583,0.004130321055397,0.7896825396825397,1,0,0.030988451
2025-11-08,102312.94,-0.0099794644960748,0.0282204297114913,0.0226741318524348,1952.2200000000012,4021.327857142859,0.0020967863046623,0.0261468625696939,0.0040981245521635,0.7777777777777778,1,0,0.031074267
2025-11-09,104722.96,0.0232822313820761,0.0273227266089507,0.0224135806402754,4095.6199999999953,4013.4185714285727,0.0021263597135418,0.0261468625696939,0.0038161075873423,0.746031746031746,1,0,0.030909743
2025-11-10,106011.13,0.0122257015459847,0.0273386483930194,0.0229605415968196,2405.0899999999965,4001.64,0.0021604354938391,0.0279122494242256,0.004387603116839,0.75,1,0,0.030546855
2025-11-11,103058.99,-0.0282425458643338,0.0266273850024906,0.0237463163437298,5023.9100000000035,4083.705000000001,0.0021278245199587,0.0296112882759802,0.0014226008681154,0.6984126984126984,0,0,0.030645113
2025-11-12,101654.37,-0.0137230129311305,0.0272093396108939,0.0232039886134024,4519.740000000005,4089.134285714287,0.0020630340355875,0.0284346704336794,-0.0016905013952752,0.7380952380952381,1,0,0.022074264
2025-11-13,99692.02,-0.0194928961604397,0.0265852217420218,0.0233565833332414,6084.610000000001,4146.0592857142865,0.002016330935249,0.0287790864125786,-0.0021231423627296,0.6944444444444444,0,0,0.030289244
2025-11-14,94594.0,-0.0524915845448106,0.0263962864679895,0.0257957077378734,5853.570000000007,4355.977142857145,0.0019424460120968,0.0326975097507892,-0.0022696695701163,0.6865079365079365,0,0,0.022007104
2025-11-15,95596.24,0.0105394396407181,0.0304120433356259,0.02611644562043,2288.189999999988,4435.870714285715,0.0020604926335546,0.0326975097507892,0.0021916136241345,0.8611111111111112,1,0,0.021955963
2025-11-16,94261.44,-0.0140612904673638,0.0293106667512409,0.025810743726681,3629.5599999999977,4568.077142857143,0.0018786671822799,0.0311817914117825,0.0019879401422901,0.8333333333333334,1,0,0.032005128
2025-11-17,92215.14,-0.0219478729477931,0.0284729498310951,0.0250048964210995,4823.0,4523.76,0.0013829391224686,0.0296332640083254,0.0011343014380757,0.8095238095238095,1,0,0.03193332
2025-11-18,92960.83,0.0080538963103702,0.0282319201112057,0.0227847320544635,4582.229999999996,4254.302142857143,0.0011630237202572,0.0262503535290553,0.0016045351087151,0.8095238095238095,1,0,0.031553667
2025-11-19,91554.96,-0.0152387739374439,0.0272696195015529,0.0212156779630368,4372.220000000001,4168.893571428571,0.0011506384749365,0.0252649707309451,6.027989065899783e-05,0.7579365079365079,1,0,0.031301003
2025-11-20,86637.23,-0.0552098168918941,0.0267207484688838,0.0242914963367662,7060.0,4394.675714285714,0.0011673541195108,0.0301490091417706,0.0001355267268619,0.7182539682539683,0,0,0.030638706
2025-11-21,85129.43,-0.0175568265742427,0.0311291557663228,0.0226553624227183,6898.940000000002,4542.064285714286,0.0014613409077045,0.0291357288040528,0.0047328692983333,0.9007936507936508,1,0,0.022287916
2025-11-22,84739.74,-0.0045881272465209,0.0302827215802979,0.022771662254641,2120.0,4554.0485714285705,0.0015894354516378,0.0290006346989768,-0.0001293217553279,0.8809523809523809,1,0,0.032384645
2025-11-23,86830.0,0.0243675070874846,0.0290401957754675,0.0229078055203246,3460.0699999999924,4508.652142857142,0.0015916442350799,0.0290006346989768,-0.0002704709757733,0.8452380952380952,1,0,0.03236359
2025-11-24,88300.01,0.0167880367876378,0.0289224130309765,0.0233287211977321,3956.0,4619.431428571428,0.0015807193995436,0.0290006346989768,0.0004494631998814,0.8452380952380952,1,0,0.031925377
2025-11-25,87369.96,-0.0105887043733439,0.0282752109823823,0.0229182916693651,2403.9900000000052,4432.294285714285,0.0015037161280968,0.0277936096843178,4.329087117659752e-05,0.8214285714285714,1,0,0.0319661
2025-11-26,90484.02,0.0350217440422699,0.0273946092223435,0.0260867443491731,4349.309999999998,4420.120714285714,0.0014927611692692,0.0289377229944546,0.0001249897207906,0.7777777777777778,1,0,0.031565215
2025-11-27,91333.95,0.0093493089928671,0.0286190216113254,0.026274264201914,1860.0899999999965,4118.369285714284,0.0013917978131794,0.0299093490990116,0.0018982731424416,0.8333333333333334,1,0,0.031105544
2025-11-28,90890.7,-0.0048648838036235,0.0276579965362304,0.022662103809352,2911.3699999999953,3908.212142857141,0.0012735668860659,0.0235182215383364,-0.0034711592300923,0.7896825396825397,1,0,0.031641122
2025-11-29,90802.44,-0.0009715282254703,0.0266778443280719,0.0223454515205678,1010.179999999993,3816.9257142857127,0.0012774750439153,0.0221755566677042,-0.003604877252226,0.7142857142857143,0,0,0.030786213
2025-11-30,90360.0,-0.0048844658930882,0.0257537537893776,0.0221510871992974,1663.1100000000006,3676.464999999999,0.0014328749942961,0.0217356234456919,-0.0032864419860899,0.6349206349206349,0,0,0.021879848
2025-12-01,86286.01,-0.046134215573856,0.0249704177596364,0.0245537689704845,6594.240000000005,3802.9821428571418,0.0016639638976005,0.0256007653072211,-0.00395199527134,0.5476190476190477,0,0,0.021129008
2025-12-02,91277.88,0.0562410040171474,0.0282642433974157,0.0293877881903658,6123.259999999995,3913.0557142857137,0.0016644453400138,0.0256007653072211,-1.096758496660008e-05,0.8412698412698413,1,0,0.020650085
2025-12-03,93429.95,0.0233034776016136,0.032466634434104,0.0297846958783184,3159.770000000004,3826.452142857142,0.0020430345743719,0.026613841388745,0.0050720252117604,0.9603174603174603,1,0,0.03119528
2025-12-04,92078.06,-0.0145752620889965,0.0318467674265374,0.0255122273263888,3191.0,3550.094999999999,0.0021924497495621,0.0188105250174228,0.0032277458152119,0.9484126984126984,1,0,0.03293061
2025-12-05,89330.04,-0.0302988700641613,0.0307682333037772,0.0265596709137685,4636.360000000001,3388.4821428571418,0.0021631640646536,0.0207378463782272,0.0031102367675467,0.9206349206349206,1,0,0.032405
2025-12-06,89236.79,-0.0010444269910223,0.0309590022939647,0.0264940766637758,1381.9600000000064,3335.7649999999994,0.0022097531943016,0.0206776029055743,0.0042811579658928,0.9246031746031746,1,0,0.032064106
2025-12-07,90395.31,0.0128989870207885,0.0296185862244409,0.0259779499118803,4040.720000000001,3377.24,0.0022222384144775,0.0206776029055743,0.0038648324350633,0.8809523809523809,1,0,0.032092925
2025-12-08,90634.34,0.0026407844119589,0.0286935727880586,0.0256683985125987,2675.149999999994,3285.750714285714,0.0022215414616335,0.0206776029055743,0.0037231550284222,0.8412698412698413,1,0,0.03160472
2025-12-09,92678.8,0.0223065817697794,0.0275799079120875,0.0259449382386072,5088.990000000005,3477.536428571428,0.0022397512026051,0.0217399744876274,-0.0006843354853281,0.7857142857142857,1,0,0.031107482
2025-12-10,92015.37,-0.007184123390461,0.0274811329004202,0.0245016996861216,2912.850000000006,3374.932142857143,0.0022361008612604,0.0204938925778761,-0.0049855015336837,0.7777777777777778,1,0,0.030553024
2025-12-11,92513.38,0.0053976543938283,0.0265713372434577,0.0244232179115896,4294.369999999995,3548.809285714286,0.0023054701341946,0.0204938925778761,-0.0052754301830797,0.7023809523809523,0,0,0.030321058
2025-12-12,90268.42,-0.0245656065959547,0.0257127955139969,0.0253325668371245,3274.0,3574.711428571429,0.0024174486935166,0.0221917749316967,-0.0050554377897803,0.6349206349206349,0,0,0.021684032
2025-12-13,90240.01,-0.0003147775451211,0.0260667732452497,0.0253322160608004,868.1600000000035,3564.567142857144,0.002455819298485,0.0221893955944126,-0.0048922290487149,0.6825396825396826,0,0,0.021118026
2025-12-14,88172.17,-0.0231815182233923,0.0252035771593568,0.0260410125803246,2895.0399999999936,3652.562142857143,0.002504303212759,0.0235915212386871,-0.004415009065084,0.5833333333333334,0,0,0.021436434
2025-12-15,86432.08,-0.0199324771490587,0.025503005712689,0.0234149704159615,4906.0,3531.9735714285716,0.0024533575289828,0.0184438905654628,-0.0031905670753696,0.6190476190476191,0,0,0.020822775
2025-12-16,87863.42,0.0164246601605544,0.0254873600520804,0.017824987008357,2909.979999999996,3302.4535714285716,0.0025693137926684,0.0184438905654628,-0.0020925478600071,0.6190476190476191,0,0,0.020913955
2025-12-17,86243.22,-0.0186121192274573,0.0252229942422203,0.0165948720594614,5051.850000000006,3437.6021428571435,0.0023510680234934,0.0184626583365308,-0.0022581386581998,0.5952380952380952,0,0,0.020866346
2025-12-18,85516.41,-0.0084631567748871,0.0251438647453292,0.0164234201222985,5027.600000000006,3568.7878571428582,0.0020929883881917,0.0180339634310641,-0.0014274724981284,0.5753968253968254,0,0,0.020735305
2025-12-19,88136.94,0.0301834539651757,0.0245227127493534,0.0172692816389026,4289.729999999996,3544.028571428572,0.0019194202538153,0.0158468964080182,-0.0011900827646434,0.503968253968254,0,0,0.020627405
2025-12-20,88360.9,0.0025378227881098,0.0256572161412356,0.0172944617413952,777.3100000000122,3500.8392857142867,0.0014886622819342,0.0169364449735394,-0.0004095571040141,0.6507936507936508,0,0,0.020111483
2025-12-21,88658.86,0.0033664070202181,0.0248491698851861,0.0169008530928949,1481.7300000000105,3318.0542857142873,0.0011915416413116,0.0169364449735394,-0.0003544072741707,0.5515873015873016,0,0,0.021072429
2025-12-22,88620.79,-0.0004294909267379,0.024136614521991,0.0168644705602526,2688.229999999996,3318.9885714285733,0.0009997055123172,0.0158433213091836,-0.001366391190698,0.4444444444444444,0,0,0.020379063
2025-12-23,87486.0,-0.0128876996356677,0.0234775246324379,0.0156018068061784,2338.100000000006,3122.4964285714304,0.0009925832405012,0.0155426990461311,-0.0020098354196424,0.3373015873015873,0,0,0.019669782
2025-12-24,87669.45,0.0020947114928908,0.0232490586665664,0.0156585481112467,1629.8899999999994,3030.85642857143,0.0009398469249309,0.0162886763345663,-0.0019739355756539,0.3015873015873015,0,0,0.0189819
2025-12-25,87225.27,-0.0050794095442263,0.0226966936680619,0.0154518659436476,1658.020000000004,2842.5457142857163,0.0010262652273101,0.0154501643830739,-0.0024471710772672,0.25,0,0,0.018767249
2025-12-26,87369.56,0.0016528557328907,0.022254559131559,0.0143433213144141,2912.6699999999983,2816.7364285714307,0.0011880815197598,0.0138964887100521,-0.0022681536177944,0.2103174603174603,0,0,0.018427338
2025-12-27,87877.01,0.0057912850251948,0.021811234651637,0.0145013271484257,730.9499999999971,2806.9357142857157,0.0013043577835997,0.0148554949085512,-0.0038459814895985,0.1587301587301587,0,0,0.018184315
2025-12-28,87952.71,0.0008610604018155,0.0214909177915466,0.0131469723225447,653.75,2646.8435714285733,0.0014593296071599,0.012957734599487,-0.0033582520936394,0.115079365079365,0,0,0.017925289
2025-12-29,87237.13,-0.0081692406318065,0.0211319920588539,0.0121233859829945,3599.5800000000017,2553.5278571428594,0.001568358184463,0.0106211280231674,-0.0030046224631371,0.0753968253968253,0,0,0.017649572
2025-12-30,88485.49,0.0142085407306051,0.0209731517183118,0.0119144122341894,2554.3399999999965,2528.1250000000023,0.0016250761925341,0.0106211280231674,-0.002504372914126,0.0674603174603174,0,0,0.017404687
2025-12-31,87648.22,-0.0095072806518885,0.0211552871662422,0.0110044450942083,1950.0,2306.5642857142875,0.0016241941129406,0.0083748389652554,-0.0020937715003242,0.0873015873015873,0,0,0.017362412
2026-01-01,88839.04,0.0134948899068945,0.0210495916235072,0.0110927128087043,1369.020000000004,2045.2371428571444,0.0015842093546558,0.008357063402505,-0.0016471020445547,0.0714285714285714,0,0,0.017382365
2026-01-02,89995.13,0.0129293647305228,0.0211745344424228,0.0084509731868683,2581.929999999993,1923.25142857143,0.0015478028790714,0.008357063402505,-0.0010800246891361,0.1031746031746031,0,0,0.01726314
2026-01-03,90628.01,0.0070077686612801,0.0212472652785277,0.0085770918069938,1427.1500000000087,1969.6685714285725,0.001283744029902,0.008357063402505,-0.0005639693731093,0.1111111111111111,0,0,0.017389413
2026-01-04,91529.73,0.0099005111234546,0.0210321732076362,0.0088420095692333,1182.0,1948.259285714286,0.0010624060538578,0.008357063402505,-0.0004587445839103,0.0714285714285714,0,0,0.017435368
2026-01-05,93859.71,0.0251373831135914,0.020960483781955,0.010687783846998,3274.270000000004,1990.119285714287,0.0008753105610045,0.0093410128079253,-0.0001715082768989,0.0595238095238095,0,0,0.017244365
2026-01-06,93747.97,-0.0011912093706722,0.0221349023633576,0.0096657934667799,3181.5,2050.362142857143,0.0007255053822618,0.006788671795294,0.0011617506450457,0.2341269841269841,0,0,0.017208692
2026-01-07,91364.16,-0.0257567322610849,0.021702368399499,0.0126892753334181,3072.449999999997,2153.402142857143,0.00055153171876,0.0130211636634065,0.0005470812332568,0.1666666666666666,0,0,0.018026825
2026-01-08,91099.99,-0.0028955845252411,0.0228154517513924,0.0125960778623918,2376.9900000000052,2204.757142857143,0.0005721014053392,0.0128867181560778,0.0017658601278852,0.3095238095238095,0,0,0.017816361
2026-01-09,90641.28,-0.0050479560758542,0.0223207628779928,0.0127814287057563,2387.8899999999994,2167.2728571428574,0.0005790910923428,0.0119430550580291,0.0011462284355699,0.2698412698412698,0,0,0.018569928
2026-01-10,90504.7,-0.0015079553615393,0.0219216146723236,0.0127912458855695,428.0,2145.633571428572,0.0005843816074775,0.0110718001768139,0.0006743493937958,0.2063492063492063,0,0,0.018337604
2026-01-11,91013.65,0.0056077122089455,0.0215157837796522,0.0128186290673664,1047.8899999999994,2173.786428571429,0.0005843638342095,0.0110718001768139,0.0004836105720159,0.1507936507936507,0,0,0.017985474
2026-01-12,91296.2,0.0030996704371961,0.0212261529657778,0.0124494424147717,2391.5099999999948,2087.4957142857143,0.0005802096691691,0.0114844592209554,0.0002656691838228,0.119047619047619,0,0,0.017708909
2026-01-13,95414.0,0.0441161525063726,0.0209197683768662,0.0164106054914245,5452.3399999999965,2294.4957142857143,0.0005842160325903,0.0114844592209554,-0.0012151339864913,0.0436507936507936,0,0,0.01754072
2026-01-14,96951.78,0.0159884232879452,0.0248898765039982,0.016041382350147,3365.2100000000064,2395.5821428571435,0.0010640722133643,0.0118403415169745,0.0031875081044991,0.626984126984127,0,0,0.017216932
2026-01-15,95604.8,-0.0139907134975523,0.0246715761943741,0.0168728740002612,2058.8600000000006,2444.8564285714288,0.0012894454275999,0.01222503238144,0.0018561244429817,0.5992063492063492,0,0,0.02048343
2026-01-16,95550.94,-0.00056351958278,0.0243584348953501,0.0167851623459838,1578.0099999999948,2373.1478571428574,0.0014013492578727,0.0113201845939247,0.0020376720173573,0.5476190476190477,0,0,0.020370211
2026-01-17,95147.77,-0.0042283516305694,0.0236756488241175,0.0169127840881082,617.7799999999988,2315.335714285714,0.0014158381681184,0.0106940696895257,0.0017540341517939,0.4444444444444444,0,0,0.020010304
2026-01-18,93673.14,-0.0156196681906752,0.0231050789548179,0.0175311012641495,1915.7200000000012,2367.7442857142855,0.0013648793205078,0.0113474375305237,0.0015892951751656,0.369047619047619,0,0,0.019355427
2026-01-19,92631.0,-0.0111876297516868,0.0230919247939295,0.016442342217,1762.9400000000023,2259.7921428571426,0.0012860961361342,0.0113315581719509,0.0018657718281516,0.3611111111111111,0,0,0.018935751
2026-01-20,88427.66,-0.0464390422167486,0.0228224758237785,0.0204531454854177,4974.020000000004,2387.8292857142856,0.001274317307844,0.0185451011544484,0.0019027074469122,0.3333333333333333,0,0,0.018862959
2026-01-21,89454.73,0.0115478706304088,0.0266955873990294,0.0198459606388535,3310.470000000001,2404.8307142857147,0.0016032841403491,0.017561949118345,0.0018057108950312,0.8293650793650794,0,0,0.018867891
2026-01-22,89559.67,0.0011724197832183,0.0260245530850105,0.0198538703903461,1844.62000000001,2366.8042857142864,0.0017729663560272,0.0185991065033217,0.0013529768906364,0.7738095238095238,0,0,0.022042017
2026-01-23,89600.26,0.0004531147192849,0.0251682372054782,0.0198266587627178,2646.6300000000047,2385.285714285715,0.0018058417271307,0.0197915286395521,0.000809802310128,0.6746031746031746,0,0,0.021707427
2026-01-24,89225.34,-0.004193141802224,0.0243989105026417,0.019846750408763,795.3099999999977,2411.5221428571435,0.001751650481102,0.0198467008774493,0.0007232616785241,0.5714285714285714,0,0,0.021040779
2026-01-25,86670.36,-0.0290531231361406,0.0237480312164919,0.0210803352407621,3244.4100000000035,2568.4164285714296,0.0016295251432115,0.0212171060526535,0.000642952261674,0.4761904761904761,0,0,0.020356398
2026-01-26,88347.08,0.019161191027651,0.0248834920071416,0.0218882813178974,2350.3699999999953,2565.4778571428583,0.001448590818045,0.0212171060526535,0.0017915672132121,0.6388888888888888,0,0,0.019813847
2026-01-27,89250.0,0.0101682728080731,0.0248903389847032,0.017853796881665,2218.8300000000017,2334.5128571428586,0.0011117012178773,0.0212171060526535,0.0020678631609247,0.6428571428571429,0,0,0.020847853
2026-01-28,89299.99,0.0005599552406163,0.0243624675571368,0.0169259469172708,1766.3500000000058,2220.308571428573,0.0011048874633055,0.0212171060526535,-0.0023331198418925,0.5595238095238095,0,0,0.020826068
2026-01-29,84650.16,-0.0534743771871539,0.0236792385057425,0.0211460739112528,5964.669999999998,2499.2950000000014,0.0011193255669804,0.0279845798284068,-0.0023453145792679,0.4563492063492063,0,0,0.020227145
2026-01-30,84260.49,-0.0046139268457583,0.0285881431560531,0.0210538060549096,3617.75,2644.990714285716,0.0015925015174164,0.0280313762416279,0.0034199059505749,0.9047619047619048,1,0,0.019784655
2026-01-31,78741.09,-0.0677479434199881,0.0275107440149866,0.0261726123037025,8550.12000000001,3211.586428571431,0.0017350243673626,0.0368408219780106,0.0031118335123449,0.8690476190476191,1,0,0.03145584
2026-02-01,76968.21,-0.0227726489856117,0.0340568770012142,0.0262863459492002,3724.0,3340.7492857142884,0.0029170023664105,0.0373038014476388,0.0103088457847223,1.0,2,0,0.031911593
2026-02-02,78738.61,0.0227411528626166,0.0332192839402403,0.0280719456416341,4756.0,3554.539285714288,0.0034289745540985,0.0396546263921339,0.0083357919330986,0.992063492063492,1,0,0.044702422
2026-02-03,75770.21,-0.0384284248395623,0.0324732148691801,0.0273804659682348,6241.309999999998,3645.0600000000018,0.0036126564513835,0.0384105360429345,0.0075828758844769,0.984126984126984,1,0,0.034135293
2026-02-04,73165.83,-0.0349766987828985,0.03328166858228,0.02725188375936,5083.520000000004,3771.7064285714305,0.0039646170838912,0.0379982802431383,0.0089192010251432,0.992063492063492,1,0,0.03373119
2026-02-05,62909.86,-0.1510256005239139,0.0335933242088256,0.0450956828545818,10996.179999999991,4425.389285714286,0.0042408870900101,0.0617878866455386,0.0099140857030831,0.996031746031746,1,1,0.033896443
2026-02-06,70580.26,0.1150475938253503,0.0574324793893617,0.0585182187376454,11751.330000000002,5075.725,0.0088106468455284,0.0617878866455386,0.0288443362333085,1.0,2,1,0.048257317
2026-02-07,69289.38,-0.0184588543043169,0.0650078048495784,0.0584013320962004,4390.070000000007,5332.493571428573,0.0125577026962064,0.0620777588451701,0.0374970608345918,1.0,2,1,0.059519332
2026-02-08,70330.38,0.0149122057058743,0.0611950084136566,0.0589444082189422,3383.4100000000035,5342.4221428571445,0.0142341833071722,0.065037248293947,0.0271381314124423,0.996031746031746,2,1,0.060171377
2026-02-09,70138.0,-0.0027391234992855,0.0575824029472378,0.0582568990883899,3145.529999999999,5399.219285714287,0.0149331666587307,0.0613245030987093,0.0243631190069975,0.992063492063492,2,1,0.06012928
2026-02-10,68841.29,-0.0186610196327823,0.0540572738188139,0.057749563935339,2727.5899999999965,5435.5592857142865,0.0149457906340806,0.0584760513171567,0.0215840589496338,0.984126984126984,2,1,0.059935864
2026-02-11,67082.52,-0.0258802069394725,0.0511357542689484,0.0575085278846141,3536.8800000000047,5562.025714285715,0.0144357122840541,0.056298127603046,0.0178540856866683,0.98015873015873,2,0,0.059702944
2026-02-12,66272.17,-0.0121534529376781,0.0487893712773173,0.0567375561669014,3292.520000000004,5371.157857142859,0.013465653381706,0.054064328931083,0.0151960470684916,0.9761904761904762,2,0,0.048040684
2026-02-13,68853.96,0.0382176894647479,0.046097973927124,0.0586087663390508,3610.509999999995,5370.640714285715,0.0127018326186874,0.0566843717170031,-0.0113345054622376,0.9722222222222222,2,0,0.047352742
2026-02-14,69822.95,0.0139750124276556,0.04510472815505,0.0569350020706442,1829.87999999999,4890.623571428571,0.0116214178097701,0.0553186688719458,-0.0199030766945284,0.9682539682539684,2,0,0.046965282
2026-02-15,68832.58,-0.0142855729250257,0.0427754259504374,0.0568173897476768,2983.0,4837.695,0.0111176656406868,0.0550018991428177,-0.0184195824632191,0.9642857142857144,2,0,0.046451
2026-02-16,68892.43,0.0008691232444615,0.0406582258943987,0.0562050963601577,2832.5599999999977,4700.306428571428,0.0105582961442622,0.0550018991428177,-0.0169241770528391,0.9603174603174603,2,0,0.04629415
2026-02-17,67503.52,-0.0203665579406582,0.0384659563095205,0.0556960216141371,2620.4400000000023,4441.672857142857,0.0099956566767117,0.0539185940207298,-0.0155913175092934,0.9563492063492064,2,0,0.04612368
2026-02-18,66461.0,-0.0155644352091179,0.0370199449460703,0.0552191069213118,2606.220000000001,4264.722857142857,0.0096081226089473,0.0528980310662565,-0.0141158093228781,0.9523809523809524,2,0,0.045846786
2026-02-19,67003.73,0.0081329800253016,0.0354769516491325,0.0364504836386834,1688.1699999999985,3599.865,0.0093942221397567,0.0172303627449153,-0.0133124196281848,0.9484126984126984,2,0,0.045633968
2026-02-20,68020.01,0.0150536371114728,0.0338237747809265,0.0185002047474546,2038.1900000000023,2906.069285714286,0.0098023818495174,0.0172303627449153,-0.0122741991461975,0.9404761904761904,1,0,0.043753576
2026-02-21,67975.93,-0.0006482546691266,0.03256823847817,0.0179323341903241,1164.0099999999948,2675.6364285714276,0.0090051464586523,0.0159482527822759,-0.0125364896768799,0.9166666666666666,1,0,0.03240339
2026-02-22,67643.4,-0.0049038830436884,0.031078137213973,0.0173201541379222,1055.0,2509.3214285714275,0.0083129824170701,0.0151247486787757,-0.0116972887364644,0.8888888888888888,1,0,0.03164449
2026-02-23,64656.02,-0.0451685712163634,0.0297650601480875,0.0206952866689805,3796.07,2555.7885714285703,0.0077278121164089,0.0213216614725456,-0.0108931657463112,0.8571428571428571,1,0,0.031181496
2026-02-24,64058.15,-0.0092899530772143,0.0319009435837523,0.0203971728015477,2516.470000000001,2540.708571428571,0.0069661148637462,0.020627890520658,-0.0065650127257682,0.9007936507936508,1,0,0.031035524
2026-02-25,67988.04,0.0595405427658217,0.0306121624971695,0.0257822893924324,6075.560000000005,2722.0428571428565,0.0063240247397941,0.0198739895804804,-0.0064077824489007,0.8690476190476191,1,0,0.031534266
2026-02-26,67485.18,-0.0074237891369719,0.0348145128242704,0.0256277983886276,2360.0,2655.4342857142847,0.0054349426498671,0.0195806343155751,-0.000662438824862,0.9444444444444444,2,0,0.031207409
2026-02-27,65872.1,-0.0241930350949814,0.0332049170967816,0.0240934036684011,3302.340000000004,2633.4221428571427,0.0047175713753628,0.020145340979738,-0.0006188576841449,0.9166666666666666,1,0,0.042916846
2026-02-28,66973.26,0.0165784521278684,0.0325649418445691,0.024245417002415,4730.0,2840.573571428572,0.0038723375405964,0.020145340979738,-3.296633600900767e-06,0.9047619047619048,1,0,0.03205296
2026-03-01,65776.47,-0.0180312596565812,0.0315122604900751,0.0243999883300435,3143.9900000000052,2852.072857142858,0.0031513104736604,0.0204764406621529,0.000434123276102,0.876984126984127,1,0,0.031691875
2026-03-02,68830.06,0.0453783925294253,0.0306518896647206,0.0276591620286723,4836.790000000001,2995.232142857144,0.0025601014864204,0.0204764406621529,0.000886829516633,0.8531746031746031,1,0,0.03135803
2026-03-03,68338.0,-0.0071745873014226,0.0326501118453993,0.0271340469265893,3100.0800000000017,3029.492142857144,0.0020427368098552,0.0194657523195985,0.000749168261647,0.9087301587301588,1,0,0.031121131
2026-03-04,72666.77,0.0614182153169302,0.031234132805353,0.0310617904527902,6650.0,3318.333571428572,0.0016458039146205,0.0198997109807302,0.0006219703081835,0.8690476190476191,1,0,0.03171168
2026-03-05,70890.72,-0.0247446597423515,0.0356097151479187,0.0321427994483359,2912.679999999993,3405.798571428572,0.0016659286202685,0.0204946772566751,0.0007952023236482,0.9484126984126984,2,0,0.031391185
2026-03-06,68114.02,-0.0399564707144595,0.0347372974581112,0.0339999846725102,3675.199999999997,3522.7278571428574,0.0017467631195899,0.0231879402160971,0.0015323803613296,0.9365079365079364,2,0,0.0432554
2026-03-07,67262.91,-0.0125740953632664,0.0353776223032334,0.034169113525652,1635.7799999999988,3556.4257142857145,0.001925911030644,0.0235255039366672,0.0028126804586642,0.9404761904761904,2,0,0.04361784
2026-03-08,65971.2,-0.0193906871624953,0.0338690455927664,0.0345220170270991,2581.5099999999948,3665.462142857143,0.0019060712849559,0.0242619950425949,0.0023567851026913,0.9246031746031746,1,0,0.04374599
2026-03-09,68432.16,0.03662460641352,0.0328365733960594,0.0335224243875746,3694.679999999993,3658.22,0.0017018572312696,0.0206726986055988,0.0021846837313388,0.8928571428571429,1,0,0.032704692
2026-03-10,69948.63,0.0219182259322732,0.0333879153034991,0.0336043317807789,3385.5899999999965,3720.2999999999993,0.0016762319057311,0.0216793132402888,0.0007378034580997,0.9126984126984128,1,0,0.03189836
2026-03-11,70191.86,0.003471234391041,0.0325666481924222,0.0299066660011222,2343.0899999999965,3453.694999999999,0.0015302873499456,0.0216793132402888,0.0013325153870691,0.876984126984127,1,0,0.032151323
2026-03-12,70541.34,0.0049665710490476,0.0310953394054859,0.0297805247674111,1594.0899999999965,3398.9871428571414,0.0015539939395149,0.0230056773595881,-0.0045143757424327,0.8333333333333334,1,0,0.03164139
2026-03-13,70930.0,0.005494554272369,0.0297816723358182,0.0287208413598934,3527.7300000000105,3415.0864285714274,0.0017656805204367,0.0228017740110547,-0.004955625122293,0.7896825396825397,1,0,0.031089943
2026-03-14,71211.95,0.0039671661995193,0.0286032292551619,0.0285365366852685,990.9199999999984,3148.0092857142845,0.0020794952669874,0.0228017740110547,-0.0067743930480715,0.7420634920634921,1,0,0.030588638
2026-03-15,72815.24,0.0222646325397679,0.0275142869869753,0.0281311243370481,2340.179999999993,3090.5942857142836,0.0024547496110468,0.0236406390078788,-0.0063547586057911,0.7023809523809523,1,0,0.029938873
2026-03-16,74884.67,0.0280239227243388,0.0274206301320589,0.0266665380209875,2638.6699999999983,2933.585714285712,0.0027403955873293,0.0236406390078788,-0.0054159432640005,0.6904761904761905,1,0,0.029517364
2026-03-17,73909.36,-0.0131097190984004,0.0278622090597221,0.0269382661978442,2600.8099999999977,2897.9235714285687,0.0029324215182153,0.0241445194418835,-0.0055257062437769,0.7103174603174603,1,0,0.02934156
2026-03-18,71246.54,-0.0366932210131132,0.0271351090965958,0.023888882728585,4172.3399999999965,2720.9478571428544,0.0031634274629688,0.0266495202074215,-0.0054315390958264,0.6587301587301587,1,0,0.029556092
2026-03-19,69930.0,-0.0186515148503314,0.028613404198669,0.0234831087298667,2820.439999999988,2714.3592857142826,0.0029721773861577,0.0258094374992366,-0.0024819352068169,0.7420634920634921,1,0,0.029049542
2026-03-20,70510.73,0.0082701551029771,0.028118550232129,0.0206968708374734,1979.0,2593.2021428571397,0.0028150877348085,0.0219100106444818,-0.0016631221036892,0.7103174603174603,1,0,0.029907878
2026-03-21,68918.12,-0.0228457635345584,0.027174323501077,0.0214399260023459,2529.520000000004,2657.0407142857116,0.0025142885715837,0.0235119708637068,-0.0014289057540848,0.6507936507936508,1,0,0.029414665
2026-03-22,67859.0,-0.0154871102583236,0.0271731636950524,0.0211676863824116,2228.12999999999,2631.799285714282,0.0022896766040899,0.0229256001230009,-0.0003411232919228,0.6468253968253969,1,0,0.028857287
2026-03-23,70906.45,0.0439293795760917,0.0266496717677879,0.0221534809848818,4371.9100000000035,2680.172857142855,0.0021326468550281,0.0229256001230009,-0.000770958364271,0.6150793650793651,0,0,0.028778967
2026-03-24,70556.74,-0.0049441937848229,0.0292274682194128,0.0214993623402636,2476.929999999993,2615.268571428569,0.0016861890311407,0.0210252259487683,0.0013652591596906,0.7738095238095238,1,0,0.020919781
2026-03-25,71336.53,0.0109913296166368,0.0280928993132,0.0216693948662561,1618.0899999999965,2563.4828571428548,0.0012127351639905,0.0210252259487683,0.0009577902166042,0.7023809523809523,1,0,0.029838603
2026-03-26,68820.31,-0.0359096335700837,0.0272473614561563,0.023768535196201,3283.820000000007,2684.1778571428554,0.0008944491807321,0.0237302174462322,-0.0013660427425126,0.6468253968253969,1,0,0.0292654
2026-03-27,66407.28,-0.0356922158369545,0.0286068059553382,0.0253005141028268,3630.800000000003,2691.5399999999977,0.000747464836598,0.0255337933229426,0.0004882557232092,0.7341269841269841,1,0,0.02878208
2026-03-28,66377.03,-0.0004556261281685,0.0297093657620558,0.025211339123431,1356.8500000000058,2717.6778571428554,0.0008831093745575,0.024073970283364,0.0025350422609787,0.7817460317460317,1,0,0.029758897
2026-03-29,66010.93,-0.005530728522709,0.0284855266709662,0.0239606389588643,2130.5,2702.7007142857133,0.0008889385486052,0.0229054433810624,0.0013123629759137,0.7182539682539683,1,0,0.030283924
2026-03-30,66797.37,0.0118433741341856,0.0274351810531161,0.022485744446596,2369.0599999999977,2683.4428571428557,0.0008882607730649,0.0229054433810624,0.0007855092853282,0.6587301587301587,1,0,0.029557895
2026-03-31,68284.48,0.0220187994489275,0.02669617312248,0.0238121783057168,2591.4400000000023,2682.7735714285704,0.0009512274224131,0.023745709858114,-0.0025312950969328,0.5992063492063492,0,0,0.028905522
2026-04-01,68113.92,-0.0025009104050788,0.0266897715435543,0.0220737630237983,1731.25,2508.4099999999994,0.0009850152389037,0.0203704325883502,-0.0014031277696457,0.5912698412698413,0,0,0.020799633
2026-04-02,66901.99,-0.0179528849727255,0.0257747411985313,0.022036932385987,2941.2600000000093,2517.040000000001,0.001101384849963,0.0203005686487416,-0.001472620257625,0.5198412698412699,0,0,0.020512681
2026-04-03,66964.3,0.0009309289814485,0.0255775824742198,0.021830387386542,1088.4199999999985,2453.4271428571437,0.001220873939189,0.0203005686487416,-0.0030292234811183,0.5,0,0,0.020051207
2026-04-04,67300.42,0.0050068357818151,0.0247666564088833,0.0212103339752381,787.0199999999895,2328.962857142857,0.001418823075782,0.0199596119566598,-0.0049427093531724,0.4166666666666667,0,0,0.019898068
2026-04-05,69034.18,0.0254352669202564,0.0240913907713736,0.0219698425996076,2524.5399999999936,2350.135,0.0016580966024627,0.0205191140560977,-0.0043941358995925,0.3333333333333333,0,0,0.019349452
2026-04-06,68853.66,-0.0026183614615238,0.024774599793638,0.0182108095414704,2051.4600000000064,2184.3885714285716,0.0017672372547002,0.0192161849370303,-0.0026605812594781,0.4166666666666667,0,0,0.018887248
2026-04-07,71924.22,0.0436296819458199,0.0240607714385954,0.0218837283122709,5028.990000000005,2366.6785714285725,0.0017923511363951,0.0204577929828057,-0.0026354016838845,0.3253968253968254,0,0,0.019308876
2026-04-08,71069.93,-0.0119487428550879,0.0271620264057686,0.0219666708497611,2149.770000000004,2404.655714285716,0.0017483179952236,0.0195972622829961,0.0004722548622143,0.6150793650793651,1,0,0.01885758
2026-04-09,71787.97,0.0100525913759028,0.0264575551284644,0.0195294509360738,2679.0,2361.454285714287,0.0017352343397663,0.0159594115930322,0.0006828139299331,0.5555555555555556,0,0,0.028025161
2026-04-10,72962.7,0.0162314383904949,0.0257504394002669,0.016271690964548,2007.8500000000056,2245.529285714287,0.0016265456547867,0.0092103696760673,0.000172856926047,0.503968253968254,0,0,0.020291504
2026-04-11,73043.16,0.0011021476555086,0.0254413100614596,0.0162240719741308,1276.9100000000035,2239.8192857142867,0.0012931020879779,0.0100873967132284,0.0006746536525762,0.4722222222222222,0,0,0.019681182
2026-04-12,70740.98,-0.0320254620862243,0.0246453365023829,0.0190727067531222,2631.3600000000006,2275.595000000001,0.0011053227510005,0.0173425437931956,0.0005539457310092,0.3809523809523809,0,0,0.019494485
2026-04-13,74417.99,0.0506726764555658,0.0259797058599277,0.0226424806703397,4333.009999999995,2415.877142857144,0.0009883785196834,0.0173425437931956,0.0012051060662897,0.5277777777777778,0,0,0.019103479
2026-04-14,74131.55,-0.0038564960215676,0.0297869695595508,0.0224404014787938,2242.529999999999,2390.955000000001,0.0014827529252257,0.015909597143752,0.0057261981209554,0.7896825396825397,1,0,0.020010944
2026-04-15,74809.99,0.0091102145487571,0.0285813107798139,0.0223215372575847,1911.0,2403.7942857142866,0.001648655007371,0.0173921656777106,0.0014192843740452,0.7142857142857143,1,0,0.029763114
2026-04-16,75154.29,0.0045917681856568,0.0276161927567489,0.0211909559875878,2224.909999999989,2352.626428571428,0.0017087190574852,0.0172491380651379,0.0011586376282845,0.6666666666666666,1,0,0.029225659
2026-04-17,77072.0,0.0251968494898715,0.0266354279539899,0.0215308004856991,3803.600000000006,2546.567857142857,0.0017096382661638,0.0172491380651379,0.000884988553723,0.5595238095238095,0,0,0.02869181
2026-04-18,75691.76,-0.0180707460956828,0.0269164200540339,0.0227923525201623,1974.9199999999985,2631.4178571428574,0.0016744334463633,0.0174165606272616,0.0014751099925742,0.5952380952380952,1,0,0.020402636
2026-04-19,73801.79,-0.0252863177373487,0.0265858080006488,0.0238802913712181,2477.7600000000093,2628.07642857143,0.0015520420191753,0.0189564447489921,0.0019404714982659,0.5476190476190477,0,0,0.027886298
2026-04-20,75840.97,0.0272556618945287,0.0268822198379868,0.0244960796955226,2834.3099999999977,2683.9942857142864,0.0014767204115193,0.0207327034821142,0.000902513978059,0.5912698412698413,1,0,0.020374786
2026-04-21,76336.15,0.0065079658193152,0.0273260599881667,0.0221076041014232,2106.0,2475.209285714286,0.0012895944406753,0.0207327034821142,-0.0024609095713841,0.6309523809523809,1,0,0.027962815
2026-04-22,78178.23,0.0238446062784447,0.0264148131862215,0.0221595024643538,3339.87000000001,2560.2164285714293,0.0012907250773908,0.0223967213703777,-0.0021664975935924,0.5198412698412699,0,0,0.028416406
2026-04-23,78257.48,0.0010131958589205,0.0266032464749068,0.0221893967869773,1702.5,2490.4664285714293,0.0012884489353526,0.0223967213703777,-0.0010129462818421,0.5396825396825397,0,0,0.020230275
2026-04-24,77437.13,-0.0105380345749068,0.0256869062772462,0.0224073947027146,1317.8499999999913,2441.180714285714,0.0012925260041968,0.0205791286757786,-0.0009485216767437,0.4563492063492063,0,0,0.020224359
2026-04-25,77625.0,0.0024231589225074,0.0250844986840273,0.0223958919812479,745.1200000000099,2403.1957142857145,0.001324354949024,0.0205791286757786,-0.0018319213700065,0.3849206349206349,0,0,0.019656818
2026-04-26,78657.55,0.0132140795576045,0.0243356192813109,0.0198651075489439,1634.4900000000052,2331.990714285715,0.0013645094591569,0.0165217467556784,-0.0022501887193378,0.2936507936507936,0,0,0.019213047
2026-04-27,77371.32,-0.0164874505191097,0.0240197574913397,0.0164779133753584,3026.020000000004,2238.634285714287,0.0015385522789696,0.016514893206165,-0.002862462346647,0.25,0,0,0.018602204
2026-04-28,76342.77,-0.0133828375927311,0.0239456803867115,0.016962608403593,1811.3999999999944,2207.8392857142867,0.0013946905452274,0.0174810541359737,-0.0033803796014552,0.242063492063492,0,0,0.018341195
2026-04-29,75780.0,-0.0073989261089515,0.0236868984894798,0.0170115142008717,2967.409999999989,2283.297142857143,0.0013617001535348,0.0162413072959555,-0.0027279146967417,0.2261904761904762,0,0,0.018301543
2026-04-30,76346.57,0.007448700376111,0.0231944374767737,0.0170759588746324,1345.4900000000052,2220.48142857143,0.0014288136849942,0.0162413072959555,-0.003408808998133,0.1865079365079365,0,0,0.01821312
2026-05-01,78231.13,0.0243845442125767,0.0227603549348746,0.0169890303649748,2593.699999999997,2134.060000000001,0.0015654787728169,0.0162413072959555,-0.0029265513423715,0.1547619047619047,0,0,0.01799142
2026-05-02,78686.85,0.00580840106708,0.0235474161137439,0.0160951174462164,1159.479999999996,2075.814285714286,0.0015477763168324,0.0158501010194592,-0.0015370825702833,0.2222222222222222,0,0,0.01781563
2026-05-03,78568.57,-0.0015043045550342,0.0230255104880594,0.0140282940648365,1362.9199999999985,1996.182857142857,0.0015605437049102,0.0111264871286085,-0.0013101087932515,0.1785714285714285,0,0,0.018146958
2026-05-04,79861.01,0.0163160019963939,0.0224934871567857,0.0129225986201842,2574.9900000000052,1977.6600000000003,0.0015401542046189,0.0111264871286085,-0.001526270334554,0.1507936507936507,0,0,0.017833825
2026-05-05,80905.52,0.0129943054348018,0.0226112581813003,0.0131457811254835,1982.7599999999948,1968.857142857143,0.0013655185739552,0.0111264871286085,-0.0013344222054112,0.1547619047619047,0,0,0.017685186
2026-05-06,81447.01,0.006670570614041,0.0224982144017975,0.0119100646832186,2118.8600000000006,1881.6421428571423,0.001251384591362,0.0111264871286085,-0.0011886840876822,0.1547619047619047,0,0,0.017700296
2026-05-07,80006.0,-0.0178509928749033,0.0221212574544785,0.013146056875485,2208.320000000007,1917.7721428571424,0.0010403558153663,0.0125010101307541,-0.0010731800222952,0.1309523809523809,0,0,0.017682027
2026-05-08,80193.17,0.0023367172896868,0.0224074879781484,0.012675149421407,1318.520000000004,1917.8200000000008,0.0008646277177776,0.0128576930515032,-0.0003528669567262,0.1547619047619047,0,0,0.017590608
2026-05-09,80678.4,0.0060325323053351,0.0219527949167081,0.0127101690359151,950.1499999999942,1932.4649999999997,0.0007564648772349,0.0128576930515032,-0.0015946211970358,0.123015873015873,0,0,0.017713126
2026-05-10,82210.07,0.0188069191850583,0.0216221321322652,0.0131446320941751,2199.550000000003,1972.826428571428,0.0007473271511742,0.0128576930515032,-0.0014033783557942,0.1031746031746031,0,0,0.017553207
2026-05-11,81745.65,-0.005665203289169,0.0220602459724286,0.0121837074669387,1917.0299999999988,1893.612857142856,0.0006927015881159,0.0108338345632642,-0.000433241184357,0.1349206349206349,0,0,0.01746307
2026-05-12,80504.47,-0.0152998865192248,0.0217069010604423,0.0124020491122354,1944.4100000000035,1903.1135714285713,0.0006418154496856,0.011330013611542,-0.0009043571208579,0.1111111111111111,0,0,0.017572965
2026-05-13,79313.61,-0.0149029701846661,0.0218612699059316,0.0130672059827036,2569.9900000000052,1874.7264285714296,0.0005748425221332,0.012721638691206,-0.0006369444958659,0.1269841269841269,0,0,0.0174652
2026-05-14,81089.99,0.022149784988148,0.0219670797619481,0.0139883237936092,3126.1300000000047,2001.9150000000009,0.0005399809465426,0.012721638691206,-0.0001541776925303,0.1388888888888889,0,0,0.017557498
2026-05-15,79113.21,-0.0246796610139945,0.0226570798331385,0.0146989517602731,3005.449999999997,2031.325714285715,0.0005343417130478,0.0153746876538118,0.00024959185499,0.1944444444444444,0,0,0.017641705
2026-05-16,78148.05,-0.0122747600818708,0.0234916284639297,0.0150161682263024,1587.770000000004,2061.917857142859,0.0005246339383155,0.0149711907045361,0.0015388335472216,0.2619047619047619,0,0,0.017972302
2026-05-17,77457.67,-0.0088735109479429,0.0232283372410329,0.015182664663142,1864.8300000000015,2097.768571428573,0.0005479071259607,0.0153317230516622,0.0016062051087676,0.238095238095238,0,0,0.018333908
2026-05-18,77001.87,-0.0059018863198048,0.0228411249433439,0.0143710063142338,1749.0,2038.769285714287,0.0005633402072347,0.0144925169667918,0.0007808789709153,0.2063492063492063,0,0,0.018226977
2026-05-19,76834.36,-0.0021777713377915,0.0224024470316624,0.0136586504754564,1269.909999999989,1987.8514285714296,0.000558896007024,0.0136829458827066,0.00069554597122,0.1666666666666666,0,0,0.018030446
2026-05-20,77552.23,0.0092997089153481,0.0219467030838681,0.0138290376684604,1336.2999999999884,1931.9542857142856,0.000566584644584,0.0136829458827066,8.543317793650168e-05,0.1269841269841269,0,0,0.017803412
2026-05-21,77615.52,0.0008157623412063,0.0217319718052039,0.0132256684373003,1480.5299999999988,1879.9692857142852,0.000585518595144,0.0130688041038662,-0.0002351079567441,0.115079365079365,0,0,0.017591622
2026-05-22,75539.5,-0.0271117089392305,0.0213445353472955,0.0147125413075646,2540.820000000007,1967.276428571428,0.0006341835340437,0.0152803209944737,-0.001312544485843,0.0912698412698412,0,0,0.017510127
2026-05-23,76752.01,0.0159238767968545,0.02267879998167,0.0154636822368949,3114.579999999987,2121.8785714285705,0.0006419600980245,0.0152803209944737,-0.0008128284822596,0.1865079365079365,0,0,0.017440435
2026-05-24,77064.96,0.0040691275067175,0.0227435315570664,0.0142799836131729,1435.1499999999942,2067.27857142857,0.0006269920971951,0.0152803209944737,-0.0004848056839664,0.1904761904761904,0,0,0.017942738
2026-05-25,77322.01,0.0033299473074173,0.0222753163899595,0.0144307295969501,991.270000000004,2001.152857142856,0.0006224138759835,0.0160829854152602,-0.0005658085533844,0.1507936507936507,0,0,0.017960008
2026-05-26,75930.01,-0.0181666549382146,0.0218486760183063,0.0146228667099933,2402.029999999999,2033.8399999999983,0.0006122450845885,0.0164515963628259,-0.0005537710133561,0.1111111111111111,0,0,0.017760675
2026-05-27,74449.3,-0.0196936381229786,0.022199885658909,0.014945623890411,1930.159999999989,1988.1378571428545,0.0005976059536286,0.0170696406130759,0.0002531825750408,0.1428571428571428,0,0,0.017575633
2026-05-28,73617.51,-0.0112354517544073,0.0226277394463439,0.0128840536264093,2007.949999999997,1908.267857142854,0.0005882777646113,0.0165234393157861,0.00089576764114,0.1746031746031746,0,0,0.01773445
2026-05-29,73460.78,-0.0021312466894336,0.0224180214755361,0.011859886708519,2001.6100000000008,1836.564999999997,0.0005846326732203,0.0143475625730479,0.0010734861282406,0.1587301587301587,0,0,0.01787449
2026-05-30,73884.38,0.0057497805427271,0.0219600355383686,0.0120211332137862,927.7599999999948,1789.421428571425,0.0005051126044171,0.0145859659905517,-0.0007187644433014,0.115079365079365,0,0,0.017747696
2026-05-31,73674.39,-0.0028461899181877,0.0216208282582241,0.0119411180328497,875.6600000000035,1718.7664285714252,0.0004593065402155,0.0142800771685912,-0.0011227032988423,0.0714285714285714,0,0,0.017517965
2026-06-01,71408.9,-0.0312327375457694,0.0212638615718453,0.0140528735744708,3405.320000000007,1837.074999999997,0.0004799031291704,0.0179304784654453,-0.0010114548181141,0.0555555555555555,0,0,0.017289188
2026-06-02,66760.83,-0.0673059801266156,0.0231369188623224,0.0216405360361358,5215.899999999994,2118.931428571426,0.0005529371276916,0.0297854174404251,0.0012882428440161,0.2301587301587301,0,0,0.017289232
2026-06-03,64142.75,-0.0400054630037924,0.031013044145564,0.0222546475967572,3423.510000000002,2268.0178571428555,0.0024338665087913,0.0310873425599388,0.0088131584866549,0.8253968253968254,1,0,0.018428322
2026-06-04,63885.99,-0.0040109797882657,0.0322429565058601,0.0220512657220275,3380.760000000002,2403.74857142857,0.0034823866433618,0.0295193051507191,0.0096152170595162,0.8571428571428571,1,0,0.030669432
2026-06-05,61056.47,-0.0453009148713139,0.0308079500289567,0.0233847739622234,4847.0899999999965,2568.482142857141,0.0039175014612371,0.0316717885386746,0.0083899285534205,0.8134920634920635,1,0,0.03138944
2026-06-06,60884.62,-0.0028185759823866,0.0327665584380088,0.021958668704537,2030.050000000003,2491.0157142857133,0.0045000648859934,0.0302098211949715,0.0108065228996401,0.8849206349206349,1,0,0.031059038
2026-06-07,63332.01,0.0394102908722757,0.0312703938516691,0.026143188956651,3488.6800000000003,2637.696428571428,0.0047523231929123,0.0302098211949715,0.0096495655934449,0.8333333333333334,1,0,0.03182095
2026-06-08,63085.99,-0.0038921721682001,0.0323851293873604,0.0258440764618276,1792.0,2694.8914285714277,0.0049819075633518,0.0289455167327927,0.0111212678155151,0.8571428571428571,1,0,0.031310316
2026-06-09,61730.0,-0.0217286799632301,0.0309354903766186,0.0259000604322268,2746.010000000002,2719.461428571428,0.0049556188206487,0.0291493616974725,0.0077985715142962,0.8015873015873016,1,0,0.03157882
2026-06-10,61510.99,-0.0035541783711394,0.0303802294442543,0.0260238370761944,2102.989999999998,2731.806428571429,0.0048392630669638,0.0286080062363317,-0.0006328147013096,0.7738095238095238,1,0,0.030940723
2026-06-11,63625.99,0.0338061766363804,0.0291139730508985,0.0289617765214149,2422.029999999999,2761.3835714285715,0.0046447594419137,0.0296874336342842,-0.0031289834549616,0.7301587301587301,1,0,0.030509096
2026-06-12,63580.01,-0.0007229219062381,0.0299159868337865,0.0289952023407118,1564.6300000000049,2730.170714285715,0.0043825653543593,0.0296812785765426,-0.0008919631951701,0.7619047619047619,1,0,0.03003421
2026-06-13,64458.01,0.0137148912874209,0.0286729966062736,0.0294099121633412,1344.1099999999933,2759.9100000000003,0.0039604619474772,0.0296812785765426,-0.0040935618317351,0.6984126984126984,1,0,0.030371334
2026-06-14,65746.45,0.0197916731525662,0.0278869943585764,0.0304234981998399,2121.1699999999983,2848.875,0.0033776911147066,0.0311169736322015,-0.0033833994930926,0.6309523809523809,1,0,0.029661443
2026-06-15,66328.74,0.0088176102228008,0.0275577475521034,0.029963748305707,1938.1499999999944,2744.077142857142,0.0025192939025335,0.0311040843792943,-0.0048273818352569,0.6111111111111112,1,0,0.029017922
2026-06-16,65675.01,-0.0099047995910623,0.0266889246503552,0.0241940349601225,1631.0800000000015,2488.0185714285712,0.0018900573163211,0.0217949705712199,-0.0042465657262634,0.5119047619047619,0,0,0.028714385
2026-06-17,64509.4,-0.0179075382192213,0.0259510097412928,0.0220954160608749,2530.159999999996,2424.2078571428565,0.0021690598492966,0.0182435057995628,-0.0044292197029615,0.4444444444444444,0,0,0.020156931
2026-06-18,62958.01,-0.024342953377447,0.0257285376594843,0.0230554776679743,2533.9300000000003,2363.719999999999,0.0022897729084815,0.0199218499670945,-0.0033854353914141,0.4246031746031746,0,0,0.019533228
2026-06-19,63543.91,0.0092631667485303,0.0260594191378043,0.0193057272039439,1349.5599999999977,2113.896428571428,0.0023968401226093,0.0137829063826575,-0.0038565676959822,0.4563492063492063,0,0,0.019434016
2026-06-20,64298.01,0.0117975190981862,0.0253659661595114,0.0193705636806651,1203.7900000000009,2054.877857142856,0.0023049150897041,0.014695984370162,-0.0033070304467621,0.3928571428571428,0,0,0.019442927
2026-06-21,63311.99,-0.0154539553914663,0.0248561286691226,0.0170429895506734,1318.0,1899.8292857142849,0.0023325778612275,0.0147928548356028,-0.0030308656894538,0.3452380952380952,0,0,0.019078102
2026-06-22,64020.01,0.0111209640477767,0.024608035780499,0.0172518242890918,2310.840000000004,1936.889285714285,0.0021146131015801,0.0157456544087151,-0.0029497117716044,0.3214285714285714,0,0,0.01877467
2026-06-23,62734.57,-0.0202830393828215,0.0241543696431954,0.0171087301001343,2337.3799999999974,1907.7014285714272,0.0020191044405896,0.0154676879007795,-0.0025345550071597,0.2896825396825397,0,0,0.018661033
2026-06-24,61077.99,-0.0267610792131911,0.024350217612722,0.0186543130362424,4136.360000000001,2052.942142857142,0.0018622466349428,0.0184323812884215,-0.0016007921285708,0.2976190476190476,0,0,0.018475186
2026-06-25,59794.0,-0.0212462506722914,0.0251307193958015,0.0165489673301307,3847.3899999999994,2154.7535714285705,0.001730745526369,0.0188071526531865,-0.0005978182636828,0.3809523809523809,0,0,0.018602844
2026-06-26,60097.27,0.0050590947420143,0.0252715537318352,0.016720049118043,2422.989999999998,2216.0649999999987,0.0013738834856977,0.0201038351397352,-0.0007878654059691,0.4087301587301587,0,0,0.019102778
2026-06-27,60029.0,-0.0011366374291004,0.0245429682212317,0.0159619669749636,1086.0099999999948,2197.6292857142844,0.0011530771229021,0.0188097091149917,-0.0008229979382796,0.3253968253968254,0,0,0.01930007
2026-06-28,59577.01,-0.0075580173873692,0.0238423841522322,0.0142668248660899,1640.010000000002,2163.260714285713,0.0010315058439985,0.0179120222902961,-0.0010137445168903,0.2619047619047619,0,0,0.018795114
2026-06-29,60260.21,0.0114022571947227,0.0233372675657185,0.0145025641689611,1880.5599999999977,2159.147142857142,0.0009306388490426,0.0179120222902961,-0.0012707682147804,0.2301587301587301,0,0,0.018414896
2026-06-30,58624.71,-0.0275157385357438,0.0230483705382709,0.0155159360132684,2075.540000000001,2190.894285714285,0.0009286196453391,0.019851044458894,-0.0011059991049245,0.2063492063492063,0,0,0.018236306
2026-07-01,60024.0,0.0235882021843156,0.0241272401156768,0.0173551119117606,3533.8099999999977,2262.583571428571,0.0008705543044358,0.0200807612215897,-0.0002229774970451,0.2976190476190476,0,0,0.018150132
2026-07-02,61560.0,0.0252678267272514,0.0246222005352201,0.018179518875308,2612.0,2268.1599999999994,0.0008083874738585,0.0193955679428186,-0.0005085188605813,0.3531746031746032,0,0,0.018660571
2026-07-03,62583.26,0.0164855212337968,0.0252063257809928,0.0186090198180067,1731.0,2295.4057142857137,0.0007097731063267,0.0193955679428186,-6.522795084239891e-05,0.4246031746031746,0,0,0.01896226
2026-07-04,63144.01,0.0089201605697866,0.0249808734775857,0.0184711371489614,1133.75,2290.4028571428566,0.0006788202753212,0.0193955679428186,0.0004379052563539,0.4007936507936508,0,0,0.019384947
2026-07-05,63650.0,0.0079813342291537,0.0243940623452645,0.0181482315905294,1562.4100000000035,2307.860714285714,0.0006678719278079,0.0199770353720217,0.0005516781930322,0.3253968253968254,0,0,0.019252535
2026-07-06,64042.02,0.0061401054133938,0.0238403354315107,0.0179694179046224,3393.1600000000035,2385.1692857142853,0.0006809696317243,0.0199770353720217,0.0005030678657921,0.2698412698412698,0,0,0.018837254
2026-07-07,63363.99,-0.0106437114085373,0.023293926982908,0.0173037932590628,1642.6100000000006,2335.542857142857,0.0007362173949227,0.0186921487951188,0.0002455564446371,0.2341269841269841,0,0,0.018542152
2026-07-08,62290.0,-0.0170948197422191,0.022974062577551,0.0162861297644579,2217.4300000000003,2198.4764285714286,0.0008145284205977,0.0166955885432722,-0.0011531775381257,0.2023809523809523,0,0,0.018311884
2026-07-09,63230.0,0.0149779728044681,0.0230827315229879,0.0152558174017032,1794.7099999999991,2051.8564285714283,0.0008158279313422,0.0156272383562011,-0.0015394690122321,0.2142857142857142,0,0,0.018075492
2026-07-10,64161.72,0.0146278991084596,0.0230300771783938,0.0155194240729783,1766.8199999999997,2004.9871428571428,0.0007745074114736,0.0156272383562011,-0.002176248602599,0.2103174603174603,0,0,0.01808476
2026-07-11,63819.0,-0.0053558195209024,0.0229618282456243,0.0156810735341492,685.1100000000006,1976.3514285714289,0.0007856296710932,0.0158015553114423,-0.0020190452319614,0.2023809523809523,0,0,0.018051129
2026-07-12,63780.0,-0.0006112900761667,0.0224955838854256,0.0153815442634777,649.2799999999988,1905.5850000000005,0.0008551088535787,0.015438236946182,-0.0018984784598388,0.1547619047619047,0,0,0.018008586
2026-07-13,62334.52,-0.0229242961434898,0.0220192793577132,0.0169191120334232,2600.029999999999,1956.9757142857145,0.0009607143776389,0.016917540964468,-0.0018210560737975,0.1111111111111111,0,0,0.01775084
2026-07-14,65043.98,0.0425482910408412,0.0227775062126939,0.0177269680569506,2827.800000000003,2010.708571428572,0.0009748015786706,0.0138571518468934,-0.0005164207702141,0.1944444444444444,0,0,0.017569434
2026-07-15,64756.28,-0.0044329721857003,0.0260069158462841,0.0173389228685647,1115.0,1837.9364285714291,0.0011693351858087,0.012778592312526,0.0030328532687331,0.5,0,0,0.01794615
2026-07-16,63830.2,-0.0144042517076172,0.0251886158703058,0.0170857059537559,1248.7799999999988,1740.563571428572,0.0012129854240949,0.0130232593912084,0.0021058843473178,0.4285714285714285,0,0,0.01961371
2026-07-17,63931.67,0.0015884241727963,0.024836682743169,0.0166108070850254,1850.4300000000003,1749.094285714286,0.0011820608750502,0.0130232593912084,0.0018066055647752,0.3849206349206349,0,0,0.019191321
2026-07-18,64834.22,0.0140186936306765,0.0241072572115204,0.0168397813455684,978.3499999999984,1737.9942857142862,0.0011315572546089,0.0130232593912084,0.001145428965896,0.3174603174603174,0,0,0.018936317
2026-07-19,64722.54,-0.0017240324265905,0.0238650267499057,0.016769212113763,687.25,1675.4828571428573,0.001113249313015,0.012197383346454,0.0013694428644801,0.3015873015873015,0,0,0.018551853
2026-07-20,65255.51,0.0082009691191871,0.0232414792508444,0.0168249269572539,2699.0,1625.9,0.0011150440353408,0.012197383346454,0.0012221998931312,0.2539682539682539,0,0,0.018433806
2026-07-21,66556.16,0.0197356154589805,0.0228276544547706,0.0171168739013481,1807.3999999999944,1637.6707142857138,0.0011305525107673,0.0124034597215834,5.0148242076698823e-05,0.2063492063492063,0,0,0.018168729
2026-07-22,66114.49,-0.0066581663939206,0.0231666436492935,0.0163610068837033,1186.2200000000012,1564.0128571428563,0.0011244278829264,0.0108826139793497,-0.0028402721969905,0.25,0,0,0.017921891
2026-07-23,65098.97,-0.0154792088703139,0.0227113302538271,0.0168434970084225,1663.1399999999994,1554.6149999999996,0.0011403997209484,0.0115575998612145,-0.0024772856164787,0.1865079365079365,0,0,0.018085431
2026-07-24,64139.99,-0.0148406889207137,0.0227410780213009,0.0169955132390111,2068.8399999999965,1576.1878571428565,0.001152440809427,0.0119669496905109,-0.0020956047218681,0.1904761904761904,0,0,0.017779525
2026-07-25,64375.0,0.0036573206278536,0.0227244180463765,0.0169486596546781,665.2799999999988,1574.7714285714278,0.0011626107445404,0.0125508274693169,-0.0013828391651438,0.1904761904761904,0,0,0.017808583
2026-07-26,65399.99,0.0157967465740416,0.0222512663191823,0.0174178119305891,1283.1900000000023,1620.0507142857136,0.0011802121360039,0.0134154095074032,-0.0016137604307234,0.1309523809523809,0,0,0.017821964
2026-07-27,63755.86,-0.0254610041753071,0.0223653203627909,0.017705521813845,2139.040000000008,1587.1228571428571,0.0011509380727119,0.0140537329341956,-0.0008761588880535,0.1468253968253968,0,0,0.017552566
2026-07-28,63915.0,0.0024929742373505,0.0233317518425962,0.0132594764328258,1357.5299999999988,1482.1035714285713,0.0011340830644159,0.0140537329341956,0.0005040973878256,0.2936507936507936,0,0,0.017633539
2026-07-29,63984.28,0.0010833525689246,0.0227741637364509,0.0132395837462687,1477.4700000000012,1507.9942857142855,0.0008937552244678,0.0150714997224378,-0.0003924799128426,0.2142857142857142,0,0,0.018364426
2026-07-30,64780.02,0.0123597942914894,0.0222680311578204,0.0130640366555509,1572.6800000000003,1531.13,0.0007465362255502,0.0152014351693797,-0.0004432990960067,0.1388888888888889,0,0,0.017976876
2026-07-31,62887.88,-0.0296437641449447,0.0221631966137718,0.0154201562175658,2943.5599999999977,1609.2107142857142,0.0005899377886052,0.0184127261639216,-0.000577881407529,0.1269841269841269,0,0,0.017603647
2026-08-01,62823.64,-0.0010220225734549,0.0236546729349092,0.0147912334210969,875.0,1601.8285714285714,0.000527534718394,0.0170512481271943,0.0009302548885327,0.3253968253968254,0,0,0.017604824
2026-08-02,63570.0,0.0118102251863163,0.023050063456573,0.0152630297155292,989.75,1623.435714285714,0.0004473659463663,0.0184039993437028,0.0007987971373906,0.2658730158730158,0,0,0.018605318
2026-08-03,63520.0,-0.0007868440094362,0.0228170492189351,0.0150205088346311,1780.0,1557.792857142857,0.0004295436304864,0.0170413877476206,0.0004517288561442,0.2341269841269841,0,0,0.018324386
2026-08-04,64106.56,0.0091918818449574,0.0223048320017149,0.0140861564219892,1227.1500000000017,1516.346428571429,0.0004469650200619,0.0170413877476206,-0.0010269198408812,0.1507936507936507,0,0,0.018116798
2026-08-05,64665.23,0.0086769548697454,0.0220414021401528,0.0143467213179029,1145.2200000000012,1513.4178571428577,0.0004646642929706,0.018204995169935,-0.000732761596298,0.115079365079365,0,0,0.017682176
2026-08-06,64323.61,-0.0052969047359656,0.0217893340748739,0.0138371169893243,827.0,1453.693571428572,0.0005185865588269,0.0172094082183517,-0.0004786970829465,0.0793650793650793,0,0,0.017524417
2026-08-07,64923.19,0.0092781299214479,0.0214589132742131,0.0134582726644483,1224.989999999998,1393.418571428572,0.0005973184307036,0.0176450352207857,-0.0007042833395587,0.0515873015873015,0,0,0.017329346
2026-08-08,64962.6,0.0006068408439343,0.0213043895113299,0.0134342929600393,408.34999999999854,1375.066428571429,0.0006720928665965,0.0176450352207857,-0.0023502834235793,0.0476190476190476,0,0,0.017193612
2026-08-09,64901.59,-0.0009395970434731,0.0209666693403217,0.012707677019281,744.3799999999974,1336.5800000000002,0.0007737003332003,0.0161122064613445,-0.0020833941162512,0.0119047619047619,0,0,0.01716299
2026-08-10,63970.01,-0.0144577428542156,0.0206705632852258,0.0113118259962736,1584.8700000000026,1296.9964285714284,0.000887924870655,0.0136527334085008,-0.0021464859337093,0.0039682539682539,0,0,0.016973939
2026-08-11,63600.0,-0.0058009094392339,0.0209124487966582,0.0114015571169428,1277.4300000000003,1291.275,0.000883060683822,0.0128287251758574,-0.0013923832050566,0.0079365079365079,0,0,0.016893115
2026-08-12,63479.99,-0.0018887322178127,0.0207019243250028,0.0114004270121131,1189.6600000000035,1270.717142857143,0.0009185404927764,0.0120187386861848,-0.00133947781515,0.0079365079365079,0,0,0.016901832
2026-08-13,63490.86,0.0001712204025832,0.020444386953856,0.0107863235126234,1207.7300000000032,1244.649285714286,0.0009839003700165,0.0120187386861848,-0.0013449471210178,0.0039682539682539,0,0,0.016885515
2026-08-14,63043.56,-0.0070700424944938,0.0202096635211857,0.0074013494742364,1082.2099999999991,1111.6957142857148,0.0010543919945584,0.0063917269286868,-0.0012492497530273,0.0039682539682539,0,0,0.016862493
2026-08-15,63086.01,0.0006731173602325,0.0201279730383011,0.0073940944835038,267.9800000000032,1068.3371428571434,0.0009394069000015,0.0068221158731474,-0.0011764164730287,0.0039682539682539,0,0,0.016757961
2026-08-16,62900.0,-0.0029528696901905,0.0199333788672008,0.006640226993116,674.0,1045.783571428572,0.0008704718057738,0.0064663387468663,-0.0010332904731209,0.0039682539682539,0,0,0.016753983
2026-08-17,64532.1,0.0256166107150956,0.0197839088345324,0.0096833128183616,1858.9100000000035,1051.4200000000008,0.0007893360865645,0.0069064066615054,-0.0008866544506933,0.0039682539682539,0,0,0.01674318
2026-08-18,64725.42,0.0029912401869456,0.0212321664815599,0.00942451157263,1030.9599999999991,1037.4064285714292,0.0006884706266343,0.0069064066615054,0.0003197176849016,0.0753968253968253,0,0,0.016748618
2026-08-19,69334.79,0.0687927858194576,0.0209234865982857,0.0205148955742326,5834.0,1372.3192857142865,0.0005953036464767,0.0069064066615054,0.0002215622732829,0.0396825396825396,0,0,0.01707336
2026-08-20,73025.15,0.0518571019348641,0.0299567352021039,0.0237449383599597,4497.779999999999,1634.5178571428576,0.0025354961857162,0.0071394674292124,0.0095123482482479,0.8134920634920635,1,0,0.016972031
2026-08-21,78338.03,0.0702292787627225,0.0330498714448272,0.0288305882778155,6474.850000000006,2009.5078571428585,0.0040316536703583,0.0071394674292124,0.0128402079236414,0.8968253968253969,1,0,0.029407065
2026-08-22,77074.93,-0.0162551155599732,0.0385346080597957,0.0297446033891133,2328.149999999994,2146.6364285714294,0.0059326359541743,0.0090242589953397,0.0184066350214946,0.9563492063492064,2,0,0.030881222
2026-08-23,77734.0,0.0085146765352739,0.0368788577777103,0.0295295966388938,2507.1800000000076,2272.550714285716,0.0068812407692872,0.0097397630900405,0.0169454789105095,0.9444444444444444,2,0,0.042725187
2026-08-24,78992.75,0.0160633340030198,0.0351091044774564,0.0284628859948505,3329.9900000000052,2397.2021428571447,0.0073265815485267,0.0084870675956077,0.015325195642924,0.9285714285714286,2,0,0.042996865
2026-08-25,78539.14,-0.0057589768483676,0.033773656729436,0.0284605231972729,3421.6199999999953,2550.3585714285728,0.007503588692529,0.0084813542064921,0.012541490247876,0.9047619047619048,1,0,0.042772155
2026-08-26,79023.75,0.0061513409419617,0.0322252532696474,0.0281716446644476,1619.020000000004,2581.027142857144,0.0074533739084192,0.0094352998957281,0.0113017666713616,0.8412698412698413,1,0,0.031715002
2026-08-27,80249.58,0.0153930881541732,0.0308270732211569,0.0278200664220691,2302.6100000000006,2659.2328571428584,0.0072321510575239,0.0094352998957281,0.0008703380190529,0.8055555555555556,1,0,0.030752074
2026-08-28,77845.87,-0.0304106822174023,0.0298948945603296,0.0299722989464267,4590.869999999995,2909.8514285714296,0.006880129569638,0.0175422606050587,-0.0031549768844975,0.7777777777777778,1,0,0.030235212
2026-08-29,78230.0,0.0049223595628227,0.0302190564468032,0.0298365591204785,947.6300000000048,2958.3978571428584,0.0064227635212023,0.0175422606050587,-0.0083155516129925,0.7857142857142857,1,0,0.030245554
2026-08-30,77682.0,-0.0070296353924241,0.0289880912952505,0.0300482654150165,2400.0,3081.6835714285726,0.0058178187820673,0.0178298903732353,-0.0078907664824597,0.746031746031746,1,0,0.030283254
2026-08-31,78581.29,0.0115100600819406,0.0279215901195832,0.0299038225832626,1858.0,3081.618571428572,0.0050657869118718,0.0178298903732353,-0.0071875143578732,0.7063492063492064,1,0,0.029892262
2026-09-01,77439.0,-0.0146431007247009,0.027115689362069,0.0307653275413649,2800.6100000000006,3208.0221428571435,0.0044251606824822,0.0172397236736561,-0.0066579673673669,0.6468253968253969,1,0,0.02943797
2026-09-02,77340.01,-0.0012791141834647,0.0265511556895153,0.0263383991384262,1528.0,2900.450714285715,0.0036100344721071,0.0157463037716498,-0.005674097580132,0.6031746031746031,0,0,0.028826263
2026-09-03,81270.37,0.0495700820018925,0.0256413084792738,0.0260496648810091,5332.0,2960.0378571428582,0.003922921430055,0.0157463037716498,-0.005185764741883,0.5555555555555556,0,0,0.020735588
2026-09-04,79660.77,-0.0200042536926066,0.0293444328702626,0.019781579226943,2767.75,2695.2450000000003,0.0039131385343194,0.016422313481587,-0.0005504616900669,0.753968253968254,1,0,0.02031922
2026-09-05,79831.75,0.0021440512131718,0.0288549697689828,0.0191335748647569,758.0,2583.0914285714293,0.0032681946207127,0.0164500145832991,-0.0013640866778204,0.7380952380952381,1,0,0.029548403
2026-09-06,80341.83,0.0063691118636004,0.0277212789734189,0.0190903251948879,1326.9900000000052,2498.7921428571435,0.0027048991847484,0.0164500145832991,-0.0012668123218316,0.6865079365079365,1,0,0.029529255
2026-09-07,79112.01,-0.015425710493643,0.0267662335667784,0.0192058899067982,1763.9900000000052,2386.935000000001,0.0022798339476332,0.0163076249605523,-0.0011553565528048,0.623015873015873,0,0,0.02893522
2026-09-08,78455.8,-0.0083292874835372,0.0262865088553823,0.0192784334696665,1864.9900000000052,2275.7471428571444,0.0019210247491559,0.0164654687956409,-0.0008291805066867,0.5753968253968254,0,0,0.020754378
2026-09-09,78306.43,-0.0019056892110427,0.0255363128524171,0.0191983327985455,1990.0,2302.2457142857156,0.0017336163334523,0.0154167655897349,-0.0010148428370981,0.5277777777777778,0,0,0.020288136
2026-09-10,76568.72,-0.0224410814206592,0.024735269377849,0.0194276023696457,2100.3899999999994,2287.80142857143,0.0017275489378674,0.0163469855369909,-0.0009060391014248,0.4603174603174603,0,0,0.01995669
2026-09-11,77225.7,0.0085436649301904,0.0250350557112957,0.0179908031147439,3843.4199999999983,2234.4121428571443,0.001706354698278,0.0136024162945021,-0.0043093771589669,0.492063492063492,0,0,0.01955418
2026-09-12,77278.73,0.0006864528361081,0.0244287730667798,0.0179268100908262,445.91999999999825,2198.575714285715,0.0016160943364542,0.0136024162945021,-0.0044261967022029,0.4325396825396825,0,0,0.019651067
2026-09-13,76842.01,-0.0056672602126699,0.0237387371628265,0.0178944928763462,950.0,2095.0042857142867,0.001672474915987,0.0135227026559005,-0.0039825418105923,0.3611111111111111,0,0,0.019287448
2026-09-14,78189.21,0.0173801626824268,0.0231917725780559,0.018269377127003,3211.279999999999,2191.6671428571435,0.0018143663355374,0.0135227026559005,-0.0035744609887224,0.3095238095238095,0,0,0.018853333
2026-09-15,75644.48,-0.033087188533484,0.0232918328203567,0.0199651138933594,3282.4900000000052,2226.087142857144,0.0019286822877465,0.0171145024145305,-0.0029946760350255,0.3214285714285714,0,0,0.018587511
2026-09-16,76206.01,0.0073958610154036,0.0250113715506993,0.020112412137523,1495.9399999999878,2223.797142857143,0.0019261190706054,0.0182897840730885,-0.0005249413017178,0.4880952380952381,0,0,0.01872706
2026-09-17,76417.01,0.0027649843965491,0.0243703323854187,0.0140159933103967,1179.4700000000012,1927.1878571428576,0.0019580031663454,0.0182897840730885,-0.0003649369924303,0.4166666666666667,0,0,0.019735124
2026-09-18,80883.87,0.0568091068621523,0.0237016798654233,0.0208200644788758,5104.0,2094.0628571428574,0.0016888178658827,0.0179881592734557,-0.0013333758458724,0.3492063492063492,0,0,0.019257974
2026-09-19,81249.99,0.0045162759007233,0.0292381189286772,0.020838961696441,1106.4199999999985,2118.9500000000003,0.0017545895489103,0.0179881592734557,0.0048093458618974,0.75,1,0,0.018885445
2026-09-20,81178.0,-0.000886423635654,0.028095327494712,0.0207922367474843,1371.290000000008,2122.1142857142863,0.001797950632295,0.0166571691607338,0.0043565903318854,0.6984126984126984,1,0,0.029283416
2026-09-21,86620.0,0.0648864612892179,0.027029087092695,0.0263306104093862,6545.449999999997,2463.6471428571426,0.0018163387654332,0.0168536664997631,0.0038373145146391,0.623015873015873,1,0,0.02894565
2026-09-22,86208.56,-0.0047612591028283,0.0331549816640508,0.0261931914954072,1603.6000000000058,2444.9764285714286,0.0027838296024405,0.0166211161136082,0.0098631488436941,0.8809523809523809,1,0,0.028304052
2026-09-23,84397.6,-0.0212305115050082,0.0316466625406592,0.0271741699333774,3778.529999999999,2572.7285714285713,0.0031955868511904,0.0187290859919692,0.0066352909899598,0.8293650793650794,1,0,0.031131577
2026-09-24,84410.24,0.0001497560779597,0.0309745409232573,0.0260441590405623,2067.520000000004,2570.3807142857145,0.0034052000747343,0.0178945233925848,0.0066042085378386,0.8015873015873016,1,0,0.030731793
2026-09-25,84099.99,-0.003682273183772,0.0296308745048953,0.0261916826217575,2072.0,2443.8507142857147,0.0034600444718848,0.0164044149191548,0.005929194639472,0.7420634920634921,1,0,0.03039239
2026-09-26,84433.1,0.0039530567413539,0.0284379501844453,0.0261543561779049,675.5800000000017,2460.255000000001,0.0033994027992927,0.0164044149191548,-0.0008001687442319,0.6865079365079365,1,0,0.029633027
2026-09-27,84472.0,0.0004606136900271,0.0273651034838897,0.0259889875045973,1027.0299999999988,2465.757142857143,0.0032458884766052,0.017790509462748,-0.0007302240108222,0.6309523809523809,1,0,0.028962415
2026-09-28,83500.01,-0.01157336688693,0.0263703048326078,0.0262299314391729,2436.0,2410.380000000001,0.0030242053075943,0.0169137712915645,-0.0006587822600872,0.5396825396825397,0,0,0.028419059
2026-09-29,83663.66,0.0019579619456884,0.0257364835865096,0.023917272938182,1788.050000000003,2303.634285714286,0.0028108477606937,0.011150712181469,-0.0074184980775412,0.503968253968254,0,0,0.020246264
2026-09-30,83146.22,-0.0062039689693982,0.0249149412770716,0.0241832856562285,775.3500000000058,2252.163571428573,0.0028186088597536,0.0104895276485889,-0.0067317212635875,0.4404761904761904,0,0,0.01970851
