date,mvrv-data,active-addresses,transaction-count,hashrate,difficulty,tx_count
2022-10-07 00:00:00+00:00,0.919983246052,936123.0,270954.0,266578963.22682327,,270954.0
2022-10-08 00:00:00+00:00,0.914595870208,815047.0,235954.0,272814728.9473646,,235954.0
2022-10-09 00:00:00+00:00,0.915262738221,787417.0,214993.0,246312725.75750184,,214993.0
2022-10-10 00:00:00+00:00,0.902773565181,896218.0,253025.0,282818946.6660149,,253025.0
2022-10-11 00:00:00+00:00,0.897697758664,916599.0,272927.0,277924882.76934755,,272927.0
2022-10-12 00:00:00+00:00,0.904197086018,871140.0,260366.0,242520438.89338887,,260366.0
2022-10-13 00:00:00+00:00,0.915299590894,933599.0,275214.0,253141772.82091248,,275214.0
2022-10-14 00:00:00+00:00,0.905697877908,984001.0,284575.0,276154659.1735337,,284575.0
2022-10-15 00:00:00+00:00,0.900728724487,838678.0,241112.0,269073772.43763787,,241112.0
2022-10-16 00:00:00+00:00,0.909910910294,769067.0,214703.0,254911993.86760643,,214703.0
2022-10-17 00:00:00+00:00,0.924678135264,870371.0,261168.0,265533327.79513,,261168.0
2022-10-18 00:00:00+00:00,0.91398573907,887194.0,258490.0,251371549.22509855,,258490.0
2022-10-19 00:00:00+00:00,0.904610705933,923688.0,260354.0,267303548.841824,,260354.0
2022-10-20 00:00:00+00:00,0.900242542303,893489.0,268532.0,256682214.9143004,,268532.0
2022-10-21 00:00:00+00:00,0.907143363442,913925.0,266487.0,276154659.1735337,,266487.0
2022-10-22 00:00:00+00:00,0.909318069409,817446.0,231911.0,240750215.297575,,231911.0
2022-10-23 00:00:00+00:00,0.926261633178,803523.0,218227.0,274810664.8495725,,218227.0
2022-10-24 00:00:00+00:00,0.915784798173,922514.0,266297.0,249031191.57743752,,266297.0
2022-10-25 00:00:00+00:00,0.951195313284,829386.0,251891.0,223395628.20390147,,251891.0
2022-10-26 00:00:00+00:00,0.983939477562,1051950.0,305561.0,283822315.5587801,,305561.0
2022-10-27 00:00:00+00:00,0.959624512348,895161.0,265430.0,247200081.03795677,,265430.0
2022-10-28 00:00:00+00:00,0.975004031923,925522.0,279384.0,291146762.99030495,,279384.0
2022-10-29 00:00:00+00:00,0.98443454901,871729.0,251735.0,261848975.90100643,,251735.0
2022-10-30 00:00:00+00:00,0.975832100659,830676.0,223333.0,247200081.03795677,,223333.0
2022-10-31 00:00:00+00:00,0.97009674747,980614.0,290008.0,316782326.363841,,290008.0
2022-11-01 00:00:00+00:00,0.970049689813,955117.0,273150.0,263680086.4404872,,273150.0
2022-11-02 00:00:00+00:00,0.954490976446,869056.0,258761.0,223395628.20390147,,258761.0
2022-11-03 00:00:00+00:00,0.956986021054,1009478.0,294320.0,300302320.96131057,,294320.0
2022-11-04 00:00:00+00:00,1.000981821699,939102.0,281439.0,236213409.89066952,,281439.0
2022-11-05 00:00:00+00:00,1.007111287598,916525.0,253538.0,276497868.12725526,,253538.0
2022-11-06 00:00:00+00:00,0.991409279364,811578.0,223686.0,250862304.7537192,,223686.0
2022-11-07 00:00:00+00:00,0.976088727485,920253.0,267661.0,263168681.007737,,267661.0
2022-11-08 00:00:00+00:00,0.880744871078,1051006.0,296138.0,297875785.7478076,,296138.0
2022-11-09 00:00:00+00:00,0.753958696179,1076579.0,293667.0,272291362.9163776,,293667.0
2022-11-10 00:00:00+00:00,0.839903712816,1056871.0,294575.0,268636444.99309605,,294575.0
2022-11-11 00:00:00+00:00,0.811340136624,964454.0,278829.0,244879482.43907723,,278829.0
2022-11-12 00:00:00+00:00,0.806378353685,942728.0,245106.0,305185621.59437066,,245106.0
2022-11-13 00:00:00+00:00,0.785273663056,895185.0,224942.0,235742186.31510308,,224942.0
2022-11-14 00:00:00+00:00,0.801361740695,954601.0,244858.0,224777435.1767992,,244858.0
2022-11-15 00:00:00+00:00,0.81368542899,986709.0,281221.0,283256116.68622214,,281221.0
2022-11-16 00:00:00+00:00,0.806089820633,944275.0,264899.0,274118823.1937887,,264899.0
2022-11-17 00:00:00+00:00,0.81024033294,902258.0,254924.0,252189315.6540996,,254924.0
2022-11-18 00:00:00+00:00,0.818509642211,955851.0,275776.0,254016775.9315107,,275776.0
2022-11-19 00:00:00+00:00,0.820610369081,1113245.0,262900.0,268636444.99309605,,262900.0
2022-11-20 00:00:00+00:00,0.799184425512,1013890.0,229629.0,272422405.82229453,,229629.0
2022-11-21 00:00:00+00:00,0.777592696604,974239.0,269034.0,236949653.0891525,,269034.0
2022-11-22 00:00:00+00:00,0.79805211183,931145.0,257097.0,231439196.90173665,,257097.0
2022-11-23 00:00:00+00:00,0.817451445016,1057775.0,270971.0,258991483.1288546,,270971.0
2022-11-24 00:00:00+00:00,0.81837142484,988182.0,250821.0,236949653.0891525,,250821.0
2022-11-25 00:00:00+00:00,0.816011276502,981465.0,262820.0,225928740.7143208,,262820.0
2022-11-26 00:00:00+00:00,0.812740435671,892687.0,230269.0,200213272.3346683,,230269.0
2022-11-27 00:00:00+00:00,0.812332752733,855437.0,223392.0,249807385.956469,,223392.0
2022-11-28 00:00:00+00:00,0.802349876662,931505.0,259679.0,255317844.78890425,,259679.0
2022-11-29 00:00:00+00:00,0.814147810046,955669.0,271896.0,240623291.4291028,,271896.0
2022-11-30 00:00:00+00:00,0.850801464317,946754.0,272102.0,253481024.29641935,,272102.0
2022-12-01 00:00:00+00:00,0.840529289057,1030232.0,286994.0,281033310.52353734,,286994.0
2022-12-02 00:00:00+00:00,0.84670015577,970221.0,271522.0,229602379.05427116,,271522.0
2022-12-03 00:00:00+00:00,0.838232388894,938854.0,249912.0,240623291.4291028,,249912.0
2022-12-04 00:00:00+00:00,0.84968361727,842351.0,216703.0,257154662.6363697,,216703.0
2022-12-05 00:00:00+00:00,0.84468600446,960563.0,273083.0,268175577.6562208,,273083.0
2022-12-06 00:00:00+00:00,0.850384196971,941978.0,264624.0,230616963.69146737,,264624.0
2022-12-07 00:00:00+00:00,0.839503933452,899850.0,266558.0,292794731.64825046,,266558.0
2022-12-08 00:00:00+00:00,0.858945882155,905789.0,270258.0,284283257.4040977,,270258.0
2022-12-09 00:00:00+00:00,0.854978591377,946767.0,268606.0,258748834.6716393,,268606.0
2022-12-10 00:00:00+00:00,0.854415449082,909506.0,231276.0,262153422.4082566,,231276.0
2022-12-11 00:00:00+00:00,0.853211507586,781176.0,220885.0,250237357.97618172,,220885.0
2022-12-12 00:00:00+00:00,0.858539391858,905428.0,264207.0,243428180.05164233,,264207.0
2022-12-13 00:00:00+00:00,0.887729303381,974065.0,286344.0,280878667.2161756,,286344.0
2022-12-14 00:00:00+00:00,0.890254354657,930586.0,279228.0,251939654.2957951,,279228.0
2022-12-15 00:00:00+00:00,0.86728278142,897844.0,271326.0,236618999.6757982,,271326.0
2022-12-16 00:00:00+00:00,0.830992951979,893040.0,258839.0,221298345.05580127,,258839.0
2022-12-17 00:00:00+00:00,0.839657772493,967830.0,261183.0,234916703.3561848,,261183.0
2022-12-18 00:00:00+00:00,0.839875774864,783263.0,207910.0,246832767.78825969,,207910.0
2022-12-19 00:00:00+00:00,0.823536056851,971140.0,262020.0,234239565.5288072,,262020.0
2022-12-20 00:00:00+00:00,0.847633081501,950486.0,270300.0,246114014.5930937,,270300.0
2022-12-21 00:00:00+00:00,0.843195618816,905699.0,268746.0,251387888.03406775,,268746.0
2022-12-22 00:00:00+00:00,0.844194325117,908585.0,276334.0,237324228.9000814,,276334.0
2022-12-23 00:00:00+00:00,0.842886604017,891725.0,275188.0,232050357.99056575,,275188.0
2022-12-24 00:00:00+00:00,0.84590101132,758680.0,215536.0,156458196.4740352,,215536.0
2022-12-25 00:00:00+00:00,0.845706555551,731599.0,196741.0,247871973.2505712,,196741.0
2022-12-26 00:00:00+00:00,0.848591013908,787672.0,227132.0,226776484.54959163,,227132.0
2022-12-27 00:00:00+00:00,0.8399359586,867369.0,241695.0,202165083.59657395,,241695.0
2022-12-28 00:00:00+00:00,0.83299277844,904203.0,269982.0,295336819.03058743,,269982.0
2022-12-29 00:00:00+00:00,0.838526883526,945186.0,266982.0,247871973.2505712,,266982.0
2022-12-30 00:00:00+00:00,0.836965256607,1050756.0,286348.0,277757245.1131045,,286348.0
2022-12-31 00:00:00+00:00,0.835246001939,839910.0,243946.0,274241330.3296079,,243946.0
2023-01-01 00:00:00+00:00,0.839542831106,719716.0,189355.0,272483374.2035889,,189355.0
2023-01-02 00:00:00+00:00,0.843780085391,842261.0,228547.0,274241330.3296079,,228547.0
2023-01-03 00:00:00+00:00,0.843211245785,985169.0,273459.0,261567697.33085105,,273459.0
2023-01-04 00:00:00+00:00,0.852695347503,922281.0,279254.0,242356483.09554735,,279254.0
2023-01-05 00:00:00+00:00,0.851818124476,922508.0,274976.0,266083690.58224788,,274976.0
2023-01-06 00:00:00+00:00,0.858998530318,932794.0,273358.0,305064103.230472,,273358.0
2023-01-07 00:00:00+00:00,0.858446501208,809225.0,250336.0,260999287.23473144,,250336.0
2023-01-08 00:00:00+00:00,0.864443193289,755503.0,229074.0,259304487.7459012,,229074.0
2023-01-09 00:00:00+00:00,0.870777665108,981056.0,286289.0,257609688.25707096,,286289.0
2023-01-10 00:00:00+00:00,0.883951640903,1146540.0,306036.0,286421296.6507751,,306036.0
2023-01-11 00:00:00+00:00,0.904886150128,944957.0,288569.0,249135683.4913812,,288569.0
2023-01-12 00:00:00+00:00,0.956915395927,1034292.0,310585.0,255914886.32772788,,310585.0
2023-01-13 00:00:00+00:00,1.006737285894,1072059.0,320370.0,269473292.0004212,,320370.0
2023-01-14 00:00:00+00:00,1.063923229924,965948.0,303624.0,289810898.0689484,,303624.0
2023-01-15 00:00:00+00:00,1.056945343653,807742.0,255156.0,281119760.7470869,,255156.0
2023-01-16 00:00:00+00:00,1.071886746547,966312.0,303811.0,274688842.3501408,,303811.0
2023-01-17 00:00:00+00:00,1.071274656024,988775.0,309004.0,291506526.6305745,,309004.0
2023-01-18 00:00:00+00:00,1.047738862359,942079.0,294539.0,261608421.54211783,,294539.0
2023-01-19 00:00:00+00:00,1.066296173366,926693.0,298607.0,270951578.87773,,298607.0
2023-01-20 00:00:00+00:00,1.145445917644,933005.0,303214.0,246659370.34330428,,303214.0
2023-01-21 00:00:00+00:00,1.152147571819,906764.0,286001.0,257871158.06970707,,286001.0
2023-01-22 00:00:00+00:00,1.147415859687,863236.0,249747.0,282163369.29496235,,249747.0
2023-01-23 00:00:00+00:00,1.157946337765,933346.0,296833.0,295243790.10298526,,296833.0
2023-01-24 00:00:00+00:00,1.14168583391,908199.0,288416.0,241053473.78927335,,288416.0
2023-01-25 00:00:00+00:00,1.166238508234,912032.0,306272.0,327010528.27306205,,306272.0
2023-01-26 00:00:00+00:00,1.161820741319,892287.0,297461.0,289637896.2397839,,297461.0
2023-01-27 00:00:00+00:00,1.165635900125,929064.0,305372.0,287769263.1581638,,305372.0
2023-01-28 00:00:00+00:00,1.162375118008,857014.0,268374.0,313930107.46503913,,268374.0
2023-01-29 00:00:00+00:00,1.200618353218,829895.0,258804.0,311438925.8972278,,258804.0
2023-01-30 00:00:00+00:00,1.15137768201,957363.0,311188.0,269948141.5759668,,311188.0
2023-01-31 00:00:00+00:00,1.167609671158,944348.0,312359.0,224956785.116114,,312359.0
2023-02-01 00:00:00+00:00,1.196241930423,1050528.0,343824.0,267991996.86764717,,343824.0
2023-02-02 00:00:00+00:00,1.184795889398,983946.0,335421.0,283641162.98475456,,335421.0
2023-02-03 00:00:00+00:00,1.181415746292,988867.0,317695.0,260167412.40066835,,317695.0
2023-02-04 00:00:00+00:00,1.176437733184,961115.0,302062.0,266035849.34247735,,302062.0
2023-02-05 00:00:00+00:00,1.156408398602,802171.0,256347.0,297334187.21039253,,256347.0
2023-02-06 00:00:00+00:00,1.145679319019,920525.0,304492.0,289509602.74341375,,304492.0
2023-02-07 00:00:00+00:00,1.171652534251,944049.0,303225.0,277772726.0429455,,303225.0
2023-02-08 00:00:00+00:00,1.154986688723,942153.0,315120.0,269948141.5759668,,315120.0
2023-02-09 00:00:00+00:00,1.099040577212,1056974.0,363668.0,316895645.56098926,,363668.0
2023-02-10 00:00:00+00:00,1.089446116412,923753.0,302716.0,287553455.2182439,,302716.0
2023-02-11 00:00:00+00:00,1.101770368949,896301.0,281958.0,289509602.74341375,,281958.0
2023-02-12 00:00:00+00:00,1.097210551986,861493.0,256348.0,315851203.95835894,,256348.0
2023-02-13 00:00:00+00:00,1.09866674955,957593.0,297879.0,303650130.99469703,,297879.0
2023-02-14 00:00:00+00:00,1.119923157609,913570.0,305330.0,299757180.2739148,,305330.0
2023-02-15 00:00:00+00:00,1.22364317031,993456.0,325059.0,317275457.1159728,,325059.0
2023-02-16 00:00:00+00:00,1.195012046683,1118226.0,341817.0,348419062.8822308,,341817.0
2023-02-17 00:00:00+00:00,1.237767811543,1050009.0,322140.0,321168407.83675504,,322140.0
2023-02-18 00:00:00+00:00,1.239058645614,1046593.0,273988.0,327007835.31939054,,273988.0
2023-02-19 00:00:00+00:00,1.225347760367,928713.0,244509.0,315328983.1570438,,244509.0
2023-02-20 00:00:00+00:00,1.246658143379,908106.0,267205.0,286131854.15263903,,267205.0
2023-02-21 00:00:00+00:00,1.226544841574,1012926.0,293613.0,325061358.55753726,,293613.0
2023-02-22 00:00:00+00:00,1.214898364016,931144.0,277803.0,272506528.0313633,,277803.0
2023-02-23 00:00:00+00:00,1.20196788302,1071298.0,291650.0,332847259.9991018,,291650.0
2023-02-24 00:00:00+00:00,1.165447448567,964247.0,298377.0,262774152.63086984,,298377.0
2023-02-25 00:00:00+00:00,1.164771417267,811239.0,259206.0,228809606.14131212,,259206.0
2023-02-26 00:00:00+00:00,1.183865293006,905055.0,271471.0,359556659.2106422,,271471.0
2023-02-27 00:00:00+00:00,1.181751158136,982682.0,296912.0,299630547.8012448,,296912.0
2023-02-28 00:00:00+00:00,1.165088210397,983627.0,335341.0,293209894.21813273,,335341.0
2023-03-01 00:00:00+00:00,1.188892073095,1076257.0,377754.0,363837095.9600217,,377754.0
2023-03-02 00:00:00+00:00,1.181929202448,939444.0,330024.0,308191421.3000036,,330024.0
2023-03-03 00:00:00+00:00,1.126016843463,1086253.0,355066.0,359556659.2106422,,355066.0
2023-03-04 00:00:00+00:00,1.125231451633,905589.0,306924.0,325313168.2975212,,306924.0
2023-03-05 00:00:00+00:00,1.130220819242,995537.0,287178.0,331733821.8806332,,287178.0
2023-03-06 00:00:00+00:00,1.130223291427,931807.0,318245.0,282508803.88564134,,318245.0
2023-03-07 00:00:00+00:00,1.122035533533,1063023.0,360867.0,353136002.54561603,,360867.0
2023-03-08 00:00:00+00:00,1.098460296734,885079.0,290018.0,284649020.71937394,,290018.0
2023-03-09 00:00:00+00:00,1.031092147146,929904.0,339133.0,288929457.46875334,,339133.0
2023-03-10 00:00:00+00:00,1.026171253096,979055.0,322995.0,291688415.56457573,,322995.0
2023-03-11 00:00:00+00:00,1.043781214381,982511.0,323403.0,357219694.8827461,,323403.0
2023-03-12 00:00:00+00:00,1.118453254664,886609.0,263955.0,348559825.89122087,,263955.0
2023-03-13 00:00:00+00:00,1.222477139001,999918.0,335201.0,339899953.782142,,335201.0
2023-03-14 00:00:00+00:00,1.252017069531,1024780.0,327923.0,316085307.0409517,,327923.0
2023-03-15 00:00:00+00:00,1.233259096934,1006730.0,343857.0,318250273.5094446,,343857.0
2023-03-16 00:00:00+00:00,1.264318230866,879957.0,295146.0,290105693.8312686,,295146.0
2023-03-17 00:00:00+00:00,1.381709504388,1085422.0,339244.0,318250273.5094446,,339244.0
2023-03-18 00:00:00+00:00,1.357927080335,955447.0,293458.0,350724792.35971373,,293458.0
2023-03-19 00:00:00+00:00,1.41718434858,845573.0,271293.0,320415243.0954912,,271293.0
2023-03-20 00:00:00+00:00,1.398348824456,1014355.0,337263.0,333405048.1415559,,337263.0
2023-03-21 00:00:00+00:00,1.413889214116,990544.0,331907.0,313920337.4549051,,331907.0
2023-03-22 00:00:00+00:00,1.371700451034,940276.0,296448.0,344229889.8366814,,296448.0
2023-03-23 00:00:00+00:00,1.421886913625,902932.0,292159.0,398970829.72571325,,292159.0
2023-03-24 00:00:00+00:00,1.375231386162,893101.0,294570.0,377232885.4931153,,294570.0
2023-03-25 00:00:00+00:00,1.376280144651,898042.0,287422.0,337646717.00662136,,287422.0
2023-03-26 00:00:00+00:00,1.403671575252,851151.0,266890.0,335318120.43832463,,266890.0
2023-03-27 00:00:00+00:00,1.357098415255,1057595.0,295339.0,344632513.417874,,295339.0
2023-03-28 00:00:00+00:00,1.363066939643,982699.0,317587.0,312032141.34263265,,317587.0
2023-03-29 00:00:00+00:00,1.417071461284,977852.0,328588.0,342303913.49639606,,328588.0
2023-03-30 00:00:00+00:00,1.420441511641,1021839.0,331354.0,360932699.4554946,,331354.0
2023-03-31 00:00:00+00:00,1.443820674085,1043754.0,308895.0,328332327.38025326,,308895.0
2023-04-01 00:00:00+00:00,1.442211549223,1038858.0,316521.0,326003727.45877534,,316521.0
2023-04-02 00:00:00+00:00,1.425206305097,1012005.0,342161.0,346961109.9861707,,342161.0
2023-04-03 00:00:00+00:00,1.409099995135,985157.0,336905.0,305046344.9313801,,336905.0
2023-04-04 00:00:00+00:00,1.4219430768,1108155.0,419443.0,377232885.4931153,,419443.0
2023-04-05 00:00:00+00:00,1.424960408187,964688.0,345029.0,323675130.8904786,,345029.0
2023-04-06 00:00:00+00:00,1.41726242259,1022873.0,352346.0,375586794.88083017,,352346.0
2023-04-07 00:00:00+00:00,1.411891341659,956362.0,351639.0,338032941.7856073,,351639.0
2023-04-08 00:00:00+00:00,1.413111240664,885739.0,325340.0,349935509.4099869,,325340.0
2023-04-09 00:00:00+00:00,1.432780320048,936112.0,277152.0,347554997.25628686,,277152.0
2023-04-10 00:00:00+00:00,1.498410626119,947327.0,292988.0,292803183.44178885,,292988.0
2023-04-11 00:00:00+00:00,1.524007596955,1146146.0,375758.0,366599104.7697063,,375758.0
2023-04-12 00:00:00+00:00,1.506773205338,1056542.0,344791.0,380882187.97572565,,344791.0
2023-04-13 00:00:00+00:00,1.528589539867,1009669.0,326572.0,338032941.7856073,,326572.0
2023-04-14 00:00:00+00:00,1.531450017782,1016042.0,316304.0,333271914.0502675,,316304.0
2023-04-15 00:00:00+00:00,1.525286478334,1045660.0,275326.0,376121160.24038595,,275326.0
2023-04-16 00:00:00+00:00,1.523487449103,840992.0,235578.0,295183695.5954889,,235578.0
2023-04-17 00:00:00+00:00,1.481199761253,984242.0,316549.0,368979620.3513461,,316549.0
2023-04-18 00:00:00+00:00,1.524898878521,1149264.0,313000.0,395165271.18174505,,313000.0
2023-04-19 00:00:00+00:00,1.445557031038,985732.0,298359.0,330891401.89656746,,298359.0
2023-04-20 00:00:00+00:00,1.418296444501,951443.0,297440.0,319518832.834664,,297440.0
2023-04-21 00:00:00+00:00,1.370138666353,1015546.0,352999.0,351118489.414672,,352999.0
2023-04-22 00:00:00+00:00,1.396814023725,914896.0,356615.0,360804517.52650416,,356615.0
2023-04-23 00:00:00+00:00,1.385375480736,840711.0,434101.0,355961503.4705881,,434101.0
2023-04-24 00:00:00+00:00,1.381178300296,998948.0,358615.0,341432464.7898097,,358615.0
2023-04-25 00:00:00+00:00,1.420027669157,895988.0,373152.0,302688355.8294509,,373152.0
2023-04-26 00:00:00+00:00,1.423548393886,893248.0,433927.0,314795889.2257562,,433927.0
2023-04-27 00:00:00+00:00,1.477024680925,892914.0,419005.0,314795889.2257562,,419005.0
2023-04-28 00:00:00+00:00,1.470212541775,957827.0,484327.0,355961503.4705881,,484327.0
2023-04-29 00:00:00+00:00,1.463534273428,803633.0,487346.0,331746436.67797756,,487346.0
2023-04-30 00:00:00+00:00,1.470402257877,767567.0,561448.0,358383012.24203104,,561448.0
2023-05-01 00:00:00+00:00,1.408272273073,929691.0,685711.0,440714244.2186647,,685711.0
2023-05-02 00:00:00+00:00,1.436592482997,820724.0,460621.0,312374380.4543132,,460621.0
2023-05-03 00:00:00+00:00,1.45181633614,953701.0,488518.0,341432464.7898097,,488518.0
2023-05-04 00:00:00+00:00,1.442232154866,914598.0,490738.0,351712781.63476974,,490738.0
2023-05-05 00:00:00+00:00,1.476466635695,822037.0,411057.0,283977798.860469,,411057.0
2023-05-06 00:00:00+00:00,1.443843173393,764917.0,603617.0,355568839.3482855,,603617.0
2023-05-07 00:00:00+00:00,1.429877064919,549932.0,614264.0,331705160.33113664,,614264.0
2023-05-08 00:00:00+00:00,1.378067479397,696710.0,573864.0,326932423.8404329,,573864.0
2023-05-09 00:00:00+00:00,1.374090435543,772112.0,592036.0,360341575.83898926,,592036.0
2023-05-10 00:00:00+00:00,1.374436923429,891517.0,672910.0,405682570.78249,,672910.0
2023-05-11 00:00:00+00:00,1.341912915639,831417.0,544837.0,360341575.83898926,,544837.0
2023-05-12 00:00:00+00:00,1.331264514159,809188.0,508450.0,336477896.82184047,,508450.0
2023-05-13 00:00:00+00:00,1.334669775407,705679.0,581550.0,346023366.366878,,581550.0
2023-05-14 00:00:00+00:00,1.338338944895,835319.0,626942.0,415228040.3275275,,626942.0
2023-05-15 00:00:00+00:00,1.352469393563,817441.0,526691.0,350796102.85758173,,526691.0
2023-05-16 00:00:00+00:00,1.341803499909,814467.0,564700.0,365114312.329693,,564700.0
2023-05-17 00:00:00+00:00,1.360182926857,841652.0,579967.0,381818888.3289712,,579967.0
2023-05-18 00:00:00+00:00,1.332798511609,814709.0,478050.0,345151895.57295674,,478050.0
2023-05-19 00:00:00+00:00,1.335285312277,904374.0,513521.0,369469366.94369566,,513521.0
2023-05-20 00:00:00+00:00,1.345668504663,719434.0,423450.0,322669911.9767492,,423450.0
2023-05-21 00:00:00+00:00,1.329584607553,775828.0,487763.0,371932494.472369,,487763.0
2023-05-22 00:00:00+00:00,1.331796174941,817592.0,506455.0,354690591.130938,,506455.0
2023-05-23 00:00:00+00:00,1.349756710174,859507.0,514901.0,379321880.60529494,,514901.0
2023-05-24 00:00:00+00:00,1.306148991112,859470.0,398061.0,347301204.99801207,,398061.0
2023-05-25 00:00:00+00:00,1.312302574122,923963.0,466257.0,371932494.472369,,466257.0
2023-05-26 00:00:00+00:00,1.323951129649,963216.0,533103.0,376858753.0766216,,533103.0
2023-05-27 00:00:00+00:00,1.330559181986,877266.0,469559.0,357153718.65961134,,469559.0
2023-05-28 00:00:00+00:00,1.391560954233,863880.0,499561.0,394100656.4180526,,499561.0
2023-05-29 00:00:00+00:00,1.374801000798,912071.0,548854.0,399026915.0223052,,548854.0
2023-05-30 00:00:00+00:00,1.371662586882,959148.0,511408.0,379321880.60529494,,511408.0
2023-05-31 00:00:00+00:00,1.347122513076,925966.0,421021.0,350148490.60783935,,421021.0
2023-06-01 00:00:00+00:00,1.32755818548,919298.0,351891.0,336187210.7165766,,351891.0
2023-06-02 00:00:00+00:00,1.348499664123,982760.0,485798.0,417687139.4758991,,485798.0
2023-06-03 00:00:00+00:00,1.339845350422,873884.0,380045.0,331093464.71068186,,380045.0
2023-06-04 00:00:00+00:00,1.343716524322,879948.0,357474.0,376937175.09623784,,357474.0
2023-06-05 00:00:00+00:00,1.276417765634,884289.0,363110.0,351468445.06676406,,363110.0
2023-06-06 00:00:00+00:00,1.3462357416,1032895.0,468063.0,384577792.2713316,,468063.0
2023-06-07 00:00:00+00:00,1.303228127244,1004588.0,429649.0,343827827.89167035,,429649.0
2023-06-08 00:00:00+00:00,1.312170481703,964762.0,403263.0,392218409.44642526,,403263.0
2023-06-09 00:00:00+00:00,1.309627647538,1020140.0,387748.0,430421502.6568876,,387748.0
2023-06-10 00:00:00+00:00,1.279906228962,943047.0,364874.0,392218409.44642526,,364874.0
2023-06-11 00:00:00+00:00,1.282204028842,872589.0,401105.0,415140264.63920337,,401105.0
2023-06-12 00:00:00+00:00,1.282415132209,985947.0,371500.0,399859030.2890158,,371500.0
2023-06-13 00:00:00+00:00,1.281288526881,933842.0,405497.0,374390300.2595421,,405497.0
2023-06-14 00:00:00+00:00,1.242758133707,828183.0,333934.0,312665624.1002991,,333934.0
2023-06-15 00:00:00+00:00,1.265794710232,919869.0,421465.0,385148460.99591213,,421465.0
2023-06-16 00:00:00+00:00,1.303742036635,958674.0,521861.0,398160232.46596813,,521861.0
2023-06-17 00:00:00+00:00,1.312806147734,863600.0,468094.0,364329623.64591026,,468094.0
2023-06-18 00:00:00+00:00,1.304485514887,883864.0,442763.0,392955523.1284677,,442763.0
2023-06-19 00:00:00+00:00,1.326002267293,920552.0,412858.0,369534332.9834107,,412858.0
2023-06-20 00:00:00+00:00,1.401058308786,951926.0,446312.0,353920204.9709093,,446312.0
2023-06-21 00:00:00+00:00,1.487688159529,920555.0,363604.0,314884890.5607413,,363604.0
2023-06-22 00:00:00+00:00,1.479224774259,1000988.0,390860.0,356522561.5133547,,390860.0
2023-06-23 00:00:00+00:00,1.511461032551,948738.0,373178.0,325294309.2357422,,373178.0
2023-06-24 00:00:00+00:00,1.506266238891,1011110.0,360123.0,379943751.6584117,,360123.0
2023-06-25 00:00:00+00:00,1.501725462895,944147.0,384437.0,398160232.46596813,,384437.0
2023-06-26 00:00:00+00:00,1.490477217783,998904.0,405162.0,379943751.6584117,,405162.0
2023-06-27 00:00:00+00:00,1.508993136561,978594.0,433747.0,364329623.64591026,,433747.0
2023-06-28 00:00:00+00:00,1.480047953676,826245.0,331234.0,280122385.0259662,,331234.0
2023-06-29 00:00:00+00:00,1.4974352167,970467.0,435226.0,367574940.7040657,,435226.0
2023-06-30 00:00:00+00:00,1.497404119431,1067040.0,446825.0,397786578.4244694,,446825.0
2023-07-01 00:00:00+00:00,1.500071404388,918349.0,320180.0,334845664.3921468,,320180.0
2023-07-02 00:00:00+00:00,1.500295120753,997177.0,307552.0,430515854.7363883,,307552.0
2023-07-03 00:00:00+00:00,1.525922363387,977874.0,333178.0,344916211.5074136,,333178.0
2023-07-04 00:00:00+00:00,1.509148391226,963366.0,377184.0,354986758.6226805,,377184.0
2023-07-05 00:00:00+00:00,1.494037535141,964759.0,494320.0,392751304.8668361,,494320.0
2023-07-06 00:00:00+00:00,1.470491737414,973154.0,393611.0,349951485.065047,,393611.0
2023-07-07 00:00:00+00:00,1.487208780434,1021136.0,558253.0,440586401.8516551,,558253.0
2023-07-08 00:00:00+00:00,1.483788128844,1009931.0,574664.0,448139310.37540686,,574664.0
2023-07-09 00:00:00+00:00,1.478660537861,978223.0,593770.0,425480581.17875487,,593770.0
2023-07-10 00:00:00+00:00,1.489525354536,925790.0,508406.0,387716031.3092026,,508406.0
2023-07-11 00:00:00+00:00,1.499536522954,937945.0,430012.0,339880937.9497802,,430012.0
2023-07-12 00:00:00+00:00,1.487755265888,942309.0,477324.0,383801277.4233714,,477324.0
2023-07-13 00:00:00+00:00,1.538500113181,874515.0,373263.0,321592672.2254732,,373263.0
2023-07-14 00:00:00+00:00,1.483457241083,996373.0,421261.0,369831573.2522498,,421261.0
2023-07-15 00:00:00+00:00,1.482403144167,914738.0,489697.0,369831573.2522498,,489697.0
2023-07-16 00:00:00+00:00,1.480253300626,927843.0,591972.0,415390537.04825526,,591972.0
2023-07-17 00:00:00+00:00,1.475399676867,931087.0,440009.0,364471694.9315955,,440009.0
2023-07-18 00:00:00+00:00,1.45985580542,1028951.0,569852.0,434150109.24098927,,569852.0
2023-07-19 00:00:00+00:00,1.463037215762,969285.0,482668.0,396630964.85552126,,482668.0
2023-07-20 00:00:00+00:00,1.457534391178,901211.0,398519.0,343032185.5080904,,398519.0
2023-07-21 00:00:00+00:00,1.463442609814,855163.0,322339.0,300153162.8019681,,322339.0
2023-07-22 00:00:00+00:00,1.453936935337,923147.0,288229.0,359111820.47005326,,288229.0
2023-07-23 00:00:00+00:00,1.470319604139,894084.0,560423.0,393951023.76563805,,560423.0
2023-07-24 00:00:00+00:00,1.427138509577,938461.0,530301.0,401990843.1761756,,530301.0
2023-07-25 00:00:00+00:00,1.42923855151,940528.0,463976.0,369831573.2522498,,463976.0
2023-07-26 00:00:00+00:00,1.436080716187,1015337.0,451236.0,380796719.35454816,,451236.0
2023-07-27 00:00:00+00:00,1.429632064392,943734.0,413776.0,358973120.0187306,,413776.0
2023-07-28 00:00:00+00:00,1.440164978549,948590.0,448372.0,364175629.4388057,,448372.0
2023-07-29 00:00:00+00:00,1.442211649973,889450.0,423912.0,343365595.50431174,,423912.0
2023-07-30 00:00:00+00:00,1.437384415792,1010937.0,645339.0,437010757.5740507,,645339.0
2023-07-31 00:00:00+00:00,1.435482408871,922082.0,446746.0,366776886.02174646,,446746.0
2023-08-01 00:00:00+00:00,1.449024030947,983005.0,405391.0,361574376.60167134,,405391.0
2023-08-02 00:00:00+00:00,1.432048628755,1069904.0,393762.0,400593191.63352495,,393762.0
2023-08-03 00:00:00+00:00,1.434367776395,1030326.0,476666.0,392789429.37631553,,476666.0
2023-08-04 00:00:00+00:00,1.427652983063,912508.0,318338.0,314751795.5668019,,318338.0
2023-08-05 00:00:00+00:00,1.427408392655,992041.0,499440.0,400593191.63352495,,499440.0
2023-08-06 00:00:00+00:00,1.427044043698,973822.0,611086.0,426605738.7339005,,611086.0
2023-08-07 00:00:00+00:00,1.432710437146,952272.0,423178.0,379783157.69903105,,423178.0
2023-08-08 00:00:00+00:00,1.46267267691,874562.0,332667.0,325156814.40695214,,332667.0
2023-08-09 00:00:00+00:00,1.452750656477,1057273.0,508817.0,421665740.3548995,,508817.0
2023-08-10 00:00:00+00:00,1.445222004734,947623.0,355773.0,330756211.7722732,,355773.0
2023-08-11 00:00:00+00:00,1.443460117805,954168.0,502936.0,393261324.2234606,,502936.0
2023-08-12 00:00:00+00:00,1.444002195989,926800.0,512116.0,434931397.9408168,,512116.0
2023-08-13 00:00:00+00:00,1.437480909277,860881.0,497535.0,351591250.5061046,,497535.0
2023-08-14 00:00:00+00:00,1.443311936754,1007719.0,563322.0,445348917.30773246,,563322.0
2023-08-15 00:00:00+00:00,1.43140313407,1073564.0,581895.0,445348917.30773246,,581895.0
2023-08-16 00:00:00+00:00,1.411251226179,947796.0,574119.0,424513878.57390106,,574119.0
2023-08-17 00:00:00+00:00,1.309597789983,1050502.0,492845.0,406283221.55695194,,492845.0
2023-08-18 00:00:00+00:00,1.279955274829,1016460.0,424283.0,362008769.87302023,,424283.0
2023-08-19 00:00:00+00:00,1.282875825078,878361.0,521811.0,364613147.83959585,,521811.0
2023-08-20 00:00:00+00:00,1.287026193244,929724.0,611930.0,421909500.60732543,,611930.0
2023-08-21 00:00:00+00:00,1.285209423972,1002377.0,551541.0,429722638.2573589,,551541.0
2023-08-22 00:00:00+00:00,1.278234400958,922178.0,422819.0,381739775.69656736,,422819.0
2023-08-23 00:00:00+00:00,1.301640510691,937656.0,409372.0,392623891.4787874,,409372.0
2023-08-24 00:00:00+00:00,1.286264498958,946410.0,401881.0,384329021.8498855,,401881.0
2023-08-25 00:00:00+00:00,1.282530939849,922155.0,425953.0,373269193.0236576,,425953.0
2023-08-26 00:00:00+00:00,1.280910484603,917123.0,499325.0,378799107.4367715,,499325.0
2023-08-27 00:00:00+00:00,1.284719699038,808508.0,411227.0,320735012.0713819,,411227.0
2023-08-28 00:00:00+00:00,1.285785965076,873786.0,326485.0,326264922.5029578,,326485.0
2023-08-29 00:00:00+00:00,1.3631929159,1060996.0,509039.0,436863202.8021611,,509039.0
2023-08-30 00:00:00+00:00,1.344866297954,877649.0,406652.0,348384580.15541375,,406652.0
2023-08-31 00:00:00+00:00,1.279294333561,968985.0,433684.0,398153805.89190143,,433684.0
2023-09-01 00:00:00+00:00,1.272142442172,1051172.0,418665.0,417508504.3470313,,418665.0
2023-09-02 00:00:00+00:00,1.275429178013,955720.0,545957.0,420273463.5443573,,545957.0
2023-09-03 00:00:00+00:00,1.280178738226,864433.0,627700.0,436863202.8021611,,627700.0
2023-09-04 00:00:00+00:00,1.272295663234,920027.0,575666.0,411978589.9339173,,575666.0
2023-09-05 00:00:00+00:00,1.271797475869,940913.0,453308.0,342854665.74229974,,453308.0
2023-09-06 00:00:00+00:00,1.270666304167,1001123.0,485735.0,364053703.2546238,,485735.0
2023-09-07 00:00:00+00:00,1.293153415402,1003310.0,541513.0,393005454.3704645,,541513.0
2023-09-08 00:00:00+00:00,1.278230950625,986937.0,408954.0,358011817.1993768,,408954.0
2023-09-09 00:00:00+00:00,1.277871761676,1116330.0,599142.0,406464544.397431,,599142.0
2023-09-10 00:00:00+00:00,1.274805713565,1049360.0,557602.0,395697270.82537055,,557602.0
2023-09-11 00:00:00+00:00,1.240998802155,1120614.0,463598.0,427999091.5415522,,463598.0
2023-09-12 00:00:00+00:00,1.276849786407,1042537.0,461193.0,379546364.34349793,,461193.0
2023-09-13 00:00:00+00:00,1.294929881704,1049105.0,513232.0,395697270.82537055,,513232.0
2023-09-14 00:00:00+00:00,1.31072461763,1131002.0,574875.0,436074544.78248847,,574875.0
2023-09-15 00:00:00+00:00,1.316247721823,1234300.0,708663.0,506061819.12466383,,708663.0
2023-09-16 00:00:00+00:00,1.31045230781,1053706.0,591563.0,417231817.9694916,,591563.0
2023-09-17 00:00:00+00:00,1.30778359727,1039207.0,616879.0,401080907.6114008,,616879.0
2023-09-18 00:00:00+00:00,1.320321096515,1125172.0,625728.0,419923634.4243977,,625728.0
2023-09-19 00:00:00+00:00,1.341491282124,1035954.0,491377.0,386415687.751435,,491377.0
2023-09-20 00:00:00+00:00,1.337531751739,1062056.0,561350.0,414558854.2037332,,561350.0
2023-09-21 00:00:00+00:00,1.310046276386,1078476.0,427398.0,391843298.7563836,,427398.0
2023-09-22 00:00:00+00:00,1.310529519075,978848.0,433758.0,366288300.9225151,,433758.0
2023-09-23 00:00:00+00:00,1.310250960634,1090192.0,639336.0,442953294.42412055,,639336.0
2023-09-24 00:00:00+00:00,1.296058458113,1061159.0,428059.0,414558854.2037332,,428059.0
2023-09-25 00:00:00+00:00,1.296187807462,1104115.0,294377.0,411719407.7284147,,294377.0
2023-09-26 00:00:00+00:00,1.291644411828,1027673.0,305251.0,386164409.89454615,,305251.0
2023-09-27 00:00:00+00:00,1.298711354638,1072094.0,341149.0,445792740.8994391,,341149.0
2023-09-28 00:00:00+00:00,1.332826815107,1045920.0,376671.0,414558854.2037332,,376671.0
2023-09-29 00:00:00+00:00,1.326653306014,1050872.0,323661.0,417398296.5902521,,323661.0
2023-09-30 00:00:00+00:00,1.329742814001,1019753.0,280334.0,391843298.7563836,,280334.0
2023-10-01 00:00:00+00:00,1.377331393995,921731.0,320190.0,400361634.09353954,,320190.0
2023-10-02 00:00:00+00:00,1.35843524556,1027085.0,340200.0,445792740.8994391,,340200.0
2023-10-03 00:00:00+00:00,1.351957092666,1077556.0,309334.0,466801496.99817747,,309334.0
2023-10-04 00:00:00+00:00,1.369035570095,904067.0,293693.0,373280258.5727724,,293693.0
2023-10-05 00:00:00+00:00,1.350981968888,946720.0,321037.0,401774937.14888096,,321037.0
2023-10-06 00:00:00+00:00,1.37581058469,915218.0,293272.0,455914820.2886373,,293272.0
2023-10-07 00:00:00+00:00,1.376921632645,853582.0,242646.0,487258964.67074,,242646.0
2023-10-08 00:00:00+00:00,1.375035048808,786381.0,243277.0,421721210.10054034,,243277.0
2023-10-09 00:00:00+00:00,1.357643501831,942188.0,280007.0,444516948.8581938,,280007.0
2023-10-10 00:00:00+00:00,1.349224905545,903210.0,283755.0,461613756.003859,,283755.0
2023-10-11 00:00:00+00:00,1.320267435058,867301.0,265623.0,455914820.2886373,,265623.0
2023-10-12 00:00:00+00:00,1.316151935393,911879.0,272350.0,470162157.5250749,,272350.0
2023-10-13 00:00:00+00:00,1.321220609655,917035.0,278419.0,393226531.5244317,,278419.0
2023-10-14 00:00:00+00:00,1.321559699731,806946.0,258882.0,416022274.3853186,,258882.0
2023-10-15 00:00:00+00:00,1.334644980263,795940.0,258142.0,475861093.24029666,,258142.0
2023-10-16 00:00:00+00:00,1.401484702482,1018543.0,298000.0,417078811.47604144,,298000.0
2023-10-17 00:00:00+00:00,1.397569787083,917408.0,294069.0,491483968.44434166,,294069.0
2023-10-18 00:00:00+00:00,1.392147247637,932487.0,275052.0,439908488.33259135,,275052.0
2023-10-19 00:00:00+00:00,1.410163206398,918882.0,282274.0,424739231.01810473,,282274.0
2023-10-20 00:00:00+00:00,1.458847579295,952627.0,293330.0,406536123.98821926,,293330.0
2023-10-21 00:00:00+00:00,1.469157536053,871252.0,268430.0,455077750.0158244,,268430.0
2023-10-22 00:00:00+00:00,1.471860430263,795000.0,247456.0,464179303.53076714,,247456.0
2023-10-23 00:00:00+00:00,1.613500605985,1071672.0,312741.0,476314711.12985504,,312741.0
2023-10-24 00:00:00+00:00,1.654397557736,1021188.0,372695.0,382265308.79004353,,372695.0
2023-10-25 00:00:00+00:00,1.681601781377,1090466.0,477890.0,436874638.61719257,,477890.0
2023-10-26 00:00:00+00:00,1.663662918099,1099370.0,429794.0,455077750.0158244,,429794.0
2023-10-27 00:00:00+00:00,1.648793504518,1052994.0,456280.0,467213153.24616593,,456280.0
2023-10-28 00:00:00+00:00,1.65738945553,1018571.0,564578.0,485416264.64479774,,564578.0
2023-10-29 00:00:00+00:00,1.679987904494,909920.0,403706.0,415637677.503162,,403706.0
2023-10-30 00:00:00+00:00,1.674700476949,1097494.0,461480.0,482896145.81756824,,461480.0
2023-10-31 00:00:00+00:00,1.679986208289,1044499.0,437895.0,481286783.3729944,,437895.0
2023-11-01 00:00:00+00:00,1.715331297044,1053031.0,461955.0,462656325.7712218,,461955.0
2023-11-02 00:00:00+00:00,1.687432786238,1062991.0,410238.0,447130946.6720661,,410238.0
2023-11-03 00:00:00+00:00,1.677473281454,990903.0,450384.0,422290336.5363694,,450384.0
2023-11-04 00:00:00+00:00,1.695198047921,1118816.0,704138.0,521652772.607847,,704138.0
2023-11-05 00:00:00+00:00,1.69531363252,1144443.0,666535.0,506127389.03738177,,666535.0
2023-11-06 00:00:00+00:00,1.690062847822,993108.0,439013.0,394344652.3693652,,439013.0
2023-11-07 00:00:00+00:00,1.707693280842,961106.0,449873.0,412975109.97113776,,449873.0
2023-11-08 00:00:00+00:00,1.724477503,1004807.0,585167.0,462656325.7712218,,585167.0
2023-11-09 00:00:00+00:00,1.762200964364,989778.0,571031.0,444025872.6407587,,571031.0
2023-11-10 00:00:00+00:00,1.792853668717,1127201.0,526138.0,478181704.8703776,,526138.0
2023-11-11 00:00:00+00:00,1.773581111946,1073475.0,628048.0,496812162.47215015,,628048.0
2023-11-12 00:00:00+00:00,1.776498366314,1008655.0,706503.0,506634196.247056,,706503.0
2023-11-13 00:00:00+00:00,1.751221714879,963722.0,418873.0,389037995.7448952,,418873.0
2023-11-14 00:00:00+00:00,1.705402061503,957065.0,525384.0,443696223.8353265,,525384.0
2023-11-15 00:00:00+00:00,1.810152914492,961281.0,569166.0,475848126.79723346,,569166.0
2023-11-16 00:00:00+00:00,1.729237075753,933700.0,628280.0,475848126.79723346,,628280.0
2023-11-17 00:00:00+00:00,1.747806543208,1014052.0,532945.0,482278507.3896148,,532945.0
2023-11-18 00:00:00+00:00,1.74769689693,860889.0,629610.0,479063314.77848727,,629610.0
2023-11-19 00:00:00+00:00,1.78814575059,962703.0,712264.0,546582308.683555,,712264.0
2023-11-20 00:00:00+00:00,1.789732455017,1064908.0,630519.0,533721547.49879223,,630519.0
2023-11-21 00:00:00+00:00,1.717720966087,1007505.0,530112.0,488708887.9819962,,530112.0
2023-11-22 00:00:00+00:00,1.780655097435,979014.0,536770.0,456556985.02008927,,536770.0
2023-11-23 00:00:00+00:00,1.775570834214,970303.0,586979.0,472632934.1861059,,586979.0
2023-11-24 00:00:00+00:00,1.793664605571,1136807.0,624489.0,540151928.0911736,,624489.0
2023-11-25 00:00:00+00:00,1.796938311512,1032695.0,612626.0,511704247.86252016,,612626.0
2023-11-26 00:00:00+00:00,1.781247130023,983533.0,578192.0,493217212.10255015,,578192.0
2023-11-27 00:00:00+00:00,1.768699884325,981736.0,478456.0,439166011.3759895,,478456.0
2023-11-28 00:00:00+00:00,1.795694998493,996007.0,447781.0,496595410.01969415,,447781.0
2023-11-29 00:00:00+00:00,1.794443185541,915309.0,358838.0,459435208.60806966,,358838.0
2023-11-30 00:00:00+00:00,1.787790724759,958958.0,410936.0,452678812.77378166,,410936.0
2023-12-01 00:00:00+00:00,1.831958430263,1131524.0,497410.0,570915812.8429431,,497410.0
2023-12-02 00:00:00+00:00,1.866562636124,860355.0,435763.0,429031407.8953413,,435763.0
2023-12-03 00:00:00+00:00,1.88957149278,919493.0,707186.0,557403011.4451509,,707186.0
2023-12-04 00:00:00+00:00,1.974157660867,1034656.0,567712.0,523621012.8152786,,567712.0
2023-12-05 00:00:00+00:00,2.070210110876,867570.0,513549.0,466191609.30696577,,513549.0
2023-12-06 00:00:00+00:00,2.049004981703,867353.0,469800.0,459435208.60806966,,469800.0
2023-12-07 00:00:00+00:00,2.024192806038,898183.0,368965.0,388493008.5665728,,368965.0
2023-12-08 00:00:00+00:00,2.063554127808,924415.0,411806.0,456057010.69092566,,411806.0
2023-12-09 00:00:00+00:00,2.040603828859,927620.0,593873.0,530377413.51417464,,593873.0
2023-12-10 00:00:00+00:00,2.039126541822,848613.0,528723.0,469156589.98176646,,528723.0
2023-12-11 00:00:00+00:00,1.920421604102,1010741.0,528218.0,528635574.13248897,,528218.0
2023-12-12 00:00:00+00:00,1.928403638971,886419.0,547067.0,481794448.28640914,,547067.0
2023-12-13 00:00:00+00:00,1.994507456072,742559.0,586126.0,498523421.1145884,,586126.0
2023-12-14 00:00:00+00:00,1.997076014934,711343.0,569840.0,488486038.38126975,,569840.0
2023-12-15 00:00:00+00:00,1.945584187067,860116.0,632050.0,545364546.9606683,,632050.0
2023-12-16 00:00:00+00:00,1.954587603816,724669.0,636141.0,508560808.6658516,,636141.0
2023-12-17 00:00:00+00:00,1.918432937883,703993.0,621213.0,501869218.570991,,621213.0
2023-12-18 00:00:00+00:00,1.970997560336,928612.0,641771.0,562093524.6067922,,641771.0
2023-12-19 00:00:00+00:00,1.952266717846,817240.0,662370.0,542018754.3222102,,662370.0
2023-12-20 00:00:00+00:00,2.010355157868,787679.0,580281.0,485140240.9248672,,580281.0
2023-12-21 00:00:00+00:00,2.02055347695,815395.0,589222.0,488486038.38126975,,589222.0
2023-12-22 00:00:00+00:00,2.024349186253,1012121.0,623750.0,562093524.6067922,,623750.0
2023-12-23 00:00:00+00:00,2.012046953684,893092.0,609387.0,561495983.9886068,,609387.0
2023-12-24 00:00:00+00:00,1.978993772604,880971.0,724746.0,612085087.5512701,,724746.0
2023-12-25 00:00:00+00:00,2.002168071468,702609.0,531891.0,497542850.09060687,,531891.0
2023-12-26 00:00:00+00:00,1.947666354666,742922.0,556724.0,497542850.09060687,,556724.0
2023-12-27 00:00:00+00:00,1.98454282113,776011.0,541778.0,461748397.6626491,,541778.0
2023-12-28 00:00:00+00:00,1.948191066046,848615.0,417387.0,433112840.8746837,,417387.0
2023-12-29 00:00:00+00:00,1.915289168243,910761.0,579710.0,540496187.8497554,,579710.0
2023-12-30 00:00:00+00:00,1.923525954915,787521.0,540497.0,519019516.3929808,,540497.0
2023-12-31 00:00:00+00:00,1.923147103068,791644.0,724837.0,558393411.4865339,,724837.0
2024-01-01 00:00:00+00:00,2.005011405976,827239.0,655722.0,554813968.8209385,,655722.0
2024-01-02 00:00:00+00:00,2.041843744783,867688.0,364237.0,468907288.14824075,,364237.0
2024-01-03 00:00:00+00:00,1.941607815328,940343.0,502203.0,565552301.9721254,,502203.0
2024-01-04 00:00:00+00:00,1.991280476371,1010934.0,482718.0,608505644.8856747,,482718.0
2024-01-05 00:00:00+00:00,1.983754393826,813324.0,416347.0,493963402.27061075,,416347.0
2024-01-06 00:00:00+00:00,1.972626827535,808917.0,389306.0,509355148.231043,,389306.0
2024-01-07 00:00:00+00:00,1.968589392178,713381.0,348435.0,429363545.3243671,,348435.0
2024-01-08 00:00:00+00:00,2.105199604079,756849.0,409400.0,447556920.0629499,,409400.0
2024-01-09 00:00:00+00:00,2.061111820714,902934.0,470829.0,553078470.4920906,,470829.0
2024-01-10 00:00:00+00:00,2.090437479903,839431.0,384427.0,483943659.0607339,,384427.0
2024-01-11 00:00:00+00:00,2.06755309096,960999.0,450822.0,629490625.5312515,,450822.0
2024-01-12 00:00:00+00:00,1.910157143573,987727.0,367870.0,611297256.0323595,,367870.0
2024-01-13 00:00:00+00:00,1.911017344621,845713.0,667027.0,578549188.8384776,,667027.0
2024-01-14 00:00:00+00:00,1.868072683047,722721.0,591106.0,465750289.5618419,,591106.0
2024-01-15 00:00:00+00:00,1.895817002527,786699.0,401054.0,414808852.869068,,401054.0
2024-01-16 00:00:00+00:00,1.915131498731,782242.0,469892.0,454834268.91044486,,469892.0
2024-01-17 00:00:00+00:00,1.892920670298,809220.0,455050.0,440279571.21545494,,455050.0
2024-01-18 00:00:00+00:00,1.826405496575,897358.0,480795.0,516691726.25461584,,480795.0
2024-01-19 00:00:00+00:00,1.840326498572,806018.0,461325.0,480304987.2568318,,461325.0
2024-01-20 00:00:00+00:00,1.842828285649,817313.0,565601.0,512668948.5237081,,565601.0
2024-01-21 00:00:00+00:00,1.836787376079,767739.0,593968.0,489551346.64456606,,593968.0
2024-01-22 00:00:00+00:00,1.750703117876,951076.0,451204.0,559487254.0274163,,451204.0
2024-01-23 00:00:00+00:00,1.75685238167,865990.0,368563.0,538506480.3019456,,368563.0
2024-01-24 00:00:00+00:00,1.769398537471,899326.0,368789.0,524519302.8536838,,368789.0
2024-01-25 00:00:00+00:00,1.759912897525,1101397.0,347123.0,632919954.5134856,,347123.0
2024-01-26 00:00:00+00:00,1.843658004535,892906.0,496525.0,531512894.0955074,,496525.0
2024-01-27 00:00:00+00:00,1.854538165179,965883.0,603739.0,597952003.3397532,,603739.0
2024-01-28 00:00:00+00:00,1.847823938144,898096.0,629248.0,559487254.0274163,,629248.0
2024-01-29 00:00:00+00:00,1.900281404617,959589.0,580828.0,545500071.5437692,,580828.0
2024-01-30 00:00:00+00:00,1.884454643724,907924.0,524001.0,503538529.1282132,,524001.0
2024-01-31 00:00:00+00:00,1.865776569305,870798.0,437107.0,458080188.5740528,,437107.0
2024-02-01 00:00:00+00:00,1.883692689819,933880.0,410372.0,535009687.1987265,,410372.0
2024-02-02 00:00:00+00:00,1.888479126867,932903.0,432087.0,677399664.675745,,432087.0
2024-02-03 00:00:00+00:00,1.880647419447,820828.0,515129.0,566738184.0279739,,515129.0
2024-02-04 00:00:00+00:00,1.862423695961,802004.0,331515.0,581751117.2721473,,331515.0
2024-02-05 00:00:00+00:00,1.863325630825,852467.0,281772.0,585504347.8808628,,281772.0
2024-02-06 00:00:00+00:00,1.881777313878,865722.0,280196.0,638049614.2354698,,280196.0
2024-02-07 00:00:00+00:00,1.929905898886,901234.0,425025.0,600517281.1250364,,425025.0
2024-02-08 00:00:00+00:00,1.974244701407,818130.0,287438.0,517946153.6867381,,287438.0
2024-02-09 00:00:00+00:00,2.050894304805,950564.0,330447.0,623036680.9912964,,330447.0
2024-02-10 00:00:00+00:00,2.075743628106,963958.0,406003.0,570491420.041345,,406003.0
2024-02-11 00:00:00+00:00,2.091679256465,840255.0,323411.0,514192923.07802254,,323411.0
2024-02-12 00:00:00+00:00,2.163451148703,1013562.0,413637.0,671828711.3325322,,413637.0
2024-02-13 00:00:00+00:00,2.144571750971,843469.0,305214.0,506686456.45593584,,305214.0
2024-02-14 00:00:00+00:00,2.227481564237,803805.0,298455.0,521699389.7001092,,298455.0
2024-02-15 00:00:00+00:00,2.227672856945,892019.0,309299.0,606890743.6292629,,309299.0
2024-02-16 00:00:00+00:00,2.233361065632,836256.0,306995.0,544386619.0220116,,306995.0
2024-02-17 00:00:00+00:00,2.211108586549,850883.0,330435.0,609388005.4074552,,330435.0
2024-02-18 00:00:00+00:00,2.229209056718,748090.0,346126.0,491572990.7556747,,346126.0
2024-02-19 00:00:00+00:00,2.207720044105,867774.0,366190.0,552511787.2013328,,366190.0
2024-02-20 00:00:00+00:00,2.226411177484,866223.0,396745.0,572824725.2000104,,396745.0
2024-02-21 00:00:00+00:00,2.199223255693,821320.0,369350.0,560636961.2307789,,369350.0
2024-02-22 00:00:00+00:00,2.176256754311,855859.0,366922.0,548449203.1116723,,366922.0
2024-02-23 00:00:00+00:00,2.151044247173,938307.0,403218.0,645951285.6149,,403218.0
2024-02-24 00:00:00+00:00,2.182874558495,819174.0,342157.0,556574377.1411183,,342157.0
2024-02-25 00:00:00+00:00,2.188723304731,894568.0,421219.0,666264217.7634528,,421219.0
2024-02-26 00:00:00+00:00,2.30035580813,887140.0,355313.0,540324029.0822262,,355313.0
2024-02-27 00:00:00+00:00,2.39296751458,917983.0,388230.0,524073681.0233341,,388230.0
2024-02-28 00:00:00+00:00,2.578804516452,1054242.0,415406.0,605325415.4676697,,415406.0
2024-02-29 00:00:00+00:00,2.523625575021,989364.0,407609.0,540324029.0822262,,407609.0
2024-03-01 00:00:00+00:00,2.552193764104,1058499.0,415081.0,607463923.1349978,,415081.0
2024-03-02 00:00:00+00:00,2.530515094253,843207.0,342086.0,500960507.5972892,,342086.0
2024-03-03 00:00:00+00:00,2.564912446775,868123.0,385135.0,611408497.2364957,,385135.0
2024-03-04 00:00:00+00:00,2.751198902437,889591.0,358771.0,508849650.1201027,,358771.0
2024-03-05 00:00:00+00:00,2.565781926711,1163884.0,424703.0,658743346.6931943,,424703.0
2024-03-06 00:00:00+00:00,2.612226371577,922558.0,381467.0,552239931.1554856,,381467.0
2024-03-07 00:00:00+00:00,2.630694305772,1034779.0,437969.0,710022770.2513908,,437969.0
2024-03-08 00:00:00+00:00,2.663773784415,947450.0,424558.0,607463923.1349978,,424558.0
2024-03-09 00:00:00+00:00,2.664446669894,915625.0,362520.0,642965061.6475674,,362520.0
2024-03-10 00:00:00+00:00,2.673324643842,862638.0,363011.0,564073647.779797,,363011.0
2024-03-11 00:00:00+00:00,2.776042557045,1150718.0,393001.0,670577063.3175056,,393001.0
2024-03-12 00:00:00+00:00,2.732831670246,1016389.0,344882.0,556184505.2569835,,344882.0
2024-03-13 00:00:00+00:00,2.746836537171,1093495.0,387845.0,631131350.7034383,,387845.0
2024-03-14 00:00:00+00:00,2.676637138189,1000634.0,330080.0,580862770.2919041,,330080.0
2024-03-15 00:00:00+00:00,2.593181988006,963220.0,311078.0,529980319.0136911,,311078.0
2024-03-16 00:00:00+00:00,2.443363523614,916345.0,355299.0,600922569.4689919,,355299.0
2024-03-17 00:00:00+00:00,2.541969044316,861558.0,365645.0,609268716.934864,,365645.0
2024-03-18 00:00:00+00:00,2.51875351754,910571.0,417117.0,600922569.4689919,,417117.0
2024-03-19 00:00:00+00:00,2.30649799611,974102.0,459004.0,655172524.9925482,,459004.0
2024-03-20 00:00:00+00:00,2.517432122856,942142.0,360623.0,621787935.1290596,,360623.0
2024-03-21 00:00:00+00:00,2.425056482588,819742.0,328692.0,500768805.88775134,,328692.0
2024-03-22 00:00:00+00:00,2.347242779085,915500.0,347556.0,563364908.8771799,,347556.0
2024-03-23 00:00:00+00:00,2.355130916016,908728.0,315648.0,650999448.2549994,,315648.0
2024-03-24 00:00:00+00:00,2.459089042138,918817.0,331993.0,709422480.5161047,,331993.0
2024-03-25 00:00:00+00:00,2.531973278125,918815.0,320633.0,550845690.6829845,,320633.0
2024-03-26 00:00:00+00:00,2.529858023857,851577.0,313314.0,559191838.1488566,,313314.0
2024-03-27 00:00:00+00:00,2.497305617703,865580.0,358499.0,567537979.6055031,,358499.0
2024-03-28 00:00:00+00:00,2.542320039061,942681.0,433584.0,630471212.2216165,,433584.0
2024-03-29 00:00:00+00:00,2.50681430136,847610.0,451776.0,595046224.9834744,,451776.0
2024-03-30 00:00:00+00:00,2.495980095994,826192.0,486300.0,640501145.6086524,,486300.0
2024-03-31 00:00:00+00:00,2.54947270434,691124.0,315001.0,566120367.485718,,315001.0
2024-04-01 00:00:00+00:00,2.483865174687,970510.0,330165.0,619839819.6746067,,330165.0
2024-04-02 00:00:00+00:00,2.325824861038,953501.0,358331.0,611575288.1108959,,358331.0
2024-04-03 00:00:00+00:00,2.343574739079,965290.0,369696.0,586781693.4197637,,369696.0
2024-04-04 00:00:00+00:00,2.422340254314,978380.0,324609.0,570252630.2923422,,324609.0
2024-04-05 00:00:00+00:00,2.401839662162,950040.0,346357.0,611575288.1108959,,346357.0
2024-04-06 00:00:00+00:00,2.442327543695,907389.0,433426.0,640501145.6086524,,433426.0
2024-04-07 00:00:00+00:00,2.449775072637,833045.0,526443.0,702485129.3612517,,526443.0
2024-04-08 00:00:00+00:00,2.52594267686,896193.0,454644.0,652897939.9789873,,454644.0
2024-04-09 00:00:00+00:00,2.431151797828,890535.0,450513.0,603310756.5471851,,450513.0
2024-04-10 00:00:00+00:00,2.480887886464,846297.0,538372.0,627214744.5940204,,538372.0
2024-04-11 00:00:00+00:00,2.459930871341,748021.0,479937.0,566860611.5965838,,479937.0
2024-04-12 00:00:00+00:00,2.355699837214,832502.0,441977.0,584038201.0151991,,441977.0
2024-04-13 00:00:00+00:00,2.266724603585,869723.0,510750.0,704281364.049109,,510750.0
2024-04-14 00:00:00+00:00,2.303797513539,839158.0,468144.0,674220574.8366151,,468144.0
2024-04-15 00:00:00+00:00,2.224653591762,813736.0,503794.0,605510198.6103525,,503794.0
2024-04-16 00:00:00+00:00,2.235583060627,941086.0,453968.0,708575759.8577794,,453968.0
2024-04-17 00:00:00+00:00,2.150115532828,794595.0,385424.0,588332603.0078033,,385424.0
2024-04-18 00:00:00+00:00,2.223657090198,823945.0,416810.0,622687788.0289677,,416810.0
2024-04-19 00:00:00+00:00,2.229521797353,880733.0,398632.0,648454181.4327914,,398632.0
2024-04-20 00:00:00+00:00,2.268874228093,509709.0,630654.0,558271813.7953093,,630654.0
2024-04-21 00:00:00+00:00,2.270178573833,565959.0,644793.0,601215796.6177483,,644793.0
2024-04-22 00:00:00+00:00,2.336371416788,659537.0,673406.0,652748583.4253956,,673406.0
2024-04-23 00:00:00+00:00,2.315430605828,547174.0,928131.0,721458959.6516583,,928131.0
2024-04-24 00:00:00+00:00,2.229186378145,835569.0,600768.0,672198686.5397469,,600768.0
2024-04-25 00:00:00+00:00,2.239412644798,818807.0,525222.0,626294685.533232,,525222.0
2024-04-26 00:00:00+00:00,2.213395882136,847289.0,440854.0,582497851.0693291,,440854.0
2024-04-27 00:00:00+00:00,2.200293292653,856864.0,459297.0,613155632.0406892,,459297.0
2024-04-28 00:00:00+00:00,2.182739504636,707117.0,480244.0,613155632.0406892,,480244.0
2024-04-29 00:00:00+00:00,2.213049963714,856192.0,400991.0,573738484.1765486,,400991.0
2024-04-30 00:00:00+00:00,2.099491659604,827915.0,501881.0,617535318.6404513,,501881.0
2024-05-01 00:00:00+00:00,2.01516295818,781183.0,477225.0,578118170.7763107,,477225.0
2024-05-02 00:00:00+00:00,2.050901531028,744998.0,563418.0,635054046.1192688,,563418.0
2024-05-03 00:00:00+00:00,2.180678249434,731936.0,437975.0,564979117.283768,,437975.0
2024-05-04 00:00:00+00:00,2.210725676775,613171.0,668343.0,617535318.6404513,,668343.0
2024-05-05 00:00:00+00:00,2.216655067084,573428.0,626139.0,608775951.7476709,,626139.0
2024-05-06 00:00:00+00:00,2.186202853853,670316.0,507965.0,534321336.312408,,507965.0
2024-05-07 00:00:00+00:00,2.157205469069,702887.0,373579.0,534321336.312408,,373579.0
2024-05-08 00:00:00+00:00,2.110540935051,697417.0,453934.0,556219750.3909875,,453934.0
2024-05-09 00:00:00+00:00,2.175223560734,671205.0,521126.0,612635655.6510732,,521126.0
2024-05-10 00:00:00+00:00,2.102988744981,606931.0,720578.0,599332434.9336824,,720578.0
2024-05-11 00:00:00+00:00,2.100448702876,612137.0,712455.0,657199019.7430514,,712455.0
2024-05-12 00:00:00+00:00,2.119745795365,573640.0,562310.0,545599186.5386837,,562310.0
2024-05-13 00:00:00+00:00,2.168233271084,746125.0,541770.0,607599089.9064493,,541770.0
2024-05-14 00:00:00+00:00,2.121406641577,686207.0,422749.0,562132490.5322264,,422749.0
2024-05-15 00:00:00+00:00,2.275705533512,714393.0,499145.0,582799130.9401395,,499145.0
2024-05-16 00:00:00+00:00,2.238813737175,689540.0,481822.0,586932455.4505274,,481822.0
2024-05-17 00:00:00+00:00,2.293532882786,743911.0,564502.0,640665709.7975174,,564502.0
2024-05-18 00:00:00+00:00,2.293351817746,650957.0,399736.0,529065876.5931496,,399736.0
2024-05-19 00:00:00+00:00,2.267741433359,637953.0,641786.0,636532379.3351383,,641786.0
2024-05-20 00:00:00+00:00,2.430732575262,706063.0,632582.0,644799034.3079053,,632582.0
2024-05-21 00:00:00+00:00,2.392177115696,746087.0,544407.0,570399145.5049934,,544407.0
2024-05-22 00:00:00+00:00,2.350508549105,709347.0,587003.0,632399054.8247503,,587003.0
2024-05-23 00:00:00+00:00,2.30342600975,728396.0,736406.0,706501036.6485612,,736406.0
2024-05-24 00:00:00+00:00,2.329942400919,663534.0,739561.0,671140034.0912752,,739561.0
2024-05-25 00:00:00+00:00,2.351755247843,591356.0,844733.0,671140034.0912752,,844733.0
2024-05-26 00:00:00+00:00,2.321857258415,538911.0,852881.0,704697038.5139561,,852881.0
2024-05-27 00:00:00+00:00,2.349289009693,612909.0,549315.0,515938903.7370268,,549315.0
2024-05-28 00:00:00+00:00,2.276025405912,653177.0,594169.0,562079781.7980828,,594169.0
2024-05-29 00:00:00+00:00,2.249666771523,559784.0,721240.0,574663655.4364581,,721240.0
2024-05-30 00:00:00+00:00,2.274593932765,649063.0,510008.0,515938903.7370268,,510008.0
2024-05-31 00:00:00+00:00,2.240434640049,656289.0,713689.0,620804533.4975141,,713689.0
2024-06-01 00:00:00+00:00,2.250811711614,570980.0,737521.0,591442157.6477985,,737521.0
2024-06-02 00:00:00+00:00,2.252890611825,536181.0,729457.0,587247529.0748333,,729457.0
2024-06-03 00:00:00+00:00,2.282844084426,689745.0,758731.0,658556160.4529,,758731.0
2024-06-04 00:00:00+00:00,2.336035028633,637180.0,636795.0,562079781.7980828,,636795.0
2024-06-05 00:00:00+00:00,2.350051564625,592424.0,562197.0,515938903.7370268,,562197.0
2024-06-06 00:00:00+00:00,2.333807126267,624088.0,602842.0,554745618.7245225,,602842.0
2024-06-07 00:00:00+00:00,2.283767499815,583336.0,250713.0,590944002.2950455,,250713.0
2024-06-08 00:00:00+00:00,2.281753656488,772154.0,529506.0,715791324.8666921,,529506.0
2024-06-09 00:00:00+00:00,2.291783692164,609844.0,761292.0,636721355.3029393,,761292.0
2024-06-10 00:00:00+00:00,2.284430208974,684041.0,661124.0,578459271.8356823,,661124.0
2024-06-11 00:00:00+00:00,2.210797104332,684207.0,469892.0,511874032.7312927,,469892.0
2024-06-12 00:00:00+00:00,2.236528862009,677849.0,690905.0,607590313.5693108,,690905.0
2024-06-13 00:00:00+00:00,2.189193919128,613255.0,729876.0,603428732.7544087,,729876.0
2024-06-14 00:00:00+00:00,2.162288948988,606488.0,599059.0,532681918.82778853,,599059.0
2024-06-15 00:00:00+00:00,2.168574282271,635369.0,447381.0,557651385.7391865,,447381.0
2024-06-16 00:00:00+00:00,2.181700780897,735939.0,452652.0,678337127.4959309,,452652.0
2024-06-17 00:00:00+00:00,2.17600767278,724644.0,465013.0,582620846.6579129,,465013.0
2024-06-18 00:00:00+00:00,2.131170120016,733498.0,605888.0,632559780.4807088,,605888.0
2024-06-19 00:00:00+00:00,2.122527340691,622245.0,635236.0,570136116.1985496,,635236.0
2024-06-20 00:00:00+00:00,2.122824344632,661281.0,528366.0,553312848.2609437,,528366.0
2024-06-21 00:00:00+00:00,2.094841851078,719280.0,592761.0,582332777.6713909,,592761.0
2024-06-22 00:00:00+00:00,2.094393635978,639305.0,681231.0,632247019.8647388,,681231.0
2024-06-23 00:00:00+00:00,2.064629768046,511478.0,497676.0,465866224.5329962,,497676.0
2024-06-24 00:00:00+00:00,1.965852605759,756391.0,525488.0,632247019.8647388,,525488.0
2024-06-25 00:00:00+00:00,2.013824808421,631668.0,550745.0,515780460.7366355,,550745.0
2024-06-26 00:00:00+00:00,1.983142815892,659381.0,465408.0,503301903.1831528,,465408.0
2024-06-27 00:00:00+00:00,2.00449611147,741302.0,427935.0,540737581.8333095,,427935.0
2024-06-28 00:00:00+00:00,1.963323618484,752964.0,595003.0,561535179.7523502,,595003.0
2024-06-29 00:00:00+00:00,1.982090071071,720705.0,703622.0,653044617.7837795,,703622.0
2024-06-30 00:00:00+00:00,2.04224535277,653363.0,518698.0,503301903.1831528,,518698.0
2024-07-01 00:00:00+00:00,2.04314593286,907181.0,596143.0,586492300.8490242,,596143.0
2024-07-02 00:00:00+00:00,2.017079157971,750376.0,608523.0,615608939.1336229,,608523.0
2024-07-03 00:00:00+00:00,1.956495892684,769767.0,536681.0,603130375.5904316,,536681.0
2024-07-04 00:00:00+00:00,1.867131113244,715636.0,535655.0,582332777.6713909,,535655.0
2024-07-05 00:00:00+00:00,1.84216706331,694964.0,493163.0,480652547.19206446,,493163.0
2024-07-06 00:00:00+00:00,1.891715119434,720587.0,656568.0,652035051.0748852,,656568.0
2024-07-07 00:00:00+00:00,1.82212870475,594423.0,684693.0,557193592.6181126,,684693.0
2024-07-08 00:00:00+00:00,1.84231499501,798942.0,586774.0,628324689.305936,,586774.0
2024-07-09 00:00:00+00:00,1.882826099963,762581.0,644607.0,608566046.9111612,,644607.0
2024-07-10 00:00:00+00:00,1.873671456415,646708.0,632748.0,537434950.2233379,,632748.0
2024-07-11 00:00:00+00:00,1.860391707754,646553.0,646591.0,553241861.8629626,,646591.0
2024-07-12 00:00:00+00:00,1.877696697499,708446.0,659272.0,592759140.9620242,,659272.0
2024-07-13 00:00:00+00:00,1.924461076714,601071.0,733907.0,608566046.9111612,,733907.0
2024-07-14 00:00:00+00:00,1.978252221421,751254.0,588547.0,659938506.8946975,,588547.0
2024-07-15 00:00:00+00:00,2.094337235781,787506.0,544485.0,604614321.8464988,,544485.0
2024-07-16 00:00:00+00:00,2.10249498714,746639.0,536502.0,580903954.3870618,,536502.0
2024-07-17 00:00:00+00:00,2.0722141993,729938.0,617766.0,628324689.305936,,617766.0
2024-07-18 00:00:00+00:00,2.063284607936,764574.0,435804.0,515736551.86932254,,435804.0
2024-07-19 00:00:00+00:00,2.146794861585,755308.0,507835.0,599556359.5658232,,507835.0
2024-07-20 00:00:00+00:00,2.159544550027,673407.0,696460.0,672971424.2421772,,696460.0
2024-07-21 00:00:00+00:00,2.186185421436,607493.0,858284.0,689285884.3643016,,858284.0
2024-07-22 00:00:00+00:00,2.167482354881,749350.0,827992.0,730072034.6696123,,827992.0
2024-07-23 00:00:00+00:00,2.109594621683,671794.0,827733.0,689285884.3643016,,827733.0
2024-07-24 00:00:00+00:00,2.091076478928,681137.0,601149.0,571006057.2887083,,601149.0
2024-07-25 00:00:00+00:00,2.101052278672,713877.0,708129.0,664814194.1811152,,708129.0
2024-07-26 00:00:00+00:00,2.167988897972,715636.0,458448.0,652578352.0261246,,458448.0
2024-07-27 00:00:00+00:00,2.17149524018,694649.0,454253.0,628106661.8429382,,454253.0
2024-07-28 00:00:00+00:00,2.173689504641,578686.0,756828.0,603634977.5329568,,756828.0
2024-07-29 00:00:00+00:00,2.130351323441,794379.0,821955.0,725993416.7024788,,821955.0
2024-07-30 00:00:00+00:00,2.10753663783,673555.0,670957.0,611792207.594019,,670957.0
2024-07-31 00:00:00+00:00,2.060104597961,740485.0,578053.0,615358184.0246311,,578053.0
2024-08-01 00:00:00+00:00,2.073446664875,772675.0,532152.0,630987878.5179508,,532152.0
2024-08-02 00:00:00+00:00,1.958129492294,764749.0,410307.0,563382038.5632738,,410307.0
2024-08-03 00:00:00+00:00,1.931910948089,692352.0,502369.0,608452598.5330584,,502369.0
2024-08-04 00:00:00+00:00,1.85658107668,668340.0,526479.0,644509051.7010149,,526479.0
2024-08-05 00:00:00+00:00,1.734614783702,817104.0,550851.0,703100778.3637028,,550851.0
2024-08-06 00:00:00+00:00,1.790105908673,729981.0,483465.0,630987878.5179508,,483465.0
2024-08-07 00:00:00+00:00,1.76102665944,714826.0,381999.0,549860865.3802096,,381999.0
2024-08-08 00:00:00+00:00,1.974027468759,722252.0,485878.0,581410258.657091,,485878.0
2024-08-09 00:00:00+00:00,1.934847151042,705635.0,394215.0,585917318.548166,,394215.0
2024-08-10 00:00:00+00:00,1.937094140148,594175.0,556497.0,581410258.657091,,556497.0
2024-08-11 00:00:00+00:00,1.872742222889,630696.0,641944.0,725636064.838756,,641944.0
2024-08-12 00:00:00+00:00,1.890144044639,714520.0,442326.0,617466711.8250475,,442326.0
2024-08-13 00:00:00+00:00,1.926417221684,706882.0,582647.0,671551385.0868213,,582647.0
2024-08-14 00:00:00+00:00,1.87350048326,662757.0,510189.0,593799520.5910221,,510189.0
2024-08-15 00:00:00+00:00,1.835793831991,715632.0,658114.0,690944705.1107434,,658114.0
2024-08-16 00:00:00+00:00,1.876508258409,700335.0,581170.0,613213425.7080535,,581170.0
2024-08-17 00:00:00+00:00,1.891903199321,612305.0,706066.0,643442255.8959327,,706066.0
2024-08-18 00:00:00+00:00,1.871999609436,588717.0,758170.0,673671086.0838118,,758170.0
2024-08-19 00:00:00+00:00,1.891279440638,687027.0,560243.0,561392574.845761,,560243.0
2024-08-20 00:00:00+00:00,1.882426600371,696903.0,715687.0,647760663.7619168,,715687.0
2024-08-21 00:00:00+00:00,1.945233846186,711700.0,684872.0,634805446.3824669,,684872.0
2024-08-22 00:00:00+00:00,1.921170694846,719227.0,797502.0,690944705.1107434,,797502.0
2024-08-23 00:00:00+00:00,2.035903975825,694990.0,799006.0,708218324.137675,,799006.0
2024-08-24 00:00:00+00:00,2.032046751517,611271.0,797698.0,660715874.9228642,,797698.0
2024-08-25 00:00:00+00:00,2.046583028581,539499.0,703385.0,574347786.0067085,,703385.0
2024-08-26 00:00:00+00:00,1.998001382993,656542.0,606871.0,578666193.8726926,,606871.0
2024-08-27 00:00:00+00:00,1.891971799295,685194.0,676465.0,613213425.7080535,,676465.0
2024-08-28 00:00:00+00:00,1.875827072948,740845.0,721912.0,704440301.0132378,,721912.0
2024-08-29 00:00:00+00:00,1.883349152914,723280.0,525910.0,587091198.731184,,525910.0
2024-08-30 00:00:00+00:00,1.876982694923,826297.0,548197.0,631567801.6874318,,548197.0
2024-08-31 00:00:00+00:00,1.87073697854,670825.0,695519.0,653806103.1655557,,695519.0
2024-09-01 00:00:00+00:00,1.820019010688,660770.0,656333.0,631567801.6874318,,656333.0
2024-09-02 00:00:00+00:00,1.877143284457,717673.0,739986.0,742759315.4826823,,739986.0
2024-09-03 00:00:00+00:00,1.829729699885,699302.0,592324.0,662701425.0377314,,592324.0
2024-09-04 00:00:00+00:00,1.841861370616,699461.0,728756.0,671596746.9099072,,728756.0
2024-09-05 00:00:00+00:00,1.781930708989,734546.0,714387.0,689387390.6542588,,714387.0
2024-09-06 00:00:00+00:00,1.710811543806,726287.0,665444.0,644910781.2933798,,665444.0
2024-09-07 00:00:00+00:00,1.718206634267,606660.0,794571.0,702730370.2602069,,794571.0
2024-09-08 00:00:00+00:00,1.743469313486,596940.0,906655.0,742759315.4826823,,906655.0
2024-09-09 00:00:00+00:00,1.814072811646,736827.0,570838.0,644910781.2933798,,570838.0
2024-09-10 00:00:00+00:00,1.830850569033,733172.0,556413.0,609329500.2093079,,556413.0
2024-09-11 00:00:00+00:00,1.822802476165,662704.0,408991.0,496254188.9565946,,408991.0
2024-09-12 00:00:00+00:00,1.844923692611,775748.0,561823.0,700222817.5061857,,561823.0
2024-09-13 00:00:00+00:00,1.918166417135,794367.0,422965.0,566627674.5179347,,422965.0
2024-09-14 00:00:00+00:00,1.901061522523,688474.0,637192.0,640335338.4711611,,637192.0
2024-09-15 00:00:00+00:00,1.873189573393,643849.0,730022.0,695616084.7776585,,730022.0
2024-09-16 00:00:00+00:00,1.844209085413,746172.0,486773.0,575841133.3412993,,486773.0
2024-09-17 00:00:00+00:00,1.906555569386,732953.0,551806.0,691009358.6828212,,551806.0
2024-09-18 00:00:00+00:00,1.938486988135,720313.0,535050.0,635728605.742634,,535050.0
2024-09-19 00:00:00+00:00,1.989407371018,746741.0,449403.0,562020941.7894075,,449403.0
2024-09-20 00:00:00+00:00,1.991251479392,822445.0,524801.0,667975708.307565,,524801.0
2024-09-21 00:00:00+00:00,1.997224680189,665209.0,564640.0,621908420.8244321,,564640.0
2024-09-22 00:00:00+00:00,2.00309504051,595289.0,629903.0,626515146.9192694,,629903.0
2024-09-23 00:00:00+00:00,1.993210662996,796781.0,573531.0,672582441.036092,,573531.0
2024-09-24 00:00:00+00:00,2.02322807255,749184.0,531570.0,667975708.307565,,531570.0
2024-09-25 00:00:00+00:00,1.980828516174,713234.0,504605.0,655944699.4434932,,504605.0
2024-09-26 00:00:00+00:00,2.040909822528,721855.0,483781.0,571298869.5864017,,483781.0
2024-09-27 00:00:00+00:00,2.061133588941,751618.0,434448.0,602061115.6314254,,434448.0
2024-09-28 00:00:00+00:00,2.059734897491,649697.0,521838.0,566904259.3924077,,521838.0
2024-09-29 00:00:00+00:00,2.054377793402,680061.0,685081.0,681164035.8409815,,685081.0
2024-09-30 00:00:00+00:00,1.980655974681,732082.0,593815.0,602061115.6314254,,593815.0
2024-10-01 00:00:00+00:00,1.906306811115,863700.0,624352.0,689953249.9007359,,624352.0
2024-10-02 00:00:00+00:00,1.901135632078,711643.0,599545.0,681164035.8409815,,599545.0
2024-10-03 00:00:00+00:00,1.903667765594,737116.0,574536.0,694347853.7664963,,574536.0
2024-10-04 00:00:00+00:00,1.942653036999,784413.0,571667.0,742688527.9310288,,571667.0
2024-10-05 00:00:00+00:00,1.941600018448,608641.0,759113.0,663585607.7214726,,759113.0
2024-10-06 00:00:00+00:00,1.964736190677,610738.0,744069.0,667980217.9154667,,744069.0
2024-10-07 00:00:00+00:00,1.952455630153,719501.0,717392.0,681164035.8409815,,717392.0
2024-10-08 00:00:00+00:00,1.926780183281,822783.0,711462.0,733899313.8712744,,711462.0
2024-10-09 00:00:00+00:00,1.880158282942,668278.0,534258.0,575872986.8706377,,534258.0
2024-10-10 00:00:00+00:00,1.868650690361,679738.0,759342.0,709250576.1991408,,759342.0
2024-10-11 00:00:00+00:00,1.931911669891,718986.0,631180.0,640613421.5382025,,631180.0
2024-10-12 00:00:00+00:00,1.953970337674,606243.0,732389.0,654340856.4238901,,732389.0
2024-10-13 00:00:00+00:00,1.939547429605,609844.0,643752.0,631461800.4774662,,643752.0
2024-10-14 00:00:00+00:00,2.039522213226,722649.0,609666.0,636037614.3024176,,609666.0
2024-10-15 00:00:00+00:00,2.060181206339,787245.0,648296.0,713826383.4349256,,648296.0
2024-10-16 00:00:00+00:00,2.079852586869,614677.0,722995.0,645189235.3631539,,722995.0
2024-10-17 00:00:00+00:00,2.067823405287,765780.0,637858.0,718402197.2598771,,637858.0
2024-10-18 00:00:00+00:00,2.097751626956,723986.0,471530.0,622310179.41673,,471530.0
2024-10-19 00:00:00+00:00,2.095293659588,685573.0,738236.0,791615159.1566001,,738236.0
2024-10-20 00:00:00+00:00,2.110307256847,688498.0,785369.0,791615159.1566001,,785369.0
2024-10-21 00:00:00+00:00,2.056928495458,717571.0,837363.0,782463538.095864,,837363.0
2024-10-22 00:00:00+00:00,2.0548573040083666,639877.0,696851.0,639026240.6203892,,696851.0
2024-10-23 00:00:00+00:00,2.030149964645596,740774.0,655119.0,718143297.5144315,,655119.0
2024-10-24 00:00:00+00:00,2.0735534317639304,656927.0,700022.0,699119632.4620647,,700022.0
2024-10-25 00:00:00+00:00,2.015882390039284,859095.0,503588.0,727655130.0406147,,503588.0
2024-10-26 00:00:00+00:00,2.038385405545456,727063.0,603956.0,694363719.6232326,,603956.0
2024-10-27 00:00:00+00:00,2.0672450714484363,654362.0,695610.0,765702460.1453482,,695610.0
2024-10-28 00:00:00+00:00,2.12079659111609,756668.0,713082.0,798993870.5627304,,713082.0
2024-10-29 00:00:00+00:00,2.199387577615285,831182.0,617786.0,746678795.0929815,,617786.0
2024-10-30 00:00:00+00:00,2.1895048875101897,794409.0,674680.0,803749783.4015626,,674680.0
2024-10-31 00:00:00+00:00,2.1253164193551783,789382.0,562286.0,751434707.9318137,,562286.0
2024-11-01 00:00:00+00:00,2.096717117505966,819093.0,547824.0,727655130.0406147,,547824.0
2024-11-02 00:00:00+00:00,2.088469515716,690705.0,540251.0,670584141.7320336,,540251.0
2024-11-03 00:00:00+00:00,2.072996077959187,627617.0,455287.0,627780898.7884681,,455287.0
2024-11-04 00:00:00+00:00,2.0421715913323313,811710.0,462249.0,722003987.1010513,,462249.0
2024-11-05 00:00:00+00:00,2.0934035678438234,768957.0,457869.0,702351990.309251,,457869.0
2024-11-06 00:00:00+00:00,2.265383861200003,894241.0,500965.0,773092476.7620561,,500965.0
2024-11-07 00:00:00+00:00,2.268079148113374,792482.0,567009.0,788251150.3516102,,567009.0
2024-11-08 00:00:00+00:00,2.2784564278185018,848426.0,481877.0,717510663.898805,,481877.0
2024-11-09 00:00:00+00:00,2.2854908075229896,654475.0,587132.0,702351990.309251,,587132.0
2024-11-10 00:00:00+00:00,2.386299165227104,793243.0,553582.0,747828018.3540778,,553582.0
2024-11-11 00:00:00+00:00,2.6147362044216913,941403.0,461089.0,687193309.4435323,,461089.0
2024-11-12 00:00:00+00:00,2.574402718870185,1007782.0,502742.0,737722233.5356535,,502742.0
2024-11-13 00:00:00+00:00,2.6237625094988872,859128.0,570985.0,697299094.2619566,,570985.0
2024-11-14 00:00:00+00:00,2.5169171310403327,839766.0,503550.0,641717281.3987055,,503550.0
2024-11-15 00:00:00+00:00,2.6166281818489865,886479.0,559376.0,757933803.172502,,559376.0
2024-11-16 00:00:00+00:00,2.5963251574245816,802492.0,608007.0,793304046.3989047,,608007.0
2024-11-17 00:00:00+00:00,2.570045957525609,717710.0,598836.0,757933803.172502,,598836.0
2024-11-18 00:00:00+00:00,2.586767436063493,796834.0,676948.0,789337179.1728685,,676948.0
2024-11-19 00:00:00+00:00,2.616096692148944,757888.0,815851.0,889845956.7430439,,815851.0
2024-11-20 00:00:00+00:00,2.6545840511759584,750264.0,669311.0,747470599.8566331,,669311.0
2024-11-21 00:00:00+00:00,2.7357035205093947,977195.0,480041.0,732216100.2096523,,480041.0
2024-11-22 00:00:00+00:00,2.7268624607806946,902930.0,539627.0,727131269.4347123,,539627.0
2024-11-23 00:00:00+00:00,2.682475835762373,877099.0,451335.0,701707093.5935297,,451335.0
2024-11-24 00:00:00+00:00,2.684190145202477,790852.0,463815.0,681367763.1716092,,463815.0
2024-11-25 00:00:00+00:00,2.5509368688261986,956417.0,598037.0,859336950.1269213,,598037.0
2024-11-26 00:00:00+00:00,2.504171774475637,790710.0,475347.0,706791931.6906307,,475347.0
2024-11-27 00:00:00+00:00,2.606953545179931,800136.0,462955.0,676282925.0745082,,462955.0
2024-11-28 00:00:00+00:00,2.5937387638687115,754947.0,523444.0,722046431.3376116,,523444.0
2024-11-29 00:00:00+00:00,2.6309948422566616,767132.0,348672.0,615264919.1644242,,348672.0
2024-11-30 00:00:00+00:00,2.6035102735918114,828664.0,633055.0,833912781.6078997,,633055.0
2024-12-01 00:00:00+00:00,2.627590012401485,739652.0,698852.0,803403774.9917771,,698852.0
2024-12-02 00:00:00+00:00,2.572610271286454,925715.0,310261.0,649987948.105684,,310261.0
2024-12-03 00:00:00+00:00,2.5714581344527,918415.0,437755.0,811042072.28046,,437755.0
2024-12-04 00:00:00+00:00,2.6375374682187815,887569.0,503460.0,759383337.5345525,,503460.0
2024-12-05 00:00:00+00:00,2.5624396365200885,968792.0,509543.0,800710325.3312784,,509543.0
2024-12-06 00:00:00+00:00,2.619701356628037,872253.0,433339.0,702558733.0334829,,433339.0
2024-12-07 00:00:00+00:00,2.6172416537051104,798958.0,443750.0,733553973.8810276,,443750.0
2024-12-08 00:00:00+00:00,2.635830347444721,851865.0,419481.0,754217467.7793905,,419481.0
2024-12-09 00:00:00+00:00,2.528321562198401,915304.0,401306.0,862700799.5875101,,401306.0
2024-12-10 00:00:00+00:00,2.504255955643038,985635.0,441945.0,795544448.137259,,441945.0
2024-12-11 00:00:00+00:00,2.607825988676539,858578.0,482129.0,733553973.8810276,,482129.0
2024-12-12 00:00:00+00:00,2.5725090268010704,883811.0,471573.0,764549214.7285719,,471573.0
2024-12-13 00:00:00+00:00,2.5964143923269845,936834.0,527292.0,878198423.7307109,,527292.0
2024-12-14 00:00:00+00:00,2.5956011229498386,774578.0,523313.0,821373819.2296414,,523313.0
2024-12-15 00:00:00+00:00,2.671579602981782,789756.0,370567.0,707724610.2275023,,370567.0
2024-12-16 00:00:00+00:00,2.6904870242055368,952348.0,412496.0,797498864.7082182,,412496.0
2024-12-17 00:00:00+00:00,2.6825053486643022,829977.0,417545.0,733677846.6894214,,417545.0
2024-12-18 00:00:00+00:00,2.5337669288940026,890898.0,415402.0,776835370.7386128,,415402.0
2024-12-19 00:00:00+00:00,2.449250681750823,861604.0,437556.0,782230057.3605849,,437556.0
2024-12-20 00:00:00+00:00,2.438923701718572,882836.0,391262.0,814598200.3974782,,391262.0
2024-12-21 00:00:00+00:00,2.424795342221161,744752.0,334464.0,782230057.3605849,,334464.0
2024-12-22 00:00:00+00:00,2.3683246829858304,758970.0,332182.0,836176962.422074,,332182.0
2024-12-23 00:00:00+00:00,2.3466031181287983,804969.0,298335.0,749861922.0920451,,298335.0
2024-12-24 00:00:00+00:00,2.4325472895826454,763920.0,323103.0,712099092.4331796,,323103.0
2024-12-25 00:00:00+00:00,2.4457574461003446,702219.0,407080.0,814598200.3974782,,407080.0
2024-12-26 00:00:00+00:00,2.3548963638187823,739743.0,298230.0,706704398.0428538,,298230.0
2024-12-27 00:00:00+00:00,2.316536046291274,846364.0,348548.0,852361030.0563437,,348548.0
2024-12-28 00:00:00+00:00,2.3373921900161463,704798.0,291855.0,771440684.1166407,,291855.0
2024-12-29 00:00:00+00:00,2.2939806186069815,727603.0,432661.0,853362734.1174872,,432661.0
2024-12-30 00:00:00+00:00,2.264447243535571,812462.0,362074.0,867710158.6044941,,362074.0
2024-12-31 00:00:00+00:00,2.2808124449322915,780332.0,315699.0,703991256.0098306,,315699.0
2025-01-01 00:00:00+00:00,2.3030404933089104,661798.0,290700.0,764021519.2467395,,290700.0
2025-01-02 00:00:00+00:00,2.3578841474857937,806065.0,412640.0,911368526.8668325,,412640.0
2025-01-03 00:00:00+00:00,2.386290557457015,774077.0,400483.0,774936113.2769511,,400483.0
2025-01-04 00:00:00+00:00,2.3875160097101222,699568.0,439080.0,813137188.4534373,,439080.0
2025-01-05 00:00:00+00:00,2.390965860098841,672568.0,433093.0,851338263.6299235,,433093.0
2025-01-06 00:00:00+00:00,2.477062799747396,765227.0,364707.0,725820444.0702533,,364707.0
2025-01-07 00:00:00+00:00,2.3467027834219376,780759.0,344525.0,731277745.0146124,,344525.0
2025-01-08 00:00:00+00:00,2.2986659046669535,739012.0,408966.0,682162075.8079149,,408966.0
2025-01-09 00:00:00+00:00,2.233820238836667,742304.0,528450.0,829509083.4280078,,528450.0
2025-01-10 00:00:00+00:00,2.290082536703305,797315.0,405326.0,774936113.2769511,,405326.0
2025-01-11 00:00:00+00:00,2.285501707170164,680515.0,368077.0,753106925.2165282,,368077.0
2025-01-12 00:00:00+00:00,2.278657758123868,706797.0,380129.0,939920313.6991917,,380129.0
2025-01-13 00:00:00+00:00,2.2779845089607442,730319.0,407646.0,702796045.2561852,,407646.0
2025-01-14 00:00:00+00:00,2.3280580564665416,790420.0,348098.0,845551487.3779281,,348098.0
2025-01-15 00:00:00+00:00,2.4095410827754344,804761.0,356513.0,763192581.1983879,,356513.0
2025-01-16 00:00:00+00:00,2.3989108291075403,787871.0,381403.0,702796045.2561852,,381403.0
2025-01-17 00:00:00+00:00,2.495913169030756,844973.0,420369.0,823589117.1405907,,420369.0
2025-01-18 00:00:00+00:00,2.4946785705686336,730835.0,360806.0,713777234.3280815,,360806.0
2025-01-19 00:00:00+00:00,2.410672870086662,777201.0,381533.0,823589117.1405907,,381533.0
2025-01-20 00:00:00+00:00,2.4450561327537335,852334.0,353367.0,834570306.2124872,,353367.0
2025-01-21 00:00:00+00:00,2.518858900509325,864025.0,329282.0,730249013.9826986,,329282.0
2025-01-22 00:00:00+00:00,2.459018475131256,830610.0,429325.0,823589117.1405907,,429325.0
2025-01-23 00:00:00+00:00,2.455447281433525,797154.0,326782.0,746720793.6373155,,326782.0
2025-01-24 00:00:00+00:00,2.4651832101972833,778133.0,372822.0,768683171.7811084,,372822.0
2025-01-25 00:00:00+00:00,2.4670204525538764,674223.0,328968.0,702796045.2561852,,328968.0
2025-01-26 00:00:00+00:00,2.418361700134125,652111.0,310325.0,752211392.1264913,,310325.0
2025-01-27 00:00:00+00:00,2.3934124984483267,800741.0,335928.0,841019046.8641225,,335928.0
2025-01-28 00:00:00+00:00,2.373287118165897,754559.0,311149.0,795344640.9204767,,311149.0
2025-01-29 00:00:00+00:00,2.436318963363576,732357.0,349802.0,832962291.9147371,,349802.0
2025-01-30 00:00:00+00:00,2.457756213004062,768553.0,346376.0,779222784.9668733,,346376.0
2025-01-31 00:00:00+00:00,2.3926271926371023,767144.0,317922.0,671743786.5481225,,317922.0
2025-02-01 00:00:00+00:00,2.353296238999732,732561.0,352449.0,988806850.4558095,,352449.0
2025-02-02 00:00:00+00:00,2.278588298536274,762118.0,383886.0,918945495.2928308,,383886.0
2025-02-03 00:00:00+00:00,2.371727104993572,872269.0,363728.0,822214390.5251644,,363728.0
2025-02-04 00:00:00+00:00,2.280750094282139,807567.0,313377.0,703987482.9783524,,313377.0
2025-02-05 00:00:00+00:00,2.2465355832791136,755489.0,378194.0,773848838.1413312,,378194.0
2025-02-06 00:00:00+00:00,2.243314171452448,753978.0,426147.0,779222784.9668733,,426147.0
2025-02-07 00:00:00+00:00,2.2387599646519223,753607.0,501276.0,929693396.6824037,,501276.0
2025-02-08 00:00:00+00:00,2.2429885869544703,655694.0,467968.0,859832041.5194248,,467968.0
2025-02-09 00:00:00+00:00,2.232532160927027,630935.0,382701.0,796800432.702752,,382701.0
2025-02-10 00:00:00+00:00,2.2560105134383015,784554.0,364185.0,788864729.4327155,,364185.0
2025-02-11 00:00:00+00:00,2.2178405166069126,778968.0,331657.0,703735439.5557053,,331657.0
2025-02-12 00:00:00+00:00,2.261466528982128,713585.0,389778.0,754813011.8474292,,389778.0
2025-02-13 00:00:00+00:00,2.2326518009087044,752473.0,375861.0,896695156.1941718,,375861.0
2025-02-14 00:00:00+00:00,2.2516623241667397,734111.0,341719.0,862643446.7812971,,341719.0
2025-02-15 00:00:00+00:00,2.254483790385446,651702.0,310167.0,908045728.7226008,,310167.0
2025-02-16 00:00:00+00:00,2.221961475316798,607272.0,306797.0,856968156.4308769,,306797.0
2025-02-17 00:00:00+00:00,2.212551004856131,722465.0,327916.0,777514156.9042867,,327916.0
2025-02-18 00:00:00+00:00,2.2037234329299973,752996.0,429401.0,794540011.6107242,,429401.0
2025-02-19 00:00:00+00:00,2.23047321584031,680832.0,448514.0,715086012.0841341,,448514.0
2025-02-20 00:00:00+00:00,2.269163375900631,692965.0,482796.0,737787157.1409917,,482796.0
2025-02-21 00:00:00+00:00,2.2145337837142764,718521.0,454467.0,732111866.7905716,,454467.0
2025-02-22 00:00:00+00:00,2.2259723481715947,629577.0,558602.0,788864729.4327155,,558602.0
2025-02-23 00:00:00+00:00,2.213616967746432,515136.0,574133.0,727639381.136543,,574133.0
2025-02-24 00:00:00+00:00,2.1164194813823665,713984.0,511496.0,714530231.5962585,,511496.0
2025-02-25 00:00:00+00:00,2.0450571925613175,837361.0,493632.0,807968795.7163497,,493632.0
2025-02-26 00:00:00+00:00,1.9371568882829036,827083.0,398655.0,862932663.9471062,,398655.0
2025-02-27 00:00:00+00:00,1.951252300853544,890859.0,326363.0,824457960.1429749,,326363.0
2025-02-28 00:00:00+00:00,1.9428821960052791,915297.0,388679.0,857436273.1666323,,388679.0
2025-03-01 00:00:00+00:00,1.979772195615528,796043.0,283151.0,791479639.2045212,,283151.0
2025-03-02 00:00:00+00:00,2.1723352788786894,691454.0,271285.0,692544684.3039559,,271285.0
2025-03-03 00:00:00+00:00,1.9890487557357124,804674.0,372983.0,824457960.1429749,,372983.0
2025-03-04 00:00:00+00:00,2.011926611190173,752956.0,302840.0,802472412.8506724,,302840.0
2025-03-05 00:00:00+00:00,2.085499742580572,735786.0,306253.0,736515778.8885611,,306253.0
2025-03-06 00:00:00+00:00,2.074588033844596,825264.0,372699.0,934385688.6896912,,372699.0
2025-03-07 00:00:00+00:00,1.990605455895191,863520.0,313867.0,780486865.5583698,,313867.0
2025-03-08 00:00:00+00:00,1.9817025600012972,673352.0,291511.0,753004935.4003898,,291511.0
2025-03-09 00:00:00+00:00,1.8553174468191107,664954.0,302935.0,878405393.0064901,,302935.0
2025-03-10 00:00:00+00:00,1.8183074680565463,800739.0,441520.0,858547238.6202688,,441520.0
2025-03-11 00:00:00+00:00,1.9029557814450992,782819.0,379790.0,769347526.0381613,,379790.0
2025-03-12 00:00:00+00:00,1.921883426993698,745460.0,432621.0,852972260.0961257,,432621.0
2025-03-13 00:00:00+00:00,1.864334615532672,764889.0,529277.0,886422155.3249063,,529277.0
2025-03-14 00:00:00+00:00,1.932035459333313,779781.0,441947.0,791647456.1906818,,441947.0
2025-03-15 00:00:00+00:00,1.9374873260847636,663845.0,472408.0,735897638.8373549,,472408.0
2025-03-16 00:00:00+00:00,1.894746119450727,682615.0,468961.0,808372399.791085,,468961.0
2025-03-17 00:00:00+00:00,1.929602895545638,777796.0,382454.0,780497491.1144215,,382454.0
2025-03-18 00:00:00+00:00,1.8989060236861497,728748.0,367012.0,791647456.1906818,,367012.0
2025-03-19 00:00:00+00:00,1.9911932421344407,757656.0,438484.0,847397281.5719827,,438484.0
2025-03-20 00:00:00+00:00,1.9298268037808353,813034.0,341253.0,791647456.1906818,,341253.0
2025-03-21 00:00:00+00:00,1.9281651540140552,769088.0,318682.0,808372399.791085,,318682.0
2025-03-22 00:00:00+00:00,1.9223588315764384,644074.0,412886.0,836247316.4957225,,412886.0
2025-03-23 00:00:00+00:00,1.966380986053732,610837.0,542672.0,876971228.9099866,,542672.0
2025-03-24 00:00:00+00:00,2.0008793939408274,809888.0,481825.0,870857127.4297616,,481825.0
2025-03-25 00:00:00+00:00,2.0026741040033817,725387.0,499703.0,842582547.0624223,,499703.0
2025-03-26 00:00:00+00:00,1.9885114032158295,759292.0,518025.0,859547301.7972896,,518025.0
2025-03-27 00:00:00+00:00,1.9967090941768977,778898.0,435123.0,836927634.2461863,,435123.0
2025-03-28 00:00:00+00:00,1.928282346209128,830965.0,395973.0,870857127.4297616,,395973.0
2025-03-29 00:00:00+00:00,1.8872433668233977,665765.0,292760.0,797343220.1032952,,292760.0
2025-03-30 00:00:00+00:00,1.8812161854306808,611195.0,303321.0,774723552.5521919,,303321.0
2025-03-31 00:00:00+00:00,1.8870880493017756,770064.0,319360.0,836927634.2461863,,319360.0
2025-04-01 00:00:00+00:00,1.950076686214192,807365.0,352343.0,763413718.7766402,,352343.0
2025-04-02 00:00:00+00:00,1.8882773504046593,769838.0,404621.0,972645623.2666469,,404621.0
2025-04-03 00:00:00+00:00,1.8941542618128036,792583.0,395213.0,859547301.7972896,,395213.0
2025-04-04 00:00:00+00:00,1.9126673444102584,820433.0,422793.0,1017884958.3688536,,422793.0
2025-04-05 00:00:00+00:00,1.9016833447333792,736838.0,294122.0,950907688.4520772,,294122.0
2025-04-06 00:00:00+00:00,1.780124063587888,645459.0,272974.0,875826844.1440289,,272974.0
2025-04-07 00:00:00+00:00,1.8128169226747144,791618.0,315963.0,875826844.1440289,,315963.0
2025-04-08 00:00:00+00:00,1.7439655745926916,736263.0,360926.0,924148329.2792509,,360926.0
2025-04-09 00:00:00+00:00,1.887230963523962,743091.0,320082.0,791264253.8552574,,320082.0
2025-04-10 00:00:00+00:00,1.8147281216378452,745006.0,315731.0,869786662.8510596,,315731.0
2025-04-11 00:00:00+00:00,1.9005276237422863,762968.0,412324.0,893947405.4186704,,412324.0
2025-04-12 00:00:00+00:00,1.9432833469455524,651244.0,413756.0,869786662.8510596,,413756.0
2025-04-13 00:00:00+00:00,1.9039218772421993,599557.0,448011.0,1038911843.4286025,,448011.0
2025-04-14 00:00:00+00:00,1.9262023235820704,731158.0,448201.0,899987586.7116399,,448201.0
2025-04-15 00:00:00+00:00,1.907137055165662,764894.0,435581.0,869786662.8510596,,435581.0
2025-04-16 00:00:00+00:00,1.9172708051026972,715957.0,512698.0,893947405.4186704,,512698.0
2025-04-17 00:00:00+00:00,1.9396573992306128,734302.0,555992.0,924148329.2792509,,555992.0
2025-04-18 00:00:00+00:00,1.9277993169752448,669757.0,512005.0,821465177.7158377,,512005.0
2025-04-19 00:00:00+00:00,1.943457271715672,618431.0,548341.0,847825370.5576408,,548341.0
2025-04-20 00:00:00+00:00,1.9426378432392224,563502.0,468036.0,753499805.3802222,,468036.0
2025-04-21 00:00:00+00:00,1.9927995689339313,680575.0,437926.0,771877846.40168,,437926.0
2025-04-22 00:00:00+00:00,2.1282639230663345,792265.0,514191.0,949532272.3473085,,514191.0
2025-04-23 00:00:00+00:00,2.1261098636422497,716670.0,425004.0,698365673.494388,,425004.0
2025-04-24 00:00:00+00:00,2.126194044694234,771761.0,460328.0,863768069.1518909,,460328.0
2025-04-25 00:00:00+00:00,2.1396892285629945,818112.0,385154.0,882146110.1733487,,385154.0
2025-04-26 00:00:00+00:00,2.136845488242962,636351.0,330013.0,814759947.9993888,,330013.0
2025-04-27 00:00:00+00:00,2.1163030783471615,614897.0,432684.0,827011978.2875142,,432684.0
2025-04-28 00:00:00+00:00,2.1414599497479094,801464.0,421997.0,863768069.1518909,,421997.0
2025-04-29 00:00:00+00:00,2.1164915940420426,738376.0,466125.0,894398140.4614741,,466125.0
2025-04-30 00:00:00+00:00,2.117664419217392,797218.0,344716.0,808633937.2660567,,344716.0
2025-05-01 00:00:00+00:00,2.1635056908519745,783416.0,330132.0,827011978.2875142,,330132.0
2025-05-02 00:00:00+00:00,2.1700257371132774,931165.0,380180.0,974036332.9235595,,380180.0
2025-05-03 00:00:00+00:00,2.148827641148182,686500.0,389316.0,998934428.304872,,389316.0
2025-05-04 00:00:00+00:00,2.1136160468529854,613491.0,345861.0,823060872.6106743,,345861.0
2025-05-05 00:00:00+00:00,2.1198315170018898,758965.0,401820.0,1036227716.8248532,,401820.0
2025-05-06 00:00:00+00:00,2.1566030190508583,787857.0,335143.0,817139566.6454616,,335143.0
2025-05-07 00:00:00+00:00,2.164177587122982,846613.0,343041.0,894116484.5065093,,343041.0
2025-05-08 00:00:00+00:00,2.2908345636251912,852697.0,371373.0,941486898.1215152,,371373.0
2025-05-09 00:00:00+00:00,2.2831068959043845,863281.0,335574.0,828982170.0492132,,335574.0
2025-05-10 00:00:00+00:00,2.317993015404475,664831.0,326973.0,888195187.0679704,,326973.0
2025-05-11 00:00:00+00:00,2.30314847924649,615305.0,280245.0,882273881.1027578,,280245.0
2025-05-12 00:00:00+00:00,2.276547512358493,758453.0,385997.0,858588674.2952548,,385997.0
2025-05-13 00:00:00+00:00,2.2970209363653464,808191.0,289432.0,769769161.5571294,,289432.0
2025-05-14 00:00:00+00:00,2.281735209781493,790244.0,325951.0,852667376.856716,,325951.0
2025-05-15 00:00:00+00:00,2.2793299047250057,754318.0,373943.0,864509980.2604675,,373943.0
2025-05-16 00:00:00+00:00,2.272925986368772,829195.0,365949.0,805296963.2417101,,365949.0
2025-05-17 00:00:00+00:00,2.263971398372875,740377.0,293931.0,853949349.7167878,,293931.0
2025-05-18 00:00:00+00:00,2.3240704676353836,601421.0,641273.0,979723251.2998109,,641273.0
2025-05-19 00:00:00+00:00,2.3094629533855167,718046.0,583361.0,852722091.9971637,,583361.0
2025-05-20 00:00:00+00:00,2.3328187609635207,739140.0,559405.0,895055811.7647128,,559405.0
2025-05-21 00:00:00+00:00,2.387132485847717,796779.0,424978.0,870865112.2664986,,424978.0
2025-05-22 00:00:00+00:00,2.4191148692725477,868642.0,471085.0,907151161.5138197,,471085.0
2025-05-23 00:00:00+00:00,2.325244185229265,809410.0,445109.0,937389531.532262,,445109.0
2025-05-24 00:00:00+00:00,2.33752306327879,644711.0,389251.0,852722091.9971637,,389251.0
2025-05-25 00:00:00+00:00,2.3575883785824456,625162.0,357724.0,913198832.0340477,,357724.0
2025-05-26 00:00:00+00:00,2.3615409622706873,745729.0,352991.0,925294181.7831548,,352991.0
2025-05-27 00:00:00+00:00,2.3483230152239982,706571.0,424640.0,852722091.9971637,,424640.0
2025-05-28 00:00:00+00:00,2.319565765914059,782052.0,540056.0,991818601.0489181,,540056.0
2025-05-29 00:00:00+00:00,2.269515917375292,765279.0,390670.0,961580231.030476,,390670.0
2025-05-30 00:00:00+00:00,2.2301710388100866,834229.0,389971.0,938712777.7441467,,389971.0
2025-05-31 00:00:00+00:00,2.2453195179282552,711975.0,300176.0,1016284108.9276665,,300176.0
2025-06-01 00:00:00+00:00,2.2668244854256177,689965.0,254662.0,839539042.158194,,254662.0
2025-06-02 00:00:00+00:00,2.2631740322455194,771787.0,348163.0,839539042.158194,,348163.0
2025-06-03 00:00:00+00:00,2.249049850630191,864048.0,360069.0,908974603.1294425,,360069.0
2025-06-04 00:00:00+00:00,2.2306295386760513,720304.0,332769.0,795352777.7382623,,332769.0
2025-06-05 00:00:00+00:00,2.1644219757163037,781431.0,321208.0,845851370.8408961,,321208.0
2025-06-06 00:00:00+00:00,2.221377259248508,781673.0,296656.0,845851370.8408961,,296656.0
2025-06-07 00:00:00+00:00,2.246857184421021,653737.0,290519.0,902662283.5364864,,290519.0
2025-06-08 00:00:00+00:00,2.2465926766265145,611460.0,323313.0,965785515.8250328,,323313.0
2025-06-09 00:00:00+00:00,2.3383291419548384,744523.0,354588.0,883725306.5781256,,354588.0
2025-06-10 00:00:00+00:00,2.331994320703792,824315.0,421700.0,1066782692.9405544,,421700.0
2025-06-11 00:00:00+00:00,2.299464902547621,755087.0,349470.0,890037635.2608279,,349470.0
2025-06-12 00:00:00+00:00,2.2419620475504862,780705.0,424933.0,934223899.6807597,,424933.0
2025-06-13 00:00:00+00:00,2.2394272436628913,811764.0,347897.0,915286922.7223988,,347897.0
2025-06-14 00:00:00+00:00,2.2271438246998114,631338.0,271851.0,949074580.5847822,,271851.0
2025-06-15 00:00:00+00:00,2.227219971359887,599893.0,281450.0,854616739.0187659,,281450.0
2025-06-16 00:00:00+00:00,2.258771912231857,722329.0,366746.0,917456210.4459593,,366746.0
2025-06-17 00:00:00+00:00,2.203207202646305,712578.0,359926.0,741505699.4987009,,359926.0
2025-06-18 00:00:00+00:00,2.20581725377894,751671.0,434037.0,879752527.5896434,,434037.0
2025-06-19 00:00:00+00:00,2.202308074044105,716269.0,307561.0,798061219.2587334,,307561.0
2025-06-20 00:00:00+00:00,2.1712340906871987,778947.0,353689.0,948875941.6351144,,353689.0
2025-06-21 00:00:00+00:00,2.1341088047568837,658427.0,310017.0,886036479.2568041,,310017.0
2025-06-22 00:00:00+00:00,2.119915228385861,595271.0,264346.0,672382294.5021127,,264346.0
2025-06-23 00:00:00+00:00,2.2134869832042123,691705.0,291899.0,672382294.5021127,,291899.0
2025-06-24 00:00:00+00:00,2.220349702793955,757208.0,279722.0,735221756.8804231,,279722.0
2025-06-25 00:00:00+00:00,2.2450664068043222,748961.0,387334.0,898604373.5422429,,387334.0
2025-06-26 00:00:00+00:00,2.234143825279254,764181.0,506745.0,986579624.4914305,,506745.0
2025-06-27 00:00:00+00:00,2.2307257878946083,731987.0,337361.0,722653862.5949843,,337361.0
2025-06-28 00:00:00+00:00,2.2355962704995864,636115.0,389138.0,911172258.7787983,,389138.0
2025-06-29 00:00:00+00:00,2.2551487868683586,545712.0,368982.0,992910582.8334957,,368982.0
2025-06-30 00:00:00+00:00,2.224449219216365,759866.0,342103.0,843035675.6364994,,342103.0
2025-07-01 00:00:00+00:00,2.190371437932748,796482.0,330384.0,779081252.2306603,,330384.0
2025-07-02 00:00:00+00:00,2.2572933277993874,794995.0,361066.0,889547992.7013456,,361066.0
2025-07-03 00:00:00+00:00,2.268221095554169,798168.0,364594.0,877919913.435134,,364594.0
2025-07-04 00:00:00+00:00,2.215345083660493,693948.0,365649.0,924432230.4999804,,365649.0
2025-07-05 00:00:00+00:00,2.218074557692169,561792.0,436219.0,912804151.2337689,,436219.0
2025-07-06 00:00:00+00:00,2.2363339967768048,613042.0,496239.0,930246265.9469781,,496239.0
2025-07-07 00:00:00+00:00,2.2137003448829926,686261.0,374019.0,877919913.435134,,374019.0
2025-07-08 00:00:00+00:00,2.2241472452865456,795709.0,342697.0,825593560.9232903,,342697.0
2025-07-09 00:00:00+00:00,2.268230580456622,779022.0,452381.0,953502424.4794011,,452381.0
2025-07-10 00:00:00+00:00,2.354601798397052,829216.0,434824.0,994200697.7250333,,434824.0
2025-07-11 00:00:00+00:00,2.38212290459618,845548.0,409674.0,872105877.9881365,,409674.0
2025-07-12 00:00:00+00:00,2.37341147249211,673470.0,394126.0,920455694.528146,,394126.0
2025-07-13 00:00:00+00:00,2.4017092198498973,655163.0,410972.0,859946007.0619582,,410972.0
2025-07-14 00:00:00+00:00,2.4125084332311304,797345.0,450093.0,910161827.211625,,450093.0
2025-07-15 00:00:00+00:00,2.364195114922196,753728.0,421980.0,1029424417.014924,,421980.0
2025-07-16 00:00:00+00:00,2.368875124533446,735726.0,402255.0,822284135.1705718,,402255.0
2025-07-17 00:00:00+00:00,2.374985804949236,811618.0,428846.0,853669023.8939697,,428846.0
2025-07-18 00:00:00+00:00,2.340384009446915,757713.0,449609.0,903884853.0824848,,449609.0
2025-07-19 00:00:00+00:00,2.336414214135971,655287.0,432190.0,891330895.785356,,432190.0
2025-07-20 00:00:00+00:00,2.323370138320551,625098.0,405387.0,935269741.8058826,,405387.0
2025-07-21 00:00:00+00:00,2.3218439654227243,733805.0,388565.0,941546724.9738712,,388565.0
2025-07-22 00:00:00+00:00,2.3670956161477066,730808.0,423231.0,941546724.9738712,,423231.0
2025-07-23 00:00:00+00:00,2.334400354595592,738717.0,365110.0,878776938.4882272,,365110.0
2025-07-24 00:00:00+00:00,2.3257901969225423,719805.0,408556.0,922715784.5087537,,408556.0
2025-07-25 00:00:00+00:00,2.304027155259395,749904.0,433467.0,1004316502.4206665,,433467.0
2025-07-26 00:00:00+00:00,2.3118305041157874,652309.0,571396.0,970368223.0482397,,571396.0
2025-07-27 00:00:00+00:00,2.338853962335245,615345.0,473722.0,869131964.3263081,,473722.0
2025-07-28 00:00:00+00:00,2.3084821087206895,728095.0,502425.0,919884190.6853193,,502425.0
2025-07-29 00:00:00+00:00,2.3014237166265827,715626.0,346511.0,710531242.1093704,,346511.0
2025-07-30 00:00:00+00:00,2.2955727612124828,733090.0,426989.0,869131964.3263081,,426989.0
2025-07-31 00:00:00+00:00,2.2576734658479,752871.0,477852.0,976980451.0488333,,477852.0
2025-08-01 00:00:00+00:00,2.2070884136924738,838177.0,399495.0,957948367.3061293,,399495.0
2025-08-02 00:00:00+00:00,2.1923149563631275,693800.0,307246.0,919884190.6853193,,307246.0
2025-08-03 00:00:00+00:00,2.2240971442941064,621756.0,289554.0,983324485.0533357,,289554.0
2025-08-04 00:00:00+00:00,2.2406311051894656,728238.0,451189.0,1084828946.9067595,,451189.0
2025-08-05 00:00:00+00:00,2.2178999959543497,798131.0,408980.0,875475989.1954089,,408980.0
2025-08-06 00:00:00+00:00,2.2349723954934775,838450.0,495331.0,913540165.8162187,,495331.0
2025-08-07 00:00:00+00:00,2.2781308995532936,810557.0,564678.0,1021388661.6741452,,564678.0
2025-08-08 00:00:00+00:00,2.2621480824612368,960615.0,474837.0,870936594.9483013,,474837.0
2025-08-09 00:00:00+00:00,2.2569920501462186,767705.0,377106.0,746374217.5096608,,377106.0
2025-08-10 00:00:00+00:00,2.307419605120224,651290.0,396369.0,868625162.136932,,396369.0
2025-08-11 00:00:00+00:00,2.296376996154095,760684.0,449439.0,945836284.5717696,,449439.0
2025-08-12 00:00:00+00:00,2.320647620011929,721420.0,365290.0,881493684.0869608,,365290.0
2025-08-13 00:00:00+00:00,2.379739102823155,753168.0,444797.0,1003744628.7142318,,444797.0
2025-08-14 00:00:00+00:00,2.282416006210002,803997.0,479810.0,1042350194.5643184,,479810.0
2025-08-15 00:00:00+00:00,2.25769289975179,734665.0,433563.0,862190905.7945851,,433563.0
2025-08-16 00:00:00+00:00,2.2532741501991906,642573.0,396105.0,978007594.0795093,,396105.0
2025-08-17 00:00:00+00:00,2.2553050008051305,569807.0,442159.0,978007594.0795093,,442159.0
2025-08-18 00:00:00+00:00,2.229656237704237,701698.0,482626.0,990876106.7642031,,482626.0
2025-08-19 00:00:00+00:00,2.162405961142789,670399.0,409590.0,862190905.7945851,,409590.0
2025-08-20 00:00:00+00:00,2.187593393945847,726389.0,424546.0,907230727.9870186,,424546.0
2025-08-21 00:00:00+00:00,2.150092222239415,702511.0,451619.0,958704806.5217984,,451619.0
2025-08-22 00:00:00+00:00,2.2309603181709265,767825.0,457298.0,939651300.6862693,,457298.0
2025-08-23 00:00:00+00:00,2.2012721767196215,662164.0,471882.0,980001773.7404907,,471882.0
2025-08-24 00:00:00+00:00,2.1673285045149835,610390.0,521558.0,1057370331.4047614,,521558.0
2025-08-25 00:00:00+00:00,2.101608862718138,705894.0,479193.0,909080592.0131477,,479193.0
2025-08-26 00:00:00+00:00,2.1348985660008872,710999.0,458661.0,967107012.5824077,,458661.0
2025-08-27 00:00:00+00:00,2.1218251202374474,703023.0,506732.0,967107012.5824077,,506732.0
2025-08-28 00:00:00+00:00,2.142789122023943,696912.0,580430.0,1025133433.1516676,,580430.0
2025-08-29 00:00:00+00:00,2.0585239707912053,777455.0,587838.0,1063817707.3416892,,587838.0
2025-08-30 00:00:00+00:00,2.063022252855391,633372.0,625477.0,1018686047.9305124,,625477.0
2025-08-31 00:00:00+00:00,2.054653984489101,579281.0,482257.0,851054171.4438878,,482257.0
2025-09-01 00:00:00+00:00,2.066472278033613,724476.0,597762.0,1038028194.3097504,,597762.0
2025-09-02 00:00:00+00:00,2.1061331661206095,741440.0,583102.0,1050922946.1836064,,583102.0
2025-09-03 00:00:00+00:00,2.117352868701102,757257.0,405522.0,883291069.6969818,,405522.0
2025-09-04 00:00:00+00:00,2.0988399671512,768977.0,400455.0,902633206.7919924,,400455.0
2025-09-05 00:00:00+00:00,2.0909910896315393,811569.0,414108.0,959168799.5148376,,414108.0
2025-09-06 00:00:00+00:00,2.081547548704114,613246.0,446745.0,946761024.1894389,,446745.0
2025-09-07 00:00:00+00:00,2.100795508587898,594567.0,580185.0,1041437124.66076,,580185.0
2025-09-08 00:00:00+00:00,2.114485395928852,732824.0,566372.0,1082012600.4648032,,566372.0
2025-09-09 00:00:00+00:00,2.1019000165432096,725526.0,618149.0,1129350650.700464,,618149.0
2025-09-10 00:00:00+00:00,2.145924375428194,687721.0,648787.0,1149638393.4715424,,648787.0
2025-09-11 00:00:00+00:00,2.171828406012249,722040.0,598534.0,1014386817.1961776,,598534.0
2025-09-12 00:00:00+00:00,2.1834524058125826,721666.0,397599.0,811509447.9140741,,397599.0
2025-09-13 00:00:00+00:00,2.178678922337634,684987.0,524450.0,953523608.3591692,,524450.0
2025-09-14 00:00:00+00:00,2.1673601179200923,646063.0,539763.0,1034674550.2291428,,539763.0
2025-09-15 00:00:00+00:00,2.1656665085615017,773239.0,534944.0,1102300333.4977684,,534944.0
2025-09-16 00:00:00+00:00,2.1888797241350617,747555.0,535330.0,1082012600.4648032,,535330.0
2025-09-17 00:00:00+00:00,2.1818070259413114,698218.0,362882.0,865610082.3194653,,362882.0
2025-09-18 00:00:00+00:00,2.188425256780357,729042.0,446237.0,1089165928.993784,,446237.0
2025-09-19 00:00:00+00:00,2.1584515968726663,759748.0,483134.0,1188749384.1862063,,483134.0
2025-09-20 00:00:00+00:00,2.1600824520314994,711626.0,492759.0,1082611043.2192636,,492759.0
2025-09-21 00:00:00+00:00,2.1511992423053936,660574.0,515795.0,1146294045.7615733,,515795.0
2025-09-22 00:00:00+00:00,2.1030843290113816,747221.0,456797.0,1061383379.1015872,,456797.0
2025-09-23 00:00:00+00:00,2.0884207525288683,674195.0,498707.0,1018928040.676954,,498707.0
2025-09-24 00:00:00+00:00,2.1098438050041244,682109.0,526277.0,1082611043.2192636,,526277.0
2025-09-25 00:00:00+00:00,2.0312424703115273,741811.0,426022.0,997700376.5592778,,426022.0
2025-09-26 00:00:00+00:00,2.039297742066763,728767.0,418111.0,934017374.016968,,418111.0
2025-09-27 00:00:00+00:00,2.0384097258593883,635310.0,523531.0,1096762822.6941414,,523531.0
2025-09-28 00:00:00+00:00,2.084398213626927,652543.0,637714.0,1167521709.8792496,,637714.0
2025-09-29 00:00:00+00:00,2.122720877587773,740289.0,449737.0,990624481.7271986,,449737.0
2025-09-30 00:00:00+00:00,2.112807213335253,745290.0,556139.0,1139218161.1187747,,556139.0
2025-10-01 00:00:00+00:00,2.186155026712077,885196.0,471120.0,1079018824.2422624,,471120.0
2025-10-02 00:00:00+00:00,2.221772196583208,804780.0,375898.0,1019764931.6764336,,375898.0
2025-10-03 00:00:00+00:00,2.249202943238196,797887.0,391675.0,884796043.0252874,,391675.0
2025-10-04 00:00:00+00:00,2.247639041410611,743257.0,426061.0,1004768398.0907606,,426061.0
2025-10-05 00:00:00+00:00,2.266766621760195,677933.0,520032.0,1117242464.7683752,,520032.0
2025-10-06 00:00:00+00:00,2.287145426879909,768110.0,426681.0,922287409.3820032,,426681.0
2025-10-07 00:00:00+00:00,2.2193474280974277,767705.0,430981.0,1034761476.0596178,,430981.0
2025-10-08 00:00:00+00:00,2.248606081441407,759929.0,431067.0,1109744197.9755385,,431067.0
2025-10-09 00:00:00+00:00,2.2125534313089377,719972.0,366723.0,899792587.4084715,,366723.0
2025-10-10 00:00:00+00:00,2.070562788244427,745662.0,415580.0,989771853.7075765,,415580.0
2025-10-11 00:00:00+00:00,2.0194789962614186,718136.0,450131.0,1102245920.385191,,450131.0
2025-10-12 00:00:00+00:00,2.0951257451651712,695884.0,463010.0,1087249376.0020068,,463010.0
2025-10-13 00:00:00+00:00,2.09746317757528,680803.0,489858.0,1139737286.741907,,489858.0
2025-10-14 00:00:00+00:00,2.056829337301677,706371.0,563809.0,1267207897.8027055,,563809.0
2025-10-15 00:00:00+00:00,2.0058910258061653,695775.0,484211.0,1079751109.2091703,,484211.0
2025-10-16 00:00:00+00:00,1.9578568178170297,740169.0,490450.0,1123253238.739343,,490450.0
2025-10-17 00:00:00+00:00,1.92928303157762,772447.0,485148.0,1159633835.7101064,,485148.0
2025-10-18 00:00:00+00:00,1.938149518377999,608801.0,564015.0,1203393595.9617257,,564015.0
2025-10-19 00:00:00+00:00,1.965929731213064,595209.0,437518.0,1013767943.6992388,,437518.0
2025-10-20 00:00:00+00:00,2.0002412420408935,679663.0,422448.0,1086700884.4535005,,422448.0
2025-10-21 00:00:00+00:00,1.9642552693241937,733522.0,437054.0,1093994184.8303332,,437054.0
2025-10-22 00:00:00+00:00,1.9422693938130509,695833.0,480827.0,1115874064.956143,,480827.0
2025-10-23 00:00:00+00:00,1.9838505829202953,679681.0,436183.0,1035647823.8250486,,436183.0
2025-10-24 00:00:00+00:00,2.0002399703642184,734616.0,565682.0,1305499727.7209735,,565682.0
2025-10-25 00:00:00+00:00,2.010123020095332,595504.0,502467.0,1166927125.5845947,,502467.0
2025-10-26 00:00:00+00:00,2.061141989497095,584836.0,521439.0,1072114294.2021794,,521439.0
2025-10-27 00:00:00+00:00,2.0506486983041583,726782.0,505599.0,1072114294.2021794,,505599.0
2025-10-28 00:00:00+00:00,2.0269852854220023,693980.0,526865.0,1181513715.835916,,526865.0
2025-10-29 00:00:00+00:00,1.9748570714184712,667087.0,395521.0,932047920.01226,,395521.0
2025-10-30 00:00:00+00:00,1.9325248327320044,708971.0,551534.0,1240553836.426268,,551534.0
2025-10-31 00:00:00+00:00,1.9596274069163773,723709.0,460460.0,1085484605.4773614,,460460.0
2025-11-01 00:00:00+00:00,1.9663440701835695,683092.0,387158.0,1069977681.2659724,,387158.0
2025-11-02 00:00:00+00:00,1.9727764696344197,575622.0,405694.0,1201786531.4802876,,405694.0
2025-11-03 00:00:00+00:00,1.9020882532144816,772175.0,452775.0,1100991529.6887505,,452775.0
2025-11-04 00:00:00+00:00,1.8116855886218344,779122.0,370080.0,1015703452.1086028,,370080.0
2025-11-05 00:00:00+00:00,1.857055734420492,747953.0,399776.0,1069977681.2659724,,399776.0
2025-11-06 00:00:00+00:00,1.8097201631689657,737224.0,414343.0,1085484605.4773614,,414343.0
2025-11-07 00:00:00+00:00,1.8428465053331913,752529.0,477171.0,1100991529.6887505,,477171.0
2025-11-08 00:00:00+00:00,1.8227583856026048,622449.0,351704.0,930415374.5284549,,351704.0
2025-11-09 00:00:00+00:00,1.8641651761462623,607063.0,467846.0,1093238073.165548,,467846.0
2025-11-10 00:00:00+00:00,1.8875443600732529,723219.0,451762.0,1085484605.4773614,,451762.0
2025-11-11 00:00:00+00:00,1.8318881974218433,717240.0,480595.0,1186279607.2688985,,480595.0
2025-11-12 00:00:00+00:00,1.8085099031300793,666761.0,452672.0,1085693709.7267337,,452672.0
2025-11-13 00:00:00+00:00,1.7800126434105843,715565.0,481822.0,1135417896.8857453,,481822.0
2025-11-14 00:00:00+00:00,1.6842606972655323,804891.0,484096.0,1090001177.5223117,,484096.0
2025-11-15 00:00:00+00:00,1.7025099652616345,735457.0,485232.0,1082431729.7450786,,485232.0
2025-11-16 00:00:00+00:00,1.6785525812642024,599175.0,582885.0,1203542970.4808896,,582885.0
2025-11-17 00:00:00+00:00,1.6392867114437717,722706.0,406170.0,938612123.8775448,,406170.0
2025-11-18 00:00:00+00:00,1.654516965238705,783873.0,321895.0,1006737197.4726892,,321895.0
2025-11-19 00:00:00+00:00,1.628739580213074,740835.0,359976.0,1037015010.381645,,359976.0
2025-11-20 00:00:00+00:00,1.5515619978194948,712914.0,357950.0,991598291.0182115,,357950.0
2025-11-21 00:00:00+00:00,1.5202473672522108,798210.0,416326.0,1142987344.6629784,,416326.0
2025-11-22 00:00:00+00:00,1.5063202250156789,653472.0,472844.0,1082431729.7450786,,472844.0
2025-11-23 00:00:00+00:00,1.5408129016405956,587259.0,318830.0,1074862271.067834,,318830.0
2025-11-24 00:00:00+00:00,1.5674035927405892,672046.0,399370.0,1082431729.7450786,,399370.0
2025-11-25 00:00:00+00:00,1.5507097680723907,673473.0,351642.0,870487050.2824004,,351642.0
2025-11-26 00:00:00+00:00,1.6019179596137352,719513.0,476755.0,1240799633.4969137,,476755.0
2025-11-27 00:00:00+00:00,1.6180110246025807,675201.0,404471.0,1061317862.9627872,,404471.0
2025-11-28 00:00:00+00:00,1.6124043653578792,703533.0,510984.0,1113270484.2052977,,510984.0
2025-11-29 00:00:00+00:00,1.609812435967487,630159.0,403759.0,1016787040.1746083,,403759.0
2025-11-30 00:00:00+00:00,1.605936798624271,601718.0,514580.0,1239441132.7407093,,514580.0
2025-12-01 00:00:00+00:00,1.533958697259218,737081.0,399941.0,987099824.9824892,,399941.0
2025-12-02 00:00:00+00:00,1.6233866164835693,743961.0,415283.0,942569002.1943104,,415283.0
2025-12-03 00:00:00+00:00,1.6594397707736588,716757.0,430832.0,979678026.5281577,,430832.0
2025-12-04 00:00:00+00:00,1.6346860768202705,693069.0,414769.0,979678026.5281577,,414769.0
2025-12-05 00:00:00+00:00,1.5845510954223283,712886.0,350006.0,883194582.4974686,,350006.0
2025-12-06 00:00:00+00:00,1.5825974776524672,615281.0,529256.0,1209753917.54859,,529256.0
2025-12-07 00:00:00+00:00,1.5985004613781386,545020.0,546753.0,1187488511.498199,,546753.0
2025-12-08 00:00:00+00:00,1.6096177386431436,666566.0,575607.0,1098426876.609238,,575607.0
2025-12-09 00:00:00+00:00,1.6469894512126808,668386.0,446113.0,957412609.7903701,,446113.0
2025-12-10 00:00:00+00:00,1.6325770870501284,689654.0,554922.0,1150379497.8517485,,554922.0
2025-12-11 00:00:00+00:00,1.6416453987249755,656012.0,475726.0,1179627150.3762481,,475726.0
2025-12-12 00:00:00+00:00,1.6020026597826391,761375.0,411109.0,1068190149.6701112,,411109.0
2025-12-13 00:00:00+00:00,1.6004071227927794,601306.0,500012.0,1053456501.7977912,,500012.0
2025-12-14 00:00:00+00:00,1.5625992937931457,564048.0,418597.0,942954068.4977605,,418597.0
2025-12-15 00:00:00+00:00,1.5334507834438562,663223.0,419887.0,987155043.9394195,,419887.0
2025-12-16 00:00:00+00:00,1.5583000660090016,696716.0,442553.0,1082923808.150664,,442553.0
2025-12-17 00:00:00+00:00,1.529104503632707,675987.0,451215.0,1016622350.2922922,,451215.0
2025-12-18 00:00:00+00:00,1.5183951212093736,725880.0,461224.0,1060823325.7339512,,461224.0
2025-12-19 00:00:00+00:00,1.5669393446155329,735738.0,433546.0,1068190149.6701112,,433546.0
2025-12-20 00:00:00+00:00,1.5699331395911071,613352.0,441258.0,1082923808.150664,,441258.0
2025-12-21 00:00:00+00:00,1.5740329131051052,565021.0,440054.0,1016622350.2922922,,440054.0
2025-12-22 00:00:00+00:00,1.5730377244463174,667969.0,426021.0,1023989184.8366852,,426021.0
2025-12-23 00:00:00+00:00,1.5534926720508595,672116.0,431814.0,1068190149.6701112,,431814.0
2025-12-24 00:00:00+00:00,1.5586263806194096,667297.0,503638.0,1171325759.0339823,,503638.0
2025-12-25 00:00:00+00:00,1.5515779428765888,562104.0,465274.0,1016989504.585422,,465274.0
2025-12-26 00:00:00+00:00,1.5547999122682277,613757.0,513354.0,1149714805.066739,,513354.0
2025-12-27 00:00:00+00:00,1.561130488616242,569638.0,475008.0,1002315469.4510928,,475008.0
2025-12-28 00:00:00+00:00,1.5623713813655935,572908.0,540696.0,1142344843.061695,,540696.0
2025-12-29 00:00:00+00:00,1.55184373281198,693511.0,548253.0,1134974870.4438992,,548253.0
2025-12-30 00:00:00+00:00,1.575194732866138,749500.0,366458.0,877026041.0760822,,366458.0
2025-12-31 00:00:00+00:00,1.5599368640000817,697063.0,407824.0,980205572.8232092,,407824.0
2026-01-01 00:00:00+00:00,1.5805666838787138,570904.0,469075.0,1112864973.8160155,,469075.0
2026-01-02 00:00:00+00:00,1.6028335346054856,702623.0,458150.0,1061275207.942452,,458150.0
2026-01-03 00:00:00+00:00,1.6144428345714437,618923.0,496980.0,1142344843.061695,,496980.0
2026-01-04 00:00:00+00:00,1.6278233718322608,629824.0,478738.0,1068645169.947496,,478738.0
2026-01-05 00:00:00+00:00,1.6729656061920013,687169.0,410199.0,972835610.8181651,,410199.0
2026-01-06 00:00:00+00:00,1.6656981847227377,698247.0,422822.0,958095676.1953253,,422822.0
2026-01-07 00:00:00+00:00,1.6234736025512655,644966.0,424312.0,1083385104.570336,,424312.0
2026-01-08 00:00:00+00:00,1.6216948371778772,631893.0,335049.0,964845793.9226341,,335049.0
2026-01-09 00:00:00+00:00,1.6124074298017157,664665.0,351155.0,1033929117.8333746,,351155.0
2026-01-10 00:00:00+00:00,1.6100132123879032,608784.0,492984.0,1179552938.5755997,,492984.0
2026-01-11 00:00:00+00:00,1.61585640170226,536405.0,289219.0,888305297.0911494,,289219.0
2026-01-12 00:00:00+00:00,1.6235117369511671,638422.0,405384.0,1033929117.8333746,,405384.0
2026-01-13 00:00:00+00:00,1.6956457102183624,701272.0,340763.0,982960782.1463331,,340763.0
2026-01-14 00:00:00+00:00,1.725258285011508,707589.0,326077.0,902867680.2138637,,326077.0
2026-01-15 00:00:00+00:00,1.698251329285832,717904.0,375169.0,1012085548.3917612,,375169.0
2026-01-16 00:00:00+00:00,1.6967501163466352,692686.0,362621.0,946554829.5820056,,362621.0
2026-01-17 00:00:00+00:00,1.6895599397740113,572689.0,354936.0,1084897453.520416,,354936.0
2026-01-18 00:00:00+00:00,1.6743922801666509,567075.0,332784.0,1019366734.7106606,,332784.0
2026-01-19 00:00:00+00:00,1.6436868798008475,623139.0,353668.0,1092178650.3242307,,353668.0
2026-01-20 00:00:00+00:00,1.5689223614895769,640908.0,386279.0,968398399.023619,,386279.0
2026-01-21 00:00:00+00:00,1.5933664347912715,698736.0,427046.0,997523165.269047,,427046.0
2026-01-22 00:00:00+00:00,1.5900557424434003,612517.0,464766.0,1162718505.7701015,,464766.0
2026-01-23 00:00:00+00:00,1.597227656500748,664123.0,437544.0,985930372.2169061,,437544.0
2026-01-24 00:00:00+00:00,1.5927055312322624,562317.0,284304.0,690151266.636433,,284304.0
2026-01-25 00:00:00+00:00,1.5441681672754624,555249.0,317176.0,760574860.3057843,,317176.0
2026-01-26 00:00:00+00:00,1.5779781705662028,635513.0,399372.0,873252616.2613451,,399372.0
2026-01-27 00:00:00+00:00,1.594258404220792,624246.0,365975.0,859167895.4992752,,365975.0
2026-01-28 00:00:00+00:00,1.5929682871962685,631786.0,342139.0,774659581.067854,,342139.0
2026-01-29 00:00:00+00:00,1.5108463744510503,681624.0,421064.0,901422057.7854848,,421064.0
2026-01-30 00:00:00+00:00,1.502794123367734,733411.0,383042.0,922549133.8580905,,383042.0
2026-01-31 00:00:00+00:00,1.409206961565977,702918.0,403447.0,971845651.4548361,,403447.0
2026-02-01 00:00:00+00:00,1.3779375282101733,613261.0,356739.0,838040819.4266695,,356739.0
2026-02-02 00:00:00+00:00,1.411272421681785,734473.0,354152.0,830998453.9751356,,354152.0
2026-02-03 00:00:00+00:00,1.3597906397012431,741467.0,435204.0,929591499.3096247,,435204.0
2026-02-04 00:00:00+00:00,1.315930750700471,704812.0,412289.0,1000015092.9789758,,412289.0
2026-02-05 00:00:00+00:00,1.1497951473288677,865167.0,384528.0,894379692.3339509,,384528.0
2026-02-06 00:00:00+00:00,1.2794885803917828,856992.0,407706.0,1021142169.0515816,,407706.0
2026-02-07 00:00:00+00:00,1.2542864998384384,645574.0,493708.0,1112468740.2429833,,493708.0
2026-02-08 00:00:00+00:00,1.278752679408799,555675.0,512816.0,1063649664.9870174,,512816.0
2026-02-09 00:00:00+00:00,1.274890122985872,682068.0,394855.0,1019852317.996721,,394855.0
2026-02-10 00:00:00+00:00,1.2481033012418763,624916.0,390874.0,900973830.4794544,,390874.0
2026-02-11 00:00:00+00:00,1.2182387788490885,659141.0,451472.0,982311747.7332362,,451472.0
2026-02-12 00:00:00+00:00,1.205655751536307,653355.0,494350.0,1107447002.9675756,,494350.0
2026-02-13 00:00:00+00:00,1.2543817127922632,684978.0,520762.0,944771168.4600127,,520762.0
2026-02-14 00:00:00+00:00,1.271428434942344,583422.0,550168.0,1038622612.1382018,,550168.0
2026-02-15 00:00:00+00:00,1.2503520156434709,532309.0,691973.0,1232582258.2019153,,691973.0
2026-02-16 00:00:00+00:00,1.2529918805039757,592609.0,529377.0,1094933476.5431678,,529377.0
2026-02-17 00:00:00+00:00,1.230359595565078,595445.0,661420.0,1032365844.4211287,,661420.0
2026-02-18 00:00:00+00:00,1.21146371466258,595919.0,505310.0,957284694.8844205,,505310.0
2026-02-19 00:00:00+00:00,1.221844787848528,616639.0,502602.0,1025228859.3917795,,502602.0
2026-02-20 00:00:00+00:00,1.2419474106076231,662947.0,417965.0,983397437.0251604,,417965.0
2026-02-21 00:00:00+00:00,1.2427727388908913,579813.0,344028.0,854191934.5012189,,344028.0
2026-02-22 00:00:00+00:00,1.234286313377275,525709.0,538994.0,1177205690.811073,,538994.0
2026-02-23 00:00:00+00:00,1.1831842972470235,684644.0,448909.0,1062356356.3827294,,448909.0
2026-02-24 00:00:00+00:00,1.1743319937937022,661423.0,568326.0,1184383769.690652,,568326.0
2026-02-25 00:00:00+00:00,1.2461229941727416,650235.0,481942.0,1119781018.4286811,,481942.0
2026-02-26 00:00:00+00:00,1.2368113915864163,693519.0,429268.0,1004931684.0003374,,429268.0
2026-02-27 00:00:00+00:00,1.2073254705520615,704075.0,411023.0,1012109773.2163564,,411023.0
2026-02-28 00:00:00+00:00,1.2275612619982268,640533.0,426230.0,1026465941.3119544,,426230.0
2026-03-01 00:00:00+00:00,1.2052481747995247,602506.0,464241.0,1069534435.2623082,,464241.0
2026-03-02 00:00:00+00:00,1.263760682233652,690831.0,420983.0,976219347.8091414,,420983.0
2026-03-03 00:00:00+00:00,1.2548907532524818,652464.0,377782.0,961863190.0499836,,377782.0
2026-03-04 00:00:00+00:00,1.3324599332646212,697294.0,382886.0,933150853.8587877,,382886.0
2026-03-05 00:00:00+00:00,1.3020998734899651,686708.0,459142.0,1193001934.3916588,,459142.0
2026-03-06 00:00:00+00:00,1.252787494903745,672019.0,446899.0,1052672433.1900944,,446899.0
2026-03-07 00:00:00+00:00,1.236301300128931,592224.0,435530.0,951731243.3842345,,435530.0
2026-03-08 00:00:00+00:00,1.2160004257646573,523172.0,457769.0,966151414.8397177,,457769.0
2026-03-09 00:00:00+00:00,1.258828872642114,627803.0,408602.0,994991747.3681616,,408602.0
2026-03-10 00:00:00+00:00,1.2838921987216931,649875.0,378570.0,994991747.3681616,,378570.0
2026-03-11 00:00:00+00:00,1.2926305604960422,629140.0,405045.0,1002201838.2871644,,405045.0
2026-03-12 00:00:00+00:00,1.297352966463531,640192.0,450856.0,930100981.0097485,,450856.0
2026-03-13 00:00:00+00:00,1.30454126489792,676568.0,401832.0,872420305.5703382,,401832.0
2026-03-14 00:00:00+00:00,1.3085611269402389,557544.0,441416.0,922890900.473268,,441416.0
2026-03-15 00:00:00+00:00,1.3372863065162932,534462.0,399359.0,901260648.4813046,,399359.0
2026-03-16 00:00:00+00:00,1.3736647820354706,701802.0,410501.0,901260648.4813046,,410501.0
2026-03-17 00:00:00+00:00,1.3620392217241302,679525.0,374546.0,915680809.5542653,,374546.0
2026-03-18 00:00:00+00:00,1.3108271207032423,625137.0,437912.0,1002201838.2871644,,437912.0
2026-03-19 00:00:00+00:00,1.2873233530441244,603884.0,442942.0,966151414.8397177,,442942.0
2026-03-20 00:00:00+00:00,1.2979134579553593,656663.0,422037.0,956085963.7654024,,422037.0
2026-03-21 00:00:00+00:00,1.2832286394689276,586709.0,490235.0,917823289.768721,,490235.0
2026-03-22 00:00:00+00:00,1.2516621596693465,545348.0,639039.0,1077444735.2152627,,639039.0
2026-03-23 00:00:00+00:00,1.3014094083299217,640101.0,530619.0,1064142947.2966102,,530619.0
2026-03-24 00:00:00+00:00,1.3002777489726736,587472.0,384088.0,831361682.6634102,,384088.0
2026-03-25 00:00:00+00:00,1.31291879231233,657017.0,514188.0,1017586694.3699702,,514188.0
2026-03-26 00:00:00+00:00,1.2664072256679189,623105.0,634223.0,1097397412.3045979,,634223.0
2026-03-27 00:00:00+00:00,1.221391534843414,640242.0,656575.0,1010935805.1992872,,656575.0
2026-03-28 00:00:00+00:00,1.2242821302425808,555352.0,776246.0,1157255453.1498902,,776246.0
2026-03-29 00:00:00+00:00,1.2173465160210977,513446.0,621290.0,957728653.5246779,,621290.0
2026-03-30 00:00:00+00:00,1.2307677885365405,631420.0,539789.0,904521501.8500684,,539789.0
2026-03-31 00:00:00+00:00,1.2594615926249517,630351.0,519911.0,904521501.8500684,,519911.0
2026-04-01 00:00:00+00:00,1.2578004357870882,697142.0,686646.0,1077444735.2152627,,686646.0
2026-04-02 00:00:00+00:00,1.2361570581529682,653581.0,501473.0,964379542.695361,,501473.0
2026-04-03 00:00:00+00:00,1.2360952901456137,647348.0,460217.0,900036039.4277529,,460217.0
2026-04-04 00:00:00+00:00,1.2435879583030514,546885.0,439257.0,828969678.3136718,,439257.0
2026-04-05 00:00:00+00:00,1.2731860065048008,496633.0,725843.0,1098384831.4750333,,725843.0
2026-04-06 00:00:00+00:00,1.270093812424762,608673.0,461763.0,884234328.1768136,,461763.0
2026-04-07 00:00:00+00:00,1.330703341528385,640745.0,539413.0,953315130.5581045,,539413.0
2026-04-08 00:00:00+00:00,1.3129220338742065,632101.0,560671.0,1022395942.8870316,,560671.0
2026-04-09 00:00:00+00:00,1.325828946125455,627910.0,579019.0,994763617.9554608,,579019.0
2026-04-10 00:00:00+00:00,1.3468426562660187,655019.0,453045.0,863510089.4519534,,453045.0
2026-04-11 00:00:00+00:00,1.3497406830177825,567547.0,472181.0,849693926.986168,,472181.0
2026-04-12 00:00:00+00:00,1.3049673347970956,523902.0,709385.0,1070752506.5434624,,709385.0
2026-04-13 00:00:00+00:00,1.3770482398402828,631173.0,631372.0,1022395942.8870316,,631372.0
2026-04-14 00:00:00+00:00,1.3687529040183417,648935.0,609752.0,1132925232.6656787,,609752.0
2026-04-15 00:00:00+00:00,1.3796263886883915,648996.0,461922.0,863510089.4519534,,461922.0
2026-04-16 00:00:00+00:00,1.3856258612153995,642428.0,643440.0,1050028267.8186024,,643440.0
2026-04-17 00:00:00+00:00,1.4223235153878984,666008.0,548624.0,967334466.916483,,548624.0
2026-04-18 00:00:00+00:00,1.3980047368399022,571160.0,690658.0,1031290054.5634836,,690658.0
2026-04-19 00:00:00+00:00,1.3634656752952106,510705.0,733999.0,1064992341.7713568,,733999.0
2026-04-20 00:00:00+00:00,1.3987305546501194,630657.0,551469.0,876259525.6422594,,551469.0
2026-04-21 00:00:00+00:00,1.4040391749892125,627674.0,532601.0,909961812.8501325,,532601.0
2026-04-22 00:00:00+00:00,1.4451816880881303,658718.0,535489.0,882999979.2013302,,535489.0
2026-04-23 00:00:00+00:00,1.4435180102987248,624801.0,449644.0,815595404.7855839,,449644.0
2026-04-24 00:00:00+00:00,1.4313054086958685,669638.0,590597.0,1004328220.9146812,,590597.0
2026-04-25 00:00:00+00:00,1.4345741475645932,548575.0,589115.0,943664100.0580056,,589115.0
2026-04-26 00:00:00+00:00,1.4512399107371685,527244.0,704204.0,1004328220.9146812,,704204.0
2026-04-27 00:00:00+00:00,1.4274966444382788,639267.0,577862.0,930183183.2336047,,577862.0
2026-04-28 00:00:00+00:00,1.4098968122284417,624691.0,574615.0,936923646.4989349,,574615.0
2026-04-29 00:00:00+00:00,1.4012950588480768,631076.0,373961.0,856038145.552528,,373961.0
2026-04-30 00:00:00+00:00,1.4109087161770764,685346.0,413668.0,943664100.0580056,,413668.0
2026-05-01 00:00:00+00:00,1.4441109410626063,751425.0,597457.0,1064992341.7713568,,597457.0
2026-05-02 00:00:00+00:00,1.4546787719928145,620486.0,529423.0,896831740.5704167,,529423.0
2026-05-03 00:00:00+00:00,1.4532128991393036,583469.0,596099.0,1000953351.3604596,,596099.0
2026-05-04 00:00:00+00:00,1.4734139625232838,722079.0,567474.0,981197686.8712952,,567474.0
2026-05-05 00:00:00+00:00,1.49326488273632,721256.0,589261.0,987782911.5285887,,589261.0
2026-05-06 00:00:00+00:00,1.5007289347155643,727700.0,531510.0,928515937.0265276,,531510.0
2026-05-07 00:00:00+00:00,1.4754077327071486,759390.0,526484.0,935101152.2011052,,526484.0
2026-05-08 00:00:00+00:00,1.4788069377076725,677277.0,586249.0,968027247.0394245,,586249.0
2026-05-09 00:00:00+00:00,1.4875564619691928,818423.0,830362.0,1126072515.539159,,830362.0
2026-05-10 00:00:00+00:00,1.5165762999799848,525874.0,726220.0,987782911.5285887,,726220.0
2026-05-11 00:00:00+00:00,1.5062797314103844,615823.0,778049.0,1086561196.0435464,,778049.0
2026-05-12 00:00:00+00:00,1.4843434176790684,612683.0,593259.0,882419402.3563375,,593259.0
2026-05-13 00:00:00+00:00,1.4616979219598496,643577.0,616272.0,915345497.194657,,616272.0
2026-05-14 00:00:00+00:00,1.496291810555883,633568.0,675554.0,994368126.7031661,,675554.0
2026-05-15 00:00:00+00:00,1.4576482075977495,669184.0,622005.0,964723444.1105753,,622005.0
2026-05-16 00:00:00+00:00,1.4411207320741923,572496.0,682779.0,1025406922.0646992,,682779.0
2026-05-17 00:00:00+00:00,1.4288785719516937,564015.0,605327.0,950708403.3976227,,605327.0
2026-05-18 00:00:00+00:00,1.419569255459985,639384.0,603780.0,950708403.3976227,,603780.0
2026-05-19 00:00:00+00:00,1.4170368263075273,631608.0,619635.0,964289953.135156,,619635.0
2026-05-20 00:00:00+00:00,1.4282474320399443,648310.0,666800.0,1032197701.8228234,,666800.0
2026-05-21 00:00:00+00:00,1.4318398636638516,630942.0,543303.0,862428334.9930127,,543303.0
2026-05-22 00:00:00+00:00,1.3951977957217805,671333.0,713572.0,1059360791.5191752,,713572.0
2026-05-23 00:00:00+00:00,1.4145646606056597,573855.0,729353.0,1113686990.469309,,729353.0
2026-05-24 00:00:00+00:00,1.4206921481906591,488204.0,627984.0,889591434.4680796,,627984.0
2026-05-25 00:00:00+00:00,1.425980680386381,608973.0,781457.0,1120477760.4487183,,781457.0
2026-05-26 00:00:00+00:00,1.4000760710265765,625482.0,626622.0,943917633.4182135,,626622.0
2026-05-27 00:00:00+00:00,1.3720698989749525,608435.0,646713.0,950708403.3976227,,646713.0
2026-05-28 00:00:00+00:00,1.359302863594602,622022.0,783577.0,1100105440.7317758,,783577.0
2026-05-29 00:00:00+00:00,1.3570300412340588,669839.0,634214.0,960163852.3585033,,634214.0
2026-05-30 00:00:00+00:00,1.3648020345772152,573532.0,657986.0,980866172.3203555,,657986.0
2026-05-31 00:00:00+00:00,1.3623994613070085,535317.0,715768.0,994681189.9526772,,715768.0
2026-06-01 00:00:00+00:00,1.321374781897173,703973.0,556953.0,932513615.5806348,,556953.0
2026-06-02 00:00:00+00:00,1.23601499491039,652731.0,435693.0,759825910.0968298,,435693.0
2026-06-03 00:00:00+00:00,1.1956320534404263,677654.0,426100.0,746010892.464508,,426100.0
2026-06-04 00:00:00+00:00,1.1858932878748485,705263.0,589059.0,980866172.3203555,,589059.0
2026-06-05 00:00:00+00:00,1.1367970410942183,724204.0,568562.0,932513615.5806348,,568562.0
2026-06-06 00:00:00+00:00,1.1346458274405713,617500.0,537071.0,842716005.943949,,537071.0
2026-06-07 00:00:00+00:00,1.178976675309288,523362.0,551253.0,808178466.8365502,,551253.0
2026-06-08 00:00:00+00:00,1.1785132598364798,623204.0,573611.0,877253545.0513475,,573611.0
2026-06-09 00:00:00+00:00,1.1517566167396358,595000.0,576386.0,856531023.5762707,,576386.0
2026-06-10 00:00:00+00:00,1.148835844703938,618722.0,566110.0,870346041.2085927,,566110.0
2026-06-11 00:00:00+00:00,1.1875449707608752,639861.0,628815.0,932513615.5806348,,628815.0
2026-06-12 00:00:00+00:00,1.1877855212466688,688598.0,660151.0,1015403711.427754,,660151.0
2026-06-13 00:00:00+00:00,1.205481911068106,547731.0,541792.0,854439838.152652,,541792.0
2026-06-14 00:00:00+00:00,1.2276315476665296,534169.0,730021.0,906725183.392705,,730021.0
2026-06-15 00:00:00+00:00,1.2393546167038156,663373.0,713083.0,931566971.1991992,,713083.0
2026-06-16 00:00:00+00:00,1.2287326760856152,642395.0,786217.0,1006092325.6756397,,786217.0
2026-06-17 00:00:00+00:00,1.2059072762898515,619157.0,600431.0,819778935.0130172,,600431.0
2026-06-18 00:00:00+00:00,1.1772253837760067,654630.0,814960.0,1024723662.0589892,,814960.0
2026-06-19 00:00:00+00:00,1.186374409712872,611813.0,751132.0,937777413.6793016,,751132.0
2026-06-20 00:00:00+00:00,1.2034610271445665,541078.0,773705.0,962619201.4857962,,773705.0
2026-06-21 00:00:00+00:00,1.186796520860484,514984.0,672668.0,832199828.9162643,,672668.0
2026-06-22 00:00:00+00:00,1.197421605598321,601216.0,774635.0,968829643.965898,,774635.0
2026-06-23 00:00:00+00:00,1.1731976651833003,620829.0,861296.0,1074407237.671978,,861296.0
2026-06-24 00:00:00+00:00,1.1423253250449799,629642.0,751457.0,962619201.4857962,,751457.0
2026-06-25 00:00:00+00:00,1.12407957629493,683523.0,799315.0,1055775901.2886288,,799315.0
2026-06-26 00:00:00+00:00,1.1270469384410169,662457.0,710902.0,962619201.4857962,,710902.0
2026-06-27 00:00:00+00:00,1.127011418515148,592251.0,826554.0,1113992357.1239765,,826554.0
2026-06-28 00:00:00+00:00,1.1189318202539256,537835.0,618279.0,858457137.2107625,,618279.0
2026-06-29 00:00:00+00:00,1.1322838457186375,659557.0,530497.0,831838318.6049633,,530497.0
2026-06-30 00:00:00+00:00,1.1027805682008869,722749.0,626708.0,991551268.5708677,,626708.0
2026-07-01 00:00:00+00:00,1.1321108720363224,742127.0,609267.0,951623035.8707805,,609267.0
2026-07-02 00:00:00+00:00,1.1581855624958048,702851.0,539658.0,871766551.3050507,,539658.0
2026-07-03 00:00:00+00:00,1.1792987088316838,698135.0,686915.0,1004860682.665156,,686915.0
2026-07-04 00:00:00+00:00,1.1891572189350943,550009.0,769219.0,1024824799.0151995,,769219.0
2026-07-05 00:00:00+00:00,1.1990647636450065,501335.0,636006.0,851802434.9550071,,636006.0
2026-07-06 00:00:00+00:00,1.2073954618124445,613733.0,507339.0,771945959.9720548,,507339.0
2026-07-07 00:00:00+00:00,1.196288648174336,641947.0,631230.0,931658909.9379592,,631230.0
2026-07-08 00:00:00+00:00,1.1731707452338487,611138.0,597694.0,885075965.3993391,,597694.0
2026-07-09 00:00:00+00:00,1.1916595724436172,619969.0,559601.0,831838318.6049633,,559601.0
2026-07-10 00:00:00+00:00,1.2097400850398004,634002.0,579527.0,865111849.0492953,,579527.0
2026-07-11 00:00:00+00:00,1.2054984500945254,557508.0,677240.0,913015248.272411,,677240.0
2026-07-12 00:00:00+00:00,1.2028364345302107,490823.0,764256.0,910321900.5977669,,764256.0
2026-07-13 00:00:00+00:00,1.174318418220534,624343.0,706707.0,929286937.1591471,,706707.0
2026-07-14 00:00:00+00:00,1.2276267731645216,639375.0,739142.0,973538695.2045144,,739142.0
2026-07-15 00:00:00+00:00,1.2245682153726964,638699.0,558000.0,885035179.1137801,,558000.0
2026-07-16 00:00:00+00:00,1.2064208959075768,621188.0,536593.0,764923265.7196722,,536593.0
2026-07-17 00:00:00+00:00,1.2091270996686685,629901.0,577557.0,802853338.8424331,,577557.0
2026-07-18 00:00:00+00:00,1.225397192666522,579482.0,864354.0,1049398859.6564744,,864354.0
2026-07-19 00:00:00+00:00,1.2229930312358035,517259.0,898384.0,1043077174.733868,,898384.0
2026-07-20 00:00:00+00:00,1.2327473883123754,612420.0,730484.0,922965261.33976,,730484.0
2026-07-21 00:00:00+00:00,1.2553791423473124,634153.0,651218.0,872391818.3717868,,651218.0
2026-07-22 00:00:00+00:00,1.2476042702123693,624603.0,497232.0,726993183.4936922,,497232.0
2026-07-23 00:00:00+00:00,1.230958318826041,628670.0,611799.0,834461745.249026,,611799.0
2026-07-24 00:00:00+00:00,1.2125716215451372,689082.0,729761.0,973538695.2045144,,729761.0
2026-07-25 00:00:00+00:00,1.2164163415587756,564960.0,696377.0,872065075.0995656,,696377.0
2026-07-26 00:00:00+00:00,1.2352156606776297,569782.0,760079.0,916150330.2022573,,760079.0
2026-07-27 00:00:00+00:00,1.2052013444237608,635071.0,689945.0,865950308.147995,,689945.0
2026-07-28 00:00:00+00:00,1.205490199335648,628552.0,561079.0,796925282.3413862,,561079.0
2026-07-29 00:00:00+00:00,1.2088544364298526,604146.0,672610.0,897325326.4499104,,672610.0
2026-07-30 00:00:00+00:00,1.2262799635545538,666081.0,699087.0,960075344.9817349,,699087.0
2026-07-31 00:00:00+00:00,1.189970381191086,967546.0,607581.0,985175356.008866,,607581.0
2026-08-01 00:00:00+00:00,1.1887286460199475,806292.0,744053.0,1029100370.7883435,,744053.0
2026-08-02 00:00:00+00:00,1.201895276659115,653981.0,675558.0,903600324.6886917,,675558.0
2026-08-03 00:00:00+00:00,1.2028012046866425,741819.0,702879.0,941250341.229388,,702879.0
2026-08-04 00:00:00+00:00,1.2162144313735614,684692.0,619401.0,884775320.936345,,619401.0
2026-08-05 00:00:00+00:00,1.2251059832401532,730433.0,608260.0,891050319.1751261,,608260.0
2026-08-06 00:00:00+00:00,1.2175780136267051,678177.0,541604.0,803200289.6161708,,541604.0
2026-08-07 00:00:00+00:00,1.2302038699452365,709925.0,717791.0,991450354.2476469,,717791.0
2026-08-08 00:00:00+00:00,1.2308097221233911,621521.0,658026.0,898876720.0592811,,658026.0
2026-08-09 00:00:00+00:00,1.2301135746614489,520129.0,740534.0,906199297.8955106,,740534.0
2026-08-10 00:00:00+00:00,1.2122143561693552,650586.0,630221.0,880851063.8721335,,630221.0
2026-08-11 00:00:00+00:00,1.2056671434624349,609039.0,607154.0,817480478.8136902,,607154.0
2026-08-12 00:00:00+00:00,1.2025578842369824,646051.0,652466.0,893525180.883822,,652466.0
2026-08-13 00:00:00+00:00,1.2034349432766869,650606.0,682308.0,925210468.8503617,,682308.0
2026-08-14 00:00:00+00:00,1.1947029600977743,660290.0,694968.0,944221639.805213,,694968.0
2026-08-15 00:00:00+00:00,1.1968106310165283,564175.0,723981.0,918873405.7818357,,723981.0
2026-08-16 00:00:00+00:00,1.1930314938000863,541863.0,825829.0,1020266341.8753448,,825829.0
2026-08-17 00:00:00+00:00,1.2236699946656513,680154.0,755423.0,1001255161.79513,,755423.0
2026-08-18 00:00:00+00:00,1.2289337251062162,642144.0,709130.0,944221639.805213,,709130.0
2026-08-19 00:00:00+00:00,1.3153366802811952,649780.0,536337.0,779458136.9039879,,536337.0
2026-08-20 00:00:00+00:00,1.3860716250273328,721893.0,514184.0,804806361.8020016,,514184.0
2026-08-21 00:00:00+00:00,1.4837222213757244,779671.0,534986.0,868176946.8604448,,534986.0
2026-08-22 00:00:00+00:00,1.457789242610116,634723.0,709046.0,937551968.6517192,,709046.0
2026-08-23 00:00:00+00:00,1.46827076853139,534757.0,701899.0,850530898.7183248,,701899.0
2026-08-24 00:00:00+00:00,1.4906241300604754,663383.0,637413.0,888054323.8990586,,637413.0
2026-08-25 00:00:00+00:00,1.4841414889259588,673531.0,618688.0,888054323.8990586,,618688.0
2026-08-26 00:00:00+00:00,1.4897680338170813,647067.0,724379.0,950593365.8669479,,724379.0
2026-08-27 00:00:00+00:00,1.5141302388161948,656799.0,688383.0,913069940.6862142,,688383.0
2026-08-28 00:00:00+00:00,1.4651371083208935,676953.0,575451.0,825515290.9367903,,575451.0
2026-08-29 00:00:00+00:00,1.4749970333791464,567148.0,737931.0,913069940.6862142,,737931.0
2026-08-30 00:00:00+00:00,1.4644329798692255,543695.0,869586.0,1019386298.523194,,869586.0
2026-08-31 00:00:00+00:00,1.4796409564924895,665835.0,699284.0,950593365.8669479,,699284.0
2026-09-01 00:00:00+00:00,1.4582915280644972,677321.0,622703.0,888054323.8990586,,622703.0
2026-09-02 00:00:00+00:00,1.4540047264410356,659394.0,583884.0,856784807.4179245,,583884.0
2026-09-03 00:00:00+00:00,1.5290840959037995,671828.0,721418.0,1000624590.435638,,721418.0
2026-09-04 00:00:00+00:00,1.4994772602283517,707560.0,606596.0,894308232.5986581,,606596.0
2026-09-05 00:00:00+00:00,1.5014873871529573,580706.0,734764.0,927947322.4043229,,734764.0
2026-09-06 00:00:00+00:00,1.510496045367412,550647.0,893036.0,1045376161.9707304,,893036.0
2026-09-07 00:00:00+00:00,1.486935906918574,599773.0,695588.0,880650225.8858426,,695588.0
2026-09-08 00:00:00+00:00,1.4749397123779049,604102.0,634799.0,842636544.1170456,,634799.0
2026-09-09 00:00:00+00:00,1.470283096022392,639959.0,761212.0,1020033716.581482,,761212.0
2026-09-10 00:00:00+00:00,1.4412738778959073,639221.0,628831.0,848972162.3068198,,628831.0
2026-09-11 00:00:00+00:00,1.450646104253558,682493.0,762456.0,1020033716.581482,,762456.0
2026-09-12 00:00:00+00:00,1.451919484146061,570535.0,790836.0,994691262.0689509,,790836.0
2026-09-13 00:00:00+00:00,1.4425969688432871,557000.0,781593.0,956677580.3001536,,781593.0
2026-09-14 00:00:00+00:00,1.4708720897628087,643814.0,715786.0,950341971.2336624,,715786.0
2026-09-15 00:00:00+00:00,1.4217417114153472,637966.0,818393.0,1032704934.7144648,,818393.0
2026-09-16 00:00:00+00:00,1.4299286407994745,617495.0,652514.0,861643380.4398025,,652514.0
2026-09-17 00:00:00+00:00,1.4358494332162952,652441.0,647901.0,905992680.3983741,,647901.0
2026-09-18 00:00:00+00:00,1.5201481085097208,681346.0,717757.0,963013198.489928,,717757.0
2026-09-19 00:00:00+00:00,1.525664629301578,586590.0,597042.0,827043889.8213772,,597042.0
2026-09-20 00:00:00+00:00,1.5241896654514715,564511.0,803174.0,1016306042.904234,,803174.0
2026-09-21 00:00:00+00:00,1.6209607997541753,711168.0,633966.0,983309095.4339658,,633966.0
2026-09-22 00:00:00+00:00,1.6121513106878018,661338.0,618756.0,917315200.4934295,,618756.0
2026-09-23 00:00:00+00:00,1.5785960551637932,628005.0,582016.0,851321296.0497721,,582016.0
2026-09-24 00:00:00+00:00,1.577304652515512,638874.0,637210.0,923914586.1862348,,637210.0
2026-09-25 00:00:00+00:00,1.5704997524563802,671438.0,600211.0,884318253.0231616,,600211.0
2026-09-26 00:00:00+00:00,1.5762645647355815,598476.0,758249.0,1016306042.904234,,758249.0
2026-09-27 00:00:00+00:00,1.5761995497530064,558771.0,752965.0,963510928.8524292,,752965.0
2026-09-28 00:00:00+00:00,1.5588616675432228,696094.0,776834.0,1088899333.0406964,,776834.0
2026-09-29 00:00:00+00:00,1.561016184202416,680492.0,742152.0,1049302999.8776234,,742152.0
2026-09-30 00:00:00+00:00,1.5589841836602303,719874.0,596962.0,930513981.3821613,,596962.0
2026-10-01 00:00:00+00:00,1.580581704523888,712825.0,537656.0,897517024.4087716,,537656.0
2026-10-02 00:00:00+00:00,1.574737386059324,736514.0,596770.0,930513981.3821613,,596770.0
2026-10-03 00:00:00+00:00,1.578908906532432,633419.0,619841.0,884134504.0369,,619841.0
2026-10-04 00:00:00+00:00,1.6110653089156863,549065.0,720871.0,943420805.5483648,,720871.0
2026-10-05 00:00:00+00:00,1.5967297200534236,660864.0,903047.0,1167730645.3675172,,903047.0
2026-10-06 00:00:00+00:00,,,,,132716002350731.3,
